,x,y,u (m/s),v (m/s),p (Pa),mask
0,0.0,0.0,,,,False
1,0.015873015873015872,0.0,,,,False
2,0.031746031746031744,0.0,,,,False
3,0.047619047619047616,0.0,,,,False
4,0.06349206349206349,0.0,,,,False
5,0.07936507936507936,0.0,,,,False
6,0.09523809523809523,0.0,,,,False
7,0.1111111111111111,0.0,,,,False
8,0.12698412698412698,0.0,,,,False
9,0.14285714285714285,0.0,,,,False
10,0.15873015873015872,0.0,,,,False
11,0.1746031746031746,0.0,,,,False
12,0.19047619047619047,0.0,,,,False
13,0.20634920634920634,0.0,,,,False
14,0.2222222222222222,0.0,,,,False
15,0.23809523809523808,0.0,,,,False
16,0.25396825396825395,0.0,,,,False
17,0.2698412698412698,0.0,,,,False
18,0.2857142857142857,0.0,,,,False
19,0.30158730158730157,0.0,,,,False
20,0.31746031746031744,0.0,,,,False
21,0.3333333333333333,0.0,,,,False
22,0.3492063492063492,0.0,,,,False
23,0.36507936507936506,0.0,,,,False
24,0.38095238095238093,0.0,,,,False
25,0.3968253968253968,0.0,,,,False
26,0.4126984126984127,0.0,,,,False
27,0.42857142857142855,0.0,,,,False
28,0.4444444444444444,0.0,,,,False
29,0.4603174603174603,0.0,,,,False
30,0.47619047619047616,0.0,,,,False
31,0.49206349206349204,0.0,,,,False
32,0.5079365079365079,0.0,,,,False
33,0.5238095238095237,0.0,,,,False
34,0.5396825396825397,0.0,,,,False
35,0.5555555555555556,0.0,,,,False
36,0.5714285714285714,0.0,,,,False
37,0.5873015873015872,0.0,,,,False
38,0.6031746031746031,0.0,,,,False
39,0.6190476190476191,0.0,,,,False
40,0.6349206349206349,0.0,,,,False
41,0.6507936507936507,0.0,,,,False
42,0.6666666666666666,0.0,,,,False
43,0.6825396825396826,0.0,,,,False
44,0.6984126984126984,0.0,,,,False
45,0.7142857142857142,0.0,,,,False
46,0.7301587301587301,0.0,,,,False
47,0.746031746031746,0.0,,,,False
48,0.7619047619047619,0.0,,,,False
49,0.7777777777777777,0.0,,,,False
50,0.7936507936507936,0.0,,,,False
51,0.8095238095238095,0.0,,,,False
52,0.8253968253968254,0.0,,,,False
53,0.8412698412698412,0.0,,,,False
54,0.8571428571428571,0.0,,,,False
55,0.873015873015873,0.0,,,,False
56,0.8888888888888888,0.0,,,,False
57,0.9047619047619047,0.0,,,,False
58,0.9206349206349206,0.0,,,,False
59,0.9365079365079365,0.0,,,,False
60,0.9523809523809523,0.0,,,,False
61,0.9682539682539681,0.0,,,,False
62,0.9841269841269841,0.0,,,,False
63,1.0,0.0,,,,False
64,0.0,0.015873015873015872,,,,False
65,0.015873015873015872,0.015873015873015872,,,,False
66,0.031746031746031744,0.015873015873015872,,,,False
67,0.047619047619047616,0.015873015873015872,,,,False
68,0.06349206349206349,0.015873015873015872,,,,False
69,0.07936507936507936,0.015873015873015872,,,,False
70,0.09523809523809523,0.015873015873015872,,,,False
71,0.1111111111111111,0.015873015873015872,,,,False
72,0.12698412698412698,0.015873015873015872,,,,False
73,0.14285714285714285,0.015873015873015872,,,,False
74,0.15873015873015872,0.015873015873015872,,,,False
75,0.1746031746031746,0.015873015873015872,,,,False
76,0.19047619047619047,0.015873015873015872,,,,False
77,0.20634920634920634,0.015873015873015872,,,,False
78,0.2222222222222222,0.015873015873015872,,,,False
79,0.23809523809523808,0.015873015873015872,,,,False
80,0.25396825396825395,0.015873015873015872,,,,False
81,0.2698412698412698,0.015873015873015872,,,,False
82,0.2857142857142857,0.015873015873015872,,,,False
83,0.30158730158730157,0.015873015873015872,,,,False
84,0.31746031746031744,0.015873015873015872,,,,False
85,0.3333333333333333,0.015873015873015872,,,,False
86,0.3492063492063492,0.015873015873015872,,,,False
87,0.36507936507936506,0.015873015873015872,,,,False
88,0.38095238095238093,0.015873015873015872,,,,False
89,0.3968253968253968,0.015873015873015872,,,,False
90,0.4126984126984127,0.015873015873015872,,,,False
91,0.42857142857142855,0.015873015873015872,,,,False
92,0.4444444444444444,0.015873015873015872,,,,False
93,0.4603174603174603,0.015873015873015872,,,,False
94,0.47619047619047616,0.015873015873015872,,,,False
95,0.49206349206349204,0.015873015873015872,,,,False
96,0.5079365079365079,0.015873015873015872,,,,False
97,0.5238095238095237,0.015873015873015872,,,,False
98,0.5396825396825397,0.015873015873015872,,,,False
99,0.5555555555555556,0.015873015873015872,,,,False
100,0.5714285714285714,0.015873015873015872,,,,False
101,0.5873015873015872,0.015873015873015872,,,,False
102,0.6031746031746031,0.015873015873015872,,,,False
103,0.6190476190476191,0.015873015873015872,,,,False
104,0.6349206349206349,0.015873015873015872,,,,False
105,0.6507936507936507,0.015873015873015872,,,,False
106,0.6666666666666666,0.015873015873015872,,,,False
107,0.6825396825396826,0.015873015873015872,,,,False
108,0.6984126984126984,0.015873015873015872,,,,False
109,0.7142857142857142,0.015873015873015872,,,,False
110,0.7301587301587301,0.015873015873015872,,,,False
111,0.746031746031746,0.015873015873015872,,,,False
112,0.7619047619047619,0.015873015873015872,,,,False
113,0.7777777777777777,0.015873015873015872,,,,False
114,0.7936507936507936,0.015873015873015872,,,,False
115,0.8095238095238095,0.015873015873015872,,,,False
116,0.8253968253968254,0.015873015873015872,,,,False
117,0.8412698412698412,0.015873015873015872,,,,False
118,0.8571428571428571,0.015873015873015872,,,,False
119,0.873015873015873,0.015873015873015872,,,,False
120,0.8888888888888888,0.015873015873015872,,,,False
121,0.9047619047619047,0.015873015873015872,,,,False
122,0.9206349206349206,0.015873015873015872,,,,False
123,0.9365079365079365,0.015873015873015872,,,,False
124,0.9523809523809523,0.015873015873015872,,,,False
125,0.9682539682539681,0.015873015873015872,,,,False
126,0.9841269841269841,0.015873015873015872,,,,False
127,1.0,0.015873015873015872,,,,False
128,0.0,0.031746031746031744,,,,False
129,0.015873015873015872,0.031746031746031744,,,,False
130,0.031746031746031744,0.031746031746031744,,,,False
131,0.047619047619047616,0.031746031746031744,,,,False
132,0.06349206349206349,0.031746031746031744,,,,False
133,0.07936507936507936,0.031746031746031744,,,,False
134,0.09523809523809523,0.031746031746031744,,,,False
135,0.1111111111111111,0.031746031746031744,,,,False
136,0.12698412698412698,0.031746031746031744,,,,False
137,0.14285714285714285,0.031746031746031744,,,,False
138,0.15873015873015872,0.031746031746031744,,,,False
139,0.1746031746031746,0.031746031746031744,,,,False
140,0.19047619047619047,0.031746031746031744,,,,False
141,0.20634920634920634,0.031746031746031744,,,,False
142,0.2222222222222222,0.031746031746031744,,,,False
143,0.23809523809523808,0.031746031746031744,,,,False
144,0.25396825396825395,0.031746031746031744,,,,False
145,0.2698412698412698,0.031746031746031744,,,,False
146,0.2857142857142857,0.031746031746031744,,,,False
147,0.30158730158730157,0.031746031746031744,,,,False
148,0.31746031746031744,0.031746031746031744,,,,False
149,0.3333333333333333,0.031746031746031744,,,,False
150,0.3492063492063492,0.031746031746031744,,,,False
151,0.36507936507936506,0.031746031746031744,,,,False
152,0.38095238095238093,0.031746031746031744,,,,False
153,0.3968253968253968,0.031746031746031744,,,,False
154,0.4126984126984127,0.031746031746031744,,,,False
155,0.42857142857142855,0.031746031746031744,,,,False
156,0.4444444444444444,0.031746031746031744,,,,False
157,0.4603174603174603,0.031746031746031744,,,,False
158,0.47619047619047616,0.031746031746031744,,,,False
159,0.49206349206349204,0.031746031746031744,,,,False
160,0.5079365079365079,0.031746031746031744,,,,False
161,0.5238095238095237,0.031746031746031744,,,,False
162,0.5396825396825397,0.031746031746031744,,,,False
163,0.5555555555555556,0.031746031746031744,,,,False
164,0.5714285714285714,0.031746031746031744,,,,False
165,0.5873015873015872,0.031746031746031744,,,,False
166,0.6031746031746031,0.031746031746031744,,,,False
167,0.6190476190476191,0.031746031746031744,,,,False
168,0.6349206349206349,0.031746031746031744,,,,False
169,0.6507936507936507,0.031746031746031744,,,,False
170,0.6666666666666666,0.031746031746031744,,,,False
171,0.6825396825396826,0.031746031746031744,,,,False
172,0.6984126984126984,0.031746031746031744,,,,False
173,0.7142857142857142,0.031746031746031744,,,,False
174,0.7301587301587301,0.031746031746031744,,,,False
175,0.746031746031746,0.031746031746031744,,,,False
176,0.7619047619047619,0.031746031746031744,,,,False
177,0.7777777777777777,0.031746031746031744,,,,False
178,0.7936507936507936,0.031746031746031744,,,,False
179,0.8095238095238095,0.031746031746031744,,,,False
180,0.8253968253968254,0.031746031746031744,,,,False
181,0.8412698412698412,0.031746031746031744,,,,False
182,0.8571428571428571,0.031746031746031744,,,,False
183,0.873015873015873,0.031746031746031744,,,,False
184,0.8888888888888888,0.031746031746031744,,,,False
185,0.9047619047619047,0.031746031746031744,,,,False
186,0.9206349206349206,0.031746031746031744,,,,False
187,0.9365079365079365,0.031746031746031744,,,,False
188,0.9523809523809523,0.031746031746031744,,,,False
189,0.9682539682539681,0.031746031746031744,,,,False
190,0.9841269841269841,0.031746031746031744,,,,False
191,1.0,0.031746031746031744,,,,False
192,0.0,0.047619047619047616,,,,False
193,0.015873015873015872,0.047619047619047616,,,,False
194,0.031746031746031744,0.047619047619047616,,,,False
195,0.047619047619047616,0.047619047619047616,,,,False
196,0.06349206349206349,0.047619047619047616,,,,False
197,0.07936507936507936,0.047619047619047616,,,,False
198,0.09523809523809523,0.047619047619047616,,,,False
199,0.1111111111111111,0.047619047619047616,,,,False
200,0.12698412698412698,0.047619047619047616,,,,False
201,0.14285714285714285,0.047619047619047616,,,,False
202,0.15873015873015872,0.047619047619047616,,,,False
203,0.1746031746031746,0.047619047619047616,,,,False
204,0.19047619047619047,0.047619047619047616,,,,False
205,0.20634920634920634,0.047619047619047616,,,,False
206,0.2222222222222222,0.047619047619047616,,,,False
207,0.23809523809523808,0.047619047619047616,,,,False
208,0.25396825396825395,0.047619047619047616,,,,False
209,0.2698412698412698,0.047619047619047616,,,,False
210,0.2857142857142857,0.047619047619047616,,,,False
211,0.30158730158730157,0.047619047619047616,,,,False
212,0.31746031746031744,0.047619047619047616,,,,False
213,0.3333333333333333,0.047619047619047616,,,,False
214,0.3492063492063492,0.047619047619047616,,,,False
215,0.36507936507936506,0.047619047619047616,,,,False
216,0.38095238095238093,0.047619047619047616,,,,False
217,0.3968253968253968,0.047619047619047616,,,,False
218,0.4126984126984127,0.047619047619047616,,,,False
219,0.42857142857142855,0.047619047619047616,,,,False
220,0.4444444444444444,0.047619047619047616,,,,False
221,0.4603174603174603,0.047619047619047616,,,,False
222,0.47619047619047616,0.047619047619047616,,,,False
223,0.49206349206349204,0.047619047619047616,,,,False
224,0.5079365079365079,0.047619047619047616,,,,False
225,0.5238095238095237,0.047619047619047616,,,,False
226,0.5396825396825397,0.047619047619047616,,,,False
227,0.5555555555555556,0.047619047619047616,,,,False
228,0.5714285714285714,0.047619047619047616,,,,False
229,0.5873015873015872,0.047619047619047616,,,,False
230,0.6031746031746031,0.047619047619047616,,,,False
231,0.6190476190476191,0.047619047619047616,,,,False
232,0.6349206349206349,0.047619047619047616,,,,False
233,0.6507936507936507,0.047619047619047616,,,,False
234,0.6666666666666666,0.047619047619047616,,,,False
235,0.6825396825396826,0.047619047619047616,,,,False
236,0.6984126984126984,0.047619047619047616,,,,False
237,0.7142857142857142,0.047619047619047616,,,,False
238,0.7301587301587301,0.047619047619047616,,,,False
239,0.746031746031746,0.047619047619047616,,,,False
240,0.7619047619047619,0.047619047619047616,,,,False
241,0.7777777777777777,0.047619047619047616,,,,False
242,0.7936507936507936,0.047619047619047616,,,,False
243,0.8095238095238095,0.047619047619047616,,,,False
244,0.8253968253968254,0.047619047619047616,,,,False
245,0.8412698412698412,0.047619047619047616,,,,False
246,0.8571428571428571,0.047619047619047616,,,,False
247,0.873015873015873,0.047619047619047616,,,,False
248,0.8888888888888888,0.047619047619047616,,,,False
249,0.9047619047619047,0.047619047619047616,,,,False
250,0.9206349206349206,0.047619047619047616,,,,False
251,0.9365079365079365,0.047619047619047616,,,,False
252,0.9523809523809523,0.047619047619047616,,,,False
253,0.9682539682539681,0.047619047619047616,,,,False
254,0.9841269841269841,0.047619047619047616,,,,False
255,1.0,0.047619047619047616,,,,False
256,0.0,0.06349206349206349,,,,False
257,0.015873015873015872,0.06349206349206349,,,,False
258,0.031746031746031744,0.06349206349206349,,,,False
259,0.047619047619047616,0.06349206349206349,,,,False
260,0.06349206349206349,0.06349206349206349,,,,False
261,0.07936507936507936,0.06349206349206349,,,,False
262,0.09523809523809523,0.06349206349206349,,,,False
263,0.1111111111111111,0.06349206349206349,,,,False
264,0.12698412698412698,0.06349206349206349,,,,False
265,0.14285714285714285,0.06349206349206349,,,,False
266,0.15873015873015872,0.06349206349206349,,,,False
267,0.1746031746031746,0.06349206349206349,,,,False
268,0.19047619047619047,0.06349206349206349,,,,False
269,0.20634920634920634,0.06349206349206349,,,,False
270,0.2222222222222222,0.06349206349206349,,,,False
271,0.23809523809523808,0.06349206349206349,,,,False
272,0.25396825396825395,0.06349206349206349,,,,False
273,0.2698412698412698,0.06349206349206349,,,,False
274,0.2857142857142857,0.06349206349206349,,,,False
275,0.30158730158730157,0.06349206349206349,,,,False
276,0.31746031746031744,0.06349206349206349,,,,False
277,0.3333333333333333,0.06349206349206349,,,,False
278,0.3492063492063492,0.06349206349206349,,,,False
279,0.36507936507936506,0.06349206349206349,,,,False
280,0.38095238095238093,0.06349206349206349,,,,False
281,0.3968253968253968,0.06349206349206349,,,,False
282,0.4126984126984127,0.06349206349206349,,,,False
283,0.42857142857142855,0.06349206349206349,,,,False
284,0.4444444444444444,0.06349206349206349,,,,False
285,0.4603174603174603,0.06349206349206349,,,,False
286,0.47619047619047616,0.06349206349206349,,,,False
287,0.49206349206349204,0.06349206349206349,,,,False
288,0.5079365079365079,0.06349206349206349,,,,False
289,0.5238095238095237,0.06349206349206349,,,,False
290,0.5396825396825397,0.06349206349206349,,,,False
291,0.5555555555555556,0.06349206349206349,,,,False
292,0.5714285714285714,0.06349206349206349,,,,False
293,0.5873015873015872,0.06349206349206349,,,,False
294,0.6031746031746031,0.06349206349206349,,,,False
295,0.6190476190476191,0.06349206349206349,,,,False
296,0.6349206349206349,0.06349206349206349,,,,False
297,0.6507936507936507,0.06349206349206349,,,,False
298,0.6666666666666666,0.06349206349206349,,,,False
299,0.6825396825396826,0.06349206349206349,,,,False
300,0.6984126984126984,0.06349206349206349,,,,False
301,0.7142857142857142,0.06349206349206349,,,,False
302,0.7301587301587301,0.06349206349206349,,,,False
303,0.746031746031746,0.06349206349206349,,,,False
304,0.7619047619047619,0.06349206349206349,,,,False
305,0.7777777777777777,0.06349206349206349,,,,False
306,0.7936507936507936,0.06349206349206349,,,,False
307,0.8095238095238095,0.06349206349206349,,,,False
308,0.8253968253968254,0.06349206349206349,,,,False
309,0.8412698412698412,0.06349206349206349,,,,False
310,0.8571428571428571,0.06349206349206349,,,,False
311,0.873015873015873,0.06349206349206349,,,,False
312,0.8888888888888888,0.06349206349206349,,,,False
313,0.9047619047619047,0.06349206349206349,,,,False
314,0.9206349206349206,0.06349206349206349,,,,False
315,0.9365079365079365,0.06349206349206349,,,,False
316,0.9523809523809523,0.06349206349206349,,,,False
317,0.9682539682539681,0.06349206349206349,,,,False
318,0.9841269841269841,0.06349206349206349,,,,False
319,1.0,0.06349206349206349,,,,False
320,0.0,0.07936507936507936,,,,False
321,0.015873015873015872,0.07936507936507936,,,,False
322,0.031746031746031744,0.07936507936507936,,,,False
323,0.047619047619047616,0.07936507936507936,,,,False
324,0.06349206349206349,0.07936507936507936,,,,False
325,0.07936507936507936,0.07936507936507936,,,,False
326,0.09523809523809523,0.07936507936507936,,,,False
327,0.1111111111111111,0.07936507936507936,,,,False
328,0.12698412698412698,0.07936507936507936,,,,False
329,0.14285714285714285,0.07936507936507936,,,,False
330,0.15873015873015872,0.07936507936507936,,,,False
331,0.1746031746031746,0.07936507936507936,,,,False
332,0.19047619047619047,0.07936507936507936,,,,False
333,0.20634920634920634,0.07936507936507936,,,,False
334,0.2222222222222222,0.07936507936507936,,,,False
335,0.23809523809523808,0.07936507936507936,,,,False
336,0.25396825396825395,0.07936507936507936,,,,False
337,0.2698412698412698,0.07936507936507936,,,,False
338,0.2857142857142857,0.07936507936507936,,,,False
339,0.30158730158730157,0.07936507936507936,,,,False
340,0.31746031746031744,0.07936507936507936,,,,False
341,0.3333333333333333,0.07936507936507936,,,,False
342,0.3492063492063492,0.07936507936507936,,,,False
343,0.36507936507936506,0.07936507936507936,,,,False
344,0.38095238095238093,0.07936507936507936,,,,False
345,0.3968253968253968,0.07936507936507936,,,,False
346,0.4126984126984127,0.07936507936507936,,,,False
347,0.42857142857142855,0.07936507936507936,,,,False
348,0.4444444444444444,0.07936507936507936,,,,False
349,0.4603174603174603,0.07936507936507936,,,,False
350,0.47619047619047616,0.07936507936507936,,,,False
351,0.49206349206349204,0.07936507936507936,,,,False
352,0.5079365079365079,0.07936507936507936,,,,False
353,0.5238095238095237,0.07936507936507936,,,,False
354,0.5396825396825397,0.07936507936507936,,,,False
355,0.5555555555555556,0.07936507936507936,,,,False
356,0.5714285714285714,0.07936507936507936,,,,False
357,0.5873015873015872,0.07936507936507936,,,,False
358,0.6031746031746031,0.07936507936507936,,,,False
359,0.6190476190476191,0.07936507936507936,,,,False
360,0.6349206349206349,0.07936507936507936,,,,False
361,0.6507936507936507,0.07936507936507936,,,,False
362,0.6666666666666666,0.07936507936507936,,,,False
363,0.6825396825396826,0.07936507936507936,,,,False
364,0.6984126984126984,0.07936507936507936,,,,False
365,0.7142857142857142,0.07936507936507936,,,,False
366,0.7301587301587301,0.07936507936507936,,,,False
367,0.746031746031746,0.07936507936507936,,,,False
368,0.7619047619047619,0.07936507936507936,,,,False
369,0.7777777777777777,0.07936507936507936,,,,False
370,0.7936507936507936,0.07936507936507936,,,,False
371,0.8095238095238095,0.07936507936507936,,,,False
372,0.8253968253968254,0.07936507936507936,,,,False
373,0.8412698412698412,0.07936507936507936,,,,False
374,0.8571428571428571,0.07936507936507936,,,,False
375,0.873015873015873,0.07936507936507936,,,,False
376,0.8888888888888888,0.07936507936507936,,,,False
377,0.9047619047619047,0.07936507936507936,,,,False
378,0.9206349206349206,0.07936507936507936,,,,False
379,0.9365079365079365,0.07936507936507936,,,,False
380,0.9523809523809523,0.07936507936507936,,,,False
381,0.9682539682539681,0.07936507936507936,,,,False
382,0.9841269841269841,0.07936507936507936,,,,False
383,1.0,0.07936507936507936,,,,False
384,0.0,0.09523809523809523,,,,False
385,0.015873015873015872,0.09523809523809523,,,,False
386,0.031746031746031744,0.09523809523809523,,,,False
387,0.047619047619047616,0.09523809523809523,,,,False
388,0.06349206349206349,0.09523809523809523,,,,False
389,0.07936507936507936,0.09523809523809523,,,,False
390,0.09523809523809523,0.09523809523809523,,,,False
391,0.1111111111111111,0.09523809523809523,,,,False
392,0.12698412698412698,0.09523809523809523,,,,False
393,0.14285714285714285,0.09523809523809523,,,,False
394,0.15873015873015872,0.09523809523809523,,,,False
395,0.1746031746031746,0.09523809523809523,,,,False
396,0.19047619047619047,0.09523809523809523,,,,False
397,0.20634920634920634,0.09523809523809523,,,,False
398,0.2222222222222222,0.09523809523809523,,,,False
399,0.23809523809523808,0.09523809523809523,,,,False
400,0.25396825396825395,0.09523809523809523,,,,False
401,0.2698412698412698,0.09523809523809523,,,,False
402,0.2857142857142857,0.09523809523809523,,,,False
403,0.30158730158730157,0.09523809523809523,,,,False
404,0.31746031746031744,0.09523809523809523,,,,False
405,0.3333333333333333,0.09523809523809523,,,,False
406,0.3492063492063492,0.09523809523809523,,,,False
407,0.36507936507936506,0.09523809523809523,,,,False
408,0.38095238095238093,0.09523809523809523,,,,False
409,0.3968253968253968,0.09523809523809523,,,,False
410,0.4126984126984127,0.09523809523809523,,,,False
411,0.42857142857142855,0.09523809523809523,,,,False
412,0.4444444444444444,0.09523809523809523,,,,False
413,0.4603174603174603,0.09523809523809523,,,,False
414,0.47619047619047616,0.09523809523809523,,,,False
415,0.49206349206349204,0.09523809523809523,,,,False
416,0.5079365079365079,0.09523809523809523,,,,False
417,0.5238095238095237,0.09523809523809523,,,,False
418,0.5396825396825397,0.09523809523809523,,,,False
419,0.5555555555555556,0.09523809523809523,,,,False
420,0.5714285714285714,0.09523809523809523,,,,False
421,0.5873015873015872,0.09523809523809523,,,,False
422,0.6031746031746031,0.09523809523809523,,,,False
423,0.6190476190476191,0.09523809523809523,,,,False
424,0.6349206349206349,0.09523809523809523,,,,False
425,0.6507936507936507,0.09523809523809523,,,,False
426,0.6666666666666666,0.09523809523809523,,,,False
427,0.6825396825396826,0.09523809523809523,,,,False
428,0.6984126984126984,0.09523809523809523,,,,False
429,0.7142857142857142,0.09523809523809523,,,,False
430,0.7301587301587301,0.09523809523809523,,,,False
431,0.746031746031746,0.09523809523809523,,,,False
432,0.7619047619047619,0.09523809523809523,,,,False
433,0.7777777777777777,0.09523809523809523,,,,False
434,0.7936507936507936,0.09523809523809523,,,,False
435,0.8095238095238095,0.09523809523809523,,,,False
436,0.8253968253968254,0.09523809523809523,,,,False
437,0.8412698412698412,0.09523809523809523,,,,False
438,0.8571428571428571,0.09523809523809523,,,,False
439,0.873015873015873,0.09523809523809523,,,,False
440,0.8888888888888888,0.09523809523809523,,,,False
441,0.9047619047619047,0.09523809523809523,,,,False
442,0.9206349206349206,0.09523809523809523,,,,False
443,0.9365079365079365,0.09523809523809523,,,,False
444,0.9523809523809523,0.09523809523809523,,,,False
445,0.9682539682539681,0.09523809523809523,,,,False
446,0.9841269841269841,0.09523809523809523,,,,False
447,1.0,0.09523809523809523,,,,False
448,0.0,0.1111111111111111,,,,False
449,0.015873015873015872,0.1111111111111111,,,,False
450,0.031746031746031744,0.1111111111111111,,,,False
451,0.047619047619047616,0.1111111111111111,,,,False
452,0.06349206349206349,0.1111111111111111,,,,False
453,0.07936507936507936,0.1111111111111111,,,,False
454,0.09523809523809523,0.1111111111111111,,,,False
455,0.1111111111111111,0.1111111111111111,,,,False
456,0.12698412698412698,0.1111111111111111,,,,False
457,0.14285714285714285,0.1111111111111111,,,,False
458,0.15873015873015872,0.1111111111111111,,,,False
459,0.1746031746031746,0.1111111111111111,,,,False
460,0.19047619047619047,0.1111111111111111,,,,False
461,0.20634920634920634,0.1111111111111111,,,,False
462,0.2222222222222222,0.1111111111111111,,,,False
463,0.23809523809523808,0.1111111111111111,,,,False
464,0.25396825396825395,0.1111111111111111,,,,False
465,0.2698412698412698,0.1111111111111111,,,,False
466,0.2857142857142857,0.1111111111111111,,,,False
467,0.30158730158730157,0.1111111111111111,,,,False
468,0.31746031746031744,0.1111111111111111,,,,False
469,0.3333333333333333,0.1111111111111111,,,,False
470,0.3492063492063492,0.1111111111111111,,,,False
471,0.36507936507936506,0.1111111111111111,,,,False
472,0.38095238095238093,0.1111111111111111,,,,False
473,0.3968253968253968,0.1111111111111111,,,,False
474,0.4126984126984127,0.1111111111111111,,,,False
475,0.42857142857142855,0.1111111111111111,,,,False
476,0.4444444444444444,0.1111111111111111,,,,False
477,0.4603174603174603,0.1111111111111111,,,,False
478,0.47619047619047616,0.1111111111111111,,,,False
479,0.49206349206349204,0.1111111111111111,,,,False
480,0.5079365079365079,0.1111111111111111,,,,False
481,0.5238095238095237,0.1111111111111111,,,,False
482,0.5396825396825397,0.1111111111111111,,,,False
483,0.5555555555555556,0.1111111111111111,,,,False
484,0.5714285714285714,0.1111111111111111,,,,False
485,0.5873015873015872,0.1111111111111111,,,,False
486,0.6031746031746031,0.1111111111111111,,,,False
487,0.6190476190476191,0.1111111111111111,,,,False
488,0.6349206349206349,0.1111111111111111,,,,False
489,0.6507936507936507,0.1111111111111111,,,,False
490,0.6666666666666666,0.1111111111111111,,,,False
491,0.6825396825396826,0.1111111111111111,,,,False
492,0.6984126984126984,0.1111111111111111,,,,False
493,0.7142857142857142,0.1111111111111111,,,,False
494,0.7301587301587301,0.1111111111111111,,,,False
495,0.746031746031746,0.1111111111111111,,,,False
496,0.7619047619047619,0.1111111111111111,,,,False
497,0.7777777777777777,0.1111111111111111,,,,False
498,0.7936507936507936,0.1111111111111111,,,,False
499,0.8095238095238095,0.1111111111111111,,,,False
500,0.8253968253968254,0.1111111111111111,,,,False
501,0.8412698412698412,0.1111111111111111,,,,False
502,0.8571428571428571,0.1111111111111111,,,,False
503,0.873015873015873,0.1111111111111111,,,,False
504,0.8888888888888888,0.1111111111111111,,,,False
505,0.9047619047619047,0.1111111111111111,,,,False
506,0.9206349206349206,0.1111111111111111,,,,False
507,0.9365079365079365,0.1111111111111111,,,,False
508,0.9523809523809523,0.1111111111111111,,,,False
509,0.9682539682539681,0.1111111111111111,,,,False
510,0.9841269841269841,0.1111111111111111,,,,False
511,1.0,0.1111111111111111,,,,False
512,0.0,0.12698412698412698,,,,False
513,0.015873015873015872,0.12698412698412698,,,,False
514,0.031746031746031744,0.12698412698412698,,,,False
515,0.047619047619047616,0.12698412698412698,,,,False
516,0.06349206349206349,0.12698412698412698,,,,False
517,0.07936507936507936,0.12698412698412698,,,,False
518,0.09523809523809523,0.12698412698412698,,,,False
519,0.1111111111111111,0.12698412698412698,,,,False
520,0.12698412698412698,0.12698412698412698,,,,False
521,0.14285714285714285,0.12698412698412698,,,,False
522,0.15873015873015872,0.12698412698412698,,,,False
523,0.1746031746031746,0.12698412698412698,,,,False
524,0.19047619047619047,0.12698412698412698,,,,False
525,0.20634920634920634,0.12698412698412698,,,,False
526,0.2222222222222222,0.12698412698412698,,,,False
527,0.23809523809523808,0.12698412698412698,,,,False
528,0.25396825396825395,0.12698412698412698,,,,False
529,0.2698412698412698,0.12698412698412698,,,,False
530,0.2857142857142857,0.12698412698412698,,,,False
531,0.30158730158730157,0.12698412698412698,,,,False
532,0.31746031746031744,0.12698412698412698,,,,False
533,0.3333333333333333,0.12698412698412698,,,,False
534,0.3492063492063492,0.12698412698412698,,,,False
535,0.36507936507936506,0.12698412698412698,,,,False
536,0.38095238095238093,0.12698412698412698,,,,False
537,0.3968253968253968,0.12698412698412698,,,,False
538,0.4126984126984127,0.12698412698412698,,,,False
539,0.42857142857142855,0.12698412698412698,,,,False
540,0.4444444444444444,0.12698412698412698,,,,False
541,0.4603174603174603,0.12698412698412698,,,,False
542,0.47619047619047616,0.12698412698412698,,,,False
543,0.49206349206349204,0.12698412698412698,,,,False
544,0.5079365079365079,0.12698412698412698,,,,False
545,0.5238095238095237,0.12698412698412698,,,,False
546,0.5396825396825397,0.12698412698412698,,,,False
547,0.5555555555555556,0.12698412698412698,,,,False
548,0.5714285714285714,0.12698412698412698,,,,False
549,0.5873015873015872,0.12698412698412698,,,,False
550,0.6031746031746031,0.12698412698412698,,,,False
551,0.6190476190476191,0.12698412698412698,,,,False
552,0.6349206349206349,0.12698412698412698,,,,False
553,0.6507936507936507,0.12698412698412698,,,,False
554,0.6666666666666666,0.12698412698412698,,,,False
555,0.6825396825396826,0.12698412698412698,,,,False
556,0.6984126984126984,0.12698412698412698,,,,False
557,0.7142857142857142,0.12698412698412698,,,,False
558,0.7301587301587301,0.12698412698412698,,,,False
559,0.746031746031746,0.12698412698412698,,,,False
560,0.7619047619047619,0.12698412698412698,,,,False
561,0.7777777777777777,0.12698412698412698,,,,False
562,0.7936507936507936,0.12698412698412698,,,,False
563,0.8095238095238095,0.12698412698412698,,,,False
564,0.8253968253968254,0.12698412698412698,,,,False
565,0.8412698412698412,0.12698412698412698,,,,False
566,0.8571428571428571,0.12698412698412698,,,,False
567,0.873015873015873,0.12698412698412698,,,,False
568,0.8888888888888888,0.12698412698412698,,,,False
569,0.9047619047619047,0.12698412698412698,,,,False
570,0.9206349206349206,0.12698412698412698,,,,False
571,0.9365079365079365,0.12698412698412698,,,,False
572,0.9523809523809523,0.12698412698412698,,,,False
573,0.9682539682539681,0.12698412698412698,,,,False
574,0.9841269841269841,0.12698412698412698,,,,False
575,1.0,0.12698412698412698,,,,False
576,0.0,0.14285714285714285,,,,False
577,0.015873015873015872,0.14285714285714285,,,,False
578,0.031746031746031744,0.14285714285714285,,,,False
579,0.047619047619047616,0.14285714285714285,,,,False
580,0.06349206349206349,0.14285714285714285,,,,False
581,0.07936507936507936,0.14285714285714285,,,,False
582,0.09523809523809523,0.14285714285714285,,,,False
583,0.1111111111111111,0.14285714285714285,,,,False
584,0.12698412698412698,0.14285714285714285,,,,False
585,0.14285714285714285,0.14285714285714285,,,,False
586,0.15873015873015872,0.14285714285714285,,,,False
587,0.1746031746031746,0.14285714285714285,,,,False
588,0.19047619047619047,0.14285714285714285,,,,False
589,0.20634920634920634,0.14285714285714285,,,,False
590,0.2222222222222222,0.14285714285714285,,,,False
591,0.23809523809523808,0.14285714285714285,,,,False
592,0.25396825396825395,0.14285714285714285,,,,False
593,0.2698412698412698,0.14285714285714285,,,,False
594,0.2857142857142857,0.14285714285714285,,,,False
595,0.30158730158730157,0.14285714285714285,,,,False
596,0.31746031746031744,0.14285714285714285,,,,False
597,0.3333333333333333,0.14285714285714285,,,,False
598,0.3492063492063492,0.14285714285714285,,,,False
599,0.36507936507936506,0.14285714285714285,,,,False
600,0.38095238095238093,0.14285714285714285,,,,False
601,0.3968253968253968,0.14285714285714285,,,,False
602,0.4126984126984127,0.14285714285714285,,,,False
603,0.42857142857142855,0.14285714285714285,,,,False
604,0.4444444444444444,0.14285714285714285,,,,False
605,0.4603174603174603,0.14285714285714285,,,,False
606,0.47619047619047616,0.14285714285714285,,,,False
607,0.49206349206349204,0.14285714285714285,,,,False
608,0.5079365079365079,0.14285714285714285,,,,False
609,0.5238095238095237,0.14285714285714285,,,,False
610,0.5396825396825397,0.14285714285714285,,,,False
611,0.5555555555555556,0.14285714285714285,,,,False
612,0.5714285714285714,0.14285714285714285,,,,False
613,0.5873015873015872,0.14285714285714285,,,,False
614,0.6031746031746031,0.14285714285714285,,,,False
615,0.6190476190476191,0.14285714285714285,,,,False
616,0.6349206349206349,0.14285714285714285,,,,False
617,0.6507936507936507,0.14285714285714285,,,,False
618,0.6666666666666666,0.14285714285714285,,,,False
619,0.6825396825396826,0.14285714285714285,,,,False
620,0.6984126984126984,0.14285714285714285,,,,False
621,0.7142857142857142,0.14285714285714285,,,,False
622,0.7301587301587301,0.14285714285714285,,,,False
623,0.746031746031746,0.14285714285714285,,,,False
624,0.7619047619047619,0.14285714285714285,,,,False
625,0.7777777777777777,0.14285714285714285,,,,False
626,0.7936507936507936,0.14285714285714285,,,,False
627,0.8095238095238095,0.14285714285714285,,,,False
628,0.8253968253968254,0.14285714285714285,,,,False
629,0.8412698412698412,0.14285714285714285,,,,False
630,0.8571428571428571,0.14285714285714285,,,,False
631,0.873015873015873,0.14285714285714285,,,,False
632,0.8888888888888888,0.14285714285714285,,,,False
633,0.9047619047619047,0.14285714285714285,,,,False
634,0.9206349206349206,0.14285714285714285,,,,False
635,0.9365079365079365,0.14285714285714285,,,,False
636,0.9523809523809523,0.14285714285714285,,,,False
637,0.9682539682539681,0.14285714285714285,,,,False
638,0.9841269841269841,0.14285714285714285,,,,False
639,1.0,0.14285714285714285,,,,False
640,0.0,0.15873015873015872,,,,False
641,0.015873015873015872,0.15873015873015872,,,,False
642,0.031746031746031744,0.15873015873015872,,,,False
643,0.047619047619047616,0.15873015873015872,,,,False
644,0.06349206349206349,0.15873015873015872,,,,False
645,0.07936507936507936,0.15873015873015872,,,,False
646,0.09523809523809523,0.15873015873015872,,,,False
647,0.1111111111111111,0.15873015873015872,,,,False
648,0.12698412698412698,0.15873015873015872,,,,False
649,0.14285714285714285,0.15873015873015872,,,,False
650,0.15873015873015872,0.15873015873015872,,,,False
651,0.1746031746031746,0.15873015873015872,,,,False
652,0.19047619047619047,0.15873015873015872,,,,False
653,0.20634920634920634,0.15873015873015872,,,,False
654,0.2222222222222222,0.15873015873015872,,,,False
655,0.23809523809523808,0.15873015873015872,,,,False
656,0.25396825396825395,0.15873015873015872,,,,False
657,0.2698412698412698,0.15873015873015872,,,,False
658,0.2857142857142857,0.15873015873015872,,,,False
659,0.30158730158730157,0.15873015873015872,,,,False
660,0.31746031746031744,0.15873015873015872,,,,False
661,0.3333333333333333,0.15873015873015872,,,,False
662,0.3492063492063492,0.15873015873015872,,,,False
663,0.36507936507936506,0.15873015873015872,,,,False
664,0.38095238095238093,0.15873015873015872,,,,False
665,0.3968253968253968,0.15873015873015872,,,,False
666,0.4126984126984127,0.15873015873015872,,,,False
667,0.42857142857142855,0.15873015873015872,,,,False
668,0.4444444444444444,0.15873015873015872,,,,False
669,0.4603174603174603,0.15873015873015872,,,,False
670,0.47619047619047616,0.15873015873015872,,,,False
671,0.49206349206349204,0.15873015873015872,,,,False
672,0.5079365079365079,0.15873015873015872,,,,False
673,0.5238095238095237,0.15873015873015872,,,,False
674,0.5396825396825397,0.15873015873015872,,,,False
675,0.5555555555555556,0.15873015873015872,,,,False
676,0.5714285714285714,0.15873015873015872,,,,False
677,0.5873015873015872,0.15873015873015872,,,,False
678,0.6031746031746031,0.15873015873015872,,,,False
679,0.6190476190476191,0.15873015873015872,,,,False
680,0.6349206349206349,0.15873015873015872,,,,False
681,0.6507936507936507,0.15873015873015872,,,,False
682,0.6666666666666666,0.15873015873015872,,,,False
683,0.6825396825396826,0.15873015873015872,,,,False
684,0.6984126984126984,0.15873015873015872,,,,False
685,0.7142857142857142,0.15873015873015872,,,,False
686,0.7301587301587301,0.15873015873015872,,,,False
687,0.746031746031746,0.15873015873015872,,,,False
688,0.7619047619047619,0.15873015873015872,,,,False
689,0.7777777777777777,0.15873015873015872,,,,False
690,0.7936507936507936,0.15873015873015872,,,,False
691,0.8095238095238095,0.15873015873015872,,,,False
692,0.8253968253968254,0.15873015873015872,,,,False
693,0.8412698412698412,0.15873015873015872,,,,False
694,0.8571428571428571,0.15873015873015872,,,,False
695,0.873015873015873,0.15873015873015872,,,,False
696,0.8888888888888888,0.15873015873015872,,,,False
697,0.9047619047619047,0.15873015873015872,,,,False
698,0.9206349206349206,0.15873015873015872,,,,False
699,0.9365079365079365,0.15873015873015872,,,,False
700,0.9523809523809523,0.15873015873015872,,,,False
701,0.9682539682539681,0.15873015873015872,,,,False
702,0.9841269841269841,0.15873015873015872,,,,False
703,1.0,0.15873015873015872,,,,False
704,0.0,0.1746031746031746,,,,False
705,0.015873015873015872,0.1746031746031746,,,,False
706,0.031746031746031744,0.1746031746031746,,,,False
707,0.047619047619047616,0.1746031746031746,,,,False
708,0.06349206349206349,0.1746031746031746,,,,False
709,0.07936507936507936,0.1746031746031746,,,,False
710,0.09523809523809523,0.1746031746031746,,,,False
711,0.1111111111111111,0.1746031746031746,,,,False
712,0.12698412698412698,0.1746031746031746,,,,False
713,0.14285714285714285,0.1746031746031746,,,,False
714,0.15873015873015872,0.1746031746031746,,,,False
715,0.1746031746031746,0.1746031746031746,,,,False
716,0.19047619047619047,0.1746031746031746,,,,False
717,0.20634920634920634,0.1746031746031746,,,,False
718,0.2222222222222222,0.1746031746031746,,,,False
719,0.23809523809523808,0.1746031746031746,,,,False
720,0.25396825396825395,0.1746031746031746,,,,False
721,0.2698412698412698,0.1746031746031746,,,,False
722,0.2857142857142857,0.1746031746031746,,,,False
723,0.30158730158730157,0.1746031746031746,,,,False
724,0.31746031746031744,0.1746031746031746,,,,False
725,0.3333333333333333,0.1746031746031746,,,,False
726,0.3492063492063492,0.1746031746031746,,,,False
727,0.36507936507936506,0.1746031746031746,,,,False
728,0.38095238095238093,0.1746031746031746,,,,False
729,0.3968253968253968,0.1746031746031746,,,,False
730,0.4126984126984127,0.1746031746031746,,,,False
731,0.42857142857142855,0.1746031746031746,,,,False
732,0.4444444444444444,0.1746031746031746,,,,False
733,0.4603174603174603,0.1746031746031746,,,,False
734,0.47619047619047616,0.1746031746031746,,,,False
735,0.49206349206349204,0.1746031746031746,,,,False
736,0.5079365079365079,0.1746031746031746,,,,False
737,0.5238095238095237,0.1746031746031746,,,,False
738,0.5396825396825397,0.1746031746031746,,,,False
739,0.5555555555555556,0.1746031746031746,,,,False
740,0.5714285714285714,0.1746031746031746,,,,False
741,0.5873015873015872,0.1746031746031746,,,,False
742,0.6031746031746031,0.1746031746031746,,,,False
743,0.6190476190476191,0.1746031746031746,,,,False
744,0.6349206349206349,0.1746031746031746,,,,False
745,0.6507936507936507,0.1746031746031746,,,,False
746,0.6666666666666666,0.1746031746031746,,,,False
747,0.6825396825396826,0.1746031746031746,,,,False
748,0.6984126984126984,0.1746031746031746,,,,False
749,0.7142857142857142,0.1746031746031746,,,,False
750,0.7301587301587301,0.1746031746031746,,,,False
751,0.746031746031746,0.1746031746031746,,,,False
752,0.7619047619047619,0.1746031746031746,,,,False
753,0.7777777777777777,0.1746031746031746,,,,False
754,0.7936507936507936,0.1746031746031746,,,,False
755,0.8095238095238095,0.1746031746031746,,,,False
756,0.8253968253968254,0.1746031746031746,,,,False
757,0.8412698412698412,0.1746031746031746,,,,False
758,0.8571428571428571,0.1746031746031746,,,,False
759,0.873015873015873,0.1746031746031746,,,,False
760,0.8888888888888888,0.1746031746031746,,,,False
761,0.9047619047619047,0.1746031746031746,,,,False
762,0.9206349206349206,0.1746031746031746,,,,False
763,0.9365079365079365,0.1746031746031746,,,,False
764,0.9523809523809523,0.1746031746031746,,,,False
765,0.9682539682539681,0.1746031746031746,,,,False
766,0.9841269841269841,0.1746031746031746,,,,False
767,1.0,0.1746031746031746,,,,False
768,0.0,0.19047619047619047,,,,False
769,0.015873015873015872,0.19047619047619047,,,,False
770,0.031746031746031744,0.19047619047619047,,,,False
771,0.047619047619047616,0.19047619047619047,,,,False
772,0.06349206349206349,0.19047619047619047,,,,False
773,0.07936507936507936,0.19047619047619047,,,,False
774,0.09523809523809523,0.19047619047619047,,,,False
775,0.1111111111111111,0.19047619047619047,,,,False
776,0.12698412698412698,0.19047619047619047,,,,False
777,0.14285714285714285,0.19047619047619047,,,,False
778,0.15873015873015872,0.19047619047619047,,,,False
779,0.1746031746031746,0.19047619047619047,,,,False
780,0.19047619047619047,0.19047619047619047,,,,False
781,0.20634920634920634,0.19047619047619047,,,,False
782,0.2222222222222222,0.19047619047619047,,,,False
783,0.23809523809523808,0.19047619047619047,,,,False
784,0.25396825396825395,0.19047619047619047,,,,False
785,0.2698412698412698,0.19047619047619047,,,,False
786,0.2857142857142857,0.19047619047619047,,,,False
787,0.30158730158730157,0.19047619047619047,,,,False
788,0.31746031746031744,0.19047619047619047,,,,False
789,0.3333333333333333,0.19047619047619047,,,,False
790,0.3492063492063492,0.19047619047619047,,,,False
791,0.36507936507936506,0.19047619047619047,,,,False
792,0.38095238095238093,0.19047619047619047,,,,False
793,0.3968253968253968,0.19047619047619047,,,,False
794,0.4126984126984127,0.19047619047619047,,,,False
795,0.42857142857142855,0.19047619047619047,,,,False
796,0.4444444444444444,0.19047619047619047,,,,False
797,0.4603174603174603,0.19047619047619047,,,,False
798,0.47619047619047616,0.19047619047619047,,,,False
799,0.49206349206349204,0.19047619047619047,,,,False
800,0.5079365079365079,0.19047619047619047,,,,False
801,0.5238095238095237,0.19047619047619047,,,,False
802,0.5396825396825397,0.19047619047619047,,,,False
803,0.5555555555555556,0.19047619047619047,,,,False
804,0.5714285714285714,0.19047619047619047,,,,False
805,0.5873015873015872,0.19047619047619047,,,,False
806,0.6031746031746031,0.19047619047619047,,,,False
807,0.6190476190476191,0.19047619047619047,,,,False
808,0.6349206349206349,0.19047619047619047,,,,False
809,0.6507936507936507,0.19047619047619047,,,,False
810,0.6666666666666666,0.19047619047619047,,,,False
811,0.6825396825396826,0.19047619047619047,,,,False
812,0.6984126984126984,0.19047619047619047,,,,False
813,0.7142857142857142,0.19047619047619047,,,,False
814,0.7301587301587301,0.19047619047619047,,,,False
815,0.746031746031746,0.19047619047619047,,,,False
816,0.7619047619047619,0.19047619047619047,,,,False
817,0.7777777777777777,0.19047619047619047,,,,False
818,0.7936507936507936,0.19047619047619047,,,,False
819,0.8095238095238095,0.19047619047619047,,,,False
820,0.8253968253968254,0.19047619047619047,,,,False
821,0.8412698412698412,0.19047619047619047,,,,False
822,0.8571428571428571,0.19047619047619047,,,,False
823,0.873015873015873,0.19047619047619047,,,,False
824,0.8888888888888888,0.19047619047619047,,,,False
825,0.9047619047619047,0.19047619047619047,,,,False
826,0.9206349206349206,0.19047619047619047,,,,False
827,0.9365079365079365,0.19047619047619047,,,,False
828,0.9523809523809523,0.19047619047619047,,,,False
829,0.9682539682539681,0.19047619047619047,,,,False
830,0.9841269841269841,0.19047619047619047,,,,False
831,1.0,0.19047619047619047,,,,False
832,0.0,0.20634920634920634,,,,False
833,0.015873015873015872,0.20634920634920634,,,,False
834,0.031746031746031744,0.20634920634920634,,,,False
835,0.047619047619047616,0.20634920634920634,,,,False
836,0.06349206349206349,0.20634920634920634,,,,False
837,0.07936507936507936,0.20634920634920634,,,,False
838,0.09523809523809523,0.20634920634920634,,,,False
839,0.1111111111111111,0.20634920634920634,,,,False
840,0.12698412698412698,0.20634920634920634,,,,False
841,0.14285714285714285,0.20634920634920634,,,,False
842,0.15873015873015872,0.20634920634920634,,,,False
843,0.1746031746031746,0.20634920634920634,,,,False
844,0.19047619047619047,0.20634920634920634,,,,False
845,0.20634920634920634,0.20634920634920634,,,,False
846,0.2222222222222222,0.20634920634920634,,,,False
847,0.23809523809523808,0.20634920634920634,,,,False
848,0.25396825396825395,0.20634920634920634,,,,False
849,0.2698412698412698,0.20634920634920634,,,,False
850,0.2857142857142857,0.20634920634920634,,,,False
851,0.30158730158730157,0.20634920634920634,,,,False
852,0.31746031746031744,0.20634920634920634,,,,False
853,0.3333333333333333,0.20634920634920634,,,,False
854,0.3492063492063492,0.20634920634920634,,,,False
855,0.36507936507936506,0.20634920634920634,,,,False
856,0.38095238095238093,0.20634920634920634,,,,False
857,0.3968253968253968,0.20634920634920634,,,,False
858,0.4126984126984127,0.20634920634920634,,,,False
859,0.42857142857142855,0.20634920634920634,,,,False
860,0.4444444444444444,0.20634920634920634,,,,False
861,0.4603174603174603,0.20634920634920634,,,,False
862,0.47619047619047616,0.20634920634920634,,,,False
863,0.49206349206349204,0.20634920634920634,,,,False
864,0.5079365079365079,0.20634920634920634,,,,False
865,0.5238095238095237,0.20634920634920634,,,,False
866,0.5396825396825397,0.20634920634920634,,,,False
867,0.5555555555555556,0.20634920634920634,,,,False
868,0.5714285714285714,0.20634920634920634,,,,False
869,0.5873015873015872,0.20634920634920634,,,,False
870,0.6031746031746031,0.20634920634920634,,,,False
871,0.6190476190476191,0.20634920634920634,,,,False
872,0.6349206349206349,0.20634920634920634,,,,False
873,0.6507936507936507,0.20634920634920634,,,,False
874,0.6666666666666666,0.20634920634920634,,,,False
875,0.6825396825396826,0.20634920634920634,,,,False
876,0.6984126984126984,0.20634920634920634,,,,False
877,0.7142857142857142,0.20634920634920634,,,,False
878,0.7301587301587301,0.20634920634920634,,,,False
879,0.746031746031746,0.20634920634920634,,,,False
880,0.7619047619047619,0.20634920634920634,,,,False
881,0.7777777777777777,0.20634920634920634,,,,False
882,0.7936507936507936,0.20634920634920634,,,,False
883,0.8095238095238095,0.20634920634920634,,,,False
884,0.8253968253968254,0.20634920634920634,,,,False
885,0.8412698412698412,0.20634920634920634,,,,False
886,0.8571428571428571,0.20634920634920634,,,,False
887,0.873015873015873,0.20634920634920634,,,,False
888,0.8888888888888888,0.20634920634920634,,,,False
889,0.9047619047619047,0.20634920634920634,,,,False
890,0.9206349206349206,0.20634920634920634,,,,False
891,0.9365079365079365,0.20634920634920634,,,,False
892,0.9523809523809523,0.20634920634920634,,,,False
893,0.9682539682539681,0.20634920634920634,,,,False
894,0.9841269841269841,0.20634920634920634,,,,False
895,1.0,0.20634920634920634,,,,False
896,0.0,0.2222222222222222,,,,False
897,0.015873015873015872,0.2222222222222222,,,,False
898,0.031746031746031744,0.2222222222222222,,,,False
899,0.047619047619047616,0.2222222222222222,,,,False
900,0.06349206349206349,0.2222222222222222,,,,False
901,0.07936507936507936,0.2222222222222222,,,,False
902,0.09523809523809523,0.2222222222222222,,,,False
903,0.1111111111111111,0.2222222222222222,,,,False
904,0.12698412698412698,0.2222222222222222,,,,False
905,0.14285714285714285,0.2222222222222222,,,,False
906,0.15873015873015872,0.2222222222222222,,,,False
907,0.1746031746031746,0.2222222222222222,,,,False
908,0.19047619047619047,0.2222222222222222,,,,False
909,0.20634920634920634,0.2222222222222222,,,,False
910,0.2222222222222222,0.2222222222222222,,,,False
911,0.23809523809523808,0.2222222222222222,,,,False
912,0.25396825396825395,0.2222222222222222,,,,False
913,0.2698412698412698,0.2222222222222222,,,,False
914,0.2857142857142857,0.2222222222222222,,,,False
915,0.30158730158730157,0.2222222222222222,,,,False
916,0.31746031746031744,0.2222222222222222,,,,False
917,0.3333333333333333,0.2222222222222222,,,,False
918,0.3492063492063492,0.2222222222222222,,,,False
919,0.36507936507936506,0.2222222222222222,,,,False
920,0.38095238095238093,0.2222222222222222,,,,False
921,0.3968253968253968,0.2222222222222222,,,,False
922,0.4126984126984127,0.2222222222222222,,,,False
923,0.42857142857142855,0.2222222222222222,,,,False
924,0.4444444444444444,0.2222222222222222,,,,False
925,0.4603174603174603,0.2222222222222222,,,,False
926,0.47619047619047616,0.2222222222222222,,,,False
927,0.49206349206349204,0.2222222222222222,,,,False
928,0.5079365079365079,0.2222222222222222,,,,False
929,0.5238095238095237,0.2222222222222222,,,,False
930,0.5396825396825397,0.2222222222222222,,,,False
931,0.5555555555555556,0.2222222222222222,,,,False
932,0.5714285714285714,0.2222222222222222,,,,False
933,0.5873015873015872,0.2222222222222222,,,,False
934,0.6031746031746031,0.2222222222222222,,,,False
935,0.6190476190476191,0.2222222222222222,,,,False
936,0.6349206349206349,0.2222222222222222,,,,False
937,0.6507936507936507,0.2222222222222222,,,,False
938,0.6666666666666666,0.2222222222222222,,,,False
939,0.6825396825396826,0.2222222222222222,,,,False
940,0.6984126984126984,0.2222222222222222,,,,False
941,0.7142857142857142,0.2222222222222222,,,,False
942,0.7301587301587301,0.2222222222222222,,,,False
943,0.746031746031746,0.2222222222222222,,,,False
944,0.7619047619047619,0.2222222222222222,,,,False
945,0.7777777777777777,0.2222222222222222,,,,False
946,0.7936507936507936,0.2222222222222222,,,,False
947,0.8095238095238095,0.2222222222222222,,,,False
948,0.8253968253968254,0.2222222222222222,,,,False
949,0.8412698412698412,0.2222222222222222,,,,False
950,0.8571428571428571,0.2222222222222222,,,,False
951,0.873015873015873,0.2222222222222222,,,,False
952,0.8888888888888888,0.2222222222222222,,,,False
953,0.9047619047619047,0.2222222222222222,,,,False
954,0.9206349206349206,0.2222222222222222,,,,False
955,0.9365079365079365,0.2222222222222222,,,,False
956,0.9523809523809523,0.2222222222222222,,,,False
957,0.9682539682539681,0.2222222222222222,,,,False
958,0.9841269841269841,0.2222222222222222,,,,False
959,1.0,0.2222222222222222,,,,False
960,0.0,0.23809523809523808,,,,False
961,0.015873015873015872,0.23809523809523808,,,,False
962,0.031746031746031744,0.23809523809523808,,,,False
963,0.047619047619047616,0.23809523809523808,,,,False
964,0.06349206349206349,0.23809523809523808,,,,False
965,0.07936507936507936,0.23809523809523808,,,,False
966,0.09523809523809523,0.23809523809523808,,,,False
967,0.1111111111111111,0.23809523809523808,,,,False
968,0.12698412698412698,0.23809523809523808,,,,False
969,0.14285714285714285,0.23809523809523808,,,,False
970,0.15873015873015872,0.23809523809523808,,,,False
971,0.1746031746031746,0.23809523809523808,,,,False
972,0.19047619047619047,0.23809523809523808,,,,False
973,0.20634920634920634,0.23809523809523808,,,,False
974,0.2222222222222222,0.23809523809523808,,,,False
975,0.23809523809523808,0.23809523809523808,,,,False
976,0.25396825396825395,0.23809523809523808,,,,False
977,0.2698412698412698,0.23809523809523808,,,,False
978,0.2857142857142857,0.23809523809523808,,,,False
979,0.30158730158730157,0.23809523809523808,,,,False
980,0.31746031746031744,0.23809523809523808,,,,False
981,0.3333333333333333,0.23809523809523808,,,,False
982,0.3492063492063492,0.23809523809523808,,,,False
983,0.36507936507936506,0.23809523809523808,,,,False
984,0.38095238095238093,0.23809523809523808,,,,False
985,0.3968253968253968,0.23809523809523808,,,,False
986,0.4126984126984127,0.23809523809523808,,,,False
987,0.42857142857142855,0.23809523809523808,,,,False
988,0.4444444444444444,0.23809523809523808,,,,False
989,0.4603174603174603,0.23809523809523808,,,,False
990,0.47619047619047616,0.23809523809523808,,,,False
991,0.49206349206349204,0.23809523809523808,,,,False
992,0.5079365079365079,0.23809523809523808,,,,False
993,0.5238095238095237,0.23809523809523808,,,,False
994,0.5396825396825397,0.23809523809523808,,,,False
995,0.5555555555555556,0.23809523809523808,,,,False
996,0.5714285714285714,0.23809523809523808,,,,False
997,0.5873015873015872,0.23809523809523808,,,,False
998,0.6031746031746031,0.23809523809523808,,,,False
999,0.6190476190476191,0.23809523809523808,,,,False
1000,0.6349206349206349,0.23809523809523808,,,,False
1001,0.6507936507936507,0.23809523809523808,,,,False
1002,0.6666666666666666,0.23809523809523808,,,,False
1003,0.6825396825396826,0.23809523809523808,,,,False
1004,0.6984126984126984,0.23809523809523808,,,,False
1005,0.7142857142857142,0.23809523809523808,,,,False
1006,0.7301587301587301,0.23809523809523808,,,,False
1007,0.746031746031746,0.23809523809523808,,,,False
1008,0.7619047619047619,0.23809523809523808,,,,False
1009,0.7777777777777777,0.23809523809523808,,,,False
1010,0.7936507936507936,0.23809523809523808,,,,False
1011,0.8095238095238095,0.23809523809523808,,,,False
1012,0.8253968253968254,0.23809523809523808,,,,False
1013,0.8412698412698412,0.23809523809523808,,,,False
1014,0.8571428571428571,0.23809523809523808,,,,False
1015,0.873015873015873,0.23809523809523808,,,,False
1016,0.8888888888888888,0.23809523809523808,,,,False
1017,0.9047619047619047,0.23809523809523808,,,,False
1018,0.9206349206349206,0.23809523809523808,,,,False
1019,0.9365079365079365,0.23809523809523808,,,,False
1020,0.9523809523809523,0.23809523809523808,,,,False
1021,0.9682539682539681,0.23809523809523808,,,,False
1022,0.9841269841269841,0.23809523809523808,,,,False
1023,1.0,0.23809523809523808,,,,False
1024,0.0,0.25396825396825395,,,,False
1025,0.015873015873015872,0.25396825396825395,,,,False
1026,0.031746031746031744,0.25396825396825395,,,,False
1027,0.047619047619047616,0.25396825396825395,,,,False
1028,0.06349206349206349,0.25396825396825395,,,,False
1029,0.07936507936507936,0.25396825396825395,,,,False
1030,0.09523809523809523,0.25396825396825395,,,,False
1031,0.1111111111111111,0.25396825396825395,,,,False
1032,0.12698412698412698,0.25396825396825395,,,,False
1033,0.14285714285714285,0.25396825396825395,,,,False
1034,0.15873015873015872,0.25396825396825395,,,,False
1035,0.1746031746031746,0.25396825396825395,,,,False
1036,0.19047619047619047,0.25396825396825395,,,,False
1037,0.20634920634920634,0.25396825396825395,,,,False
1038,0.2222222222222222,0.25396825396825395,,,,False
1039,0.23809523809523808,0.25396825396825395,,,,False
1040,0.25396825396825395,0.25396825396825395,,,,False
1041,0.2698412698412698,0.25396825396825395,,,,False
1042,0.2857142857142857,0.25396825396825395,,,,False
1043,0.30158730158730157,0.25396825396825395,,,,False
1044,0.31746031746031744,0.25396825396825395,,,,False
1045,0.3333333333333333,0.25396825396825395,,,,False
1046,0.3492063492063492,0.25396825396825395,,,,False
1047,0.36507936507936506,0.25396825396825395,,,,False
1048,0.38095238095238093,0.25396825396825395,,,,False
1049,0.3968253968253968,0.25396825396825395,,,,False
1050,0.4126984126984127,0.25396825396825395,,,,False
1051,0.42857142857142855,0.25396825396825395,,,,False
1052,0.4444444444444444,0.25396825396825395,,,,False
1053,0.4603174603174603,0.25396825396825395,,,,False
1054,0.47619047619047616,0.25396825396825395,,,,False
1055,0.49206349206349204,0.25396825396825395,,,,False
1056,0.5079365079365079,0.25396825396825395,,,,False
1057,0.5238095238095237,0.25396825396825395,,,,False
1058,0.5396825396825397,0.25396825396825395,,,,False
1059,0.5555555555555556,0.25396825396825395,,,,False
1060,0.5714285714285714,0.25396825396825395,,,,False
1061,0.5873015873015872,0.25396825396825395,,,,False
1062,0.6031746031746031,0.25396825396825395,,,,False
1063,0.6190476190476191,0.25396825396825395,,,,False
1064,0.6349206349206349,0.25396825396825395,,,,False
1065,0.6507936507936507,0.25396825396825395,,,,False
1066,0.6666666666666666,0.25396825396825395,,,,False
1067,0.6825396825396826,0.25396825396825395,,,,False
1068,0.6984126984126984,0.25396825396825395,,,,False
1069,0.7142857142857142,0.25396825396825395,,,,False
1070,0.7301587301587301,0.25396825396825395,,,,False
1071,0.746031746031746,0.25396825396825395,,,,False
1072,0.7619047619047619,0.25396825396825395,,,,False
1073,0.7777777777777777,0.25396825396825395,,,,False
1074,0.7936507936507936,0.25396825396825395,,,,False
1075,0.8095238095238095,0.25396825396825395,,,,False
1076,0.8253968253968254,0.25396825396825395,,,,False
1077,0.8412698412698412,0.25396825396825395,,,,False
1078,0.8571428571428571,0.25396825396825395,,,,False
1079,0.873015873015873,0.25396825396825395,,,,False
1080,0.8888888888888888,0.25396825396825395,,,,False
1081,0.9047619047619047,0.25396825396825395,,,,False
1082,0.9206349206349206,0.25396825396825395,,,,False
1083,0.9365079365079365,0.25396825396825395,,,,False
1084,0.9523809523809523,0.25396825396825395,,,,False
1085,0.9682539682539681,0.25396825396825395,,,,False
1086,0.9841269841269841,0.25396825396825395,,,,False
1087,1.0,0.25396825396825395,,,,False
1088,0.0,0.2698412698412698,,,,False
1089,0.015873015873015872,0.2698412698412698,,,,False
1090,0.031746031746031744,0.2698412698412698,,,,False
1091,0.047619047619047616,0.2698412698412698,,,,False
1092,0.06349206349206349,0.2698412698412698,,,,False
1093,0.07936507936507936,0.2698412698412698,,,,False
1094,0.09523809523809523,0.2698412698412698,,,,False
1095,0.1111111111111111,0.2698412698412698,,,,False
1096,0.12698412698412698,0.2698412698412698,,,,False
1097,0.14285714285714285,0.2698412698412698,,,,False
1098,0.15873015873015872,0.2698412698412698,,,,False
1099,0.1746031746031746,0.2698412698412698,,,,False
1100,0.19047619047619047,0.2698412698412698,,,,False
1101,0.20634920634920634,0.2698412698412698,,,,False
1102,0.2222222222222222,0.2698412698412698,,,,False
1103,0.23809523809523808,0.2698412698412698,,,,False
1104,0.25396825396825395,0.2698412698412698,,,,False
1105,0.2698412698412698,0.2698412698412698,,,,False
1106,0.2857142857142857,0.2698412698412698,,,,False
1107,0.30158730158730157,0.2698412698412698,,,,False
1108,0.31746031746031744,0.2698412698412698,,,,False
1109,0.3333333333333333,0.2698412698412698,,,,False
1110,0.3492063492063492,0.2698412698412698,,,,False
1111,0.36507936507936506,0.2698412698412698,,,,False
1112,0.38095238095238093,0.2698412698412698,,,,False
1113,0.3968253968253968,0.2698412698412698,,,,False
1114,0.4126984126984127,0.2698412698412698,,,,False
1115,0.42857142857142855,0.2698412698412698,,,,False
1116,0.4444444444444444,0.2698412698412698,,,,False
1117,0.4603174603174603,0.2698412698412698,,,,False
1118,0.47619047619047616,0.2698412698412698,,,,False
1119,0.49206349206349204,0.2698412698412698,,,,False
1120,0.5079365079365079,0.2698412698412698,,,,False
1121,0.5238095238095237,0.2698412698412698,,,,False
1122,0.5396825396825397,0.2698412698412698,,,,False
1123,0.5555555555555556,0.2698412698412698,,,,False
1124,0.5714285714285714,0.2698412698412698,,,,False
1125,0.5873015873015872,0.2698412698412698,,,,False
1126,0.6031746031746031,0.2698412698412698,,,,False
1127,0.6190476190476191,0.2698412698412698,,,,False
1128,0.6349206349206349,0.2698412698412698,,,,False
1129,0.6507936507936507,0.2698412698412698,,,,False
1130,0.6666666666666666,0.2698412698412698,,,,False
1131,0.6825396825396826,0.2698412698412698,,,,False
1132,0.6984126984126984,0.2698412698412698,,,,False
1133,0.7142857142857142,0.2698412698412698,,,,False
1134,0.7301587301587301,0.2698412698412698,,,,False
1135,0.746031746031746,0.2698412698412698,,,,False
1136,0.7619047619047619,0.2698412698412698,,,,False
1137,0.7777777777777777,0.2698412698412698,,,,False
1138,0.7936507936507936,0.2698412698412698,,,,False
1139,0.8095238095238095,0.2698412698412698,,,,False
1140,0.8253968253968254,0.2698412698412698,,,,False
1141,0.8412698412698412,0.2698412698412698,,,,False
1142,0.8571428571428571,0.2698412698412698,,,,False
1143,0.873015873015873,0.2698412698412698,,,,False
1144,0.8888888888888888,0.2698412698412698,,,,False
1145,0.9047619047619047,0.2698412698412698,,,,False
1146,0.9206349206349206,0.2698412698412698,,,,False
1147,0.9365079365079365,0.2698412698412698,,,,False
1148,0.9523809523809523,0.2698412698412698,,,,False
1149,0.9682539682539681,0.2698412698412698,,,,False
1150,0.9841269841269841,0.2698412698412698,,,,False
1151,1.0,0.2698412698412698,,,,False
1152,0.0,0.2857142857142857,,,,False
1153,0.015873015873015872,0.2857142857142857,,,,False
1154,0.031746031746031744,0.2857142857142857,,,,False
1155,0.047619047619047616,0.2857142857142857,,,,False
1156,0.06349206349206349,0.2857142857142857,,,,False
1157,0.07936507936507936,0.2857142857142857,,,,False
1158,0.09523809523809523,0.2857142857142857,,,,False
1159,0.1111111111111111,0.2857142857142857,,,,False
1160,0.12698412698412698,0.2857142857142857,,,,False
1161,0.14285714285714285,0.2857142857142857,,,,False
1162,0.15873015873015872,0.2857142857142857,,,,False
1163,0.1746031746031746,0.2857142857142857,,,,False
1164,0.19047619047619047,0.2857142857142857,,,,False
1165,0.20634920634920634,0.2857142857142857,,,,False
1166,0.2222222222222222,0.2857142857142857,,,,False
1167,0.23809523809523808,0.2857142857142857,,,,False
1168,0.25396825396825395,0.2857142857142857,,,,False
1169,0.2698412698412698,0.2857142857142857,,,,False
1170,0.2857142857142857,0.2857142857142857,,,,False
1171,0.30158730158730157,0.2857142857142857,,,,False
1172,0.31746031746031744,0.2857142857142857,,,,False
1173,0.3333333333333333,0.2857142857142857,,,,False
1174,0.3492063492063492,0.2857142857142857,,,,False
1175,0.36507936507936506,0.2857142857142857,,,,False
1176,0.38095238095238093,0.2857142857142857,,,,False
1177,0.3968253968253968,0.2857142857142857,,,,False
1178,0.4126984126984127,0.2857142857142857,,,,False
1179,0.42857142857142855,0.2857142857142857,,,,False
1180,0.4444444444444444,0.2857142857142857,,,,False
1181,0.4603174603174603,0.2857142857142857,,,,False
1182,0.47619047619047616,0.2857142857142857,,,,False
1183,0.49206349206349204,0.2857142857142857,,,,False
1184,0.5079365079365079,0.2857142857142857,,,,False
1185,0.5238095238095237,0.2857142857142857,,,,False
1186,0.5396825396825397,0.2857142857142857,,,,False
1187,0.5555555555555556,0.2857142857142857,,,,False
1188,0.5714285714285714,0.2857142857142857,,,,False
1189,0.5873015873015872,0.2857142857142857,,,,False
1190,0.6031746031746031,0.2857142857142857,,,,False
1191,0.6190476190476191,0.2857142857142857,,,,False
1192,0.6349206349206349,0.2857142857142857,,,,False
1193,0.6507936507936507,0.2857142857142857,,,,False
1194,0.6666666666666666,0.2857142857142857,,,,False
1195,0.6825396825396826,0.2857142857142857,,,,False
1196,0.6984126984126984,0.2857142857142857,,,,False
1197,0.7142857142857142,0.2857142857142857,,,,False
1198,0.7301587301587301,0.2857142857142857,,,,False
1199,0.746031746031746,0.2857142857142857,,,,False
1200,0.7619047619047619,0.2857142857142857,,,,False
1201,0.7777777777777777,0.2857142857142857,,,,False
1202,0.7936507936507936,0.2857142857142857,,,,False
1203,0.8095238095238095,0.2857142857142857,,,,False
1204,0.8253968253968254,0.2857142857142857,,,,False
1205,0.8412698412698412,0.2857142857142857,,,,False
1206,0.8571428571428571,0.2857142857142857,,,,False
1207,0.873015873015873,0.2857142857142857,,,,False
1208,0.8888888888888888,0.2857142857142857,,,,False
1209,0.9047619047619047,0.2857142857142857,,,,False
1210,0.9206349206349206,0.2857142857142857,,,,False
1211,0.9365079365079365,0.2857142857142857,,,,False
1212,0.9523809523809523,0.2857142857142857,,,,False
1213,0.9682539682539681,0.2857142857142857,,,,False
1214,0.9841269841269841,0.2857142857142857,,,,False
1215,1.0,0.2857142857142857,,,,False
1216,0.0,0.30158730158730157,,,,False
1217,0.015873015873015872,0.30158730158730157,,,,False
1218,0.031746031746031744,0.30158730158730157,,,,False
1219,0.047619047619047616,0.30158730158730157,,,,False
1220,0.06349206349206349,0.30158730158730157,,,,False
1221,0.07936507936507936,0.30158730158730157,,,,False
1222,0.09523809523809523,0.30158730158730157,,,,False
1223,0.1111111111111111,0.30158730158730157,,,,False
1224,0.12698412698412698,0.30158730158730157,,,,False
1225,0.14285714285714285,0.30158730158730157,,,,False
1226,0.15873015873015872,0.30158730158730157,,,,False
1227,0.1746031746031746,0.30158730158730157,,,,False
1228,0.19047619047619047,0.30158730158730157,,,,False
1229,0.20634920634920634,0.30158730158730157,,,,False
1230,0.2222222222222222,0.30158730158730157,,,,False
1231,0.23809523809523808,0.30158730158730157,,,,False
1232,0.25396825396825395,0.30158730158730157,,,,False
1233,0.2698412698412698,0.30158730158730157,,,,False
1234,0.2857142857142857,0.30158730158730157,,,,False
1235,0.30158730158730157,0.30158730158730157,,,,False
1236,0.31746031746031744,0.30158730158730157,,,,False
1237,0.3333333333333333,0.30158730158730157,,,,False
1238,0.3492063492063492,0.30158730158730157,,,,False
1239,0.36507936507936506,0.30158730158730157,,,,False
1240,0.38095238095238093,0.30158730158730157,,,,False
1241,0.3968253968253968,0.30158730158730157,,,,False
1242,0.4126984126984127,0.30158730158730157,,,,False
1243,0.42857142857142855,0.30158730158730157,,,,False
1244,0.4444444444444444,0.30158730158730157,,,,False
1245,0.4603174603174603,0.30158730158730157,,,,False
1246,0.47619047619047616,0.30158730158730157,,,,False
1247,0.49206349206349204,0.30158730158730157,,,,False
1248,0.5079365079365079,0.30158730158730157,,,,False
1249,0.5238095238095237,0.30158730158730157,,,,False
1250,0.5396825396825397,0.30158730158730157,,,,False
1251,0.5555555555555556,0.30158730158730157,,,,False
1252,0.5714285714285714,0.30158730158730157,,,,False
1253,0.5873015873015872,0.30158730158730157,,,,False
1254,0.6031746031746031,0.30158730158730157,,,,False
1255,0.6190476190476191,0.30158730158730157,,,,False
1256,0.6349206349206349,0.30158730158730157,,,,False
1257,0.6507936507936507,0.30158730158730157,,,,False
1258,0.6666666666666666,0.30158730158730157,,,,False
1259,0.6825396825396826,0.30158730158730157,,,,False
1260,0.6984126984126984,0.30158730158730157,,,,False
1261,0.7142857142857142,0.30158730158730157,,,,False
1262,0.7301587301587301,0.30158730158730157,,,,False
1263,0.746031746031746,0.30158730158730157,,,,False
1264,0.7619047619047619,0.30158730158730157,,,,False
1265,0.7777777777777777,0.30158730158730157,,,,False
1266,0.7936507936507936,0.30158730158730157,,,,False
1267,0.8095238095238095,0.30158730158730157,,,,False
1268,0.8253968253968254,0.30158730158730157,,,,False
1269,0.8412698412698412,0.30158730158730157,,,,False
1270,0.8571428571428571,0.30158730158730157,,,,False
1271,0.873015873015873,0.30158730158730157,,,,False
1272,0.8888888888888888,0.30158730158730157,,,,False
1273,0.9047619047619047,0.30158730158730157,,,,False
1274,0.9206349206349206,0.30158730158730157,,,,False
1275,0.9365079365079365,0.30158730158730157,,,,False
1276,0.9523809523809523,0.30158730158730157,,,,False
1277,0.9682539682539681,0.30158730158730157,,,,False
1278,0.9841269841269841,0.30158730158730157,,,,False
1279,1.0,0.30158730158730157,,,,False
1280,0.0,0.31746031746031744,,,,False
1281,0.015873015873015872,0.31746031746031744,,,,False
1282,0.031746031746031744,0.31746031746031744,,,,False
1283,0.047619047619047616,0.31746031746031744,,,,False
1284,0.06349206349206349,0.31746031746031744,,,,False
1285,0.07936507936507936,0.31746031746031744,,,,False
1286,0.09523809523809523,0.31746031746031744,,,,False
1287,0.1111111111111111,0.31746031746031744,,,,False
1288,0.12698412698412698,0.31746031746031744,,,,False
1289,0.14285714285714285,0.31746031746031744,,,,False
1290,0.15873015873015872,0.31746031746031744,,,,False
1291,0.1746031746031746,0.31746031746031744,,,,False
1292,0.19047619047619047,0.31746031746031744,,,,False
1293,0.20634920634920634,0.31746031746031744,,,,False
1294,0.2222222222222222,0.31746031746031744,,,,False
1295,0.23809523809523808,0.31746031746031744,,,,False
1296,0.25396825396825395,0.31746031746031744,,,,False
1297,0.2698412698412698,0.31746031746031744,,,,False
1298,0.2857142857142857,0.31746031746031744,,,,False
1299,0.30158730158730157,0.31746031746031744,,,,False
1300,0.31746031746031744,0.31746031746031744,,,,False
1301,0.3333333333333333,0.31746031746031744,,,,False
1302,0.3492063492063492,0.31746031746031744,,,,False
1303,0.36507936507936506,0.31746031746031744,,,,False
1304,0.38095238095238093,0.31746031746031744,,,,False
1305,0.3968253968253968,0.31746031746031744,,,,False
1306,0.4126984126984127,0.31746031746031744,,,,False
1307,0.42857142857142855,0.31746031746031744,,,,False
1308,0.4444444444444444,0.31746031746031744,,,,False
1309,0.4603174603174603,0.31746031746031744,,,,False
1310,0.47619047619047616,0.31746031746031744,,,,False
1311,0.49206349206349204,0.31746031746031744,,,,False
1312,0.5079365079365079,0.31746031746031744,,,,False
1313,0.5238095238095237,0.31746031746031744,,,,False
1314,0.5396825396825397,0.31746031746031744,,,,False
1315,0.5555555555555556,0.31746031746031744,,,,False
1316,0.5714285714285714,0.31746031746031744,,,,False
1317,0.5873015873015872,0.31746031746031744,,,,False
1318,0.6031746031746031,0.31746031746031744,,,,False
1319,0.6190476190476191,0.31746031746031744,,,,False
1320,0.6349206349206349,0.31746031746031744,,,,False
1321,0.6507936507936507,0.31746031746031744,,,,False
1322,0.6666666666666666,0.31746031746031744,,,,False
1323,0.6825396825396826,0.31746031746031744,,,,False
1324,0.6984126984126984,0.31746031746031744,,,,False
1325,0.7142857142857142,0.31746031746031744,,,,False
1326,0.7301587301587301,0.31746031746031744,,,,False
1327,0.746031746031746,0.31746031746031744,,,,False
1328,0.7619047619047619,0.31746031746031744,,,,False
1329,0.7777777777777777,0.31746031746031744,,,,False
1330,0.7936507936507936,0.31746031746031744,,,,False
1331,0.8095238095238095,0.31746031746031744,,,,False
1332,0.8253968253968254,0.31746031746031744,,,,False
1333,0.8412698412698412,0.31746031746031744,,,,False
1334,0.8571428571428571,0.31746031746031744,,,,False
1335,0.873015873015873,0.31746031746031744,,,,False
1336,0.8888888888888888,0.31746031746031744,,,,False
1337,0.9047619047619047,0.31746031746031744,,,,False
1338,0.9206349206349206,0.31746031746031744,,,,False
1339,0.9365079365079365,0.31746031746031744,,,,False
1340,0.9523809523809523,0.31746031746031744,,,,False
1341,0.9682539682539681,0.31746031746031744,,,,False
1342,0.9841269841269841,0.31746031746031744,,,,False
1343,1.0,0.31746031746031744,,,,False
1344,0.0,0.3333333333333333,,,,False
1345,0.015873015873015872,0.3333333333333333,,,,False
1346,0.031746031746031744,0.3333333333333333,,,,False
1347,0.047619047619047616,0.3333333333333333,,,,False
1348,0.06349206349206349,0.3333333333333333,,,,False
1349,0.07936507936507936,0.3333333333333333,,,,False
1350,0.09523809523809523,0.3333333333333333,,,,False
1351,0.1111111111111111,0.3333333333333333,,,,False
1352,0.12698412698412698,0.3333333333333333,,,,False
1353,0.14285714285714285,0.3333333333333333,,,,False
1354,0.15873015873015872,0.3333333333333333,,,,False
1355,0.1746031746031746,0.3333333333333333,,,,False
1356,0.19047619047619047,0.3333333333333333,,,,False
1357,0.20634920634920634,0.3333333333333333,,,,False
1358,0.2222222222222222,0.3333333333333333,,,,False
1359,0.23809523809523808,0.3333333333333333,,,,False
1360,0.25396825396825395,0.3333333333333333,,,,False
1361,0.2698412698412698,0.3333333333333333,,,,False
1362,0.2857142857142857,0.3333333333333333,,,,False
1363,0.30158730158730157,0.3333333333333333,,,,False
1364,0.31746031746031744,0.3333333333333333,,,,False
1365,0.3333333333333333,0.3333333333333333,,,,False
1366,0.3492063492063492,0.3333333333333333,,,,False
1367,0.36507936507936506,0.3333333333333333,,,,False
1368,0.38095238095238093,0.3333333333333333,,,,False
1369,0.3968253968253968,0.3333333333333333,,,,False
1370,0.4126984126984127,0.3333333333333333,,,,False
1371,0.42857142857142855,0.3333333333333333,,,,False
1372,0.4444444444444444,0.3333333333333333,,,,False
1373,0.4603174603174603,0.3333333333333333,,,,False
1374,0.47619047619047616,0.3333333333333333,,,,False
1375,0.49206349206349204,0.3333333333333333,,,,False
1376,0.5079365079365079,0.3333333333333333,,,,False
1377,0.5238095238095237,0.3333333333333333,,,,False
1378,0.5396825396825397,0.3333333333333333,,,,False
1379,0.5555555555555556,0.3333333333333333,,,,False
1380,0.5714285714285714,0.3333333333333333,,,,False
1381,0.5873015873015872,0.3333333333333333,,,,False
1382,0.6031746031746031,0.3333333333333333,,,,False
1383,0.6190476190476191,0.3333333333333333,,,,False
1384,0.6349206349206349,0.3333333333333333,,,,False
1385,0.6507936507936507,0.3333333333333333,,,,False
1386,0.6666666666666666,0.3333333333333333,,,,False
1387,0.6825396825396826,0.3333333333333333,,,,False
1388,0.6984126984126984,0.3333333333333333,,,,False
1389,0.7142857142857142,0.3333333333333333,,,,False
1390,0.7301587301587301,0.3333333333333333,,,,False
1391,0.746031746031746,0.3333333333333333,,,,False
1392,0.7619047619047619,0.3333333333333333,,,,False
1393,0.7777777777777777,0.3333333333333333,,,,False
1394,0.7936507936507936,0.3333333333333333,,,,False
1395,0.8095238095238095,0.3333333333333333,,,,False
1396,0.8253968253968254,0.3333333333333333,,,,False
1397,0.8412698412698412,0.3333333333333333,,,,False
1398,0.8571428571428571,0.3333333333333333,,,,False
1399,0.873015873015873,0.3333333333333333,,,,False
1400,0.8888888888888888,0.3333333333333333,,,,False
1401,0.9047619047619047,0.3333333333333333,,,,False
1402,0.9206349206349206,0.3333333333333333,,,,False
1403,0.9365079365079365,0.3333333333333333,,,,False
1404,0.9523809523809523,0.3333333333333333,,,,False
1405,0.9682539682539681,0.3333333333333333,,,,False
1406,0.9841269841269841,0.3333333333333333,,,,False
1407,1.0,0.3333333333333333,,,,False
1408,0.0,0.3492063492063492,,,,False
1409,0.015873015873015872,0.3492063492063492,,,,False
1410,0.031746031746031744,0.3492063492063492,,,,False
1411,0.047619047619047616,0.3492063492063492,,,,False
1412,0.06349206349206349,0.3492063492063492,,,,False
1413,0.07936507936507936,0.3492063492063492,,,,False
1414,0.09523809523809523,0.3492063492063492,,,,False
1415,0.1111111111111111,0.3492063492063492,,,,False
1416,0.12698412698412698,0.3492063492063492,,,,False
1417,0.14285714285714285,0.3492063492063492,,,,False
1418,0.15873015873015872,0.3492063492063492,,,,False
1419,0.1746031746031746,0.3492063492063492,,,,False
1420,0.19047619047619047,0.3492063492063492,,,,False
1421,0.20634920634920634,0.3492063492063492,,,,False
1422,0.2222222222222222,0.3492063492063492,,,,False
1423,0.23809523809523808,0.3492063492063492,,,,False
1424,0.25396825396825395,0.3492063492063492,,,,False
1425,0.2698412698412698,0.3492063492063492,,,,False
1426,0.2857142857142857,0.3492063492063492,,,,False
1427,0.30158730158730157,0.3492063492063492,,,,False
1428,0.31746031746031744,0.3492063492063492,,,,False
1429,0.3333333333333333,0.3492063492063492,,,,False
1430,0.3492063492063492,0.3492063492063492,,,,False
1431,0.36507936507936506,0.3492063492063492,,,,False
1432,0.38095238095238093,0.3492063492063492,,,,False
1433,0.3968253968253968,0.3492063492063492,,,,False
1434,0.4126984126984127,0.3492063492063492,,,,False
1435,0.42857142857142855,0.3492063492063492,,,,False
1436,0.4444444444444444,0.3492063492063492,,,,False
1437,0.4603174603174603,0.3492063492063492,,,,False
1438,0.47619047619047616,0.3492063492063492,,,,False
1439,0.49206349206349204,0.3492063492063492,,,,False
1440,0.5079365079365079,0.3492063492063492,,,,False
1441,0.5238095238095237,0.3492063492063492,,,,False
1442,0.5396825396825397,0.3492063492063492,,,,False
1443,0.5555555555555556,0.3492063492063492,,,,False
1444,0.5714285714285714,0.3492063492063492,,,,False
1445,0.5873015873015872,0.3492063492063492,,,,False
1446,0.6031746031746031,0.3492063492063492,,,,False
1447,0.6190476190476191,0.3492063492063492,,,,False
1448,0.6349206349206349,0.3492063492063492,,,,False
1449,0.6507936507936507,0.3492063492063492,,,,False
1450,0.6666666666666666,0.3492063492063492,,,,False
1451,0.6825396825396826,0.3492063492063492,,,,False
1452,0.6984126984126984,0.3492063492063492,,,,False
1453,0.7142857142857142,0.3492063492063492,,,,False
1454,0.7301587301587301,0.3492063492063492,,,,False
1455,0.746031746031746,0.3492063492063492,,,,False
1456,0.7619047619047619,0.3492063492063492,,,,False
1457,0.7777777777777777,0.3492063492063492,,,,False
1458,0.7936507936507936,0.3492063492063492,,,,False
1459,0.8095238095238095,0.3492063492063492,,,,False
1460,0.8253968253968254,0.3492063492063492,,,,False
1461,0.8412698412698412,0.3492063492063492,,,,False
1462,0.8571428571428571,0.3492063492063492,,,,False
1463,0.873015873015873,0.3492063492063492,,,,False
1464,0.8888888888888888,0.3492063492063492,,,,False
1465,0.9047619047619047,0.3492063492063492,,,,False
1466,0.9206349206349206,0.3492063492063492,,,,False
1467,0.9365079365079365,0.3492063492063492,,,,False
1468,0.9523809523809523,0.3492063492063492,,,,False
1469,0.9682539682539681,0.3492063492063492,,,,False
1470,0.9841269841269841,0.3492063492063492,,,,False
1471,1.0,0.3492063492063492,,,,False
1472,0.0,0.36507936507936506,,,,False
1473,0.015873015873015872,0.36507936507936506,,,,False
1474,0.031746031746031744,0.36507936507936506,,,,False
1475,0.047619047619047616,0.36507936507936506,,,,False
1476,0.06349206349206349,0.36507936507936506,,,,False
1477,0.07936507936507936,0.36507936507936506,,,,False
1478,0.09523809523809523,0.36507936507936506,,,,False
1479,0.1111111111111111,0.36507936507936506,,,,False
1480,0.12698412698412698,0.36507936507936506,,,,False
1481,0.14285714285714285,0.36507936507936506,,,,False
1482,0.15873015873015872,0.36507936507936506,,,,False
1483,0.1746031746031746,0.36507936507936506,,,,False
1484,0.19047619047619047,0.36507936507936506,,,,False
1485,0.20634920634920634,0.36507936507936506,,,,False
1486,0.2222222222222222,0.36507936507936506,,,,False
1487,0.23809523809523808,0.36507936507936506,,,,False
1488,0.25396825396825395,0.36507936507936506,,,,False
1489,0.2698412698412698,0.36507936507936506,,,,False
1490,0.2857142857142857,0.36507936507936506,,,,False
1491,0.30158730158730157,0.36507936507936506,,,,False
1492,0.31746031746031744,0.36507936507936506,,,,False
1493,0.3333333333333333,0.36507936507936506,,,,False
1494,0.3492063492063492,0.36507936507936506,,,,False
1495,0.36507936507936506,0.36507936507936506,,,,False
1496,0.38095238095238093,0.36507936507936506,,,,False
1497,0.3968253968253968,0.36507936507936506,,,,False
1498,0.4126984126984127,0.36507936507936506,,,,False
1499,0.42857142857142855,0.36507936507936506,,,,False
1500,0.4444444444444444,0.36507936507936506,,,,False
1501,0.4603174603174603,0.36507936507936506,,,,False
1502,0.47619047619047616,0.36507936507936506,,,,False
1503,0.49206349206349204,0.36507936507936506,,,,False
1504,0.5079365079365079,0.36507936507936506,,,,False
1505,0.5238095238095237,0.36507936507936506,,,,False
1506,0.5396825396825397,0.36507936507936506,,,,False
1507,0.5555555555555556,0.36507936507936506,,,,False
1508,0.5714285714285714,0.36507936507936506,,,,False
1509,0.5873015873015872,0.36507936507936506,,,,False
1510,0.6031746031746031,0.36507936507936506,,,,False
1511,0.6190476190476191,0.36507936507936506,,,,False
1512,0.6349206349206349,0.36507936507936506,,,,False
1513,0.6507936507936507,0.36507936507936506,,,,False
1514,0.6666666666666666,0.36507936507936506,,,,False
1515,0.6825396825396826,0.36507936507936506,,,,False
1516,0.6984126984126984,0.36507936507936506,,,,False
1517,0.7142857142857142,0.36507936507936506,,,,False
1518,0.7301587301587301,0.36507936507936506,,,,False
1519,0.746031746031746,0.36507936507936506,,,,False
1520,0.7619047619047619,0.36507936507936506,,,,False
1521,0.7777777777777777,0.36507936507936506,,,,False
1522,0.7936507936507936,0.36507936507936506,,,,False
1523,0.8095238095238095,0.36507936507936506,,,,False
1524,0.8253968253968254,0.36507936507936506,,,,False
1525,0.8412698412698412,0.36507936507936506,,,,False
1526,0.8571428571428571,0.36507936507936506,,,,False
1527,0.873015873015873,0.36507936507936506,,,,False
1528,0.8888888888888888,0.36507936507936506,,,,False
1529,0.9047619047619047,0.36507936507936506,,,,False
1530,0.9206349206349206,0.36507936507936506,,,,False
1531,0.9365079365079365,0.36507936507936506,,,,False
1532,0.9523809523809523,0.36507936507936506,,,,False
1533,0.9682539682539681,0.36507936507936506,,,,False
1534,0.9841269841269841,0.36507936507936506,,,,False
1535,1.0,0.36507936507936506,,,,False
1536,0.0,0.38095238095238093,,,,False
1537,0.015873015873015872,0.38095238095238093,,,,False
1538,0.031746031746031744,0.38095238095238093,,,,False
1539,0.047619047619047616,0.38095238095238093,,,,False
1540,0.06349206349206349,0.38095238095238093,,,,False
1541,0.07936507936507936,0.38095238095238093,,,,False
1542,0.09523809523809523,0.38095238095238093,,,,False
1543,0.1111111111111111,0.38095238095238093,,,,False
1544,0.12698412698412698,0.38095238095238093,,,,False
1545,0.14285714285714285,0.38095238095238093,,,,False
1546,0.15873015873015872,0.38095238095238093,,,,False
1547,0.1746031746031746,0.38095238095238093,,,,False
1548,0.19047619047619047,0.38095238095238093,,,,False
1549,0.20634920634920634,0.38095238095238093,,,,False
1550,0.2222222222222222,0.38095238095238093,,,,False
1551,0.23809523809523808,0.38095238095238093,,,,False
1552,0.25396825396825395,0.38095238095238093,,,,False
1553,0.2698412698412698,0.38095238095238093,,,,False
1554,0.2857142857142857,0.38095238095238093,,,,False
1555,0.30158730158730157,0.38095238095238093,,,,False
1556,0.31746031746031744,0.38095238095238093,,,,False
1557,0.3333333333333333,0.38095238095238093,,,,False
1558,0.3492063492063492,0.38095238095238093,,,,False
1559,0.36507936507936506,0.38095238095238093,,,,False
1560,0.38095238095238093,0.38095238095238093,,,,False
1561,0.3968253968253968,0.38095238095238093,,,,False
1562,0.4126984126984127,0.38095238095238093,,,,False
1563,0.42857142857142855,0.38095238095238093,,,,False
1564,0.4444444444444444,0.38095238095238093,,,,False
1565,0.4603174603174603,0.38095238095238093,,,,False
1566,0.47619047619047616,0.38095238095238093,,,,False
1567,0.49206349206349204,0.38095238095238093,,,,False
1568,0.5079365079365079,0.38095238095238093,,,,False
1569,0.5238095238095237,0.38095238095238093,,,,False
1570,0.5396825396825397,0.38095238095238093,,,,False
1571,0.5555555555555556,0.38095238095238093,,,,False
1572,0.5714285714285714,0.38095238095238093,,,,False
1573,0.5873015873015872,0.38095238095238093,,,,False
1574,0.6031746031746031,0.38095238095238093,,,,False
1575,0.6190476190476191,0.38095238095238093,,,,False
1576,0.6349206349206349,0.38095238095238093,,,,False
1577,0.6507936507936507,0.38095238095238093,,,,False
1578,0.6666666666666666,0.38095238095238093,,,,False
1579,0.6825396825396826,0.38095238095238093,,,,False
1580,0.6984126984126984,0.38095238095238093,,,,False
1581,0.7142857142857142,0.38095238095238093,,,,False
1582,0.7301587301587301,0.38095238095238093,,,,False
1583,0.746031746031746,0.38095238095238093,,,,False
1584,0.7619047619047619,0.38095238095238093,,,,False
1585,0.7777777777777777,0.38095238095238093,,,,False
1586,0.7936507936507936,0.38095238095238093,,,,False
1587,0.8095238095238095,0.38095238095238093,,,,False
1588,0.8253968253968254,0.38095238095238093,,,,False
1589,0.8412698412698412,0.38095238095238093,,,,False
1590,0.8571428571428571,0.38095238095238093,,,,False
1591,0.873015873015873,0.38095238095238093,,,,False
1592,0.8888888888888888,0.38095238095238093,,,,False
1593,0.9047619047619047,0.38095238095238093,,,,False
1594,0.9206349206349206,0.38095238095238093,,,,False
1595,0.9365079365079365,0.38095238095238093,,,,False
1596,0.9523809523809523,0.38095238095238093,,,,False
1597,0.9682539682539681,0.38095238095238093,,,,False
1598,0.9841269841269841,0.38095238095238093,,,,False
1599,1.0,0.38095238095238093,,,,False
1600,0.0,0.3968253968253968,,,,True
1601,0.015873015873015872,0.3968253968253968,,,,True
1602,0.031746031746031744,0.3968253968253968,,,,True
1603,0.047619047619047616,0.3968253968253968,,,,True
1604,0.06349206349206349,0.3968253968253968,,,,True
1605,0.07936507936507936,0.3968253968253968,,,,True
1606,0.09523809523809523,0.3968253968253968,,,,True
1607,0.1111111111111111,0.3968253968253968,,,,True
1608,0.12698412698412698,0.3968253968253968,,,,True
1609,0.14285714285714285,0.3968253968253968,,,,True
1610,0.15873015873015872,0.3968253968253968,,,,True
1611,0.1746031746031746,0.3968253968253968,,,,True
1612,0.19047619047619047,0.3968253968253968,,,,True
1613,0.20634920634920634,0.3968253968253968,,,,True
1614,0.2222222222222222,0.3968253968253968,,,,True
1615,0.23809523809523808,0.3968253968253968,,,,True
1616,0.25396825396825395,0.3968253968253968,,,,True
1617,0.2698412698412698,0.3968253968253968,,,,True
1618,0.2857142857142857,0.3968253968253968,,,,True
1619,0.30158730158730157,0.3968253968253968,,,,True
1620,0.31746031746031744,0.3968253968253968,,,,True
1621,0.3333333333333333,0.3968253968253968,,,,True
1622,0.3492063492063492,0.3968253968253968,,,,True
1623,0.36507936507936506,0.3968253968253968,,,,True
1624,0.38095238095238093,0.3968253968253968,,,,True
1625,0.3968253968253968,0.3968253968253968,,,,True
1626,0.4126984126984127,0.3968253968253968,,,,True
1627,0.42857142857142855,0.3968253968253968,,,,True
1628,0.4444444444444444,0.3968253968253968,,,,True
1629,0.4603174603174603,0.3968253968253968,,,,True
1630,0.47619047619047616,0.3968253968253968,,,,True
1631,0.49206349206349204,0.3968253968253968,,,,True
1632,0.5079365079365079,0.3968253968253968,,,,True
1633,0.5238095238095237,0.3968253968253968,,,,True
1634,0.5396825396825397,0.3968253968253968,,,,True
1635,0.5555555555555556,0.3968253968253968,,,,True
1636,0.5714285714285714,0.3968253968253968,,,,True
1637,0.5873015873015872,0.3968253968253968,,,,True
1638,0.6031746031746031,0.3968253968253968,,,,True
1639,0.6190476190476191,0.3968253968253968,,,,True
1640,0.6349206349206349,0.3968253968253968,,,,True
1641,0.6507936507936507,0.3968253968253968,,,,True
1642,0.6666666666666666,0.3968253968253968,,,,True
1643,0.6825396825396826,0.3968253968253968,,,,True
1644,0.6984126984126984,0.3968253968253968,,,,True
1645,0.7142857142857142,0.3968253968253968,,,,True
1646,0.7301587301587301,0.3968253968253968,,,,True
1647,0.746031746031746,0.3968253968253968,,,,True
1648,0.7619047619047619,0.3968253968253968,,,,True
1649,0.7777777777777777,0.3968253968253968,,,,True
1650,0.7936507936507936,0.3968253968253968,,,,True
1651,0.8095238095238095,0.3968253968253968,,,,True
1652,0.8253968253968254,0.3968253968253968,,,,True
1653,0.8412698412698412,0.3968253968253968,,,,True
1654,0.8571428571428571,0.3968253968253968,,,,True
1655,0.873015873015873,0.3968253968253968,,,,True
1656,0.8888888888888888,0.3968253968253968,,,,True
1657,0.9047619047619047,0.3968253968253968,,,,True
1658,0.9206349206349206,0.3968253968253968,,,,True
1659,0.9365079365079365,0.3968253968253968,,,,True
1660,0.9523809523809523,0.3968253968253968,,,,True
1661,0.9682539682539681,0.3968253968253968,,,,True
1662,0.9841269841269841,0.3968253968253968,,,,True
1663,1.0,0.3968253968253968,,,,True
1664,0.0,0.4126984126984127,0.05526658383146441,-4.872427711618364e-06,0.04363384185182165,True
1665,0.015873015873015872,0.4126984126984127,0.057850132068855094,-0.0027365833636936706,0.04343896555679456,True
1666,0.031746031746031744,0.4126984126984127,0.06682727496240633,-0.005713889412826569,0.04273483724132834,True
1667,0.047619047619047616,0.4126984126984127,0.08200133851582851,-0.008693493927332189,0.041293176579879916,True
1668,0.06349206349206349,0.4126984126984127,0.102708308822657,-0.010459829671066307,0.038746659381243005,True
1669,0.07936507936507936,0.4126984126984127,0.12502180273857239,-0.009387023871006567,0.03502830862616709,True
1670,0.09523809523809523,0.4126984126984127,0.14246900276349123,-0.005106508240369213,0.03068840386020023,True
1671,0.1111111111111111,0.4126984126984127,0.14958550961907952,0.0004100058326696298,0.026695088327144893,True
1672,0.12698412698412698,0.4126984126984127,0.14599703025217328,0.004552527307056764,0.023715887655839672,True
1673,0.14285714285714285,0.4126984126984127,0.13504572041642132,0.006491090362769118,0.021818461862346605,True
1674,0.15873015873015872,0.4126984126984127,0.12112801931636347,0.006446464935429227,0.020734362450400008,True
1675,0.1746031746031746,0.4126984126984127,0.10763654503875561,0.005565644445440039,0.020146581468256503,True
1676,0.19047619047619047,0.4126984126984127,0.096141320974944,0.004325417462697315,0.019823018025686423,True
1677,0.20634920634920634,0.4126984126984127,0.08709675097849957,0.0031947152953308248,0.01959950955683691,True
1678,0.2222222222222222,0.4126984126984127,0.08033311275363011,0.0022894764347192917,0.01939129774712956,True
1679,0.23809523809523808,0.4126984126984127,0.07543545234423688,0.0016024515726546496,0.019154699425796576,True
1680,0.25396825396825395,0.4126984126984127,0.07192466345517587,0.001115608560065423,0.018871267973287125,True
1681,0.2698412698412698,0.4126984126984127,0.06940220832556453,0.0007931592287325323,0.01853709177251103,True
1682,0.2857142857142857,0.4126984126984127,0.06755000427327422,0.0005893402327684461,0.018157015162633443,True
1683,0.30158730158730157,0.4126984126984127,0.06612911024877326,0.00046442918810745294,0.017739903791019238,True
1684,0.31746031746031744,0.4126984126984127,0.06498722641636728,0.00038815453613460913,0.017295483566694,True
1685,0.3333333333333333,0.4126984126984127,0.06403093916652774,0.0003406326626393978,0.016832785626765,True
1686,0.3492063492063492,0.4126984126984127,0.0631905147354109,0.00030932404575898935,0.016359369211102197,True
1687,0.36507936507936506,0.4126984126984127,0.06242930498540933,0.0002867146946073015,0.015881141393623153,True
1688,0.38095238095238093,0.4126984126984127,0.061740707125154955,0.0002673242589182926,0.015402480249045487,True
1689,0.3968253968253968,0.4126984126984127,0.06111195944892559,0.0002489689000650444,0.014926479593384692,True
1690,0.4126984126984127,0.4126984126984127,0.06052862249343083,0.00023138313358417258,0.014455185438434721,True
1691,0.42857142857142855,0.4126984126984127,0.059986091555182586,0.00021448655152692627,0.01398985344599354,True
1692,0.4444444444444444,0.4126984126984127,0.05949779129641267,0.00019707483404676418,0.01353117037703675,True
1693,0.4603174603174603,0.4126984126984127,0.059054993555553464,0.00017996745792319815,0.01307940894254318,True
1694,0.47619047619047616,0.4126984126984127,0.05864846461460862,0.00016388730246922494,0.012634568210957004,True
1695,0.49206349206349204,0.4126984126984127,0.05827361279359298,0.00014909181741626959,0.012196463266133805,True
1696,0.5079365079365079,0.4126984126984127,0.057944691216828256,0.0001345728183725945,0.011764813594705674,True
1697,0.5238095238095237,0.4126984126984127,0.05764982798701487,0.00012108946129584749,0.011339248119487628,True
1698,0.5396825396825397,0.4126984126984127,0.05738125276324497,0.00010891006838476421,0.010919373701311262,True
1699,0.5555555555555556,0.4126984126984127,0.05713364013420924,9.80850352726076e-05,0.010504778164275424,True
1700,0.5714285714285714,0.4126984126984127,0.056922115365822604,8.773881044350157e-05,0.010095067668998484,True
1701,0.5873015873015872,0.4126984126984127,0.0567330994003237,7.841588851062754e-05,0.00968984093238448,True
1702,0.6031746031746031,0.4126984126984127,0.0565609256484443,7.014846277101181e-05,0.009288729238683421,True
1703,0.6190476190476191,0.4126984126984127,0.056400433213612336,6.291968834088075e-05,0.008891375892404026,True
1704,0.6349206349206349,0.4126984126984127,0.05626798512016065,5.607175444047633e-05,0.008497460620944912,True
1705,0.6507936507936507,0.4126984126984127,0.056148981089244765,4.99947898768012e-05,0.00810667266692064,True
1706,0.6666666666666666,0.4126984126984127,0.05603987027920131,4.4642555792989435e-05,0.007718730680203905,True
1707,0.6825396825396826,0.4126984126984127,0.05593587636334564,3.9993110570239754e-05,0.007333378092382794,True
1708,0.6984126984126984,0.4126984126984127,0.05585442881676705,3.5589538880120256e-05,0.006950376370535213,True
1709,0.7142857142857142,0.4126984126984127,0.05578009494798843,3.171359250894934e-05,0.006569509303177608,True
1710,0.7301587301587301,0.4126984126984127,0.05571108166494516,2.8308395848067484e-05,0.00619057524330651,True
1711,0.746031746031746,0.4126984126984127,0.05564295460094634,2.535730054999326e-05,0.005813395809514075,True
1712,0.7619047619047619,0.4126984126984127,0.05559389355479604,2.255529104632877e-05,0.005437805363812348,True
1713,0.7777777777777777,0.4126984126984127,0.05554763757328828,2.0115901316994113e-05,0.005063653873432895,True
1714,0.7936507936507936,0.4126984126984127,0.055503772420714866,1.7989204969513235e-05,0.0046908034543117995,True
1715,0.8095238095238095,0.4126984126984127,0.05545808743999357,1.622243407995042e-05,0.004319134295807908,True
1716,0.8253968253968254,0.4126984126984127,0.05542900162127151,1.4646357124722325e-05,0.0039485441927048425,True
1717,0.8412698412698412,0.4126984126984127,0.055399343085101894,1.3354643253575615e-05,0.0035789543251763317,True
1718,0.8571428571428571,0.4126984126984127,0.05536959345997073,1.2445004659756605e-05,0.003210300163043006,True
1719,0.873015873015873,0.4126984126984127,0.05533535479629937,1.2043629639154662e-05,0.002842552916295193,True
1720,0.8888888888888888,0.4126984126984127,0.05531431562601907,1.2417195420505136e-05,0.0024757079666113367,True
1721,0.9047619047619047,0.4126984126984127,0.05528575867023843,1.5690780162164574e-05,0.002109871382456591,True
1722,0.9206349206349206,0.4126984126984127,0.05524257986206998,2.4358905364599252e-05,0.0017455781611636465,True
1723,0.9365079365079365,0.4126984126984127,0.05516710473378179,4.542168171544301e-05,0.001383842911441194,True
1724,0.9523809523809523,0.4126984126984127,0.055029758402151456,0.00011654822182433502,0.0010275749424759064,True
1725,0.9682539682539681,0.4126984126984127,0.054635241743809425,0.00039419996388642757,0.0006838683790732358,True
1726,0.9841269841269841,0.4126984126984127,0.05373783629237573,0.0018475247720309699,0.00035458080025879826,True
1727,1.0,0.4126984126984127,0.05632792230850301,-0.014959461294194433,0.00022836811528300732,True
1728,0.0,0.42857142857142855,0.11293111116032671,-1.2411834660115092e-05,0.044142599013298575,True
1729,0.015873015873015872,0.42857142857142855,0.11588850878467832,-0.009448126646549412,0.043940041665940024,True
1730,0.031746031746031744,0.42857142857142855,0.1258891006639882,-0.01960677277236062,0.043190018755937885,True
1731,0.047619047619047616,0.42857142857142855,0.14484922133892578,-0.030615144333916607,0.041541937434133556,True
1732,0.06349206349206349,0.42857142857142855,0.17326735841598093,-0.03873454248549858,0.03828746897736506,True
1733,0.07936507936507936,0.42857142857142855,0.20746314889833625,-0.037356750538888414,0.03331452106445534,True
1734,0.09523809523809523,0.42857142857142855,0.23618704735889604,-0.02339843007574251,0.02797926237558221,True
1735,0.1111111111111111,0.42857142857142855,0.24836782598524962,-0.003528227901380457,0.02397467035262852,True
1736,0.12698412698412698,0.42857142857142855,0.2459628337867617,0.012052273653094081,0.021979367721803634,True
1737,0.14285714285714285,0.42857142857142855,0.23513751413248243,0.02045073031815348,0.020981777340755174,True
1738,0.15873015873015872,0.42857142857142855,0.2197526941358153,0.022581557162256273,0.020571831385480684,True
1739,0.1746031746031746,0.42857142857142855,0.20307313339137648,0.021141556813143225,0.02037281391213616,True
1740,0.19047619047619047,0.42857142857142855,0.18734454228924569,0.017846372152333707,0.020191743371504207,True
1741,0.20634920634920634,0.42857142857142855,0.17353881295816323,0.014159364999301467,0.01998744823491407,True
1742,0.2222222222222222,0.42857142857142855,0.16210053367311777,0.010782652195176204,0.019739427803435537,True
1743,0.23809523809523808,0.42857142857142855,0.1529922038275968,0.008012176728361018,0.019438009821082198,True
1744,0.25396825396825395,0.42857142857142855,0.14586895784552809,0.005918869979602049,0.019088930060936826,True
1745,0.2698412698412698,0.42857142857142855,0.14033768146740516,0.0044148992490236905,0.01869910254967085,True
1746,0.2857142857142857,0.42857142857142855,0.1360287111952789,0.003369806535191854,0.018275844532311965,True
1747,0.30158730158730157,0.42857142857142855,0.13263239947998323,0.002656921647971847,0.01782690069956234,True
1748,0.31746031746031744,0.42857142857142855,0.129907395084734,0.002171569995736125,0.01735979780908968,True
1749,0.3333333333333333,0.42857142857142855,0.1276775809200431,0.0018357324969763519,0.016881245429576267,True
1750,0.3492063492063492,0.42857142857142855,0.12581647995892944,0.0015949176717880618,0.016396842564819256,True
1751,0.36507936507936506,0.42857142857142855,0.12423516402460348,0.0014132882674686177,0.015910968290583295,True
1752,0.38095238095238093,0.42857142857142855,0.1228710369240241,0.0012680171499496109,0.015426911177195463,True
1753,0.3968253968253968,0.42857142857142855,0.12168223171362447,0.0011450476503624112,0.014946995913783113,True
1754,0.4126984126984127,0.42857142857142855,0.12063847462627568,0.0010365220892105476,0.01447274967922962,True
1755,0.42857142857142855,0.42857142857142855,0.11971764374384963,0.0009382465479966176,0.014005098910811158,True
1756,0.4444444444444444,0.42857142857142855,0.11890279123852986,0.0008479826282132769,0.01354451267816827,True
1757,0.4603174603174603,0.42857142857142855,0.11818116653968533,0.0007647968854850751,0.013091141624001065,True
1758,0.47619047619047616,0.42857142857142855,0.11754179637607472,0.0006882179263688971,0.01264491172771603,True
1759,0.49206349206349204,0.42857142857142855,0.1169753264039797,0.0006179779755754596,0.012205594688323941,True
1760,0.5079365079365079,0.42857142857142855,0.11647364293670649,0.0005537205374296403,0.011772868690698357,True
1761,0.5238095238095237,0.42857142857142855,0.11602970633594162,0.0004952665594880625,0.011346348266654996,True
1762,0.5396825396825397,0.42857142857142855,0.11563709733059431,0.00044229851600021785,0.010925627696597523,True
1763,0.5555555555555556,0.42857142857142855,0.11529005969628121,0.0003945041288885949,0.010510283043658922,True
1764,0.5714285714285714,0.42857142857142855,0.1149835965425801,0.0003514407229775023,0.010099903650893494,True
1765,0.5873015873015872,0.42857142857142855,0.11471306959275271,0.00031282902608401026,0.009694085467015513,True
1766,0.6031746031746031,0.42857142857142855,0.114474379267443,0.0002782790664193363,0.009292450180195134,True
1767,0.6190476190476191,0.42857142857142855,0.11426375613019873,0.00024744400120224657,0.00889463694472664,True
1768,0.6349206349206349,0.42857142857142855,0.11407814117608166,0.0002198997896126157,0.008500314774865689,True
1769,0.6507936507936507,0.42857142857142855,0.11391446021813305,0.00019538971220966534,0.008109168345214694,True
1770,0.6666666666666666,0.42857142857142855,0.11377016730012386,0.00017358489015757472,0.007720912395553317,True
1771,0.6825396825396826,0.42857142857142855,0.11364286846077772,0.00015421446469170334,0.007335285413651131,True
1772,0.6984126984126984,0.42857142857142855,0.1135308411140337,0.00013695553799542416,0.006952043207678178,True
1773,0.7142857142857142,0.42857142857142855,0.11343202798712236,0.00012164480527788725,0.006570964528297669,True
1774,0.7301587301587301,0.42857142857142855,0.11334491306256161,0.00010806068891925364,0.006191846292607517,True
1775,0.746031746031746,0.42857142857142855,0.11326799160516673,9.601160735560267e-05,0.0058145062586156164,True
1776,0.7619047619047619,0.42857142857142855,0.11320038317376696,8.528612388820332e-05,0.0054387741436227105,True
1777,0.7777777777777777,0.42857142857142855,0.1131406693599231,7.580055821800005e-05,0.005064497937716598,True
1778,0.7936507936507936,0.42857142857142855,0.11308797688062061,6.74506366535227e-05,0.004691537604794507,True
1779,0.8095238095238095,0.42857142857142855,0.1130411334115012,6.034934506149858e-05,0.004319768303693365,True
1780,0.8253968253968254,0.42857142857142855,0.11299983298879164,5.4239708048321926e-05,0.003949088624363136,True
1781,0.8412698412698412,0.42857142857142855,0.1129628341681903,4.920312566624508e-05,0.003579389127240096,True
1782,0.8571428571428571,0.42857142857142855,0.11292938558095929,4.5435107509072284e-05,0.0032106250137312305,True
1783,0.873015873015873,0.42857142857142855,0.11289833695526613,4.343683750594207e-05,0.002842732684253197,True
1784,0.8888888888888888,0.42857142857142855,0.11286836896571018,4.381431862753242e-05,0.0024757005241208595,True
1785,0.9047619047619047,0.42857142857142855,0.11283930829074305,5.103188322781151e-05,0.002109336828856891,True
1786,0.9206349206349206,0.42857142857142855,0.11280732832726562,7.913489409334289e-05,0.0017435083302880332,True
1787,0.9365079365079365,0.42857142857142855,0.11276287811862334,0.00012381304206539632,0.001378978982182236,True
1788,0.9523809523809523,0.42857142857142855,0.112715733745305,0.0002613615213767247,0.001006928735546841,True
1789,0.9682539682539681,0.42857142857142855,0.11270275599155755,0.0006214826672705635,0.0006446391366296036,True
1790,0.9841269841269841,0.42857142857142855,0.11327027957382128,0.001044173671178409,0.0001345345326130931,True
1791,1.0,0.42857142857142855,0.11306769548224792,-0.011651223934576896,-0.00017515509560420795,True
1792,0.0,0.4444444444444444,0.15799938208277287,3.5672993862489157e-06,0.045847359327383166,True
1793,0.015873015873015872,0.4444444444444444,0.15951150234642808,-0.014831209275651519,0.045707948378810925,True
1794,0.031746031746031744,0.4444444444444444,0.1658055159680383,-0.032152213857537484,0.04517559400517944,True
1795,0.047619047619047616,0.4444444444444444,0.1805300302665005,-0.05369035517518526,0.04335120536732708,True
1796,0.06349206349206349,0.4444444444444444,0.21172249425387457,-0.07561705809698414,0.03824035648685227,True
1797,0.07936507936507936,0.4444444444444444,0.2580355519720302,-0.07644675955570372,0.0286125387549371,True
1798,0.09523809523809523,0.4444444444444444,0.28242009376769944,-0.03949621215761972,0.01984788602895839,True
1799,0.1111111111111111,0.4444444444444444,0.2721218091370253,0.0008016115124061477,0.017236366741761964,True
1800,0.12698412698412698,0.4444444444444444,0.2565443689121223,0.023504255322017078,0.017756069851863985,True
1801,0.14285714285714285,0.4444444444444444,0.24379354811538467,0.03363215767849432,0.0188144247850627,True
1802,0.15873015873015872,0.4444444444444444,0.23353352277711992,0.03615008838053104,0.019775671796158814,True
1803,0.1746031746031746,0.4444444444444444,0.22421905019726981,0.034642466425694206,0.020340056293928026,True
1804,0.19047619047619047,0.4444444444444444,0.21537660785357576,0.03042852210211875,0.02060212911085192,True
1805,0.20634920634920634,0.4444444444444444,0.20696154318833263,0.02532771916325655,0.020552463823410305,True
1806,0.2222222222222222,0.4444444444444444,0.19918461323666073,0.020225961841127488,0.02029821332631524,True
1807,0.23809523809523808,0.4444444444444444,0.19226636543470924,0.015813827680244447,0.01991474346356044,True
1808,0.25396825396825395,0.4444444444444444,0.18629962464046207,0.012245237447634762,0.01946525919888219,True
1809,0.2698412698412698,0.4444444444444444,0.18127514882308401,0.00949835997324731,0.01898218259145365,True
1810,0.2857142857142857,0.4444444444444444,0.17711190906928462,0.007448264809760271,0.018482188340483728,True
1811,0.30158730158730157,0.4444444444444444,0.17369411860154826,0.005943179308175202,0.017974588758762088,True
1812,0.31746031746031744,0.4444444444444444,0.17090071841573948,0.004842189227803904,0.017464856614124124,True
1813,0.3333333333333333,0.4444444444444444,0.1686210243822005,0.00402917970644402,0.01695633588721965,True
1814,0.3492063492063492,0.4444444444444444,0.16675716406733165,0.0034167477967148112,0.01645117977523479,True
1815,0.36507936507936506,0.4444444444444444,0.1652278435921776,0.002942719555796308,0.015951214751915434,True
1816,0.38095238095238093,0.4444444444444444,0.16396792317073175,0.0025640484447068874,0.015457591274762475,True
1817,0.3968253968253968,0.4444444444444444,0.16292525658660273,0.002252079162411687,0.01497108342320645,True
1818,0.4126984126984127,0.4444444444444444,0.16205836471923762,0.001988055122541437,0.014492200393355909,True
1819,0.42857142857142855,0.4444444444444444,0.16133469799238534,0.0017598652847004076,0.014021181192871029,True
1820,0.4444444444444444,0.4444444444444444,0.16072865663739924,0.001559771849580254,0.01355804701797749,True
1821,0.4603174603174603,0.4444444444444444,0.16021994550797644,0.0013827916373001822,0.013102663825993833,True
1822,0.47619047619047616,0.4444444444444444,0.15979206941696267,0.0012255745549298491,0.012654788172908797,True
1823,0.49206349206349204,0.4444444444444444,0.15943158477386998,0.0010856358885986386,0.012214092488923967,True
1824,0.5079365079365079,0.4444444444444444,0.15912760734099912,0.0009609988037674612,0.011780193457650684,True
1825,0.5238095238095237,0.4444444444444444,0.1588712295922206,0.0008500006103933481,0.011352666785232984,True
1826,0.5396825396825397,0.4444444444444444,0.15865515147291448,0.0007512180027577145,0.010931068983883926,True
1827,0.5555555555555556,0.4444444444444444,0.1584732115581841,0.0006634213338773231,0.010514959732718529,True
1828,0.5714285714285714,0.4444444444444444,0.15832023528195183,0.0005855094918756494,0.010103910324794383,True
1829,0.5873015873015872,0.4444444444444444,0.15819190213539325,0.0005164724616582149,0.009697505951701473,True
1830,0.6031746031746031,0.4444444444444444,0.15808446436719792,0.00045538308851945594,0.009295358976664055,True
1831,0.6190476190476191,0.4444444444444444,0.15799478219013716,0.00040139128474372726,0.008897102949502623,True
1832,0.6349206349206349,0.4444444444444444,0.1579201186235268,0.00035371888309847146,0.008502395081068032,True
1833,0.6507936507936507,0.4444444444444444,0.15785819088150088,0.0003116550894738973,0.00811091943048346,True
1834,0.6666666666666666,0.4444444444444444,0.15780705855393345,0.00027456408533837616,0.007722379518339245,True
1835,0.6825396825396826,0.4444444444444444,0.1577650778758678,0.00024185811498947808,0.007336507502959538,True
1836,0.6984126984126984,0.4444444444444444,0.15773078143407593,0.00021303844031691452,0.006953057908709192,True
1837,0.7142857142857142,0.4444444444444444,0.15770293625651266,0.00018767192425373817,0.006571800255208804,True
1838,0.7301587301587301,0.4444444444444444,0.1576805281172152,0.00016533761848719868,0.006192532297157658,True
1839,0.746031746031746,0.4444444444444444,0.15766267917238314,0.00014566595480898034,0.005815064359042397,True
1840,0.7619047619047619,0.4444444444444444,0.1576486213148225,0.00012832656522373823,0.00543922435273537,True
1841,0.7777777777777777,0.4444444444444444,0.15763769530840863,0.0001130787917989397,0.005064854739737137,True
1842,0.7936507936507936,0.4444444444444444,0.15762925872921565,9.98441063929372e-05,0.004691808424150493,True
1843,0.8095238095238095,0.4444444444444444,0.15762308177448453,8.840865925396889e-05,0.0043199733387384665,True
1844,0.8253968253968254,0.4444444444444444,0.15761880457024932,7.866527984989419e-05,0.003949180139484157,True
1845,0.8412698412698412,0.4444444444444444,0.15761603364668572,7.053518703291827e-05,0.003579336651477145,True
1846,0.8571428571428571,0.4444444444444444,0.15761457801693585,6.443055214317845e-05,0.0032103504631596975,True
1847,0.873015873015873,0.4444444444444444,0.15761399408834437,6.119044829682898e-05,0.0028421075191856055,True
1848,0.8888888888888888,0.4444444444444444,0.15761310749849014,6.258197076990926e-05,0.0024744821414364516,True
1849,0.9047619047619047,0.4444444444444444,0.15761188538434,6.478069958368312e-05,0.002107381814562144,True
1850,0.9206349206349206,0.4444444444444444,0.1576248827880495,8.940610635333393e-05,0.0017380126336033492,True
1851,0.9365079365079365,0.4444444444444444,0.1576904693356494,0.0001385736667297736,0.0013703714692419363,True
1852,0.9523809523809523,0.4444444444444444,0.1577143368532226,0.00021240416529773448,0.0010106872723196958,True
1853,0.9682539682539681,0.4444444444444444,0.1579470323630748,0.00035732074485052154,0.0006008993671159755,True
1854,0.9841269841269841,0.4444444444444444,0.1583038030276096,0.0001973343202784186,0.00014907749746086982,True
1855,1.0,0.4444444444444444,0.15804822052433246,-0.007196116757441664,-9.141539554617809e-05,True
1856,0.0,0.4603174603174603,0.19044495170821585,-4.098030175975695e-06,0.048608176056072476,True
1857,0.015873015873015872,0.4603174603174603,0.1891534253611936,-0.015831802063572,0.04871049730691433,True
1858,0.031746031746031744,0.4603174603174603,0.1865912450890846,-0.036306578397950824,0.04922936663256756,True
1859,0.047619047619047616,0.4603174603174603,0.18670506106454493,-0.06911911343589097,0.04871537730179746,True
1860,0.06349206349206349,0.4603174603174603,0.20791789128021096,-0.11886602416815996,0.04138067581956199,True
1861,0.07936507936507936,0.4603174603174603,0.2350189479000298,-0.10382089064856555,0.01875322056024306,True
1862,0.09523809523809523,0.4603174603174603,0.17322993305044487,-0.008800170175992668,0.005957645555161948,True
1863,0.1111111111111111,0.4603174603174603,0.14394748280796615,0.021719000182171277,0.010163815773520178,True
1864,0.12698412698412698,0.4603174603174603,0.14621405374741153,0.030435029343866764,0.014299959447240291,True
1865,0.14285714285714285,0.4603174603174603,0.15468130558159457,0.03591402554582907,0.01701617749801963,True
1866,0.15873015873015872,0.4603174603174603,0.16297070574940228,0.037928710878412354,0.01912346278638022,True
1867,0.1746031746031746,0.4603174603174603,0.17000422882124785,0.03643145567214834,0.020452863392977878,True
1868,0.19047619047619047,0.4603174603174603,0.17556775253851303,0.03289490756831718,0.021065114898859177,True
1869,0.20634920634920634,0.4603174603174603,0.17947991544427297,0.02814702911478454,0.021191056990209886,True
1870,0.2222222222222222,0.4603174603174603,0.18195099173494453,0.023280294280299114,0.020918281594127695,True
1871,0.23809523809523808,0.4603174603174603,0.18347830970322002,0.01886953736321991,0.020464333762805632,True
1872,0.25396825396825395,0.4603174603174603,0.18420247155572178,0.015107286895391576,0.019913428350394814,True
1873,0.2698412698412698,0.4603174603174603,0.18444726730556826,0.012048708193856969,0.01932750217391412,True
1874,0.2857142857142857,0.4603174603174603,0.1844618904015655,0.009639138024535152,0.018738585361074384,True
1875,0.30158730158730157,0.4603174603174603,0.18439086876467067,0.007773586515070988,0.018160600542233576,True
1876,0.31746031746031744,0.4603174603174603,0.18429955752354718,0.006339546971758947,0.017598435671726136,True
1877,0.3333333333333333,0.4603174603174603,0.184248721133208,0.005234406335240397,0.017052156313693344,True
1878,0.3492063492063492,0.4603174603174603,0.1842698866797455,0.004373701121899206,0.016520565956759617,True
1879,0.36507936507936506,0.4603174603174603,0.18436172626152036,0.003693113575180325,0.016002325076243742,True
1880,0.38095238095238093,0.4603174603174603,0.18450183329092348,0.003146953212338618,0.015496064749130154,True
1881,0.3968253968253968,0.4603174603174603,0.1846886921843999,0.002700269341249097,0.015000809551682232,True
1882,0.4126984126984127,0.4603174603174603,0.18491389191983368,0.0023286317362473477,0.01451581000363971,True
1883,0.42857142857142855,0.4603174603174603,0.18516690045702422,0.002014491357993482,0.01404040392518253,True
1884,0.4444444444444444,0.4603174603174603,0.18542953807603446,0.001746352099704599,0.013573974400482863,True
1885,0.4603174603174603,0.4603174603174603,0.18570042469981732,0.0015157635836672947,0.013115994798422523,True
1886,0.47619047619047616,0.4603174603174603,0.18597392709229227,0.0013165859231806883,0.012666011939392641,True
1887,0.49206349206349204,0.4603174603174603,0.18624565174905722,0.0011438595182331852,0.012223580078551798,True
1888,0.5079365079365079,0.4603174603174603,0.18650579179224924,0.0009937288132541209,0.011788233809374675,True
1889,0.5238095238095237,0.4603174603174603,0.18675703663538856,0.0008628393039737931,0.011359481310150943,True
1890,0.5396825396825397,0.4603174603174603,0.18699800931937843,0.0007486616719666647,0.010936824353147606,True
1891,0.5555555555555556,0.4603174603174603,0.1872283977092577,0.0006490670416959648,0.010519793589328301,True
1892,0.5714285714285714,0.4603174603174603,0.18744324375562443,0.0005622714808990984,0.010107944717542757,True
1893,0.5873015873015872,0.4603174603174603,0.1876459229070079,0.00048671110697322354,0.009700848609299269,True
1894,0.6031746031746031,0.4603174603174603,0.18783628384973527,0.0004209981678815814,0.009298102486659895,True
1895,0.6190476190476191,0.4603174603174603,0.1880151157023624,0.0003638948378930644,0.008899332444533526,True
1896,0.6349206349206349,0.4603174603174603,0.18817961305352013,0.0003142864553010802,0.008504187788139682,True
1897,0.6507936507936507,0.4603174603174603,0.18833299237747636,0.00027124279744747556,0.008112339323352645,True
1898,0.6666666666666666,0.4603174603174603,0.18847546606192894,0.00023391993831904694,0.007723486058289432,True
1899,0.6825396825396826,0.4603174603174603,0.1886080915066795,0.00020158700813380448,0.007337350023940234,True
1900,0.6984126984126984,0.4603174603174603,0.18872917806785064,0.00017356371788644086,0.006953679101753481,True
1901,0.7142857142857142,0.4603174603174603,0.18884132197692877,0.00014932372993438123,0.006572239708429555,True
1902,0.7301587301587301,0.4603174603174603,0.18894481514231623,0.00012836313700161428,0.006192821026756138,True
1903,0.746031746031746,0.4603174603174603,0.18904062912610178,0.0001102426132672203,0.005815230590963121,True
1904,0.7619047619047619,0.4603174603174603,0.18912756733619543,9.456841791985896e-05,0.005439287640566976,True
1905,0.7777777777777777,0.4603174603174603,0.1892077420908249,8.102853656568111e-05,0.005064831122683297,True
1906,0.7936507936507936,0.4603174603174603,0.1892814803053346,6.93335095337873e-05,0.004691724066975743,True
1907,0.8095238095238095,0.4603174603174603,0.18934978354773743,5.939950089329614e-05,0.0043197983322663044,True
1908,0.8253968253968254,0.4603174603174603,0.18941180011074074,5.108916992307062e-05,0.0039488922926614566,True
1909,0.8412698412698412,0.4603174603174603,0.18946933467146096,4.440327747485096e-05,0.0035789006658160836,True
1910,0.8571428571428571,0.4603174603174603,0.1895231112742551,3.9648358969119977e-05,0.0032096597592573494,True
1911,0.873015873015873,0.4603174603174603,0.18957456121604258,3.7671351048040374e-05,0.0028408928346520994,True
1912,0.8888888888888888,0.4603174603174603,0.1896246592065144,4.070889591169245e-05,0.002472244401786868,True
1913,0.9047619047619047,0.4603174603174603,0.18967300424648323,4.2080848201311315e-05,0.0021050860696901065,True
1914,0.9206349206349206,0.4603174603174603,0.18970917609809665,6.755307856846842e-05,0.0017389326618844506,True
1915,0.9365079365079365,0.4603174603174603,0.1897242020783691,7.441500081901395e-05,0.0013543177265663672,True
1916,0.9523809523809523,0.4603174603174603,0.18985140041045312,0.0001430904746582703,0.0009780015653069727,True
1917,0.9682539682539681,0.4603174603174603,0.18999171254292868,0.00011625429726755813,0.0005863399907827868,True
1918,0.9841269841269841,0.4603174603174603,0.1902038382688561,-4.6866898775304454e-05,0.00019859748658897932,True
1919,1.0,0.4603174603174603,0.19010067221074947,-0.004167553702029451,-1.4670495494658513e-05,True
1920,0.0,0.47619047619047616,0.2102682277677308,-1.3961279351495722e-05,0.05128808931878272,True
1921,0.015873015873015872,0.47619047619047616,0.2055604880227754,-0.010215384984032133,0.05179824554310868,True
1922,0.031746031746031744,0.47619047619047616,0.19120294883009933,-0.02467730056080403,0.05419873257284151,True
1923,0.047619047619047616,0.47619047619047616,0.16174689250637986,-0.05538702672074598,0.05826828570492506,True
1924,0.06349206349206349,0.47619047619047616,0.11236791966395425,-0.11761888697178947,0.0568676946140236,True
1925,0.07936507936507936,0.47619047619047616,-0.07532063817773656,0.038294641672435764,0.03348404150409877,True
1926,0.09523809523809523,0.47619047619047616,-0.10676524981852278,-0.01614124882987821,0.0009583416190673156,True
1927,0.1111111111111111,0.47619047619047616,0.0027557088259811085,0.0013405168513453628,0.009042612451950762,True
1928,0.12698412698412698,0.47619047619047616,0.025380751106096073,0.010355203495258961,0.0136463935441686,True
1929,0.14285714285714285,0.47619047619047616,0.04652967969126686,0.018984857814794108,0.016600147235328336,True
1930,0.15873015873015872,0.47619047619047616,0.06742887600131717,0.022529525441748872,0.01896845534519136,True
1931,0.1746031746031746,0.47619047619047616,0.08777947811952576,0.022542429650459928,0.020679839327713827,True
1932,0.19047619047619047,0.47619047619047616,0.10653839907801395,0.02110723059951063,0.021478019542246284,True
1933,0.20634920634920634,0.47619047619047616,0.12296609668111122,0.018650720349061598,0.021667345500373972,True
1934,0.2222222222222222,0.47619047619047616,0.13672995602244065,0.01592455318641753,0.02139908572255992,True
1935,0.23809523809523808,0.47619047619047616,0.14796997887901356,0.013167132910734911,0.020891164652924333,True
1936,0.25396825396825395,0.47619047619047616,0.15705119614735316,0.010713457332952135,0.020266196918271515,True
1937,0.2698412698412698,0.47619047619047616,0.16436930998675012,0.008638637637588186,0.01960654117391585,True
1938,0.2857142857142857,0.47619047619047616,0.170338600894692,0.00694470978753015,0.018951876807997214,True
1939,0.30158730158730157,0.47619047619047616,0.17524539861355617,0.005587445190725164,0.01831996450650671,True
1940,0.31746031746031744,0.47619047619047616,0.1792911751535469,0.004508594784523741,0.017715933871162808,True
1941,0.3333333333333333,0.47619047619047616,0.1826921302294809,0.003654616734717029,0.017138444698338504,True
1942,0.3492063492063492,0.47619047619047616,0.18561970319877313,0.002980560551367132,0.016584214223984442,True
1943,0.36507936507936506,0.47619047619047616,0.1881626532398999,0.002445002450963875,0.016049803770584094,True
1944,0.38095238095238093,0.47619047619047616,0.19037255278272192,0.002013240887332734,0.015531980254141957,True
1945,0.3968253968253968,0.47619047619047616,0.1923179415944166,0.001663497926780303,0.015028467822313755,True
1946,0.4126984126984127,0.47619047619047616,0.19405669594737934,0.001376649239257549,0.014537709677105657,True
1947,0.42857142857142855,0.47619047619047616,0.19561460215517665,0.001138588052736807,0.014058122238810795,True
1948,0.4444444444444444,0.47619047619047616,0.19700219053327414,0.0009395295554279236,0.013588450550898003,True
1949,0.4603174603174603,0.47619047619047616,0.19824666573009742,0.0007730805375238114,0.013127864067923201,True
1950,0.47619047619047616,0.47619047619047616,0.1993712850108401,0.0006342879138156948,0.012675720269046998,True
1951,0.49206349206349204,0.47619047619047616,0.20038611754814573,0.0005181756071590864,0.012231492436956093,True
1952,0.5079365079365079,0.47619047619047616,0.20129688294875664,0.00041949571929847276,0.011794717859391658,True
1953,0.5238095238095237,0.47619047619047616,0.2021186974762636,0.000336078161776834,0.011364743128557772,True
1954,0.5396825396825397,0.47619047619047616,0.20286427916835628,0.0002663463359868836,0.010941037035512542,True
1955,0.5555555555555556,0.47619047619047616,0.20353913551761366,0.00020801511479971645,0.010523109473726996,True
1956,0.5714285714285714,0.47619047619047616,0.20414583161781036,0.000159001185264468,0.010110493284739362,True
1957,0.5873015873015872,0.47619047619047616,0.20469365479007823,0.00011821756902585558,0.00970274298806113,True
1958,0.6031746031746031,0.47619047619047616,0.20519063197533277,8.479036865029321e-05,0.00929944507910099,True
1959,0.6190476190476191,0.47619047619047616,0.20564042628532983,5.741830719132285e-05,0.008900212235564243,True
1960,0.6349206349206349,0.47619047619047616,0.20604488069732083,3.487708752588893e-05,0.008504684516221304,True
1961,0.6507936507936507,0.47619047619047616,0.20641015003654833,1.658372235396794e-05,0.008112525320189376,True
1962,0.6666666666666666,0.47619047619047616,0.20674154610421527,2.088367099998107e-06,0.00772341868038628,True
1963,0.6825396825396826,0.47619047619047616,0.20704148797027658,-9.344911818267318e-06,0.007337080436366538,True
1964,0.6984126984126984,0.47619047619047616,0.20731115420591914,-1.8399602565698145e-05,0.006953251439349604,True
1965,0.7142857142857142,0.47619047619047616,0.20755474296490198,-2.5335208522194815e-05,0.006571692305034699,True
1966,0.7301587301587301,0.47619047619047616,0.20777579137587873,-3.039776798634789e-05,0.006192182960341837,True
1967,0.746031746031746,0.47619047619047616,0.2079758202412997,-3.4015088828944375e-05,0.005814525752999354,True
1968,0.7619047619047619,0.47619047619047616,0.20815561701743124,-3.659073817212604e-05,0.005438534885623093,True
1969,0.7777777777777777,0.47619047619047616,0.2083181589556437,-3.8300878590182353e-05,0.005064040664644202,True
1970,0.7936507936507936,0.47619047619047616,0.20846594104948968,-3.916352365036802e-05,0.0046909046013921835,True
1971,0.8095238095238095,0.47619047619047616,0.20859985329817926,-3.931091731683686e-05,0.004318945055275937,True
1972,0.8253968253968254,0.47619047619047616,0.20872039562826866,-3.8899467859116705e-05,0.003948023060021414,True
1973,0.8412698412698412,0.47619047619047616,0.20882979161248444,-3.798966182610642e-05,0.003578009084617798,True
1974,0.8571428571428571,0.47619047619047616,0.20893055001498828,-3.6651052218786294e-05,0.003208725982406361,True
1975,0.873015873015873,0.47619047619047616,0.20902479875226418,-3.483555655969005e-05,0.0028397872381627264,True
1976,0.8888888888888888,0.47619047619047616,0.20911604962494576,-3.360204300968407e-05,0.002470260361349692,True
1977,0.9047619047619047,0.47619047619047616,0.20922856810121923,-1.7991997574955182e-05,0.0020981034512548486,True
1978,0.9206349206349206,0.47619047619047616,0.20934201579441153,-1.3416464323795975e-05,0.0017401293035770587,True
1979,0.9365079365079365,0.47619047619047616,0.20935350859229548,6.554724643397947e-05,0.001345752516873584,True
1980,0.9523809523809523,0.47619047619047616,0.20952310853829603,1.9181732725019488e-05,0.0009809170509022006,True
1981,0.9682539682539681,0.47619047619047616,0.2096589281256267,4.707921699440024e-06,0.0006013952911409978,True
1982,0.9841269841269841,0.47619047619047616,0.20970958844671617,-0.00010247529470356075,0.00023349065529518347,True
1983,1.0,0.47619047619047616,0.2096629684169037,-0.0020260312616222154,2.1130756850443302e-05,True
1984,0.0,0.49206349206349204,0.2174688152842347,-1.5752687779856435e-05,0.05228968627247746,True
1985,0.015873015873015872,0.49206349206349204,0.2114440690980618,0.0009446715885885614,0.05300398630332249,True
1986,0.031746031746031744,0.49206349206349204,0.19118141945757214,0.002170943713558388,0.05642227297708183,True
1987,0.047619047619047616,0.49206349206349204,0.14421863000899632,0.004733455528676302,0.06383849530282991,True
1988,0.06349206349206349,0.49206349206349204,0.0290903487805765,0.01049860081430712,0.0746093540862669,True
1989,0.07936507936507936,0.49206349206349204,,,,False
1990,0.09523809523809523,0.49206349206349204,,,,False
1991,0.1111111111111111,0.49206349206349204,0.00020292273497395514,-0.001994668374628462,0.012540570430207202,True
1992,0.12698412698412698,0.49206349206349204,-0.00433291148814662,0.0003858541559610311,0.014087071833751226,True
1993,0.14285714285714285,0.49206349206349204,0.006729142123123055,1.4560718734156468e-05,0.016719554774975803,True
1994,0.15873015873015872,0.49206349206349204,0.02744188826975301,5.056335491194656e-05,0.01909216494012937,True
1995,0.1746031746031746,0.49206349206349204,0.050587846244304666,5.032151746415096e-05,0.020894084579550973,True
1996,0.19047619047619047,0.49206349206349204,0.07380938887849575,0.0004671005706951298,0.021703947750663245,True
1997,0.20634920634920634,0.49206349206349204,0.09525817629989178,0.0003432403203006252,0.021870490000891366,True
1998,0.2222222222222222,0.49206349206349204,0.11367093210300297,0.0004333857403883001,0.02162309916270603,True
1999,0.23809523809523808,0.49206349206349204,0.12914043557795402,0.000298439664592913,0.021059556274949105,True
2000,0.25396825396825395,0.49206349206349204,0.14216413856789956,0.00012742341353682993,0.020410070512800388,True
2001,0.2698412698412698,0.49206349206349204,0.15299802851773608,-5.493720267447227e-05,0.0197225834011116,True
2002,0.2857142857142857,0.49206349206349204,0.16196547636923667,-0.00021167065604537683,0.01904271846984822,True
2003,0.30158730158730157,0.49206349206349204,0.16939280698678094,-0.0003463859061846556,0.018389487918537225,True
2004,0.31746031746031744,0.49206349206349204,0.1755800142523561,-0.0004546669182666711,0.017768193142542334,True
2005,0.3333333333333333,0.49206349206349204,0.18077221371920113,-0.0005388991343867236,0.017177451284048833,True
2006,0.3492063492063492,0.49206349206349204,0.185168715727744,-0.0005983562114515393,0.016613372217806406,True
2007,0.36507936507936506,0.49206349206349204,0.18892061101872623,-0.0006416269311597133,0.016071689502839603,True
2008,0.38095238095238093,0.49206349206349204,0.19215222166015603,-0.0006700162257974807,0.015548590809707382,True
2009,0.3968253968253968,0.49206349206349204,0.19496017099889934,-0.0006884238226364714,0.015041075878821137,True
2010,0.4126984126984127,0.49206349206349204,0.19741498005271454,-0.0006959612529200593,0.014547157083768001,True
2011,0.42857142857142855,0.49206349206349204,0.1995636674646409,-0.0006957325291401612,0.014064868139189841,True
2012,0.4444444444444444,0.49206349206349204,0.20145389654967,-0.0006880926419130279,0.013593115874393179,True
2013,0.4603174603174603,0.49206349206349204,0.20312365689085035,-0.0006743784816594219,0.013130991184615486,True
2014,0.47619047619047616,0.49206349206349204,0.20460566634254454,-0.0006560004210854977,0.012677784957735609,True
2015,0.49206349206349204,0.49206349206349204,0.20592403636570675,-0.0006359231957699749,0.012232761150345302,True
2016,0.5079365079365079,0.49206349206349204,0.20709608478702468,-0.0006136876310435781,0.011795256331563803,True
2017,0.5238095238095237,0.49206349206349204,0.20813960853941949,-0.0005895747909590723,0.011364594512176958,True
2018,0.5396825396825397,0.49206349206349204,0.2090698807769905,-0.0005634354545373606,0.010940314505051545,True
2019,0.5555555555555556,0.49206349206349204,0.20989987821661626,-0.0005366726380213895,0.010521916994648136,True
2020,0.5714285714285714,0.49206349206349204,0.21064120413024953,-0.0005093744015162601,0.01010890912560668,True
2021,0.5873015873015872,0.49206349206349204,0.21130380429445325,-0.0004819474037077532,0.009700849002910033,True
2022,0.6031746031746031,0.49206349206349204,0.2118962333401046,-0.000454288831575895,0.00929731997551265,True
2023,0.6190476190476191,0.49206349206349204,0.21242615057635203,-0.0004271602157117118,0.008897920253896996,True
2024,0.6349206349206349,0.49206349206349204,0.21290050550480388,-0.0004006552992670706,0.008502281981424565,True
2025,0.6507936507936507,0.49206349206349204,0.21332538434022616,-0.0003750174423341826,0.00811005652794939,True
2026,0.6666666666666666,0.49206349206349204,0.21370594645605395,-0.0003500544385659315,0.0077209257456865975,True
2027,0.6825396825396826,0.49206349206349204,0.21404688023099888,-0.00032619148841622856,0.007334596331724626,True
2028,0.6984126984126984,0.49206349206349204,0.21435244292211797,-0.00030341343766131793,0.0069508027731205605,True
2029,0.7142857142857142,0.49206349206349204,0.21462644802288172,-0.00028179470685837173,0.006569297380959717,True
2030,0.7301587301587301,0.49206349206349204,0.21487207391732654,-0.00026116823806592547,0.006189863769671729,True
2031,0.746031746031746,0.49206349206349204,0.2150923670701586,-0.0002418029296825798,0.005812296388916606,True
2032,0.7619047619047619,0.49206349206349204,0.21529011501491244,-0.00022368990727227828,0.0054364008499727615,True
2033,0.7777777777777777,0.49206349206349204,0.2154677093178221,-0.00020681871949109973,0.005062014004825257,True
2034,0.7936507936507936,0.49206349206349204,0.21562720592344622,-0.00019093816647671052,0.004688985834559455,True
2035,0.8095238095238095,0.49206349206349204,0.21577061604770895,-0.0001761491987601399,0.004317146804365683,True
2036,0.8253968253968254,0.49206349206349204,0.21589960542038855,-0.00016241700914015927,0.003946347391647801,True
2037,0.8412698412698412,0.49206349206349204,0.21601589394516083,-0.00014993756630754366,0.0035764650549456943,True
2038,0.8571428571428571,0.49206349206349204,0.2161210850104505,-0.00013863969257825934,0.0032074175844535343,True
2039,0.873015873015873,0.49206349206349204,0.2162162278393237,-0.0001283727339172674,0.0028391481775048135,True
2040,0.8888888888888888,0.49206349206349204,0.21630118920462474,-0.00011860365852325088,0.0024723843176553038,True
2041,0.9047619047619047,0.49206349206349204,0.2163602840518959,-0.0001239883897971075,0.0021071478141479697,True
2042,0.9206349206349206,0.49206349206349204,0.21648095624355312,-6.549422247369172e-05,0.001732216702492571,True
2043,0.9365079365079365,0.49206349206349204,0.21658808516648112,-8.452740685480213e-05,0.001348317242665693,True
2044,0.9523809523809523,0.49206349206349204,0.21671401545934993,-8.937443815779255e-05,0.0009768511459009928,True
2045,0.9682539682539681,0.49206349206349204,0.216807886814377,-8.311290798522851e-05,0.0006047397248166733,True
2046,0.9841269841269841,0.49206349206349204,0.21685100641613167,-8.208134791399213e-05,0.0002461853153538375,True
2047,1.0,0.49206349206349204,0.21683747776390336,-0.00021841662067262452,3.2258909214314584e-05,True
2048,0.0,0.5079365079365079,0.21204624945773412,-1.0854455819658156e-05,0.05092020134994536,True
2049,0.015873015873015872,0.5079365079365079,0.20767342700816202,0.011663263573725748,0.051388495778892776,True
2050,0.031746031746031744,0.5079365079365079,0.194536194502515,0.027757238456157893,0.05358120473776982,True
2051,0.047619047619047616,0.5079365079365079,0.16937525400332645,0.060091706460516855,0.05686311390308635,True
2052,0.06349206349206349,0.5079365079365079,0.13359642055829804,0.12615490480363967,0.053339649592954334,True
2053,0.07936507936507936,0.5079365079365079,-0.05773825747050984,-0.05067449537215316,0.02653042643472013,True
2054,0.09523809523809523,0.5079365079365079,-0.06495932145944099,-0.04237053437489551,0.005972240678290205,True
2055,0.1111111111111111,0.5079365079365079,0.007856449390746317,-0.003292816774697333,0.008807048204585192,True
2056,0.12698412698412698,0.5079365079365079,0.033527463171266716,-0.011133038051354672,0.013697882979735093,True
2057,0.14285714285714285,0.5079365079365079,0.05396787913333266,-0.018821386540856837,0.016677078944467183,True
2058,0.15873015873015872,0.5079365079365079,0.07356443239956882,-0.02183765046504852,0.01900547793253666,True
2059,0.1746031746031746,0.5079365079365079,0.09254425176437775,-0.0214804233729609,0.020742236583408038,True
2060,0.19047619047619047,0.5079365079365079,0.1105546924423514,-0.019868773653957873,0.02151845551723424,True
2061,0.20634920634920634,0.5079365079365079,0.12632579440817648,-0.017521629402773527,0.021686943681773495,True
2062,0.2222222222222222,0.5079365079365079,0.1398702998902164,-0.015078406124244497,0.021419045246817002,True
2063,0.23809523809523808,0.5079365079365079,0.1512690189998886,-0.01269363806617159,0.020934249352612563,True
2064,0.25396825396825395,0.5079365079365079,0.16072416978837867,-0.010643761496606478,0.020310093346956784,True
2065,0.2698412698412698,0.5079365079365079,0.16843693251418104,-0.008932118662807468,0.019646742548794137,True
2066,0.2857142857142857,0.5079365079365079,0.17473094565942324,-0.007536390557444714,0.018986424747115888,True
2067,0.30158730158730157,0.5079365079365079,0.17988305950256733,-0.006413544262233316,0.01834826990620285,True
2068,0.31746031746031744,0.5079365079365079,0.18413552790370746,-0.005514924123395476,0.017738061088354184,True
2069,0.3333333333333333,0.5079365079365079,0.18768161774396502,-0.004794630315527337,0.017155213071151025,True
2070,0.3492063492063492,0.5079365079365079,0.19067428486565857,-0.004213431825700603,0.01659644623265834,True
2071,0.36507936507936506,0.5079365079365079,0.19322217682149284,-0.0037382082374137976,0.01605806507995341,True
2072,0.38095238095238093,0.5079365079365079,0.19541240089783948,-0.0033442732723667065,0.015537043227149386,True
2073,0.3968253968253968,0.5079365079365079,0.19730666261597832,-0.003011522255698984,0.015031079412761892,True
2074,0.4126984126984127,0.5079365079365079,0.19895865977760652,-0.002724436062807465,0.014538126489123735,True
2075,0.42857142857142855,0.5079365079365079,0.20040799053108682,-0.0024736362553486294,0.014056476543889584,True
2076,0.4444444444444444,0.5079365079365079,0.20168292504109517,-0.00225356424640153,0.013585149600241382,True
2077,0.4603174603174603,0.5079365079365079,0.20280571348622,-0.002058918044375962,0.013123244608515182,True
2078,0.47619047619047616,0.5079365079365079,0.20379871190759882,-0.0018840187171194054,0.01267007145308559,True
2079,0.49206349206349204,0.5079365079365079,0.20467743121468526,-0.0017253630983751764,0.01222507876358592,True
2080,0.5079365079365079,0.5079365079365079,0.20545631204618883,-0.0015806508084977753,0.01178763782174582,True
2081,0.5238095238095237,0.5079365079365079,0.2061467657416997,-0.0014484702659935073,0.011357119288385375,True
2082,0.5396825396825397,0.5079365079365079,0.2067600783618438,-0.0013276688344717675,0.010933017022884031,True
2083,0.5555555555555556,0.5079365079365079,0.20730387701542183,-0.0012169511662451892,0.010514809046963107,True
2084,0.5714285714285714,0.5079365079365079,0.20778632358864152,-0.0011151796933304302,0.010102009034734237,True
2085,0.5873015873015872,0.5079365079365079,0.20821425126510776,-0.0010215922434945483,0.009694187663938163,True
2086,0.6031746031746031,0.5079365079365079,0.20859453543373052,-0.0009355975919302048,0.00929091178329707,True
2087,0.6190476190476191,0.5079365079365079,0.20893185306923998,-0.0008564749398851821,0.008891784753218866,True
2088,0.6349206349206349,0.5079365079365079,0.20923139831245027,-0.0007837157722713587,0.008496425845226184,True
2089,0.6507936507936507,0.5079365079365079,0.20949722467551757,-0.0007167664652279709,0.008104483464047636,True
2090,0.6666666666666666,0.5079365079365079,0.20973368586827493,-0.00065523857707323,0.0077156421619809954,True
2091,0.6825396825396826,0.5079365079365079,0.20994349463768,-0.0005986975652428519,0.007329608543702802,True
2092,0.6984126984126984,0.5079365079365079,0.2101297941095151,-0.0005468069976891118,0.0069461085591721915,True
2093,0.7142857142857142,0.5079365079365079,0.21029514704708133,-0.0004991787866318451,0.006564890051590998,True
2094,0.7301587301587301,0.5079365079365079,0.21044230747919515,-0.00045549646631175446,0.0061857375977486416,True
2095,0.746031746031746,0.5079365079365079,0.21057293353369702,-0.00041551960121131136,0.005808452732036072,True
2096,0.7619047619047619,0.5079365079365079,0.21068907638216644,-0.000379022345415072,0.005432832935409753,True
2097,0.7777777777777777,0.5079365079365079,0.21079218164650143,-0.00034564715541695327,0.005058712096363875,True
2098,0.7936507936507936,0.5079365079365079,0.21088415272290076,-0.00031519896951976285,0.004685948958062673,True
2099,0.8095238095238095,0.5079365079365079,0.21096602389317592,-0.0002874871751802033,0.0043143732029764705,True
2100,0.8253968253968254,0.5079365079365079,0.2110390682666493,-0.00026237901498466594,0.003943822614532358,True
2101,0.8412698412698412,0.5079365079365079,0.21110437156136053,-0.00023990014839987003,0.003574176066128716,True
2102,0.8571428571428571,0.5079365079365079,0.2111636021147174,-0.00021992837603950125,0.003205306451155037,True
2103,0.873015873015873,0.5079365079365079,0.2112180578698349,-0.0002018476814869545,0.002836959030764735,True
2104,0.8888888888888888,0.5079365079365079,0.21127086945056958,-0.00018563578071766938,0.0024684930979959347,True
2105,0.9047619047619047,0.5079365079365079,0.21134216710990283,-0.00018156767264574788,0.0020968720739178706,True
2106,0.9206349206349206,0.5079365079365079,0.21130273655638374,-0.0001932175421201381,0.001732630404581707,True
2107,0.9365079365079365,0.5079365079365079,0.21148138463017987,-0.0001692404168317473,0.0013518387014266047,True
2108,0.9523809523809523,0.5079365079365079,0.21155354347748,-0.00018313074955869432,0.0009742944917359527,True
2109,0.9682539682539681,0.5079365079365079,0.21162487644947295,-0.00014766868418425712,0.0005980351508012606,True
2110,0.9841269841269841,0.5079365079365079,0.2116654031343564,-5.2964697845091205e-05,0.0002352064883174295,True
2111,1.0,0.5079365079365079,0.21161693220061165,0.00157737478633039,2.358186060654865e-05,True
2112,0.0,0.5238095238095237,0.19400192710267053,-5.832111940966301e-07,0.04798549292490407,True
2113,0.015873015873015872,0.5238095238095237,0.19302459553303855,0.0165552748285351,0.04804517439970127,True
2114,0.031746031746031744,0.5238095238095237,0.19148053299032528,0.037431463085096345,0.04836190786347051,True
2115,0.047619047619047616,0.5238095238095237,0.19388580480970477,0.06921613389471078,0.04748412802467926,True
2116,0.06349206349206349,0.5238095238095237,0.21688919925197742,0.11423610410978068,0.040140144437559706,True
2117,0.07936507936507936,0.5238095238095237,0.25311442599197503,0.10676230572482712,0.01988139128301865,True
2118,0.09523809523809523,0.5238095238095237,0.20842835066626034,0.019287453078268225,0.007672899124851619,True
2119,0.1111111111111111,0.5238095238095237,0.16933684414232153,-0.017061776168474815,0.010868846004565783,True
2120,0.12698412698412698,0.5238095238095237,0.1636659685594721,-0.027452174054329256,0.014634409452772045,True
2121,0.14285714285714285,0.5238095238095237,0.16719160026810514,-0.0330765537905215,0.017207829171622748,True
2122,0.15873015873015872,0.5238095238095237,0.17233816750321812,-0.035062969908799084,0.019270708735186635,True
2123,0.1746031746031746,0.5238095238095237,0.17790640675306255,-0.03400291832839571,0.02052517143419129,True
2124,0.19047619047619047,0.5238095238095237,0.18256415185870503,-0.030859196565960666,0.021152291748170245,True
2125,0.20634920634920634,0.5238095238095237,0.18655130128363692,-0.026869069977528238,0.021275180363741944,True
2126,0.2222222222222222,0.5238095238095237,0.1895607764738291,-0.022707591066838458,0.021014859673688612,True
2127,0.23809523809523808,0.5238095238095237,0.19157724419843658,-0.01886709633652519,0.02055532250169428,True
2128,0.25396825396825395,0.5238095238095237,0.19283479738708378,-0.015523854785345856,0.019996853581128415,True
2129,0.2698412698412698,0.5238095238095237,0.19360178882762127,-0.012770068997224151,0.0193989632507299,True
2130,0.2857142857142857,0.5238095238095237,0.19402028946421643,-0.01056845012570433,0.018796961173551546,True
2131,0.30158730158730157,0.5238095238095237,0.19418749733986504,-0.00884047543841924,0.01820665294079946,True
2132,0.31746031746031744,0.5238095238095237,0.19421345557925382,-0.007491709877361144,0.017633447082390563,True
2133,0.3333333333333333,0.5238095238095237,0.19420326960426756,-0.006434421276816075,0.017077886376371698,True
2134,0.3492063492063492,0.5238095238095237,0.19418336073766224,-0.005595981878329306,0.016538622019277475,True
2135,0.36507936507936506,0.5238095238095237,0.19414964498430462,-0.004922466507160582,0.016014010534391578,True
2136,0.38095238095238093,0.5238095238095237,0.1941149664133751,-0.004370558056518236,0.015502534289725558,True
2137,0.3968253968253968,0.5238095238095237,0.19410291177531286,-0.003908742851479686,0.015003029112638906,True
2138,0.4126984126984127,0.5238095238095237,0.1941091219879152,-0.0035139758089045283,0.014514405610717705,True
2139,0.42857142857142855,0.5238095238095237,0.1941155520927331,-0.0031721640264580344,0.01403586571799113,True
2140,0.4444444444444444,0.5238095238095237,0.1941211050314313,-0.002872087315257559,0.01356679143816658,True
2141,0.4603174603174603,0.5238095238095237,0.19413475381514253,-0.002605685177482437,0.013106552618942684,True
2142,0.47619047619047616,0.5238095238095237,0.1941523684280332,-0.0023672209381526746,0.012654680939685756,True
2143,0.49206349206349204,0.5238095238095237,0.19416245957341344,-0.0021530028278209427,0.012210765332656314,True
2144,0.5079365079365079,0.5238095238095237,0.19416552721225264,-0.0019591309934640284,0.01177421775598626,True
2145,0.5238095238095237,0.5238095238095237,0.19416840198145394,-0.0017830000486234235,0.011344533270827068,True
2146,0.5396825396825397,0.5238095238095237,0.19417129225730648,-0.0016225635589017643,0.010921209214319366,True
2147,0.5555555555555556,0.5238095238095237,0.19416722819159896,-0.0014766740084228558,0.010503731342527156,True
2148,0.5714285714285714,0.5238095238095237,0.19415715378765788,-0.0013437691685411666,0.010091620813608957,True
2149,0.5873015873015872,0.5238095238095237,0.19414568603727037,-0.0012225440139894599,0.00968444590463807,True
2150,0.6031746031746031,0.5238095238095237,0.1941340023626575,-0.001111950366940515,0.009281788529819182,True
2151,0.6190476190476191,0.5238095238095237,0.19411803692086946,-0.001011217401747661,0.008883266134251914,True
2152,0.6349206349206349,0.5238095238095237,0.19409857310219872,-0.0009193292085304596,0.008488478219081092,True
2153,0.6507936507936507,0.5238095238095237,0.1940785106067813,-0.0008354913561415239,0.008097072754523869,True
2154,0.6666666666666666,0.5238095238095237,0.1940594632627759,-0.0007589997999718676,0.007708751020225678,True
2155,0.6825396825396826,0.5238095238095237,0.19403847368073893,-0.0006893769203008207,0.007323218688451302,True
2156,0.6984126984126984,0.5238095238095237,0.1940160965218923,-0.0006260555048104108,0.006940183632790074,True
2157,0.7142857142857142,0.5238095238095237,0.19399395912483705,-0.0005683717478064628,0.006559399260401346,True
2158,0.7301587301587301,0.5238095238095237,0.19397342959947453,-0.0005157946013102353,0.006180671949919208,True
2159,0.746031746031746,0.5238095238095237,0.1939523951719738,-0.00046809661626126845,0.005803795810836102,True
2160,0.7619047619047619,0.5238095238095237,0.19393100687475762,-0.0004247886674938646,0.005428557101414984,True
2161,0.7777777777777777,0.5238095238095237,0.1939102923402264,-0.0003854809599644733,0.005054803778266398,True
2162,0.7936507936507936,0.5238095238095237,0.1938915868635353,-0.0003499221694965487,0.0046823928378678555,True
2163,0.8095238095238095,0.5238095238095237,0.19387326459282647,-0.0003178676491529852,0.004311165674599825,True
2164,0.8253968253968254,0.5238095238095237,0.1938553670410143,-0.0002890695953750421,0.003940953719315222,True
2165,0.8412698412698412,0.5238095238095237,0.19383851245294623,-0.00026360183285713094,0.0035716364724936553,True
2166,0.8571428571428571,0.5238095238095237,0.19382407534723822,-0.00024148272349894386,0.0032030462558163813,True
2167,0.873015873015873,0.5238095238095237,0.19381157458902065,-0.00022305839315307554,0.002834886429199218,True
2168,0.8888888888888888,0.5238095238095237,0.19380275220112664,-0.00021002803350904308,0.00246665014177437,True
2169,0.9047619047619047,0.5238095238095237,0.19379915575365228,-0.0001954857566069586,0.002099284575305639,True
2170,0.9206349206349206,0.5238095238095237,0.19383660000134867,-0.00019541612795046708,0.0017391037362088088,True
2171,0.9365079365079365,0.5238095238095237,0.19384701452021863,-0.0002217812276484008,0.0013492831391877067,True
2172,0.9523809523809523,0.5238095238095237,0.19388490853940352,-0.00026050884944585546,0.0009734326299158279,True
2173,0.9682539682539681,0.5238095238095237,0.1939805689714842,-0.00023066234444269525,0.0005851046760881667,True
2174,0.9841269841269841,0.5238095238095237,0.1940905509059597,-4.5606006533284395e-05,0.000202149225569161,True
2175,1.0,0.5238095238095237,0.1939500998082515,0.0037140584308233216,-8.467564889876104e-06,True
2176,0.0,0.5396825396825397,0.16333630703006058,5.933475194163777e-06,0.04506479731807159,True
2177,0.015873015873015872,0.5396825396825397,0.16490337519487147,0.015140838844850853,0.04490590857189509,True
2178,0.031746031746031744,0.5396825396825397,0.17137147821372378,0.03243283202577097,0.04428845213243833,True
2179,0.047619047619047616,0.5396825396825397,0.18614165913311437,0.05297254254521121,0.04245531525953185,True
2180,0.06349206349206349,0.5396825396825397,0.21543381511778592,0.07259446728552597,0.03758069807406489,True
2181,0.07936507936507936,0.5396825396825397,0.258215689325466,0.07395060507030568,0.029036392309108747,True
2182,0.09523809523809523,0.5396825396825397,0.28426226034016,0.042945918361149825,0.021124457920322477,True
2183,0.1111111111111111,0.5396825396825397,0.2793922856462886,0.005967928768693407,0.01825456335064268,True
2184,0.12698412698412698,0.5396825396825397,0.2640269277503902,-0.017255162146818076,0.018346065180762716,True
2185,0.14285714285714285,0.5396825396825397,0.25188093612404105,-0.027976997091189046,0.019274466725789134,True
2186,0.15873015873015872,0.5396825396825397,0.24212625192861348,-0.032295319349665154,0.020068870854234377,True
2187,0.1746031746031746,0.5396825396825397,0.23348670988925904,-0.03189892857020611,0.02054886422588564,True
2188,0.19047619047619047,0.5396825396825397,0.22569104615007501,-0.028936978881513063,0.020778097094380343,True
2189,0.20634920634920634,0.5396825396825397,0.21842820148171296,-0.024792376622867,0.020712262156776344,True
2190,0.2222222222222222,0.5396825396825397,0.21172802192458737,-0.020430744409402728,0.020439917905199945,True
2191,0.23809523809523808,0.5396825396825397,0.20562480379290912,-0.01648191827355864,0.020039102669323402,True
2192,0.25396825396825395,0.5396825396825397,0.20018870685508572,-0.013184955993026343,0.019569666355633654,True
2193,0.2698412698412698,0.5396825396825397,0.19545561221492713,-0.010568247035562826,0.019066008499364916,True
2194,0.2857142857142857,0.5396825396825397,0.19137915903707714,-0.008561215557835294,0.018547160707229084,True
2195,0.30158730158730157,0.5396825396825397,0.18789030665022147,-0.007057633090455503,0.018023679111500473,True
2196,0.31746031746031744,0.5396825396825397,0.18491374378337683,-0.005934862379695964,0.017500879092475347,True
2197,0.3333333333333333,0.5396825396825397,0.18238115598328175,-0.005087483881376938,0.016981732460316454,True
2198,0.3492063492063492,0.5396825396825397,0.18021668453044498,-0.004436433793086241,0.016468051092350378,True
2199,0.36507936507936506,0.5396825396825397,0.17835463857397524,-0.003926553207355362,0.015961056384305724,True
2200,0.38095238095238093,0.5396825396825397,0.17674167629457171,-0.0035141468245602483,0.015461553899153659,True
2201,0.3968253968253968,0.5396825396825397,0.17534075595022747,-0.0031680465859143777,0.014970079874541421,True
2202,0.4126984126984127,0.5396825396825397,0.17411448218881742,-0.0028695607244339227,0.014486918994271477,True
2203,0.42857142857142855,0.5396825396825397,0.17303118102986464,-0.002608228714745334,0.014012214242056514,True
2204,0.4444444444444444,0.5396825396825397,0.17206751556158423,-0.002375286463132464,0.013545952155125673,True
2205,0.4603174603174603,0.5396825396825397,0.17121109697844686,-0.002164457959235146,0.013087908038496765,True
2206,0.47619047619047616,0.5396825396825397,0.17044561318475726,-0.0019725464278548197,0.0126377681676317,True
2207,0.49206349206349204,0.5396825396825397,0.16975600138740218,-0.0017979445114829683,0.012195238463345037,True
2208,0.5079365079365079,0.5396825396825397,0.1691319366541476,-0.0016384897471518065,0.011759857831811618,True
2209,0.5238095238095237,0.5396825396825397,0.1685696647129863,-0.001491968731146082,0.011331230324748375,True
2210,0.5396825396825397,0.5396825396825397,0.16806181723132843,-0.0013575083731487872,0.01090887710513342,True
2211,0.5555555555555556,0.5396825396825397,0.16760051173242085,-0.001234824265092502,0.010492293974761849,True
2212,0.5714285714285714,0.5396825396825397,0.16718017292710827,-0.0011227664541335926,0.010081005396137455,True
2213,0.5873015873015872,0.5396825396825397,0.16679951420109834,-0.0010201111151211986,0.009674591976731409,True
2214,0.6031746031746031,0.5396825396825397,0.1664541396427661,-0.0009261332548337483,0.009272672028575481,True
2215,0.6190476190476191,0.5396825396825397,0.1661396745939136,-0.000840512565811811,0.008874841108361375,True
2216,0.6349206349206349,0.5396825396825397,0.16585239283581937,-0.0007626854022507019,0.008480683870909443,True
2217,0.6507936507936507,0.5396825396825397,0.16559183412427675,-0.00069166468051273,0.008089877098176795,True
2218,0.6666666666666666,0.5396825396825397,0.16535529954637698,-0.0006269006751912753,0.007702124962260327,True
2219,0.6825396825396826,0.5396825396825397,0.1651400633412673,-0.0005680673628110584,0.007317120474977853,True
2220,0.6984126984126984,0.5396825396825397,0.16494329284575468,-0.0005146774389487609,0.006934562564054427,True
2221,0.7142857142857142,0.5396825396825397,0.16476480559998674,-0.0004660777260962897,0.006554236074008211,True
2222,0.7301587301587301,0.5396825396825397,0.1646027985416028,-0.0004218829140797806,0.006175951355009263,True
2223,0.746031746031746,0.5396825396825397,0.16445536778354017,-0.0003819038237803373,0.005799474693818226,True
2224,0.7619047619047619,0.5396825396825397,0.16432054873744525,-0.00034582694563778935,0.005424620327128443,True
2225,0.7777777777777777,0.5396825396825397,0.16419836295635323,-0.0003131740796448514,0.005051217225827333,True
2226,0.7936507936507936,0.5396825396825397,0.16408753350391453,-0.00028369968455050764,0.004679138952126321,True
2227,0.8095238095238095,0.5396825396825397,0.16398677571501077,-0.0002571688394338525,0.00430824467152378,True
2228,0.8253968253968254,0.5396825396825397,0.1638946140419915,-0.00023357307370295747,0.003938386236916785,True
2229,0.8412698412698412,0.5396825396825397,0.16381092952939186,-0.0002128969800224991,0.0035694460421312997,True
2230,0.8571428571428571,0.5396825396825397,0.1637350979200134,-0.00019556606811483177,0.0032013134146663324,True
2231,0.873015873015873,0.5396825396825397,0.16366619369448165,-0.00018199825008350816,0.0028337980920285872,True
2232,0.8888888888888888,0.5396825396825397,0.1636028368411775,-0.00017336816284810287,0.0024666653628215543,True
2233,0.9047619047619047,0.5396825396825397,0.16355006715499057,-0.00017323487085518034,0.002099178925700418,True
2234,0.9206349206349206,0.5396825396825397,0.16351647456371302,-0.0001771821368473225,0.0017319416551451786,True
2235,0.9365079365079365,0.5396825396825397,0.16350536520106748,-0.00024553411754307857,0.0013606912296361287,True
2236,0.9523809523809523,0.5396825396825397,0.16351584544441772,-0.0003156441859745547,0.000995536852103518,True
2237,0.9682539682539681,0.5396825396825397,0.1636125257309392,-0.00037527470605787784,0.000577588774410354,True
2238,0.9841269841269841,0.5396825396825397,0.1639493045281075,-0.00023008172073563421,0.00015433952878100076,True
2239,1.0,0.5396825396825397,0.16369429551025844,0.006623354390745172,-7.735888650003232e-05,True
2240,0.0,0.5555555555555556,0.12004342272342036,1.790063493605238e-05,0.04319739906173521,True
2241,0.015873015873015872,0.5555555555555556,0.12283195506446642,0.010016813736905274,0.043017458300561015,True
2242,0.031746031746031744,0.5555555555555556,0.1326933505430485,0.020352673590406507,0.04224977513761156,True
2243,0.047619047619047616,0.5555555555555556,0.15044289327508598,0.030953436117128898,0.0406562692540986,True
2244,0.06349206349206349,0.5555555555555556,0.17688645152737106,0.038721897522018364,0.037640572061474385,True
2245,0.07936507936507936,0.5555555555555556,0.2084547780288011,0.0373906851356092,0.033132164668508005,True
2246,0.09523809523809523,0.5555555555555556,0.23546818749289297,0.025166958380620833,0.028299016891245695,True
2247,0.1111111111111111,0.5555555555555556,0.24901327067502596,0.007228712388283725,0.024581013240246155,True
2248,0.12698412698412698,0.5555555555555556,0.249396523722066,-0.007999935434584576,0.02251655884335298,True
2249,0.14285714285714285,0.5555555555555556,0.24185286765596056,-0.017049707010840656,0.021460464746570245,True
2250,0.15873015873015872,0.5555555555555556,0.22961969507303384,-0.02066512858388506,0.020985879674393675,True
2251,0.1746031746031746,0.5555555555555556,0.21596639064476797,-0.02032954055033016,0.020718158328149123,True
2252,0.19047619047619047,0.5555555555555556,0.20242592279615512,-0.017994680075621085,0.020472487873581673,True
2253,0.20634920634920634,0.5555555555555556,0.19001902581552182,-0.014872479058435122,0.020216065286140818,True
2254,0.2222222222222222,0.5555555555555556,0.17929944737608908,-0.011763854658731681,0.01991827823039797,True
2255,0.23809523809523808,0.5555555555555556,0.1704065237321355,-0.009088245189598705,0.01957567087399352,True
2256,0.25396825396825395,0.5555555555555556,0.1631709211658198,-0.0069725914079846315,0.019192962029312925,True
2257,0.2698412698412698,0.5555555555555556,0.15733181430812135,-0.005392446315998523,0.018776316611386935,True
2258,0.2857142857142857,0.5555555555555556,0.15260514281944557,-0.004255583415686368,0.018332186381030544,True
2259,0.30158730158730157,0.5555555555555556,0.14875425359573366,-0.0034585931105206623,0.017867326783589984,True
2260,0.31746031746031744,0.5555555555555556,0.14556164539117783,-0.0029010110139182288,0.017388010765804103,True
2261,0.3333333333333333,0.5555555555555556,0.14286827679148317,-0.0025063007917394426,0.016899840110912945,True
2262,0.3492063492063492,0.5555555555555556,0.14055496592757288,-0.0022184920427942506,0.01640765124745358,True
2263,0.36507936507936506,0.5555555555555556,0.13854172399481732,-0.0019996617806368475,0.015915319577789983,True
2264,0.38095238095238093,0.5555555555555556,0.13676346123642472,-0.001823114147276192,0.015425745300670932,True
2265,0.3968253968253968,0.5555555555555556,0.135176295216045,-0.0016727501171489795,0.014941005582281308,True
2266,0.4126984126984127,0.5555555555555556,0.13374893512223546,-0.0015390764192605888,0.01446251457898306,True
2267,0.42857142857142855,0.5555555555555556,0.13246020181055201,-0.001417443580151096,0.01399114475631864,True
2268,0.4444444444444444,0.5555555555555556,0.13129241946287473,-0.0013051460463698215,0.013527333202683496,True
2269,0.4603174603174603,0.5555555555555556,0.130231488612681,-0.001199951423012191,0.013071183138311267,True
2270,0.47619047619047616,0.5555555555555556,0.12926634705277323,-0.0011013117456070986,0.012622611124072232,True
2271,0.49206349206349204,0.5555555555555556,0.12838839005412928,-0.0010091900659481483,0.012181396577188329,True
2272,0.5079365079365079,0.5555555555555556,0.12758982224891904,-0.0009233370091951984,0.011747190498801779,True
2273,0.5238095238095237,0.5555555555555556,0.12686318217591916,-0.000843313275809928,0.01131958216831937,True
2274,0.5396825396825397,0.5555555555555556,0.12620211019476102,-0.0007690845772966794,0.01089813961546481,True
2275,0.5555555555555556,0.5555555555555556,0.1256012339134427,-0.000700610188570528,0.010482406166429219,True
2276,0.5714285714285714,0.5555555555555556,0.12505525855638916,-0.0006375654702476943,0.010071904632901292,True
2277,0.5873015873015872,0.5555555555555556,0.12455905176532406,-0.0005794559776426022,0.009666237329412516,True
2278,0.6031746031746031,0.5555555555555556,0.12410858141729973,-0.0005261368737984135,0.009265023603623974,True
2279,0.6190476190476191,0.5555555555555556,0.12369996213431027,-0.00047732333429438626,0.008867807943667377,True
2280,0.6349206349206349,0.5555555555555556,0.12332939691742686,-0.0004328689427151289,0.008474230830953288,True
2281,0.6507936507936507,0.5555555555555556,0.1229932723342852,-0.0003923107950145279,0.008083967804307606,True
2282,0.6666666666666666,0.5555555555555556,0.1226885497367232,-0.000355344767533318,0.007696712585838403,True
2283,0.6825396825396826,0.5555555555555556,0.12241242052301018,-0.0003216363676763636,0.007312153458131427,True
2284,0.6984126984126984,0.5555555555555556,0.1221623191549865,-0.0002910778212020953,0.006930029736935308,True
2285,0.7142857142857142,0.5555555555555556,0.12193577486862163,-0.00026327448794853057,0.006550111065008196,True
2286,0.7301587301587301,0.5555555555555556,0.12173063580562897,-0.0002379788495793676,0.006172189281187815,True
2287,0.746031746031746,0.5555555555555556,0.12154495448290092,-0.0002151769619627554,0.005796043540965789,True
2288,0.7619047619047619,0.5555555555555556,0.1213769834749464,-0.00019465565239069766,0.005421490841712418,True
2289,0.7777777777777777,0.5555555555555556,0.12122478416439535,-0.00017602518851064723,0.005048383041844729,True
2290,0.7936507936507936,0.5555555555555556,0.12108699809910115,-0.00015927836548032602,0.004676581098533128,True
2291,0.8095238095238095,0.5555555555555556,0.1209620575118427,-0.0001442799552373334,0.004305955498960167,True
2292,0.8253968253968254,0.5555555555555556,0.12084897102167358,-0.00013097513215552773,0.003936379772049474,True
2293,0.8412698412698412,0.5555555555555556,0.12074615230238114,-0.00011966023725530345,0.003567753985743379,True
2294,0.8571428571428571,0.5555555555555556,0.1206522160331915,-0.00011040137647758713,0.0031999999006113973,True
2295,0.873015873015873,0.5555555555555556,0.1205655151933403,-0.00010373423031223858,0.0028330517954146942,True
2296,0.8888888888888888,0.5555555555555556,0.12048487955750224,-0.00010132541032481285,0.002466901243731393,True
2297,0.9047619047619047,0.5555555555555556,0.12040821498268194,-0.00010898363105498954,0.0021013766786742412,True
2298,0.9206349206349206,0.5555555555555556,0.12032821064924373,-0.00012941446361956367,0.0017364689303803456,True
2299,0.9365079365079365,0.5555555555555556,0.12024467062007302,-0.00018277871698388297,0.001372223907873303,True
2300,0.9523809523809523,0.5555555555555556,0.12014667087531818,-0.00032262100292390714,0.0010039962560426797,True
2301,0.9682539682539681,0.5555555555555556,0.12014676047892778,-0.0006635386616540466,0.0006229965885596147,True
2302,0.9841269841269841,0.5555555555555556,0.12077179686101257,-0.0008697797339835837,0.00013700250703772425,True
2303,1.0,0.5555555555555556,0.12047495034315064,0.010890737411059894,-0.0001777692214497161,True
2304,0.0,0.5714285714285714,0.0641680169928767,-9.83676572521374e-06,0.04257569767129857,True
2305,0.015873015873015872,0.5714285714285714,0.06673144064433449,0.0035222519413905112,0.04242177786174236,True
2306,0.031746031746031744,0.5714285714285714,0.07584159401049954,0.00695565439479831,0.04172151344670364,True
2307,0.047619047619047616,0.5714285714285714,0.09090173101271931,0.010295475805833088,0.040361992864378866,True
2308,0.06349206349206349,0.5714285714285714,0.1111295367283182,0.012191334022645602,0.03803538776196069,True
2309,0.07936507936507936,0.5714285714285714,0.13298464202515273,0.011171909647102293,0.03471519520680443,True
2310,0.09523809523809523,0.5714285714285714,0.15093804191058338,0.006772057526393333,0.030862888093181235,True
2311,0.1111111111111111,0.5714285714285714,0.159936427843441,0.0008684758850622375,0.0272460060114074,True
2312,0.12698412698412698,0.5714285714285714,0.15923312256088026,-0.003930670845673267,0.024432784924913707,True
2313,0.14285714285714285,0.5714285714285714,0.15116324054862332,-0.00657556255209965,0.022531167398442735,True
2314,0.15873015873015872,0.5714285714285714,0.13942699494414715,-0.007170116701942611,0.02135171979856842,True
2315,0.1746031746031746,0.5714285714285714,0.12691301592264845,-0.006595752790696068,0.020634367968981684,True
2316,0.19047619047619047,0.5714285714285714,0.11553445013676525,-0.005424818205504902,0.020186568586379787,True
2317,0.20634920634920634,0.5714285714285714,0.10607026252101921,-0.004199299424780752,0.019863475314960802,True
2318,0.2222222222222222,0.5714285714285714,0.09863006647819156,-0.0031266025966579522,0.019579382595369434,True
2319,0.23809523809523808,0.5714285714285714,0.09297911032525276,-0.0022800296951461926,0.019286593046820788,True
2320,0.25396825396825395,0.5714285714285714,0.08874989207955197,-0.0016598288027719693,0.018962516322082207,True
2321,0.2698412698412698,0.5714285714285714,0.08557488993497313,-0.0012306075868137106,0.018599756840079477,True
2322,0.2857142857142857,0.5714285714285714,0.08314437709918134,-0.0009467577023120239,0.018199751391200836,True
2323,0.30158730158730157,0.5714285714285714,0.08122220185011701,-0.0007650914027847568,0.017768512124427073,True
2324,0.31746031746031744,0.5714285714285714,0.07964025237065693,-0.0006501724644330169,0.017313735369585064,True
2325,0.3333333333333333,0.5714285714285714,0.07828639228743756,-0.0005766044626684703,0.016843015112251242,True
2326,0.3492063492063492,0.5714285714285714,0.07708895805670012,-0.0005271727801990276,0.016363027601321897,True
2327,0.36507936507936506,0.5714285714285714,0.07600459114125427,-0.0004906622313538664,0.015879178382273953,True
2328,0.38095238095238093,0.5714285714285714,0.07500785050878378,-0.00046040489266857413,0.01539556640038786,True
2329,0.3968253968253968,0.5714285714285714,0.07408428525490626,-0.0004328500175594478,0.014915120915036252,True
2330,0.4126984126984127,0.5714285714285714,0.07322634348290402,-0.0004062112251532733,0.014439840963336874,True
2331,0.42857142857142855,0.5714285714285714,0.07242939611963087,-0.0003800286673310972,0.013970944810728723,True
2332,0.4444444444444444,0.5714285714285714,0.0716901632534128,-0.00035413294791055073,0.013509132639310268,True
2333,0.4603174603174603,0.5714285714285714,0.07100615361898606,-0.0003286380561323653,0.013054686381181015,True
2334,0.47619047619047616,0.5714285714285714,0.07037491810536554,-0.0003038721837449685,0.012607598251065251,True
2335,0.49206349206349204,0.5714285714285714,0.06979409772119684,-0.00028002125852650303,0.012167698207238075,True
2336,0.5079365079365079,0.5714285714285714,0.06926086947800607,-0.00025724997098278287,0.01173467684634631,True
2337,0.5238095238095237,0.5714285714285714,0.06877231915410288,-0.00023568665754331651,0.011308146356855949,True
2338,0.5396825396825397,0.5714285714285714,0.06832585044699015,-0.0002154380666964443,0.010887690138915768,True
2339,0.5555555555555556,0.5714285714285714,0.06791845377493518,-0.00019658449461532984,0.010472858935918856,True
2340,0.5714285714285714,0.5714285714285714,0.06754721953638992,-0.00017904843419382647,0.010063209348245812,True
2341,0.5873015873015872,0.5714285714285714,0.06720947362951622,-0.00016288092301287404,0.009658323323194763,True
2342,0.6031746031746031,0.5714285714285714,0.06690252380156243,-0.00014796781913718225,0.00925779635885802,True
2343,0.6190476190476191,0.5714285714285714,0.06662388050777324,-0.00013427430185137748,0.008861218305530341,True
2344,0.6349206349206349,0.5714285714285714,0.06637117255559898,-0.00012174281629678646,0.008468239804247327,True
2345,0.6507936507936507,0.5714285714285714,0.06614213719469147,-0.00011027196154199101,0.008078528305874143,True
2346,0.6666666666666666,0.5714285714285714,0.0659346824460298,-9.981793498744726e-05,0.007691763443753652,True
2347,0.6825396825396826,0.5714285714285714,0.06574689768307161,-9.035764830576877e-05,0.007307648048193039,True
2348,0.6984126984126984,0.5714285714285714,0.06557683495774953,-8.175464072023715e-05,0.006925936445822438,True
2349,0.7142857142857142,0.5714285714285714,0.06542307737930483,-7.386474123692232e-05,0.006546399972101378,True
2350,0.7301587301587301,0.5714285714285714,0.06528411563122453,-6.67213420071595e-05,0.006168817092759137,True
2351,0.746031746031746,0.5714285714285714,0.06515855109339833,-6.0293457316386346e-05,0.005792982587939284,True
2352,0.7619047619047619,0.5714285714285714,0.06504506050289936,-5.446489680848356e-05,0.005418724851866282,True
2353,0.7777777777777777,0.5714285714285714,0.06494250485655757,-4.921141029868872e-05,0.005045886008679016,True
2354,0.7936507936507936,0.5714285714285714,0.064849720368791,-4.45492543887348e-05,0.004674321539041238,True
2355,0.8095238095238095,0.5714285714285714,0.06476579551729099,-4.030813933513874e-05,0.0043039194445863155,True
2356,0.8253968253968254,0.5714285714285714,0.06468970270446057,-3.66150679205195e-05,0.003934557171628198,True
2357,0.8412698412698412,0.5714285714285714,0.06462037504681772,-3.35474242012103e-05,0.0035661479620824085,True
2358,0.8571428571428571,0.5714285714285714,0.06455663879710638,-3.1113075158444896e-05,0.0031986346689037823,True
2359,0.873015873015873,0.5714285714285714,0.0644970592973197,-2.963824915394372e-05,0.0028319949010708226,True
2360,0.8888888888888888,0.5714285714285714,0.06443942225423734,-2.995827908424212e-05,0.002466268370409636,True
2361,0.9047619047619047,0.5714285714285714,0.06437925753193459,-3.364919962796603e-05,0.002101645481447962,True
2362,0.9206349206349206,0.5714285714285714,0.06430883513815829,-4.304643924188281e-05,0.0017386035001535527,True
2363,0.9365079365079365,0.5714285714285714,0.06421255589663559,-6.77387504909682e-05,0.0013782603804079975,True
2364,0.9523809523809523,0.5714285714285714,0.06404344657061556,-0.0001561350398077448,0.0010227429379953898,True
2365,0.9682539682539681,0.5714285714285714,0.06369174387349032,-0.0005202157735891452,0.0006819121971955538,True
2366,0.9841269841269841,0.5714285714285714,0.0631019029606638,-0.0015575168143177423,0.0003127001954748934,True
2367,1.0,0.5714285714285714,0.06462373327934275,0.014838190310100393,2.1008629114015663e-05,True
2368,0.0,0.5873015873015872,,,,True
2369,0.015873015873015872,0.5873015873015872,,,,True
2370,0.031746031746031744,0.5873015873015872,,,,True
2371,0.047619047619047616,0.5873015873015872,,,,True
2372,0.06349206349206349,0.5873015873015872,,,,True
2373,0.07936507936507936,0.5873015873015872,,,,True
2374,0.09523809523809523,0.5873015873015872,,,,True
2375,0.1111111111111111,0.5873015873015872,,,,True
2376,0.12698412698412698,0.5873015873015872,,,,True
2377,0.14285714285714285,0.5873015873015872,,,,True
2378,0.15873015873015872,0.5873015873015872,,,,True
2379,0.1746031746031746,0.5873015873015872,,,,True
2380,0.19047619047619047,0.5873015873015872,,,,True
2381,0.20634920634920634,0.5873015873015872,,,,True
2382,0.2222222222222222,0.5873015873015872,,,,True
2383,0.23809523809523808,0.5873015873015872,,,,True
2384,0.25396825396825395,0.5873015873015872,,,,True
2385,0.2698412698412698,0.5873015873015872,,,,True
2386,0.2857142857142857,0.5873015873015872,,,,True
2387,0.30158730158730157,0.5873015873015872,,,,True
2388,0.31746031746031744,0.5873015873015872,,,,True
2389,0.3333333333333333,0.5873015873015872,,,,True
2390,0.3492063492063492,0.5873015873015872,,,,True
2391,0.36507936507936506,0.5873015873015872,,,,True
2392,0.38095238095238093,0.5873015873015872,,,,True
2393,0.3968253968253968,0.5873015873015872,,,,True
2394,0.4126984126984127,0.5873015873015872,,,,True
2395,0.42857142857142855,0.5873015873015872,,,,True
2396,0.4444444444444444,0.5873015873015872,,,,True
2397,0.4603174603174603,0.5873015873015872,,,,True
2398,0.47619047619047616,0.5873015873015872,,,,True
2399,0.49206349206349204,0.5873015873015872,,,,True
2400,0.5079365079365079,0.5873015873015872,,,,True
2401,0.5238095238095237,0.5873015873015872,,,,True
2402,0.5396825396825397,0.5873015873015872,,,,True
2403,0.5555555555555556,0.5873015873015872,,,,True
2404,0.5714285714285714,0.5873015873015872,,,,True
2405,0.5873015873015872,0.5873015873015872,,,,True
2406,0.6031746031746031,0.5873015873015872,,,,True
2407,0.6190476190476191,0.5873015873015872,,,,True
2408,0.6349206349206349,0.5873015873015872,,,,True
2409,0.6507936507936507,0.5873015873015872,,,,True
2410,0.6666666666666666,0.5873015873015872,,,,True
2411,0.6825396825396826,0.5873015873015872,,,,True
2412,0.6984126984126984,0.5873015873015872,,,,True
2413,0.7142857142857142,0.5873015873015872,,,,True
2414,0.7301587301587301,0.5873015873015872,,,,True
2415,0.746031746031746,0.5873015873015872,,,,True
2416,0.7619047619047619,0.5873015873015872,,,,True
2417,0.7777777777777777,0.5873015873015872,,,,True
2418,0.7936507936507936,0.5873015873015872,,,,True
2419,0.8095238095238095,0.5873015873015872,,,,True
2420,0.8253968253968254,0.5873015873015872,,,,True
2421,0.8412698412698412,0.5873015873015872,,,,True
2422,0.8571428571428571,0.5873015873015872,,,,True
2423,0.873015873015873,0.5873015873015872,,,,True
2424,0.8888888888888888,0.5873015873015872,,,,True
2425,0.9047619047619047,0.5873015873015872,,,,True
2426,0.9206349206349206,0.5873015873015872,,,,True
2427,0.9365079365079365,0.5873015873015872,,,,True
2428,0.9523809523809523,0.5873015873015872,,,,True
2429,0.9682539682539681,0.5873015873015872,,,,True
2430,0.9841269841269841,0.5873015873015872,,,,True
2431,1.0,0.5873015873015872,,,,True
2432,0.0,0.6031746031746031,,,,False
2433,0.015873015873015872,0.6031746031746031,,,,False
2434,0.031746031746031744,0.6031746031746031,,,,False
2435,0.047619047619047616,0.6031746031746031,,,,False
2436,0.06349206349206349,0.6031746031746031,,,,False
2437,0.07936507936507936,0.6031746031746031,,,,False
2438,0.09523809523809523,0.6031746031746031,,,,False
2439,0.1111111111111111,0.6031746031746031,,,,False
2440,0.12698412698412698,0.6031746031746031,,,,False
2441,0.14285714285714285,0.6031746031746031,,,,False
2442,0.15873015873015872,0.6031746031746031,,,,False
2443,0.1746031746031746,0.6031746031746031,,,,False
2444,0.19047619047619047,0.6031746031746031,,,,False
2445,0.20634920634920634,0.6031746031746031,,,,False
2446,0.2222222222222222,0.6031746031746031,,,,False
2447,0.23809523809523808,0.6031746031746031,,,,False
2448,0.25396825396825395,0.6031746031746031,,,,False
2449,0.2698412698412698,0.6031746031746031,,,,False
2450,0.2857142857142857,0.6031746031746031,,,,False
2451,0.30158730158730157,0.6031746031746031,,,,False
2452,0.31746031746031744,0.6031746031746031,,,,False
2453,0.3333333333333333,0.6031746031746031,,,,False
2454,0.3492063492063492,0.6031746031746031,,,,False
2455,0.36507936507936506,0.6031746031746031,,,,False
2456,0.38095238095238093,0.6031746031746031,,,,False
2457,0.3968253968253968,0.6031746031746031,,,,False
2458,0.4126984126984127,0.6031746031746031,,,,False
2459,0.42857142857142855,0.6031746031746031,,,,False
2460,0.4444444444444444,0.6031746031746031,,,,False
2461,0.4603174603174603,0.6031746031746031,,,,False
2462,0.47619047619047616,0.6031746031746031,,,,False
2463,0.49206349206349204,0.6031746031746031,,,,False
2464,0.5079365079365079,0.6031746031746031,,,,False
2465,0.5238095238095237,0.6031746031746031,,,,False
2466,0.5396825396825397,0.6031746031746031,,,,False
2467,0.5555555555555556,0.6031746031746031,,,,False
2468,0.5714285714285714,0.6031746031746031,,,,False
2469,0.5873015873015872,0.6031746031746031,,,,False
2470,0.6031746031746031,0.6031746031746031,,,,False
2471,0.6190476190476191,0.6031746031746031,,,,False
2472,0.6349206349206349,0.6031746031746031,,,,False
2473,0.6507936507936507,0.6031746031746031,,,,False
2474,0.6666666666666666,0.6031746031746031,,,,False
2475,0.6825396825396826,0.6031746031746031,,,,False
2476,0.6984126984126984,0.6031746031746031,,,,False
2477,0.7142857142857142,0.6031746031746031,,,,False
2478,0.7301587301587301,0.6031746031746031,,,,False
2479,0.746031746031746,0.6031746031746031,,,,False
2480,0.7619047619047619,0.6031746031746031,,,,False
2481,0.7777777777777777,0.6031746031746031,,,,False
2482,0.7936507936507936,0.6031746031746031,,,,False
2483,0.8095238095238095,0.6031746031746031,,,,False
2484,0.8253968253968254,0.6031746031746031,,,,False
2485,0.8412698412698412,0.6031746031746031,,,,False
2486,0.8571428571428571,0.6031746031746031,,,,False
2487,0.873015873015873,0.6031746031746031,,,,False
2488,0.8888888888888888,0.6031746031746031,,,,False
2489,0.9047619047619047,0.6031746031746031,,,,False
2490,0.9206349206349206,0.6031746031746031,,,,False
2491,0.9365079365079365,0.6031746031746031,,,,False
2492,0.9523809523809523,0.6031746031746031,,,,False
2493,0.9682539682539681,0.6031746031746031,,,,False
2494,0.9841269841269841,0.6031746031746031,,,,False
2495,1.0,0.6031746031746031,,,,False
2496,0.0,0.6190476190476191,,,,False
2497,0.015873015873015872,0.6190476190476191,,,,False
2498,0.031746031746031744,0.6190476190476191,,,,False
2499,0.047619047619047616,0.6190476190476191,,,,False
2500,0.06349206349206349,0.6190476190476191,,,,False
2501,0.07936507936507936,0.6190476190476191,,,,False
2502,0.09523809523809523,0.6190476190476191,,,,False
2503,0.1111111111111111,0.6190476190476191,,,,False
2504,0.12698412698412698,0.6190476190476191,,,,False
2505,0.14285714285714285,0.6190476190476191,,,,False
2506,0.15873015873015872,0.6190476190476191,,,,False
2507,0.1746031746031746,0.6190476190476191,,,,False
2508,0.19047619047619047,0.6190476190476191,,,,False
2509,0.20634920634920634,0.6190476190476191,,,,False
2510,0.2222222222222222,0.6190476190476191,,,,False
2511,0.23809523809523808,0.6190476190476191,,,,False
2512,0.25396825396825395,0.6190476190476191,,,,False
2513,0.2698412698412698,0.6190476190476191,,,,False
2514,0.2857142857142857,0.6190476190476191,,,,False
2515,0.30158730158730157,0.6190476190476191,,,,False
2516,0.31746031746031744,0.6190476190476191,,,,False
2517,0.3333333333333333,0.6190476190476191,,,,False
2518,0.3492063492063492,0.6190476190476191,,,,False
2519,0.36507936507936506,0.6190476190476191,,,,False
2520,0.38095238095238093,0.6190476190476191,,,,False
2521,0.3968253968253968,0.6190476190476191,,,,False
2522,0.4126984126984127,0.6190476190476191,,,,False
2523,0.42857142857142855,0.6190476190476191,,,,False
2524,0.4444444444444444,0.6190476190476191,,,,False
2525,0.4603174603174603,0.6190476190476191,,,,False
2526,0.47619047619047616,0.6190476190476191,,,,False
2527,0.49206349206349204,0.6190476190476191,,,,False
2528,0.5079365079365079,0.6190476190476191,,,,False
2529,0.5238095238095237,0.6190476190476191,,,,False
2530,0.5396825396825397,0.6190476190476191,,,,False
2531,0.5555555555555556,0.6190476190476191,,,,False
2532,0.5714285714285714,0.6190476190476191,,,,False
2533,0.5873015873015872,0.6190476190476191,,,,False
2534,0.6031746031746031,0.6190476190476191,,,,False
2535,0.6190476190476191,0.6190476190476191,,,,False
2536,0.6349206349206349,0.6190476190476191,,,,False
2537,0.6507936507936507,0.6190476190476191,,,,False
2538,0.6666666666666666,0.6190476190476191,,,,False
2539,0.6825396825396826,0.6190476190476191,,,,False
2540,0.6984126984126984,0.6190476190476191,,,,False
2541,0.7142857142857142,0.6190476190476191,,,,False
2542,0.7301587301587301,0.6190476190476191,,,,False
2543,0.746031746031746,0.6190476190476191,,,,False
2544,0.7619047619047619,0.6190476190476191,,,,False
2545,0.7777777777777777,0.6190476190476191,,,,False
2546,0.7936507936507936,0.6190476190476191,,,,False
2547,0.8095238095238095,0.6190476190476191,,,,False
2548,0.8253968253968254,0.6190476190476191,,,,False
2549,0.8412698412698412,0.6190476190476191,,,,False
2550,0.8571428571428571,0.6190476190476191,,,,False
2551,0.873015873015873,0.6190476190476191,,,,False
2552,0.8888888888888888,0.6190476190476191,,,,False
2553,0.9047619047619047,0.6190476190476191,,,,False
2554,0.9206349206349206,0.6190476190476191,,,,False
2555,0.9365079365079365,0.6190476190476191,,,,False
2556,0.9523809523809523,0.6190476190476191,,,,False
2557,0.9682539682539681,0.6190476190476191,,,,False
2558,0.9841269841269841,0.6190476190476191,,,,False
2559,1.0,0.6190476190476191,,,,False
2560,0.0,0.6349206349206349,,,,False
2561,0.015873015873015872,0.6349206349206349,,,,False
2562,0.031746031746031744,0.6349206349206349,,,,False
2563,0.047619047619047616,0.6349206349206349,,,,False
2564,0.06349206349206349,0.6349206349206349,,,,False
2565,0.07936507936507936,0.6349206349206349,,,,False
2566,0.09523809523809523,0.6349206349206349,,,,False
2567,0.1111111111111111,0.6349206349206349,,,,False
2568,0.12698412698412698,0.6349206349206349,,,,False
2569,0.14285714285714285,0.6349206349206349,,,,False
2570,0.15873015873015872,0.6349206349206349,,,,False
2571,0.1746031746031746,0.6349206349206349,,,,False
2572,0.19047619047619047,0.6349206349206349,,,,False
2573,0.20634920634920634,0.6349206349206349,,,,False
2574,0.2222222222222222,0.6349206349206349,,,,False
2575,0.23809523809523808,0.6349206349206349,,,,False
2576,0.25396825396825395,0.6349206349206349,,,,False
2577,0.2698412698412698,0.6349206349206349,,,,False
2578,0.2857142857142857,0.6349206349206349,,,,False
2579,0.30158730158730157,0.6349206349206349,,,,False
2580,0.31746031746031744,0.6349206349206349,,,,False
2581,0.3333333333333333,0.6349206349206349,,,,False
2582,0.3492063492063492,0.6349206349206349,,,,False
2583,0.36507936507936506,0.6349206349206349,,,,False
2584,0.38095238095238093,0.6349206349206349,,,,False
2585,0.3968253968253968,0.6349206349206349,,,,False
2586,0.4126984126984127,0.6349206349206349,,,,False
2587,0.42857142857142855,0.6349206349206349,,,,False
2588,0.4444444444444444,0.6349206349206349,,,,False
2589,0.4603174603174603,0.6349206349206349,,,,False
2590,0.47619047619047616,0.6349206349206349,,,,False
2591,0.49206349206349204,0.6349206349206349,,,,False
2592,0.5079365079365079,0.6349206349206349,,,,False
2593,0.5238095238095237,0.6349206349206349,,,,False
2594,0.5396825396825397,0.6349206349206349,,,,False
2595,0.5555555555555556,0.6349206349206349,,,,False
2596,0.5714285714285714,0.6349206349206349,,,,False
2597,0.5873015873015872,0.6349206349206349,,,,False
2598,0.6031746031746031,0.6349206349206349,,,,False
2599,0.6190476190476191,0.6349206349206349,,,,False
2600,0.6349206349206349,0.6349206349206349,,,,False
2601,0.6507936507936507,0.6349206349206349,,,,False
2602,0.6666666666666666,0.6349206349206349,,,,False
2603,0.6825396825396826,0.6349206349206349,,,,False
2604,0.6984126984126984,0.6349206349206349,,,,False
2605,0.7142857142857142,0.6349206349206349,,,,False
2606,0.7301587301587301,0.6349206349206349,,,,False
2607,0.746031746031746,0.6349206349206349,,,,False
2608,0.7619047619047619,0.6349206349206349,,,,False
2609,0.7777777777777777,0.6349206349206349,,,,False
2610,0.7936507936507936,0.6349206349206349,,,,False
2611,0.8095238095238095,0.6349206349206349,,,,False
2612,0.8253968253968254,0.6349206349206349,,,,False
2613,0.8412698412698412,0.6349206349206349,,,,False
2614,0.8571428571428571,0.6349206349206349,,,,False
2615,0.873015873015873,0.6349206349206349,,,,False
2616,0.8888888888888888,0.6349206349206349,,,,False
2617,0.9047619047619047,0.6349206349206349,,,,False
2618,0.9206349206349206,0.6349206349206349,,,,False
2619,0.9365079365079365,0.6349206349206349,,,,False
2620,0.9523809523809523,0.6349206349206349,,,,False
2621,0.9682539682539681,0.6349206349206349,,,,False
2622,0.9841269841269841,0.6349206349206349,,,,False
2623,1.0,0.6349206349206349,,,,False
2624,0.0,0.6507936507936507,,,,False
2625,0.015873015873015872,0.6507936507936507,,,,False
2626,0.031746031746031744,0.6507936507936507,,,,False
2627,0.047619047619047616,0.6507936507936507,,,,False
2628,0.06349206349206349,0.6507936507936507,,,,False
2629,0.07936507936507936,0.6507936507936507,,,,False
2630,0.09523809523809523,0.6507936507936507,,,,False
2631,0.1111111111111111,0.6507936507936507,,,,False
2632,0.12698412698412698,0.6507936507936507,,,,False
2633,0.14285714285714285,0.6507936507936507,,,,False
2634,0.15873015873015872,0.6507936507936507,,,,False
2635,0.1746031746031746,0.6507936507936507,,,,False
2636,0.19047619047619047,0.6507936507936507,,,,False
2637,0.20634920634920634,0.6507936507936507,,,,False
2638,0.2222222222222222,0.6507936507936507,,,,False
2639,0.23809523809523808,0.6507936507936507,,,,False
2640,0.25396825396825395,0.6507936507936507,,,,False
2641,0.2698412698412698,0.6507936507936507,,,,False
2642,0.2857142857142857,0.6507936507936507,,,,False
2643,0.30158730158730157,0.6507936507936507,,,,False
2644,0.31746031746031744,0.6507936507936507,,,,False
2645,0.3333333333333333,0.6507936507936507,,,,False
2646,0.3492063492063492,0.6507936507936507,,,,False
2647,0.36507936507936506,0.6507936507936507,,,,False
2648,0.38095238095238093,0.6507936507936507,,,,False
2649,0.3968253968253968,0.6507936507936507,,,,False
2650,0.4126984126984127,0.6507936507936507,,,,False
2651,0.42857142857142855,0.6507936507936507,,,,False
2652,0.4444444444444444,0.6507936507936507,,,,False
2653,0.4603174603174603,0.6507936507936507,,,,False
2654,0.47619047619047616,0.6507936507936507,,,,False
2655,0.49206349206349204,0.6507936507936507,,,,False
2656,0.5079365079365079,0.6507936507936507,,,,False
2657,0.5238095238095237,0.6507936507936507,,,,False
2658,0.5396825396825397,0.6507936507936507,,,,False
2659,0.5555555555555556,0.6507936507936507,,,,False
2660,0.5714285714285714,0.6507936507936507,,,,False
2661,0.5873015873015872,0.6507936507936507,,,,False
2662,0.6031746031746031,0.6507936507936507,,,,False
2663,0.6190476190476191,0.6507936507936507,,,,False
2664,0.6349206349206349,0.6507936507936507,,,,False
2665,0.6507936507936507,0.6507936507936507,,,,False
2666,0.6666666666666666,0.6507936507936507,,,,False
2667,0.6825396825396826,0.6507936507936507,,,,False
2668,0.6984126984126984,0.6507936507936507,,,,False
2669,0.7142857142857142,0.6507936507936507,,,,False
2670,0.7301587301587301,0.6507936507936507,,,,False
2671,0.746031746031746,0.6507936507936507,,,,False
2672,0.7619047619047619,0.6507936507936507,,,,False
2673,0.7777777777777777,0.6507936507936507,,,,False
2674,0.7936507936507936,0.6507936507936507,,,,False
2675,0.8095238095238095,0.6507936507936507,,,,False
2676,0.8253968253968254,0.6507936507936507,,,,False
2677,0.8412698412698412,0.6507936507936507,,,,False
2678,0.8571428571428571,0.6507936507936507,,,,False
2679,0.873015873015873,0.6507936507936507,,,,False
2680,0.8888888888888888,0.6507936507936507,,,,False
2681,0.9047619047619047,0.6507936507936507,,,,False
2682,0.9206349206349206,0.6507936507936507,,,,False
2683,0.9365079365079365,0.6507936507936507,,,,False
2684,0.9523809523809523,0.6507936507936507,,,,False
2685,0.9682539682539681,0.6507936507936507,,,,False
2686,0.9841269841269841,0.6507936507936507,,,,False
2687,1.0,0.6507936507936507,,,,False
2688,0.0,0.6666666666666666,,,,False
2689,0.015873015873015872,0.6666666666666666,,,,False
2690,0.031746031746031744,0.6666666666666666,,,,False
2691,0.047619047619047616,0.6666666666666666,,,,False
2692,0.06349206349206349,0.6666666666666666,,,,False
2693,0.07936507936507936,0.6666666666666666,,,,False
2694,0.09523809523809523,0.6666666666666666,,,,False
2695,0.1111111111111111,0.6666666666666666,,,,False
2696,0.12698412698412698,0.6666666666666666,,,,False
2697,0.14285714285714285,0.6666666666666666,,,,False
2698,0.15873015873015872,0.6666666666666666,,,,False
2699,0.1746031746031746,0.6666666666666666,,,,False
2700,0.19047619047619047,0.6666666666666666,,,,False
2701,0.20634920634920634,0.6666666666666666,,,,False
2702,0.2222222222222222,0.6666666666666666,,,,False
2703,0.23809523809523808,0.6666666666666666,,,,False
2704,0.25396825396825395,0.6666666666666666,,,,False
2705,0.2698412698412698,0.6666666666666666,,,,False
2706,0.2857142857142857,0.6666666666666666,,,,False
2707,0.30158730158730157,0.6666666666666666,,,,False
2708,0.31746031746031744,0.6666666666666666,,,,False
2709,0.3333333333333333,0.6666666666666666,,,,False
2710,0.3492063492063492,0.6666666666666666,,,,False
2711,0.36507936507936506,0.6666666666666666,,,,False
2712,0.38095238095238093,0.6666666666666666,,,,False
2713,0.3968253968253968,0.6666666666666666,,,,False
2714,0.4126984126984127,0.6666666666666666,,,,False
2715,0.42857142857142855,0.6666666666666666,,,,False
2716,0.4444444444444444,0.6666666666666666,,,,False
2717,0.4603174603174603,0.6666666666666666,,,,False
2718,0.47619047619047616,0.6666666666666666,,,,False
2719,0.49206349206349204,0.6666666666666666,,,,False
2720,0.5079365079365079,0.6666666666666666,,,,False
2721,0.5238095238095237,0.6666666666666666,,,,False
2722,0.5396825396825397,0.6666666666666666,,,,False
2723,0.5555555555555556,0.6666666666666666,,,,False
2724,0.5714285714285714,0.6666666666666666,,,,False
2725,0.5873015873015872,0.6666666666666666,,,,False
2726,0.6031746031746031,0.6666666666666666,,,,False
2727,0.6190476190476191,0.6666666666666666,,,,False
2728,0.6349206349206349,0.6666666666666666,,,,False
2729,0.6507936507936507,0.6666666666666666,,,,False
2730,0.6666666666666666,0.6666666666666666,,,,False
2731,0.6825396825396826,0.6666666666666666,,,,False
2732,0.6984126984126984,0.6666666666666666,,,,False
2733,0.7142857142857142,0.6666666666666666,,,,False
2734,0.7301587301587301,0.6666666666666666,,,,False
2735,0.746031746031746,0.6666666666666666,,,,False
2736,0.7619047619047619,0.6666666666666666,,,,False
2737,0.7777777777777777,0.6666666666666666,,,,False
2738,0.7936507936507936,0.6666666666666666,,,,False
2739,0.8095238095238095,0.6666666666666666,,,,False
2740,0.8253968253968254,0.6666666666666666,,,,False
2741,0.8412698412698412,0.6666666666666666,,,,False
2742,0.8571428571428571,0.6666666666666666,,,,False
2743,0.873015873015873,0.6666666666666666,,,,False
2744,0.8888888888888888,0.6666666666666666,,,,False
2745,0.9047619047619047,0.6666666666666666,,,,False
2746,0.9206349206349206,0.6666666666666666,,,,False
2747,0.9365079365079365,0.6666666666666666,,,,False
2748,0.9523809523809523,0.6666666666666666,,,,False
2749,0.9682539682539681,0.6666666666666666,,,,False
2750,0.9841269841269841,0.6666666666666666,,,,False
2751,1.0,0.6666666666666666,,,,False
2752,0.0,0.6825396825396826,,,,False
2753,0.015873015873015872,0.6825396825396826,,,,False
2754,0.031746031746031744,0.6825396825396826,,,,False
2755,0.047619047619047616,0.6825396825396826,,,,False
2756,0.06349206349206349,0.6825396825396826,,,,False
2757,0.07936507936507936,0.6825396825396826,,,,False
2758,0.09523809523809523,0.6825396825396826,,,,False
2759,0.1111111111111111,0.6825396825396826,,,,False
2760,0.12698412698412698,0.6825396825396826,,,,False
2761,0.14285714285714285,0.6825396825396826,,,,False
2762,0.15873015873015872,0.6825396825396826,,,,False
2763,0.1746031746031746,0.6825396825396826,,,,False
2764,0.19047619047619047,0.6825396825396826,,,,False
2765,0.20634920634920634,0.6825396825396826,,,,False
2766,0.2222222222222222,0.6825396825396826,,,,False
2767,0.23809523809523808,0.6825396825396826,,,,False
2768,0.25396825396825395,0.6825396825396826,,,,False
2769,0.2698412698412698,0.6825396825396826,,,,False
2770,0.2857142857142857,0.6825396825396826,,,,False
2771,0.30158730158730157,0.6825396825396826,,,,False
2772,0.31746031746031744,0.6825396825396826,,,,False
2773,0.3333333333333333,0.6825396825396826,,,,False
2774,0.3492063492063492,0.6825396825396826,,,,False
2775,0.36507936507936506,0.6825396825396826,,,,False
2776,0.38095238095238093,0.6825396825396826,,,,False
2777,0.3968253968253968,0.6825396825396826,,,,False
2778,0.4126984126984127,0.6825396825396826,,,,False
2779,0.42857142857142855,0.6825396825396826,,,,False
2780,0.4444444444444444,0.6825396825396826,,,,False
2781,0.4603174603174603,0.6825396825396826,,,,False
2782,0.47619047619047616,0.6825396825396826,,,,False
2783,0.49206349206349204,0.6825396825396826,,,,False
2784,0.5079365079365079,0.6825396825396826,,,,False
2785,0.5238095238095237,0.6825396825396826,,,,False
2786,0.5396825396825397,0.6825396825396826,,,,False
2787,0.5555555555555556,0.6825396825396826,,,,False
2788,0.5714285714285714,0.6825396825396826,,,,False
2789,0.5873015873015872,0.6825396825396826,,,,False
2790,0.6031746031746031,0.6825396825396826,,,,False
2791,0.6190476190476191,0.6825396825396826,,,,False
2792,0.6349206349206349,0.6825396825396826,,,,False
2793,0.6507936507936507,0.6825396825396826,,,,False
2794,0.6666666666666666,0.6825396825396826,,,,False
2795,0.6825396825396826,0.6825396825396826,,,,False
2796,0.6984126984126984,0.6825396825396826,,,,False
2797,0.7142857142857142,0.6825396825396826,,,,False
2798,0.7301587301587301,0.6825396825396826,,,,False
2799,0.746031746031746,0.6825396825396826,,,,False
2800,0.7619047619047619,0.6825396825396826,,,,False
2801,0.7777777777777777,0.6825396825396826,,,,False
2802,0.7936507936507936,0.6825396825396826,,,,False
2803,0.8095238095238095,0.6825396825396826,,,,False
2804,0.8253968253968254,0.6825396825396826,,,,False
2805,0.8412698412698412,0.6825396825396826,,,,False
2806,0.8571428571428571,0.6825396825396826,,,,False
2807,0.873015873015873,0.6825396825396826,,,,False
2808,0.8888888888888888,0.6825396825396826,,,,False
2809,0.9047619047619047,0.6825396825396826,,,,False
2810,0.9206349206349206,0.6825396825396826,,,,False
2811,0.9365079365079365,0.6825396825396826,,,,False
2812,0.9523809523809523,0.6825396825396826,,,,False
2813,0.9682539682539681,0.6825396825396826,,,,False
2814,0.9841269841269841,0.6825396825396826,,,,False
2815,1.0,0.6825396825396826,,,,False
2816,0.0,0.6984126984126984,,,,False
2817,0.015873015873015872,0.6984126984126984,,,,False
2818,0.031746031746031744,0.6984126984126984,,,,False
2819,0.047619047619047616,0.6984126984126984,,,,False
2820,0.06349206349206349,0.6984126984126984,,,,False
2821,0.07936507936507936,0.6984126984126984,,,,False
2822,0.09523809523809523,0.6984126984126984,,,,False
2823,0.1111111111111111,0.6984126984126984,,,,False
2824,0.12698412698412698,0.6984126984126984,,,,False
2825,0.14285714285714285,0.6984126984126984,,,,False
2826,0.15873015873015872,0.6984126984126984,,,,False
2827,0.1746031746031746,0.6984126984126984,,,,False
2828,0.19047619047619047,0.6984126984126984,,,,False
2829,0.20634920634920634,0.6984126984126984,,,,False
2830,0.2222222222222222,0.6984126984126984,,,,False
2831,0.23809523809523808,0.6984126984126984,,,,False
2832,0.25396825396825395,0.6984126984126984,,,,False
2833,0.2698412698412698,0.6984126984126984,,,,False
2834,0.2857142857142857,0.6984126984126984,,,,False
2835,0.30158730158730157,0.6984126984126984,,,,False
2836,0.31746031746031744,0.6984126984126984,,,,False
2837,0.3333333333333333,0.6984126984126984,,,,False
2838,0.3492063492063492,0.6984126984126984,,,,False
2839,0.36507936507936506,0.6984126984126984,,,,False
2840,0.38095238095238093,0.6984126984126984,,,,False
2841,0.3968253968253968,0.6984126984126984,,,,False
2842,0.4126984126984127,0.6984126984126984,,,,False
2843,0.42857142857142855,0.6984126984126984,,,,False
2844,0.4444444444444444,0.6984126984126984,,,,False
2845,0.4603174603174603,0.6984126984126984,,,,False
2846,0.47619047619047616,0.6984126984126984,,,,False
2847,0.49206349206349204,0.6984126984126984,,,,False
2848,0.5079365079365079,0.6984126984126984,,,,False
2849,0.5238095238095237,0.6984126984126984,,,,False
2850,0.5396825396825397,0.6984126984126984,,,,False
2851,0.5555555555555556,0.6984126984126984,,,,False
2852,0.5714285714285714,0.6984126984126984,,,,False
2853,0.5873015873015872,0.6984126984126984,,,,False
2854,0.6031746031746031,0.6984126984126984,,,,False
2855,0.6190476190476191,0.6984126984126984,,,,False
2856,0.6349206349206349,0.6984126984126984,,,,False
2857,0.6507936507936507,0.6984126984126984,,,,False
2858,0.6666666666666666,0.6984126984126984,,,,False
2859,0.6825396825396826,0.6984126984126984,,,,False
2860,0.6984126984126984,0.6984126984126984,,,,False
2861,0.7142857142857142,0.6984126984126984,,,,False
2862,0.7301587301587301,0.6984126984126984,,,,False
2863,0.746031746031746,0.6984126984126984,,,,False
2864,0.7619047619047619,0.6984126984126984,,,,False
2865,0.7777777777777777,0.6984126984126984,,,,False
2866,0.7936507936507936,0.6984126984126984,,,,False
2867,0.8095238095238095,0.6984126984126984,,,,False
2868,0.8253968253968254,0.6984126984126984,,,,False
2869,0.8412698412698412,0.6984126984126984,,,,False
2870,0.8571428571428571,0.6984126984126984,,,,False
2871,0.873015873015873,0.6984126984126984,,,,False
2872,0.8888888888888888,0.6984126984126984,,,,False
2873,0.9047619047619047,0.6984126984126984,,,,False
2874,0.9206349206349206,0.6984126984126984,,,,False
2875,0.9365079365079365,0.6984126984126984,,,,False
2876,0.9523809523809523,0.6984126984126984,,,,False
2877,0.9682539682539681,0.6984126984126984,,,,False
2878,0.9841269841269841,0.6984126984126984,,,,False
2879,1.0,0.6984126984126984,,,,False
2880,0.0,0.7142857142857142,,,,False
2881,0.015873015873015872,0.7142857142857142,,,,False
2882,0.031746031746031744,0.7142857142857142,,,,False
2883,0.047619047619047616,0.7142857142857142,,,,False
2884,0.06349206349206349,0.7142857142857142,,,,False
2885,0.07936507936507936,0.7142857142857142,,,,False
2886,0.09523809523809523,0.7142857142857142,,,,False
2887,0.1111111111111111,0.7142857142857142,,,,False
2888,0.12698412698412698,0.7142857142857142,,,,False
2889,0.14285714285714285,0.7142857142857142,,,,False
2890,0.15873015873015872,0.7142857142857142,,,,False
2891,0.1746031746031746,0.7142857142857142,,,,False
2892,0.19047619047619047,0.7142857142857142,,,,False
2893,0.20634920634920634,0.7142857142857142,,,,False
2894,0.2222222222222222,0.7142857142857142,,,,False
2895,0.23809523809523808,0.7142857142857142,,,,False
2896,0.25396825396825395,0.7142857142857142,,,,False
2897,0.2698412698412698,0.7142857142857142,,,,False
2898,0.2857142857142857,0.7142857142857142,,,,False
2899,0.30158730158730157,0.7142857142857142,,,,False
2900,0.31746031746031744,0.7142857142857142,,,,False
2901,0.3333333333333333,0.7142857142857142,,,,False
2902,0.3492063492063492,0.7142857142857142,,,,False
2903,0.36507936507936506,0.7142857142857142,,,,False
2904,0.38095238095238093,0.7142857142857142,,,,False
2905,0.3968253968253968,0.7142857142857142,,,,False
2906,0.4126984126984127,0.7142857142857142,,,,False
2907,0.42857142857142855,0.7142857142857142,,,,False
2908,0.4444444444444444,0.7142857142857142,,,,False
2909,0.4603174603174603,0.7142857142857142,,,,False
2910,0.47619047619047616,0.7142857142857142,,,,False
2911,0.49206349206349204,0.7142857142857142,,,,False
2912,0.5079365079365079,0.7142857142857142,,,,False
2913,0.5238095238095237,0.7142857142857142,,,,False
2914,0.5396825396825397,0.7142857142857142,,,,False
2915,0.5555555555555556,0.7142857142857142,,,,False
2916,0.5714285714285714,0.7142857142857142,,,,False
2917,0.5873015873015872,0.7142857142857142,,,,False
2918,0.6031746031746031,0.7142857142857142,,,,False
2919,0.6190476190476191,0.7142857142857142,,,,False
2920,0.6349206349206349,0.7142857142857142,,,,False
2921,0.6507936507936507,0.7142857142857142,,,,False
2922,0.6666666666666666,0.7142857142857142,,,,False
2923,0.6825396825396826,0.7142857142857142,,,,False
2924,0.6984126984126984,0.7142857142857142,,,,False
2925,0.7142857142857142,0.7142857142857142,,,,False
2926,0.7301587301587301,0.7142857142857142,,,,False
2927,0.746031746031746,0.7142857142857142,,,,False
2928,0.7619047619047619,0.7142857142857142,,,,False
2929,0.7777777777777777,0.7142857142857142,,,,False
2930,0.7936507936507936,0.7142857142857142,,,,False
2931,0.8095238095238095,0.7142857142857142,,,,False
2932,0.8253968253968254,0.7142857142857142,,,,False
2933,0.8412698412698412,0.7142857142857142,,,,False
2934,0.8571428571428571,0.7142857142857142,,,,False
2935,0.873015873015873,0.7142857142857142,,,,False
2936,0.8888888888888888,0.7142857142857142,,,,False
2937,0.9047619047619047,0.7142857142857142,,,,False
2938,0.9206349206349206,0.7142857142857142,,,,False
2939,0.9365079365079365,0.7142857142857142,,,,False
2940,0.9523809523809523,0.7142857142857142,,,,False
2941,0.9682539682539681,0.7142857142857142,,,,False
2942,0.9841269841269841,0.7142857142857142,,,,False
2943,1.0,0.7142857142857142,,,,False
2944,0.0,0.7301587301587301,,,,False
2945,0.015873015873015872,0.7301587301587301,,,,False
2946,0.031746031746031744,0.7301587301587301,,,,False
2947,0.047619047619047616,0.7301587301587301,,,,False
2948,0.06349206349206349,0.7301587301587301,,,,False
2949,0.07936507936507936,0.7301587301587301,,,,False
2950,0.09523809523809523,0.7301587301587301,,,,False
2951,0.1111111111111111,0.7301587301587301,,,,False
2952,0.12698412698412698,0.7301587301587301,,,,False
2953,0.14285714285714285,0.7301587301587301,,,,False
2954,0.15873015873015872,0.7301587301587301,,,,False
2955,0.1746031746031746,0.7301587301587301,,,,False
2956,0.19047619047619047,0.7301587301587301,,,,False
2957,0.20634920634920634,0.7301587301587301,,,,False
2958,0.2222222222222222,0.7301587301587301,,,,False
2959,0.23809523809523808,0.7301587301587301,,,,False
2960,0.25396825396825395,0.7301587301587301,,,,False
2961,0.2698412698412698,0.7301587301587301,,,,False
2962,0.2857142857142857,0.7301587301587301,,,,False
2963,0.30158730158730157,0.7301587301587301,,,,False
2964,0.31746031746031744,0.7301587301587301,,,,False
2965,0.3333333333333333,0.7301587301587301,,,,False
2966,0.3492063492063492,0.7301587301587301,,,,False
2967,0.36507936507936506,0.7301587301587301,,,,False
2968,0.38095238095238093,0.7301587301587301,,,,False
2969,0.3968253968253968,0.7301587301587301,,,,False
2970,0.4126984126984127,0.7301587301587301,,,,False
2971,0.42857142857142855,0.7301587301587301,,,,False
2972,0.4444444444444444,0.7301587301587301,,,,False
2973,0.4603174603174603,0.7301587301587301,,,,False
2974,0.47619047619047616,0.7301587301587301,,,,False
2975,0.49206349206349204,0.7301587301587301,,,,False
2976,0.5079365079365079,0.7301587301587301,,,,False
2977,0.5238095238095237,0.7301587301587301,,,,False
2978,0.5396825396825397,0.7301587301587301,,,,False
2979,0.5555555555555556,0.7301587301587301,,,,False
2980,0.5714285714285714,0.7301587301587301,,,,False
2981,0.5873015873015872,0.7301587301587301,,,,False
2982,0.6031746031746031,0.7301587301587301,,,,False
2983,0.6190476190476191,0.7301587301587301,,,,False
2984,0.6349206349206349,0.7301587301587301,,,,False
2985,0.6507936507936507,0.7301587301587301,,,,False
2986,0.6666666666666666,0.7301587301587301,,,,False
2987,0.6825396825396826,0.7301587301587301,,,,False
2988,0.6984126984126984,0.7301587301587301,,,,False
2989,0.7142857142857142,0.7301587301587301,,,,False
2990,0.7301587301587301,0.7301587301587301,,,,False
2991,0.746031746031746,0.7301587301587301,,,,False
2992,0.7619047619047619,0.7301587301587301,,,,False
2993,0.7777777777777777,0.7301587301587301,,,,False
2994,0.7936507936507936,0.7301587301587301,,,,False
2995,0.8095238095238095,0.7301587301587301,,,,False
2996,0.8253968253968254,0.7301587301587301,,,,False
2997,0.8412698412698412,0.7301587301587301,,,,False
2998,0.8571428571428571,0.7301587301587301,,,,False
2999,0.873015873015873,0.7301587301587301,,,,False
3000,0.8888888888888888,0.7301587301587301,,,,False
3001,0.9047619047619047,0.7301587301587301,,,,False
3002,0.9206349206349206,0.7301587301587301,,,,False
3003,0.9365079365079365,0.7301587301587301,,,,False
3004,0.9523809523809523,0.7301587301587301,,,,False
3005,0.9682539682539681,0.7301587301587301,,,,False
3006,0.9841269841269841,0.7301587301587301,,,,False
3007,1.0,0.7301587301587301,,,,False
3008,0.0,0.746031746031746,,,,False
3009,0.015873015873015872,0.746031746031746,,,,False
3010,0.031746031746031744,0.746031746031746,,,,False
3011,0.047619047619047616,0.746031746031746,,,,False
3012,0.06349206349206349,0.746031746031746,,,,False
3013,0.07936507936507936,0.746031746031746,,,,False
3014,0.09523809523809523,0.746031746031746,,,,False
3015,0.1111111111111111,0.746031746031746,,,,False
3016,0.12698412698412698,0.746031746031746,,,,False
3017,0.14285714285714285,0.746031746031746,,,,False
3018,0.15873015873015872,0.746031746031746,,,,False
3019,0.1746031746031746,0.746031746031746,,,,False
3020,0.19047619047619047,0.746031746031746,,,,False
3021,0.20634920634920634,0.746031746031746,,,,False
3022,0.2222222222222222,0.746031746031746,,,,False
3023,0.23809523809523808,0.746031746031746,,,,False
3024,0.25396825396825395,0.746031746031746,,,,False
3025,0.2698412698412698,0.746031746031746,,,,False
3026,0.2857142857142857,0.746031746031746,,,,False
3027,0.30158730158730157,0.746031746031746,,,,False
3028,0.31746031746031744,0.746031746031746,,,,False
3029,0.3333333333333333,0.746031746031746,,,,False
3030,0.3492063492063492,0.746031746031746,,,,False
3031,0.36507936507936506,0.746031746031746,,,,False
3032,0.38095238095238093,0.746031746031746,,,,False
3033,0.3968253968253968,0.746031746031746,,,,False
3034,0.4126984126984127,0.746031746031746,,,,False
3035,0.42857142857142855,0.746031746031746,,,,False
3036,0.4444444444444444,0.746031746031746,,,,False
3037,0.4603174603174603,0.746031746031746,,,,False
3038,0.47619047619047616,0.746031746031746,,,,False
3039,0.49206349206349204,0.746031746031746,,,,False
3040,0.5079365079365079,0.746031746031746,,,,False
3041,0.5238095238095237,0.746031746031746,,,,False
3042,0.5396825396825397,0.746031746031746,,,,False
3043,0.5555555555555556,0.746031746031746,,,,False
3044,0.5714285714285714,0.746031746031746,,,,False
3045,0.5873015873015872,0.746031746031746,,,,False
3046,0.6031746031746031,0.746031746031746,,,,False
3047,0.6190476190476191,0.746031746031746,,,,False
3048,0.6349206349206349,0.746031746031746,,,,False
3049,0.6507936507936507,0.746031746031746,,,,False
3050,0.6666666666666666,0.746031746031746,,,,False
3051,0.6825396825396826,0.746031746031746,,,,False
3052,0.6984126984126984,0.746031746031746,,,,False
3053,0.7142857142857142,0.746031746031746,,,,False
3054,0.7301587301587301,0.746031746031746,,,,False
3055,0.746031746031746,0.746031746031746,,,,False
3056,0.7619047619047619,0.746031746031746,,,,False
3057,0.7777777777777777,0.746031746031746,,,,False
3058,0.7936507936507936,0.746031746031746,,,,False
3059,0.8095238095238095,0.746031746031746,,,,False
3060,0.8253968253968254,0.746031746031746,,,,False
3061,0.8412698412698412,0.746031746031746,,,,False
3062,0.8571428571428571,0.746031746031746,,,,False
3063,0.873015873015873,0.746031746031746,,,,False
3064,0.8888888888888888,0.746031746031746,,,,False
3065,0.9047619047619047,0.746031746031746,,,,False
3066,0.9206349206349206,0.746031746031746,,,,False
3067,0.9365079365079365,0.746031746031746,,,,False
3068,0.9523809523809523,0.746031746031746,,,,False
3069,0.9682539682539681,0.746031746031746,,,,False
3070,0.9841269841269841,0.746031746031746,,,,False
3071,1.0,0.746031746031746,,,,False
3072,0.0,0.7619047619047619,,,,False
3073,0.015873015873015872,0.7619047619047619,,,,False
3074,0.031746031746031744,0.7619047619047619,,,,False
3075,0.047619047619047616,0.7619047619047619,,,,False
3076,0.06349206349206349,0.7619047619047619,,,,False
3077,0.07936507936507936,0.7619047619047619,,,,False
3078,0.09523809523809523,0.7619047619047619,,,,False
3079,0.1111111111111111,0.7619047619047619,,,,False
3080,0.12698412698412698,0.7619047619047619,,,,False
3081,0.14285714285714285,0.7619047619047619,,,,False
3082,0.15873015873015872,0.7619047619047619,,,,False
3083,0.1746031746031746,0.7619047619047619,,,,False
3084,0.19047619047619047,0.7619047619047619,,,,False
3085,0.20634920634920634,0.7619047619047619,,,,False
3086,0.2222222222222222,0.7619047619047619,,,,False
3087,0.23809523809523808,0.7619047619047619,,,,False
3088,0.25396825396825395,0.7619047619047619,,,,False
3089,0.2698412698412698,0.7619047619047619,,,,False
3090,0.2857142857142857,0.7619047619047619,,,,False
3091,0.30158730158730157,0.7619047619047619,,,,False
3092,0.31746031746031744,0.7619047619047619,,,,False
3093,0.3333333333333333,0.7619047619047619,,,,False
3094,0.3492063492063492,0.7619047619047619,,,,False
3095,0.36507936507936506,0.7619047619047619,,,,False
3096,0.38095238095238093,0.7619047619047619,,,,False
3097,0.3968253968253968,0.7619047619047619,,,,False
3098,0.4126984126984127,0.7619047619047619,,,,False
3099,0.42857142857142855,0.7619047619047619,,,,False
3100,0.4444444444444444,0.7619047619047619,,,,False
3101,0.4603174603174603,0.7619047619047619,,,,False
3102,0.47619047619047616,0.7619047619047619,,,,False
3103,0.49206349206349204,0.7619047619047619,,,,False
3104,0.5079365079365079,0.7619047619047619,,,,False
3105,0.5238095238095237,0.7619047619047619,,,,False
3106,0.5396825396825397,0.7619047619047619,,,,False
3107,0.5555555555555556,0.7619047619047619,,,,False
3108,0.5714285714285714,0.7619047619047619,,,,False
3109,0.5873015873015872,0.7619047619047619,,,,False
3110,0.6031746031746031,0.7619047619047619,,,,False
3111,0.6190476190476191,0.7619047619047619,,,,False
3112,0.6349206349206349,0.7619047619047619,,,,False
3113,0.6507936507936507,0.7619047619047619,,,,False
3114,0.6666666666666666,0.7619047619047619,,,,False
3115,0.6825396825396826,0.7619047619047619,,,,False
3116,0.6984126984126984,0.7619047619047619,,,,False
3117,0.7142857142857142,0.7619047619047619,,,,False
3118,0.7301587301587301,0.7619047619047619,,,,False
3119,0.746031746031746,0.7619047619047619,,,,False
3120,0.7619047619047619,0.7619047619047619,,,,False
3121,0.7777777777777777,0.7619047619047619,,,,False
3122,0.7936507936507936,0.7619047619047619,,,,False
3123,0.8095238095238095,0.7619047619047619,,,,False
3124,0.8253968253968254,0.7619047619047619,,,,False
3125,0.8412698412698412,0.7619047619047619,,,,False
3126,0.8571428571428571,0.7619047619047619,,,,False
3127,0.873015873015873,0.7619047619047619,,,,False
3128,0.8888888888888888,0.7619047619047619,,,,False
3129,0.9047619047619047,0.7619047619047619,,,,False
3130,0.9206349206349206,0.7619047619047619,,,,False
3131,0.9365079365079365,0.7619047619047619,,,,False
3132,0.9523809523809523,0.7619047619047619,,,,False
3133,0.9682539682539681,0.7619047619047619,,,,False
3134,0.9841269841269841,0.7619047619047619,,,,False
3135,1.0,0.7619047619047619,,,,False
3136,0.0,0.7777777777777777,,,,False
3137,0.015873015873015872,0.7777777777777777,,,,False
3138,0.031746031746031744,0.7777777777777777,,,,False
3139,0.047619047619047616,0.7777777777777777,,,,False
3140,0.06349206349206349,0.7777777777777777,,,,False
3141,0.07936507936507936,0.7777777777777777,,,,False
3142,0.09523809523809523,0.7777777777777777,,,,False
3143,0.1111111111111111,0.7777777777777777,,,,False
3144,0.12698412698412698,0.7777777777777777,,,,False
3145,0.14285714285714285,0.7777777777777777,,,,False
3146,0.15873015873015872,0.7777777777777777,,,,False
3147,0.1746031746031746,0.7777777777777777,,,,False
3148,0.19047619047619047,0.7777777777777777,,,,False
3149,0.20634920634920634,0.7777777777777777,,,,False
3150,0.2222222222222222,0.7777777777777777,,,,False
3151,0.23809523809523808,0.7777777777777777,,,,False
3152,0.25396825396825395,0.7777777777777777,,,,False
3153,0.2698412698412698,0.7777777777777777,,,,False
3154,0.2857142857142857,0.7777777777777777,,,,False
3155,0.30158730158730157,0.7777777777777777,,,,False
3156,0.31746031746031744,0.7777777777777777,,,,False
3157,0.3333333333333333,0.7777777777777777,,,,False
3158,0.3492063492063492,0.7777777777777777,,,,False
3159,0.36507936507936506,0.7777777777777777,,,,False
3160,0.38095238095238093,0.7777777777777777,,,,False
3161,0.3968253968253968,0.7777777777777777,,,,False
3162,0.4126984126984127,0.7777777777777777,,,,False
3163,0.42857142857142855,0.7777777777777777,,,,False
3164,0.4444444444444444,0.7777777777777777,,,,False
3165,0.4603174603174603,0.7777777777777777,,,,False
3166,0.47619047619047616,0.7777777777777777,,,,False
3167,0.49206349206349204,0.7777777777777777,,,,False
3168,0.5079365079365079,0.7777777777777777,,,,False
3169,0.5238095238095237,0.7777777777777777,,,,False
3170,0.5396825396825397,0.7777777777777777,,,,False
3171,0.5555555555555556,0.7777777777777777,,,,False
3172,0.5714285714285714,0.7777777777777777,,,,False
3173,0.5873015873015872,0.7777777777777777,,,,False
3174,0.6031746031746031,0.7777777777777777,,,,False
3175,0.6190476190476191,0.7777777777777777,,,,False
3176,0.6349206349206349,0.7777777777777777,,,,False
3177,0.6507936507936507,0.7777777777777777,,,,False
3178,0.6666666666666666,0.7777777777777777,,,,False
3179,0.6825396825396826,0.7777777777777777,,,,False
3180,0.6984126984126984,0.7777777777777777,,,,False
3181,0.7142857142857142,0.7777777777777777,,,,False
3182,0.7301587301587301,0.7777777777777777,,,,False
3183,0.746031746031746,0.7777777777777777,,,,False
3184,0.7619047619047619,0.7777777777777777,,,,False
3185,0.7777777777777777,0.7777777777777777,,,,False
3186,0.7936507936507936,0.7777777777777777,,,,False
3187,0.8095238095238095,0.7777777777777777,,,,False
3188,0.8253968253968254,0.7777777777777777,,,,False
3189,0.8412698412698412,0.7777777777777777,,,,False
3190,0.8571428571428571,0.7777777777777777,,,,False
3191,0.873015873015873,0.7777777777777777,,,,False
3192,0.8888888888888888,0.7777777777777777,,,,False
3193,0.9047619047619047,0.7777777777777777,,,,False
3194,0.9206349206349206,0.7777777777777777,,,,False
3195,0.9365079365079365,0.7777777777777777,,,,False
3196,0.9523809523809523,0.7777777777777777,,,,False
3197,0.9682539682539681,0.7777777777777777,,,,False
3198,0.9841269841269841,0.7777777777777777,,,,False
3199,1.0,0.7777777777777777,,,,False
3200,0.0,0.7936507936507936,,,,False
3201,0.015873015873015872,0.7936507936507936,,,,False
3202,0.031746031746031744,0.7936507936507936,,,,False
3203,0.047619047619047616,0.7936507936507936,,,,False
3204,0.06349206349206349,0.7936507936507936,,,,False
3205,0.07936507936507936,0.7936507936507936,,,,False
3206,0.09523809523809523,0.7936507936507936,,,,False
3207,0.1111111111111111,0.7936507936507936,,,,False
3208,0.12698412698412698,0.7936507936507936,,,,False
3209,0.14285714285714285,0.7936507936507936,,,,False
3210,0.15873015873015872,0.7936507936507936,,,,False
3211,0.1746031746031746,0.7936507936507936,,,,False
3212,0.19047619047619047,0.7936507936507936,,,,False
3213,0.20634920634920634,0.7936507936507936,,,,False
3214,0.2222222222222222,0.7936507936507936,,,,False
3215,0.23809523809523808,0.7936507936507936,,,,False
3216,0.25396825396825395,0.7936507936507936,,,,False
3217,0.2698412698412698,0.7936507936507936,,,,False
3218,0.2857142857142857,0.7936507936507936,,,,False
3219,0.30158730158730157,0.7936507936507936,,,,False
3220,0.31746031746031744,0.7936507936507936,,,,False
3221,0.3333333333333333,0.7936507936507936,,,,False
3222,0.3492063492063492,0.7936507936507936,,,,False
3223,0.36507936507936506,0.7936507936507936,,,,False
3224,0.38095238095238093,0.7936507936507936,,,,False
3225,0.3968253968253968,0.7936507936507936,,,,False
3226,0.4126984126984127,0.7936507936507936,,,,False
3227,0.42857142857142855,0.7936507936507936,,,,False
3228,0.4444444444444444,0.7936507936507936,,,,False
3229,0.4603174603174603,0.7936507936507936,,,,False
3230,0.47619047619047616,0.7936507936507936,,,,False
3231,0.49206349206349204,0.7936507936507936,,,,False
3232,0.5079365079365079,0.7936507936507936,,,,False
3233,0.5238095238095237,0.7936507936507936,,,,False
3234,0.5396825396825397,0.7936507936507936,,,,False
3235,0.5555555555555556,0.7936507936507936,,,,False
3236,0.5714285714285714,0.7936507936507936,,,,False
3237,0.5873015873015872,0.7936507936507936,,,,False
3238,0.6031746031746031,0.7936507936507936,,,,False
3239,0.6190476190476191,0.7936507936507936,,,,False
3240,0.6349206349206349,0.7936507936507936,,,,False
3241,0.6507936507936507,0.7936507936507936,,,,False
3242,0.6666666666666666,0.7936507936507936,,,,False
3243,0.6825396825396826,0.7936507936507936,,,,False
3244,0.6984126984126984,0.7936507936507936,,,,False
3245,0.7142857142857142,0.7936507936507936,,,,False
3246,0.7301587301587301,0.7936507936507936,,,,False
3247,0.746031746031746,0.7936507936507936,,,,False
3248,0.7619047619047619,0.7936507936507936,,,,False
3249,0.7777777777777777,0.7936507936507936,,,,False
3250,0.7936507936507936,0.7936507936507936,,,,False
3251,0.8095238095238095,0.7936507936507936,,,,False
3252,0.8253968253968254,0.7936507936507936,,,,False
3253,0.8412698412698412,0.7936507936507936,,,,False
3254,0.8571428571428571,0.7936507936507936,,,,False
3255,0.873015873015873,0.7936507936507936,,,,False
3256,0.8888888888888888,0.7936507936507936,,,,False
3257,0.9047619047619047,0.7936507936507936,,,,False
3258,0.9206349206349206,0.7936507936507936,,,,False
3259,0.9365079365079365,0.7936507936507936,,,,False
3260,0.9523809523809523,0.7936507936507936,,,,False
3261,0.9682539682539681,0.7936507936507936,,,,False
3262,0.9841269841269841,0.7936507936507936,,,,False
3263,1.0,0.7936507936507936,,,,False
3264,0.0,0.8095238095238095,,,,False
3265,0.015873015873015872,0.8095238095238095,,,,False
3266,0.031746031746031744,0.8095238095238095,,,,False
3267,0.047619047619047616,0.8095238095238095,,,,False
3268,0.06349206349206349,0.8095238095238095,,,,False
3269,0.07936507936507936,0.8095238095238095,,,,False
3270,0.09523809523809523,0.8095238095238095,,,,False
3271,0.1111111111111111,0.8095238095238095,,,,False
3272,0.12698412698412698,0.8095238095238095,,,,False
3273,0.14285714285714285,0.8095238095238095,,,,False
3274,0.15873015873015872,0.8095238095238095,,,,False
3275,0.1746031746031746,0.8095238095238095,,,,False
3276,0.19047619047619047,0.8095238095238095,,,,False
3277,0.20634920634920634,0.8095238095238095,,,,False
3278,0.2222222222222222,0.8095238095238095,,,,False
3279,0.23809523809523808,0.8095238095238095,,,,False
3280,0.25396825396825395,0.8095238095238095,,,,False
3281,0.2698412698412698,0.8095238095238095,,,,False
3282,0.2857142857142857,0.8095238095238095,,,,False
3283,0.30158730158730157,0.8095238095238095,,,,False
3284,0.31746031746031744,0.8095238095238095,,,,False
3285,0.3333333333333333,0.8095238095238095,,,,False
3286,0.3492063492063492,0.8095238095238095,,,,False
3287,0.36507936507936506,0.8095238095238095,,,,False
3288,0.38095238095238093,0.8095238095238095,,,,False
3289,0.3968253968253968,0.8095238095238095,,,,False
3290,0.4126984126984127,0.8095238095238095,,,,False
3291,0.42857142857142855,0.8095238095238095,,,,False
3292,0.4444444444444444,0.8095238095238095,,,,False
3293,0.4603174603174603,0.8095238095238095,,,,False
3294,0.47619047619047616,0.8095238095238095,,,,False
3295,0.49206349206349204,0.8095238095238095,,,,False
3296,0.5079365079365079,0.8095238095238095,,,,False
3297,0.5238095238095237,0.8095238095238095,,,,False
3298,0.5396825396825397,0.8095238095238095,,,,False
3299,0.5555555555555556,0.8095238095238095,,,,False
3300,0.5714285714285714,0.8095238095238095,,,,False
3301,0.5873015873015872,0.8095238095238095,,,,False
3302,0.6031746031746031,0.8095238095238095,,,,False
3303,0.6190476190476191,0.8095238095238095,,,,False
3304,0.6349206349206349,0.8095238095238095,,,,False
3305,0.6507936507936507,0.8095238095238095,,,,False
3306,0.6666666666666666,0.8095238095238095,,,,False
3307,0.6825396825396826,0.8095238095238095,,,,False
3308,0.6984126984126984,0.8095238095238095,,,,False
3309,0.7142857142857142,0.8095238095238095,,,,False
3310,0.7301587301587301,0.8095238095238095,,,,False
3311,0.746031746031746,0.8095238095238095,,,,False
3312,0.7619047619047619,0.8095238095238095,,,,False
3313,0.7777777777777777,0.8095238095238095,,,,False
3314,0.7936507936507936,0.8095238095238095,,,,False
3315,0.8095238095238095,0.8095238095238095,,,,False
3316,0.8253968253968254,0.8095238095238095,,,,False
3317,0.8412698412698412,0.8095238095238095,,,,False
3318,0.8571428571428571,0.8095238095238095,,,,False
3319,0.873015873015873,0.8095238095238095,,,,False
3320,0.8888888888888888,0.8095238095238095,,,,False
3321,0.9047619047619047,0.8095238095238095,,,,False
3322,0.9206349206349206,0.8095238095238095,,,,False
3323,0.9365079365079365,0.8095238095238095,,,,False
3324,0.9523809523809523,0.8095238095238095,,,,False
3325,0.9682539682539681,0.8095238095238095,,,,False
3326,0.9841269841269841,0.8095238095238095,,,,False
3327,1.0,0.8095238095238095,,,,False
3328,0.0,0.8253968253968254,,,,False
3329,0.015873015873015872,0.8253968253968254,,,,False
3330,0.031746031746031744,0.8253968253968254,,,,False
3331,0.047619047619047616,0.8253968253968254,,,,False
3332,0.06349206349206349,0.8253968253968254,,,,False
3333,0.07936507936507936,0.8253968253968254,,,,False
3334,0.09523809523809523,0.8253968253968254,,,,False
3335,0.1111111111111111,0.8253968253968254,,,,False
3336,0.12698412698412698,0.8253968253968254,,,,False
3337,0.14285714285714285,0.8253968253968254,,,,False
3338,0.15873015873015872,0.8253968253968254,,,,False
3339,0.1746031746031746,0.8253968253968254,,,,False
3340,0.19047619047619047,0.8253968253968254,,,,False
3341,0.20634920634920634,0.8253968253968254,,,,False
3342,0.2222222222222222,0.8253968253968254,,,,False
3343,0.23809523809523808,0.8253968253968254,,,,False
3344,0.25396825396825395,0.8253968253968254,,,,False
3345,0.2698412698412698,0.8253968253968254,,,,False
3346,0.2857142857142857,0.8253968253968254,,,,False
3347,0.30158730158730157,0.8253968253968254,,,,False
3348,0.31746031746031744,0.8253968253968254,,,,False
3349,0.3333333333333333,0.8253968253968254,,,,False
3350,0.3492063492063492,0.8253968253968254,,,,False
3351,0.36507936507936506,0.8253968253968254,,,,False
3352,0.38095238095238093,0.8253968253968254,,,,False
3353,0.3968253968253968,0.8253968253968254,,,,False
3354,0.4126984126984127,0.8253968253968254,,,,False
3355,0.42857142857142855,0.8253968253968254,,,,False
3356,0.4444444444444444,0.8253968253968254,,,,False
3357,0.4603174603174603,0.8253968253968254,,,,False
3358,0.47619047619047616,0.8253968253968254,,,,False
3359,0.49206349206349204,0.8253968253968254,,,,False
3360,0.5079365079365079,0.8253968253968254,,,,False
3361,0.5238095238095237,0.8253968253968254,,,,False
3362,0.5396825396825397,0.8253968253968254,,,,False
3363,0.5555555555555556,0.8253968253968254,,,,False
3364,0.5714285714285714,0.8253968253968254,,,,False
3365,0.5873015873015872,0.8253968253968254,,,,False
3366,0.6031746031746031,0.8253968253968254,,,,False
3367,0.6190476190476191,0.8253968253968254,,,,False
3368,0.6349206349206349,0.8253968253968254,,,,False
3369,0.6507936507936507,0.8253968253968254,,,,False
3370,0.6666666666666666,0.8253968253968254,,,,False
3371,0.6825396825396826,0.8253968253968254,,,,False
3372,0.6984126984126984,0.8253968253968254,,,,False
3373,0.7142857142857142,0.8253968253968254,,,,False
3374,0.7301587301587301,0.8253968253968254,,,,False
3375,0.746031746031746,0.8253968253968254,,,,False
3376,0.7619047619047619,0.8253968253968254,,,,False
3377,0.7777777777777777,0.8253968253968254,,,,False
3378,0.7936507936507936,0.8253968253968254,,,,False
3379,0.8095238095238095,0.8253968253968254,,,,False
3380,0.8253968253968254,0.8253968253968254,,,,False
3381,0.8412698412698412,0.8253968253968254,,,,False
3382,0.8571428571428571,0.8253968253968254,,,,False
3383,0.873015873015873,0.8253968253968254,,,,False
3384,0.8888888888888888,0.8253968253968254,,,,False
3385,0.9047619047619047,0.8253968253968254,,,,False
3386,0.9206349206349206,0.8253968253968254,,,,False
3387,0.9365079365079365,0.8253968253968254,,,,False
3388,0.9523809523809523,0.8253968253968254,,,,False
3389,0.9682539682539681,0.8253968253968254,,,,False
3390,0.9841269841269841,0.8253968253968254,,,,False
3391,1.0,0.8253968253968254,,,,False
3392,0.0,0.8412698412698412,,,,False
3393,0.015873015873015872,0.8412698412698412,,,,False
3394,0.031746031746031744,0.8412698412698412,,,,False
3395,0.047619047619047616,0.8412698412698412,,,,False
3396,0.06349206349206349,0.8412698412698412,,,,False
3397,0.07936507936507936,0.8412698412698412,,,,False
3398,0.09523809523809523,0.8412698412698412,,,,False
3399,0.1111111111111111,0.8412698412698412,,,,False
3400,0.12698412698412698,0.8412698412698412,,,,False
3401,0.14285714285714285,0.8412698412698412,,,,False
3402,0.15873015873015872,0.8412698412698412,,,,False
3403,0.1746031746031746,0.8412698412698412,,,,False
3404,0.19047619047619047,0.8412698412698412,,,,False
3405,0.20634920634920634,0.8412698412698412,,,,False
3406,0.2222222222222222,0.8412698412698412,,,,False
3407,0.23809523809523808,0.8412698412698412,,,,False
3408,0.25396825396825395,0.8412698412698412,,,,False
3409,0.2698412698412698,0.8412698412698412,,,,False
3410,0.2857142857142857,0.8412698412698412,,,,False
3411,0.30158730158730157,0.8412698412698412,,,,False
3412,0.31746031746031744,0.8412698412698412,,,,False
3413,0.3333333333333333,0.8412698412698412,,,,False
3414,0.3492063492063492,0.8412698412698412,,,,False
3415,0.36507936507936506,0.8412698412698412,,,,False
3416,0.38095238095238093,0.8412698412698412,,,,False
3417,0.3968253968253968,0.8412698412698412,,,,False
3418,0.4126984126984127,0.8412698412698412,,,,False
3419,0.42857142857142855,0.8412698412698412,,,,False
3420,0.4444444444444444,0.8412698412698412,,,,False
3421,0.4603174603174603,0.8412698412698412,,,,False
3422,0.47619047619047616,0.8412698412698412,,,,False
3423,0.49206349206349204,0.8412698412698412,,,,False
3424,0.5079365079365079,0.8412698412698412,,,,False
3425,0.5238095238095237,0.8412698412698412,,,,False
3426,0.5396825396825397,0.8412698412698412,,,,False
3427,0.5555555555555556,0.8412698412698412,,,,False
3428,0.5714285714285714,0.8412698412698412,,,,False
3429,0.5873015873015872,0.8412698412698412,,,,False
3430,0.6031746031746031,0.8412698412698412,,,,False
3431,0.6190476190476191,0.8412698412698412,,,,False
3432,0.6349206349206349,0.8412698412698412,,,,False
3433,0.6507936507936507,0.8412698412698412,,,,False
3434,0.6666666666666666,0.8412698412698412,,,,False
3435,0.6825396825396826,0.8412698412698412,,,,False
3436,0.6984126984126984,0.8412698412698412,,,,False
3437,0.7142857142857142,0.8412698412698412,,,,False
3438,0.7301587301587301,0.8412698412698412,,,,False
3439,0.746031746031746,0.8412698412698412,,,,False
3440,0.7619047619047619,0.8412698412698412,,,,False
3441,0.7777777777777777,0.8412698412698412,,,,False
3442,0.7936507936507936,0.8412698412698412,,,,False
3443,0.8095238095238095,0.8412698412698412,,,,False
3444,0.8253968253968254,0.8412698412698412,,,,False
3445,0.8412698412698412,0.8412698412698412,,,,False
3446,0.8571428571428571,0.8412698412698412,,,,False
3447,0.873015873015873,0.8412698412698412,,,,False
3448,0.8888888888888888,0.8412698412698412,,,,False
3449,0.9047619047619047,0.8412698412698412,,,,False
3450,0.9206349206349206,0.8412698412698412,,,,False
3451,0.9365079365079365,0.8412698412698412,,,,False
3452,0.9523809523809523,0.8412698412698412,,,,False
3453,0.9682539682539681,0.8412698412698412,,,,False
3454,0.9841269841269841,0.8412698412698412,,,,False
3455,1.0,0.8412698412698412,,,,False
3456,0.0,0.8571428571428571,,,,False
3457,0.015873015873015872,0.8571428571428571,,,,False
3458,0.031746031746031744,0.8571428571428571,,,,False
3459,0.047619047619047616,0.8571428571428571,,,,False
3460,0.06349206349206349,0.8571428571428571,,,,False
3461,0.07936507936507936,0.8571428571428571,,,,False
3462,0.09523809523809523,0.8571428571428571,,,,False
3463,0.1111111111111111,0.8571428571428571,,,,False
3464,0.12698412698412698,0.8571428571428571,,,,False
3465,0.14285714285714285,0.8571428571428571,,,,False
3466,0.15873015873015872,0.8571428571428571,,,,False
3467,0.1746031746031746,0.8571428571428571,,,,False
3468,0.19047619047619047,0.8571428571428571,,,,False
3469,0.20634920634920634,0.8571428571428571,,,,False
3470,0.2222222222222222,0.8571428571428571,,,,False
3471,0.23809523809523808,0.8571428571428571,,,,False
3472,0.25396825396825395,0.8571428571428571,,,,False
3473,0.2698412698412698,0.8571428571428571,,,,False
3474,0.2857142857142857,0.8571428571428571,,,,False
3475,0.30158730158730157,0.8571428571428571,,,,False
3476,0.31746031746031744,0.8571428571428571,,,,False
3477,0.3333333333333333,0.8571428571428571,,,,False
3478,0.3492063492063492,0.8571428571428571,,,,False
3479,0.36507936507936506,0.8571428571428571,,,,False
3480,0.38095238095238093,0.8571428571428571,,,,False
3481,0.3968253968253968,0.8571428571428571,,,,False
3482,0.4126984126984127,0.8571428571428571,,,,False
3483,0.42857142857142855,0.8571428571428571,,,,False
3484,0.4444444444444444,0.8571428571428571,,,,False
3485,0.4603174603174603,0.8571428571428571,,,,False
3486,0.47619047619047616,0.8571428571428571,,,,False
3487,0.49206349206349204,0.8571428571428571,,,,False
3488,0.5079365079365079,0.8571428571428571,,,,False
3489,0.5238095238095237,0.8571428571428571,,,,False
3490,0.5396825396825397,0.8571428571428571,,,,False
3491,0.5555555555555556,0.8571428571428571,,,,False
3492,0.5714285714285714,0.8571428571428571,,,,False
3493,0.5873015873015872,0.8571428571428571,,,,False
3494,0.6031746031746031,0.8571428571428571,,,,False
3495,0.6190476190476191,0.8571428571428571,,,,False
3496,0.6349206349206349,0.8571428571428571,,,,False
3497,0.6507936507936507,0.8571428571428571,,,,False
3498,0.6666666666666666,0.8571428571428571,,,,False
3499,0.6825396825396826,0.8571428571428571,,,,False
3500,0.6984126984126984,0.8571428571428571,,,,False
3501,0.7142857142857142,0.8571428571428571,,,,False
3502,0.7301587301587301,0.8571428571428571,,,,False
3503,0.746031746031746,0.8571428571428571,,,,False
3504,0.7619047619047619,0.8571428571428571,,,,False
3505,0.7777777777777777,0.8571428571428571,,,,False
3506,0.7936507936507936,0.8571428571428571,,,,False
3507,0.8095238095238095,0.8571428571428571,,,,False
3508,0.8253968253968254,0.8571428571428571,,,,False
3509,0.8412698412698412,0.8571428571428571,,,,False
3510,0.8571428571428571,0.8571428571428571,,,,False
3511,0.873015873015873,0.8571428571428571,,,,False
3512,0.8888888888888888,0.8571428571428571,,,,False
3513,0.9047619047619047,0.8571428571428571,,,,False
3514,0.9206349206349206,0.8571428571428571,,,,False
3515,0.9365079365079365,0.8571428571428571,,,,False
3516,0.9523809523809523,0.8571428571428571,,,,False
3517,0.9682539682539681,0.8571428571428571,,,,False
3518,0.9841269841269841,0.8571428571428571,,,,False
3519,1.0,0.8571428571428571,,,,False
3520,0.0,0.873015873015873,,,,False
3521,0.015873015873015872,0.873015873015873,,,,False
3522,0.031746031746031744,0.873015873015873,,,,False
3523,0.047619047619047616,0.873015873015873,,,,False
3524,0.06349206349206349,0.873015873015873,,,,False
3525,0.07936507936507936,0.873015873015873,,,,False
3526,0.09523809523809523,0.873015873015873,,,,False
3527,0.1111111111111111,0.873015873015873,,,,False
3528,0.12698412698412698,0.873015873015873,,,,False
3529,0.14285714285714285,0.873015873015873,,,,False
3530,0.15873015873015872,0.873015873015873,,,,False
3531,0.1746031746031746,0.873015873015873,,,,False
3532,0.19047619047619047,0.873015873015873,,,,False
3533,0.20634920634920634,0.873015873015873,,,,False
3534,0.2222222222222222,0.873015873015873,,,,False
3535,0.23809523809523808,0.873015873015873,,,,False
3536,0.25396825396825395,0.873015873015873,,,,False
3537,0.2698412698412698,0.873015873015873,,,,False
3538,0.2857142857142857,0.873015873015873,,,,False
3539,0.30158730158730157,0.873015873015873,,,,False
3540,0.31746031746031744,0.873015873015873,,,,False
3541,0.3333333333333333,0.873015873015873,,,,False
3542,0.3492063492063492,0.873015873015873,,,,False
3543,0.36507936507936506,0.873015873015873,,,,False
3544,0.38095238095238093,0.873015873015873,,,,False
3545,0.3968253968253968,0.873015873015873,,,,False
3546,0.4126984126984127,0.873015873015873,,,,False
3547,0.42857142857142855,0.873015873015873,,,,False
3548,0.4444444444444444,0.873015873015873,,,,False
3549,0.4603174603174603,0.873015873015873,,,,False
3550,0.47619047619047616,0.873015873015873,,,,False
3551,0.49206349206349204,0.873015873015873,,,,False
3552,0.5079365079365079,0.873015873015873,,,,False
3553,0.5238095238095237,0.873015873015873,,,,False
3554,0.5396825396825397,0.873015873015873,,,,False
3555,0.5555555555555556,0.873015873015873,,,,False
3556,0.5714285714285714,0.873015873015873,,,,False
3557,0.5873015873015872,0.873015873015873,,,,False
3558,0.6031746031746031,0.873015873015873,,,,False
3559,0.6190476190476191,0.873015873015873,,,,False
3560,0.6349206349206349,0.873015873015873,,,,False
3561,0.6507936507936507,0.873015873015873,,,,False
3562,0.6666666666666666,0.873015873015873,,,,False
3563,0.6825396825396826,0.873015873015873,,,,False
3564,0.6984126984126984,0.873015873015873,,,,False
3565,0.7142857142857142,0.873015873015873,,,,False
3566,0.7301587301587301,0.873015873015873,,,,False
3567,0.746031746031746,0.873015873015873,,,,False
3568,0.7619047619047619,0.873015873015873,,,,False
3569,0.7777777777777777,0.873015873015873,,,,False
3570,0.7936507936507936,0.873015873015873,,,,False
3571,0.8095238095238095,0.873015873015873,,,,False
3572,0.8253968253968254,0.873015873015873,,,,False
3573,0.8412698412698412,0.873015873015873,,,,False
3574,0.8571428571428571,0.873015873015873,,,,False
3575,0.873015873015873,0.873015873015873,,,,False
3576,0.8888888888888888,0.873015873015873,,,,False
3577,0.9047619047619047,0.873015873015873,,,,False
3578,0.9206349206349206,0.873015873015873,,,,False
3579,0.9365079365079365,0.873015873015873,,,,False
3580,0.9523809523809523,0.873015873015873,,,,False
3581,0.9682539682539681,0.873015873015873,,,,False
3582,0.9841269841269841,0.873015873015873,,,,False
3583,1.0,0.873015873015873,,,,False
3584,0.0,0.8888888888888888,,,,False
3585,0.015873015873015872,0.8888888888888888,,,,False
3586,0.031746031746031744,0.8888888888888888,,,,False
3587,0.047619047619047616,0.8888888888888888,,,,False
3588,0.06349206349206349,0.8888888888888888,,,,False
3589,0.07936507936507936,0.8888888888888888,,,,False
3590,0.09523809523809523,0.8888888888888888,,,,False
3591,0.1111111111111111,0.8888888888888888,,,,False
3592,0.12698412698412698,0.8888888888888888,,,,False
3593,0.14285714285714285,0.8888888888888888,,,,False
3594,0.15873015873015872,0.8888888888888888,,,,False
3595,0.1746031746031746,0.8888888888888888,,,,False
3596,0.19047619047619047,0.8888888888888888,,,,False
3597,0.20634920634920634,0.8888888888888888,,,,False
3598,0.2222222222222222,0.8888888888888888,,,,False
3599,0.23809523809523808,0.8888888888888888,,,,False
3600,0.25396825396825395,0.8888888888888888,,,,False
3601,0.2698412698412698,0.8888888888888888,,,,False
3602,0.2857142857142857,0.8888888888888888,,,,False
3603,0.30158730158730157,0.8888888888888888,,,,False
3604,0.31746031746031744,0.8888888888888888,,,,False
3605,0.3333333333333333,0.8888888888888888,,,,False
3606,0.3492063492063492,0.8888888888888888,,,,False
3607,0.36507936507936506,0.8888888888888888,,,,False
3608,0.38095238095238093,0.8888888888888888,,,,False
3609,0.3968253968253968,0.8888888888888888,,,,False
3610,0.4126984126984127,0.8888888888888888,,,,False
3611,0.42857142857142855,0.8888888888888888,,,,False
3612,0.4444444444444444,0.8888888888888888,,,,False
3613,0.4603174603174603,0.8888888888888888,,,,False
3614,0.47619047619047616,0.8888888888888888,,,,False
3615,0.49206349206349204,0.8888888888888888,,,,False
3616,0.5079365079365079,0.8888888888888888,,,,False
3617,0.5238095238095237,0.8888888888888888,,,,False
3618,0.5396825396825397,0.8888888888888888,,,,False
3619,0.5555555555555556,0.8888888888888888,,,,False
3620,0.5714285714285714,0.8888888888888888,,,,False
3621,0.5873015873015872,0.8888888888888888,,,,False
3622,0.6031746031746031,0.8888888888888888,,,,False
3623,0.6190476190476191,0.8888888888888888,,,,False
3624,0.6349206349206349,0.8888888888888888,,,,False
3625,0.6507936507936507,0.8888888888888888,,,,False
3626,0.6666666666666666,0.8888888888888888,,,,False
3627,0.6825396825396826,0.8888888888888888,,,,False
3628,0.6984126984126984,0.8888888888888888,,,,False
3629,0.7142857142857142,0.8888888888888888,,,,False
3630,0.7301587301587301,0.8888888888888888,,,,False
3631,0.746031746031746,0.8888888888888888,,,,False
3632,0.7619047619047619,0.8888888888888888,,,,False
3633,0.7777777777777777,0.8888888888888888,,,,False
3634,0.7936507936507936,0.8888888888888888,,,,False
3635,0.8095238095238095,0.8888888888888888,,,,False
3636,0.8253968253968254,0.8888888888888888,,,,False
3637,0.8412698412698412,0.8888888888888888,,,,False
3638,0.8571428571428571,0.8888888888888888,,,,False
3639,0.873015873015873,0.8888888888888888,,,,False
3640,0.8888888888888888,0.8888888888888888,,,,False
3641,0.9047619047619047,0.8888888888888888,,,,False
3642,0.9206349206349206,0.8888888888888888,,,,False
3643,0.9365079365079365,0.8888888888888888,,,,False
3644,0.9523809523809523,0.8888888888888888,,,,False
3645,0.9682539682539681,0.8888888888888888,,,,False
3646,0.9841269841269841,0.8888888888888888,,,,False
3647,1.0,0.8888888888888888,,,,False
3648,0.0,0.9047619047619047,,,,False
3649,0.015873015873015872,0.9047619047619047,,,,False
3650,0.031746031746031744,0.9047619047619047,,,,False
3651,0.047619047619047616,0.9047619047619047,,,,False
3652,0.06349206349206349,0.9047619047619047,,,,False
3653,0.07936507936507936,0.9047619047619047,,,,False
3654,0.09523809523809523,0.9047619047619047,,,,False
3655,0.1111111111111111,0.9047619047619047,,,,False
3656,0.12698412698412698,0.9047619047619047,,,,False
3657,0.14285714285714285,0.9047619047619047,,,,False
3658,0.15873015873015872,0.9047619047619047,,,,False
3659,0.1746031746031746,0.9047619047619047,,,,False
3660,0.19047619047619047,0.9047619047619047,,,,False
3661,0.20634920634920634,0.9047619047619047,,,,False
3662,0.2222222222222222,0.9047619047619047,,,,False
3663,0.23809523809523808,0.9047619047619047,,,,False
3664,0.25396825396825395,0.9047619047619047,,,,False
3665,0.2698412698412698,0.9047619047619047,,,,False
3666,0.2857142857142857,0.9047619047619047,,,,False
3667,0.30158730158730157,0.9047619047619047,,,,False
3668,0.31746031746031744,0.9047619047619047,,,,False
3669,0.3333333333333333,0.9047619047619047,,,,False
3670,0.3492063492063492,0.9047619047619047,,,,False
3671,0.36507936507936506,0.9047619047619047,,,,False
3672,0.38095238095238093,0.9047619047619047,,,,False
3673,0.3968253968253968,0.9047619047619047,,,,False
3674,0.4126984126984127,0.9047619047619047,,,,False
3675,0.42857142857142855,0.9047619047619047,,,,False
3676,0.4444444444444444,0.9047619047619047,,,,False
3677,0.4603174603174603,0.9047619047619047,,,,False
3678,0.47619047619047616,0.9047619047619047,,,,False
3679,0.49206349206349204,0.9047619047619047,,,,False
3680,0.5079365079365079,0.9047619047619047,,,,False
3681,0.5238095238095237,0.9047619047619047,,,,False
3682,0.5396825396825397,0.9047619047619047,,,,False
3683,0.5555555555555556,0.9047619047619047,,,,False
3684,0.5714285714285714,0.9047619047619047,,,,False
3685,0.5873015873015872,0.9047619047619047,,,,False
3686,0.6031746031746031,0.9047619047619047,,,,False
3687,0.6190476190476191,0.9047619047619047,,,,False
3688,0.6349206349206349,0.9047619047619047,,,,False
3689,0.6507936507936507,0.9047619047619047,,,,False
3690,0.6666666666666666,0.9047619047619047,,,,False
3691,0.6825396825396826,0.9047619047619047,,,,False
3692,0.6984126984126984,0.9047619047619047,,,,False
3693,0.7142857142857142,0.9047619047619047,,,,False
3694,0.7301587301587301,0.9047619047619047,,,,False
3695,0.746031746031746,0.9047619047619047,,,,False
3696,0.7619047619047619,0.9047619047619047,,,,False
3697,0.7777777777777777,0.9047619047619047,,,,False
3698,0.7936507936507936,0.9047619047619047,,,,False
3699,0.8095238095238095,0.9047619047619047,,,,False
3700,0.8253968253968254,0.9047619047619047,,,,False
3701,0.8412698412698412,0.9047619047619047,,,,False
3702,0.8571428571428571,0.9047619047619047,,,,False
3703,0.873015873015873,0.9047619047619047,,,,False
3704,0.8888888888888888,0.9047619047619047,,,,False
3705,0.9047619047619047,0.9047619047619047,,,,False
3706,0.9206349206349206,0.9047619047619047,,,,False
3707,0.9365079365079365,0.9047619047619047,,,,False
3708,0.9523809523809523,0.9047619047619047,,,,False
3709,0.9682539682539681,0.9047619047619047,,,,False
3710,0.9841269841269841,0.9047619047619047,,,,False
3711,1.0,0.9047619047619047,,,,False
3712,0.0,0.9206349206349206,,,,False
3713,0.015873015873015872,0.9206349206349206,,,,False
3714,0.031746031746031744,0.9206349206349206,,,,False
3715,0.047619047619047616,0.9206349206349206,,,,False
3716,0.06349206349206349,0.9206349206349206,,,,False
3717,0.07936507936507936,0.9206349206349206,,,,False
3718,0.09523809523809523,0.9206349206349206,,,,False
3719,0.1111111111111111,0.9206349206349206,,,,False
3720,0.12698412698412698,0.9206349206349206,,,,False
3721,0.14285714285714285,0.9206349206349206,,,,False
3722,0.15873015873015872,0.9206349206349206,,,,False
3723,0.1746031746031746,0.9206349206349206,,,,False
3724,0.19047619047619047,0.9206349206349206,,,,False
3725,0.20634920634920634,0.9206349206349206,,,,False
3726,0.2222222222222222,0.9206349206349206,,,,False
3727,0.23809523809523808,0.9206349206349206,,,,False
3728,0.25396825396825395,0.9206349206349206,,,,False
3729,0.2698412698412698,0.9206349206349206,,,,False
3730,0.2857142857142857,0.9206349206349206,,,,False
3731,0.30158730158730157,0.9206349206349206,,,,False
3732,0.31746031746031744,0.9206349206349206,,,,False
3733,0.3333333333333333,0.9206349206349206,,,,False
3734,0.3492063492063492,0.9206349206349206,,,,False
3735,0.36507936507936506,0.9206349206349206,,,,False
3736,0.38095238095238093,0.9206349206349206,,,,False
3737,0.3968253968253968,0.9206349206349206,,,,False
3738,0.4126984126984127,0.9206349206349206,,,,False
3739,0.42857142857142855,0.9206349206349206,,,,False
3740,0.4444444444444444,0.9206349206349206,,,,False
3741,0.4603174603174603,0.9206349206349206,,,,False
3742,0.47619047619047616,0.9206349206349206,,,,False
3743,0.49206349206349204,0.9206349206349206,,,,False
3744,0.5079365079365079,0.9206349206349206,,,,False
3745,0.5238095238095237,0.9206349206349206,,,,False
3746,0.5396825396825397,0.9206349206349206,,,,False
3747,0.5555555555555556,0.9206349206349206,,,,False
3748,0.5714285714285714,0.9206349206349206,,,,False
3749,0.5873015873015872,0.9206349206349206,,,,False
3750,0.6031746031746031,0.9206349206349206,,,,False
3751,0.6190476190476191,0.9206349206349206,,,,False
3752,0.6349206349206349,0.9206349206349206,,,,False
3753,0.6507936507936507,0.9206349206349206,,,,False
3754,0.6666666666666666,0.9206349206349206,,,,False
3755,0.6825396825396826,0.9206349206349206,,,,False
3756,0.6984126984126984,0.9206349206349206,,,,False
3757,0.7142857142857142,0.9206349206349206,,,,False
3758,0.7301587301587301,0.9206349206349206,,,,False
3759,0.746031746031746,0.9206349206349206,,,,False
3760,0.7619047619047619,0.9206349206349206,,,,False
3761,0.7777777777777777,0.9206349206349206,,,,False
3762,0.7936507936507936,0.9206349206349206,,,,False
3763,0.8095238095238095,0.9206349206349206,,,,False
3764,0.8253968253968254,0.9206349206349206,,,,False
3765,0.8412698412698412,0.9206349206349206,,,,False
3766,0.8571428571428571,0.9206349206349206,,,,False
3767,0.873015873015873,0.9206349206349206,,,,False
3768,0.8888888888888888,0.9206349206349206,,,,False
3769,0.9047619047619047,0.9206349206349206,,,,False
3770,0.9206349206349206,0.9206349206349206,,,,False
3771,0.9365079365079365,0.9206349206349206,,,,False
3772,0.9523809523809523,0.9206349206349206,,,,False
3773,0.9682539682539681,0.9206349206349206,,,,False
3774,0.9841269841269841,0.9206349206349206,,,,False
3775,1.0,0.9206349206349206,,,,False
3776,0.0,0.9365079365079365,,,,False
3777,0.015873015873015872,0.9365079365079365,,,,False
3778,0.031746031746031744,0.9365079365079365,,,,False
3779,0.047619047619047616,0.9365079365079365,,,,False
3780,0.06349206349206349,0.9365079365079365,,,,False
3781,0.07936507936507936,0.9365079365079365,,,,False
3782,0.09523809523809523,0.9365079365079365,,,,False
3783,0.1111111111111111,0.9365079365079365,,,,False
3784,0.12698412698412698,0.9365079365079365,,,,False
3785,0.14285714285714285,0.9365079365079365,,,,False
3786,0.15873015873015872,0.9365079365079365,,,,False
3787,0.1746031746031746,0.9365079365079365,,,,False
3788,0.19047619047619047,0.9365079365079365,,,,False
3789,0.20634920634920634,0.9365079365079365,,,,False
3790,0.2222222222222222,0.9365079365079365,,,,False
3791,0.23809523809523808,0.9365079365079365,,,,False
3792,0.25396825396825395,0.9365079365079365,,,,False
3793,0.2698412698412698,0.9365079365079365,,,,False
3794,0.2857142857142857,0.9365079365079365,,,,False
3795,0.30158730158730157,0.9365079365079365,,,,False
3796,0.31746031746031744,0.9365079365079365,,,,False
3797,0.3333333333333333,0.9365079365079365,,,,False
3798,0.3492063492063492,0.9365079365079365,,,,False
3799,0.36507936507936506,0.9365079365079365,,,,False
3800,0.38095238095238093,0.9365079365079365,,,,False
3801,0.3968253968253968,0.9365079365079365,,,,False
3802,0.4126984126984127,0.9365079365079365,,,,False
3803,0.42857142857142855,0.9365079365079365,,,,False
3804,0.4444444444444444,0.9365079365079365,,,,False
3805,0.4603174603174603,0.9365079365079365,,,,False
3806,0.47619047619047616,0.9365079365079365,,,,False
3807,0.49206349206349204,0.9365079365079365,,,,False
3808,0.5079365079365079,0.9365079365079365,,,,False
3809,0.5238095238095237,0.9365079365079365,,,,False
3810,0.5396825396825397,0.9365079365079365,,,,False
3811,0.5555555555555556,0.9365079365079365,,,,False
3812,0.5714285714285714,0.9365079365079365,,,,False
3813,0.5873015873015872,0.9365079365079365,,,,False
3814,0.6031746031746031,0.9365079365079365,,,,False
3815,0.6190476190476191,0.9365079365079365,,,,False
3816,0.6349206349206349,0.9365079365079365,,,,False
3817,0.6507936507936507,0.9365079365079365,,,,False
3818,0.6666666666666666,0.9365079365079365,,,,False
3819,0.6825396825396826,0.9365079365079365,,,,False
3820,0.6984126984126984,0.9365079365079365,,,,False
3821,0.7142857142857142,0.9365079365079365,,,,False
3822,0.7301587301587301,0.9365079365079365,,,,False
3823,0.746031746031746,0.9365079365079365,,,,False
3824,0.7619047619047619,0.9365079365079365,,,,False
3825,0.7777777777777777,0.9365079365079365,,,,False
3826,0.7936507936507936,0.9365079365079365,,,,False
3827,0.8095238095238095,0.9365079365079365,,,,False
3828,0.8253968253968254,0.9365079365079365,,,,False
3829,0.8412698412698412,0.9365079365079365,,,,False
3830,0.8571428571428571,0.9365079365079365,,,,False
3831,0.873015873015873,0.9365079365079365,,,,False
3832,0.8888888888888888,0.9365079365079365,,,,False
3833,0.9047619047619047,0.9365079365079365,,,,False
3834,0.9206349206349206,0.9365079365079365,,,,False
3835,0.9365079365079365,0.9365079365079365,,,,False
3836,0.9523809523809523,0.9365079365079365,,,,False
3837,0.9682539682539681,0.9365079365079365,,,,False
3838,0.9841269841269841,0.9365079365079365,,,,False
3839,1.0,0.9365079365079365,,,,False
3840,0.0,0.9523809523809523,,,,False
3841,0.015873015873015872,0.9523809523809523,,,,False
3842,0.031746031746031744,0.9523809523809523,,,,False
3843,0.047619047619047616,0.9523809523809523,,,,False
3844,0.06349206349206349,0.9523809523809523,,,,False
3845,0.07936507936507936,0.9523809523809523,,,,False
3846,0.09523809523809523,0.9523809523809523,,,,False
3847,0.1111111111111111,0.9523809523809523,,,,False
3848,0.12698412698412698,0.9523809523809523,,,,False
3849,0.14285714285714285,0.9523809523809523,,,,False
3850,0.15873015873015872,0.9523809523809523,,,,False
3851,0.1746031746031746,0.9523809523809523,,,,False
3852,0.19047619047619047,0.9523809523809523,,,,False
3853,0.20634920634920634,0.9523809523809523,,,,False
3854,0.2222222222222222,0.9523809523809523,,,,False
3855,0.23809523809523808,0.9523809523809523,,,,False
3856,0.25396825396825395,0.9523809523809523,,,,False
3857,0.2698412698412698,0.9523809523809523,,,,False
3858,0.2857142857142857,0.9523809523809523,,,,False
3859,0.30158730158730157,0.9523809523809523,,,,False
3860,0.31746031746031744,0.9523809523809523,,,,False
3861,0.3333333333333333,0.9523809523809523,,,,False
3862,0.3492063492063492,0.9523809523809523,,,,False
3863,0.36507936507936506,0.9523809523809523,,,,False
3864,0.38095238095238093,0.9523809523809523,,,,False
3865,0.3968253968253968,0.9523809523809523,,,,False
3866,0.4126984126984127,0.9523809523809523,,,,False
3867,0.42857142857142855,0.9523809523809523,,,,False
3868,0.4444444444444444,0.9523809523809523,,,,False
3869,0.4603174603174603,0.9523809523809523,,,,False
3870,0.47619047619047616,0.9523809523809523,,,,False
3871,0.49206349206349204,0.9523809523809523,,,,False
3872,0.5079365079365079,0.9523809523809523,,,,False
3873,0.5238095238095237,0.9523809523809523,,,,False
3874,0.5396825396825397,0.9523809523809523,,,,False
3875,0.5555555555555556,0.9523809523809523,,,,False
3876,0.5714285714285714,0.9523809523809523,,,,False
3877,0.5873015873015872,0.9523809523809523,,,,False
3878,0.6031746031746031,0.9523809523809523,,,,False
3879,0.6190476190476191,0.9523809523809523,,,,False
3880,0.6349206349206349,0.9523809523809523,,,,False
3881,0.6507936507936507,0.9523809523809523,,,,False
3882,0.6666666666666666,0.9523809523809523,,,,False
3883,0.6825396825396826,0.9523809523809523,,,,False
3884,0.6984126984126984,0.9523809523809523,,,,False
3885,0.7142857142857142,0.9523809523809523,,,,False
3886,0.7301587301587301,0.9523809523809523,,,,False
3887,0.746031746031746,0.9523809523809523,,,,False
3888,0.7619047619047619,0.9523809523809523,,,,False
3889,0.7777777777777777,0.9523809523809523,,,,False
3890,0.7936507936507936,0.9523809523809523,,,,False
3891,0.8095238095238095,0.9523809523809523,,,,False
3892,0.8253968253968254,0.9523809523809523,,,,False
3893,0.8412698412698412,0.9523809523809523,,,,False
3894,0.8571428571428571,0.9523809523809523,,,,False
3895,0.873015873015873,0.9523809523809523,,,,False
3896,0.8888888888888888,0.9523809523809523,,,,False
3897,0.9047619047619047,0.9523809523809523,,,,False
3898,0.9206349206349206,0.9523809523809523,,,,False
3899,0.9365079365079365,0.9523809523809523,,,,False
3900,0.9523809523809523,0.9523809523809523,,,,False
3901,0.9682539682539681,0.9523809523809523,,,,False
3902,0.9841269841269841,0.9523809523809523,,,,False
3903,1.0,0.9523809523809523,,,,False
3904,0.0,0.9682539682539681,,,,False
3905,0.015873015873015872,0.9682539682539681,,,,False
3906,0.031746031746031744,0.9682539682539681,,,,False
3907,0.047619047619047616,0.9682539682539681,,,,False
3908,0.06349206349206349,0.9682539682539681,,,,False
3909,0.07936507936507936,0.9682539682539681,,,,False
3910,0.09523809523809523,0.9682539682539681,,,,False
3911,0.1111111111111111,0.9682539682539681,,,,False
3912,0.12698412698412698,0.9682539682539681,,,,False
3913,0.14285714285714285,0.9682539682539681,,,,False
3914,0.15873015873015872,0.9682539682539681,,,,False
3915,0.1746031746031746,0.9682539682539681,,,,False
3916,0.19047619047619047,0.9682539682539681,,,,False
3917,0.20634920634920634,0.9682539682539681,,,,False
3918,0.2222222222222222,0.9682539682539681,,,,False
3919,0.23809523809523808,0.9682539682539681,,,,False
3920,0.25396825396825395,0.9682539682539681,,,,False
3921,0.2698412698412698,0.9682539682539681,,,,False
3922,0.2857142857142857,0.9682539682539681,,,,False
3923,0.30158730158730157,0.9682539682539681,,,,False
3924,0.31746031746031744,0.9682539682539681,,,,False
3925,0.3333333333333333,0.9682539682539681,,,,False
3926,0.3492063492063492,0.9682539682539681,,,,False
3927,0.36507936507936506,0.9682539682539681,,,,False
3928,0.38095238095238093,0.9682539682539681,,,,False
3929,0.3968253968253968,0.9682539682539681,,,,False
3930,0.4126984126984127,0.9682539682539681,,,,False
3931,0.42857142857142855,0.9682539682539681,,,,False
3932,0.4444444444444444,0.9682539682539681,,,,False
3933,0.4603174603174603,0.9682539682539681,,,,False
3934,0.47619047619047616,0.9682539682539681,,,,False
3935,0.49206349206349204,0.9682539682539681,,,,False
3936,0.5079365079365079,0.9682539682539681,,,,False
3937,0.5238095238095237,0.9682539682539681,,,,False
3938,0.5396825396825397,0.9682539682539681,,,,False
3939,0.5555555555555556,0.9682539682539681,,,,False
3940,0.5714285714285714,0.9682539682539681,,,,False
3941,0.5873015873015872,0.9682539682539681,,,,False
3942,0.6031746031746031,0.9682539682539681,,,,False
3943,0.6190476190476191,0.9682539682539681,,,,False
3944,0.6349206349206349,0.9682539682539681,,,,False
3945,0.6507936507936507,0.9682539682539681,,,,False
3946,0.6666666666666666,0.9682539682539681,,,,False
3947,0.6825396825396826,0.9682539682539681,,,,False
3948,0.6984126984126984,0.9682539682539681,,,,False
3949,0.7142857142857142,0.9682539682539681,,,,False
3950,0.7301587301587301,0.9682539682539681,,,,False
3951,0.746031746031746,0.9682539682539681,,,,False
3952,0.7619047619047619,0.9682539682539681,,,,False
3953,0.7777777777777777,0.9682539682539681,,,,False
3954,0.7936507936507936,0.9682539682539681,,,,False
3955,0.8095238095238095,0.9682539682539681,,,,False
3956,0.8253968253968254,0.9682539682539681,,,,False
3957,0.8412698412698412,0.9682539682539681,,,,False
3958,0.8571428571428571,0.9682539682539681,,,,False
3959,0.873015873015873,0.9682539682539681,,,,False
3960,0.8888888888888888,0.9682539682539681,,,,False
3961,0.9047619047619047,0.9682539682539681,,,,False
3962,0.9206349206349206,0.9682539682539681,,,,False
3963,0.9365079365079365,0.9682539682539681,,,,False
3964,0.9523809523809523,0.9682539682539681,,,,False
3965,0.9682539682539681,0.9682539682539681,,,,False
3966,0.9841269841269841,0.9682539682539681,,,,False
3967,1.0,0.9682539682539681,,,,False
3968,0.0,0.9841269841269841,,,,False
3969,0.015873015873015872,0.9841269841269841,,,,False
3970,0.031746031746031744,0.9841269841269841,,,,False
3971,0.047619047619047616,0.9841269841269841,,,,False
3972,0.06349206349206349,0.9841269841269841,,,,False
3973,0.07936507936507936,0.9841269841269841,,,,False
3974,0.09523809523809523,0.9841269841269841,,,,False
3975,0.1111111111111111,0.9841269841269841,,,,False
3976,0.12698412698412698,0.9841269841269841,,,,False
3977,0.14285714285714285,0.9841269841269841,,,,False
3978,0.15873015873015872,0.9841269841269841,,,,False
3979,0.1746031746031746,0.9841269841269841,,,,False
3980,0.19047619047619047,0.9841269841269841,,,,False
3981,0.20634920634920634,0.9841269841269841,,,,False
3982,0.2222222222222222,0.9841269841269841,,,,False
3983,0.23809523809523808,0.9841269841269841,,,,False
3984,0.25396825396825395,0.9841269841269841,,,,False
3985,0.2698412698412698,0.9841269841269841,,,,False
3986,0.2857142857142857,0.9841269841269841,,,,False
3987,0.30158730158730157,0.9841269841269841,,,,False
3988,0.31746031746031744,0.9841269841269841,,,,False
3989,0.3333333333333333,0.9841269841269841,,,,False
3990,0.3492063492063492,0.9841269841269841,,,,False
3991,0.36507936507936506,0.9841269841269841,,,,False
3992,0.38095238095238093,0.9841269841269841,,,,False
3993,0.3968253968253968,0.9841269841269841,,,,False
3994,0.4126984126984127,0.9841269841269841,,,,False
3995,0.42857142857142855,0.9841269841269841,,,,False
3996,0.4444444444444444,0.9841269841269841,,,,False
3997,0.4603174603174603,0.9841269841269841,,,,False
3998,0.47619047619047616,0.9841269841269841,,,,False
3999,0.49206349206349204,0.9841269841269841,,,,False
4000,0.5079365079365079,0.9841269841269841,,,,False
4001,0.5238095238095237,0.9841269841269841,,,,False
4002,0.5396825396825397,0.9841269841269841,,,,False
4003,0.5555555555555556,0.9841269841269841,,,,False
4004,0.5714285714285714,0.9841269841269841,,,,False
4005,0.5873015873015872,0.9841269841269841,,,,False
4006,0.6031746031746031,0.9841269841269841,,,,False
4007,0.6190476190476191,0.9841269841269841,,,,False
4008,0.6349206349206349,0.9841269841269841,,,,False
4009,0.6507936507936507,0.9841269841269841,,,,False
4010,0.6666666666666666,0.9841269841269841,,,,False
4011,0.6825396825396826,0.9841269841269841,,,,False
4012,0.6984126984126984,0.9841269841269841,,,,False
4013,0.7142857142857142,0.9841269841269841,,,,False
4014,0.7301587301587301,0.9841269841269841,,,,False
4015,0.746031746031746,0.9841269841269841,,,,False
4016,0.7619047619047619,0.9841269841269841,,,,False
4017,0.7777777777777777,0.9841269841269841,,,,False
4018,0.7936507936507936,0.9841269841269841,,,,False
4019,0.8095238095238095,0.9841269841269841,,,,False
4020,0.8253968253968254,0.9841269841269841,,,,False
4021,0.8412698412698412,0.9841269841269841,,,,False
4022,0.8571428571428571,0.9841269841269841,,,,False
4023,0.873015873015873,0.9841269841269841,,,,False
4024,0.8888888888888888,0.9841269841269841,,,,False
4025,0.9047619047619047,0.9841269841269841,,,,False
4026,0.9206349206349206,0.9841269841269841,,,,False
4027,0.9365079365079365,0.9841269841269841,,,,False
4028,0.9523809523809523,0.9841269841269841,,,,False
4029,0.9682539682539681,0.9841269841269841,,,,False
4030,0.9841269841269841,0.9841269841269841,,,,False
4031,1.0,0.9841269841269841,,,,False
4032,0.0,1.0,,,,False
4033,0.015873015873015872,1.0,,,,False
4034,0.031746031746031744,1.0,,,,False
4035,0.047619047619047616,1.0,,,,False
4036,0.06349206349206349,1.0,,,,False
4037,0.07936507936507936,1.0,,,,False
4038,0.09523809523809523,1.0,,,,False
4039,0.1111111111111111,1.0,,,,False
4040,0.12698412698412698,1.0,,,,False
4041,0.14285714285714285,1.0,,,,False
4042,0.15873015873015872,1.0,,,,False
4043,0.1746031746031746,1.0,,,,False
4044,0.19047619047619047,1.0,,,,False
4045,0.20634920634920634,1.0,,,,False
4046,0.2222222222222222,1.0,,,,False
4047,0.23809523809523808,1.0,,,,False
4048,0.25396825396825395,1.0,,,,False
4049,0.2698412698412698,1.0,,,,False
4050,0.2857142857142857,1.0,,,,False
4051,0.30158730158730157,1.0,,,,False
4052,0.31746031746031744,1.0,,,,False
4053,0.3333333333333333,1.0,,,,False
4054,0.3492063492063492,1.0,,,,False
4055,0.36507936507936506,1.0,,,,False
4056,0.38095238095238093,1.0,,,,False
4057,0.3968253968253968,1.0,,,,False
4058,0.4126984126984127,1.0,,,,False
4059,0.42857142857142855,1.0,,,,False
4060,0.4444444444444444,1.0,,,,False
4061,0.4603174603174603,1.0,,,,False
4062,0.47619047619047616,1.0,,,,False
4063,0.49206349206349204,1.0,,,,False
4064,0.5079365079365079,1.0,,,,False
4065,0.5238095238095237,1.0,,,,False
4066,0.5396825396825397,1.0,,,,False
4067,0.5555555555555556,1.0,,,,False
4068,0.5714285714285714,1.0,,,,False
4069,0.5873015873015872,1.0,,,,False
4070,0.6031746031746031,1.0,,,,False
4071,0.6190476190476191,1.0,,,,False
4072,0.6349206349206349,1.0,,,,False
4073,0.6507936507936507,1.0,,,,False
4074,0.6666666666666666,1.0,,,,False
4075,0.6825396825396826,1.0,,,,False
4076,0.6984126984126984,1.0,,,,False
4077,0.7142857142857142,1.0,,,,False
4078,0.7301587301587301,1.0,,,,False
4079,0.746031746031746,1.0,,,,False
4080,0.7619047619047619,1.0,,,,False
4081,0.7777777777777777,1.0,,,,False
4082,0.7936507936507936,1.0,,,,False
4083,0.8095238095238095,1.0,,,,False
4084,0.8253968253968254,1.0,,,,False
4085,0.8412698412698412,1.0,,,,False
4086,0.8571428571428571,1.0,,,,False
4087,0.873015873015873,1.0,,,,False
4088,0.8888888888888888,1.0,,,,False
4089,0.9047619047619047,1.0,,,,False
4090,0.9206349206349206,1.0,,,,False
4091,0.9365079365079365,1.0,,,,False
4092,0.9523809523809523,1.0,,,,False
4093,0.9682539682539681,1.0,,,,False
4094,0.9841269841269841,1.0,,,,False
4095,1.0,1.0,,,,False
