,x,y,u (m/s),v (m/s),p (Pa)
0,0.014384495,0.12556933,0.22907473,-0.00767508,0.06269442
1,0,0.13475671,0.23829953,0,0.06376715
2,0,0.11701039,0.2202585,0,0.06158076
3,0.0141945,0.14327203,0.24481572,-0.006946608,0.06490905
4,0,0.15235177,0.25219166,0,0.06588463
5,0.014673135,0.10754361,0.20887403,-0.00767679,0.06055027
6,0,0.09892626,0.19771107,0,0.059582993
7,0.012888297,0.013746568,0.034858525,-0.000434817,0.05615606
8,0,0.020158125,0.050488755,0,0.056139924
9,0,0,0,0,0.056161255
10,0.019987524,0,0,0,0.056224324
11,0.014140525,0.16079065,0.25642112,-0.005483796,0.06690384
12,0,0.16985565,0.26206464,0,0.067620926
13,0.014590903,0.030354802,0.074178606,-0.001728415,0.056199197
14,0,0.04031625,0.09575611,0,0.056289148
15,0.015144526,0.050052695,0.116121516,-0.003691247,0.056518517
16,0,0.06047098,0.13579579,0,0.0568476
17,0.015264887,0.06975502,0.15273403,-0.005634116,0.057342734
18,0,0.08014575,0.16984728,0,0.057962656
19,0.014969952,0.08899725,0.18368,-0.006954429,0.05870812
20,0.039975047,0,0,0,0.056040194
21,0.02986306,0.018219914,0.047602374,-0.00137966,0.055982143
22,0.014132923,0.17830396,0.26414347,-0.003295018,0.06837224
23,0,0.18734443,0.2679973,0,0.06868616
24,0.059962574,0,0,0,0.055674374
25,0.05052991,0.017059596,0.048307177,-0.002316418,0.055680808
26,0.014141102,0.19582012,0.2681106,-0.000655786,0.069047764
27,0,0.2047961,0.26999974,0,0.06889374
28,0.15840122,0.17225938,0,0,0.07028186
29,0.15433289,0.16443428,0.1120758,-0.12812267,0.05963931
30,0.16464466,0.16464466,0,0,0.046716776
31,0.07957291,0,0,0,0.054990076
32,0.06848689,0.016337099,0.051326912,-0.002653972,0.055092007
33,0.014035158,0.21332577,0.26824078,0.002041813,0.068809554
34,0,0.2222789,0.2680818,0,0.06820276
35,0.15380563,0.18086676,0,0,0.09127143
36,0.14774974,0.17392665,0.078652896,-0.117614396,0.0808566
37,0.16229776,0.1569815,0.1324908,-0.11278467,0.03848314
38,0.17225938,0.15840122,0,0,0.024336765
39,0.08798345,0.014901965,0.053320475,-0.003090721,0.054249328
40,0.0983415,0,0,0,0.05403319
41,0.013876203,0.23095623,0.26453108,0.004450226,0.067677565
42,0,0.23977959,0.2622285,0,0.06671421
43,0.15096931,0.1902025,0,0,0.10593315
44,0.14377856,0.18499288,0.04405677,-0.07595634,0.09783849
45,0.17085868,0.14963308,0.16866855,-0.0986689,0.02022739
46,0.18086676,0.15380563,0,0,0.008097542
47,0.106810585,0.014370256,0.05902457,-0.003453914,0.053045336
48,0.11632936,0,0,0,0.052719057
49,0.013889375,0.2484887,0.25699463,0.006298996,0.065848134
50,0,0.25732446,0.25241002,0,0.06466204
51,0.15,0.2,0,0,0.11227997
52,0.14301258,0.19635534,0.020789532,-0.018357432,0.10718156
53,0.1820991,0.14463037,0.1709297,-0.06334743,0.005804831
54,0.1902025,0.15096931,0,0,-0.002209569
55,0.12489822,0.014048229,0.06603566,-0.00370267,0.05147852
56,0.13390304,0,0,0,0.05101037
57,0.014023411,0.26610303,0.2454584,0.007435776,0.06360332
58,0,0.2750834,0.23844367,0,0.062340003
59,0.15096931,0.20979749,0,0,0.10694406
60,0.14227934,0.20734726,0.027835662,0.037376348,0.10523383
61,0.19406727,0.1422642,0.14870347,-0.026541201,-0.00213076
62,0.2,0.15,0,0,-0.006711579
63,0.14254381,0.01385126,0.07377386,-0.003769088,0.049518988
64,0.15137787,0,0,0,0.04885906
65,0.014165733,0.28395778,0.22966813,0.007809042,0.06124714
66,0,0.2929624,0.22028928,0,0.060064424
67,0.15380563,0.21913323,0,0,0.09229014
68,0.14459594,0.21848728,0.051410366,0.09068085,0.09413551
69,0.2060633,0.14254956,0.112554364,0.000282893,-0.004122453
70,0.20979749,0.15096931,0,0,-0.006866945
71,0.16011475,0.013770336,0.08198833,-0.003571721,0.047150746
72,0.16874602,0,0,0,0.046307538
73,0.014609024,0.30206198,0.20942236,0.007653022,0.059061732
74,0,0.31107363,0.19771121,0,0.058058705
75,0.15840122,0.22774062,0,0,0.07087265
76,0.14931501,0.22881392,0.085437484,0.12415709,0.07606555
77,0.21617894,0.14657867,0.058007106,0.010886337,-0.003406635
78,0.21913323,0.15380563,0,0,-0.003236088
79,0.17760518,0.013724543,0.08968549,-0.003083217,0.044452004
80,0.18610609,0,0,0,0.043439765
81,0.015149156,0.32039198,0.18462293,0.006929607,0.05724813
82,0,0.32985425,0.16984728,0,0.056455843
83,0.16464466,0.23535533,0,0,0.0475794
84,0.1557585,0.23825724,0.12725154,0.13775373,0.054495018
85,0.22631888,0.14875579,0.046451487,0.014372164,0.00032394
86,0.22774062,0.15840122,0,0,0.000319545
87,0.19505286,0.01381729,0.09690494,-0.002346863,0.041542634
88,0.20355475,0,0,0,0.040390346
89,0.015998047,0.33916724,0.15471938,0.00574487,0.05591598
90,0,0.34952903,0.13579579,0,0.055374864
91,0.016424874,0.35832727,0.11946088,0.003811877,0.055124234
92,0,0.36968374,0.09575611,0,0.054844096
93,0.17225938,0.24159877,0,0,0.025166143
94,0.16432948,0.24543156,0.14868909,0.11839761,0.032994535
95,0.23567267,0.15472226,0.022476444,0.009759167,0.003932736
96,0.23535533,0.16464466,0,0,0.004593507
97,0.21239871,0.013909079,0.10229534,-0.00143748,0.03857718
98,0.2209603,0,0,0,0.037334833
99,0.017718995,0.37945655,0.07488682,0.001962949,0.054753043
100,0,0.38984188,0.050488755,0,0.054717913
101,0.013526485,0.39685062,0.033329073,0.00049168,0.054777544
102,0,0.41,0,0,0.054786067
103,0.18086676,0.24619436,0,0,0.008617181
104,0.17382888,0.2521396,0.17484473,0.0958562,0.015239921
105,0.24425057,0.1618859,0.008656769,0.002774623,0.007557794
106,0.24159877,0.17225938,0,0,0.008296314
107,0.22986178,0.013972468,0.10537398,-0.00036454,0.035707545
108,0.23831305,0,0,0,0.03445536
109,0.01991181,0.41,0,0,0.054820076
110,0.1902025,0.2490307,0,0,-0.001906887
111,0.1849912,0.25622356,0.16825835,0.057800755,0.002857546
112,0.2508624,0.1712798,0.000367671,-0.003818523,0.010364065
113,0.24619436,0.18086676,0,0,0.011478714
114,0.24729759,0.013987199,0.105894685,0.000562626,0.033096474
115,0.25571686,0,0,0,0.031892613
116,0.030001614,0.39495468,0.039404545,0.000974132,0.05458116
117,0.03982362,0.41,0,0,0.05460465
118,0.19612516,0.25685433,0.12603837,0.019281873,-0.003638205
119,0.2,0.25,0,0,-0.006607899
120,0.25563684,0.18174057,-0.002346188,-0.00611317,0.01266922
121,0.2490307,0.1902025,0,0,0.013721321
122,0.26478466,0.014073631,0.10487788,0.00135788,0.030830817
123,0.27323222,0,0,0,0.029717397
124,0.04961318,0.39437056,0.04401507,0.001771437,0.05426738
125,0.059735432,0.41,0,0,0.05424343
126,0.20979749,0.2490307,0,0,-0.006593823
127,0.20729862,0.25755918,0.110015035,-0.000652022,-0.004380917
128,0.25793165,0.19306304,-0.002493101,-0.003247029,0.01404316
129,0.25,0.2,0,0,0.014642051
130,0.2825172,0.014336581,0.103312254,0.001970441,0.028940836
131,0.29091877,0,0,0,0.027942402
132,0.0692717,0.39414808,0.049333174,0.002421589,0.053712193
133,0.0792844,0.41,0,0,0.05363486
134,0.21913323,0.24619436,0,0,-0.003500277
135,0.21832243,0.25484294,0.07163375,-0.012138839,-0.00231885
136,0.22774062,0.24159877,0,0,0.000841269
137,0.22838289,0.25011095,0.03871422,-0.012500902,0.001146211
138,0.24159877,0.22774062,0,0,0.008736987
139,0.24618936,0.23588663,0.004656516,0.000194397,0.008458771
140,0.23535533,0.23535533,0,0,0.004959093
141,0.25808924,0.20465365,-0.002611635,0.002173489,0.014225421
142,0.2490307,0.20979749,0,0,0.013956144
143,0.25573024,0.21582857,-0.002805463,0.005946329,0.013161103
144,0.24619436,0.21913323,0,0,0.011800858
145,0.25227726,0.2262339,-0.00168262,0.005554654,0.011217428
146,0.3004233,0.014642339,0.10073692,0.002391887,0.027438948
147,0.3090669,0,0,0,0.026549157
148,0.088307545,0.39468762,0.053607542,0.002879523,0.052918393
149,0.098003834,0.41,0,0,0.052761454
150,0.23816058,0.2441294,0.018728437,-0.007441341,0.005152788
151,0.31853142,0.014917826,0.09693511,0.002711076,0.02628218
152,0.32728657,0,0,0,0.025508186
153,0.10680548,0.3951036,0.05903391,0.003279297,0.05183534
154,0.116167806,0.41,0,0,0.051558547
155,0.33675078,0.015131152,0.09217937,0.002801492,0.025438493
156,0.34552225,0,0,0,0.024791796
157,0.124964826,0.39534375,0.06573167,0.003496534,0.05041171
158,0.13426013,0.41,0,0,0.04998099
159,0.35513735,0.015307884,0.08711918,0.002670543,0.024866695
160,0.3641889,0,0,0,0.024338106
161,0.14290895,0.3954512,0.073273964,0.003596338,0.04863296
162,0.15216641,0.41,0,0,0.048017927
163,0.37384894,0.015478139,0.08212965,0.00250334,0.024495205
164,0.38303187,0,0,0,0.024063895
165,0.16079313,0.39552096,0.080969214,0.003427393,0.04649662
166,0.16996333,0.41,0,0,0.04570069
167,0.3927987,0.01563569,0.077359915,0.002288621,0.024264166
168,0.40216398,0,0,0,0.023918971
169,0.17861657,0.39561424,0.08793615,0.002962807,0.044071846
170,0.18775967,0.41,0,0,0.04310242
171,0.41199735,0.015783913,0.07299616,0.002018681,0.024141278
172,0.42143887,0,0,0,0.023866232
173,0.19642241,0.3957479,0.093461275,0.002208986,0.0414582
174,0.20564543,0.41,0,0,0.040351477
175,0.43145728,0.015920876,0.069106,0.001739202,0.024082897
176,0.44109786,0,0,0,0.023863045
177,0.2142753,0.39581263,0.097670935,0.001406387,0.038783345
178,0.22346944,0.41,0,0,0.03760234
179,0.4511685,0.01604328,0.065698534,0.001473688,0.02405924
180,0.46108538,0,0,0,0.02387977
181,0.23213258,0.3957384,0.10085439,0.000547023,0.036173087
182,0.24125457,0.41,0,0,0.03497472
183,0.4710905,0.016131213,0.06269859,0.001228778,0.02404725
184,0.4810729,0,0,0,0.023895212
185,0.2500749,0.39564666,0.102204956,-0.000350054,0.03374121
186,0.2591104,0.41,0,0,0.032583002
187,0.49105766,0.016159687,0.06001705,0.001002404,0.024029385
188,0.5010604,0,0,0,0.023896696
189,0.26804173,0.39562425,0.10127862,-0.001061252,0.031601775
190,0.27712977,0.41,0,0,0.030520346
191,0.51104414,0.016177993,0.057796218,0.000805659,0.023995481
192,0.52104795,0,0,0,0.023874303
193,0.2860513,0.3955278,0.09933364,-0.001580187,0.029800529
194,0.29528534,0.41,0,0,0.028816491
195,0.53103554,0.01618637,0.055974413,0.000639393,0.023937898
196,0.5410355,0,0,0,0.023821974
197,0.30426008,0.3953364,0.09679398,-0.0019785,0.028323447
198,0.31354094,0.41,0,0,0.027454231
199,0.5510262,0.016189447,0.05449933,0.000503901,0.023851866
200,0.561023,0,0,0,0.023736421
201,0.3226729,0.39506364,0.09388749,-0.002221544,0.027155569
202,0.33212423,0.41,0,0,0.026403273
203,0.5710155,0.016190413,0.05331618,0.000395708,0.023735333
204,0.5810105,0,0,0,0.023616914
205,0.34137106,0.39481854,0.09026639,-0.002322166,0.026265558
206,0.35094443,0.41,0,0,0.025627537
207,0.59100384,0.016190737,0.052370086,0.000311406,0.02358797
208,0.60099804,0,0,0,0.02346425
209,0.36028722,0.3945902,0.086313635,-0.002309062,0.025611443
210,0.36984465,0.41,0,0,0.025079606
211,0.61099166,0.016190846,0.051610928,0.000247048,0.023410795
212,0.62098557,0,0,0,0.02328039
213,0.3794177,0.39440694,0.082115605,-0.002199652,0.025143882
214,0.38906178,0.41,0,0,0.024706546
215,0.6309793,0.016190879,0.050996013,0.000198976,0.023205731
216,0.6409731,0,0,0,0.02306797
217,0.39874884,0.39425603,0.077954784,-0.00202737,0.02482309
218,0.4083795,0.41,0,0,0.024466718
219,0.6509669,0.01619089,0.05049017,0.000163953,0.022975242
220,0.6609606,0,0,0,0.022829998
221,0.41827378,0.39412346,0.07406894,-0.001799808,0.024608746
222,0.42803934,0.41,0,0,0.024319142
223,0.6709544,0.016190892,0.050065037,0.00013918,0.022722086
224,0.68094814,0,0,0,0.022569615
225,0.43795022,0.39402515,0.070478246,-0.001566972,0.024466375
226,0.44779298,0.41,0,0,0.02422816
227,0.69094193,0.016190894,0.0496983,0.000122253,0.02244912
228,0.70093566,0,0,0,0.022289949
229,0.45774218,0.39393312,0.06734775,-0.001338912,0.02436526
230,0.4676725,0.41,0,0,0.024166172
231,0.71092945,0.016190894,0.049372807,0.000111164,0.022159172
232,0.7209232,0,0,0,0.02199399
233,0.47761706,0.39388895,0.06451122,-0.001121038,0.02428425
234,0.4875843,0.41,0,0,0.024113672
235,0.730917,0.016190894,0.049075685,0.000104307,0.02185493
236,0.7409107,0,0,0,0.02168451
237,0.4975217,0.39386463,0.062069103,-0.000925027,0.024206543
238,0.5074961,0.41,0,0,0.024055582
239,0.7509045,0.016190894,0.04879751,0.000100416,0.021538882
240,0.76089823,0,0,0,0.021364039
241,0.517438,0.39384913,0.06002098,-0.000754482,0.02412045
242,0.52740794,0.41,0,0,0.02398177
243,0.770892,0.016190894,0.048531607,9.84919E-05,0.02121329
244,0.78088576,0,0,0,0.021034822
245,0.5373556,0.39384225,0.058314733,-0.000609899,0.024018075
246,0.5473197,0.41,0,0,0.023885874
247,0.79087955,0.016190894,0.048273463,9.77843E-05,0.020880172
248,0.8008733,0,0,0,0.020698842
249,0.55727124,0.39383817,0.056915235,-0.000490562,0.023894424
250,0.56723154,0.41,0,0,0.023764202
251,0.8108671,0.016190894,0.048020158,9.77561E-05,0.020541301
252,0.8208608,0,0,0,0.020357816
253,0.5771847,0.3938359,0.05577164,-0.000394134,0.023746751
254,0.58714336,0.41,0,0,0.023615213
255,0.8308546,0.016190894,0.04776997,9.79975E-05,0.020198211
256,0.8408483,0,0,0,0.020013213
257,0.5970974,0.39383456,0.05483744,-0.000317826,0.023574043
258,0.6070552,0.41,0,0,0.023438903
259,0.8508421,0.016190894,0.047522068,9.82369E-05,0.019852223
260,0.86083585,0,0,0,0.01966628
261,0.61701006,0.39383385,0.05407023,-0.000258714,0.023376562
262,0.62696695,0.41,0,0,0.023236362
263,0.87082964,0.016190894,0.047276225,9.82865E-05,0.019504447
264,0.8808234,0,0,0,0.01931806
265,0.63692236,0.39383355,0.05343357,-0.000213933,0.023155488
266,0.6468788,0.41,0,0,0.023009429
267,0.89081717,0.016190894,0.04703265,9.8032E-05,0.019155817
268,0.9008109,0,0,0,0.018969417
269,0.65683424,0.39383343,0.05289744,-0.000180787,0.022912601
270,0.6667906,0.41,0,0,0.022760393
271,0.9108047,0.016190894,0.046791803,9.74216E-05,0.018807111
272,0.9207984,0,0,0,0.018621057
273,0.67674583,0.3938333,0.05243715,-0.000156859,0.022650033
274,0.68670243,0.41,0,0,0.022491755
275,0.9307922,0.016190894,0.046554264,9.64452E-05,0.018458955
276,0.94078594,0,0,0,0.018273555
277,0.6966573,0.39383322,0.05203251,-0.0001401,0.022370081
278,0.7066142,0.41,0,0,0.022206066
279,0.95077974,0.016190894,0.04632066,9.51171E-05,0.018111864
280,0.96077347,0,0,0,0.017927365
281,0.71656877,0.39383322,0.05166777,-0.000128815,0.022075066
282,0.726526,0.41,0,0,0.021905826
283,0.97076726,0.016190894,0.046091586,9.34656E-05,0.017766245
284,0.980761,0,0,0,0.017582849
285,0.73648053,0.39383328,0.05133093,-0.000121599,0.02176725
286,0.74643785,0.41,0,0,0.021593407
287,0.9907548,0.016190894,0.045867622,9.15277E-05,0.017422419
288,1.0007485,0,0,0,0.017240284
289,0.7563926,0.3938334,0.05101306,-0.000117299,0.021448774
290,0.7663497,0.41,0,0,0.021271007
291,1.0107423,0.016190894,0.04564926,8.93439E-05,0.017080635
292,1.0207361,0,0,0,0.016899887
293,0.7763048,0.3938335,0.05070806,-0.000114987,0.02112163
294,0.78626144,0.41,0,0,0.02094062
295,1.0307299,0.016190894,0.045436922,8.69559E-05,0.01674108
296,1.0407236,0,0,0,0.016561812
297,0.79621696,0.39383337,0.050411742,-0.000113941,0.020787608
298,0.80617326,0.41,0,0,0.020604024
299,1.0507174,0.016190894,0.045230955,8.44044E-05,0.016403891
300,1.0607111,0,0,0,0.01622617
301,0.8161291,0.39383325,0.05012074,-0.000113627,0.020448303
302,0.8260851,0.41,0,0,0.020262765
303,1.0707049,0.016190894,0.045031622,8.17284E-05,0.01606916
304,1.0806986,0,0,0,0.01589303
305,0.83604103,0.39383328,0.049832672,-0.000113673,0.020105107
306,0.8459969,0.41,0,0,0.019918185
307,1.0906924,0.016190894,0.044839118,7.89638E-05,0.01573695
308,1.1006862,0,0,0,0.015562438
309,0.8559526,0.39383337,0.049546834,-0.000113801,0.01975923
310,0.8659087,0.41,0,0,0.019571444
311,1.11068,0.016190894,0.044653554,7.61432E-05,0.01540729
312,1.1206737,0,0,0,0.015234405
313,0.8758641,0.3938334,0.049263373,-0.000113802,0.019411707
314,0.8858205,0.41,0,0,0.019223513
315,1.1306674,0.016190894,0.044474985,7.32952E-05,0.015080188
316,1.1406612,0,0,0,0.014908928
317,0.8957757,0.39383346,0.04898199,-0.000113559,0.019063408
318,0.90573233,0.41,0,0,0.018875208
319,1.150655,0.016190894,0.044303413,7.04445E-05,0.014755634
320,1.1606487,0,0,0,0.014585986
321,0.91568726,0.3938337,0.048702616,-0.000113033,0.018715061
322,0.92564416,0.41,0,0,0.018527197
323,1.1706425,0.016190894,0.04413879,6.76118E-05,0.014433603
324,1.1806363,0,0,0,0.014265547
325,0.93559885,0.39383394,0.048426244,-0.000112204,0.018367276
326,0.9455559,0.41,0,0,0.01818004
327,1.1906301,0.016190894,0.04398102,6.48145E-05,0.014114058
328,1.2006238,0,0,0,0.013947566
329,0.9555105,0.39383394,0.048154045,-0.000111047,0.018020548
330,0.96546775,0.41,0,0,0.01783419
331,1.2106175,0.016190894,0.04382998,6.20663E-05,0.013796954
332,1.2206113,0,0,0,0.013631994
333,0.97542244,0.3938338,0.047886357,-0.000109567,0.017675282
334,0.9853796,0.41,0,0,0.017490001
335,1.2306051,0.016190894,0.043685526,5.93781E-05,0.013482238
336,1.2405988,0,0,0,0.013318773
337,0.9953344,0.39383373,0.04762315,-0.000107802,0.017331796
338,1.0052913,0.41,0,0,0.01714775
339,1.2505926,0.016190894,0.043547485,5.67583E-05,0.013169852
340,1.2605864,0,0,0,0.013007843
341,1.0152462,0.39383373,0.04736486,-0.00010579,0.016990338
342,1.0252032,0.41,0,0,0.016807655
343,1.2705802,0.016190894,0.043415673,5.42131E-05,0.012859735
344,1.2805738,0,0,0,0.012699139
345,1.035158,0.3938337,0.04711228,-0.000103562,0.016651101
346,1.045115,0.41,0,0,0.016469885
347,1.2905676,0.016190894,0.043289896,5.1747E-05,0.012551819
348,1.3005614,0,0,0,0.012392595
349,1.05507,0.3938336,0.046865907,-0.000101148,0.01631423
350,1.0650268,0.41,0,0,0.016134556
351,1.3105552,0.016190894,0.04316995,4.9363E-05,0.01224604
352,1.3205489,0,0,0,0.012088141
353,1.0749819,0.39383352,0.04662595,-9.85799E-05,0.015979834
354,1.0849386,0.41,0,0,0.015801754
355,1.3305427,0.016190894,0.043055624,4.70632E-05,0.011942328
356,1.3405365,0,0,0,0.011785709
357,1.0948938,0.3938334,0.04639258,-9.5889E-05,0.015647981
358,1.1048504,0.41,0,0,0.015471526
359,1.3505303,0.016190894,0.04294671,4.48486E-05,0.011640613
360,1.3605239,0,0,0,0.01148523
361,1.1148057,0.3938333,0.046165995,-9.31072E-05,0.015318709
362,1.1247623,0.41,0,0,0.0151439
363,1.3705177,0.016190894,0.042843,4.27196E-05,0.011340828
364,1.3805115,0,0,0,0.011186636
365,1.1347175,0.39383313,0.045946594,-9.02633E-05,0.014992035
366,1.1446741,0.41,0,0,0.014818877
367,1.3905053,0.016190894,0.042744283,4.06758E-05,0.011042903
368,1.400499,0,0,0,0.010889857
369,1.1546295,0.39383274,0.04573473,-8.73805E-05,0.014667952
370,1.1645858,0.41,0,0,0.014496441
371,1.4104928,0.016190894,0.04265035,3.87163E-05,0.01074677
372,1.4204866,0,0,0,0.010594826
373,1.1745416,0.39383233,0.045530047,-8.44851E-05,0.014346441
374,1.1844977,0.41,0,0,0.014176562
375,1.4304804,0.016190894,0.042561,3.68399E-05,0.010452362
376,1.440474,0,0,0,0.010301477
377,1.1944535,0.39383212,0.04533191,-8.16023E-05,0.014027473
378,1.2044095,0.41,0,0,0.013859206
379,1.4504678,0.016190894,0.04247603,3.50448E-05,0.010159613
380,1.4604616,0,0,0,0.010009746
381,1.2143654,0.39383206,0.045140292,-7.87132E-05,0.01371101
382,1.2243212,0.41,0,0,0.013544319
383,1.4704554,0.016190894,0.042395245,3.33289E-05,0.009868459
384,1.4804491,0,0,0,0.009719567
385,1.2342751,0.39383358,0.044951435,-7.58569E-05,0.013397023
386,1.2442331,0.41,0,0,0.013231863
387,1.4904429,0.016190894,0.04231846,3.16901E-05,0.009578836
388,1.5004367,0,0,0,0.009430881
389,1.2541866,0.39383358,0.044773374,-7.30548E-05,0.013085417
390,1.2641449,0.41,0,0,0.01292176
391,1.5104305,0.016190894,0.04224549,3.01257E-05,0.009290684
392,1.5204241,0,0,0,0.009143626
393,1.2740986,0.39383367,0.044601846,-7.0308E-05,0.01277613
394,1.2840567,0.41,0,0,0.012613952
395,1.5304179,0.016190894,0.042176157,2.86333E-05,0.009003944
396,1.5404117,0,0,0,0.008857745
397,1.2940109,0.3938337,0.044437002,-6.76113E-05,0.012469112
398,1.3039685,0.41,0,0,0.012308377
399,1.5504055,0.016190894,0.04211029,2.72101E-05,0.008718557
400,1.5603992,0,0,0,0.00857318
401,1.3139231,0.39383367,0.044278786,-6.49653E-05,0.0121643
402,1.3238803,0.41,0,0,0.012004963
403,1.570393,0.016190894,0.042047728,2.58538E-05,0.008434467
404,1.5803868,0,0,0,0.008289878
405,1.333835,0.3938336,0.044126853,-6.23876E-05,0.011861623
406,1.3437922,0.41,0,0,0.011703636
407,1.5903805,0.016190894,0.041988313,2.45619E-05,0.008151621
408,1.6003742,0,0,0,0.008007785
409,1.3537469,0.39383364,0.043980867,-5.98862E-05,0.011561007
410,1.363704,0.41,0,0,0.011404323
411,1.610368,0.016190894,0.04193189,2.33318E-05,0.007869964
412,1.6203618,0,0,0,0.007726851
413,1.3736588,0.3938337,0.043840654,-5.74572E-05,0.011262381
414,1.3836157,0.41,0,0,0.011106959
415,1.6303556,0.016190894,0.04187832,2.21605E-05,0.00758945
416,1.6403493,0,0,0,0.007447025
417,1.3935708,0.39383373,0.043706298,-5.50963E-05,0.010965675
418,1.4035276,0.41,0,0,0.010811475
419,1.6503431,0.016190894,0.04182746,2.10449E-05,0.007310027
420,1.6603369,0,0,0,0.00716826
421,1.4134829,0.39383355,0.043578006,-5.28E-05,0.010670821
422,1.4234394,0.41,0,0,0.0105178
423,1.6703306,0.016190894,0.04177918,1.99828E-05,0.007031648
424,1.6803243,0,0,0,0.006890511
425,1.433395,0.39383322,0.043455493,-5.05729E-05,0.010377747
426,1.4433511,0.41,0,0,0.010225858
427,1.6903181,0.016190894,0.041733354,1.89735E-05,0.006754268
428,1.7003119,0,0,0,0.006613733
429,1.453307,0.39383298,0.04333797,-4.84329E-05,0.010086382
430,1.463263,0.41,0,0,0.009935571
431,1.7103057,0.016190894,0.041689858,1.80164E-05,0.006477844
432,1.7202994,0,0,0,0.006337883
433,1.4732187,0.39383298,0.043224894,-4.63873E-05,0.009796654
434,1.4831748,0.41,0,0,0.009646877
435,1.7302932,0.016190894,0.04164857,1.71066E-05,0.006202335
436,1.740287,0,0,0,0.006062921
437,1.4931302,0.39383313,0.043116163,-4.44248E-05,0.009508497
438,1.5030867,0.41,0,0,0.009359714
439,1.7502807,0.016190894,0.041609384,1.62432E-05,0.005927699
440,1.7602744,0,0,0,0.005788807
441,1.5130419,0.39383337,0.04301186,-4.25325E-05,0.009221853
442,1.5229985,0.41,0,0,0.009074027
443,1.7702682,0.016190894,0.04157218,1.54316E-05,0.005653898
444,1.780262,0,0,0,0.005515505
445,1.5329534,0.39383355,0.042912148,-4.06987E-05,0.008936662
446,1.5429102,0.41,0,0,0.008789758
447,1.7902558,0.016190894,0.041536827,1.46797E-05,0.005380896
448,1.8002495,0,0,0,0.005242977
449,1.5528651,0.39383364,0.04281701,-3.89207E-05,0.008652866
450,1.5628221,0.41,0,0,0.008506846
451,1.8102432,0.016190894,0.041503195,1.39799E-05,0.005108661
452,1.820237,0,0,0,0.004971196
453,1.572777,0.39383367,0.04272611,-3.72085E-05,0.008370401
454,1.5827339,0.41,0,0,0.008225229
455,1.8302308,0.016190894,0.04147118,1.33173E-05,0.004837162
456,1.8402245,0,0,0,0.004700133
457,1.5926888,0.39383376,0.042639147,-3.55681E-05,0.00808921
458,1.6026456,0.41,0,0,0.007944847
459,1.8502183,0.016190894,0.04144069,1.26927E-05,0.004566374
460,1.8602121,0,0,0,0.004429762
461,1.6126007,0.39383385,0.042555943,-3.40002E-05,0.007809238
462,1.6225575,0.41,0,0,0.00766565
463,1.8702059,0.016190894,0.041411627,1.21219E-05,0.00429627
464,1.8801997,0,0,0,0.004160055
465,1.8901933,0.016190894,0.041383844,1.16104E-05,0.004026825
466,1.9001871,0,0,0,0.003890991
467,1.6325123,0.3938339,0.04247646,-3.25027E-05,0.00753043
468,1.6424693,0.41,0,0,0.007387584
469,1.9101809,0.016190894,0.041357215,1.11584E-05,0.003758021
470,1.9201747,0,0,0,0.003622551
471,1.6524241,0.39383385,0.042400844,-3.1064E-05,0.007252737
472,1.6623812,0.41,0,0,0.007110601
473,1.9301684,0.016190814,0.04133138,1.07697E-05,0.00348984
474,1.9401622,0,0,0,0.003354706
475,1.9501561,0.016189976,0.041304454,1.05268E-05,0.003222261
476,1.9601498,0,0,0,0.003087434
477,1.9701438,0.016187213,0.041273106,1.05897E-05,0.002955288
478,1.9801372,0,0,0,0.002820734
479,1.672336,0.39383364,0.042328943,-2.96758E-05,0.00697611
480,1.6822929,0.41,0,0,0.006834652
481,1.9901313,0.016182924,0.0412374,1.12851E-05,0.002688972
482,2.0001247,0,0,0,0.002554696
483,1.6922477,0.39383352,0.042260006,-2.83509E-05,0.006700498
484,1.7022047,0.41,0,0,0.006559685
485,2.010118,0.016180148,0.041203238,1.26404E-05,0.002423466
486,2.0201123,0,0,0,0.00228945
487,2.0301015,0.016182242,0.041177247,1.44796E-05,0.002158918
488,2.0400999,0,0,0,0.002025005
489,1.7121596,0.39383364,0.042193554,-2.71021E-05,0.006425855
490,1.7221166,0.41,0,0,0.00628566
491,2.0500963,0.016187614,0.041153397,1.8331E-05,0.001895342
492,2.0600874,0,0,0,0.001761428
493,2.0700998,0.016200675,0.041135523,2.7119E-05,0.00163316
494,2.0800748,0,0,0,0.001499188
495,1.7320714,0.3938338,0.042130027,-2.59148E-05,0.006152141
496,1.7420284,0.41,0,0,0.00601254
497,2.0901356,0.016214494,0.04109166,4.415E-05,0.001373494
498,2.1000624,0,0,0,0.001238877
499,2.1102242,0.01624863,0.041043036,7.88758E-05,0.001118382
500,2.12005,0,0,0,0.000979984
501,1.7519834,0.3938337,0.042069826,-2.47665E-05,0.005879317
502,1.7619401,0.41,0,0,0.005740287
503,2.1303265,0.016138587,0.040515542,0.000168983,0.000874084
504,2.1400375,0,0,0,0.000718913
505,2.1502883,0.015548752,0.038465086,0.000502984,0.000656607
506,2.160025,0,0,0,0.000506119
507,1.7718955,0.39383352,0.04201252,-2.36586E-05,0.005607345
508,1.781852,0.41,0,0,0.005468858
509,2.169911,0.014618737,0.034700524,0.001322955,0.00057341
510,2.1800125,0,0,0,0.000796822
511,2.1865225,0.012720475,0.028589234,0.00012234,0.000982456
512,2.2,0,0,0,0.002329176
513,1.7918075,0.39383343,0.041957524,-2.2611E-05,0.005336184
514,1.8017638,0.41,0,0,0.005198214
515,2.2,0.019523809,0.050681494,-0.015727308,0.000705154
516,1.8117195,0.3938334,0.041904837,-2.16353E-05,0.005065797
517,1.8216757,0.41,0,0,0.004928319
518,2.2,0.039047617,0.09311295,-0.015599716,-0.00016361
519,2.182368,0.029625311,0.071486406,0.001280732,-8.54397E-06
520,1.8316315,0.3938333,0.041854553,-2.07271E-05,0.004796154
521,1.8415874,0.41,0,0,0.004659146
522,2.1839375,0.05009747,0.11687111,-0.000255929,-0.000195463
523,2.2,0.058571428,0.13281801,-0.01280527,-0.000205217
524,1.8515434,0.39383325,0.041806344,-1.98795E-05,0.004527228
525,1.8614992,0.41,0,0,0.004390668
526,2.1839044,0.06882686,0.15204586,-0.000281748,-0.000204238
527,2.2,0.078095235,0.16698538,-0.009708929,-0.000141936
528,1.8714551,0.3938333,0.041759733,-1.9096E-05,0.004258995
529,1.8814111,0.41,0,0,0.004122861
530,2.1840425,0.088078834,0.18294142,-0.000358506,-9.99078E-05
531,2.2,0.09761905,0.19603796,-0.007210586,-6.0991E-05
532,1.8913666,0.39383358,0.041714378,-1.83928E-05,0.003991433
533,1.9013228,0.41,0,0,0.003855702
534,2.18404,0.107487485,0.20902616,-0.000338314,-1.47838E-05
535,2.2,0.117142856,0.21999203,-0.005313284,-5.19754E-06
536,1.9112781,0.39383414,0.041669935,-1.77965E-05,0.003724525
537,1.9212346,0.41,0,0,0.003589176
538,2.1840246,0.12693554,0.23027955,-0.000293189,5.10231E-05
539,2.2,0.13666667,0.23904526,-0.003839131,3.19137E-05
540,1.9311897,0.39383513,0.04162572,-1.73322E-05,0.003458263
541,1.9411465,0.41,0,0,0.003323274
542,2.184005,0.14642714,0.24680673,-0.000265269,9.46414E-05
543,2.2,0.15619047,0.25331107,-0.002646488,5.30912E-05
544,1.9511011,0.3938369,0.041580494,-1.70964E-05,0.003192649
545,1.9610583,0.41,0,0,0.003058006
546,2.1839812,0.16594055,0.25866598,-0.000231325,0.000122322
547,2.2,0.17571428,0.26286376,-0.001610407,6.56368E-05
548,1.9710126,0.3938398,0.04153273,-1.71514E-05,0.002927715
549,1.9809701,0.41,0,0,0.002793403
550,2.1839647,0.18546519,0.26584327,-0.000198644,0.000138276
551,2.2,0.1952381,0.26771888,-0.000662409,7.14188E-05
552,1.9909253,0.39384314,0.041483458,-1.76189E-05,0.002663496
553,2.000882,0.41,0,0,0.002529535
554,2.1839566,0.2049936,0.2683529,-0.000171856,0.000143095
555,2.2,0.2147619,0.26789898,0.000256222,7.11443E-05
556,2.0108426,0.39384663,0.041432273,-1.84805E-05,0.00240005
557,2.0207937,0.41,0,0,0.002266455
558,2.1839542,0.22452278,0.26621312,-0.000139511,0.000137247
559,2.2,0.23428571,0.26339898,0.001215033,6.52288E-05
560,2.0307703,0.39385292,0.0413713,-2.02913E-05,0.002137406
561,2.0407054,0.41,0,0,0.002004273
562,2.1839545,0.24405101,0.25938863,-9.1109E-05,0.000120822
563,2.2,0.2538095,0.2541592,0.002284793,5.25706E-05
564,2.0507052,0.39387158,0.04127462,-2.25256E-05,0.001875813
565,2.0606172,0.41,0,0,0.001742756
566,2.1839545,0.26357898,0.24780141,-2.41132E-05,9.19207E-05
567,2.2,0.27333334,0.24008785,0.003540227,3.00641E-05
568,2.0706398,0.39396676,0.040979836,-3.02816E-05,0.001615704
569,2.0805292,0.41,0,0,0.001482462
570,2.1839447,0.28310353,0.23136733,5.82937E-05,4.75056E-05
571,2.2,0.29285714,0.22110263,0.005071933,-6.26176E-06
572,2.0905194,0.3940268,0.040745873,-4.67348E-05,0.001358867
573,2.100441,0.41,0,0,0.001222955
574,2.1839254,0.30261874,0.21002814,0.000138345,-1.45064E-05
575,2.2,0.31238094,0.19710669,0.007025279,-6.14417E-05
576,2.1102798,0.39403254,0.040592786,-8.72608E-05,0.001107933
577,2.1203527,0.41,0,0,0.000966033
578,2.183701,0.32208848,0.18375282,0.000150902,-9.51429E-05
579,2.2,0.33190477,0.1679481,0.00956516,-0.000145405
580,2.1297858,0.39389795,0.040648915,-0.000174372,0.000870822
581,2.1402645,0.41,0,0,0.000709689
582,2.183662,0.34167522,0.1520322,0.000133079,-0.000190444
583,2.2,0.35142857,0.13348658,0.012724294,-0.000226622
584,2.148961,0.39396498,0.039879404,-0.000452307,0.000653994
585,2.1601763,0.41,0,0,0.00050024
586,2.184265,0.36124387,0.114648096,0.000184508,-0.000226937
587,2.2,0.37095237,0.093642406,0.01573465,-0.000219812
588,2.1696126,0.39272952,0.041375533,-0.00157278,0.000539335
589,2.1800883,0.41,0,0,0.000783829
590,2.1855175,0.38007483,0.072504066,0.000183346,-3.6783E-05
591,2.2,0.3904762,0.050706353,0.015914943,0.000724209
592,2.1870437,0.3966561,0.030482244,1.21479E-05,0.000976925
593,2.2,0.41,0,0,0.002346415
594,0.10559051,0.16709828,0.20285405,-0.06858899,0.07815183
595,0.10002968,0.16046248,0.21546109,-0.06687204,0.07468988
596,0.11018088,0.16115747,0.20537865,-0.08357094,0.07595296
597,0.09843917,0.16864495,0.21062712,-0.05610124,0.077541694
598,0.02844957,0.1342989,0.23663418,-0.015026451,0.06387505
599,0.117475465,0.15526168,0.20872793,-0.10463256,0.072872825
600,0.12148936,0.16324733,0.18912727,-0.10765898,0.07763913
601,0.12751152,0.15813427,0.19669046,-0.12913191,0.07315127
602,0.11448542,0.16997851,0.18618381,-0.08138587,0.08123598
603,0.105051704,0.17512688,0.19567446,-0.055373833,0.08135968
604,0.113965094,0.17745122,0.17495672,-0.065493986,0.08473083
605,0.13701768,0.14761889,0.2258417,-0.15602781,0.061656784
606,0.14180772,0.15454762,0.2037491,-0.1700694,0.06297047
607,0.13231313,0.15306528,0.20885918,-0.14487986,0.0678272
608,0.107089944,0.15311575,0.21748728,-0.083875656,0.072040655
609,0.09827764,0.15196575,0.22285631,-0.07008922,0.07118125
610,0.090124175,0.1559875,0.22564676,-0.056625538,0.071890056
611,0.09097055,0.14558408,0.22907579,-0.06267652,0.06863716
612,0.12378541,0.14992373,0.21671528,-0.1215704,0.068742044
613,0.12961327,0.14607447,0.22521734,-0.1359156,0.064486444
614,0.113483466,0.14670041,0.2221316,-0.09873342,0.068744324
615,0.029010078,0.11649119,0.2196621,-0.015741855,0.061532296
616,0.042901125,0.12550078,0.22844827,-0.024040215,0.06283703
617,0.08061181,0.13842744,0.23217988,-0.052757017,0.066234015
618,0.07899679,0.14992112,0.23293003,-0.047734898,0.06909364
619,0.06774604,0.142543,0.23560797,-0.039963264,0.06663285
620,0.09050544,0.16526766,0.22148408,-0.04955148,0.07486082
621,0.079602264,0.16069975,0.23170902,-0.04226349,0.07185853
622,0.09278507,0.17615189,0.21387582,-0.039186656,0.0784751
623,0.09972278,0.1841345,0.19826205,-0.033194374,0.08260799
624,0.04198045,0.14318201,0.24157661,-0.021776617,0.065479025
625,0.056014486,0.13427413,0.23407112,-0.03234884,0.064525716
626,0.028228065,0.15177737,0.24923523,-0.012887796,0.06616965
627,0.12370019,0.1699542,0.16991448,-0.10324438,0.08210947
628,0.1366559,0.15996143,0.18424702,-0.15481672,0.07105084
629,0.13138792,0.1665029,0.1665922,-0.13198462,0.0787527
630,0.121420205,0.17581417,0.16056374,-0.084926404,0.085780025
631,0.110072054,0.18341376,0.17730114,-0.045320716,0.08600962
632,0.10679958,0.19036672,0.17974658,-0.02515585,0.08661156
633,0.11931042,0.18231723,0.15368386,-0.06252909,0.08884362
634,0.14603476,0.16147265,0.16557628,-0.17013189,0.065635964
635,0.1500078,0.15674868,0.18837173,-0.17477733,0.054987077
636,0.14545234,0.14930826,0.22559075,-0.17503563,0.055635337
637,0.14143704,0.14302431,0.24217838,-0.1613096,0.055964116
638,0.1330357,0.13955875,0.24035825,-0.13971204,0.0598603
639,0.029694343,0.0982586,0.19791053,-0.015028183,0.05941908
640,0.103084266,0.14276849,0.22747691,-0.0803514,0.067759074
641,0.085286945,0.12841734,0.22989134,-0.058123156,0.063745916
642,0.093145736,0.13537268,0.23071142,-0.06731319,0.06556406
643,0.12231562,0.14030622,0.23181728,-0.11635415,0.06420129
644,0.112276554,0.13853717,0.23054273,-0.09598027,0.06530747
645,0.044096693,0.10771199,0.2109182,-0.023995467,0.060390998
646,0.072236866,0.1265337,0.22892259,-0.045663226,0.06338545
647,0.05818942,0.11696871,0.22145304,-0.034141317,0.061629213
648,0.054641888,0.15143548,0.24264929,-0.027610712,0.06748132
649,0.06713361,0.15630917,0.23882334,-0.034353785,0.06946285
650,0.08024141,0.1706123,0.22979349,-0.034740906,0.074361324
651,0.070612125,0.16610081,0.23778675,-0.031164248,0.07181936
652,0.088217184,0.18632945,0.21655326,-0.021427978,0.079210185
653,0.07982001,0.18029475,0.22864757,-0.024289202,0.076045014
654,0.10318235,0.19908358,0.18623881,-0.002917525,0.08591035
655,0.09513648,0.19352897,0.2036795,-0.012612556,0.08240783
656,0.08573218,0.19303268,0.21898405,-0.010616505,0.079284064
657,0.042293873,0.15999113,0.25009578,-0.017839307,0.06789172
658,0.028329019,0.16909418,0.2579001,-0.009296498,0.06809741
659,0.12995543,0.17423394,0.14219289,-0.10989512,0.08573231
660,0.14161785,0.1669982,0.14488319,-0.1548045,0.07441956
661,0.1496273,0.16781823,0.11187002,-0.14036834,0.06920993
662,0.13872103,0.17323601,0.12037093,-0.13392094,0.08351128
663,0.12802173,0.180509,0.12952903,-0.08598794,0.0903599
664,0.11351939,0.19576919,0.15868957,-0.014003729,0.09059122
665,0.116995536,0.18889281,0.1525416,-0.038547367,0.09063371
666,0.12652664,0.18691379,0.12048403,-0.05884998,0.09389002
667,0.15534528,0.15167859,0.21320483,-0.17519428,0.045183837
668,0.15707281,0.15902573,0.14542797,-0.14216891,0.049130887
669,0.1494607,0.14276905,0.253577,-0.17429394,0.04826593
670,0.15863079,0.14524448,0.24733965,-0.17421131,0.03855808
671,0.14221877,0.13586661,0.25826037,-0.15340908,0.052791595
672,0.12589134,0.1334706,0.24171597,-0.11904939,0.060281683
673,0.13279045,0.13053837,0.25189164,-0.12874001,0.056423128
674,0.029649535,0.039635252,0.09695904,-0.004999944,0.056076046
675,0.03127077,0.05951125,0.1366941,-0.009540337,0.05660294
676,0.030204078,0.07935217,0.170567,-0.012880354,0.057739824
677,0.045218486,0.08945994,0.18839262,-0.021609943,0.0583448
678,0.09436656,0.12437668,0.2303002,-0.06744004,0.0623105
679,0.08441482,0.11775529,0.2256565,-0.055865277,0.061359685
680,0.10518957,0.130423,0.23278987,-0.08273581,0.06327664
681,0.117104806,0.1313415,0.23756514,-0.10183315,0.061861407
682,0.059589993,0.09961076,0.20440769,-0.0321029,0.05914164
683,0.074488975,0.108292505,0.21694595,-0.044909216,0.0600035
684,0.1575154,0.1388002,0.27449882,-0.17251769,0.039081227
685,0.043749925,0.03154359,0.08209348,-0.005394847,0.05577758
686,0.10998766,0.20499657,0.1696345,0.012991598,0.08878076
687,0.10102906,0.20563577,0.19166635,0.011775669,0.08481009
688,0.09493879,0.20201899,0.20349163,0.00343851,0.082757935
689,0.057723608,0.16738544,0.24599567,-0.022427512,0.07034903
690,0.06828495,0.17544109,0.23996411,-0.022758538,0.073031165
691,0.07854251,0.18884018,0.22891265,-0.013896874,0.07698877
692,0.0706956,0.18434156,0.23749389,-0.016009454,0.07463736
693,0.08736248,0.19973682,0.21658264,-0.000614536,0.08002959
694,0.078379564,0.19692422,0.22886151,-0.004241824,0.07742895
695,0.042860206,0.17707233,0.25547412,-0.011507971,0.06984948
696,0.028364016,0.18658495,0.26323903,-0.004326338,0.0693338
697,0.118217155,0.20136529,0.14271069,0.003489137,0.09300003
698,0.13653061,0.17951041,0.10164073,-0.107760556,0.08980291
699,0.14416711,0.1785764,0.072280526,-0.10871579,0.08782287
700,0.13453746,0.1856036,0.08840804,-0.07832196,0.095775194
701,0.12392784,0.194891,0.122002415,-0.023594275,0.09553313
702,0.13201094,0.19076227,0.089993976,-0.04904557,0.097776994
703,0.112314075,0.21210922,0.16749534,0.03449783,0.08833846
704,0.11846062,0.20790358,0.14464961,0.026763815,0.09228128
705,0.16408353,0.1435107,0.25353956,-0.16148923,0.02985474
706,0.16451588,0.15130116,0.18715397,-0.13546512,0.031140499
707,0.14926608,0.13340515,0.2739987,-0.15969957,0.046635527
708,0.14160664,0.12751527,0.26730955,-0.13913596,0.051042043
709,0.124293946,0.12565733,0.24570337,-0.10930031,0.05808311
710,0.13284664,0.12197085,0.25709897,-0.117626704,0.05409672
711,0.04796731,0.04825861,0.11966511,-0.011259331,0.055918537
712,0.04906001,0.06960772,0.15910742,-0.018290555,0.056755673
713,0.061246153,0.08340211,0.18420556,-0.028372101,0.057375584
714,0.10283787,0.12003184,0.2327771,-0.075714506,0.060593236
715,0.09532439,0.114259906,0.22783694,-0.06514863,0.059977088
716,0.08763512,0.108569086,0.2214856,-0.055683166,0.059497144
717,0.113448,0.12059412,0.238458,-0.08974781,0.0591879
718,0.07445331,0.09202703,0.20036782,-0.039470144,0.057775527
719,0.08559034,0.0980776,0.2113826,-0.049488958,0.057942346
720,0.1629997,0.13543113,0.29096916,-0.16419356,0.032271206
721,0.16988556,0.14069349,0.26297262,-0.14138626,0.021280302
722,0.1559896,0.13054578,0.29040822,-0.15943697,0.04030609
723,0.058415066,0.034216974,0.093102306,-0.008293266,0.05537361
724,0.060076807,0.046538737,0.120626286,-0.013678829,0.055521406
725,0.10323229,0.21308617,0.19094355,0.029383384,0.08444553
726,0.09539604,0.20907025,0.20433895,0.016421054,0.08241392
727,0.08798104,0.20803809,0.21655402,0.012558541,0.0799756
728,0.05847323,0.18480921,0.24783428,-0.011739319,0.0725
729,0.06830795,0.19264655,0.24004935,-0.007395874,0.07491715
730,0.07873715,0.20580877,0.2290979,0.007003121,0.07743405
731,0.07159512,0.2014803,0.23683743,0.001330539,0.075724274
732,0.042953257,0.19441095,0.25850573,-0.003030726,0.07085283
733,0.028287664,0.20401253,0.26534596,0.001300321,0.0696053
734,0.11092889,0.21941246,0.17965412,0.051488906,0.085589014
735,0.1189675,0.21510373,0.15161471,0.051834095,0.09011091
736,0.12586369,0.20274656,0.1119599,0.011363313,0.09710435
737,0.14017332,0.19079182,0.046395462,-0.054502726,0.1006082
738,0.1342572,0.19739671,0.06978258,-0.016297156,0.10088482
739,0.12658004,0.20927213,0.11452135,0.04091799,0.09575782
740,0.17599717,0.14532991,0.19458367,-0.09532627,0.014431573
741,0.17599243,0.13769197,0.27195567,-0.123702005,0.016348744
742,0.16885324,0.13223393,0.30437908,-0.15017098,0.025896374
743,0.14888084,0.12491891,0.28236505,-0.14339541,0.045923963
744,0.14137852,0.11895472,0.27068263,-0.124606915,0.049722362
745,0.12368243,0.11602858,0.24754047,-0.09897026,0.055913348
746,0.1334493,0.113170594,0.25901994,-0.10654446,0.052309576
747,0.061550856,0.057544462,0.14204262,-0.018436896,0.055744924
748,0.06594389,0.06970335,0.16515867,-0.025268152,0.05624487
749,0.07713817,0.077480234,0.1827156,-0.03427032,0.056266118
750,0.10580978,0.11073172,0.23172691,-0.074105665,0.058213457
751,0.09799241,0.1041565,0.2231001,-0.06282651,0.057849225
752,0.11548854,0.11056188,0.2389165,-0.0843852,0.056518037
753,0.08874883,0.08547203,0.19964334,-0.04499995,0.056240544
754,0.097426705,0.093884945,0.2140021,-0.05574507,0.056440957
755,0.16182272,0.12740542,0.305105,-0.1533662,0.03514863
756,0.15553328,0.12321345,0.29597402,-0.14485581,0.040901624
757,0.07162341,0.044976313,0.12256016,-0.015351695,0.055026412
758,0.07811642,0.029733967,0.09085333,-0.008916856,0.054618638
759,0.101603515,0.22308561,0.20191783,0.046718936,0.08132028
760,0.09215051,0.21724294,0.21344079,0.028718993,0.079948224
761,0.079756744,0.21466845,0.22937065,0.017991787,0.076971434
762,0.05853539,0.20236202,0.24898642,0.001663597,0.073147245
763,0.0687414,0.21057533,0.24082296,0.010138235,0.074816294
764,0.042562842,0.21211046,0.25941217,0.00619887,0.07058789
765,0.028038504,0.22161803,0.2640014,0.006685938,0.068859495
766,0.11934842,0.2221083,0.16334747,0.0728708,0.08685252
767,0.11075683,0.22706836,0.19038378,0.06710647,0.08224354
768,0.12713845,0.21691224,0.12653583,0.07262207,0.09225202
769,0.12861116,0.22479531,0.14457327,0.10249455,0.08692863
770,0.13405742,0.20487668,0.07159123,0.024711892,0.10063631
771,0.14075309,0.20134982,0.033380426,0.007005077,0.10376491
772,0.13461119,0.21114755,0.08015622,0.059524067,0.09775061
773,0.18779175,0.14157698,0.18609893,-0.05545152,0.003291483
774,0.18234062,0.1350948,0.27662036,-0.10110821,0.01040889
775,0.16770369,0.12473831,0.31710494,-0.14356247,0.030158408
776,0.17572708,0.12762564,0.32121202,-0.13253272,0.021302113
777,0.1503243,0.11521703,0.287085,-0.12627883,0.044712994
778,0.14116342,0.11093564,0.2698148,-0.11105167,0.048986852
779,0.12443459,0.10503772,0.24535136,-0.087600775,0.053772066
780,0.13584138,0.10310732,0.25847003,-0.09515437,0.05031861
781,0.078625135,0.059726328,0.15459941,-0.025285589,0.0551304
782,0.0921991,0.072637506,0.18417346,-0.038829446,0.054945298
783,0.11112322,0.09801597,0.22793908,-0.06961501,0.05529593
784,0.10346978,0.08370072,0.20738022,-0.052735627,0.054791432
785,0.16103297,0.11824026,0.30863488,-0.13609117,0.037501432
786,0.15643735,0.109727025,0.29658392,-0.11814615,0.041753322
787,0.08867907,0.04389222,0.12978713,-0.0185702,0.0541134
788,0.09739843,0.028984858,0.099493355,-0.010630716,0.0535204
789,0.10173825,0.23258343,0.2108043,0.06093849,0.07792708
790,0.071061105,0.2206876,0.23962368,0.020428037,0.0741554
791,0.0908143,0.22912025,0.22164683,0.04361699,0.07672827
792,0.08065217,0.22549456,0.23118892,0.031310454,0.075311325
793,0.057692956,0.22069879,0.25033158,0.015072221,0.07192369
794,0.041700065,0.22997567,0.2576726,0.01404328,0.06908547
795,0.027769083,0.2393275,0.25919423,0.011060761,0.067207105
796,0.119688325,0.22935708,0.17739345,0.09043503,0.082673125
797,0.12666562,0.23228137,0.17225191,0.11411712,0.080933355
798,0.11123369,0.23586321,0.20288377,0.081751116,0.0778949
799,0.13348398,0.23052411,0.15241362,0.13016021,0.08187336
800,0.13579193,0.21810657,0.0950323,0.093368076,0.09337103
801,0.13816625,0.22427194,0.11172776,0.1221262,0.0864488
802,0.14164299,0.21300815,0.04989015,0.06885847,0.09721053
803,0.1899688,0.13472208,0.25888184,-0.0710685,0.00613908
804,0.18464296,0.12691413,0.319735,-0.10522854,0.014749055
805,0.17111783,0.118197076,0.32732916,-0.1298973,0.029983561
806,0.17943889,0.118509255,0.3376196,-0.11850355,0.023994636
807,0.1469623,0.10422296,0.2760731,-0.10441402,0.046444733
808,0.1266478,0.09335622,0.23911522,-0.076507375,0.052066207
809,0.13987903,0.093179144,0.25551647,-0.0841416,0.048835386
810,0.098872036,0.057383686,0.16358106,-0.0307088,0.053768456
811,0.10907231,0.069800824,0.19270794,-0.04435273,0.053265657
812,0.11790492,0.082450144,0.21832892,-0.05982227,0.05276204
813,0.16439234,0.10923932,0.31181878,-0.11773678,0.03728896
814,0.15831457,0.10102935,0.29272264,-0.10277961,0.0417872
815,0.1072363,0.042738486,0.14023563,-0.02161199,0.052810065
816,0.115912534,0.028286485,0.10968102,-0.011978226,0.052083287
817,0.09441175,0.23812564,0.22335893,0.057115562,0.074540034
818,0.102094375,0.2420431,0.21972844,0.0716672,0.07392482
819,0.06846225,0.23200089,0.24295597,0.028206162,0.07197271
820,0.08224217,0.23924352,0.23428214,0.044640776,0.072469264
821,0.05488034,0.23853156,0.250458,0.023895187,0.06918013
822,0.041400466,0.24762057,0.25271827,0.01965238,0.06679357
823,0.02788145,0.2568918,0.2507263,0.014107008,0.06497475
824,0.13010463,0.23745823,0.18318161,0.1320958,0.075995475
825,0.13666351,0.23494263,0.16429666,0.14709799,0.075782426
826,0.12144002,0.23927212,0.19740897,0.10903639,0.076230586
827,0.11170918,0.24488196,0.2156955,0.091360025,0.073290765
828,0.14113575,0.22960909,0.12737401,0.14364658,0.079921834
829,0.14379452,0.23498486,0.1519619,0.16097295,0.07061148
830,0.14540066,0.22406988,0.08045221,0.11650016,0.08285003
831,0.2001391,0.14084242,0.15049167,-0.017024169,-0.00143272
832,0.18766329,0.11858343,0.3412209,-0.099846035,0.018455157
833,0.19677664,0.13446765,0.23968983,-0.044835184,0.002655616
834,0.19271936,0.12694964,0.30913365,-0.07857408,0.009865991
835,0.17450087,0.10964408,0.3300094,-0.11288257,0.031395156
836,0.18298136,0.1100912,0.34244624,-0.10367753,0.026434261
837,0.15162976,0.09220535,0.27197665,-0.0868763,0.045207974
838,0.13344795,0.081767835,0.23399575,-0.06667768,0.050107867
839,0.14474498,0.084415205,0.25185177,-0.07390242,0.047499605
840,0.117169,0.056000594,0.17606947,-0.03484793,0.051996704
841,0.12726368,0.06870148,0.20816308,-0.049972367,0.050901704
842,0.16840494,0.10029787,0.30978036,-0.10039519,0.03743563
843,0.16206075,0.090483606,0.28589526,-0.08514329,0.04186036
844,0.12538673,0.041883085,0.15322803,-0.023800561,0.05104651
845,0.13397947,0.02781826,0.12161917,-0.012648176,0.05022891
846,0.09224227,0.24766184,0.23073381,0.061559517,0.071092464
847,0.103121154,0.25088945,0.22746108,0.07892853,0.07048575
848,0.06826964,0.24777867,0.24320337,0.037268076,0.068776414
849,0.08084277,0.2545228,0.23829731,0.051581547,0.06812171
850,0.05500522,0.25602978,0.24601655,0.030230336,0.06617828
851,0.041967545,0.2651014,0.24404131,0.02329213,0.06412487
852,0.028238809,0.2747095,0.2380443,0.015681114,0.062473908
853,0.11162507,0.2531071,0.2268125,0.09450255,0.06920618
854,0.12851484,0.24391252,0.20348154,0.13213679,0.07170112
855,0.13765702,0.24182095,0.19244087,0.15795867,0.068974786
856,0.121291794,0.25020924,0.22062625,0.115129024,0.06941275
857,0.14697212,0.24076608,0.1791121,0.17322509,0.06261654
858,0.15094922,0.23427376,0.12296961,0.14367592,0.063919105
859,0.190896,0.11038473,0.349304,-0.09030636,0.022231136
860,0.20378833,0.1349307,0.21499309,-0.023562357,0.001295801
861,0.19630893,0.11892897,0.33722413,-0.07684171,0.014121357
862,0.19995846,0.12688227,0.29511923,-0.054155353,0.007012534
863,0.21216664,0.14272045,0.10427764,0.005933993,-0.001787545
864,0.2104883,0.13583446,0.18767157,-0.005756393,0.000597684
865,0.17828809,0.10086898,0.3267674,-0.09574829,0.03276911
866,0.18720512,0.102493644,0.3409854,-0.08892608,0.028206589
867,0.19461505,0.104489714,0.3493808,-0.07991303,0.02403472
868,0.1549745,0.080200985,0.25971273,-0.069647186,0.045084674
869,0.14412118,0.07089811,0.23074698,-0.05668617,0.0479714
870,0.13512675,0.055578258,0.19253427,-0.038252875,0.04975327
871,0.17301068,0.090376884,0.30283922,-0.08261628,0.037944794
872,0.16614933,0.08009222,0.27504155,-0.06936383,0.0419731
873,0.19420856,0.09696338,0.3413952,-0.07449687,0.028128209
874,0.1435233,0.0411897,0.16825143,-0.024598466,0.0487901
875,0.15163559,0.02768075,0.13495442,-0.012774625,0.04798138
876,0.106334925,0.25957626,0.23385605,0.08601155,0.0667584
877,0.09466654,0.25974175,0.23560879,0.06922564,0.06709941
878,0.068970084,0.26412863,0.2404764,0.042775184,0.06521843
879,0.081301905,0.26748234,0.2383291,0.05482625,0.064674355
880,0.056261882,0.27318093,0.23798996,0.033706576,0.06309061
881,0.028737256,0.29286307,0.2207669,0.01578629,0.060027182
882,0.042600643,0.28306836,0.23086378,0.02447201,0.061349735
883,0.11627706,0.25968927,0.2347429,0.1039711,0.06553651
884,0.13208075,0.25080207,0.22279924,0.1426059,0.06569793
885,0.14211188,0.25027838,0.22568178,0.16967478,0.059502818
886,0.1515291,0.24619205,0.20657411,0.17834684,0.051581968
887,0.12556396,0.25875133,0.23619582,0.12365433,0.063635595
888,0.1585761,0.24331272,0.1635063,0.14592499,0.042805213
889,0.22131577,0.14607437,0.06627036,0.013216297,0.000137176
890,0.20127402,0.102099866,0.35130945,-0.06747554,0.022929352
891,0.19949163,0.11050869,0.35053527,-0.07173496,0.018298125
892,0.20781457,0.12774403,0.2722433,-0.031001037,0.00509459
893,0.20393412,0.11850303,0.33074063,-0.05678586,0.01187017
894,0.21848686,0.13930836,0.1376949,0.010348529,0.001151454
895,0.2158113,0.1288456,0.24598756,-0.010741168,0.004788866
896,0.22605349,0.14031011,0.12226507,0.01606686,0.002745899
897,0.18465686,0.09105782,0.3208672,-0.0768607,0.0336638
898,0.16022298,0.068176985,0.24538259,-0.0542091,0.044699315
899,0.15307125,0.05497888,0.21063635,-0.03903735,0.046894263
900,0.17850408,0.079460785,0.2909745,-0.06479171,0.03855736
901,0.17179683,0.07110733,0.26564527,-0.056141697,0.041672926
902,0.20090945,0.09450797,0.3434726,-0.06344506,0.026935397
903,0.19559985,0.087919876,0.32803828,-0.063544825,0.03113733
904,0.20851162,0.097484455,0.3509738,-0.054174382,0.023471255
905,0.16120492,0.041589763,0.18644047,-0.024741007,0.046125863
906,0.16923715,0.027583754,0.14833717,-0.011861262,0.045358747
907,0.101961195,0.26721108,0.23826748,0.07952538,0.0642888
908,0.110709645,0.2682843,0.24054477,0.0921236,0.06289053
909,0.09389844,0.27194405,0.2385401,0.06875906,0.06342071
910,0.029601997,0.31112304,0.19893079,0.014732984,0.05793113
911,0.08599215,0.27841675,0.23635566,0.05897452,0.061980177
912,0.07196494,0.2800947,0.23428148,0.046087183,0.061887417
913,0.057156637,0.2906691,0.22521827,0.03360193,0.060141735
914,0.043241717,0.3018861,0.21214625,0.023302848,0.058775134
915,0.120119,0.26828432,0.24481848,0.10783805,0.06115382
916,0.14905562,0.25488177,0.24704842,0.17677799,0.05010609
917,0.15662794,0.25041655,0.22648135,0.17667456,0.043155614
918,0.1350554,0.25842354,0.24210072,0.14577892,0.059842546
919,0.14243323,0.25906217,0.2515105,0.16136801,0.054552957
920,0.12930334,0.26771256,0.2512066,0.12497516,0.05847245
921,0.2322086,0.14326155,0.09537164,0.018719885,0.004178925
922,0.23211397,0.15030247,0.043087125,0.013034837,0.003658532
923,0.20992175,0.10864583,0.35024247,-0.051701006,0.017086206
924,0.21299437,0.119992,0.3121169,-0.033701833,0.009885081
925,0.21988444,0.12275096,0.28372285,-0.01422422,0.008511876
926,0.2246589,0.13008152,0.22018678,0.004975183,0.00551406
927,0.23263152,0.134276,0.17433709,0.016812729,0.006235758
928,0.18926333,0.07835891,0.30232802,-0.057666168,0.035897184
929,0.17094141,0.05703656,0.23515125,-0.039668385,0.043449916
930,0.18223834,0.06658719,0.2690259,-0.047254752,0.03990722
931,0.20549324,0.08810544,0.33729598,-0.0530713,0.028332677
932,0.19921197,0.07847993,0.31340557,-0.050760236,0.033190757
933,0.21722026,0.10264658,0.3527656,-0.04100038,0.019518645
934,0.21592113,0.090031266,0.34621283,-0.0419453,0.025571149
935,0.17849974,0.041393064,0.20240133,-0.022334794,0.04320269
936,0.18668811,0.02760693,0.16093633,-0.010098387,0.0424902
937,0.030421242,0.32883558,0.17362636,0.012517441,0.05636554
938,0.103853464,0.27648458,0.24107553,0.07987997,0.061290585
939,0.11462044,0.27808708,0.24642022,0.093257196,0.05914548
940,0.09490631,0.28400975,0.23687863,0.06698171,0.060123548
941,0.045520324,0.3204175,0.18890029,0.021198966,0.05677012
942,0.042482976,0.3346785,0.16657043,0.016657487,0.05573622
943,0.05279073,0.33255503,0.17267711,0.021348499,0.055613313
944,0.083543785,0.29073036,0.23015133,0.05406437,0.059475787
945,0.070594296,0.29770234,0.22159125,0.04199928,0.058790997
946,0.058276333,0.30808216,0.20779598,0.031163111,0.05772487
947,0.12480793,0.27621207,0.2535231,0.10939461,0.057249162
948,0.14706884,0.26359648,0.26811934,0.16299127,0.049018215
949,0.16775754,0.25023034,0.18798032,0.12297829,0.024457224
950,0.16160962,0.25404808,0.24455366,0.16631071,0.03294171
951,0.15451247,0.25860077,0.26549932,0.17690839,0.04225328
952,0.13886702,0.26752472,0.26220345,0.14304917,0.053789735
953,0.13262749,0.2747195,0.26102126,0.123107746,0.054826874
954,0.14573827,0.27071995,0.27661616,0.14894466,0.048373163
955,0.23761216,0.14654757,0.07298064,0.017830566,0.005735275
956,0.23875162,0.13819458,0.13843958,0.020942958,0.007105794
957,0.22060065,0.11347463,0.3291771,-0.026171809,0.012859895
958,0.22628613,0.12084089,0.2854216,-0.007039466,0.009314043
959,0.2334586,0.12423867,0.25390142,0.006335807,0.009236037
960,0.22577505,0.105737865,0.34305418,-0.02487423,0.016705185
961,0.23958243,0.12910709,0.21124035,0.017029496,0.008973198
962,0.24524726,0.133349,0.17563216,0.021896377,0.009334859
963,0.19466555,0.06772152,0.28516087,-0.042793896,0.036831543
964,0.18752852,0.054018773,0.24508801,-0.032220203,0.040350985
965,0.21020095,0.0791705,0.3241816,-0.04181815,0.03045512
966,0.20486349,0.071739644,0.30391225,-0.040236816,0.033693366
967,0.22520664,0.09648254,0.35082033,-0.030335803,0.021170389
968,0.22497453,0.08730829,0.34463876,-0.030103965,0.025041819
969,0.21984072,0.079021044,0.32969138,-0.032596793,0.028668698
970,0.1958269,0.041597348,0.21775216,-0.018545661,0.040054746
971,0.20402984,0.027667899,0.1715778,-0.007470215,0.039525773
972,0.033722743,0.347175,0.14317775,0.010600816,0.05525312
973,0.031608634,0.36441803,0.10945364,0.006370633,0.05473718
974,0.049423113,0.34394342,0.15317407,0.01637656,0.05509704
975,0.10702477,0.28937122,0.24097891,0.07727311,0.05767411
976,0.12016481,0.28747562,0.2512928,0.09299993,0.05570507
977,0.09545991,0.29650384,0.23137936,0.06204175,0.057565324
978,0.061203167,0.32404128,0.1881127,0.028096562,0.056041453
979,0.06189518,0.3380221,0.16742028,0.022898931,0.054967556
980,0.08463341,0.30588248,0.21913114,0.049233075,0.056961324
981,0.073145546,0.31487668,0.20472173,0.037872937,0.056440208
982,0.13055854,0.2838841,0.26199862,0.10880816,0.053446908
983,0.15246592,0.26773226,0.28505147,0.1618953,0.043199647
984,0.1667629,0.25820634,0.2634765,0.15564024,0.026574222
985,0.15970516,0.26312438,0.28573316,0.1695909,0.035341572
986,0.17850529,0.25560153,0.19571228,0.08714203,0.009602752
987,0.17312698,0.26130542,0.27390045,0.13497993,0.01842779
988,0.13984258,0.2784389,0.27358025,0.12828803,0.050516784
989,0.14986318,0.2764823,0.28962094,0.14308555,0.044922303
990,0.24120447,0.15704073,0.020446531,0.006913784,0.006849754
991,0.24268575,0.15021086,0.05414396,0.014886027,0.00712143
992,0.2442129,0.1417124,0.11195561,0.021217078,0.008146551
993,0.23204966,0.113711186,0.315455,-0.007839965,0.013199933
994,0.23969369,0.11946078,0.2775035,0.008244917,0.011803439
995,0.23386805,0.10241759,0.3434978,-0.015172119,0.017788153
996,0.24613695,0.12487304,0.23648848,0.017898168,0.011031519
997,0.25159118,0.12918834,0.20402133,0.022845829,0.011169732
998,0.2509098,0.1367083,0.15026528,0.02350333,0.010093941
999,0.20487931,0.057571154,0.27028394,-0.02809947,0.036502834
1000,0.21485525,0.06826079,0.30394763,-0.03028999,0.032628465
1001,0.2349326,0.090551026,0.34832364,-0.018384406,0.022649676
1002,0.23051314,0.078694806,0.33347327,-0.022310441,0.027124675
1003,0.22449723,0.07024799,0.31403717,-0.024132127,0.030349338
1004,0.21331623,0.042318616,0.23239698,-0.0134586,0.036942124
1005,0.22139873,0.028035318,0.18085334,-0.004359621,0.036612876
1006,0.039415594,0.37905037,0.07941976,0.004478151,0.05446838
1007,0.04970032,0.3608549,0.12139865,0.011276865,0.054415468
1008,0.060164597,0.34996393,0.14588398,0.017902026,0.054439332
1009,0.17942138,0.26329294,0.27394417,0.1130957,0.013347534
1010,0.12812671,0.2962915,0.2570906,0.09204437,0.052143447
1011,0.104499474,0.30175793,0.23350973,0.066741474,0.055749062
1012,0.11585049,0.30100778,0.2427218,0.076876886,0.054129086
1013,0.070175074,0.34632233,0.15679763,0.022774944,0.054240104
1014,0.096052326,0.3092352,0.22200479,0.055589385,0.055584673
1015,0.07682589,0.33339056,0.18127236,0.031538516,0.05466404
1016,0.087340206,0.32016113,0.20489956,0.04382677,0.055101126
1017,0.13778171,0.29016697,0.2710988,0.10847032,0.049790468
1018,0.15775658,0.2726585,0.3018051,0.15499717,0.0383886
1019,0.16626762,0.26853907,0.3086798,0.15760362,0.029247023
1020,0.17396738,0.27005553,0.3159534,0.13899125,0.021558987
1021,0.14657168,0.28567997,0.28559104,0.12351383,0.046147417
1022,0.15499273,0.28204387,0.3013705,0.13583875,0.04124545
1023,0.24917616,0.16576886,0.006044137,-0.000900985,0.009656066
1024,0.24805802,0.15373999,0.041553162,0.011466859,0.008647732
1025,0.25001517,0.14520667,0.09139155,0.019581161,0.009358868
1026,0.25295138,0.15871972,0.027032804,0.006317711,0.009834332
1027,0.2471424,0.117771365,0.27895108,0.012305622,0.01295385
1028,0.24292167,0.10932325,0.3201524,0.000727998,0.015476968
1029,0.24232276,0.09869963,0.3428174,-0.00725338,0.019167542
1030,0.25332275,0.12069098,0.25800642,0.01911934,0.013076391
1031,0.2558726,0.13304053,0.17643699,0.024879556,0.011455576
1032,0.2580413,0.12649056,0.21974096,0.02453253,0.012654019
1033,0.25707623,0.13962068,0.1320497,0.023713859,0.011069549
1034,0.22308053,0.057393465,0.28267747,-0.018176788,0.033306126
1035,0.24728891,0.09005958,0.3453388,-0.005935869,0.02215835
1036,0.24131122,0.078516684,0.33483106,-0.012416631,0.025984226
1037,0.23425306,0.06663755,0.31035638,-0.015342892,0.02977369
1038,0.23058952,0.0419825,0.23991895,-0.007060852,0.034188427
1039,0.23885526,0.027930396,0.1847091,-0.001044462,0.033935733
1040,0.059431124,0.37807015,0.08751746,0.007003182,0.053965602
1041,0.06989443,0.36110467,0.12873077,0.015730405,0.053812984
1042,0.19076115,0.25950578,0.19026823,0.048874132,0.000729629
1043,0.18545155,0.2653807,0.27470285,0.09173191,0.008461404
1044,0.18035989,0.27192843,0.32117832,0.12160696,0.016499594
1045,0.13736272,0.29915312,0.26707628,0.09598726,0.049197625
1046,0.124731995,0.30626002,0.24738988,0.078852944,0.051850952
1047,0.13298374,0.3062295,0.25664395,0.08406314,0.04984507
1048,0.108109884,0.31267157,0.22687082,0.06151514,0.053920913
1049,0.118562534,0.31328025,0.23521248,0.06782134,0.052306753
1050,0.08209528,0.3491304,0.1579019,0.025090082,0.05355528
1051,0.100411765,0.32368794,0.20865563,0.048821602,0.05370647
1052,0.09149088,0.33534354,0.18651348,0.036890622,0.05365428
1053,0.14438397,0.2967144,0.27842757,0.10397925,0.046820547
1054,0.16291265,0.27819285,0.3159807,0.1442558,0.03492151
1055,0.16964166,0.2762306,0.32526064,0.14283967,0.028771788
1056,0.17546363,0.27853653,0.33498308,0.13147216,0.024546316
1057,0.15296222,0.29256612,0.2947312,0.11528041,0.04305993
1058,0.16107608,0.28902882,0.31161213,0.12390415,0.03835742
1059,0.20119473,0.2592068,0.14594303,0.014769129,-0.002732645
1060,0.25624308,0.16471983,0.013695305,0.000888722,0.010821917
1061,0.25488237,0.1759507,-0.000821406,-0.005765019,0.011783851
1062,0.25851458,0.1872985,-0.003063999,-0.005359666,0.013343326
1063,0.25940976,0.17000113,0.00669518,-0.002486705,0.011763478
1064,0.25716147,0.14927904,0.07315566,0.016945845,0.010716705
1065,0.2611544,0.15677379,0.043057486,0.010104209,0.011464457
1066,0.25282884,0.11204411,0.30175197,0.01275814,0.015355706
1067,0.25260255,0.1011467,0.33376712,0.004234164,0.018478628
1068,0.2584192,0.091156974,0.34110117,0.004787491,0.021451509
1069,0.2601739,0.117802344,0.26987085,0.021803306,0.014609989
1070,0.26173723,0.13320607,0.17565757,0.026597144,0.012409506
1071,0.26554736,0.1250202,0.22701903,0.027429318,0.013991191
1072,0.2642222,0.14180262,0.12218924,0.023983963,0.012256958
1073,0.23904204,0.055100214,0.28343683,-0.008321924,0.03126478
1074,0.25414523,0.080286406,0.33690178,-0.001960427,0.02456976
1075,0.24847755,0.06729646,0.31520718,-0.005577607,0.02795554
1076,0.26443693,0.083850116,0.3375912,0.006893146,0.023178777
1077,0.24774256,0.04168509,0.24364063,-0.001143701,0.03179962
1078,0.25631505,0.027987197,0.18607207,0.001927906,0.03158719
1079,0.078837775,0.3787399,0.093909495,0.008877137,0.053243358
1080,0.08885684,0.364651,0.13138936,0.017895533,0.052834652
1081,0.1973306,0.26567954,0.24135743,0.046718564,0.002422291
1082,0.19063357,0.2679314,0.2802107,0.07697245,0.006617505
1083,0.18666725,0.27343816,0.32221848,0.101658225,0.012431311
1084,0.18192157,0.2805683,0.34229177,0.116693206,0.02087787
1085,0.14163996,0.305426,0.26828197,0.09003313,0.047606543
1086,0.12831238,0.31500515,0.24316221,0.07165598,0.05052892
1087,0.13772869,0.31524122,0.2535307,0.07582801,0.048457578
1088,0.11388608,0.3258228,0.21635443,0.054161854,0.05209208
1089,0.12345577,0.3231375,0.22859423,0.060978115,0.05088589
1090,0.09884055,0.35063583,0.16562179,0.029294655,0.05246785
1091,0.10779518,0.33746463,0.19465947,0.04193982,0.05218199
1092,0.15103154,0.30315933,0.28384456,0.09716354,0.044464022
1093,0.16951507,0.28541905,0.3286647,0.12848918,0.03206602
1094,0.17686617,0.28602847,0.33947206,0.11993979,0.027386414
1095,0.15961176,0.2983534,0.30210623,0.10683145,0.040514905
1096,0.16615842,0.29451033,0.31711283,0.11335949,0.036614362
1097,0.2050025,0.26590037,0.2203751,0.023809863,0.001672345
1098,0.20282686,0.2743025,0.2980332,0.051134296,0.006770814
1099,0.2653254,0.1891848,-0.005071679,-0.004219926,0.013785862
1100,0.26448232,0.16322196,0.025154233,0.00459558,0.012154439
1101,0.26230845,0.17586534,0.001288787,-0.004572576,0.012621537
1102,0.2647325,0.18248643,-0.002772632,-0.005075344,0.013311754
1103,0.26768,0.1689692,0.014114688,0.00105757,0.012825829
1104,0.26663926,0.14909792,0.08303754,0.018759115,0.012309716
1105,0.26947573,0.15562744,0.055888724,0.013348126,0.012678389
1106,0.26170355,0.108178206,0.30886284,0.016431002,0.016780408
1107,0.2630026,0.09908033,0.33074582,0.012220453,0.019399844
1108,0.26937866,0.09206105,0.33630866,0.013367393,0.021274753
1109,0.26910225,0.11533585,0.27700278,0.025307706,0.015983485
1110,0.26964125,0.13329433,0.17667879,0.028627312,0.013700233
1111,0.27457818,0.12400842,0.23122595,0.030411614,0.015285685
1112,0.27239853,0.14121991,0.13046427,0.025960626,0.0135976
1113,0.25657243,0.055370376,0.28790492,0.00032638,0.029174235
1114,0.26494214,0.07083721,0.32274452,0.004870265,0.025987986
1115,0.2745279,0.081304505,0.33346903,0.012481224,0.023451252
1116,0.26530418,0.04197907,0.2459756,0.004262773,0.02974545
1117,0.27395344,0.028317023,0.1858109,0.004492824,0.029603902
1118,0.09761092,0.3800714,0.10009275,0.010163668,0.052260652
1119,0.1069308,0.36559358,0.14111044,0.02061283,0.051635135
1120,0.18283808,0.2897234,0.34625968,0.107433416,0.025716547
1121,0.19477017,0.2760555,0.32514232,0.08001472,0.010791553
1122,0.18884806,0.2829343,0.34733564,0.09998227,0.018246584
1123,0.14849502,0.31523508,0.26730496,0.07931181,0.045762833
1124,0.13254033,0.32562682,0.23449898,0.061965883,0.049274083
1125,0.1424007,0.32392475,0.24794343,0.066977136,0.047369197
1126,0.12397754,0.33595246,0.21094191,0.049060658,0.05038423
1127,0.11584184,0.35123053,0.17734645,0.03340712,0.051031545
1128,0.15851817,0.309453,0.28832132,0.08901638,0.042324036
1129,0.157495,0.31893784,0.27422842,0.07564463,0.04351564
1130,0.17448686,0.29540575,0.33084723,0.108182885,0.03254426
1131,0.16727911,0.3039457,0.30875155,0.097124495,0.03809577
1132,0.21311079,0.2582146,0.11192817,-0.005882255,-0.001542966
1133,0.2116625,0.26535237,0.19738789,0.007605173,0.001397016
1134,0.2097238,0.27356252,0.27768174,0.031388953,0.005436942
1135,0.20123191,0.28176212,0.3377847,0.068514295,0.012844657
1136,0.20762505,0.2816789,0.3299964,0.052064564,0.010864963
1137,0.22404115,0.25436166,0.0694039,-0.013564089,0.001050833
1138,0.2661184,0.19518656,-0.006114387,-0.002015749,0.014096209
1139,0.25968787,0.19894437,-0.003405197,-0.000589888,0.014000891
1140,0.2587347,0.2107933,-0.003478627,0.00479479,0.013630535
1141,0.2504648,0.23216535,0.002678531,0.003229872,0.010363347
1142,0.25577575,0.22171587,-0.002421132,0.00670277,0.01237686
1143,0.2734439,0.19089496,-0.007144421,-0.00190107,0.01436122
1144,0.27298862,0.18369742,-0.003027433,-0.002273673,0.014078393
1145,0.27244338,0.16175142,0.036688734,0.008813039,0.013303656
1146,0.27221775,0.17541511,0.005556386,-0.000603574,0.013637132
1147,0.27507457,0.1676458,0.022472613,0.005205313,0.01366238
1148,0.27509958,0.14841881,0.09376991,0.021403564,0.013690431
1149,0.27671963,0.15547164,0.06342,0.01593212,0.013780193
1150,0.27251118,0.10365991,0.31672642,0.021280583,0.018580385
1151,0.28467125,0.08252934,0.3308176,0.018459806,0.02308779
1152,0.27950355,0.09295374,0.3309324,0.020038933,0.021097997
1153,0.27976432,0.11401788,0.2780487,0.0296807,0.017205665
1154,0.27864456,0.13278793,0.18184909,0.030976677,0.014923438
1155,0.28485882,0.12354193,0.23264235,0.033466972,0.01647123
1156,0.28169093,0.14117818,0.13608867,0.02818826,0.014788176
1157,0.27406678,0.05583606,0.28878298,0.00831298,0.027594775
1158,0.27996647,0.0701188,0.31901053,0.012479281,0.025407912
1159,0.29087442,0.07432465,0.32179263,0.01871837,0.024430431
1160,0.28317478,0.042678688,0.24645689,0.00882636,0.028075855
1161,0.29179665,0.028989296,0.18471813,0.006457516,0.028018357
1162,0.115774035,0.3805123,0.1098695,0.01140393,0.05096424
1163,0.12456293,0.36605296,0.15347257,0.022756174,0.050093062
1164,0.1844671,0.29977703,0.3400226,0.09327779,0.029602053
1165,0.19002594,0.29315984,0.3515695,0.09267899,0.023876915
1166,0.19585298,0.2863405,0.3517291,0.08374982,0.017436938
1167,0.15139177,0.32745987,0.25353578,0.06413903,0.045577627
1168,0.14141525,0.33674493,0.22707519,0.05251427,0.047764797
1169,0.13292195,0.3516644,0.19154917,0.03632108,0.04911132
1170,0.16719654,0.3170867,0.29037353,0.07749359,0.040513977
1171,0.16182774,0.32834265,0.2646826,0.06355287,0.043233387
1172,0.17766857,0.3091176,0.3175739,0.08535148,0.03549406
1173,0.18755253,0.3083845,0.33155158,0.07953339,0.03172142
1174,0.17668441,0.32048494,0.297169,0.07040607,0.038291145
1175,0.22428311,0.26206374,0.14343724,-0.012383596,0.00299901
1176,0.21807721,0.26434997,0.17436479,-0.003701116,0.002242345
1177,0.21671274,0.27295852,0.25795075,0.014850258,0.005383879
1178,0.21463013,0.28126442,0.31678757,0.034659076,0.01007444
1179,0.20501883,0.2903168,0.3544295,0.065920815,0.01732182
1180,0.211844,0.28785154,0.3445694,0.049214188,0.014311325
1181,0.23406906,0.24890067,0.037723284,-0.01136564,0.004482576
1182,0.24330139,0.24136543,0.015391907,-0.004110992,0.007777985
1183,0.2299726,0.25907034,0.11215109,-0.01660624,0.004212952
1184,0.23524955,0.25602877,0.087606564,-0.016993172,0.005519799
1185,0.23120274,0.26757926,0.18767264,-0.01158182,0.006244008
1186,0.25055936,0.2433942,0.029334128,-0.006470887,0.009400236
1187,0.2542428,0.23853141,0.017705748,-0.001841335,0.010522763
1188,0.27437788,0.19731106,-0.009019523,-0.000501258,0.014561791
1189,0.26679647,0.20157492,-0.006716998,0.000629587,0.014203791
1190,0.26642287,0.2084209,-0.006254927,0.003448988,0.014059038
1191,0.2648253,0.21469589,-0.004652527,0.00530233,0.013652764
1192,0.2630634,0.22060362,-0.002374956,0.005972933,0.013046129
1193,0.25822595,0.23319751,0.00920409,0.001912878,0.011562219
1194,0.26119336,0.22695534,0.002201404,0.00480359,0.012405407
1195,0.2816727,0.19246086,-0.008432276,7.28514E-05,0.015028116
1196,0.28115436,0.18570605,-0.003834914,0.000259644,0.014777421
1197,0.28105783,0.1784972,0.004600159,0.001981258,0.014573933
1198,0.2816312,0.16111954,0.046030454,0.012814681,0.014356107
1199,0.28138593,0.17098409,0.018560331,0.005772887,0.014509269
1200,0.28484556,0.1507238,0.0903193,0.02237145,0.01485222
1201,0.29009998,0.15714322,0.06784988,0.019030556,0.015380899
1202,0.29593596,0.08408027,0.3270017,0.024385273,0.022996463
1203,0.29080895,0.09412953,0.32463083,0.0261895,0.021293977
1204,0.28512603,0.10403395,0.309446,0.028077245,0.019386739
1205,0.29085955,0.11422981,0.2738553,0.03393602,0.01818952
1206,0.28907654,0.13257697,0.18573838,0.033627316,0.016159808
1207,0.29574075,0.123409726,0.23301937,0.036642738,0.01767289
1208,0.29265702,0.1414763,0.14085986,0.03061437,0.016064925
1209,0.2918196,0.060010433,0.29667392,0.015252976,0.026077589
1210,0.3019217,0.07218838,0.31559014,0.021934457,0.024432184
1211,0.30617157,0.08427228,0.3230167,0.028152768,0.022891162
1212,0.3009245,0.044314314,0.24737176,0.012798304,0.026826836
1213,0.3097867,0.02964684,0.18139888,0.008107084,0.02679043
1214,0.13374265,0.38086608,0.12097387,0.012063413,0.04931595
1215,0.14216629,0.36645082,0.16729666,0.02372822,0.0481584
1216,0.19291355,0.30319718,0.34512556,0.07971406,0.027773472
1217,0.19865306,0.29759258,0.35478064,0.076124206,0.023288803
1218,0.20630816,0.29977623,0.35630995,0.06308166,0.02229954
1219,0.19449298,0.31249,0.33269784,0.06884756,0.031023504
1220,0.15658206,0.34034866,0.23703471,0.049741566,0.04516601
1221,0.1500924,0.3522375,0.20705302,0.037273236,0.04675877
1222,0.1715563,0.3286992,0.27608982,0.061638422,0.040961955
1223,0.16674481,0.33752367,0.25377962,0.052221157,0.04297175
1224,0.18601349,0.31873855,0.31221944,0.06809574,0.03525293
1225,0.18146798,0.32916367,0.28692278,0.057962228,0.03864444
1226,0.22478616,0.2720556,0.23602885,0.000786403,0.006303981
1227,0.2216556,0.28105515,0.30428532,0.021018015,0.009885167
1228,0.21847826,0.28923187,0.3419863,0.03787849,0.014200361
1229,0.21346764,0.29676536,0.35692847,0.051654216,0.019154651
1230,0.24110371,0.25266019,0.06689511,-0.015429278,0.007018392
1231,0.24624228,0.24806161,0.04523383,-0.011145859,0.008321854
1232,0.2547571,0.25071794,0.06703548,-0.013875243,0.01036276
1233,0.2366762,0.26427758,0.15518893,-0.016666766,0.00693101
1234,0.24310024,0.26102766,0.12790641,-0.018895848,0.008183865
1235,0.23244216,0.27506515,0.24736108,-0.003027026,0.008801071
1236,0.23818874,0.27264962,0.22265464,-0.01113323,0.008937368
1237,0.25862327,0.2458021,0.047307212,-0.009547987,0.011149256
1238,0.26332563,0.24007222,0.030741777,-0.00505776,0.012039737
1239,0.2817853,0.19888896,-0.010292476,0.000395818,0.015077504
1240,0.27607962,0.20493363,-0.009534499,0.001287261,0.014643698
1241,0.2736926,0.21275942,-0.006480384,0.002856547,0.01435749
1242,0.27135465,0.21968655,-0.001920272,0.003428998,0.013893267
1243,0.26992387,0.2260413,0.004715398,0.002214711,0.013451711
1244,0.26854426,0.2337035,0.017508734,-0.001437502,0.012902823
1245,0.2903419,0.19534346,-0.009438043,0.001123673,0.015808815
1246,0.28799042,0.18826923,-0.004931185,0.001850607,0.015500624
1247,0.28907812,0.18147287,0.003101292,0.003865396,0.015498206
1248,0.28952217,0.17370765,0.017174702,0.007429419,0.015388502
1249,0.2901222,0.16463763,0.041464746,0.0133011,0.01533804
1250,0.2960126,0.1502668,0.100825235,0.025835365,0.016139125
1251,0.29788834,0.15896839,0.06651757,0.020139866,0.01632596
1252,0.3022638,0.09590588,0.31781265,0.031508304,0.021489147
1253,0.29727694,0.10518847,0.30159852,0.033220973,0.019895803
1254,0.30213603,0.1151729,0.26765847,0.03782339,0.01909509
1255,0.30014947,0.13242696,0.18966731,0.03601076,0.017357843
1256,0.30471718,0.124246135,0.22953512,0.038587123,0.018397123
1257,0.3041669,0.14168514,0.14602023,0.03300883,0.017345605
1258,0.31130287,0.0936349,0.3165827,0.03351013,0.022004372
1259,0.3115805,0.07549876,0.3155358,0.026122125,0.024020242
1260,0.31709826,0.08523629,0.31863892,0.03165198,0.023229321
1261,0.310934,0.06133071,0.2938581,0.020715073,0.025344007
1262,0.31927902,0.045098618,0.24289621,0.015639188,0.025949804
1263,0.32795373,0.030108465,0.17553635,0.00903382,0.025889736
1264,0.15147662,0.38095304,0.13333142,0.012216869,0.047322243
1265,0.15972112,0.36628878,0.18312936,0.023867762,0.045861337
1266,0.20229346,0.30758753,0.3473834,0.06485743,0.026897483
1267,0.2108915,0.30535647,0.35400152,0.054778796,0.023911685
1268,0.20175275,0.31682676,0.33176172,0.057955537,0.030468563
1269,0.19536091,0.3209595,0.31809545,0.059313495,0.03332502
1270,0.16762911,0.35051793,0.22844684,0.038236674,0.043856822
1271,0.17612898,0.33970985,0.2599379,0.047612857,0.041331533
1272,0.19169435,0.3297289,0.29717872,0.052661948,0.036294185
1273,0.18673037,0.33762065,0.27544352,0.046723936,0.038795907
1274,0.22912954,0.28131747,0.2942623,0.009403145,0.010509861
1275,0.22636333,0.28974554,0.3350771,0.024533032,0.014229659
1276,0.22282943,0.29829487,0.35434756,0.03686361,0.018680573
1277,0.21890333,0.3065297,0.35486713,0.04397543,0.022994079
1278,0.25037047,0.2571434,0.10206268,-0.018367358,0.009579072
1279,0.26339144,0.25244203,0.08333167,-0.016132107,0.011878185
1280,0.25876844,0.25702286,0.10631014,-0.018749427,0.011283211
1281,0.24447756,0.26965916,0.19451381,-0.017202264,0.009749947
1282,0.25072396,0.26639682,0.1680526,-0.020168921,0.010445865
1283,0.23890465,0.28172246,0.28397343,-0.001408634,0.011965235
1284,0.24448115,0.27697277,0.24745595,-0.011880234,0.011332081
1285,0.2678329,0.24725136,0.062059283,-0.012592947,0.012608022
1286,0.27248466,0.24194747,0.04493767,-0.009295994,0.013277427
1287,0.28645435,0.20439574,-0.010278134,0.000410365,0.015504024
1288,0.2830274,0.21118452,-0.007619958,0.000678226,0.015086883
1289,0.28044277,0.21763569,-0.002512205,0.000700553,0.014723086
1290,0.27844912,0.2243711,0.005472553,-0.0003144,0.014296546
1291,0.2761805,0.23031549,0.015254593,-0.002258102,0.013932279
1292,0.27850878,0.23699881,0.03368527,-0.007530123,0.014132451
1293,0.29696226,0.2017848,-0.009266667,0.000369798,0.01641355
1294,0.29987264,0.19474986,-0.006755211,0.002325451,0.016683545
1295,0.2972681,0.18696176,-0.001537148,0.004230626,0.016384862
1296,0.29797098,0.17687899,0.014841143,0.008745876,0.016345326
1297,0.2984182,0.16761094,0.038135737,0.014289217,0.016343674
1298,0.30641845,0.15164775,0.10186305,0.027525434,0.017335093
1299,0.30730382,0.16121542,0.06495213,0.02126649,0.017346587
1300,0.31009892,0.105447546,0.29659462,0.037618626,0.020624701
1301,0.3127789,0.11890539,0.25276983,0.04013412,0.019609189
1302,0.31252596,0.1313604,0.19854008,0.038760617,0.018642856
1303,0.315869,0.14340675,0.14400345,0.034487844,0.018548124
1304,0.32138327,0.12389936,0.232779,0.04196719,0.020016164
1305,0.3207487,0.09726136,0.30901238,0.037201524,0.022051338
1306,0.3219828,0.07249841,0.3081912,0.027661163,0.024173204
1307,0.3280862,0.08541672,0.31408766,0.03395809,0.023309348
1308,0.32866192,0.059799153,0.28260794,0.023042327,0.025021669
1309,0.33739758,0.04544765,0.23549156,0.016720777,0.025383156
1310,0.34617376,0.03045636,0.16841124,0.009169171,0.025270758
1311,0.16931385,0.38105416,0.14569317,0.011449209,0.044987943
1312,0.17764847,0.36651924,0.1981303,0.02182201,0.043216716
1313,0.21185772,0.31564212,0.3416675,0.049048834,0.027931072
1314,0.20431773,0.3274897,0.3138651,0.046776723,0.0330559
1315,0.18651617,0.35096526,0.2458019,0.033792406,0.04056608
1316,0.1978477,0.34059098,0.2798742,0.038923413,0.0371058
1317,0.23593497,0.2904129,0.32710633,0.011892313,0.014941802
1318,0.23276553,0.2993882,0.3499076,0.023311293,0.018582305
1319,0.2291917,0.30790657,0.35395047,0.03078734,0.022321055
1320,0.22450054,0.31723353,0.34463167,0.03507999,0.02635409
1321,0.24319826,0.29022935,0.3187972,0.003030385,0.015033958
1322,0.27057755,0.25396743,0.09707862,-0.018767988,0.01315225
1323,0.25789765,0.2641168,0.15230912,-0.0216416,0.011635556
1324,0.26734024,0.26064733,0.1329808,-0.022130296,0.012998733
1325,0.25150466,0.27558264,0.23296115,-0.016725436,0.011938385
1326,0.2583613,0.27262598,0.20996068,-0.02124433,0.012633847
1327,0.24895777,0.28541,0.29298672,-0.00698631,0.014104309
1328,0.276325,0.24986972,0.08083821,-0.016904654,0.013842757
1329,0.28221902,0.24484439,0.06382264,-0.014678789,0.014531112
1330,0.29299343,0.21028493,-0.006842696,-0.00105423,0.01602881
1331,0.28982383,0.21714719,-0.001110388,-0.001937489,0.015655525
1332,0.28593123,0.22304934,0.00624627,-0.002703037,0.015139525
1333,0.28547657,0.23046276,0.020559434,-0.005847579,0.014991688
1334,0.28907064,0.23899816,0.04734776,-0.012637721,0.015281733
1335,0.30358568,0.20778327,-0.005545565,-0.001647299,0.017112764
1336,0.3059723,0.1993704,-0.006549487,0.001218499,0.017423037
1337,0.30777758,0.19013527,-0.000654624,0.004968046,0.017522205
1338,0.3078356,0.18032287,0.013288462,0.009600112,0.017450089
1339,0.30809718,0.17083165,0.035241976,0.015116476,0.017430454
1340,0.31727213,0.15435785,0.097736135,0.02823978,0.018473146
1341,0.31803665,0.16425864,0.061697114,0.021836795,0.01846855
1342,0.32774824,0.1471615,0.13394131,0.034411956,0.019671658
1343,0.32393178,0.11207855,0.2754047,0.04214483,0.020995324
1344,0.32708243,0.13422786,0.1902342,0.040407285,0.020033998
1345,0.33059728,0.12292465,0.23730814,0.04323465,0.020731613
1346,0.33324945,0.10012369,0.3005427,0.04033365,0.022328751
1347,0.33702877,0.07442079,0.30405122,0.030711534,0.024148412
1348,0.34161937,0.08912197,0.30765325,0.03716669,0.023449106
1349,0.3468043,0.0612015,0.27726677,0.02500523,0.024791615
1350,0.35551268,0.04602182,0.22800086,0.017219646,0.024994424
1351,0.36460945,0.030802213,0.16088057,0.008986305,0.024847219
1352,0.18710664,0.38133806,0.1563401,0.009662699,0.042431902
1353,0.19557555,0.36737263,0.20982648,0.017698467,0.04048015
1354,0.21874726,0.32814267,0.3227742,0.035236377,0.030579446
1355,0.21286178,0.34076822,0.291727,0.030866418,0.034444656
1356,0.20405297,0.35442555,0.2518407,0.024895426,0.037873413
1357,0.23174796,0.3273185,0.33041838,0.025139716,0.028414344
1358,0.24173996,0.29817954,0.3420381,0.011174489,0.017824866
1359,0.24011487,0.3082744,0.35171705,0.01817528,0.021626499
1360,0.23655526,0.3178617,0.34580034,0.022795903,0.025095029
1361,0.25045395,0.29542187,0.33001012,-0.000230091,0.017250065
1362,0.2779891,0.25962383,0.13246015,-0.023771266,0.014410025
1363,0.266696,0.26951113,0.18860441,-0.02416825,0.013569553
1364,0.27394724,0.26673466,0.17241126,-0.025655625,0.014305332
1365,0.2582647,0.28184956,0.2666661,-0.016921889,0.014285221
1366,0.2669992,0.27831516,0.24236238,-0.02275243,0.014723343
1367,0.2588869,0.2911797,0.30937278,-0.010487994,0.016589144
1368,0.28559574,0.2534838,0.10503174,-0.021999396,0.015111616
1369,0.2926952,0.24754445,0.082729824,-0.01992065,0.015806958
1370,0.29975346,0.21654361,0.001468536,-0.004169197,0.016657602
1371,0.29546386,0.22562994,0.014967643,-0.006847076,0.01612745
1372,0.2945481,0.23385431,0.03513321,-0.011175385,0.01595634
1373,0.29874286,0.24071808,0.060084727,-0.016991774,0.016462345
1374,0.31109098,0.2141209,0.00320679,-0.005118567,0.017859546
1375,0.314054,0.20585045,-0.002281672,-0.001519061,0.018236917
1376,0.31698745,0.19595513,-0.000736185,0.003142341,0.018547913
1377,0.31948346,0.18538128,0.011144601,0.008960043,0.018737482
1378,0.31884554,0.1747889,0.03164385,0.015110513,0.018626036
1379,0.32825902,0.15846318,0.089037016,0.027629843,0.019639688
1380,0.3270162,0.16832672,0.054941967,0.020955266,0.019495621
1381,0.3377924,0.1407485,0.16650553,0.039144076,0.02081636
1382,0.3402831,0.15193741,0.12148696,0.033666465,0.020839691
1383,0.33818075,0.114844814,0.26540715,0.04372476,0.02178148
1384,0.34178978,0.12904443,0.21562386,0.043340627,0.021412002
1385,0.34575787,0.10353679,0.29118955,0.04222569,0.02274645
1386,0.35379314,0.09441751,0.30002537,0.0401285,0.023572622
1387,0.355018,0.07848698,0.30030033,0.033881284,0.024205185
1388,0.36461768,0.061949573,0.26966205,0.025925694,0.024671018
1389,0.37403926,0.046490308,0.21934044,0.017099041,0.024749184
1390,0.383392,0.031121878,0.15309232,0.008562032,0.024573378
1391,0.20505138,0.3817186,0.16474363,0.007097864,0.039756954
1392,0.21355513,0.36838028,0.21823451,0.012431321,0.03772225
1393,0.22721261,0.34046507,0.30122915,0.022520887,0.032079197
1394,0.22256473,0.35375595,0.26594827,0.017653797,0.03486744
1395,0.23891954,0.3358499,0.3160487,0.016849747,0.02955745
1396,0.2449367,0.32702613,0.33403602,0.014428577,0.026834289
1397,0.25066072,0.30676892,0.3472685,0.006896469,0.020701448
1398,0.2499032,0.31720522,0.34540975,0.010241297,0.023798997
1399,0.25779396,0.30020168,0.33481717,-0.003346641,0.01886096
1400,0.28961498,0.26320326,0.15761982,-0.028268378,0.015997814
1401,0.2825177,0.26945883,0.19023947,-0.028400645,0.015617078
1402,0.2751912,0.27443156,0.21813108,-0.026594855,0.015219106
1403,0.2673625,0.28785798,0.2906408,-0.018143306,0.016397825
1404,0.2762229,0.28372368,0.26731777,-0.024684398,0.016546953
1405,0.26701254,0.298592,0.32643023,-0.011265164,0.018826654
1406,0.29672822,0.25706804,0.12943198,-0.02700094,0.01654449
1407,0.30381462,0.2501542,0.10137811,-0.024514943,0.017153386
1408,0.3077097,0.22328053,0.016365439,-0.009032619,0.017390283
1409,0.30418056,0.23272209,0.03762685,-0.013409075,0.017087694
1410,0.31081992,0.24180028,0.07193254,-0.020885225,0.017818205
1411,0.32159042,0.21268108,0.006915669,-0.005516289,0.019038212
1412,0.31714934,0.22045666,0.016096536,-0.009332705,0.018506357
1413,0.32558876,0.2029397,0.002701666,-0.000387307,0.019463077
1414,0.32904857,0.19205368,0.008497549,0.006010569,0.019802833
1415,0.3318077,0.17891316,0.030197037,0.014558563,0.020040788
1416,0.3392607,0.16583432,0.070362985,0.024432499,0.020694472
1417,0.3482507,0.15895502,0.10038944,0.030308811,0.02161496
1418,0.34901112,0.14124015,0.16925314,0.040054623,0.021823172
1419,0.35165948,0.1511592,0.13113618,0.03521943,0.021932412
1420,0.35811058,0.15771614,0.11077187,0.031623032,0.022529073
1421,0.35165423,0.11722539,0.25735992,0.044852607,0.022567786
1422,0.35742152,0.13102122,0.21134084,0.043514054,0.022641998
1423,0.36003953,0.104682855,0.2858293,0.04356431,0.023491614
1424,0.36672628,0.09113034,0.29722646,0.039394844,0.023931663
1425,0.37340873,0.07718982,0.290194,0.033245645,0.024465995
1426,0.38327497,0.062157486,0.26007512,0.025212748,0.024688939
1427,0.39290172,0.046872098,0.21025239,0.016197536,0.024625313
1428,0.40246207,0.031412516,0.14550245,0.007836712,0.024414549
1429,0.22288227,0.38167953,0.17218743,0.004484746,0.037101574
1430,0.23148574,0.36709312,0.23109013,0.007862407,0.035003796
1431,0.23967287,0.35083863,0.28208262,0.011041448,0.03214569
1432,0.25132847,0.33912483,0.3126195,0.00804083,0.028908117
1433,0.25878042,0.32689723,0.33524114,0.004477763,0.025804458
1434,0.26448584,0.31177193,0.3443022,-0.002752023,0.022024034
1435,0.30075246,0.26725453,0.18251874,-0.032074165,0.017498394
1436,0.29296935,0.2735425,0.21377647,-0.031522807,0.01710823
1437,0.28539434,0.27921712,0.24259707,-0.029244458,0.01687146
1438,0.2767641,0.29355645,0.30634978,-0.020065678,0.018287431
1439,0.28474608,0.28833875,0.2838815,-0.026662428,0.017969884
1440,0.27608538,0.30336353,0.32957372,-0.015026446,0.020163078
1441,0.30211812,0.27649924,0.22805639,-0.0334299,0.018195193
1442,0.30826908,0.2611763,0.1550922,-0.031249437,0.017965272
1443,0.3164569,0.25300142,0.12123072,-0.02883089,0.018588757
1444,0.31775403,0.23110963,0.04112903,-0.015728826,0.01854231
1445,0.3239706,0.24309628,0.084981665,-0.024460193,0.019229947
1446,0.33389437,0.21069397,0.012062657,-0.005300273,0.020325895
1447,0.3277652,0.22202487,0.025348535,-0.011761169,0.019723723
1448,0.33817527,0.20009863,0.010269345,0.001346255,0.020743288
1449,0.34199733,0.18886003,0.020370042,0.008991607,0.021071332
1450,0.35177642,0.16756918,0.073956825,0.024785757,0.021857144
1451,0.34669018,0.17728405,0.044311263,0.01751389,0.021422537
1452,0.36195466,0.16601956,0.08570405,0.026511222,0.022877362
1453,0.36247197,0.14579774,0.1573685,0.038536295,0.022894535
1454,0.36886197,0.15810677,0.11590199,0.03210043,0.02340967
1455,0.36629322,0.11920796,0.2514353,0.04521761,0.023427488
1456,0.37330875,0.1336116,0.20617759,0.043116827,0.023684025
1457,0.37476757,0.10569514,0.28084758,0.043492664,0.023997685
1458,0.38364214,0.09178096,0.29094473,0.03898532,0.024420695
1459,0.39241806,0.07773092,0.28176433,0.03244413,0.024680072
1460,0.4023207,0.06269301,0.2511089,0.024011798,0.024701707
1461,0.41207302,0.047310848,0.20156036,0.01497295,0.024551317
1462,0.4217793,0.031701803,0.13846374,0.007004336,0.024324251
1463,0.24078241,0.38133472,0.17828213,0.001617886,0.034615573
1464,0.24924344,0.36675695,0.23762165,0.002471965,0.032734122
1465,0.25781998,0.35334793,0.27997643,0.002138298,0.03042238
1466,0.26737458,0.33973706,0.3131595,-0.000803541,0.027721658
1467,0.27465376,0.32651812,0.33359528,-0.005990285,0.025015162
1468,0.2817139,0.31449842,0.33801958,-0.012982271,0.022674512
1469,0.31031004,0.27304545,0.21256,-0.035000756,0.018700134
1470,0.29641145,0.28575212,0.2705454,-0.031013815,0.018550772
1471,0.28893757,0.2994444,0.3170558,-0.023222588,0.019892797
1472,0.3081445,0.28423578,0.26205873,-0.03441689,0.01954957
1473,0.32123053,0.26675975,0.18604831,-0.035705138,0.019497104
1474,0.32921132,0.25496304,0.13629453,-0.032140072,0.019943783
1475,0.3471439,0.2087318,0.01905239,-0.004552651,0.021578802
1476,0.33290732,0.23323527,0.057319827,-0.019768422,0.020161232
1477,0.33667395,0.24446803,0.09790969,-0.027254492,0.020533266
1478,0.3435346,0.22182322,0.03480437,-0.013272591,0.02117768
1479,0.3513787,0.1973126,0.019950723,0.003628471,0.02200046
1480,0.35507768,0.18660271,0.03263289,0.011564084,0.022333426
1481,0.36022124,0.17592487,0.057189643,0.019653138,0.022723854
1482,0.37194645,0.17079163,0.0782323,0.023764478,0.023765612
1483,0.3789304,0.14772913,0.15803403,0.037613552,0.024035644
1484,0.37975782,0.16058643,0.114526935,0.030530889,0.024188584
1485,0.382778,0.121442854,0.24554121,0.04440295,0.024238681
1486,0.38989154,0.1378736,0.19644688,0.041120287,0.024632355
1487,0.39222944,0.107930295,0.27391544,0.042687725,0.024634765
1488,0.40157318,0.09353939,0.2843039,0.03810154,0.024810806
1489,0.41171262,0.078682914,0.27387953,0.031003563,0.024860522
1490,0.42166233,0.06335184,0.24255744,0.022368796,0.024730494
1491,0.4315208,0.047747772,0.19330718,0.013536933,0.024510922
1492,0.44135088,0.03196237,0.13199337,0.006134004,0.024274172
1493,0.25873005,0.38128886,0.1801639,-0.001142393,0.032403644
1494,0.26731345,0.3672275,0.23805825,-0.002382866,0.030784981
1495,0.27605897,0.35314655,0.2819021,-0.004762765,0.028810296
1496,0.28479704,0.3394043,0.31280148,-0.008985771,0.026648857
1497,0.29164284,0.32576978,0.33061036,-0.014294497,0.024584552
1498,0.29814917,0.31212193,0.33028397,-0.022046942,0.02258028
1499,0.3187995,0.2806734,0.24683669,-0.03737933,0.020137971
1500,0.3058847,0.2977096,0.3066227,-0.030435154,0.020966237
1501,0.31605127,0.29119018,0.28482407,-0.035399575,0.02081895
1502,0.33068812,0.27807972,0.23691563,-0.039049137,0.020909352
1503,0.33487877,0.266379,0.18842877,-0.03728026,0.020823756
1504,0.34087357,0.25624883,0.14738,-0.03406518,0.021108171
1505,0.35978416,0.20604011,0.02663972,-0.00264249,0.022680793
1506,0.35609627,0.21642229,0.034306157,-0.010314462,0.02231046
1507,0.36492413,0.21335791,0.03691924,-0.008252332,0.023135116
1508,0.3466628,0.24795613,0.117059335,-0.030400649,0.021520019
1509,0.34760007,0.23668252,0.07723704,-0.023639895,0.021513456
1510,0.35588592,0.2270761,0.055724457,-0.017998468,0.02230869
1511,0.36411542,0.19626585,0.029770741,0.004739186,0.023184652
1512,0.3681048,0.18475243,0.0449379,0.013373855,0.02341411
1513,0.37972212,0.1813853,0.059934188,0.015860312,0.024351528
1514,0.3869649,0.1701938,0.09059381,0.024087762,0.024714125
1515,0.3939163,0.15549721,0.13914278,0.03340827,0.02500941
1516,0.40017742,0.1243385,0.23883271,0.04284699,0.024978377
1517,0.4063119,0.14160997,0.18978812,0.038884867,0.025405884
1518,0.41076207,0.110077105,0.26769432,0.041139502,0.025167001
1519,0.42111456,0.09510253,0.27760506,0.0362033,0.025169177
1520,0.43124074,0.079651974,0.26629645,0.028928064,0.025004018
1521,0.4412224,0.063965596,0.23431744,0.020373965,0.02475082
1522,0.45120606,0.048104268,0.18545337,0.011983158,0.024481088
1523,0.46112323,0.03217238,0.12610954,0.005271656,0.024241203
1524,0.27673045,0.38125032,0.17932008,-0.00332737,0.030514937
1525,0.2853947,0.3668746,0.23843142,-0.006434771,0.029163796
1526,0.29390997,0.35239163,0.28244507,-0.010439003,0.027550677
1527,0.3024466,0.33804086,0.31230438,-0.015667876,0.025828602
1528,0.30882958,0.3243111,0.32601023,-0.021831121,0.024158815
1529,0.31151196,0.3108711,0.32381675,-0.027067898,0.022681033
1530,0.32609004,0.29092503,0.28217503,-0.037571166,0.021328101
1531,0.31965488,0.3020413,0.3102938,-0.03260136,0.022096947
1532,0.33794025,0.28958422,0.2761115,-0.038730714,0.02194229
1533,0.34279302,0.27764806,0.23573017,-0.039867777,0.021842215
1534,0.34711665,0.26653227,0.19234906,-0.038325313,0.021870637
1535,0.35272324,0.25561655,0.15007648,-0.034599405,0.02210668
1536,0.37102538,0.20649461,0.035559002,-0.003246606,0.023694903
1537,0.36528614,0.22142842,0.049778838,-0.014236199,0.023247408
1538,0.37205705,0.21586575,0.04540538,-0.010019782,0.023865458
1539,0.35790816,0.24612004,0.11655624,-0.029943304,0.022530574
1540,0.36575225,0.23014455,0.07043211,-0.020079844,0.023220688
1541,0.35962787,0.23609884,0.08330429,-0.024052283,0.02263841
1542,0.37936008,0.19580798,0.041424558,0.004772123,0.024474995
1543,0.3922344,0.1853806,0.062352292,0.013185131,0.025201332
1544,0.40250474,0.17160635,0.09742315,0.023452915,0.025589876
1545,0.41255683,0.15800335,0.14135288,0.031284515,0.025865039
1546,0.42499483,0.14462616,0.18678088,0.036142442,0.026111599
1547,0.4190486,0.12716223,0.233304,0.040684372,0.025621839
1548,0.43058503,0.11226988,0.26185638,0.038682994,0.025616506
1549,0.4408406,0.09637096,0.27138698,0.03372916,0.025393125
1550,0.45095542,0.08039022,0.25884262,0.026441973,0.025078803
1551,0.46106285,0.06435298,0.22609966,0.018159319,0.024745015
1552,0.47106826,0.048338395,0.1780123,0.010398634,0.024445944
1553,0.48105198,0.032286678,0.12070029,0.004444453,0.024207965
1554,0.29484954,0.38095957,0.17740585,-0.005125466,0.028951963
1555,0.30352217,0.3662874,0.23713763,-0.009695645,0.027889028
1556,0.31192756,0.35124344,0.28173387,-0.014957367,0.026624985
1557,0.3197388,0.33565018,0.31164303,-0.021135742,0.025218137
1558,0.32530332,0.31789625,0.32271326,-0.028744467,0.023647819
1559,0.33308607,0.3036549,0.30808935,-0.034671,0.022738319
1560,0.34545356,0.29863957,0.29605386,-0.037933562,0.023039797
1561,0.35193604,0.28857762,0.27154174,-0.040661678,0.02297097
1562,0.35666883,0.27598172,0.23079927,-0.040857274,0.022830851
1563,0.3576041,0.26426968,0.18636876,-0.038016558,0.022666015
1564,0.36554936,0.2552101,0.15439948,-0.034625005,0.023199279
1565,0.3826613,0.21211953,0.04821631,-0.007363537,0.024729848
1566,0.37700126,0.22570398,0.06676642,-0.017287787,0.024331335
1567,0.37096003,0.24041536,0.10394892,-0.026973289,0.023735566
1568,0.3960643,0.20350169,0.052288283,-0.000827034,0.025338003
1569,0.40905482,0.19043747,0.06869649,0.009633241,0.026064923
1570,0.40875033,0.20360315,0.06312681,-0.000674376,0.025909765
1571,0.4201967,0.17449018,0.10305154,0.020691972,0.026367476
1572,0.4307693,0.16115567,0.14221178,0.028032798,0.026496353
1573,0.43983504,0.15020278,0.1766341,0.032294407,0.026564522
1574,0.44069648,0.13208088,0.2243095,0.03729929,0.026250321
1575,0.45077392,0.11345893,0.25805566,0.0357746,0.025910288
1576,0.46085966,0.09693355,0.26555496,0.030687626,0.025511902
1577,0.470982,0.080674335,0.25128037,0.023582365,0.025093406
1578,0.48102218,0.06456064,0.21820976,0.01585498,0.024709033
1579,0.49103075,0.048462413,0.17113763,0.008858272,0.024395704
1580,0.5010366,0.03233663,0.11590588,0.003682272,0.024162244
1581,0.31313342,0.3804823,0.174545,-0.006441822,0.027707662
1582,0.32180992,0.36535126,0.23509468,-0.012105299,0.026924191
1583,0.33015433,0.34975466,0.27994537,-0.01832883,0.025998542
1584,0.33801368,0.33327812,0.30833972,-0.02542016,0.024966003
1585,0.34628823,0.31546697,0.3151423,-0.03307931,0.02409086
1586,0.35935208,0.30216643,0.2984404,-0.03847398,0.02369593
1587,0.36692402,0.2871165,0.26620328,-0.041016176,0.023650499
1588,0.3715851,0.27037948,0.2135315,-0.040102873,0.023668854
1589,0.38251555,0.25445953,0.1592998,-0.034582563,0.024346268
1590,0.39382577,0.2215742,0.07026615,-0.014399761,0.025211507
1591,0.3884485,0.23815368,0.10780676,-0.02556785,0.024799248
1592,0.40868562,0.2161835,0.07244054,-0.010361816,0.026013406
1593,0.4202127,0.20377177,0.07170277,-0.000687899,0.026593016
1594,0.42783245,0.18966934,0.0838209,0.00997313,0.02668845
1595,0.4385697,0.17614004,0.11155961,0.018729787,0.026871854
1596,0.44796515,0.16264723,0.14751163,0.026041524,0.026903601
1597,0.45459038,0.14593543,0.19292712,0.032500237,0.026742276
1598,0.46085155,0.12967508,0.23108783,0.034337353,0.026354477
1599,0.47093117,0.113259204,0.25572303,0.03234038,0.025988206
1600,0.4809997,0.09696533,0.25995296,0.027349208,0.025507575
1601,0.4910244,0.080789216,0.24410309,0.020681992,0.025040494
1602,0.50102717,0.06465819,0.2109013,0.013628892,0.024636684
1603,0.5110276,0.048520733,0.16499268,0.007439799,0.02432286
1604,0.5210318,0.032362714,0.11181676,0.003013159,0.024096726
1605,0.33166155,0.37991557,0.1707293,-0.007296689,0.026749497
1606,0.34043682,0.36444268,0.23138845,-0.013699709,0.026213236
1607,0.34899345,0.34856755,0.27565852,-0.020750625,0.025570706
1608,0.35753304,0.33238092,0.30194452,-0.027978946,0.024961336
1609,0.36630347,0.31713232,0.30788714,-0.033921473,0.0245547
1610,0.37657818,0.30128476,0.2931359,-0.03884479,0.024325447
1611,0.38459408,0.2851302,0.26008528,-0.04088547,0.024467262
1612,0.39209867,0.26876014,0.21217877,-0.038812194,0.024839262
1613,0.40055,0.25171417,0.15810472,-0.03264707,0.025333077
1614,0.40614182,0.23520648,0.11007527,-0.023715254,0.025693862
1615,0.4197267,0.22979566,0.10585605,-0.01923046,0.026382918
1616,0.42703292,0.2175365,0.08802319,-0.010743659,0.02667839
1617,0.436696,0.20454015,0.0843933,-0.000981138,0.026897
1618,0.44682884,0.19162336,0.0954905,0.007826524,0.02718304
1619,0.45652032,0.17780165,0.119832285,0.016835036,0.02721494
1620,0.46487382,0.16173816,0.15793215,0.025179395,0.027098112
1621,0.47254986,0.14524297,0.19951138,0.03015868,0.02676798
1622,0.4809774,0.12938315,0.23293065,0.031293668,0.026378369
1623,0.4910927,0.113132454,0.25319415,0.02900284,0.025921667
1624,0.50108206,0.09696611,0.25461107,0.024156224,0.0254096
1625,0.51105493,0.080835976,0.2374385,0.017953914,0.02493015
1626,0.5210371,0.064701796,0.20429967,0.011599125,0.02452899
1627,0.5310287,0.048548494,0.15962915,0.006192538,0.024224054
1628,0.54102767,0.03237835,0.10838783,0.002446678,0.024006225
1629,0.35048136,0.3793956,0.16574878,-0.007708171,0.026034085
1630,0.35945192,0.36372456,0.22573353,-0.01457217,0.025699737
1631,0.36833555,0.34785044,0.26904973,-0.021839399,0.025332157
1632,0.3772639,0.33199006,0.29451653,-0.028545763,0.025058128
1633,0.38660127,0.31612182,0.30081585,-0.034490388,0.024903955
1634,0.39569417,0.30004132,0.28740516,-0.038518954,0.024952786
1635,0.40424082,0.28364587,0.25606793,-0.03957247,0.02526704
1636,0.41278264,0.2665346,0.20986246,-0.03684861,0.025695888
1637,0.42118022,0.24726647,0.15341216,-0.029420896,0.026254335
1638,0.43559343,0.23279361,0.12254905,-0.020499816,0.026919257
1639,0.44661716,0.21915334,0.10389621,-0.011197795,0.027181514
1640,0.45165193,0.20548661,0.09617677,-0.001850909,0.027313396
1641,0.4656681,0.19498879,0.10518955,0.005349143,0.027377844
1642,0.47438636,0.1775972,0.13096513,0.01607721,0.027317492
1643,0.48330316,0.16116503,0.16726765,0.02353335,0.027081031
1644,0.49200428,0.14527124,0.20406272,0.027534612,0.026732158
1645,0.50138104,0.12914656,0.23416254,0.028167177,0.026278853
1646,0.51119983,0.11304216,0.25055507,0.025763206,0.025774652
1647,0.5211074,0.09695908,0.24957104,0.021162845,0.02525144
1648,0.53106207,0.08085368,0.23134302,0.015470168,0.024777774
1649,0.54103744,0.064719275,0.19842868,0.009807343,0.024390265
1650,0.5510249,0.04855879,0.15500094,0.005126606,0.024098257
1651,0.5610196,0.032379907,0.10551031,0.001977623,0.023888066
1652,0.36957422,0.37897846,0.15972123,-0.007749237,0.025512593
1653,0.3787743,0.36319718,0.21865192,-0.014658232,0.025351856
1654,0.38793507,0.34730312,0.26155746,-0.021725936,0.025205815
1655,0.39714175,0.3313154,0.28719762,-0.02832069,0.025123708
1656,0.40645748,0.31521186,0.29422385,-0.033772115,0.025192238
1657,0.41564205,0.29896495,0.28234538,-0.03712613,0.025437882
1658,0.4246333,0.28244394,0.25345588,-0.037641294,0.025832236
1659,0.43377033,0.26553005,0.21198712,-0.034579027,0.026318451
1660,0.44377357,0.24942137,0.16959214,-0.028238647,0.026744574
1661,0.45523006,0.23358832,0.13551149,-0.019734925,0.027144061
1662,0.46521476,0.21625695,0.11144134,-0.008844165,0.027351439
1663,0.47911552,0.20582741,0.11466988,-0.001736664,0.027451487
1664,0.48529834,0.191844,0.120629676,0.007259238,0.027347885
1665,0.493774,0.1763738,0.14346108,0.015652366,0.027211184
1666,0.50272906,0.16066036,0.17576154,0.021801524,0.026937798
1667,0.5118999,0.14487915,0.20876999,0.025001748,0.026545538
1668,0.521399,0.12899147,0.23477314,0.025217867,0.026070999
1669,0.5312062,0.11299157,0.24788499,0.022767117,0.02555621
1670,0.541103,0.09695277,0.24485792,0.018443704,0.025044404
1671,0.5510556,0.080859534,0.2258225,0.013270568,0.024590358
1672,0.5610304,0.06472487,0.1932571,0.008264801,0.024222836
1673,0.5710166,0.04856132,0.15103929,0.004236244,0.023945143
1674,0.5810093,0.032380007,0.10312726,0.001598577,0.023741325
1675,0.3888927,0.3786543,0.15312059,-0.007449714,0.02514542
1676,0.3983049,0.36277324,0.21102178,-0.014087787,0.025118444
1677,0.4077012,0.34678698,0.2537853,-0.020946952,0.02511415
1678,0.41712758,0.33070233,0.27980414,-0.027213568,0.0251995
1679,0.42655697,0.3145189,0.28790137,-0.03215227,0.025417069
1680,0.43592554,0.29822835,0.27803856,-0.035020713,0.025758717
1681,0.4453071,0.28185564,0.25250974,-0.035116475,0.026200328
1682,0.4549451,0.26565826,0.21679476,-0.03213504,0.026630843
1683,0.46503446,0.24980281,0.17905556,-0.026378324,0.026967932
1684,0.47505033,0.23420092,0.14725836,-0.01858648,0.027223824
1685,0.48423907,0.22016887,0.12858489,-0.01060627,0.027327212
1686,0.495353,0.20581229,0.12431821,-0.001599564,0.027468642
1687,0.50427973,0.1910235,0.13250445,0.007008459,0.027268143
1688,0.51326764,0.17580366,0.15390387,0.014540028,0.027031166
1689,0.5224095,0.16033873,0.18302585,0.01987441,0.026699405
1690,0.53177017,0.14469828,0.21241029,0.022525,0.02628099
1691,0.54138416,0.12889712,0.23494491,0.02245281,0.025798103
1692,0.5511878,0.11296897,0.24523433,0.020034162,0.025291357
1693,0.5610921,0.096949294,0.24048463,0.016021216,0.02480209
1694,0.5710457,0.08086121,0.22085716,0.011360344,0.024374284
1695,0.58102065,0.06472654,0.18872938,0.006961794,0.024029087
1696,0.5910062,0.04856182,0.14766285,0.003506171,0.023765333
1697,0.6009979,0.032380007,0.10115394,0.001297746,0.023566388
1698,0.40839088,0.37838632,0.14650194,-0.006893648,0.02489323
1699,0.4179807,0.3624091,0.2033131,-0.01314464,0.024952188
1700,0.42756608,0.34634018,0.24594,-0.019625569,0.025052687
1701,0.43716887,0.33019564,0.27250537,-0.025465826,0.025243893
1702,0.44676518,0.3139953,0.28187582,-0.029953837,0.025543341
1703,0.45634294,0.2977838,0.2743007,-0.032404706,0.025932837
1704,0.46596265,0.2816636,0.25231254,-0.032325916,0.02635115
1705,0.4756975,0.26577377,0.22097245,-0.029592695,0.026716867
1706,0.48547453,0.2502135,0.18732254,-0.02445245,0.026987763
1707,0.49510905,0.23517503,0.1587145,-0.01772041,0.027144857
1708,0.50484705,0.22046064,0.14050323,-0.009657406,0.027222738
1709,0.51433825,0.20554933,0.13518353,-0.001274306,0.027178789
1710,0.523712,0.19071436,0.14326961,0.006613423,0.02699589
1711,0.532911,0.17556153,0.1629394,0.01331746,0.026729068
1712,0.542197,0.16018926,0.18920411,0.017982861,0.026377687
1713,0.55166966,0.14461708,0.21533337,0.020184904,0.025952324
1714,0.5613434,0.12886178,0.23479521,0.019923255,0.025478076
1715,0.57116807,0.11295867,0.24265589,0.017588167,0.02499201
1716,0.58107924,0.09694727,0.23645532,0.013900835,0.024532495
1717,0.591033,0.08086148,0.2164128,0.009728867,0.02413391
1718,0.6010081,0.06472714,0.18477638,0.005878336,0.023811119
1719,0.6109942,0.04856214,0.14478531,0.002916774,0.02356006
1720,0.62098575,0.03238006,0.09951251,0.001062973,0.023364596
1721,0.42803463,0.3781595,0.14015707,-0.006213975,0.024717601
1722,0.43775776,0.36210462,0.19579367,-0.011958207,0.024830366
1723,0.447484,0.34598398,0.23823044,-0.017948544,0.024993647
1724,0.457228,0.3298236,0.26538563,-0.023327539,0.025240764
1725,0.46697253,0.31366056,0.2761546,-0.027391955,0.025575463
1726,0.47669744,0.29755947,0.2709368,-0.029563863,0.025960688
1727,0.4864068,0.28161392,0.2522011,-0.029483829,0.026335577
1728,0.49609277,0.26592252,0.22461,-0.027056925,0.02664254
1729,0.5057124,0.2505656,0.1944173,-0.022543453,0.026845763
1730,0.51527375,0.23550881,0.16811167,-0.01627172,0.026962113
1731,0.5247727,0.2205512,0.15080434,-0.008882919,0.026960196
1732,0.53414357,0.20563295,0.14563125,-0.001208736,0.026856503
1733,0.5434299,0.19062722,0.15301676,0.006045621,0.026650304
1734,0.5526961,0.17546761,0.17091922,0.012070123,0.026362859
1735,0.56206244,0.16012447,0.19455057,0.01617975,0.026002439
1736,0.571597,0.14458032,0.21772864,0.018026577,0.025582533
1737,0.581306,0.12884486,0.23444417,0.017643886,0.02512694
1738,0.5911464,0.11295316,0.24018434,0.015431286,0.024668965
1739,0.6010618,0.09694727,0.23276585,0.012071467,0.024242124
1740,0.6110156,0.080863,0.21244887,0.008354636,0.023872878
1741,0.62099195,0.064728186,0.18132685,0.00498945,0.023571104
1742,0.6309804,0.048562597,0.14232473,0.002447523,0.023331106
1743,0.6409731,0.03238016,0.09813595,0.0008828,0.023137951
1744,0.44779378,0.37797603,0.13424017,-0.005479584,0.024590466
1745,0.45760983,0.36187074,0.18862684,-0.010645482,0.02472953
1746,0.46743253,0.34572777,0.23079805,-0.016089922,0.024921507
1747,0.47727442,0.329579,0.2585418,-0.020994004,0.025188219
1748,0.48711458,0.3134686,0.2707344,-0.024698472,0.025519906
1749,0.49691537,0.2974598,0.26777565,-0.026703026,0.025875172
1750,0.50664455,0.28163156,0.25198624,-0.026698798,0.026200809
1751,0.51628304,0.26605678,0.22763155,-0.024612444,0.026449986
1752,0.52582693,0.2507568,0.20041086,-0.020550909,0.026607888
1753,0.5352828,0.23566319,0.17627957,-0.014879939,0.026660867
1754,0.5446566,0.22066766,0.16017817,-0.008180475,0.026612712
1755,0.5539823,0.20565893,0.15519452,-0.001141759,0.02647334
1756,0.56326246,0.19059773,0.16186543,0.005461754,0.026247485
1757,0.5725665,0.17542872,0.17804542,0.01087644,0.025950586
1758,0.58197683,0.1600938,0.19922999,0.01450977,0.025592353
1759,0.5915433,0.14456092,0.21971364,0.016070316,0.025186785
1760,0.60126936,0.12883528,0.23396157,0.015619147,0.024756242
1761,0.6111181,0.11295109,0.23784345,0.013553229,0.02432981
1762,0.6210385,0.09694969,0.22940387,0.010511498,0.02393572
1763,0.6309954,0.08086642,0.20891851,0.007209767,0.023594152
1764,0.6409745,0.06473012,0.1783113,0.004268374,0.02331125
1765,0.65096587,0.04856314,0.14020796,0.002078704,0.023080599
1766,0.66096026,0.032380253,0.0969679,0.000746904,0.02288884
1767,0.467638,0.37784475,0.12881024,-0.004737301,0.024488533
1768,0.47751427,0.36171192,0.18191944,-0.009304026,0.024632804
1769,0.4873977,0.34556445,0.22376439,-0.014186381,0.024828628
1770,0.49729446,0.3294359,0.25205556,-0.018634718,0.025087724
1771,0.5071795,0.3133717,0.26560634,-0.022039361,0.025393618
1772,0.5170071,0.29743028,0.2647408,-0.023940345,0.025706561
1773,0.52673656,0.2816748,0.251595,-0.024054553,0.025979396
1774,0.53634846,0.2661529,0.23011653,-0.02226405,0.0261786
1775,0.5458435,0.25086606,0.20557584,-0.018663436,0.026283626
1776,0.55523634,0.23575574,0.18351579,-0.0135729,0.026292024
1777,0.5645603,0.22072451,0.16863881,-0.007498599,0.02621014
1778,0.57386786,0.20567027,0.16392058,-0.001089322,0.026046203
1779,0.5831553,0.19058445,0.16988496,0.004899344,0.02580942
1780,0.59248143,0.17540918,0.18442734,0.00976742,0.025511637
1781,0.6019142,0.16007768,0.20334305,0.012989472,0.025162926
1782,0.61149544,0.14455159,0.22136548,0.01432051,0.024777105
1783,0.6212287,0.12883244,0.23339653,0.013840545,0.024374504
1784,0.63108283,0.11295256,0.23564832,0.011933887,0.02397998
1785,0.64101094,0.09695301,0.22634958,0.00919304,0.023616781
1786,0.6509754,0.08086942,0.20577069,0.006263931,0.02330022
1787,0.66095877,0.06473156,0.17566292,0.003688613,0.023033768
1788,0.6709522,0.04856334,0.13837133,0.001792081,0.022810865
1789,0.6809476,0.032380223,0.09596197,0.000646158,0.02261984
1790,0.4875329,0.37776282,0.12391912,-0.00402846,0.024394806
1791,0.49744424,0.36161658,0.17576993,-0.008010619,0.024529256
1792,0.50736296,0.3454744,0.21722902,-0.012347855,0.024711173
1793,0.5172858,0.32936758,0.24598064,-0.016371647,0.024945349
1794,0.5271856,0.31333882,0.2607677,-0.019517453,0.02521289
1795,0.5370181,0.29743883,0.2618005,-0.02135226,0.025476927
1796,0.5467448,0.2817196,0.25103655,-0.0215837,0.025698222
1797,0.55634445,0.26621756,0.23215088,-0.02008163,0.025846312
1798,0.5658161,0.25093013,0.21005721,-0.016913587,0.025906958
1799,0.5751811,0.23580407,0.18995358,-0.012354278,0.025880355
1800,0.5844842,0.22074996,0.17628284,-0.006864043,0.025773033
1801,0.5937832,0.20567368,0.17185313,-0.001049761,0.025593705
1802,0.6030766,0.19057596,0.17714143,0.004372637,0.025352698
1803,0.61241347,0.17539828,0.19014628,0.008753208,0.02505992
1804,0.62185574,0.16007003,0.2069681,0.011621957,0.024725262
1805,0.63144326,0.1445493,0.22274853,0.012771131,0.024361698
1806,0.6411819,0.12883452,0.2327892,0.012291081,0.023987336
1807,0.6510444,0.11295611,0.23360664,0.010547438,0.023623105
1808,0.6609841,0.09695558,0.22357947,0.008085926,0.023287898
1809,0.6709584,0.080870494,0.20295797,0.005487557,0.022993278
1810,0.680946,0.0647316,0.1733238,0.003225788,0.022740863
1811,0.69093984,0.048563037,0.13676196,0.001571463,0.022524308
1812,0.7009351,0.032380085,0.0950811,0.000572707,0.022333587
1813,0.50745237,0.37771654,0.11960732,-0.003380189,0.024296923
1814,0.5173828,0.36156675,0.1702389,-0.006818614,0.024411693
1815,0.5273188,0.34543377,0.21125591,-0.010648208,0.024568541
1816,0.53725237,0.32934573,0.2403566,-0.014281473,0.024767969
1817,0.5471557,0.31333902,0.25622568,-0.01719862,0.024990672
1818,0.5569897,0.2974575,0.25895566,-0.018978741,0.025204169
1819,0.5667173,0.28174892,0.25033188,-0.019323617,0.02537414
1820,0.5763141,0.26624963,0.23379306,-0.018087184,0.025475703
1821,0.5857761,0.25095814,0.21395506,-0.015311149,0.025498405
1822,0.5951279,0.23582298,0.19569542,-0.011236195,0.025443604
1823,0.6044198,0.2207583,0.18318589,-0.0062836,0.025317725
1824,0.6137125,0.20567472,0.17904781,-0.001021583,0.025129398
1825,0.6230085,0.19057351,0.18370111,0.003886909,0.02488896
1826,0.63234985,0.1753973,0.1952737,0.007834816,0.024604945
1827,0.64179623,0.16007231,0.21017279,0.010401866,0.024286626
1828,0.6513884,0.14455411,0.22391702,0.011408581,0.023945756
1829,0.66113573,0.12883973,0.23217049,0.010948649,0.023598243
1830,0.67101115,0.112959586,0.23171999,0.009365841,0.023261584
1831,0.6809638,0.09695683,0.22106953,0.007160211,0.02295107
1832,0.69094616,0.08087065,0.20044039,0.00485319,0.022675319
1833,0.70093566,0.06473164,0.17124811,0.002858353,0.022434698
1834,0.7109284,0.048563033,0.1353383,0.001403017,0.022223307
1835,0.7209228,0.032380056,0.0942965,0.00052004,0.022032639
1836,0.52737904,0.37769535,0.11586599,-0.002807878,0.024186436
1837,0.5373199,0.36154756,0.16533646,-0.005757844,0.024275767
1838,0.5472628,0.34542257,0.20586844,-0.00912736,0.024401458
1839,0.55720013,0.32934585,0.23520507,-0.012406579,0.024561325
1840,0.56710565,0.31334817,0.2519929,-0.015115442,0.024737198
1841,0.5769427,0.29746968,0.25622016,-0.016844729,0.024900446
1842,0.5866738,0.28175998,0.24951698,-0.017289411,0.025022117
1843,0.5962706,0.26625845,0.23511615,-0.01628875,0.025081953
1844,0.60572773,0.2509647,0.2173637,-0.013863143,0.025072219
1845,0.61507195,0.2358272,0.20083234,-0.010224885,0.024994845
1846,0.6243571,0.22076125,0.18942188,-0.005761827,0.024855578
1847,0.63364637,0.20567927,0.18556914,-0.001002196,0.0246627
1848,0.6429444,0.1905803,0.18963246,0.00344187,0.024425931
1849,0.65228975,0.17540792,0.19988084,0.007008621,0.024152806
1850,0.6617415,0.16008519,0.21302105,0.009319291,0.023851361
1851,0.67134184,0.1445651,0.22491825,0.0102154,0.023532247
1852,0.6811018,0.12884623,0.23156384,0.009789379,0.023209283
1853,0.6909917,0.112962164,0.22998601,0.008361285,0.022897074
1854,0.7009534,0.09695745,0.21879752,0.006387902,0.022607913
1855,0.7109377,0.08087149,0.19818322,0.004336015,0.022348158
1856,0.7209258,0.06473327,0.1693975,0.002567448,0.02211735
1857,0.730917,0.04856421,0.13406688,0.00127507,0.02191014
1858,0.74091053,0.032380354,0.093585886,0.00048285,0.021719413
1859,0.5473033,0.37768716,0.11266964,-0.002317653,0.02405787
1860,0.5572501,0.3615433,0.1610493,-0.004840519,0.0241191
1861,0.56719637,0.3454246,0.20106032,-0.007801645,0.024211047
1862,0.5771352,0.3293525,0.23052491,-0.010761976,0.024330106
1863,0.5870433,0.31335622,0.2480721,-0.013279012,0.024459666
1864,0.5968838,0.29747656,0.2536097,-0.014955038,0.02457517
1865,0.6066172,0.28176516,0.24863598,-0.015481208,0.02465255
1866,0.6162133,0.26626274,0.23619281,-0.014685145,0.024675518
1867,0.6256669,0.25096875,0.2203687,-0.012569032,0.02463836
1868,0.63500756,0.23583175,0.20544557,-0.009320915,0.024542984
1869,0.6442913,0.22076796,0.19506304,-0.005297392,0.024394298
1870,0.6535825,0.20568933,0.19148134,-0.000988005,0.024199763
1871,0.66288525,0.19059414,0.19500193,0.003038597,0.023968361
1872,0.67223746,0.17542474,0.20403785,0.006271246,0.023706755
1873,0.681698,0.16010186,0.21557339,0.008363683,0.023421714
1874,0.6913091,0.14457674,0.22579291,0.009173877,0.023122711
1875,0.70108026,0.12885031,0.23098646,0.008790244,0.02282167
1876,0.71098,0.112962544,0.22840023,0.007508214,0.022530772
1877,0.7209464,0.096958905,0.21674359,0.005743837,0.022259813
1878,0.7309288,0.08087457,0.19615608,0.003914197,0.022013465
1879,0.74091434,0.06473666,0.16773733,0.00233684,0.021790752
1880,0.75090486,0.048566375,0.13291869,0.001177856,0.021586934
1881,0.7608982,0.03238092,0.09293167,0.000456839,0.021396134
1882,0.567222,0.3776823,0.10997306,-0.001908023,0.02390799
1883,0.5771716,0.36154097,0.1573419,-0.004065752,0.023940613
1884,0.5871199,0.34542635,0.19680747,-0.006670488,0.023998698
1885,0.59706,0.329357,0.2262975,-0.009345535,0.024077935
1886,0.6069698,0.31336224,0.2444548,-0.011683967,0.024163634
1887,0.61681235,0.29748476,0.25113505,-0.013301606,0.024235135
1888,0.62654644,0.28177592,0.24772319,-0.013889605,0.024272779
1889,0.6361416,0.26627475,0.23707649,-0.013267187,0.024263639
1890,0.6455945,0.2509804,0.2230334,-0.01142113,0.024203412
1891,0.6549363,0.2358431,0.20960103,-0.008517882,0.024093717
1892,0.6642242,0.2207801,0.200174,-0.0048853,0.023938494
1893,0.6735224,0.2057019,0.1968465,-0.000977867,0.02374399
1894,0.6828333,0.19060886,0.19987474,0.00267772,0.023518719
1895,0.6921952,0.17544091,0.20780559,0.005617444,0.023268538
1896,0.7016658,0.16011728,0.21787776,0.007523177,0.02299883
1897,0.71128553,0.14458865,0.22656982,0.008266387,0.022717975
1898,0.7210615,0.12885717,0.2304488,0.007929928,0.02243623
1899,0.7309626,0.112966605,0.22695914,0.006784094,0.022163654
1900,0.74093074,0.09696471,0.21489084,0.005206051,0.02190801
1901,0.7509146,0.080881715,0.1943328,0.003569001,0.021672744
1902,0.7609005,0.064741805,0.16623828,0.002153085,0.021456657
1903,0.770892,0.048568737,0.1318692,0.001103508,0.021255624
1904,0.78088576,0.032381468,0.09232007,0.00043864,0.021064818
1905,0.58713645,0.37767845,0.10770575,-0.001572562,0.023735175
1906,0.5970868,0.3615369,0.15414697,-0.003423396,0.023740148
1907,0.6070349,0.34542388,0.19305806,-0.005721299,0.023765836
1908,0.6169741,0.32935804,0.2224877,-0.008142861,0.023807751
1909,0.6268835,0.31336898,0.24112496,-0.010314611,0.023853222
1910,0.6367271,0.29749843,0.24880135,-0.011868434,0.02388519
1911,0.64646244,0.28179458,0.24680093,-0.012499063,0.023887869
1912,0.6560592,0.266294,0.23780157,-0.012020503,0.023851082
1913,0.66551554,0.2509972,0.22540152,-0.010406856,0.023771537
1914,0.6748636,0.23585719,0.21334982,-0.007805788,0.0236504
1915,0.6841598,0.22079259,0.20481054,-0.004519654,0.02349059
1916,0.6934677,0.20571333,0.20172328,-0.0009699,0.02329726
1917,0.70278895,0.19062242,0.20430796,0.002356781,0.023078341
1918,0.7121615,0.1754585,0.21123171,0.005038855,0.022838954
1919,0.7216415,0.16013953,0.21996711,0.006783966,0.022583207
1920,0.73126644,0.14461356,0.2272679,0.007475232,0.022318449
1921,0.7410418,0.12888132,0.22995876,0.007188386,0.022053435
1922,0.7509389,0.11298708,0.22566083,0.006168374,0.021796409
1923,0.76090664,0.096980795,0.21322492,0.004755548,0.0215535
1924,0.7708955,0.08089327,0.1926881,0.003284766,0.021327298
1925,0.7808858,0.06474816,0.16487487,0.002005287,0.021116618
1926,0.79087913,0.048570864,0.13089958,0.001045936,0.020917926
1927,0.8008733,0.032381788,0.091740936,0.000425728,0.02072725
1928,0.6070502,0.3776755,0.10579515,-0.001302797,0.023539111
1929,0.61700034,0.3615327,0.15138511,-0.002899074,0.023518268
1930,0.6269455,0.34542036,0.18974352,-0.004935119,0.02351402
1931,0.6368806,0.32935882,0.21905054,-0.007132663,0.023522014
1932,0.6467871,0.31337726,0.23806395,-0.009149553,0.023531532
1933,0.65663105,0.29751438,0.2466108,-0.010635281,0.023528738
1934,0.6663702,0.28181395,0.2458844,-0.011290943,0.023501148
1935,0.6759729,0.26631123,0.23839284,-0.01092825,0.023440795
1936,0.6854369,0.25100964,0.22750786,-0.009512038,0.023345117
1937,0.6947941,0.23586604,0.21673591,-0.007174396,0.023214802
1938,0.70410025,0.22080044,0.20902358,-0.004194632,0.023051841
1939,0.71341807,0.20572384,0.20616549,-0.000963243,0.02286036
1940,0.72275025,0.19063929,0.20835093,0.002071321,0.022647625
1941,0.73213315,0.17548619,0.21435575,0.00452603,0.022418136
1942,0.7416213,0.16017972,0.22187006,0.006132618,0.022174861
1943,0.75125027,0.14466272,0.22790572,0.006783939,0.02192415
1944,0.761025,0.1289304,0.229524,0.0065472,0.021673406
1945,0.7709186,0.113026716,0.22449885,0.005642172,0.021429382
1946,0.7808846,0.09700682,0.2117266,0.004375463,0.021196997
1947,0.79087687,0.080907114,0.19119632,0.003048486,0.020978235
1948,0.80087155,0.06475339,0.16362269,0.001884727,0.02077202
1949,0.8108665,0.04857212,0.1299945,0.001000338,0.020575374
1950,0.82086074,0.032381736,0.091187015,0.000416186,0.020384999
1951,0.6269642,0.37767395,0.10417434,-0.001089603,0.023320457
1952,0.6369146,0.36153027,0.14898261,-0.002476968,0.023276148
1953,0.6468553,0.34541824,0.18680076,-0.00429101,0.023244962
1954,0.6567831,0.32935944,0.21594617,-0.006291584,0.023222862
1955,0.6666859,0.3133826,0.23525624,-0.008165377,0.023200935
1956,0.6765311,0.2975233,0.2445652,-0.009580058,0.023168128
1957,0.6862764,0.28182232,0.24498674,-0.010245299,0.023114694
1958,0.6958882,0.2663155,0.23887356,-0.009973289,0.02303446
1959,0.7053622,0.25100976,0.22938627,-0.008723308,0.022925373
1960,0.7147291,0.23586537,0.21980211,-0.006614693,0.022787714
1961,0.7240447,0.220804,0.21286161,-0.003905914,0.02262264
1962,0.73337144,0.205737,0.21022184,-0.000958062,0.02243334
1963,0.74271405,0.19066457,0.21204771,0.001816877,0.022226404
1964,0.75210685,0.17552759,0.21721533,0.004070957,0.022005795
1965,0.76160276,0.16023651,0.22361737,0.005558081,0.021773474
1966,0.77123654,0.14472839,0.22850348,0.00617843,0.021534802
1967,0.7810129,0.12899284,0.22914812,0.005989987,0.02129605
1968,0.7909058,0.11307362,0.22345896,0.005188944,0.021062804
1969,0.8008698,0.097034015,0.21037078,0.004051302,0.020839114
1970,0.81086224,0.08091908,0.18983255,0.002849284,0.020626532
1971,0.82085866,0.06475698,0.16246459,0.001784489,0.0204241
1972,0.83085406,0.048572414,0.1291431,0.000963034,0.02022931
1973,0.8408483,0.03238175,0.0906546,0.000408577,0.02003942
1974,0.64687747,0.37767357,0.10278754,-0.000923962,0.023080586
1975,0.6568286,0.3615297,0.14687914,-0.00214148,0.02301541
1976,0.66676646,0.34541735,0.18417752,-0.003768252,0.022960465
1977,0.67668766,0.32935834,0.21313912,-0.005596044,0.022912165
1978,0.6865866,0.3133809,0.23268566,-0.007337976,0.0228632
1979,0.6964347,0.29751968,0.24266411,-0.008679885,0.022804867
1980,0.70618695,0.28181514,0.24412149,-0.009341727,0.022729645
1981,0.71580756,0.26630473,0.2392697,-0.009139098,0.022632837
1982,0.7252904,0.25099865,0.23107307,-0.008028669,0.02251273
1983,0.73466593,0.23585926,0.22259136,-0.00611932,0.022369234
1984,0.74399006,0.22080863,0.21636948,-0.003650301,0.022202794
1985,0.7533252,0.20575589,0.21393564,-0.000954471,0.022015799
1986,0.76267767,0.190698,0.21543823,0.001590234,0.021814167
1987,0.7720801,0.17557624,0.21984622,0.003667607,0.021601373
1988,0.78158426,0.16029696,0.22523738,0.005051267,0.021378504
1989,0.79122406,0.14479205,0.22907624,0.005646744,0.021150012
1990,0.8010041,0.12904875,0.22882833,0.005502972,0.020921255
1991,0.8108978,0.11311258,0.22252339,0.004794914,0.020696962
1992,0.8208603,0.09705417,0.20913455,0.003771376,0.020480493
1993,0.8308507,0.08092655,0.18857737,0.002678529,0.020273112
1994,0.8408467,0.06475882,0.16138738,0.001699066,0.020073945
1995,0.85084176,0.048572563,0.12833905,0.000931223,0.019880896
1996,0.86083585,0.032381773,0.090140305,0.000401863,0.019691672
1997,0.6667891,0.37767327,0.10158967,-0.000797384,0.022821318
1998,0.67674035,0.36152887,0.14502728,-0.001878015,0.022737933
1999,0.6866785,0.34541553,0.18183161,-0.003347524,0.022662373
2000,0.6965987,0.32935485,0.21059565,-0.005023757,0.022591563
2001,0.7064966,0.31337425,0.23033044,-0.006643865,0.022519646
2002,0.7163468,0.2975086,0.24090189,-0.00791214,0.022439873
2003,0.72610384,0.2818003,0.24329984,-0.008560359,0.02234654
2004,0.7357299,0.26628903,0.23960713,-0.008410011,0.022236098
2005,0.7452187,0.25098684,0.23260348,-0.007417125,0.022107052
2006,0.75460124,0.23585686,0.22514276,-0.005681559,0.021958979
2007,0.76393366,0.22081964,0.21958631,-0.00342443,0.021791745
2008,0.7732776,0.20578022,0.21734492,-0.00095189,0.02160706
2009,0.78264,0.19073418,0.21855801,0.001389142,0.021410197
2010,0.79205227,0.17562206,0.22227895,0.003310662,0.021204151
2011,0.8015652,0.16034758,0.22675112,0.004603809,0.020989327
2012,0.811212,0.14484046,0.22963138,0.00517819,0.020769386
2013,0.8209965,0.12908721,0.22855854,0.00507456,0.020548988
2014,0.8308915,0.11313678,0.2216779,0.004449262,0.020332167
2015,0.8408523,0.097065076,0.20800242,0.003526683,0.020121757
2016,0.85084033,0.080929704,0.18741776,0.002529596,0.01991879
2017,0.8608349,0.06475946,0.16038163,0.001624311,0.0197225
2018,0.8708295,0.048572633,0.12757643,0.000902813,0.019531121
2019,0.8808234,0.03238178,0.08964208,0.000395324,0.019342737
2020,0.6866993,0.3776724,0.10054232,-0.000702213,0.022544704
2021,0.6966489,0.3615266,0.1433849,-0.00167324,0.022445694
2022,0.7065887,0.34541118,0.17972526,-0.003011009,0.02235252
2023,0.7165132,0.32934865,0.2082854,-0.004554353,0.022262614
2024,0.72641474,0.31336635,0.22816871,-0.006061845,0.022171438
2025,0.7362667,0.29749885,0.23926918,-0.007256279,0.022073878
2026,0.7460245,0.28179,0.24252772,-0.007883104,0.021965679
2027,0.75565165,0.26628125,0.23990491,-0.00777157,0.021844147
2028,0.7651438,0.25098526,0.23400481,-0.006878184,0.021707945
2029,0.7745329,0.23586473,0.22748742,-0.005294426,0.021556335
2030,0.78387445,0.22083792,0.22254464,-0.003224237,0.021388749
2031,0.7932285,0.2058067,0.22048295,-0.00094928,0.021206304
2032,0.8026013,0.19076708,0.22143763,0.001211433,0.02101367
2033,0.812024,0.17565817,0.22453757,0.002994694,0.020813374
2034,0.82154596,0.16038288,0.2281722,0.004207604,0.020605363
2035,0.8311998,0.14487055,0.23017143,0.004763244,0.020392621
2036,0.84098864,0.12910856,0.22833353,0.004695342,0.020179255
2037,0.85088456,0.113148324,0.22091363,0.004143535,0.019968733
2038,0.8608438,0.09706915,0.20696479,0.003310308,0.019763447
2039,0.87082964,0.080930285,0.18634486,0.00239749,0.019564275
2040,0.88082296,0.06475948,0.15943986,0.001557164,0.01937056
2041,0.8908171,0.048572663,0.1268507,0.000876358,0.019180818
2042,0.9008109,0.032381784,0.08915873,0.000388509,0.018993434
2043,0.70660883,0.37767148,0.09961119,-0.000631815,0.022252869
2044,0.7165558,0.36152408,0.14191073,-0.001515366,0.022140637
2045,0.72649676,0.34540695,0.17781688,-0.002742507,0.02203264
2046,0.736427,0.32934302,0.2061754,-0.004169002,0.021926783
2047,0.7463337,0.31336066,0.2261797,-0.005572658,0.021819672
2048,0.7561868,0.29749498,0.23775692,-0.006694397,0.021707557
2049,0.7659428,0.28179002,0.24180663,-0.007294387,0.021587303
2050,0.7755691,0.2662867,0.24017385,-0.007210975,0.021456843
2051,0.7850643,0.25099665,0.23529473,-0.006401883,0.021314949
2052,0.79446095,0.23588187,0.2296482,-0.004950721,0.021160634
2053,0.8038132,0.22085983,0.22527169,-0.00304547,0.020993002
2054,0.8131789,0.20583121,0.22337878,-0.00094574,0.020812687
2055,0.8225629,0.19079293,0.22410296,0.001054646,0.020623771
2056,0.8319961,0.17568287,0.22664079,0.002714291,0.020428361
2057,0.84152687,0.16040409,0.22950998,0.003855217,0.020226136
2058,0.85118717,0.14488633,0.23069748,0.004393834,0.020019505
2059,0.86097956,0.12911811,0.22814937,0.004357425,0.019812118
2060,0.8708761,0.11315235,0.22022465,0.003870888,0.019606931
2061,0.880834,0.09706979,0.20601447,0.00311681,0.019406019
2062,0.8908183,0.08092993,0.18535121,0.002278396,0.01921015
2063,0.9008107,0.06475932,0.1585559,0.001495423,0.019018788
2064,0.9108047,0.048572674,0.12615843,0.000850899,0.018830676
2065,0.9207984,0.032381788,0.08868962,0.000381171,0.018644439
2066,0.72651887,0.3776712,0.098768,-0.000580625,0.021947926
2067,0.7364639,0.3615231,0.14056896,-0.00139432,0.021824647
2068,0.7464059,0.34540603,0.17606956,-0.002528152,0.021704348
2069,0.7563405,0.3293433,0.20423232,-0.003851314,0.021585368
2070,0.7662497,0.313363,0.22434068,-0.005159157,0.021465281
2071,0.7761009,0.29750088,0.23635456,-0.006210451,0.021341428
2072,0.7858538,0.28180107,0.24113552,-0.006780363,0.021211522
2073,0.7954802,0.26630297,0.24041967,-0.006716763,0.021073947
2074,0.80498075,0.25101632,0.23648524,-0.005979095,0.020927554
2075,0.8143875,0.23590267,0.23164365,-0.00464379,0.020771192
2076,0.8237521,0.2208804,0.22779132,-0.002884447,0.020603718
2077,0.8331303,0.20585072,0.22605789,-0.000940834,0.02042541
2078,0.84252554,0.19081067,0.22657597,0.000916146,0.020239787
2079,0.8519688,0.17569765,0.22860388,0.002464456,0.020048555
2080,0.86150765,0.16041508,0.23077215,0.003540263,0.019851282
2081,0.8711736,0.14489324,0.23121084,0.004062551,0.01964989
2082,0.880969,0.12912135,0.22800331,0.004054197,0.01944762
2083,0.890866,0.113153,0.21960555,0.00362565,0.01924699
2084,0.90082306,0.09706934,0.2051445,0.002941811,0.019049853
2085,0.9108064,0.080929495,0.1844296,0.002169389,0.018856913
2086,0.9207984,0.0647592,0.15772434,0.001437508,0.01866774
2087,0.9307922,0.048572678,0.12549706,0.000825827,0.018481268
2088,0.94078594,0.032381788,0.08823448,0.000373193,0.018296305
2089,0.7464305,0.37767157,0.09799189,-0.000543999,0.021631926
2090,0.75637543,0.36152387,0.13933371,-0.001301703,0.02149952
2091,0.7663182,0.34540808,0.17445849,-0.002356397,0.021369155
2092,0.7762546,0.32934886,0.20243563,-0.003587993,0.021239556
2093,0.786163,0.3133741,0.22263506,-0.004807438,0.021109061
2094,0.79600936,0.2975175,0.23505226,-0.005790958,0.020975858
2095,0.80575866,0.2818219,0.24051218,-0.00632894,0.020838305
2096,0.8153874,0.2663257,0.2406465,-0.006278775,0.020695126
2097,0.82489663,0.25103807,0.2375867,-0.005601666,0.02054522
2098,0.8343156,0.23592162,0.2334904,-0.004367962,0.020387337
2099,0.84369326,0.22089614,0.2301249,-0.002738329,0.02022018
2100,0.8530836,0.20586355,0.22854246,-0.000934503,0.020043785
2101,0.86248946,0.19082065,0.22887552,0.00079352,0.01986112
2102,0.8719419,0.17570485,0.23044002,0.00224128,0.019673543
2103,0.881488,0.16041972,0.23196407,0.003257626,0.019480556
2104,0.891159,0.14489558,0.23171286,0.003764158,0.019283598
2105,0.900957,0.12912191,0.22789253,0.003780311,0.019085785
2106,0.9108546,0.11315263,0.2190507,0.003403219,0.018889096
2107,0.9208113,0.09706882,0.2043477,0.002781834,0.01869527
2108,0.93079424,0.08092922,0.18357323,0.00206825,0.018504977
2109,0.940786,0.06475914,0.15694056,0.001382309,0.018317878
2110,0.95077974,0.04857268,0.12486454,0.000800771,0.01813306
2111,0.96077347,0.032381788,0.08779324,0.000364547,0.017949477
2112,0.7663438,0.37767226,0.097267665,-0.000518104,0.021306802
2113,0.7762905,0.3615255,0.13818704,-0.001230577,0.02116696
2114,0.7862333,0.3454109,0.17296733,-0.002217685,0.021028481
2115,0.7961677,0.329355,0.20077427,-0.003367999,0.020890437
2116,0.8060727,0.31338695,0.22105633,-0.00450635,0.020751724
2117,0.81591547,0.2975381,0.23384519,-0.005425223,0.020611158
2118,0.8256638,0.28184655,0.23993494,-0.005930176,0.020467594
2119,0.83529747,0.26634946,0.24085815,-0.005888251,0.020320024
2120,0.8448168,0.25105736,0.23860905,-0.005262715,0.020167422
2121,0.85424817,0.23593523,0.2352038,-0.004118582,0.020008465
2122,0.863638,0.22090502,0.23229137,-0.002604887,0.019841777
2123,0.87303907,0.20586915,0.23085186,-0.000926856,0.019667242
2124,0.8824545,0.19082387,0.23101835,0.000684707,0.019487273
2125,0.89191514,0.1757067,0.23216094,0.002041241,0.019302879
2126,0.9014678,0.16042076,0.23309167,0.003003039,0.019113624
2127,0.9111434,0.14489593,0.23220326,0.003494916,0.018920595
2128,0.9209439,0.12912168,0.22781359,0.003531717,0.018726608
2129,0.9308424,0.11315218,0.21855405,0.003200032,0.018533396
2130,0.9407991,0.09706849,0.20361699,0.002634226,0.018342534
2131,0.9507818,0.08092909,0.18277588,0.00197336,0.018154677
2132,0.9607735,0.06475912,0.15620059,0.001329081,0.01796957
2133,0.97076726,0.04857268,0.12425936,0.000775541,0.017786425
2134,0.980761,0.032381788,0.08736598,0.000355261,0.017604312
2135,0.7862579,0.37767267,0.096584864,-0.000499863,0.020974344
2136,0.7962074,0.3615268,0.13711576,-0.001175362,0.020828538
2137,0.8061501,0.34541318,0.17158134,-0.002104176,0.020683616
2138,0.8160799,0.32935914,0.19923587,-0.003182002,0.020538962
2139,0.8259803,0.3133957,0.21959786,-0.004246163,0.020393861
2140,0.83582187,0.29755336,0.23273128,-0.005104203,0.02024758
2141,0.8455734,0.2818658,0.23940387,-0.005575936,0.020099351
2142,0.8552143,0.2663668,0.24105838,-0.005538132,0.01994839
2143,0.86474365,0.251069,0.23956105,-0.004956637,0.019793764
2144,0.87418586,0.23594064,0.23679754,-0.003891878,0.019634105
2145,0.8835861,0.22090593,0.23430716,-0.002482341,0.01946804
2146,0.89299655,0.20586793,0.23300304,-0.000918142,0.019295324
2147,0.9024206,0.19082186,0.2330193,0.000587719,0.019117812
2148,0.91188854,0.17570525,0.23377705,0.001860912,0.01893619
2149,0.9214472,0.16042012,0.23416227,0.002772182,0.018750196
2150,0.9311272,0.1448956,0.23268287,0.003250131,0.018560788
2151,0.94093025,0.12912135,0.22776306,0.003304628,0.018370163
2152,0.9508298,0.11315189,0.21810974,0.0030131,0.01818004
2153,0.9607867,0.09706833,0.20294586,0.00249691,0.01799187
2154,0.9707694,0.08092904,0.18203215,0.001883534,0.01780629
2155,0.98076105,0.06475911,0.1555011,0.001277341,0.017623117
2156,0.9907548,0.04857268,0.12368026,0.000750064,0.017441662
2157,1.0007485,0.032381788,0.08695278,0.000345402,0.017261084
2158,0.80617183,0.37767228,0.095935844,-0.000486857,0.020636166
2159,0.81612384,0.36152658,0.13611008,-0.00113166,0.020485677
2160,0.82606655,0.34541428,0.17028753,-0.002009715,0.020335723
2161,0.8359926,0.3293622,0.19780514,-0.003022463,0.020185955
2162,0.84588945,0.31340116,0.21824728,-0.004018627,0.020035956
2163,0.85573167,0.29756096,0.2317049,-0.0048198,0.019885305
2164,0.8654882,0.28187358,0.23891906,-0.005259075,0.019733535
2165,0.87513673,0.2663714,0.24125108,-0.005222445,0.019580046
2166,0.8846753,0.25106812,0.24045067,-0.004678858,0.019423975
2167,0.89412725,0.23593526,0.2382839,-0.003684861,0.01926393
2168,0.90353686,0.22089875,0.23618682,-0.002369464,0.019098645
2169,0.9129558,0.20586136,0.23501095,-0.000908738,0.018927693
2170,0.9223876,0.19081666,0.23489137,0.000500963,0.01875246
2171,0.9318622,0.17570232,0.23529659,0.001697778,0.018573364
2172,0.94142634,0.16041894,0.23518053,0.002561721,0.018390274
2173,0.9511105,0.1448952,0.23315252,0.00302617,0.018204104
2174,0.9609162,0.12912112,0.22773789,0.003095933,0.018016476
2175,0.97081697,0.113151744,0.21771242,0.002840012,0.01782915
2176,0.9807742,0.097068265,0.20232856,0.002368274,0.017643461
2177,0.9907569,0.08092902,0.18133737,0.001797914,0.017460037
2178,1.0007486,0.06475911,0.15483929,0.001226791,0.017278753
2179,1.0107423,0.04857268,0.12312621,0.000724348,0.017099
2180,1.0207361,0.032381788,0.08655378,0.000335055,0.016920011
2181,0.8260849,0.37767166,0.095312566,-0.000477242,0.020293694
2182,0.83603776,0.36152565,0.13515832,-0.001095969,0.020139623
2183,0.84597963,0.3454142,0.16907434,-0.001929346,0.019985834
2184,0.8559033,0.32936382,0.19647096,-0.002883485,0.019832188
2185,0.86579865,0.31340328,0.21699467,-0.003817326,0.019678494
2186,0.87564284,0.29756096,0.23075956,-0.004565492,0.01952457
2187,0.8854049,0.28186893,0.23847912,-0.004973431,0.019370189
2188,0.89506155,0.26636127,0.24143958,-0.004935945,0.019214895
2189,0.9046096,0.25105402,0.24128523,-0.004425346,0.01905787
2190,0.91407126,0.23592019,0.23967397,-0.003495112,0.018897692
2191,0.92348987,0.22088568,0.2379434,-0.002265316,0.018733313
2192,0.93291664,0.20585196,0.23688895,-0.00089883,0.018564088
2193,0.94235533,0.19081043,0.23664606,0.000423481,0.018391
2194,0.9518359,0.17569926,0.23672642,0.001550234,0.018214228
2195,0.9614052,0.16041787,0.23614934,0.002369847,0.018033722
2196,0.9710936,0.1448949,0.23361233,0.002820726,0.017850433
2197,0.980902,0.129121,0.22773497,0.002903336,0.017665565
2198,0.9908041,0.11315167,0.21735719,0.00267892,0.01748082
2199,1.0007617,0.097068235,0.20175998,0.002247101,0.017297452
2200,1.0107445,0.08092902,0.18068752,0.001715894,0.017116094
2201,1.0207361,0.06475911,0.15421279,0.001177272,0.016936662
2202,1.0307299,0.04857268,0.122596346,0.000698454,0.016758615
2203,1.0407236,0.032381788,0.086169064,0.000324317,0.016581248
2204,0.84599674,0.37767163,0.09470803,-0.000469659,0.01994817
2205,0.8559485,0.36152586,0.13424878,-0.001065624,0.019791456
2206,0.8658881,0.34541434,0.16792934,-0.001859088,0.019634841
2207,0.87580955,0.32936284,0.19522505,-0.002760272,0.019478342
2208,0.88570464,0.31339923,0.21583432,-0.00363714,0.019321943
2209,0.895552,0.29755104,0.2298909,-0.004336103,0.019165644
2210,0.9053215,0.28185204,0.23808207,-0.004714089,0.019009387
2211,0.91498846,0.2663392,0.24162616,-0.004674458,0.018852834
2212,0.9245474,0.25103074,0.24207175,-0.004193,0.018695204
2213,0.93401873,0.23589982,0.24097747,-0.003320748,0.018535167
2214,0.94344527,0.22087058,0.23958862,-0.00216918,0.018371794
2215,0.95287853,0.20584245,0.23864909,-0.0008886,0.01820425
2216,0.9623232,0.19080497,0.23829386,0.000353918,0.018033143
2217,0.97180927,0.17569691,0.23807415,0.001416106,0.017858487
2218,0.98138386,0.16041714,0.23707168,0.002194777,0.017680425
2219,0.9910765,0.14489472,0.23406188,0.002631805,0.017499771
2220,1.0008878,0.12912095,0.22775127,0.002724946,0.017317466
2221,1.0107912,0.11315164,0.21703961,0.002528345,0.017135128
2222,1.0207492,0.09706822,0.20123564,0.002132468,0.016953956
2223,1.030732,0.08092901,0.18007904,0.001637058,0.016774584
2224,1.0407237,0.06475911,0.15361947,0.001128718,0.016596973
2225,1.0507174,0.04857268,0.122089885,0.000672477,0.016420634
2226,1.0607111,0.032381788,0.08579865,0.00031329,0.01624491
2227,0.8659072,0.37767214,0.09411936,-0.000463101,0.019600665
2228,0.8758565,0.3615268,0.13337657,-0.001038685,0.019442081
2229,0.8857929,0.34541476,0.16684473,-0.001796072,0.01928347
2230,0.89571166,0.32935938,0.19405837,-0.00264908,0.019124962
2231,0.90560746,0.31338876,0.21475838,-0.003473838,0.018966658
2232,0.91546106,0.2975326,0.22909209,-0.004127205,0.018808685
2233,0.92524153,0.2818268,0.2377241,-0.004476895,0.018651124
2234,0.934921,0.26631117,0.24181162,-0.004434571,0.018493751
2235,0.94449085,0.251005,0.2428157,-0.00397929,0.018335829
2236,0.9539701,0.23587984,0.24220225,-0.003160334,0.018176204
2237,0.9634023,0.22085738,0.24113284,-0.002080582,0.018013913
2238,0.97284025,0.20583501,0.24030207,-0.000878761,0.017847989
2239,0.9822902,0.1908013,0.23984435,0.000290625,0.01767871
2240,0.9917819,0.17569555,0.23934725,0.001293752,0.017506061
2241,1.0013621,0.16041677,0.23795024,0.002034296,0.017330384
2242,1.0110594,0.14489463,0.23450089,0.002457369,0.017152144
2243,1.0208734,0.1291209,0.22778407,0.00255905,0.016972223
2244,1.0307782,0.11315162,0.21675578,0.002387059,0.016792135
2245,1.0407367,0.09706821,0.20075156,0.002023656,0.016613051
2246,1.0507195,0.08092901,0.17950886,0.001561125,0.016435603
2247,1.0607111,0.06475911,0.1530575,0.001081131,0.016259782
2248,1.0707049,0.04857268,0.12160609,0.00064653,0.016085146
2249,1.0806986,0.032381788,0.085442536,0.000302072,0.015911072
2250,0.88581747,0.3776727,0.09354581,-0.000456843,0.019252079
2251,0.89576405,0.36152777,0.13253896,-0.001013724,0.01909225
2252,0.90569645,0.34541437,0.16581598,-0.00173819,0.018932315
2253,0.9156128,0.3293541,0.19296224,-0.002547168,0.018772477
2254,0.9255113,0.31337506,0.21375589,-0.00332396,0.018612893
2255,0.9353753,0.297511,0.22835356,-0.003935135,0.01845379
2256,0.9451698,0.2818006,0.23739938,-0.004258388,0.01829538
2257,0.95486176,0.26628506,0.24199508,-0.00421335,0.018137584
2258,0.96443945,0.2509833,0.24352072,-0.003781921,0.017979683
2259,0.973923,0.23586479,0.24335375,-0.003012205,0.017820762
2260,0.98335856,0.22084862,0.24258389,-0.001998945,0.017659593
2261,0.9928003,0.2058308,0.2418568,-0.0008698,0.017495224
2262,1.0022557,0.19079973,0.2413062,0.00023274,0.017327642
2263,1.0117536,0.17569517,0.24055223,0.001180922,0.017157001
2264,1.02134,0.1604167,0.23878792,0.001886167,0.016983613
2265,1.0310421,0.14489461,0.2349292,0.002295581,0.016807554
2266,1.0408592,0.12912089,0.22783107,0.002404187,0.016629837
2267,1.0507652,0.11315161,0.2165022,0.00225406,0.016451873
2268,1.0607241,0.097068205,0.20030424,0.001920121,0.01627479
2269,1.0707071,0.08092901,0.17897423,0.001487915,0.01609921
2270,1.0806987,0.06475911,0.1525252,0.001034552,0.01592515
2271,1.0906924,0.04857268,0.12114427,0.000620732,0.015752202
2272,1.1006862,0.032381788,0.08510062,0.000290758,0.01557978
2273,0.90572846,0.37767363,0.092985384,-0.000450442,0.018903166
2274,0.9156736,0.3615301,0.13172965,-0.000989774,0.018742576
2275,0.9256032,0.34541598,0.16483238,-0.001683698,0.018581836
2276,0.93551785,0.32934925,0.19192654,-0.002452205,0.0184212
2277,0.9454228,0.31336322,0.21281442,-0.003184749,0.018260827
2278,0.9552991,0.29749253,0.22766525,-0.003756877,0.01810104
2279,0.9651069,0.28177997,0.23710191,-0.004055829,0.017942203
2280,0.97480726,0.26626655,0.24217497,-0.004008373,0.017784366
2281,0.98438835,0.2509699,0.24418902,-0.003598881,0.017626798
2282,0.99387354,0.23585702,0.2444363,-0.002874672,0.01746879
2283,1.0033115,0.22084522,0.24394728,-0.001923374,0.017308788
2284,1.0127577,0.20582992,0.24332137,-0.000860816,0.017145881
2285,1.0222191,0.19080003,0.24268544,0.000178872,0.016980018
2286,1.0317242,0.17569557,0.24169421,0.001076546,0.0168113
2287,1.0413176,0.16041687,0.2395876,0.001748842,0.016639976
2288,1.0510248,0.14489461,0.23534688,0.002145015,0.016465938
2289,1.0608449,0.12912087,0.22789027,0.002259211,0.016290292
2290,1.0707523,0.113151595,0.21627587,0.002128569,0.01611435
2291,1.0807115,0.097068205,0.19989061,0.001821455,0.015939197
2292,1.0906945,0.08092901,0.17847268,0.001417317,0.01576544
2293,1.1006862,0.06475911,0.15202104,0.000989048,0.015593111
2294,1.11068,0.04857268,0.120703734,0.000595202,0.015421835
2295,1.1206737,0.032381788,0.084772766,0.000279433,0.015251051
2296,0.92563957,0.37767515,0.092436746,-0.000443673,0.018554572
2297,0.9355849,0.36153424,0.13094531,-0.000966294,0.018393602
2298,0.94551575,0.3454221,0.16388506,-0.001631619,0.018232428
2299,0.9554334,0.32935202,0.19093476,-0.002362161,0.018071376
2300,0.96534586,0.31335843,0.21192215,-0.003053885,0.017910616
2301,0.9752335,0.2974841,0.22701666,-0.003590108,0.017750552
2302,0.98504853,0.28176984,0.23682594,-0.00386688,0.017591698
2303,0.99475116,0.26625863,0.24234954,-0.003817496,0.01743418
2304,1.0043321,0.25096592,0.24482195,-0.003428619,0.017277211
2305,1.0138183,0.23585653,0.24545464,-0.002746204,0.017120194
2306,1.02326,0.22084661,0.24522793,-0.001851053,0.016961433
2307,1.0327121,0.20583175,0.24469957,-0.000851186,0.01679984
2308,1.0421807,0.19080165,0.24398787,0.000129354,0.01663559
2309,1.0516939,0.17569645,0.24277717,0.000980178,0.016468778
2310,1.0612947,0.16041715,0.24035163,0.001621359,0.016299346
2311,1.0710074,0.14489464,0.23575386,0.002004619,0.016127229
2312,1.0808306,0.12912086,0.22795989,0.00212323,0.01595356
2313,1.0907393,0.11315159,0.21607408,0.002009979,0.015779566
2314,1.100699,0.0970682,0.19950788,0.001727354,0.015606281
2315,1.1106821,0.080929,0.178002,0.001349272,0.015434304
2316,1.1206738,0.06475911,0.15154359,0.000944694,0.015263677
2317,1.1306674,0.04857268,0.1202838,0.000570049,0.015094048
2318,1.1406612,0.032381788,0.08445876,0.000268173,0.014924885
2319,0.94555044,0.37767634,0.09190199,-0.000436399,0.018206839
2320,0.9554965,0.36153755,0.13019021,-0.000942977,0.018045802
2321,0.96543217,0.34542838,0.16297904,-0.001581458,0.017884497
2322,0.9753586,0.3293617,0.1899836,-0.002276402,0.0177233
2323,0.9852788,0.31336594,0.21106811,-0.002929706,0.017562486
2324,0.9951708,0.2974867,0.22640234,-0.00343299,0.017402526
2325,1.0049866,0.28177154,0.23656738,-0.003689681,0.017244007
2326,1.0146873,0.26626122,0.24251741,-0.003638906,0.017087078
2327,1.0242676,0.2509702,0.24542016,-0.003270002,0.016930921
2328,1.0337565,0.2358617,0.24641506,-0.002625398,0.01677481
2329,1.0432043,0.22085132,0.24643205,-0.001781714,0.016617166
2330,1.0526645,0.20583525,0.2459963,-0.000840679,0.01645689
2331,1.0621414,0.19080393,0.24521825,8.46893E-05,0.01629426
2332,1.0716634,0.17569749,0.2438044,0.000891454,0.016129285
2333,1.0812716,0.16041744,0.24108179,0.00150301,0.01596164
2334,1.09099,0.14489467,0.23615001,0.001873576,0.015791375
2335,1.1008162,0.12912084,0.22803828,0.00199554,0.015619613
2336,1.1107264,0.11315157,0.21589436,0.001897812,0.015447502
2337,1.1206864,0.09706819,0.19915356,0.001637592,0.015276037
2338,1.1306696,0.080929,0.17756018,0.001283748,0.0151058
2339,1.1406612,0.06475911,0.15109153,0.000901569,0.014936842
2340,1.150655,0.04857268,0.11988375,0.000545371,0.014768834
2341,1.1606487,0.032381788,0.084158346,0.000257045,0.014601265
2342,0.96546173,0.37767625,0.091383435,-0.000428507,0.017860396
2343,0.97540826,0.36153752,0.12946838,-0.000919504,0.017699562
2344,0.98534805,0.3454296,0.16212137,-0.001532605,0.01753841
2345,0.995282,0.329367,0.18908705,-0.002194449,0.017377364
2346,1.0052081,0.31337565,0.21026014,-0.00281204,0.017216785
2347,1.0151005,0.29749656,0.22582136,-0.003284524,0.017057223
2348,1.0249139,0.28178042,0.23632544,-0.003522828,0.01689928
2349,1.0346133,0.2662708,0.24267818,-0.00347131,0.016743077
2350,1.0441955,0.25097993,0.245985,-0.003121494,0.016587863
2351,1.0536901,0.23587012,0.2473224,-0.002511543,0.016432533
2352,1.0631464,0.22085758,0.2475654,-0.00171602,0.01627594
2353,1.0726161,0.20583926,0.24721761,-0.000829414,0.016116995
2354,1.0821022,0.1908062,0.246381,4.462E-05,0.015955977
2355,1.0916331,0.17569841,0.24477892,0.00080983,0.015792744
2356,1.101249,0.16041766,0.24177961,0.001393126,0.015626803
2357,1.1109725,0.14489467,0.23653516,0.001751181,0.015458334
2358,1.1208019,0.12912083,0.22812393,0.001875547,0.015288421
2359,1.1307133,0.113151565,0.21573453,0.001791673,0.01511814
2360,1.1406739,0.09706819,0.19882537,0.001551983,0.014948446
2361,1.1506572,0.080929,0.17714533,0.001220727,0.014779909
2362,1.1606488,0.06475911,0.15066361,0.000859741,0.014612584
2363,1.1706425,0.04857268,0.11950292,0.000521254,0.014446165
2364,1.1806363,0.032381788,0.08387121,0.000246103,0.014280161
2365,0.98537385,0.3776753,0.090880066,-0.000419942,0.017515594
2366,0.99532056,0.36153504,0.12877661,-0.000895614,0.017355178
2367,1.0052614,0.34542653,0.16130826,-0.001484544,0.017194433
2368,1.0151974,0.32936558,0.18824513,-0.00211542,0.01703382
2369,1.0251249,0.3133783,0.20950542,-0.002700071,0.016873747
2370,1.0350175,0.2975045,0.22527796,-0.003144164,0.016714796
2371,1.0448308,0.28179213,0.23610014,-0.003365553,0.016557554
2372,1.054532,0.26628378,0.2428322,-0.003313681,0.01640213
2373,1.0641192,0.25099182,0.24651888,-0.002981609,0.016247872
2374,1.0736219,0.23587938,0.24817945,-0.002404216,0.016093334
2375,1.083088,0.22086371,0.2486331,-0.001653536,0.015937755
2376,1.0925682,0.2058427,0.24836895,-0.000817341,0.015780112
2377,1.102064,0.19080783,0.24748026,8.82568E-06,0.015620662
2378,1.1116037,0.17569894,0.24570355,0.000734772,0.015459081
2379,1.1212267,0.16041775,0.24244647,0.001291096,0.015294785
2380,1.1309552,0.14489467,0.23690918,0.00163682,0.015128066
2381,1.1407876,0.1291208,0.22821552,0.001762742,0.014959947
2382,1.1507004,0.11315155,0.2155926,0.001691227,0.014791445
2383,1.1606613,0.09706818,0.19852127,0.001470377,0.014623479
2384,1.1706446,0.080929,0.17675576,0.001160194,0.0144566
2385,1.1806363,0.06475911,0.15025862,0.000819267,0.014290872
2386,1.1906301,0.04857268,0.11914057,0.000497766,0.014126005
2387,1.2006238,0.032381788,0.083597004,0.000235391,0.013961531
2388,1.005286,0.37767455,0.090389445,-0.000410743,0.017172717
2389,1.0152326,0.36153278,0.12810837,-0.00087125,0.017012883
2390,1.0251733,0.34542307,0.16053016,-0.001437051,0.01685273
2391,1.0351096,0.32936352,0.18744522,-0.002038808,0.016692737
2392,1.0450372,0.31338042,0.20879248,-0.002592756,0.016533356
2393,1.0549295,0.29751238,0.22476734,-0.00301074,0.016375162
2394,1.0647435,0.2818047,0.23589042,-0.003216845,0.016218713
2395,1.074448,0.2662974,0.2429802,-0.003164958,0.016064115
2396,1.084042,0.25100338,0.24702431,-0.002849478,0.01591077
2397,1.0935541,0.23588741,0.24898906,-0.002302887,0.015757104
2398,1.1030312,0.2208684,0.24964023,-0.001593947,0.015602542
2399,1.1125218,0.20584491,0.24945527,-0.000804443,0.015446176
2400,1.1220272,0.19080852,0.24851982,-2.30164E-05,0.015288241
2401,1.1315752,0.17569901,0.24658097,0.000665781,0.015128234
2402,1.1412048,0.16041772,0.24308367,0.00119636,0.014965536
2403,1.150938,0.14489464,0.23727193,0.001529943,0.014800525
2404,1.1607734,0.12912078,0.2283118,0.001656678,0.014634153
2405,1.1706874,0.11315154,0.21546675,0.00159618,0.014467381
2406,1.1806488,0.097068176,0.19823939,0.001392634,0.014301097
2407,1.1906322,0.080929,0.17638986,0.001102131,0.014135835
2408,1.2006239,0.06475911,0.1498754,0.000780192,0.013971662
2409,1.2106175,0.04857268,0.118796006,0.000474962,0.013808309
2410,1.2206113,0.032381788,0.08333536,0.000224946,0.013645327
2411,1.0251976,0.3776743,0.0899109,-0.000400991,0.016831981
2412,1.0351437,0.3615318,0.12746064,-0.000846483,0.016672859
2413,1.0450845,0.34542146,0.15978119,-0.001390021,0.01651343
2414,1.0550218,0.32936352,0.18668054,-0.001964272,0.016354185
2415,1.0649492,0.3133849,0.20811465,-0.002489566,0.016195612
2416,1.07484,0.29752168,0.22428524,-0.002883502,0.016038278
2417,1.0846545,0.28181678,0.23569529,-0.003075837,0.01588269
2418,1.0943636,0.26630914,0.24312298,-0.003024313,0.015728937
2419,1.103966,0.2510121,0.24750379,-0.002724311,0.015576478
2420,1.1134887,0.23589256,0.24975367,-0.002207092,0.015423799
2421,1.1229767,0.22087087,0.25059152,-0.001536992,0.015270227
2422,1.1324772,0.20584585,0.25048116,-0.000790765,0.015115134
2423,1.1419915,0.19080853,0.24950324,-5.12528E-05,0.014958658
2424,1.1515474,0.17569886,0.24741377,0.000602394,0.014800154
2425,1.1611831,0.16041766,0.24369247,0.001108405,0.014639013
2426,1.170921,0.14489463,0.23762338,0.001430058,0.014475665
2427,1.1807591,0.12912077,0.22841175,0.001556956,0.01431099
2428,1.1906744,0.11315153,0.2153554,0.001506266,0.014145902
2429,1.2006363,0.097068176,0.197978,0.001318624,0.013981254
2430,1.2106197,0.080929,0.17604618,0.001046509,0.013817564
2431,1.2206113,0.06475911,0.14951287,0.000742544,0.013654905
2432,1.2306051,0.04857268,0.11846851,0.000452881,0.013493025
2433,1.2405988,0.032381788,0.08308588,0.000214794,0.013331493
2434,1.0451097,0.3776743,0.089445435,-0.000390772,0.016493548
2435,1.055056,0.36153167,0.1268337,-0.000821388,0.016335221
2436,1.0649964,0.34542155,0.15905996,-0.001343424,0.016176617
2437,1.0749323,0.32936504,0.18594947,-0.001891651,0.016018242
2438,1.0848578,0.31339028,0.20747101,-0.002390277,0.015860574
2439,1.0947471,0.2975307,0.22383069,-0.002762064,0.01570416
2440,1.104564,0.28182656,0.23551428,-0.00294189,0.015549458
2441,1.1142803,0.2663165,0.24326156,-0.002890935,0.015396558
2442,1.1238931,0.25101623,0.24795923,-0.002605591,0.01524496
2443,1.1334269,0.23589423,0.2504759,-0.002116378,0.015093323
2444,1.142925,0.22087151,0.25149116,-0.001482502,0.014940757
2445,1.1524343,0.20584644,0.25145084,-0.000776455,0.014786945
2446,1.1619567,0.19080883,0.25043395,-7.62213E-05,0.014631857
2447,1.1715195,0.17569906,0.24820447,0.000544153,0.014474795
2448,1.1811614,0.16041774,0.24427414,0.001026747,0.014315168
2449,1.1909038,0.14489463,0.23796347,0.001336725,0.014153438
2450,1.2007447,0.12912075,0.22851437,0.001463208,0.013990414
2451,1.2106615,0.11315152,0.21525705,0.001421235,0.013826959
2452,1.2206237,0.09706817,0.19773555,0.001248217,0.013663897
2453,1.2306073,0.080928996,0.17572331,0.000993293,0.013501734
2454,1.2405989,0.06475911,0.14917,0.000706336,0.013340545
2455,1.2505926,0.04857268,0.11815738,0.000431553,0.013180093
2456,1.2605864,0.032381788,0.08284815,0.000204954,0.01301997
2457,1.0650225,0.37767428,0.08899384,-0.000380162,0.016157532
2458,1.0749701,0.361532,0.12622805,-0.000796052,0.016000053
2459,1.08491,0.34542286,0.15836608,-0.001297304,0.015842348
2460,1.0948421,0.32936758,0.1852507,-0.001820817,0.015684938
2461,1.1047633,0.31339398,0.20686203,-0.00229462,0.015528258
2462,1.1146529,0.29753533,0.2234051,-0.002646053,0.015372787
2463,1.1244755,0.28182995,0.23534875,-0.002814495,0.015218967
2464,1.1342018,0.2663177,0.24339695,-0.00276428,0.01506691
2465,1.1438253,0.25101578,0.24839194,-0.002493009,0.014916176
2466,1.153369,0.23589389,0.25115842,-0.00203035,0.014765602
2467,1.1628757,0.22087222,0.25234282,-0.001430475,0.014614099
2468,1.1723927,0.20584838,0.25236833,-0.000761617,0.014461553
2469,1.1819224,0.19081067,0.2513152,-9.83058E-05,0.014307791
2470,1.191492,0.17570025,0.24895558,0.000490509,0.01415211
2471,1.2011396,0.16041817,0.24483012,0.000950844,0.013993951
2472,1.2108866,0.14489469,0.23829232,0.001249461,0.013833799
2473,1.2207304,0.12912074,0.22861886,0.001375058,0.01367237
2474,1.2306485,0.113151506,0.2151704,0.001340835,0.013510495
2475,1.2406112,0.09706816,0.19751059,0.001181281,0.013348971
2476,1.2505947,0.080928996,0.17541999,0.000942434,0.013188286
2477,1.2605864,0.06475911,0.14884576,0.000671569,0.013028521
2478,1.2705802,0.04857268,0.11786192,0.000410994,0.012869452
2479,1.2805738,0.032381788,0.08262174,0.00019544,0.012710692
2480,1.0849353,0.37767416,0.08855644,-0.000369242,0.015824031
2481,1.0948844,0.36153233,0.12564425,-0.000770594,0.015667448
2482,1.1048243,0.3454245,0.15770008,-0.001251805,0.015510676
2483,1.1147546,0.3293711,0.18458217,-0.001751832,0.015354246
2484,1.1246741,0.3133971,0.2062839,-0.002202326,0.015198554
2485,1.134566,0.29753605,0.2230059,-0.002534967,0.015044024
2486,1.1443958,0.2818283,0.23519692,-0.00269305,0.01489109
2487,1.1541309,0.26631507,0.24352843,-0.002643893,0.014739901
2488,1.1637629,0.2510146,0.24880229,-0.00238625,0.014590071
2489,1.1733142,0.23589523,0.25180334,-0.001948739,0.014440581
2490,1.182828,0.22087581,0.25314954,-0.001380787,0.014290204
2491,1.1923518,0.20585313,0.2532375,-0.000746706,0.014138909
2492,1.2018887,0.1908148,0.25214985,-0.000117961,0.013986444
2493,1.2114649,0.17570275,0.24966937,0.000441058,0.013832049
2494,1.2211182,0.16041909,0.24536157,0.000880283,0.013675312
2495,1.2308695,0.14489482,0.23861007,0.001167837,0.013516686
2496,1.2407161,0.12912072,0.22872454,0.00129216,0.013356798
2497,1.2506356,0.1131515,0.21509428,0.001264828,0.01319645
2498,1.2605987,0.09706816,0.1973018,0.001117676,0.013036411
2499,1.2705823,0.080928996,0.175135,0.000893876,0.012877156
2500,1.280574,0.06475911,0.1485392,0.000638234,0.012718767
2501,1.2905676,0.04857268,0.11758145,0.000391211,0.012561037
2502,1.3005614,0.032381788,0.08240623,0.000186262,0.012403596
2503,1.1048473,0.3776739,0.08813342,-0.000358093,0.015493112
2504,1.1147966,0.36153224,0.12508269,-0.000745124,0.015337467
2505,1.1247374,0.34542522,0.15706311,-0.001207016,0.01518165
2506,1.1346701,0.3293734,0.18394563,-0.001684799,0.015026165
2507,1.1445944,0.31339973,0.20573457,-0.002113354,0.014871396
2508,1.1544919,0.29753616,0.22262849,-0.002428422,0.01471778
2509,1.1643271,0.2818268,0.23505443,-0.002577094,0.014565758
2510,1.1740676,0.26631528,0.24365301,-0.002529382,0.014415491
2511,1.1837045,0.25101846,0.24918969,-0.002284978,0.014266624
2512,1.1932609,0.23590238,0.25241238,-0.001871118,0.01411825
2513,1.2027805,0.22088425,0.2539134,-0.001333169,0.013969052
2514,1.2123109,0.20586102,0.2540614,-0.000732026,0.013818948
2515,1.2218548,0.1908208,0.2529409,-0.000135523,0.013667704
2516,1.2314379,0.17570606,0.25034788,0.00039557,0.01351453
2517,1.241097,0.16042028,0.24586947,0.00081474,0.013359183
2518,1.2508525,0.14489502,0.23891686,0.001091506,0.013202033
2519,1.2607018,0.12912071,0.2288308,0.001214204,0.013043635
2520,1.2706226,0.11315149,0.21502765,0.001192985,0.012884759
2521,1.2805861,0.09706815,0.19710803,0.001057268,0.012726154
2522,1.2905698,0.080928996,0.17486724,0.000847555,0.012568278
2523,1.3005614,0.06475911,0.1482494,0.000606312,0.012411218
2524,1.3105552,0.04857268,0.1173153,0.000372207,0.012254779
2525,1.3205489,0.032381788,0.08220119,0.000177422,0.012098611
2526,1.1247585,0.3776734,0.08772496,-0.000346804,0.0151648
2527,1.1347071,0.36153167,0.12454309,-0.000719764,0.015010131
2528,1.1446496,0.34542507,0.15645397,-0.001163006,0.014855269
2529,1.1545883,0.3293738,0.18334049,-0.001619647,0.014700694
2530,1.1645213,0.31340095,0.20521355,-0.002027608,0.014546803
2531,1.1744261,0.29753846,0.22226875,-0.002326258,0.014394084
2532,1.184265,0.28183147,0.23491618,-0.002466344,0.014243003
2533,1.1940072,0.26632437,0.24376759,-0.002420439,0.014093705
2534,1.2036463,0.25103167,0.24955364,-0.002188795,0.013945838
2535,1.2132065,0.23591691,0.25298735,-0.001797025,0.013798565
2536,1.2227317,0.22089724,0.2546359,-0.001287457,0.013650563
2537,1.2322687,0.20587082,0.25484264,-0.000717338,0.013501584
2538,1.2418202,0.1908274,0.25369105,-0.00015095,0.013351457
2539,1.2514105,0.17570938,0.2509929,0.000353844,0.013199494
2540,1.2610755,0.16042143,0.24635461,0.000753933,0.013045505
2541,1.2708354,0.14489523,0.23921275,0.001020139,0.012889779
2542,1.2806875,0.1291207,0.22893709,0.001140898,0.012732812
2543,1.2906096,0.113151476,0.21496955,0.001125094,0.012575354
2544,1.3005736,0.097068146,0.19692814,0.000999925,0.01241813
2545,1.3105574,0.080928996,0.17461565,0.000803404,0.012261584
2546,1.320549,0.06475911,0.14797549,0.000575778,0.012105804
2547,1.3305427,0.04857268,0.11706281,0.000353976,0.011950611
2548,1.3405365,0.032381788,0.08200619,0.000168924,0.011795671
2549,1.1446694,0.37767255,0.08733122,-0.000335443,0.014839092
2550,1.1546168,0.36153033,0.124025434,-0.000694618,0.014685414
2551,1.1645616,0.3454242,0.15587124,-0.001119888,0.014531511
2552,1.1745076,0.3293741,0.18276262,-0.001556378,0.014377832
2553,1.1844493,0.31340376,0.20471558,-0.001944907,0.01422482
2554,1.1943597,0.29754645,0.22192198,-0.002228266,0.014073018
2555,1.2042005,0.2818461,0.23477843,-0.002360585,0.013922896
2556,1.2139432,0.26634437,0.2438707,-0.002316746,0.01377458
2557,1.2235842,0.25105342,0.24989496,-0.002097306,0.013627701
2558,1.2331487,0.23593645,0.25353077,-0.001726096,0.013481446
2559,1.2426802,0.22091213,0.25531894,-0.001243935,0.013334652
2560,1.2522242,0.20588058,0.25558418,-0.000702863,0.013186725
2561,1.261784,0.19083326,0.25440314,-0.000165042,0.013037734
2562,1.2713821,0.17571208,0.25160664,0.000315223,0.012886922
2563,1.2810537,0.1604223,0.24681807,0.000697294,0.012734244
2564,1.2908183,0.14489536,0.23949797,0.000953309,0.012579862
2565,1.3006732,0.12912068,0.22904299,0.001071929,0.012424261
2566,1.3105967,0.11315147,0.21491913,0.001060937,0.012268163
2567,1.320561,0.097068146,0.19676113,0.000945514,0.012112266
2568,1.3305448,0.080928996,0.17437927,0.000761353,0.011957001
2569,1.3405365,0.06475911,0.14771666,0.000546603,0.011802455
2570,1.3505303,0.04857268,0.11682335,0.000336511,0.011648461
2571,1.3605239,0.032381788,0.081820816,0.000160766,0.011494704
2572,1.1645812,0.37767154,0.086951695,-0.000324082,0.014515965
2573,1.1745276,0.36152887,0.12352788,-0.000669762,0.014363275
2574,1.1844736,0.3454233,0.15531278,-0.001077733,0.014210348
2575,1.1944244,0.3293758,0.18220837,-0.001495026,0.014057601
2576,1.2043717,0.3134106,0.20423627,-0.001865184,0.013905507
2577,1.2142853,0.29756093,0.22158599,-0.002134291,0.013754647
2578,1.2241269,0.28186834,0.23464169,-0.002259583,0.01360549
2579,1.2338709,0.26637036,0.24396431,-0.002217903,0.013458138
2580,1.2435153,0.2510779,0.25021622,-0.002009888,0.013312235
2581,1.2530857,0.23595585,0.25404432,-0.001658151,0.013166956
2582,1.2626249,0.2209254,0.2559649,-0.001201102,0.013021304
2583,1.2721771,0.20588855,0.25628594,-0.000688247,0.012874455
2584,1.2817459,0.1908376,0.25507927,-0.000177714,0.012726426
2585,1.2913526,0.17571393,0.25219074,0.000279485,0.012576757
2586,1.3010314,0.16042285,0.24726091,0.000644467,0.012425303
2587,1.310801,0.14489543,0.23977286,0.000890678,0.012272201
2588,1.3206589,0.12912066,0.22914818,0.001007021,0.012117908
2589,1.3305837,0.11315145,0.21487565,0.001000315,0.011963116
2590,1.3405484,0.09706814,0.19660607,0.000893904,0.011808495
2591,1.3505324,0.08092899,0.17415716,0.000721331,0.011654461
2592,1.360524,0.06475911,0.14747207,0.000518752,0.011501102
2593,1.3705177,0.04857268,0.116596326,0.000319799,0.011348262
2594,1.3805115,0.032381788,0.08164465,0.000152946,0.011195641
2595,1.1844934,0.37767097,0.08658482,-0.000312791,0.014195398
2596,1.1944392,0.3615287,0.123046875,-0.000645284,0.01404369
2597,1.2043839,0.3454241,0.15477455,-0.001036564,0.013891769
2598,1.2143346,0.3293796,0.18167558,-0.001435544,0.013740013
2599,1.2242826,0.31342015,0.20377588,-0.001788348,0.013588896
2600,1.2341973,0.29757726,0.22126396,-0.002044168,0.013438995
2601,1.2440407,0.2818899,0.23451105,-0.002163056,0.013290782
2602,1.253788,0.2663932,0.24405307,-0.00212347,0.013144366
2603,1.2634385,0.25109783,0.2505207,-0.001926223,0.012999378
2604,1.273017,0.23597053,0.25453067,-0.001592649,0.012855044
2605,1.2825656,0.22093482,0.2565762,-0.001159386,0.012710363
2606,1.2921276,0.20589387,0.25695008,-0.000673338,0.012564509
2607,1.3017063,0.19084018,0.255721,-0.000188664,0.012417449
2608,1.3113226,0.17571488,0.25274667,0.000246569,0.012268871
2609,1.3210089,0.16042309,0.24768412,0.000595242,0.01211859
2610,1.3307837,0.14489545,0.24003768,0.00083199,0.011966713
2611,1.3406446,0.12912065,0.22925238,0.000945935,0.011813675
2612,1.3505708,0.113151446,0.21483846,0.000943041,0.011660137
2613,1.3605359,0.09706813,0.19646214,0.000844971,0.011506743
2614,1.3705199,0.08092899,0.17394847,0.000683264,0.011353891
2615,1.3805115,0.06475911,0.14724101,0.000492189,0.011201673
2616,1.3905053,0.04857268,0.116381116,0.000303823,0.011049942
2617,1.400499,0.032381788,0.081477284,0.000145457,0.010898415
2618,1.2044045,0.37767133,0.086229205,-0.000301608,0.013877377
2619,1.2143476,0.36152995,0.12258174,-0.000621263,0.013726665
2620,1.224288,0.3454262,0.15425634,-0.000996421,0.013575779
2621,1.2342348,0.32938382,0.18116562,-0.0013779,0.013425062
2622,1.2441808,0.3134286,0.2033378,-0.001714323,0.013274945
2623,1.254096,0.2975903,0.22095983,-0.001957736,0.013125999
2624,1.2639431,0.28190538,0.23438995,-0.002070694,0.012978697
2625,1.2736961,0.26640835,0.24413978,-0.002033144,0.012833161
2626,1.2833546,0.25111026,0.25081065,-0.001846003,0.01268904
2627,1.2929434,0.23597921,0.25499186,-0.001529638,0.012545556
2628,1.3025033,0.22093996,0.25715497,-0.001118958,0.012401749
2629,1.3120766,0.2058964,0.25757897,-0.000658191,0.01225682
2630,1.3216661,0.19084105,0.25633013,-0.000197981,0.012110714
2631,1.3312923,0.175715,0.25327575,0.000216331,0.011963183
2632,1.3409864,0.16042303,0.24808854,0.000549412,0.011814022
2633,1.3507664,0.14489542,0.24029274,0.000777008,0.011663321
2634,1.3606303,0.12912063,0.22935535,0.000888455,0.011511489
2635,1.3705578,0.11315143,0.21480694,0.000888945,0.011359154
2636,1.3805233,0.09706813,0.19632852,0.000798597,0.011206937
2637,1.3905075,0.08092899,0.1737524,0.000647079,0.011055223
2638,1.4004991,0.06475911,0.14702274,0.000466875,0.0109041
2639,1.4104928,0.04857268,0.11617716,0.000288568,0.010753433
2640,1.4204866,0.032381788,0.08131833,0.000138294,0.010602957
2641,1.2243134,0.37767234,0.08588516,-0.000290592,0.013561872
2642,1.2342517,0.36153093,0.122135445,-0.000597725,0.013412164
2643,1.2441853,0.34542683,0.15376243,-0.000957352,0.013262332
2644,1.254126,0.32938534,0.18068212,-0.001322147,0.013112668
2645,1.2640699,0.31343302,0.20292455,-0.001643094,0.012963539
2646,1.2739868,0.297598,0.22067456,-0.001874846,0.012815518
2647,1.2838382,0.28191474,0.23427822,-0.001982277,0.012669094
2648,1.2935983,0.26641712,0.24422427,-0.001946674,0.012524396
2649,1.3032664,0.2511168,0.25108674,-0.001769118,0.012381075
2650,1.3128672,0.23598301,0.25542927,-0.001469102,0.012238373
2651,1.32244,0.22094145,0.2577031,-0.001079796,0.012095378
2652,1.3320254,0.20589647,0.2581748,-0.00064286,0.011951319
2653,1.3416262,0.19084045,0.25690833,-0.000205801,0.011806137
2654,1.3512622,0.17571446,0.25377932,0.000188597,0.01165961
2655,1.360964,0.16042279,0.24847503,0.000506766,0.011511527
2656,1.3707492,0.14489536,0.24053833,0.000725509,0.011361954
2657,1.380616,0.12912062,0.22945686,0.000834376,0.011211276
2658,1.3905449,0.11315142,0.21478052,0.000837861,0.011060096
2659,1.4005108,0.09706812,0.1962045,0.000754664,0.010909009
2660,1.4104949,0.08092899,0.17356819,0.000612703,0.010758385
2661,1.4204866,0.06475911,0.14681657,0.000442769,0.010608313
2662,1.4304804,0.04857268,0.1159839,0.000274012,0.010458669
2663,1.440474,0.032381788,0.081167385,0.00013145,0.0103092
2664,1.2442214,0.37767327,0.08555437,-0.00027971,0.013248804
2665,1.2541549,0.36153048,0.12170983,-0.00057468,0.013100085
2666,1.2640817,0.34542498,0.15329367,-0.000919371,0.012951287
2667,1.274016,0.32938313,0.18022534,-0.001268282,0.012802653
2668,1.2839574,0.31343272,0.20253576,-0.001574605,0.012654499
2669,1.293876,0.29760087,0.22040701,-0.00179538,0.012507383
2670,1.3037316,0.2819194,0.2341746,-0.001897609,0.012361813
2671,1.3134989,0.26642105,0.24430615,-0.001863873,0.012217918
2672,1.3231776,0.25111854,0.2513496,-0.001695425,0.012075346
2673,1.3327912,0.23598257,0.25584418,-0.001410918,0.011933378
2674,1.3423774,0.22093974,0.2582224,-0.001041826,0.01179115
2675,1.3519752,0.20589454,0.25873956,-0.000627395,0.011647924
2676,1.361587,0.19083889,0.25745732,-0.000212264,0.011503637
2677,1.3712325,0.17571364,0.25425872,0.00016319,0.011358078
2678,1.3809416,0.16042252,0.2488444,0.0004671,0.011211027
2679,1.3907319,0.1448953,0.24077469,0.000677283,0.011062536
2680,1.4006016,0.1291206,0.22955674,0.000783504,0.010912966
2681,1.4105319,0.11315141,0.21475872,0.000789634,0.010762892
2682,1.4204983,0.097068116,0.1960894,0.000713059,0.010612887
2683,1.4304825,0.08092899,0.17339513,0.000580061,0.010463309
2684,1.4404742,0.06475911,0.14662185,0.000419828,0.010314245
2685,1.4504678,0.04857268,0.11580081,0.000260134,0.010165581
2686,1.4604616,0.032381788,0.08102409,0.000124915,0.010017078
2687,1.2641317,0.37767312,0.085238665,-0.000269072,0.012938086
2688,1.2740623,0.3615296,0.121302195,-0.000552214,0.012790302
2689,1.2839851,0.34542271,0.15284526,-0.000882489,0.01264247
2690,1.2939155,0.3293796,0.17979059,-0.001216197,0.012494807
2691,1.3038532,0.31342915,0.20216854,-0.00150866,0.01234762
2692,1.3137704,0.2975987,0.22015665,-0.001719133,0.012201427
2693,1.3236285,0.28191802,0.2340799,-0.001816523,0.012056708
2694,1.3334026,0.26641873,0.24438664,-0.001784589,0.011913587
2695,1.3430918,0.25111458,0.2516005,-0.001624783,0.011771732
2696,1.3527182,0.2359778,0.25623804,-0.001354981,0.011630466
2697,1.3623173,0.2209355,0.2587146,-0.001005022,0.01148898
2698,1.3719267,0.20589156,0.25927505,-0.00061187,0.01134656
2699,1.3815489,0.19083707,0.25797874,-0.000217511,0.011203139
2700,1.3912033,0.1757129,0.25471523,0.000139931,0.011058512
2701,1.4009194,0.16042231,0.24919744,0.000430218,0.010912454
2702,1.4107147,0.14489527,0.24100213,0.000632128,0.010764998
2703,1.4205873,0.12912059,0.22965483,0.000735657,0.010616486
2704,1.4305189,0.1131514,0.2147411,0.000744114,0.010467472
2705,1.4404857,0.09706811,0.1959826,0.000673673,0.010318504
2706,1.45047,0.08092899,0.17323256,0.000549082,0.010169927
2707,1.4604616,0.06475911,0.14643797,0.000398009,0.010021829
2708,1.4704554,0.04857268,0.11562739,0.000246911,0.009874105
2709,1.4804491,0.032381788,0.080888085,0.00011868,0.009726528
2710,1.2840443,0.37767354,0.08493407,-0.000258677,0.012629638
2711,1.2939764,0.3615298,0.12090875,-0.000530329,0.012482706
2712,1.3039005,0.34542173,0.15241335,-0.000846684,0.012335748
2713,1.3138298,0.32937682,0.17937359,-0.00116581,0.012188994
2714,1.3237634,0.31342468,0.20181905,-0.001445097,0.012042753
2715,1.3336757,0.2975927,0.21992163,-0.001645894,0.011897501
2716,1.3435334,0.2819105,0.23399413,-0.001738812,0.011753645
2717,1.3533126,0.2664099,0.2444663,-0.001708657,0.011611288
2718,1.3630114,0.25110558,0.25184008,-0.001557082,0.011470131
2719,1.3726492,0.2359702,0.25661188,-0.001301236,0.011329552
2720,1.3822598,0.22093019,0.25918114,-0.000969393,0.011188789
2721,1.3918797,0.20588858,0.25978297,-0.000596364,0.011047155
2722,1.4015115,0.1908357,0.25847417,-0.000221674,0.010904573
2723,1.4111744,0.17571248,0.25515002,0.000118659,0.010760843
2724,1.4208974,0.16042225,0.24953488,0.000395934,0.010615734
2725,1.4306974,0.14489526,0.2412209,0.000589857,0.010469267
2726,1.4405731,0.12912057,0.229751,0.000690663,0.010321767
2727,1.450506,0.11315139,0.2147272,0.00070116,0.010173766
2728,1.4604732,0.09706811,0.19588354,0.0006364,0.010025791
2729,1.4704576,0.08092898,0.17307982,0.000519693,0.009878174
2730,1.4804492,0.06475911,0.14626434,0.000377267,0.009731002
2731,1.4904429,0.04857268,0.11546314,0.00023432,0.009584177
2732,1.5004367,0.032381788,0.08075901,0.000112734,0.009437488
2733,1.3039585,0.37767375,0.08464188,-0.000248529,0.012323417
2734,1.3138956,0.36153004,0.1205314,-0.000509059,0.012177268
2735,1.3238246,0.34542134,0.15199873,-0.000812002,0.012031104
2736,1.3337544,0.32937524,0.17897317,-0.001117151,0.01188521
2737,1.3436832,0.31342074,0.20148477,-0.001383899,0.011739886
2738,1.35359,0.29758513,0.21969914,-0.001575555,0.011595549
2739,1.3634458,0.2818996,0.23391494,-0.001664302,0.011452538
2740,1.373229,0.26639774,0.24454363,-0.001635901,0.01131093
2741,1.382936,0.25109482,0.2520679,-0.001492193,0.011170461
2742,1.3925838,0.23596247,0.25696617,-0.001249616,0.011030562
2743,1.4022048,0.22092569,0.25962332,-0.00093493,0.010890511
2744,1.4118339,0.20588651,0.26026484,-0.000580927,0.010749642
2745,1.4214748,0.19083509,0.25894508,-0.000224859,0.010607869
2746,1.4311457,0.17571247,0.2555642,9.92274E-05,0.010465
2747,1.4408753,0.1604223,0.24985738,0.000364081,0.010320798
2748,1.4506803,0.14489526,0.24143128,0.000550298,0.010175276
2749,1.4605588,0.12912056,0.22984518,0.00064836,0.010028742
2750,1.470493,0.11315138,0.21471666,0.000660634,0.00988171
2751,1.4804606,0.0970681,0.19579165,0.000601133,0.009734685
2752,1.490445,0.08092898,0.17293634,0.00049182,0.009587986
2753,1.5004367,0.06475911,0.1461004,0.000357556,0.009441699
2754,1.5104305,0.04857268,0.11530759,0.000222336,0.009295736
2755,1.5204241,0.032381788,0.080636546,0.000107068,0.009149897
2756,1.3238726,0.37767366,0.084362164,-0.000238631,0.012019376
2757,1.3338135,0.36153,0.12017019,-0.000488401,0.011873991
2758,1.343747,0.34542137,0.15160117,-0.000778431,0.011728596
2759,1.3536775,0.3293743,0.1785895,-0.001070226,0.011583525
2760,1.3636031,0.31341687,0.20116569,-0.001325072,0.011439072
2761,1.3735067,0.29757679,0.2194879,-0.001508069,0.011295589
2762,1.3833624,0.28188774,0.2338402,-0.00159287,0.011153366
2763,1.3931499,0.26638573,0.2446168,-0.001566182,0.011012472
2764,1.4028642,0.25108558,0.25228325,-0.001430005,0.010872672
2765,1.4125211,0.23595692,0.25730145,-0.001200045,0.010733441
2766,1.4221511,0.22092311,0.26004228,-0.000901603,0.010594085
2767,1.431789,0.20588575,0.26072213,-0.000565589,0.010453954
2768,1.4414384,0.19083528,0.25939268,-0.000227151,0.010312961
2769,1.4511173,0.17571287,0.25595883,8.15051E-05,0.010170912
2770,1.4608535,0.1604227,0.25016573,0.000334498,0.010027573
2771,1.4706633,0.14489567,0.24163377,0.000513281,0.00988295
2772,1.4805447,0.12912092,0.22993757,0.000608593,0.00973734
2773,1.4904802,0.11315156,0.21470934,0.000622402,0.009591235
2774,1.5004481,0.09706814,0.1957065,0.000567767,0.009445121
2775,1.5104325,0.08092898,0.17280157,0.000465387,0.009299301
2776,1.5204242,0.06475911,0.14594561,0.000338829,0.009153861
2777,1.5404117,0.032381788,0.08052036,0.00010167,0.008863695
2778,1.5304179,0.04857268,0.1151603,0.000210933,0.009008721
2779,1.3437853,0.37767372,0.084093474,-0.00022901,0.011717457
2780,1.3537279,0.3615306,0.11982282,-0.000468369,0.011572838
2781,1.3636632,0.3454225,0.15121874,-0.000745978,0.011428218
2782,1.3735937,0.329374,0.17822188,-0.001025007,0.011283947
2783,1.383518,0.31341225,0.20086212,-0.001268548,0.01114031
2784,1.3934214,0.29756746,0.21928753,-0.001443337,0.010997608
2785,1.40328,0.2818765,0.23376842,-0.001524405,0.010856105
2786,1.4130728,0.26637617,0.24468455,-0.001499389,0.010715879
2787,1.4227946,0.25107968,0.2524858,-0.001370417,0.010576721
2788,1.4324597,0.2359544,0.25761834,-0.001152443,0.010438136
2789,1.4420983,0.22092268,0.26043925,-0.000869374,0.010299451
2790,1.4517446,0.20588619,0.2611561,-0.000550366,0.01016003
2791,1.4614023,0.19083619,0.25981823,-0.000228629,0.010019779
2792,1.471089,0.1757139,0.25633487,6.53619E-05,0.009878511
2793,1.4808321,0.16042398,0.25046077,0.000307023,0.009735989
2794,1.4906471,0.14489727,0.24182914,0.000478638,0.00959222
2795,1.5005313,0.1291224,0.23002875,0.000571211,0.009447491
2796,1.5104676,0.11315237,0.21470542,0.000586346,0.009302275
2797,1.5204357,0.097068325,0.19562776,0.00053621,0.009157035
2798,1.5304201,0.08092898,0.172675,0.000440331,0.009012056
2799,1.5404117,0.06475911,0.14579949,0.000321046,0.008867425
2800,1.5603992,0.032381788,0.080410145,9.65307E-05,0.008578826
2801,1.5504055,0.04857268,0.115020856,0.000200089,0.008723074
2802,1.3636974,0.3776741,0.083834976,-0.000219678,0.011417578
2803,1.3736405,0.36153182,0.11948863,-0.000448973,0.011273717
2804,1.3835757,0.3454237,0.15085255,-0.000714664,0.011129874
2805,1.3935057,0.32937267,0.17787194,-0.000981524,0.010986384
2806,1.4034297,0.31340638,0.20057388,-0.001214271,0.010843514
2807,1.4133347,0.2975581,0.21909648,-0.00138122,0.010701533
2808,1.4231976,0.28186744,0.23369806,-0.001458766,0.010560695
2809,1.432997,0.26637045,0.2447461,-0.001435406,0.010421095
2810,1.442726,0.25107765,0.25267592,-0.001313324,0.010282553
2811,1.452399,0.23595476,0.25791776,-0.001106723,0.01014459
2812,1.4620457,0.22092386,0.26081538,-0.000838192,0.010006549
2813,1.4717,0.20588744,0.26156804,-0.000535273,0.009867804
2814,1.5803868,0.032381788,0.08030561,9.164E-05,0.008295233
2815,1.4813663,0.1908377,0.26022282,-0.000229367,0.009728258
2816,1.4910611,0.17571576,0.25669333,5.06748E-05,0.009587727
2817,1.5008113,0.1604265,0.25074333,0.000281508,0.009445979
2818,1.5106314,0.14490026,0.24201784,0.000446218,0.009303022
2819,1.5205183,0.12912509,0.23011878,0.000536073,0.009159136
2820,1.5304555,0.11315393,0.21470472,0.000552349,0.009014771
2821,1.5404234,0.097068734,0.1955551,0.000506381,0.008870366
2822,1.5504075,0.08092898,0.1725561,0.000416594,0.008726192
2823,1.5603993,0.06475911,0.14566155,0.000304168,0.008582335
2824,1.570393,0.04857268,0.11488884,0.000189781,0.008438737
2825,1.3836097,0.37767455,0.08358702,-0.000210633,0.011119663
2826,1.3935536,0.36153263,0.11916933,-0.000430233,0.010976529
2827,1.4034883,0.34542316,0.1505051,-0.000684503,0.010833439
2828,1.4134171,0.32936835,0.17754209,-0.000939737,0.01069071
2829,1.4233416,0.31339842,0.20030145,-0.001162182,0.010548567
2830,1.4332497,0.29754966,0.21891326,-0.001321634,0.010407259
2831,1.4431175,0.28186187,0.23362778,-0.00139585,0.010267047
2832,1.4529229,0.2663688,0.2448014,-0.001374119,0.010128049
2833,1.4626585,0.25107875,0.25285435,-0.001258613,0.009990104
2834,1.4723384,0.23595674,0.25820088,-0.001062786,0.009852743
2835,1.4819927,0.22092569,0.26117194,-0.000808009,0.00971532
2836,1.4916551,0.20588902,0.26195905,-0.000520322,0.009577216
2837,1.6003742,0.032381788,0.08020648,8.69878E-05,0.008012865
2838,1.5903805,0.04857268,0.11476386,0.000179989,0.008155658
2839,1.50133,0.19083957,0.2606075,-0.000229434,0.009438333
2840,1.5110335,0.17571837,0.2570351,3.73385E-05,0.009298496
2841,1.520791,0.16042994,0.25101382,0.000257829,0.009157482
2842,1.5306159,0.144904,0.2421997,0.00041589,0.0090153
2843,1.5405052,0.12912817,0.23020694,0.000503051,0.00887222
2844,1.5504429,0.113155656,0.21470636,0.000520297,0.008728669
2845,1.5604109,0.09706922,0.1954879,0.000478193,0.008585059
2846,1.5703951,0.08092898,0.17244443,0.000394117,0.008441652
2847,1.5803868,0.06475911,0.14553131,0.000288157,0.008298535
2848,1.4035225,0.37767437,0.08335088,-0.000201882,0.010823634
2849,1.4134678,0.3615314,0.11886777,-0.00041218,0.010681191
2850,1.423403,0.34541917,0.15017897,-0.00065554,0.010538812
2851,1.4333316,0.32936114,0.17723142,-0.000899618,0.010396806
2852,1.4432571,0.31338972,0.2000424,-0.001112152,0.010255353
2853,1.4531684,0.29754323,0.21873626,-0.00126446,0.010114687
2854,1.4630407,0.2818597,0.23355743,-0.001335554,0.009975082
2855,1.4728504,0.26637003,0.24485132,-0.00131542,0.009836679
2856,1.4825908,0.25108117,0.25302234,-0.001206163,0.009699322
2857,1.4922768,0.23595887,0.25846893,-0.001020539,0.009562545
2858,1.5019386,0.22092722,0.26150998,-0.000778778,0.009425707
2859,1.5116094,0.20589039,0.2623302,-0.000505524,0.009288206
2860,1.6203618,0.032381788,0.08011247,8.25628E-05,0.007731669
2861,1.610368,0.04857268,0.11464556,0.000170686,0.007873781
2862,1.6003743,0.06475911,0.14540839,0.000272969,0.008015971
2863,1.5212934,0.19084147,0.26097327,-0.000228887,0.009149946
2864,1.5310057,0.17572115,0.25736076,2.52635E-05,0.009010761
2865,1.5407705,0.16043346,0.25127238,0.000235878,0.008870442
2866,1.5506002,0.1449075,0.2423743,0.000387536,0.008728999
2867,1.5604917,0.12913077,0.2302924,0.000472027,0.008586688
2868,1.5704302,0.11315695,0.21470946,0.000490082,0.008443912
2869,1.5803983,0.09706956,0.19542553,0.000451554,0.008301059
2870,1.5903826,0.080928974,0.17233954,0.000372833,0.008158381
2871,1.4234362,0.3776729,0.083127625,-0.000193418,0.01052942
2872,1.4333836,0.3615271,0.11858558,-0.000394809,0.010387628
2873,1.4433203,0.34541106,0.14987475,-0.00062772,0.010245922
2874,1.4532495,0.32935092,0.17693952,-0.000861128,0.010104598
2875,1.4631766,0.31338143,0.19979472,-0.001064146,0.009963802
2876,1.4730902,0.29753911,0.2185648,-0.001209623,0.009823762
2877,1.4829645,0.28185967,0.23348795,-0.001277784,0.009684765
2878,1.4927766,0.26637188,0.24489738,-0.001259196,0.009546955
2879,1.5025207,0.251083,0.25318125,-0.001155871,0.009410175
2880,1.5122126,0.23595986,0.258723,-0.000979904,0.009273951
2881,1.5218827,0.22092777,0.2618306,-0.00075047,0.009137657
2882,1.5315626,0.20589103,0.26268256,-0.000490891,0.009000714
2883,1.6403493,0.032381788,0.080023326,7.83536E-05,0.007451594
2884,1.6303556,0.04857268,0.11453359,0.000161848,0.007593058
2885,1.6203618,0.06475911,0.14529236,0.000258561,0.00773459
2886,1.6103702,0.080928974,0.17224103,0.000352676,0.007876326
2887,1.5412562,0.1908428,0.26132095,-0.000227777,0.008863035
2888,1.5509776,0.17572345,0.2576709,1.43666E-05,0.008724464
2889,1.5607495,0.1604363,0.25151917,0.000215546,0.008584803
2890,1.5705838,0.14491008,0.24254143,0.000361034,0.008444062
2891,1.5804777,0.12913245,0.23037481,0.000442882,0.008302481
2892,1.5904171,0.11315768,0.21471365,0.000461599,0.00816044
2893,1.6003857,0.097069725,0.19536756,0.000426377,0.008018307
2894,1.4433498,0.37767074,0.082915604,-0.000185241,0.010236962
2895,1.4532999,0.3615212,0.11831901,-0.000378067,0.010095791
2896,1.4632386,0.34540185,0.14958633,-0.000600933,0.009954723
2897,1.4731686,0.32934073,0.17666113,-0.000824085,0.009814049
2898,1.4830964,0.3133741,0.19955732,-0.001018072,0.009673894
2899,1.4930105,0.2975364,0.21839948,-0.00115709,0.009534474
2900,1.502885,0.28185987,0.23342074,-0.0012225,0.009396084
2901,1.5126982,0.2663728,0.24494076,-0.001205384,0.009258857
2902,1.5224462,0.25108308,0.25333205,-0.001107665,0.009122618
2903,1.5321454,0.23595917,0.25896406,-0.000940829,0.008986902
2904,1.5418248,0.22092691,0.26213485,-0.000723058,0.008851104
2905,1.5515147,0.20589057,0.2630171,-0.000476436,0.008714677
2906,1.6603369,0.032381788,0.079938814,7.43496E-05,0.007172593
2907,1.6503431,0.04857268,0.11442761,0.000153451,0.007313437
2908,1.6403494,0.06475911,0.14518282,0.000244893,0.007454343
2909,1.6303576,0.080928974,0.17214851,0.000333588,0.007595436
2910,1.6203731,0.09706978,0.19531377,0.000402583,0.007736752
2911,1.5612184,0.19084322,0.2616514,-0.000226156,0.00857754
2912,1.570949,0.17572483,0.2579661,4.56123E-06,0.008439546
2913,1.5807282,0.16043814,0.25175452,0.000196722,0.008300507
2914,1.5905674,0.14491165,0.24270126,0.000336266,0.008160429
2915,1.6004637,0.12913336,0.23045427,0.000415503,0.00801954
2916,1.6104044,0.11315802,0.21471891,0.00043475,0.007878198
2917,1.4632622,0.3776693,0.08271111,-0.000177375,0.009946201
2918,1.4732133,0.3615176,0.11805983,-0.000361923,0.009805646
2919,1.4831538,0.3453968,0.14930373,-0.000575093,0.009665194
2920,1.4930851,0.32933632,0.17638665,-0.000788384,0.009525139
2921,1.5030124,0.3133716,0.1993245,-0.000973769,0.009385607
2922,1.5129251,0.29753625,0.21823871,-0.001106744,0.009246805
2923,1.5227989,0.28186056,0.23335555,-0.00116959,0.009109008
2924,1.532614,0.26637247,0.24498186,-0.00115388,0.008972329
2925,1.5423676,0.2510813,0.25347537,-0.001061451,0.008836584
2926,1.5520757,0.2359565,0.25919294,-0.00090324,0.008701324
2927,1.5617657,0.22092445,0.2624236,-0.00069651,0.008565977
2928,1.5714661,0.20588893,0.26333475,-0.000462171,0.008430028
2929,1.6803243,0.032381788,0.07985869,7.0544E-05,0.00689462
2930,1.6703306,0.04857268,0.11432731,0.000145476,0.007034872
2931,1.6603369,0.06475911,0.14507945,0.000231926,0.007175179
2932,1.6503452,0.080928974,0.17206164,0.000315509,0.007315659
2933,1.6403606,0.09706979,0.19526395,0.000380095,0.007456341
2934,1.6303915,0.11315816,0.21472527,0.000409441,0.007597133
2935,1.58118,0.19084266,0.26196548,-0.000224079,0.008293399
2936,1.59092,0.17572533,0.2582471,-4.24326E-06,0.008155947
2937,1.6007065,0.16043909,0.25197893,0.000179296,0.008017493
2938,1.6105506,0.14491247,0.24285418,0.000313115,0.007878044
2939,1.6204499,0.12913379,0.230531,0.000389782,0.00773781
2940,1.483173,0.37766936,0.082512036,-0.000169819,0.00965707
2941,1.4931229,0.36151797,0.1178039,-0.000346364,0.009517138
2942,1.5030627,0.3453981,0.14902234,-0.000550172,0.009377306
2943,1.512994,0.3293392,0.17611323,-0.000754022,0.009237859
2944,1.5229206,0.31337556,0.19909355,-0.000931212,0.009098926
2945,1.5328319,0.2975394,0.21808124,-0.001058471,0.008960716
2946,1.5427058,0.28186157,0.23329225,-0.001118919,0.008823477
2947,1.5525248,0.26637045,0.24502112,-0.001104529,0.008687294
2948,1.5622863,0.251077,0.25361195,-0.001017101,0.00855199
2949,1.5720047,0.23595168,0.25941044,-0.000867058,0.008417142
2950,1.5817059,0.2209205,0.26269776,-0.000670796,0.00828221
2951,1.5914173,0.20588644,0.26363644,-0.000448118,0.008146704
2952,1.7003119,0.032381788,0.07978273,6.69353E-05,0.006617629
2953,1.6903181,0.04857268,0.11423239,0.000137913,0.006757315
2954,1.6803244,0.06475911,0.14498186,0.000219637,0.006897051
2955,1.6703327,0.080928974,0.17198004,0.00029839,0.007036947
2956,1.6603482,0.0970698,0.19521786,0.000358838,0.007177023
2957,1.6503788,0.1131582,0.2147327,0.000385576,0.007317192
2958,1.640436,0.12913398,0.23060526,0.000365613,0.007457238
2959,1.6011416,0.1908415,0.2622641,-0.000221612,0.00801055
2960,1.6108909,0.17572528,0.25851467,-1.2138E-05,0.007873608
2961,1.6206849,0.16043952,0.25219306,0.000163163,0.007735707
2962,1.630534,0.14491285,0.24300063,0.000291472,0.00759685
2963,1.5030836,0.37767068,0.082318634,-0.000162549,0.009369493
2964,1.5130312,0.36152148,0.1175525,-0.000331366,0.009230178
2965,1.5229683,0.3454038,0.14874515,-0.000526171,0.009090969
2966,1.5328966,0.32934636,0.17584492,-0.000720994,0.008952135
2967,1.5428209,0.31338224,0.19886886,-0.000890405,0.008813795
2968,1.552732,0.29754293,0.21792978,-0.001012229,0.008676138
2969,1.5626085,0.28186017,0.23323308,-0.001070391,0.008539399
2970,1.5724337,0.26636508,0.24505977,-0.001057239,0.00840366
2971,1.5822042,0.2510698,0.25374243,-0.000974531,0.008268752
2972,1.5919336,0.23594502,0.25961712,-0.000832236,0.00813428
2973,1.6016464,0.22091576,0.262958,-0.000645918,0.007999734
2974,1.6113687,0.20588379,0.263923,-0.000434318,0.007864643
2975,1.7202995,0.032381773,0.07971069,6.35122E-05,0.006341576
2976,1.7103058,0.048572574,0.11414235,0.000130746,0.006480722
2977,1.7003123,0.064758755,0.14488913,0.000207991,0.006619911
2978,1.6903207,0.080928296,0.17190236,0.000282175,0.006759246
2979,1.6803361,0.097069,0.19517419,0.000338733,0.006898746
2980,1.6703663,0.11315761,0.21474041,0.000363069,0.007038322
2981,1.6604223,0.12913373,0.23067686,0.000342903,0.00717777
2982,1.6505175,0.14491288,0.24314089,0.000271242,0.007316795
2983,1.6211033,0.19084033,0.26254812,-0.000218819,0.007728933
2984,1.6308619,0.17572509,0.25876954,-1.92067E-05,0.007592471
2985,1.6406631,0.16043966,0.2523975,0.000148228,0.007455092
2986,1.522994,0.37767234,0.0821326,-0.000155552,0.009083407
2987,1.5329397,0.36152634,0.11730904,-0.000316956,0.008944683
2988,1.5428741,0.34541145,0.14847603,-0.00050311,0.008806074
2989,1.5527993,0.32935464,0.17558604,-0.000689309,0.008667831
2990,1.5627211,0.31338832,0.19865422,-0.0008513,0.008530062
2991,1.5726321,0.2975438,0.2177873,-0.000967945,0.00839293
2992,1.5825121,0.28185523,0.23317899,-0.001023899,0.008256655
2993,1.5923439,0.2663564,0.24509807,-0.001011904,0.008121326
2994,1.6021236,0.25106093,0.25386673,-0.000933689,0.007986789
2995,1.6118637,0.23593819,0.25981316,-0.000798763,0.007852671
2996,1.6215876,0.22091156,0.2632049,-0.000621889,0.007718486
2997,1.6313206,0.20588179,0.26419523,-0.000420805,0.007583785
2998,1.740287,0.032381788,0.07964247,6.02609E-05,0.006066424
2999,1.7302935,0.048572313,0.114056826,0.000123939,0.006205051
3000,1.7203007,0.06475763,0.14480023,0.000196934,0.006343711
3001,1.7103099,0.08092611,0.17182702,0.000266804,0.006482505
3002,1.7003256,0.09706653,0.1951315,0.000319729,0.00662145
3003,1.6903557,0.11315582,0.21474765,0.000341859,0.006760459
3004,1.6804101,0.12913282,0.23074564,0.000321573,0.00689934
3005,1.6705017,0.14491257,0.24327518,0.000252336,0.007037815
3006,1.6606419,0.16043961,0.25259268,0.000134407,0.007175589
3007,1.6410654,0.19083962,0.2628184,-0.000215757,0.007448492
3008,1.6508331,0.175725,0.25901246,-2.55228E-05,0.00731248
3009,1.5429046,0.37767342,0.08195578,-0.000148796,0.008798749
3010,1.552848,0.36152962,0.11707898,-0.000303112,0.008660588
3011,1.5627805,0.34541744,0.14822121,-0.000481011,0.008522545
3012,1.5727051,0.32936057,0.17534162,-0.000658947,0.008384846
3013,1.5826265,0.31339058,0.19845355,-0.000813867,0.008247602
3014,1.5925378,0.29754058,0.21765515,-0.000925554,0.008110967
3015,1.6024204,0.2818473,0.23312946,-0.000979378,0.007975142
3016,1.6122576,0.26634705,0.24513447,-0.00096847,0.007840211
3017,1.6220452,0.25105304,0.25398397,-0.000894534,0.007706032
3018,1.6317952,0.2359331,0.25999853,-0.000766624,0.007572252
3019,1.6415299,0.220909,0.26343903,-0.000598717,0.007438408
3020,1.6512733,0.20588084,0.26445395,-0.000407605,0.007304071
3021,1.7602745,0.032381773,0.07957772,5.71903E-05,0.00579213
3022,1.7502815,0.048571896,0.11397555,0.000117498,0.00593026
3023,1.7402897,0.06475596,0.14471523,0.000186481,0.006068409
3024,1.7303002,0.08092309,0.17175475,0.000252305,0.006206673
3025,1.7203177,0.097063236,0.19509065,0.000301826,0.006345071
3026,1.7103486,0.113153085,0.21475452,0.000321888,0.006483527
3027,1.7004014,0.12913078,0.23081116,0.000301527,0.006621873
3028,1.6904886,0.14491123,0.24340326,0.000234647,0.00675984
3029,1.6806222,0.16043895,0.25277883,0.000121602,0.006897132
3030,1.6708052,0.17572482,0.25924397,-3.11627E-05,0.007033574
3031,1.661028,0.19083944,0.26307562,-0.000212477,0.007169168
3032,1.562816,0.37767395,0.0817879,-0.000142264,0.00851545
3033,1.5727587,0.3615309,0.11686281,-0.000289764,0.008377811
3034,1.5826899,0.34541973,0.14798376,-0.000459804,0.008240302
3035,1.5926147,0.32936257,0.17511368,-0.000629881,0.008103114
3036,1.6025368,0.313389,0.19826657,-0.000778032,0.007966355
3037,1.6124486,0.29753456,0.21753177,-0.000884998,0.007830191
3038,1.6223329,0.2818393,0.23308192,-0.000936792,0.007694804
3039,1.6321741,0.26633996,0.24516715,-0.000926926,0.007560262
3040,1.641969,0.25104856,0.25409335,-0.000857068,0.007426427
3041,1.6517282,0.23593111,0.26017335,-0.000735808,0.007292967
3042,1.661473,0.22090842,0.263661,-0.000576393,0.007159444
3043,1.6712266,0.20588055,0.26469982,-0.000394732,0.007025448
3044,1.7802621,0.032381695,0.07951614,5.43273E-05,0.005518656
3045,1.7702698,0.048571296,0.113898166,0.000111473,0.005656307
3046,1.7602794,0.064754166,0.14463454,0.000176691,0.005793957
3047,1.7502929,0.08091992,0.17168628,0.000238701,0.005931696
3048,1.740314,0.09705861,0.19505073,0.000284982,0.006069547
3049,1.730347,0.11314672,0.21475792,0.000303076,0.006207461
3050,1.720398,0.12912342,0.2308697,0.000282676,0.006345302
3051,1.7104793,0.14490469,0.24352238,0.000218096,0.006482805
3052,1.7006049,0.16043457,0.25295472,0.000109745,0.006619663
3053,1.6907787,0.17572267,0.25946394,-3.61819E-05,0.006755695
3054,1.6809916,0.19083877,0.2633203,-0.000209016,0.006890906
3055,1.5827285,0.3776745,0.08162732,-0.000135991,0.008233451
3056,1.5926725,0.36153245,0.11665554,-0.000276944,0.008096286
3057,1.6026036,0.34542188,0.14775684,-0.000439442,0.007959269
3058,1.6125274,0.32936424,0.17489609,-0.000602046,0.007822576
3059,1.62245,0.31338903,0.19808565,-0.000743746,0.007686284
3060,1.6323624,0.2975325,0.21740946,-0.000846166,0.007550565
3061,1.6422478,0.28183672,0.2330315,-0.000896034,0.007415597
3062,1.6520927,0.2663387,0.24519376,-0.000887181,0.007281429
3063,1.6618938,0.25104883,0.25419447,-0.000821201,0.007147925
3064,1.671662,0.2359321,0.26033816,-0.000706247,0.007014767
3065,1.6814169,0.22090895,0.26387152,-0.000554873,0.006881546
3066,1.6911806,0.20587914,0.2649335,-0.000382165,0.00674787
3067,1.8002499,0.03238148,0.079457365,5.16628E-05,0.005245965
3068,1.7902585,0.04857019,0.11382375,0.00010585,0.005383153
3069,1.7802706,0.06475118,0.144556,0.000167516,0.005520319
3070,1.770288,0.08091393,0.17161722,0.000225902,0.005657545
3071,1.7603137,0.09704791,0.19500525,0.000269112,0.005794859
3072,1.7503494,0.113130204,0.2147505,0.00028537,0.005932247
3073,1.7403983,0.12910302,0.23091424,0.000264994,0.00606961
3074,1.7304732,0.14488503,0.24362712,0.000202666,0.006206684
3075,1.7205896,0.16041973,0.25311723,9.88287E-05,0.006343148
3076,1.7107533,0.17571382,0.25967127,-4.0585E-05,0.006478807
3077,1.700956,0.19083464,0.26355255,-0.000205371,0.006613663
3078,1.6026409,0.37767518,0.0814734,-0.000129988,0.007952706
3079,1.612586,0.36153474,0.11645583,-0.000264702,0.00781599
3080,1.6225184,0.34542602,0.14753623,-0.000419983,0.007679424
3081,1.6324414,0.32936895,0.17468315,-0.000575395,0.007543202
3082,1.6423627,0.3133933,0.19790685,-0.000710917,0.007407373
3083,1.6522753,0.29753652,0.21728556,-0.000808999,0.007272084
3084,1.6621622,0.28184074,0.23297688,-0.000857007,0.007137509
3085,1.6720108,0.2663426,0.24521478,-0.000849115,0.007003687
3086,1.6818191,0.25105232,0.25428835,-0.000786822,0.006870486
3087,1.8202378,0.032381117,0.079401165,4.91494E-05,0.004974032
3088,1.6915963,0.23593429,0.26049387,-0.000677846,0.006737612
3089,1.7013611,0.22090848,0.26407152,-0.000534092,0.006604675
3090,1.7111346,0.20587356,0.2651555,-0.000369853,0.006471303
3091,1.8102472,0.048568152,0.113751255,0.000100543,0.005110779
3092,1.8002608,0.06474548,0.14447671,0.000158848,0.00524749
3093,1.7902808,0.08090245,0.17154329,0.000213821,0.005384238
3094,1.7803104,0.09702783,0.1949497,0.000254164,0.005521048
3095,1.7703484,0.113099515,0.21472764,0.000268747,0.005657937
3096,1.7603956,0.1290641,0.23093976,0.000248468,0.00579484
3097,1.7504646,0.14484526,0.24371254,0.000188362,0.005931503
3098,1.7405728,0.1603871,0.25326273,8.88737E-05,0.00606759
3099,1.7307271,0.17569195,0.2598642,-4.43347E-05,0.006202895
3100,1.7209198,0.1908225,0.2637721,-0.000201499,0.006337415
3101,1.6225524,0.37767595,0.08132608,-0.000124249,0.007673166
3102,1.6324974,0.3615367,0.116265364,-0.000253009,0.007536894
3103,1.6424308,0.34542984,0.14732563,-0.000401431,0.007400765
3104,1.6523544,0.32937452,0.17447793,-0.000549952,0.007264978
3105,1.6622741,0.31339952,0.1977329,-0.000679506,0.007129596
3106,1.6721857,0.2975427,0.21716413,-0.000773416,0.006994725
3107,1.6820743,0.2818466,0.2329222,-0.000819661,0.006860515
3108,1.6919283,0.26634777,0.24523291,-0.00081267,0.006727004
3109,1.7017443,0.25105587,0.25437674,-0.000753864,0.006594078
3110,1.8402252,0.032380704,0.07934763,4.67709E-05,0.00470283
3111,1.8302339,0.048565574,0.11368128,9.55229E-05,0.004839169
3112,1.7115308,0.23593514,0.2606418,-0.000650553,0.006461465
3113,1.7213049,0.22090426,0.2642619,-0.000514005,0.006328799
3114,1.731087,0.20586063,0.2653664,-0.00035776,0.006195724
3115,1.8202463,0.064738266,0.14439858,0.00015067,0.004975474
3116,1.8102659,0.0808877,0.17146768,0.000202444,0.005111799
3117,1.8002965,0.097001515,0.19488803,0.000240121,0.005248154
3118,1.7903358,0.11305799,0.21469289,0.000253166,0.005384579
3119,1.780382,0.12900868,0.23094796,0.000233041,0.00552104
3120,1.7704475,0.14478526,0.24377853,0.000175131,0.005657289
3121,1.7605498,0.16033424,0.2533901,7.98463E-05,0.005792997
3122,1.7506967,0.1756533,0.26004183,-4.74373E-05,0.005927951
3123,1.7408812,0.19079848,0.2639788,-0.00019738,0.006062144
3124,1.6424637,0.37767643,0.081185795,-0.000118767,0.007394776
3125,1.6524074,0.3615378,0.11608497,-0.000241823,0.007258943
3126,1.6623398,0.34543112,0.14712866,-0.000383691,0.007123253
3127,1.6722635,0.3293767,0.17428674,-0.000525664,0.006987889
3128,1.682183,0.31340298,0.19756985,-0.000649519,0.006852918
3129,1.6920944,0.297547,0.2170495,-0.000739417,0.006718434
3130,1.7019862,0.2818509,0.23287044,-0.000783942,0.006584553
3131,1.7118464,0.26635125,0.24525031,-0.000777796,0.006451321
3132,1.7216705,0.25105757,0.254461,-0.000722284,0.006318648
3133,1.8602123,0.032380436,0.079296984,4.45699E-05,0.004432331
3134,1.850219,0.048563723,0.11361611,9.08566E-05,0.004568293
3135,1.8402276,0.06473252,0.14432666,0.000143038,0.004704234
3136,1.7314651,0.23593272,0.26078302,-0.000624323,0.006186288
3137,1.7412472,0.220894,0.26444364,-0.000494581,0.006053891
3138,1.7510363,0.20583835,0.2655668,-0.000345881,0.005921105
3139,1.8302438,0.08087442,0.17139754,0.000191798,0.004840182
3140,1.8202728,0.09697546,0.1948287,0.000226953,0.004976135
3141,1.8103107,0.11301298,0.21465434,0.000238549,0.005112145
3142,1.8003558,0.12894465,0.23094594,0.00021863,0.005248184
3143,1.7904193,0.14471187,0.24383,0.000162867,0.005384023
3144,1.780518,0.16026531,0.25350165,7.16345E-05,0.005519349
3145,1.7706597,0.17559886,0.26020476,-4.99781E-05,0.005653954
3146,1.7608377,0.1907614,0.26417294,-0.00019305,0.005787827
3147,1.662375,0.37767604,0.0810537,-0.00011351,0.007117482
3148,1.6723175,0.36153704,0.115916274,-0.000231118,0.006982071
3149,1.6822474,0.3454294,0.14694573,-0.000366699,0.006846818
3150,1.6921688,0.32937422,0.17411116,-0.00050243,0.006711878
3151,1.7020885,0.31340155,0.19742027,-0.000620886,0.006577293
3152,1.7120026,0.29754716,0.21694402,-0.000706971,0.006443145
3153,1.7218995,0.28185213,0.23282303,-0.000749846,0.006309554
3154,1.7317663,0.2663522,0.24526782,-0.000744458,0.00617658
3155,1.7415969,0.25105613,0.25454205,-0.000692041,0.006044157
3156,1.8801994,0.032380376,0.07924917,4.25752E-05,0.004162507
3157,1.8702041,0.04856304,0.113556355,8.6575E-05,0.004298103
3158,1.8602091,0.0647291,0.1442622,0.000135961,0.004433691
3159,1.850221,0.08086454,0.17133564,0.000181855,0.004569287
3160,1.751398,0.23592557,0.2609185,-0.000599128,0.005912053
3161,1.761186,0.22087647,0.2646174,-0.000475809,0.005779922
3162,1.7709812,0.20580679,0.26575717,-0.000334241,0.005647413
3163,1.8402448,0.09695265,0.19477563,0.000214591,0.00470489
3164,1.8302782,0.11296992,0.2146181,0.000224846,0.004840538
3165,1.8203212,0.12888044,0.23094152,0.000205166,0.004976185
3166,1.8103836,0.1446345,0.24387379,0.000151475,0.005111626
3167,1.8004798,0.16018815,0.2536018,6.41277E-05,0.00524658
3168,1.7906168,0.1755336,0.26035514,-5.20579E-05,0.00538085
3169,1.7807888,0.1907133,0.2643553,-0.000188578,0.00551442
3170,1.9001868,0.032380376,0.079203635,4.0777E-05,0.003893335
3171,1.6822866,0.37767497,0.080929026,-0.000108452,0.006841231
3172,1.6922284,0.36153463,0.11575844,-0.000220854,0.006706217
3173,1.7021567,0.3454258,0.14677434,-0.000350452,0.006571372
3174,1.7120761,0.32936984,0.17394641,-0.000480214,0.006436836
3175,1.721996,0.31339756,0.19728065,-0.000593541,0.006302613
3176,1.7319139,0.29754466,0.21684587,-0.000676009,0.006168771
3177,1.7418159,0.28185043,0.23277982,-0.0007173,0.006035451
3178,1.7516873,0.26634994,0.24528609,-0.000712615,0.005902741
3179,1.7615219,0.25105086,0.25462064,-0.000663101,0.005770581
3180,1.8901908,0.048562784,0.11350032,8.26651E-05,0.004028559
3181,1.8801942,0.06472713,0.14420344,0.000129447,0.004163778
3182,1.870202,0.0808577,0.17128134,0.000172627,0.004299024
3183,1.8602188,0.096934706,0.19473095,0.00020307,0.004434305
3184,1.7713269,0.23591305,0.26104885,-0.000574941,0.005638737
3185,1.7811202,0.22085212,0.26478368,-0.000457686,0.005506859
3186,1.7909219,0.20576856,0.26593807,-0.000322882,0.005374597
3187,1.8502461,0.112934634,0.2145908,0.000212052,0.00456962
3188,1.8402861,0.12882549,0.23094356,0.000192582,0.004704903
3189,1.830347,0.14456466,0.2439186,0.000140856,0.004839974
3190,1.8204402,0.16011404,0.2536969,5.72109E-05,0.004974584
3191,1.8105717,0.17546622,0.2604964,-5.37871E-05,0.005108554
3192,1.8007365,0.19065964,0.2645274,-0.000184045,0.005241856
3193,1.9201745,0.032380197,0.07915961,3.92163E-05,0.003624795
3194,1.9101793,0.04856273,0.11344729,7.91813E-05,0.003759637
3195,1.7021986,0.3776745,0.08080868,-0.000103623,0.006565976
3196,1.7121409,0.36153343,0.11560532,-0.000211036,0.006431325
3197,1.7220696,0.3454238,0.14660797,-0.00033491,0.006296843
3198,1.7319897,0.3293671,0.17378654,-0.000458991,0.006162661
3199,1.7419112,0.31339428,0.19714627,-0.000567422,0.006028766
3200,1.7518313,0.2975409,0.21675332,-0.000646458,0.005895228
3201,1.761735,0.28184614,0.2327405,-0.000686239,0.005762204
3202,1.7716067,0.26634407,0.24530555,-0.00068219,0.005629789
3203,1.781442,0.2510411,0.2546974,-0.000635407,0.005497907
3204,1.9001828,0.064727046,0.14415096,0.000123576,0.003894463
3205,1.8901882,0.0808552,0.17123649,0.000164241,0.004029334
3206,1.8801998,0.09692515,0.19469933,0.000192515,0.004164272
3207,1.8702219,0.112913206,0.21457945,0.00020022,0.004299249
3208,1.7912503,0.23589551,0.26117438,-0.000551737,0.005366313
3209,1.8010496,0.22082335,0.26494256,-0.000440232,0.005234658
3210,1.8108599,0.20572907,0.2661101,-0.00031188,0.005102597
3211,1.860258,0.12878923,0.23096117,0.000180858,0.004434194
3212,1.8503153,0.14451492,0.24397399,0.000130908,0.004568942
3213,1.8404037,0.16005653,0.25379476,5.07323E-05,0.00470326
3214,1.830528,0.17540884,0.26063344,-5.53219E-05,0.004836978
3215,1.8206837,0.19060932,0.26469132,-0.000179576,0.004970063
3216,1.9401628,0.032378778,0.07911439,3.79498E-05,0.00335687
3217,1.9301693,0.04856229,0.11339571,7.62728E-05,0.003491313
3218,1.9201746,0.06472897,0.1441046,0.000118445,0.003625722
3219,1.9601519,0.032373704,0.07906227,3.73321E-05,0.003089539
3220,1.9801414,0.03236396,0.07900021,3.80183E-05,0.00282283
3221,1.7221107,0.377675,0.08069146,-9.9049E-05,0.006291671
3222,1.7320542,0.3615345,0.11545449,-0.000201701,0.006157357
3223,1.7419859,0.34542507,0.14644314,-0.000320071,0.006023192
3224,1.7519093,0.32936695,0.17362975,-0.000438689,0.005889311
3225,1.7618326,0.3133914,0.19701734,-0.000542463,0.00575572
3226,1.7717519,0.29753503,0.21666719,-0.000618238,0.005622507
3227,1.7816517,0.2818377,0.23270656,-0.000656588,0.005489823
3228,1.79152,0.2663335,0.24532713,-0.000653144,0.00535773
3229,1.8013555,0.251027,0.2547725,-0.000608936,0.005226119
3230,1.9101797,0.08085804,0.17120238,0.000156773,0.003760187
3231,1.9001889,0.096925676,0.19468296,0.000183049,0.00389474
3232,1.8902069,0.112908065,0.21458694,0.000189505,0.00402936
3233,1.8802378,0.12877598,0.23099868,0.000170096,0.004163988
3234,1.8111681,0.23587489,0.26129478,-0.000529522,0.00509474
3235,1.8209754,0.2207946,0.26509377,-0.0004235,0.004963263
3236,1.8307959,0.20569532,0.26627377,-0.000301352,0.004831367
3237,1.8702893,0.14449227,0.24404559,0.000121626,0.004298464
3238,1.8603706,0.16002516,0.25390112,4.45871E-05,0.004432553
3239,1.8504857,0.1753721,0.26077056,-5.68198E-05,0.00456608
3240,1.8406307,0.19057195,0.26484936,-0.000175327,0.004698996
3241,1.9501616,0.04855769,0.11333762,7.39181E-05,0.00322358
3242,1.94017,0.06472856,0.14405629,0.000114235,0.003357522
3243,1.9301758,0.08086343,0.17117439,0.000150336,0.003491559
3244,1.9701574,0.048543703,0.11326251,7.29972E-05,0.002956359
3245,2.000129,0.03235384,0.07893633,4.11456E-05,0.002556842
3246,1.9901531,0.048521858,0.11317278,7.50678E-05,0.002689726
3247,1.7420231,0.37767538,0.08057965,-9.46902E-05,0.006018278
3248,1.7519685,0.36153504,0.115311354,-0.00019281,0.005884277
3249,1.761904,0.34542555,0.14628693,-0.000305951,0.005750401
3250,1.7718319,0.3293659,0.17348126,-0.000419348,0.005616789
3251,1.7817557,0.31338635,0.19689707,-0.000518651,0.005483498
3252,1.7916696,0.29752532,0.21658929,-0.000591322,0.005350638
3253,1.801562,0.28182486,0.23267813,-0.000628314,0.005218322
3254,1.8114257,0.26631886,0.24535045,-0.000625437,0.005086544
3255,1.8212625,0.25101033,0.25484526,-0.000583682,0.004955169
3256,1.9201825,0.0969356,0.19468077,0.000174741,0.003625725
3257,1.9101954,0.112919495,0.21461368,0.000180073,0.003759983
3258,1.9002196,0.1287851,0.23105587,0.000160442,0.003894305
3259,1.8902628,0.14449538,0.24413301,0.000113095,0.004028556
3260,1.8310817,0.23585477,0.26140928,-0.000508329,0.004823964
3261,1.840898,0.22077137,0.26523682,-0.000407561,0.004692642
3262,1.8507274,0.20567288,0.26642963,-0.000291397,0.004560913
3263,1.8803345,0.16002017,0.25401673,3.87929E-05,0.004162492
3264,1.8704393,0.17535898,0.26090944,-5.83367E-05,0.004295895
3265,1.8605732,0.19055267,0.26500294,-0.000171395,0.004428683
3266,1.9601724,0.06471696,0.14398973,0.000110426,0.003089857
3267,1.9501785,0.08086406,0.17114063,0.000145281,0.003223391
3268,1.9401777,0.09695241,0.19468904,0.000168019,0.003357213
3269,1.9801825,0.06468672,0.14389287,0.000109342,0.00282249
3270,2.020103,0.03235343,0.07888997,4.65264E-05,0.002291894
3271,2.010129,0.048507348,0.113097236,8.27946E-05,0.002423906
3272,2.0001807,0.06464296,0.14377375,0.000113585,0.002555622
3273,2.0400746,0.032369673,0.07887414,5.41154E-05,0.002028002
3274,1.7619362,0.37767476,0.08047504,-9.04957E-05,0.005745756
3275,1.771884,0.36153302,0.1151797,-0.00018429,0.005612045
3276,1.7818229,0.3454217,0.14614536,-0.000292483,0.005478443
3277,1.7917533,0.32935992,0.17334723,-0.000400965,0.005345105
3278,1.8016754,0.3133771,0.19678806,-0.000496031,0.005212124
3279,1.8115816,0.29751235,0.21651883,-0.00056572,0.005079628
3280,1.8214654,0.28180945,0.23265348,-0.000601416,0.004947668
3281,1.8313261,0.2663032,0.24537346,-0.000599097,0.004816166
3282,1.8411663,0.250995,0.25491387,-0.000559683,0.004684985
3283,1.9301789,0.112947464,0.21465954,0.000171951,0.003491184
3284,1.9201902,0.12881629,0.23113279,0.000152003,0.003625226
3285,1.9102206,0.14452323,0.24423614,0.00010543,0.003759302
3286,1.9002802,0.16003938,0.25414112,3.33694E-05,0.003893183
3287,1.8509918,0.23583959,0.26151663,-0.000488199,0.004553946
3288,1.8608139,0.22075742,0.26537147,-0.000392455,0.004422817
3289,1.8706462,0.20566297,0.26657802,-0.000282034,0.004291329
3290,1.8903742,0.17536718,0.2610498,-5.98708E-05,0.00402656
3291,1.8804992,0.19055068,0.2651523,-0.000167791,0.004159262
3292,1.9701958,0.080851704,0.1710878,0.00013904,0.002955673
3293,1.9601821,0.0969671,0.19469507,0.000162705,0.003089131
3294,1.9501574,0.11297993,0.21471067,0.000165908,0.003222943
3295,1.9902284,0.08078945,0.17096034,0.00013905,0.002687744
3296,2.0300567,0.048525672,0.1130826,9.39926E-05,0.002159661
3297,2.020124,0.064626694,0.14370593,0.000128171,0.002289746
3298,2.010245,0.08070097,0.17079483,0.000144594,0.002420048
3299,2.060087,0.032386076,0.0788503,7.02716E-05,0.001764834
3300,2.0499547,0.04858088,0.11313689,0.000108578,0.001896627
3301,2.080112,0.032417048,0.07884126,0.000106039,0.001502832
3302,1.7818495,0.3776737,0.08037614,-8.64734E-05,0.005474068
3303,1.7918003,0.36152995,0.11505617,-0.000176145,0.005340626
3304,1.8017427,0.34541613,0.1460135,-0.000279634,0.005207277
3305,1.8116732,0.32935217,0.1732222,-0.000383457,0.00507422
3306,1.8215901,0.31336728,0.1966851,-0.000474535,0.004941569
3307,1.8314887,0.29750103,0.21645011,-0.000541446,0.004809417
3308,1.8413664,0.28179777,0.23262684,-0.000575925,0.004677761
3309,1.8512261,0.26629215,0.24539225,-0.00057414,0.004546491
3310,1.8610684,0.2509853,0.2549764,-0.00053694,0.004415505
3311,1.9401425,0.1288675,0.2312277,0.000145052,0.003356822
3312,1.9301473,0.14458229,0.2443605,9.88646E-05,0.00349079
3313,1.9201839,0.16008961,0.25427893,2.82996E-05,0.003624783
3314,1.9102632,0.17539889,0.26119286,-6.15458E-05,0.003758333
3315,1.8708944,0.23583138,0.26161653,-0.000469083,0.004284706
3316,1.8807122,0.22075173,0.26549816,-0.000378067,0.004153912
3317,1.8905338,0.20566306,0.2667191,-0.000273042,0.00402284
3318,1.9003838,0.19056436,0.26529732,-0.000164362,0.003891016
3319,1.9802215,0.097003244,0.19473052,0.000153889,0.00282111
3320,1.9701464,0.1130193,0.21476881,0.00015926,0.002955225
3321,1.9600831,0.12894353,0.23134553,0.000140915,0.003088928
3322,2.0003421,0.09682624,0.1944809,0.000153492,0.002551762
3323,2.0203762,0.096607395,0.19418119,0.000156999,0.002282607
3324,2.0399334,0.064707786,0.14380826,0.000143857,0.002027024
3325,2.0301924,0.08067474,0.1707363,0.000169187,0.00215319
3326,2.0699031,0.048612345,0.11314197,0.000141291,0.001633654
3327,2.059523,0.06489687,0.14410692,0.000163205,0.001766899
3328,2.1001532,0.03246232,0.07882666,0.000170233,0.001243947
3329,2.089703,0.0487046,0.11326671,0.00021011,0.001370278
3330,2.1203077,0.032527987,0.07880411,0.000311265,0.000987419
3331,1.8017626,0.37767303,0.080280766,-8.2674E-05,0.005203179
3332,1.8117162,0.36152813,0.11493579,-0.000168458,0.005069992
3333,1.821663,0.3454133,0.14588284,-0.000267495,0.004936869
3334,1.831595,0.32934955,0.17309506,-0.000366894,0.00480406
3335,1.8415062,0.3133655,0.19657607,-0.000454157,0.004671721
3336,1.8513969,0.29749915,0.21637389,-0.000518431,0.004539887
3337,1.8612701,0.2817954,0.23259288,-0.000551809,0.004408488
3338,1.8711272,0.26628914,0.2454044,-0.000550528,0.00427744
3339,1.8809642,0.25098103,0.25503314,-0.000515353,0.00414673
3340,1.9500412,0.14469159,0.24452114,9.32082E-05,0.00322288
3341,1.9400338,0.1602022,0.25444838,2.37284E-05,0.003357204
3342,1.93009,0.17549108,0.2613526,-6.29047E-05,0.003491288
3343,1.9202062,0.19061913,0.26544276,-0.000161368,0.003624237
3344,1.8907771,0.23582569,0.2617108,-0.000450835,0.00401635
3345,1.9005728,0.2207474,0.26561806,-0.000364348,0.003886154
3346,1.9103667,0.20567656,0.26685297,-0.000264743,0.003755768
3347,1.9901817,0.11307539,0.21484706,0.000150811,0.002687806
3348,1.9800283,0.12904502,0.23148437,0.00013136,0.002822233
3349,1.969931,0.14487039,0.24473476,9.14665E-05,0.00295496
3350,2.0100644,0.11265304,0.21437404,0.000147069,0.002421157
3351,2.029978,0.112198986,0.21386227,0.000154541,0.002154643
3352,2.040462,0.096500896,0.19405831,0.000195149,0.002012041
3353,2.0497496,0.08094175,0.17113525,0.000181323,0.001893782
3354,2.0790439,0.0648925,0.14406224,0.000200463,0.001506334
3355,2.0688002,0.08137521,0.17180315,0.000217465,0.001640072
3356,2.098854,0.065111466,0.1444346,0.000306868,0.001235269
3357,2.1098824,0.048793685,0.11337587,0.000310662,0.001106794
3358,2.1407788,0.032362517,0.07814856,0.000697653,0.000730681
3359,2.1300423,0.048905727,0.11354095,0.000597515,0.000835824
3360,2.1606505,0.030172668,0.072872736,0.001612202,0.000489647
3361,1.8216754,0.37767285,0.080188565,-7.91282E-05,0.004933056
3362,1.8316311,0.3615277,0.114817955,-0.000161279,0.004800119
3363,1.8415817,0.3454137,0.1457523,-0.000256153,0.004667215
3364,1.8515167,0.32935265,0.17296454,-0.000351392,0.004534615
3365,1.8614265,0.3133722,0.19646028,-0.000435053,0.004402517
3366,1.8713113,0.2975073,0.21628943,-0.000496775,0.004270938
3367,1.8811779,0.28180066,0.23255315,-0.000529038,0.004139776
3368,1.891025,0.26628858,0.24541414,-0.000528173,0.004009004
3369,1.9008415,0.25097248,0.2550896,-0.000494792,0.003878738
3370,1.959849,0.16044393,0.25468805,1.82856E-05,0.00308979
3371,1.9498422,0.17572881,0.26156116,-6.53592E-05,0.003225401
3372,1.939914,0.19073538,0.26559168,-0.00015904,0.003359598
3373,1.930104,0.20570518,0.2669796,-0.000256328,0.003490795
3374,1.9106193,0.23580869,0.2618045,-0.000433309,0.003749088
3375,1.9203706,0.22073227,0.26573294,-0.000351226,0.003619894
3376,1.9999173,0.12896742,0.23145545,0.00012814,0.002556944
3377,1.9797258,0.160896,0.25505123,2.22072E-05,0.002820547
3378,1.9898325,0.14509535,0.24497767,7.85861E-05,0.002689255
3379,2.0195913,0.12824282,0.23080209,0.000125335,0.002295283
3380,2.0384479,0.1269921,0.22959706,0.000170609,0.002048457
3381,2.049893,0.11197857,0.21361554,0.000209248,0.001879596
3382,2.059586,0.097495005,0.19545828,0.000189329,0.001758987
3383,2.0875325,0.08163793,0.17214274,0.000284472,0.001390876
3384,2.0773666,0.09786841,0.19595487,0.000321728,0.001516872
3385,2.1056242,0.08338794,0.17482659,0.00034205,0.001135114
3386,2.120097,0.06740638,0.14863306,0.000472114,0.000960704
3387,2.1380951,0.06325494,0.14101547,0.000714302,0.000702445
3388,2.1511447,0.049236976,0.114347264,0.00121352,0.00054274
3389,2.169198,0.044402912,0.10436076,0.001544179,0.000228378
3390,1.8415879,0.37767273,0.08010015,-7.58253E-05,0.004663672
3391,1.8515444,0.36152768,0.114704445,-0.000154579,0.00453099
3392,1.8614966,0.34541434,0.14562687,-0.000245572,0.004398318
3393,1.8714329,0.32935554,0.17283976,-0.000336948,0.00426592
3394,1.881343,0.31337765,0.19635081,-0.000417265,0.004134001
3395,1.8912257,0.29751244,0.21621156,-0.000476619,0.004002593
3396,1.901084,0.28179997,0.2325204,-0.000507768,0.003871638
3397,1.9109101,0.266275,0.24543309,-0.000507128,0.00374122
3398,1.9206845,0.25093934,0.25515714,-0.00047514,0.003611638
3399,1.9694825,0.17619473,0.26184696,-7.5024E-05,0.002959963
3400,1.959486,0.19104673,0.26576847,-0.000156268,0.003098209
3401,1.9496512,0.20577876,0.26709872,-0.000248721,0.003229705
3402,1.940088,0.22066917,0.26584896,-0.000337981,0.003355643
3403,1.9303963,0.2357553,0.2619067,-0.000415956,0.003483199
3404,2.0096264,0.14484282,0.24487218,8.64261E-05,0.002424151
3405,1.9895352,0.17710677,0.26230198,-5.22079E-05,0.002686587
3406,1.9997079,0.1616421,0.2555667,1.94579E-06,0.002553851
3407,2.0291765,0.14390285,0.24423487,0.000115172,0.002161774
3408,2.047942,0.14195034,0.24282067,9.49365E-05,0.00190378
3409,2.0547707,0.12756954,0.23003727,0.000126151,0.001808199
3410,2.0706303,0.11651379,0.21900542,0.000268744,0.001610605
3411,2.0951624,0.097812235,0.19590051,0.00023946,0.001296409
3412,2.0870059,0.110792734,0.21232001,0.000243176,0.001389822
3413,2.1098518,0.09830399,0.19652565,0.000310638,0.001058569
3414,2.1222546,0.09009082,0.18516596,0.000427022,0.000898857
3415,2.1366696,0.07909615,0.16814815,0.000579537,0.000672262
3416,2.1525786,0.0693459,0.15223463,0.000817468,0.000422546
3417,2.1681552,0.060110684,0.13588764,0.001178161,0.000133445
3418,1.8614997,0.3776726,0.080015495,-7.27492E-05,0.004395006
3419,1.8714556,0.36152762,0.114595704,-0.000148341,0.004262589
3420,1.8814068,0.345414,0.14550847,-0.000235722,0.004130159
3421,1.8913434,0.32935473,0.17272593,-0.000323542,0.003997945
3422,1.901255,0.3133752,0.19625647,-0.000400817,0.003866141
3423,1.9111373,0.2975043,0.21615209,-0.000458016,0.003734817
3424,1.920985,0.28177887,0.23250842,-0.00048817,0.003604025
3425,1.9307771,0.26622874,0.24547635,-0.000487651,0.003474018
3426,1.9404826,0.25085154,0.2552532,-0.000456573,0.003345344
3427,1.9783986,0.19193117,0.26603103,-0.000163596,0.002846274
3428,1.9687154,0.20595953,0.26721057,-0.000246212,0.002977243
3429,1.959586,0.22055078,0.26596555,-0.0003259,0.003095207
3430,1.9500793,0.23562044,0.26203412,-0.000399496,0.00321876
3431,1.995709,0.19324295,0.26633054,-0.000180475,0.002604648
3432,2.0195315,0.16119516,0.2554323,3.9153E-05,0.002288554
3433,2.0095284,0.17986585,0.2634387,-6.72277E-05,0.002423386
3434,2.0399196,0.16018818,0.2550472,3.91079E-05,0.002023686
3435,2.0571861,0.15396205,0.25123367,8.22499E-05,0.001774054
3436,2.06815,0.13908733,0.24066003,0.000122195,0.001628155
3437,2.0877745,0.12746583,0.23016553,0.000207563,0.001367908
3438,2.1035926,0.11488242,0.21721403,0.000241774,0.001134323
3439,2.1211061,0.10765779,0.2087102,0.000234055,0.00090324
3440,2.1368694,0.09820439,0.19672921,0.00036736,0.000682124
3441,2.1524663,0.088477544,0.1830059,0.000429735,0.000414955
3442,2.1682055,0.07878261,0.16837333,0.000578814,0.000140942
3443,1.8814106,0.37767276,0.07993358,-6.99131E-05,0.004127035
3444,1.8913648,0.36152807,0.11449038,-0.000142619,0.003994884
3445,1.9013145,0.34541422,0.14539386,-0.000226701,0.003862681
3446,1.911253,0.32935268,0.17261882,-0.000311268,0.00373059
3447,1.9211704,0.31336665,0.19617455,-0.000385789,0.003598785
3448,1.9310566,0.29748273,0.21611102,-0.000441084,0.003467409
3449,1.9408915,0.28173155,0.23252274,-0.000470469,0.003336697
3450,1.9506354,0.26613116,0.24555862,-0.000470177,0.00320711
3451,1.9602439,0.25066248,0.2554045,-0.000439816,0.003079382
3452,1.9865102,0.20621343,0.2673073,-0.000247275,0.002745661
3453,1.9786602,0.22023635,0.26609978,-0.000314256,0.002842622
3454,1.9696506,0.23529741,0.26222605,-0.000384044,0.002955262
3455,1.9999337,0.20613986,0.2673072,-0.000251821,0.002545686
3456,2.0103476,0.19820066,0.2671313,-0.000158481,0.002416995
3457,2.0292284,0.17672734,0.26239768,-8.14585E-05,0.00217067
3458,2.0226376,0.19094235,0.26609126,-8.61673E-05,0.002239446
3459,2.0445647,0.17716943,0.26257065,-2.65189E-05,0.001944693
3460,2.0569155,0.16884443,0.25932562,8.1372E-05,0.001772522
3461,2.0714614,0.1584395,0.25410402,8.23907E-06,0.001563977
3462,2.0872855,0.147709,0.24730039,0.000155288,0.001379808
3463,2.1038837,0.13597563,0.23811835,0.000144128,0.001129506
3464,2.1202154,0.12631527,0.22922972,0.000183656,0.00090524
3465,2.1364176,0.117178224,0.2198481,0.00021666,0.000674435
3466,2.1523035,0.10750787,0.2088039,0.000257163,0.000438242
3467,2.168171,0.09792836,0.19662575,0.000215384,0.000174643
3468,1.9013213,0.3776738,0.079852834,-6.73827E-05,0.003859735
3469,1.9112743,0.3615303,0.11438541,-0.000137537,0.00372783
3470,1.9212247,0.34541726,0.14527866,-0.00021873,0.003595795
3471,1.9311697,0.3293538,0.17251115,-0.000300408,0.00346371
3472,1.9411016,0.31335825,0.19609626,-0.000372381,0.003331698
3473,1.9510044,0.2974513,0.2160838,-0.000426031,0.003199988
3474,1.9608322,0.281657,0.23256387,-0.000454927,0.003069219
3475,1.9705139,0.26596415,0.24569438,-0.000455106,0.002940207
3476,1.9800225,0.25030848,0.25564831,-0.00042347,0.002813162
3477,1.9959133,0.21896331,0.2663405,-0.000311073,0.002604752
3478,1.9892889,0.2344599,0.26260626,-0.000378964,0.002689456
3479,2.0111854,0.21400107,0.267083,-0.000300628,0.00240407
3480,2.0256407,0.2055971,0.2675389,-0.000189193,0.002210334
3481,2.039344,0.19339089,0.26671922,-0.000147256,0.00199974
3482,2.0563352,0.18630269,0.26539811,-0.000110594,0.001788396
3483,2.0720387,0.17700915,0.26275405,-6.64628E-05,0.001569253
3484,2.08764,0.16690588,0.25865057,-6.69377E-06,0.001364573
3485,2.1037505,0.15647675,0.25319692,7.32803E-05,0.00114793
3486,2.1201112,0.14626117,0.24638626,8.37404E-05,0.000914529
3487,2.1361604,0.13652563,0.23870073,9.50694E-05,0.000684296
3488,2.1521845,0.12691541,0.23003124,0.00010376,0.000455546
3489,2.1681213,0.11723801,0.22017595,6.6247E-05,0.00021939
3490,1.921232,0.37767616,0.079771854,-6.52637E-05,0.003593088
3491,1.9311855,0.36153573,0.11427761,-0.00013332,0.003461398
3492,1.9411411,0.34542507,0.14515898,-0.000212116,0.003329442
3493,1.9511018,0.32935992,0.17239983,-0.000291263,0.003197171
3494,1.9610692,0.31335387,0.19601618,-0.000360422,0.003064552
3495,1.9710277,0.29741523,0.21606353,-0.000410771,0.00293185
3496,1.9808656,0.28157157,0.23261382,-0.000434806,0.002801081
3497,1.9904324,0.26571873,0.24588989,-0.000432578,0.00267468
3498,1.9998434,0.24991548,0.25590742,-0.000398487,0.002550105
3499,2.0096068,0.23275813,0.26332924,-0.000376544,0.002430291
3500,2.0254028,0.22262861,0.26580903,-0.000343913,0.002196401
3501,2.0408404,0.21267177,0.26741713,-0.000245086,0.001984848
3502,2.0561728,0.20431995,0.2677022,-0.000191919,0.001780457
3503,2.072052,0.19554909,0.26717603,-0.000150318,0.001567971
3504,2.0878444,0.18601324,0.2655159,-0.000106109,0.001358808
3505,2.103752,0.17604336,0.26258776,-5.12976E-05,0.001145174
3506,2.1198366,0.16596721,0.25843164,1.09014E-05,0.000929087
3507,2.1359847,0.156108,0.25307634,1.04595E-05,0.000700856
3508,2.1520495,0.14637738,0.2465975,-3.30971E-06,0.000476097
3509,2.16806,0.13667512,0.23901589,-3.95083E-05,0.00025472
3510,1.9411428,0.37768006,0.079689704,-6.36893E-05,0.003327093
3511,1.9510974,0.36154422,0.11416671,-0.000130276,0.003195601
3512,1.9610593,0.34543714,0.1450356,-0.000207335,0.003063665
3513,1.9710479,0.3293691,0.1722885,-0.000284313,0.002930926
3514,1.9810973,0.31335285,0.19593689,-0.00035004,0.002796842
3515,1.9912382,0.2973983,0.21602622,-0.000395486,0.002660836
3516,2.0011244,0.28159127,0.23256335,-0.000425944,0.002529706
3517,2.0102506,0.26582003,0.24584676,-0.000440872,0.002412004
3518,2.0193393,0.25053003,0.25562394,-0.000411174,0.002288194
3519,2.0269907,0.23705074,0.26170793,-0.000385434,0.00218675
3520,2.0408964,0.23159395,0.2637646,-0.000338859,0.00197937
3521,2.0564115,0.22351985,0.26592427,-0.000284059,0.001781022
3522,2.0720537,0.21448544,0.2673844,-0.000253284,0.001567609
3523,2.0878844,0.20515077,0.26791024,-0.000201813,0.001356947
3524,2.1037452,0.19542512,0.267334,-0.000149654,0.001144868
3525,2.11975,0.18549076,0.26555586,-9.90113E-05,0.000930722
3526,2.1358275,0.17562982,0.26262015,-5.85681E-05,0.000714594
3527,2.1519227,0.16588686,0.2585064,-6.42305E-05,0.000495114
3528,2.1679876,0.15616329,0.2532196,-9.89622E-05,0.000281736
3529,1.9610535,0.37768564,0.07960546,-6.30488E-05,0.003061758
3530,1.9710062,0.36155415,0.114055425,-0.000129415,0.002930455
3531,1.9809624,0.3454486,0.14491709,-0.000206853,0.002798518
3532,1.9909793,0.3293718,0.1721944,-0.000285684,0.00266507
3533,2.0011702,0.31335044,0.19587106,-0.000359186,0.002528431
3534,2.0119283,0.29756042,0.2158046,-0.00040996,0.002385447
3535,2.0220082,0.28170663,0.23241991,-0.000448693,0.002252084
3536,2.0288098,0.26584956,0.24588187,-0.000399162,0.002172787
3537,2.0398428,0.25082266,0.2554845,-0.000441138,0.002008509
3538,2.0411506,0.26483783,0.2465706,-0.00048871,0.001987882
3539,2.0558906,0.24287006,0.25955313,-0.000371767,0.001786203
3540,2.071955,0.23384863,0.26317278,-0.000341825,0.001574934
3541,2.0878594,0.22450908,0.2658493,-0.000308333,0.00135672
3542,2.1038117,0.2148556,0.26752755,-0.000251167,0.001142731
3543,2.1197915,0.20505857,0.2680827,-0.00019393,0.000930175
3544,2.135815,0.19522025,0.26746485,-0.00014718,0.000717353
3545,2.1518795,0.18543588,0.2656911,-0.000118217,0.000506207
3546,2.1679416,0.17568512,0.2627466,-0.000127871,0.000300075
3547,1.9809635,0.37769204,0.07951984,-6.35074E-05,0.002797146
3548,1.9909085,0.3615602,0.11395266,-0.000130736,0.002666106
3549,2.00084,0.34544173,0.14483209,-0.000209136,0.002534361
3550,2.010757,0.3293399,0.17215306,-0.000287428,0.002401498
3551,2.0209897,0.31315377,0.1960722,-0.000347689,0.002264528
3552,2.0314708,0.2967461,0.2167168,-0.000374147,0.002123904
3553,2.0421617,0.2788165,0.23514372,-0.000432007,0.00198736
3554,2.0545704,0.26371834,0.24749823,-0.000426848,0.001791482
3555,2.0716681,0.2537165,0.2539467,-0.000417655,0.001576512
3556,2.087848,0.2439886,0.2591306,-0.000379666,0.001355438
3557,2.1038194,0.23435552,0.26310354,-0.000333681,0.001138379
3558,2.1198187,0.22457658,0.2659708,-0.000278106,0.00092573
3559,2.1358297,0.21478093,0.2676757,-0.000222315,0.000715615
3560,2.1518664,0.20498708,0.268207,-0.00017985,0.000508264
3561,2.1679168,0.19521955,0.26758507,-0.000158253,0.000308874
3562,2.000877,0.37769693,0.079436876,-6.55217E-05,0.002533252
3563,2.0108175,0.36155707,0.11386797,-0.000135263,0.00240234
3564,2.0207372,0.3454209,0.14477351,-0.000216384,0.002270344
3565,2.0306685,0.32922646,0.17224954,-0.000295421,0.002136274
3566,2.0406258,0.31279173,0.19652091,-0.000364101,0.001997801
3567,2.0505295,0.29627728,0.21720654,-0.000465111,0.001857382
3568,2.0579445,0.28122234,0.23280044,-0.000455922,0.001761847
3569,2.0719564,0.27372423,0.23968478,-0.000402325,0.001582989
3570,2.0879369,0.26363713,0.24751441,-0.00043854,0.001352783
3571,2.1038566,0.25385135,0.2539563,-0.000393889,0.001133071
3572,2.1198282,0.24409394,0.2591805,-0.000344451,0.00091935
3573,2.13584,0.23431161,0.26322573,-0.000285483,0.000708469
3574,2.1518674,0.22452968,0.26608747,-0.000229077,0.000503477
3575,2.1679099,0.21475536,0.26777726,-0.000188172,0.000307781
3576,2.0208044,0.3776969,0.07936217,-6.938E-05,0.002270097
3577,2.030758,0.36156258,0.113763355,-0.000142896,0.0021392
3578,2.0407207,0.3453828,0.14474604,-0.000227402,0.002006317
3579,2.0507283,0.32907623,0.1724056,-0.000307362,0.001869896
3580,2.0609074,0.31240386,0.19698358,-0.000380453,0.001727984
3581,2.0713396,0.29400784,0.21985924,-0.000474372,0.001601724
3582,2.0881186,0.28259918,0.23156312,-0.000461457,0.001357633
3583,2.1038842,0.27343756,0.23991174,-0.000431997,0.001128712
3584,2.1198297,0.26358354,0.24762313,-0.000399325,0.000912212
3585,2.1358366,0.25382105,0.25405768,-0.00033511,0.000697609
3586,2.151868,0.24405937,0.25927895,-0.000267387,0.000491715
3587,2.1679094,0.23428884,0.2633139,-0.000206071,0.000298017
3588,2.040747,0.37772074,0.079229474,-7.6014E-05,0.002007809
3589,2.0507226,0.36159688,0.11359716,-0.000159752,0.001876566
3590,2.0607529,0.3454096,0.14460358,-0.000258828,0.001741122
3591,2.0707939,0.32925123,0.17204928,-0.000364179,0.0016
3592,2.0806177,0.31314084,0.19593744,-0.000454365,0.001461547
3593,2.0893035,0.29868713,0.21426745,-0.00042768,0.001350682
3594,2.103872,0.29283637,0.2210897,-0.000438367,0.001133041
3595,2.119775,0.28299522,0.23126623,-0.00044963,0.000910292
3596,2.1357968,0.27328822,0.24010003,-0.000382085,0.000684661
3597,2.151858,0.26357585,0.24770851,-0.000299801,0.000474503
3598,2.1679075,0.25381792,0.25412852,-0.000215477,0.000279355
3599,2.060687,0.3778004,0.07896167,-8.98513E-05,0.001747069
3600,2.0706847,0.3617307,0.113218375,-0.000191265,0.001615267
3601,2.080729,0.34573197,0.14391421,-0.000305962,0.001477622
3602,2.0910275,0.32974482,0.17118004,-0.000401748,0.001329133
3603,2.1020164,0.31257418,0.1967894,-0.000488329,0.001186845
3604,2.1195173,0.30181795,0.21059938,-0.000516714,0.000914419
3605,2.1356442,0.29262945,0.22135615,-0.000430084,0.000673283
3606,2.1518347,0.28310463,0.231252,-0.00033895,0.000453799
3607,2.167903,0.27334875,0.24012938,-0.000225364,0.000251705
3608,2.0806124,0.3779595,0.07849775,-0.000124511,0.001487818
3609,2.0905507,0.36214185,0.11226489,-0.000264148,0.001354651
3610,2.100417,0.34662408,0.1421984,-0.000413496,0.0012148
3611,2.1113713,0.3314532,0.16842158,-0.000533508,0.001055459
3612,2.1203687,0.3179218,0.18908349,-0.000519693,0.000915591
3613,2.135427,0.31195062,0.1976601,-0.000479062,0.000669392
3614,2.1515112,0.30260924,0.20981075,-0.000415727,0.000438473
3615,2.1678703,0.29287946,0.22121388,-0.00026235,0.000216347
3616,2.100453,0.3781786,0.07786011,-0.00018789,0.001233206
3617,2.1104088,0.3626263,0.11113638,-0.000376038,0.001096677
3618,2.120165,0.347386,0.14071421,-0.000565925,0.000960597
3619,2.1321747,0.33146387,0.16851428,-0.000636364,0.000744046
3620,2.1506908,0.32193294,0.18352528,-0.000599109,0.000441135
3621,2.1675205,0.3123277,0.19739786,-0.000398914,0.000181805
3622,2.120153,0.3782768,0.07743896,-0.000353111,0.000983736
3623,2.1301777,0.36325997,0.10972789,-0.000689126,0.000829432
3624,2.1364408,0.34888798,0.13784792,-0.000844271,0.000708115
3625,2.15076,0.34071463,0.15305749,-0.000812215,0.000450145
3626,2.1673129,0.33165795,0.16869064,-0.000693528,0.000154115
3627,2.139138,0.3779547,0.0778456,-0.000737496,0.000759169
3628,2.15011,0.3616779,0.11306205,-0.001242884,0.000525664
3629,2.1675372,0.3513273,0.13398175,-0.001225724,0.000153449
3630,2.1547892,0.3792078,0.07455879,-0.001488905,0.000557852
3631,2.1691136,0.3709942,0.09350045,-0.001729405,0.000218632
