,x,y,u (m/s),v (m/s),p (Pa),mask
0,0.0,0.0,0.0,0.0,0.0,True
1,0.015873015873015872,0.0,-6.041902121494844e-07,6.010779759760061e-08,2.198935819700987e-05,True
2,0.031746031746031744,0.0,-4.551251978655787e-06,6.112876293095511e-08,4.938113204687172e-05,True
3,0.047619047619047616,0.0,-3.484586802951667e-07,-1.8464876063612605e-08,3.890914556446106e-05,True
4,0.06349206349206349,0.0,1.0315247923437877e-06,-4.536610700073214e-09,-1.8525680246518666e-05,True
5,0.07936507936507936,0.0,2.3226767589849223e-06,6.883128970111379e-08,-0.00011828896462786394,True
6,0.09523809523809523,0.0,-1.0050565511612397e-06,3.672575658082454e-10,-0.00025091105505595213,True
7,0.1111111111111111,0.0,7.573168791558506e-07,6.250954842401437e-08,-0.000406582150415906,True
8,0.12698412698412698,0.0,6.610328227506491e-08,-2.084392636169569e-09,-0.0005789573778763,True
9,0.14285714285714285,0.0,-2.1484615846159217e-07,2.0454497497908177e-08,-0.0007660069612119142,True
10,0.15873015873015872,0.0,-1.9257869458189354e-06,4.677808389227169e-08,-0.0009701272652561729,True
11,0.1746031746031746,0.0,9.98312362833623e-07,-2.413316090429796e-08,-0.0011970134032171335,True
12,0.19047619047619047,0.0,5.1318515924247156e-06,-1.1796193280839408e-07,-0.0014536439310866604,True
13,0.20634920634920634,0.0,1.0685088403738351e-06,-5.257863040131392e-08,-0.0017467855144393727,True
14,0.2222222222222222,0.0,-7.364752711440735e-06,2.589314367509313e-07,-0.0020829594832174184,True
15,0.23809523809523808,0.0,8.124653197733856e-06,-3.065036382562829e-07,-0.0024660124563490923,True
16,0.25396825396825395,0.0,-2.010172011152846e-06,-2.470409583818537e-09,-0.002898258198116709,True
17,0.2698412698412698,0.0,1.2875579040020387e-05,-1.498071044553059e-07,-0.0033815073435517627,True
18,0.2857142857142857,0.0,-5.0572296992121325e-06,6.71244646850914e-07,-0.003912822897662601,True
19,0.30158730158730157,0.0,2.879036271404031e-05,-9.275236304772056e-07,-0.004487849895137386,True
20,0.31746031746031744,0.0,4.007722342954023e-06,1.6586587751520714e-08,-0.005097080514177781,True
21,0.3333333333333333,0.0,1.0270293127455648e-05,-5.172089912945559e-08,-0.005726684782373974,True
22,0.3492063492063492,0.0,-2.2648310928048154e-05,5.361701043655643e-07,-0.0063572963179233805,True
23,0.36507936507936506,0.0,1.195725270794997e-05,-1.1048138506296822e-06,-0.006965272029262094,True
24,0.38095238095238093,0.0,-9.993391103887615e-06,2.681664578297288e-07,-0.00752044082279665,True
25,0.3968253968253968,0.0,-7.429358501300023e-05,-4.908650815655067e-08,-0.00798794731352965,True
26,0.4126984126984127,0.0,0.00011166278252264938,2.0125438887429895e-07,-0.008338925947680025,True
27,0.42857142857142855,0.0,-0.00010235187248013712,-2.204282043018049e-07,-0.008534619059924989,True
28,0.4444444444444444,0.0,0.00010002396149116442,2.924788669600251e-07,-0.008546206043818309,True
29,0.4603174603174603,0.0,-7.956595504853836e-05,-2.6922816358072795e-07,-0.008349864342092783,True
30,0.47619047619047616,0.0,6.264531969642621e-05,3.009110563398913e-07,-0.007931933308954227,True
31,0.49206349206349204,0.0,-2.7627266326237294e-05,2.7694605552267707e-07,-0.007293217724033042,True
32,0.5079365079365079,0.0,-4.543382959673141e-06,-9.320112893952662e-07,-0.006437678467097719,True
33,0.5238095238095237,0.0,-2.1702451175183785e-05,1.812044374608479e-06,-0.0054149464035994875,True
34,0.5396825396825397,0.0,3.955558001085995e-05,-2.2468888598974445e-06,-0.004262677203839765,True
35,0.5555555555555556,0.0,-6.87105125262359e-05,1.9145735623177245e-06,-0.0030464078557682654,True
36,0.5714285714285714,0.0,8.620197221101243e-05,-1.9206183786640288e-06,-0.0018446079455414679,True
37,0.5873015873015872,0.0,-6.217319524953991e-05,7.072555278042523e-07,-0.0007414552732262724,True
38,0.6031746031746031,0.0,-2.7665921766778e-05,4.2265918755560614e-07,0.00018957919979527908,True
39,0.6190476190476191,0.0,3.342345040055026e-06,-6.039402307784981e-07,0.0008638266335592514,True
40,0.6349206349206349,0.0,8.31575100984472e-05,2.470310217377767e-08,0.0012219964635135003,True
41,0.6507936507936507,0.0,-0.0001313423190692674,-2.7599215690469753e-07,0.001247388168031313,True
42,0.6666666666666666,0.0,4.6242582140006626e-05,1.7246085348594587e-07,0.0009245145550331269,True
43,0.6825396825396826,0.0,2.4122200254091552e-05,1.5359233109289003e-07,0.0002843425862803596,True
44,0.6984126984126984,0.0,-5.8346665945652023e-05,-5.651825834328057e-07,-0.0006193284582052463,True
45,0.7142857142857142,0.0,8.210005300380175e-05,9.73416631270259e-07,-0.001713093391896693,True
46,0.7301587301587301,0.0,-3.1403776631435625e-05,-3.946546222187436e-07,-0.0029149551689478543,True
47,0.746031746031746,0.0,-3.4183670735790847e-06,-1.6709626300415068e-07,-0.004141185086306957,True
48,0.7619047619047619,0.0,-5.2167187318738625e-06,-4.4325993609378856e-07,-0.005319907550965396,True
49,0.7777777777777777,0.0,-3.880161684348491e-06,2.3779778691968787e-07,-0.006394699613399715,True
50,0.7936507936507936,0.0,-6.176896372794118e-06,5.6875117862313626e-08,-0.007330017547504669,True
51,0.8095238095238095,0.0,1.5936415097474064e-05,-8.392571658281364e-08,-0.00810791385453056,True
52,0.8253968253968254,0.0,-1.8769647109564206e-06,-7.570174250485283e-08,-0.008730356485411027,True
53,0.8412698412698412,0.0,8.332661904455232e-08,3.2782748249463793e-07,-0.009206724386700477,True
54,0.8571428571428571,0.0,1.585738860883596e-05,7.222299715219414e-08,-0.009556254696101106,True
55,0.873015873015873,0.0,1.1245466584761312e-06,-4.682759820098554e-09,-0.009801795780063778,True
56,0.8888888888888888,0.0,1.3415588059568357e-06,-2.175812613147061e-07,-0.009965413477594694,True
57,0.9047619047619047,0.0,-3.999707764127592e-06,-2.5105153977713916e-08,-0.010065985034938038,True
58,0.9206349206349206,0.0,5.375428124901696e-06,2.3334823746114776e-07,-0.010119329264651816,True
59,0.9365079365079365,0.0,-7.213863989341666e-06,-7.220303212202514e-08,-0.010135725461848117,True
60,0.9523809523809523,0.0,-1.3801182463918883e-06,1.363681608911709e-07,-0.010120962065673745,True
61,0.9682539682539681,0.0,-4.174456085931763e-06,-1.2453287562197128e-07,-0.010079809317356046,True
62,0.9841269841269841,0.0,3.0981172836644314e-07,-1.7803468879119407e-08,-0.01002574389149305,True
63,1.0,0.0,0.0,0.0,-0.0100026028466812,True
64,0.0,0.015873015873015872,8.149599433442888e-08,-7.683217826827146e-07,-2.196118464924864e-05,True
65,0.015873015873015872,0.015873015873015872,0.0003207540126721074,-0.000322398951189082,-5.311777258838789e-09,True
66,0.031746031746031744,0.015873015873015872,0.0012404346028791354,-0.0006368712376831748,1.175926412736257e-05,True
67,0.047619047619047616,0.015873015873015872,0.0025219723558981837,-0.0007621428168542204,-6.328308958057034e-06,True
68,0.06349206349206349,0.015873015873015872,0.0038632961482917665,-0.00072474349451978,-6.203184266738488e-05,True
69,0.07936507936507936,0.015873015873015872,0.0050338916757158144,-0.000579965027143425,-0.00015350056625859242,True
70,0.09523809523809523,0.015873015873015872,0.0058858346954370816,-0.000388233267971214,-0.00027441440960148175,True
71,0.1111111111111111,0.015873015873015872,0.0063780487368396595,-0.00019508896110121576,-0.0004176203395629912,True
72,0.12698412698412698,0.015873015873015872,0.006518244711952681,-2.3786478359830407e-05,-0.0005781773160560513,True
73,0.14285714285714285,0.015873015873015872,0.006347966093488408,0.00011581498072701747,-0.0007548578867885862,True
74,0.15873015873015872,0.015873015873015872,0.00591575423415309,0.00023724502817068496,-0.0009492388394265241,True
75,0.1746031746031746,0.015873015873015872,0.0052236722270894,0.000357596297233939,-0.0011662718656662993,True
76,0.19047619047619047,0.015873015873015872,0.004263600541164878,0.0004954878339691281,-0.0014115868944586595,True
77,0.20634920634920634,0.015873015873015872,0.0029532894558979544,0.0006728696712408037,-0.0016915693591322062,True
78,0.2222222222222222,0.015873015873015872,0.0012466124362524385,0.0008916231278171501,-0.002011237069299483,True
79,0.23809523809523808,0.015873015873015872,-0.0009512618918844895,0.0011567021002449583,-0.002375048847859006,True
80,0.25396825396825395,0.015873015873015872,-0.003730813339300874,0.0014674299767333374,-0.002786003345510967,True
81,0.2698412698412698,0.015873015873015872,-0.007160160130342972,0.001817711064881569,-0.003245411788283,True
82,0.2857142857142857,0.015873015873015872,-0.011268543040522199,0.002190863530288375,-0.00375147387293606,True
83,0.30158730158730157,0.015873015873015872,-0.016120300668769634,0.0025828904836041225,-0.004300768668914508,True
84,0.31746031746031744,0.015873015873015872,-0.02173869494005497,0.002984987731519561,-0.004885954533178634,True
85,0.3333333333333333,0.015873015873015872,-0.02803807817568428,0.003362786679090008,-0.005493685336248913,True
86,0.3492063492063492,0.015873015873015872,-0.03498328422583083,0.00370384573105563,-0.006106467834026707,True
87,0.36507936507936506,0.015873015873015872,-0.0423860453918001,0.003960607671788853,-0.006702291493372143,True
88,0.38095238095238093,0.015873015873015872,-0.04994077120180401,0.00413448034068701,-0.007251666335975997,True
89,0.3968253968253968,0.015873015873015872,-0.05789793822000503,0.004185002767466171,-0.007726899826175585,True
90,0.4126984126984127,0.015873015873015872,-0.06552694430053398,0.004101585122303901,-0.008090741000398194,True
91,0.42857142857142855,0.015873015873015872,-0.07272628092953125,0.0038816804666782904,-0.00830729669049689,True
92,0.4444444444444444,0.015873015873015872,-0.07930759903806639,0.0034786608509261184,-0.008351231541900752,True
93,0.4603174603174603,0.015873015873015872,-0.08483025729239384,0.002931270061520197,-0.008199207681944274,True
94,0.47619047619047616,0.015873015873015872,-0.08909980553663058,0.002250579851041613,-0.00782895759582744,True
95,0.49206349206349204,0.015873015873015872,-0.09194772544193629,0.0013816284660433417,-0.007246837519587099,True
96,0.5079365079365079,0.015873015873015872,-0.09311083172183897,0.0004363729802900582,-0.006460330981070988,True
97,0.5238095238095237,0.015873015873015872,-0.09253185159267178,-0.0006052641748145237,-0.005502665496502782,True
98,0.5396825396825397,0.015873015873015872,-0.08996663800622264,-0.0016953790974171066,-0.004415737916731248,True
99,0.5555555555555556,0.015873015873015872,-0.08542952782284029,-0.0027991685051303897,-0.003264461571133551,True
100,0.5714285714285714,0.015873015873015872,-0.07916390712603098,-0.0038439133153778168,-0.0021232007440996426,True
101,0.5873015873015872,0.015873015873015872,-0.07128328123473313,-0.004778724198870803,-0.0010693321928128274,True
102,0.6031746031746031,0.015873015873015872,-0.0617762587568944,-0.005575059701152004,-0.00018249753894025755,True
103,0.6190476190476191,0.015873015873015872,-0.05127012549817868,-0.0061439639609098,0.00046049149316889693,True
104,0.6349206349206349,0.015873015873015872,-0.0400350073528697,-0.006472917314687016,0.000806283162998141,True
105,0.6507936507936507,0.015873015873015872,-0.02817052633399845,-0.0065162282366639,0.0008304133542780493,True
106,0.6666666666666666,0.015873015873015872,-0.016824740611623416,-0.006281574926436735,0.0005215449943894673,True
107,0.6825396825396826,0.015873015873015872,-0.005879213474840385,-0.00576194957162909,-8.955599996050718e-05,True
108,0.6984126984126984,0.015873015873015872,0.003996490905241359,-0.005006372452571517,-0.0009515628240245013,True
109,0.7142857142857142,0.015873015873015872,0.012352170251077606,-0.004106866490419528,-0.0019942744739995374,True
110,0.7301587301587301,0.015873015873015872,0.019322370883849825,-0.003032543699319949,-0.003134573279807727,True
111,0.746031746031746,0.015873015873015872,0.02424246746054048,-0.002001024045001533,-0.0042990618664677975,True
112,0.7619047619047619,0.015873015873015872,0.02740149594771529,-0.0010030665932871455,-0.005415762364436029,True
113,0.7777777777777777,0.015873015873015872,0.028910986144386048,-9.851034019232078e-05,-0.006433306534655371,True
114,0.7936507936507936,0.015873015873015872,0.02886987076304861,0.0006418572776169664,-0.0073183604708064835,True
115,0.8095238095238095,0.015873015873015872,0.027582103006249928,0.0012035806344621136,-0.008056300968981168,True
116,0.8253968253968254,0.015873015873015872,0.02540809255494658,0.0015723930598659384,-0.008649694175616337,True
117,0.8412698412698412,0.015873015873015872,0.022569405655735106,0.001780246100899244,-0.00910678329031883,True
118,0.8571428571428571,0.015873015873015872,0.0194131225947058,0.001847562150174628,-0.009447167496767094,True
119,0.873015873015873,0.015873015873015872,0.016175317682672503,0.001806629308659404,-0.009691282174304714,True
120,0.8888888888888888,0.015873015873015872,0.012997294835912873,0.0016984113653347353,-0.009858337224720128,True
121,0.9047619047619047,0.015873015873015872,0.010002716760768096,0.0015511594964480455,-0.009966252808464434,True
122,0.9206349206349206,0.015873015873015872,0.007273463713447885,0.0013840572133025418,-0.010029155206943962,True
123,0.9365079365079365,0.015873015873015872,0.004847669563873817,0.001199440869761248,-0.010057202632725647,True
124,0.9523809523809523,0.015873015873015872,0.002792994732849178,0.000975986391682642,-0.010057266282768039,True
125,0.9682539682539681,0.015873015873015872,0.0012134226715236891,0.0006689959615060317,-0.01003559295472866,True
126,0.9841269841269841,0.015873015873015872,0.00026177689884102664,0.0002566767274563177,-0.010002848077098812,True
127,1.0,0.015873015873015872,4.2039849298552885e-09,1.9201428808503777e-07,-0.009979254112422465,True
128,0.0,0.031746031746031744,-2.146632327141206e-07,4.394196706236908e-06,-5.08985568262528e-05,True
129,0.015873015873015872,0.031746031746031744,0.0006393083617725957,-0.0012465412987766014,-1.2400348361510865e-05,True
130,0.031746031746031744,0.031746031746031744,0.002166060383544782,-0.0021538068989949157,-2.2319419195266106e-07,True
131,0.047619047619047616,0.031746031746031744,0.004112167434812957,-0.00249314168531523,-2.152973738494263e-05,True
132,0.06349206349206349,0.031746031746031744,0.006060998084910699,-0.00233159816145641,-7.81213117487154e-05,True
133,0.07936507936507936,0.031746031746031744,0.007676194287287887,-0.001822647888143189,-0.0001669161254010314,True
134,0.09523809523809523,0.031746031746031744,0.008751435801834427,-0.0011487714379869406,-0.00028136365523635207,True
135,0.1111111111111111,0.031746031746031744,0.009187448237292378,-0.0004420748800291922,-0.00041503362914128766,True
136,0.12698412698412698,0.031746031746031744,0.00897840437858252,0.0002120289143590139,-0.000563782160032167,True
137,0.14285714285714285,0.031746031746031744,0.008155864626761496,0.0007943781796450763,-0.0007268502705608294,True
138,0.15873015873015872,0.031746031746031744,0.006733861507848383,0.0013350540880535872,-0.0009069043851323128,True
139,0.1746031746031746,0.031746031746031744,0.004692213520695107,0.001902138911298125,-0.0011078770462642636,True
140,0.19047619047619047,0.031746031746031744,0.0019294572031178835,0.0025638251075002475,-0.00133638194692432,True
141,0.20634920634920634,0.031746031746031744,-0.0015291505127504339,0.003326706187539364,-0.0015980724366681694,True
142,0.2222222222222222,0.031746031746031744,-0.005952060598732464,0.004261071709945582,-0.0018983457860303082,True
143,0.23809523809523808,0.031746031746031744,-0.011434921685874743,0.005352609794333946,-0.00224220217262028,True
144,0.25396825396825395,0.031746031746031744,-0.018073289086575847,0.006579644877589309,-0.0026329130640647077,True
145,0.2698412698412698,0.031746031746031744,-0.025975722152554812,0.007918030000540623,-0.0030739432530479597,True
146,0.2857142857142857,0.031746031746031744,-0.03506029914436932,0.009292845865111409,-0.0035653132666144814,True
147,0.30158730158730157,0.031746031746031744,-0.04551363278863069,0.0106945606005658,-0.0041055253638555365,True
148,0.31746031746031744,0.031746031746031744,-0.05694449524567582,0.011992556123795083,-0.004688806774562976,True
149,0.3333333333333333,0.031746031746031744,-0.06932779403203713,0.013136668862985597,-0.005304363781888542,True
150,0.3492063492063492,0.031746031746031744,-0.08232213996836912,0.014037360989441824,-0.005935904436793567,True
151,0.36507936507936506,0.031746031746031744,-0.09571620196597291,0.014604801586804016,-0.00656264926292371,True
152,0.38095238095238093,0.031746031746031744,-0.10880857939802781,0.01478626428831748,-0.007150867882664753,True
153,0.3968253968253968,0.031746031746031744,-0.12160869647546621,0.014476178623669568,-0.007676732438598134,True
154,0.4126984126984127,0.031746031746031744,-0.13330246131624732,0.013772518261921931,-0.008092711556149107,True
155,0.42857142857142855,0.031746031746031744,-0.14387733718606713,0.012429239753493356,-0.008378198710899553,True
156,0.4444444444444444,0.031746031746031744,-0.15265221281735739,0.010765519816942695,-0.008483007222367396,True
157,0.4603174603174603,0.031746031746031744,-0.15952742540629342,0.008533523930958445,-0.008394069707506512,True
158,0.47619047619047616,0.031746031746031744,-0.16416321643615236,0.0059635965878898625,-0.00808528132676974,True
159,0.49206349206349204,0.031746031746031744,-0.16644492685071877,0.003003238580436384,-0.007559993467132887,True
160,0.5079365079365079,0.031746031746031744,-0.16620475044605698,-0.00014602390758076107,-0.006818753098536597,True
161,0.5238095238095237,0.031746031746031744,-0.16321710654547122,-0.003550096135738943,-0.005896497894242023,True
162,0.5396825396825397,0.031746031746031744,-0.15786934827730348,-0.006909317680411391,-0.00484164815282125,True
163,0.5555555555555556,0.031746031746031744,-0.1500149699127849,-0.010213047754995621,-0.003710270878927669,True
164,0.5714285714285714,0.031746031746031744,-0.1397363032861154,-0.013364499727584838,-0.0025779461285739386,True
165,0.5873015873015872,0.031746031746031744,-0.12740957890613805,-0.016098688521688546,-0.0015254615809394674,True
166,0.6031746031746031,0.031746031746031744,-0.11315210026115884,-0.01844371820456512,-0.0006354530256502472,True
167,0.6190476190476191,0.031746031746031744,-0.09743268935814227,-0.020156492150326017,2.2313765688549333e-05,True
168,0.6349206349206349,0.031746031746031744,-0.08075030687170238,-0.021155037052653123,0.00038871374146735003,True
169,0.6507936507936507,0.031746031746031744,-0.06343331531939839,-0.021380372014443188,0.00042902738014832364,True
170,0.6666666666666666,0.031746031746031744,-0.04607895599932799,-0.0208004589990579,0.0001432209487655946,True
171,0.6825396825396826,0.031746031746031744,-0.02926364349717558,-0.019430667748447972,-0.0004476351673853082,True
172,0.6984126984126984,0.031746031746031744,-0.013548429158548985,-0.017356719190410076,-0.001291906126612569,True
173,0.7142857142857142,0.031746031746031744,0.0007379150378462481,-0.014661447837633023,-0.0023131263377673826,True
174,0.7301587301587301,0.031746031746031744,0.012818450768615963,-0.011676619986117518,-0.003431087883853069,True
175,0.746031746031746,0.031746031746031744,0.022845059449507363,-0.008409470156904856,-0.004566259655124994,True
176,0.7619047619047619,0.031746031746031744,0.030344389149611628,-0.005176966417732317,-0.005648181492743149,True
177,0.7777777777777777,0.031746031746031744,0.035250250232512645,-0.002237794433071052,-0.006626178345608186,True
178,0.7936507936507936,0.031746031746031744,0.03796381696401897,0.00040984576705386876,-0.007468889160813038,True
179,0.8095238095238095,0.031746031746031744,0.03836750424075469,0.00251046617757932,-0.008161524364188736,True
180,0.8253968253968254,0.031746031746031744,0.037108536150470134,0.004094769334019802,-0.008712829774234605,True
181,0.8412698412698412,0.031746031746031744,0.03435607406895486,0.005121919257814773,-0.00913237105585172,True
182,0.8571428571428571,0.031746031746031744,0.03066276248547298,0.005677403972415239,-0.009442227492365354,True
183,0.873015873015873,0.031746031746031744,0.026347748690297386,0.005825206289760673,-0.009663012674717968,True
184,0.8888888888888888,0.031746031746031744,0.021778430769870467,0.005675767423984947,-0.009814869086288563,True
185,0.9047619047619047,0.031746031746031744,0.017216788566494643,0.005328458016613659,-0.009914721287429144,True
186,0.9206349206349206,0.031746031746031744,0.012872594554993491,0.0048530081566930975,-0.009975804927996478,True
187,0.9365079365079365,0.031746031746031744,0.008883057711506546,0.004267122746477511,-0.010007468557364183,True
188,0.9523809523809523,0.031746031746031744,0.00540478203609645,0.003527124038911255,-0.010015544773001058,True
189,0.9682539682539681,0.031746031746031744,0.0026046895409105957,0.0025273428024450624,-0.010003086311788843,True
190,0.9841269841269841,0.031746031746031744,0.0007122525843418046,0.0012288515739669018,-0.009971782426742121,True
191,1.0,0.031746031746031744,1.8319943551027254e-07,1.0617340201171083e-06,-0.009925902625573179,True
192,0.0,0.047619047619047616,-1.5146616354261528e-08,1.6039158448760166e-06,-4.677497958529525e-05,True
193,0.015873015873015872,0.047619047619047616,0.0008037868779995536,-0.00256218431507728,1.7333465206526863e-06,True
194,0.031746031746031744,0.047619047619047616,0.0026388349953966276,-0.0041430833239384105,1.6147734481890617e-05,True
195,0.047619047619047616,0.047619047619047616,0.0048388329668362555,-0.00463326916797158,-8.419147273312933e-06,True
196,0.06349206349206349,0.047619047619047616,0.006888669569515128,-0.004199078206861939,-6.934200584709798e-05,True
197,0.07936507936507936,0.047619047619047616,0.008401251827529816,-0.0031268407696216764,-0.00016015369650988298,True
198,0.09523809523809523,0.047619047619047616,0.009139714021974076,-0.0017170067009321492,-0.0002725044912826996,True
199,0.1111111111111111,0.047619047619047616,0.008992726596510866,-0.0002293145528735096,-0.0003992343332379403,True
200,0.12698412698412698,0.047619047619047616,0.007915780148815397,0.0012105486034300836,-0.0005364756418803672,True
201,0.14285714285714285,0.047619047619047616,0.0058858809807095635,0.0025729414631412545,-0.0006844463657938778,True
202,0.15873015873015872,0.047619047619047616,0.00290769155049659,0.003906467042478987,-0.0008469419723655142,True
203,0.1746031746031746,0.047619047619047616,-0.0011321514453957598,0.0053359095997631825,-0.0010298446699553143,True
204,0.19047619047619047,0.047619047619047616,-0.006301606964642473,0.0069511859050778715,-0.001240310578784946,True
205,0.20634920634920634,0.047619047619047616,-0.01286546663542826,0.008872359333685725,-0.001483992211700206,True
206,0.2222222222222222,0.047619047619047616,-0.020870320291605137,0.011080026908077278,-0.001769306717685353,True
207,0.23809523809523808,0.047619047619047616,-0.030473775200363436,0.013559247929984843,-0.0021014977864587357,True
208,0.25396825396825395,0.047619047619047616,-0.04175689048863975,0.016252964109407925,-0.002488149471820774,True
209,0.2698412698412698,0.047619047619047616,-0.054685865071807484,0.019047051543090276,-0.002933938647131474,True
210,0.2857142857142857,0.047619047619047616,-0.06906141936598757,0.021796940911239814,-0.0034422829514374432,True
211,0.30158730158730157,0.047619047619047616,-0.08495003112424354,0.024413967182812975,-0.004015932121746459,True
212,0.31746031746031744,0.047619047619047616,-0.10165358614244438,0.026647276757374782,-0.0046485037805295585,True
213,0.3333333333333333,0.047619047619047616,-0.11895403355921466,0.028381051674962538,-0.005330799194173864,True
214,0.3492063492063492,0.047619047619047616,-0.13635856277346975,0.029452388898281435,-0.006047159140877024,True
215,0.36507936507936506,0.047619047619047616,-0.15322853876763967,0.02977099561784019,-0.0067647964228598105,True
216,0.38095238095238093,0.047619047619047616,-0.16932791473214992,0.029200663473747952,-0.0074631611078615516,True
217,0.3968253968253968,0.047619047619047616,-0.1840495247638083,0.02782535971628275,-0.0080916275249333,True
218,0.4126984126984127,0.047619047619047616,-0.19702336180303612,0.02545701527915086,-0.00862347322640212,True
219,0.42857142857142855,0.047619047619047616,-0.20800803705719442,0.022388604694577985,-0.00900360853074276,True
220,0.4444444444444444,0.047619047619047616,-0.2167182731464914,0.018521218232795584,-0.009205140274072078,True
221,0.4603174603174603,0.047619047619047616,-0.2230732288473356,0.013958753792751513,-0.009199267162647868,True
222,0.47619047619047616,0.047619047619047616,-0.22679780086737952,0.008921886173258183,-0.00895768758902526,True
223,0.49206349206349204,0.047619047619047616,-0.22799198034774915,0.003386394141014909,-0.008485872488850585,True
224,0.5079365079365079,0.047619047619047616,-0.22656142878631966,-0.0024628149010746587,-0.007786645418558233,True
225,0.5238095238095237,0.047619047619047616,-0.22246412069201021,-0.008321425004226855,-0.006888428571208521,True
226,0.5396825396825397,0.047619047619047616,-0.21575965195314833,-0.01441811156101795,-0.005841915806500533,True
227,0.5555555555555556,0.047619047619047616,-0.2065577848437945,-0.0201392767539076,-0.004699505890951152,True
228,0.5714285714285714,0.047619047619047616,-0.1948668753090391,-0.02559868753095192,-0.0035419489749440253,True
229,0.5873015873015872,0.047619047619047616,-0.18094512007904576,-0.030454324331613342,-0.002444055401864509,True
230,0.6031746031746031,0.047619047619047616,-0.1649439041589716,-0.034578831730331355,-0.0014942134144637356,True
231,0.6190476190476191,0.047619047619047616,-0.14718257106372584,-0.03769790883069166,-0.0007728419531962457,True
232,0.6349206349206349,0.047619047619047616,-0.12801678307707906,-0.03971594821186153,-0.0003308104309705106,True
233,0.6507936507936507,0.047619047619047616,-0.10791886262870176,-0.040427242352527884,-0.00022290232806220406,True
234,0.6666666666666666,0.047619047619047616,-0.08732675504910556,-0.039802985803610275,-0.0004403000365576707,True
235,0.6825396825396826,0.047619047619047616,-0.06685167526662113,-0.03782280255848135,-0.0009731508358778694,True
236,0.6984126984126984,0.047619047619047616,-0.04706273661723233,-0.034576401202098185,-0.0017699294705964248,True
237,0.7142857142857142,0.047619047619047616,-0.02862040696430076,-0.030291762068403918,-0.002756300131522726,True
238,0.7301587301587301,0.047619047619047616,-0.011785376336943643,-0.02513599358454889,-0.0038459023774925606,True
239,0.746031746031746,0.047619047619047616,0.002831979934530131,-0.019493339217520996,-0.004956420434123638,True
240,0.7619047619047619,0.047619047619047616,0.014911227324244441,-0.013695392950824361,-0.006013930080283818,True
241,0.7777777777777777,0.047619047619047616,0.024296332290968586,-0.00807437605742195,-0.0069623939495911625,True
242,0.7936507936507936,0.047619047619047616,0.030944098635688866,-0.002924545155569998,-0.007768400634747608,True
243,0.8095238095238095,0.047619047619047616,0.0349179216696508,0.0014893612645724577,-0.008420912602397709,True
244,0.8253968253968254,0.047619047619047616,0.03646276676992122,0.00503120000457885,-0.008924394357517022,True
245,0.8412698412698412,0.047619047619047616,0.0358467624840236,0.007602259832123274,-0.009296739292799717,True
246,0.8571428571428571,0.047619047619047616,0.033642291046086674,0.00931514605555431,-0.009560927244369775,True
247,0.873015873015873,0.047619047619047616,0.030123827422565898,0.010185885040196073,-0.009741169400204962,True
248,0.8888888888888888,0.047619047619047616,0.025789946249580427,0.01039240767404277,-0.00986014124303719,True
249,0.9047619047619047,0.047619047619047616,0.021016021412826224,0.010094918631017111,-0.009935542989204406,True
250,0.9206349206349206,0.047619047619047616,0.016147484610307065,0.009432862117263177,-0.009981137970305452,True
251,0.9365079365079365,0.047619047619047616,0.011458537943400612,0.008462431263245293,-0.010004594615517061,True
252,0.9523809523809523,0.047619047619047616,0.007193738312727374,0.007137165292432374,-0.010010311837428046,True
253,0.9682539682539681,0.047619047619047616,0.0036167072312177856,0.005325643368003377,-0.009997554134329397,True
254,0.9841269841269841,0.047619047619047616,0.0010435304942935672,0.0028871515154702456,-0.009960729928080175,True
255,1.0,0.047619047619047616,2.7559090563775964e-07,4.395437988091433e-06,-0.009895966130627678,True
256,0.0,0.06349206349206349,-5.2460870126534454e-08,-3.3547529641081764e-06,2.1339611898412864e-07,True
257,0.015873015873015872,0.06349206349206349,0.0008558469492518833,-0.004061205261981939,5.150260887805026e-05,True
258,0.031746031746031744,0.06349206349206349,0.0027341479280884665,-0.006282071451444822,6.339823725092039e-05,True
259,0.047619047619047616,0.06349206349206349,0.004835260920790026,-0.006764223885416347,3.1829679213304926e-05,True
260,0.06349206349206349,0.06349206349206349,0.006564134352474126,-0.0058481137923484,-3.7349061822993486e-05,True
261,0.07936507936507936,0.06349206349206349,0.007505301762743736,-0.003972274138410553,-0.00013411297452330155,True
262,0.09523809523809523,0.06349206349206349,0.007420863967025495,-0.001590611640821276,-0.00024746990441666477,True
263,0.1111111111111111,0.06349206349206349,0.00616938232585479,0.0009730514466548761,-0.00036915097567509817,True
264,0.12698412698412698,0.06349206349206349,0.003704899349429163,0.0035022069858508652,-0.0004958446838204357,True
265,0.14285714285714285,0.06349206349206349,-3.575411424192658e-05,0.005987834511826429,-0.0006293617780885682,True
266,0.15873015873015872,0.06349206349206349,-0.005156958489180069,0.008536685514179517,-0.000775477392412862,True
267,0.1746031746031746,0.06349206349206349,-0.011852605021326859,0.011335888889579246,-0.0009420484917762519,True
268,0.19047619047619047,0.06349206349206349,-0.020231343017779416,0.014490679448802782,-0.001139170702116638,True
269,0.20634920634920634,0.06349206349206349,-0.030424798364519442,0.018058794498355617,-0.001375474128129728,True
270,0.2222222222222222,0.06349206349206349,-0.04260896995193797,0.022056071348253423,-0.001662271954716442,True
271,0.23809523809523808,0.06349206349206349,-0.056836962698411715,0.026388032371783433,-0.0020082814165848593,True
272,0.25396825396825395,0.06349206349206349,-0.07298011164952048,0.030867253935805528,-0.002425935096927178,True
273,0.2698412698412698,0.06349206349206349,-0.09084571715198268,0.03528448597462197,-0.0029245685363163457,True
274,0.2857142857142857,0.06349206349206349,-0.11008429885483174,0.03938705748607684,-0.0035104508705541535,True
275,0.30158730158730157,0.06349206349206349,-0.1302106118870153,0.0429087677758387,-0.004184565460578622,True
276,0.31746031746031744,0.06349206349206349,-0.15074938765806345,0.045600597406902976,-0.004949612357790577,True
277,0.3333333333333333,0.06349206349206349,-0.17106483188934757,0.04726618097368908,-0.005780588748911469,True
278,0.3492063492063492,0.06349206349206349,-0.19061358139099746,0.047747075309253484,-0.006660559761460498,True
279,0.36507936507936506,0.06349206349206349,-0.20894227282746608,0.04700433060900056,-0.0075518044661550794,True
280,0.38095238095238093,0.06349206349206349,-0.2256783720381884,0.04490951322353048,-0.008427519313708252,True
281,0.3968253968253968,0.06349206349206349,-0.24057876425279032,0.0417461519412904,-0.009218658655787672,True
282,0.4126984126984127,0.06349206349206349,-0.25336779883826827,0.037377929110140526,-0.009903047367062394,True
283,0.42857142857142855,0.06349206349206349,-0.2637936344274444,0.031998740793216275,-0.010424788631867361,True
284,0.4444444444444444,0.06349206349206349,-0.27207109828423465,0.02575257766927262,-0.01075048685469235,True
285,0.4603174603174603,0.06349206349206349,-0.27792476955725604,0.018791323352183247,-0.010844878589056918,True
286,0.47619047619047616,0.06349206349206349,-0.2813823907408742,0.011184002499339759,-0.010694441600393248,True
287,0.49206349206349204,0.06349206349206349,-0.28245291952461155,0.003152863048036346,-0.010288538521917178,True
288,0.5079365079365079,0.06349206349206349,-0.2809285110433115,-0.005231967176167678,-0.009634079394597725,True
289,0.5238095238095237,0.06349206349206349,-0.27706827802504913,-0.013731291551078445,-0.008764370058561876,True
290,0.5396825396825397,0.06349206349206349,-0.27069660664372797,-0.02230058282468963,-0.007715732640179921,True
291,0.5555555555555556,0.06349206349206349,-0.26170200568926105,-0.030528394464727895,-0.006552044347349726,True
292,0.5714285714285714,0.06349206349206349,-0.25028170197517363,-0.038408369879137524,-0.0053401559862647436,True
293,0.5873015873015872,0.06349206349206349,-0.23643566736206728,-0.045562233711188095,-0.004159581228283809,True
294,0.6031746031746031,0.06349206349206349,-0.2202752591188894,-0.05179005893320825,-0.0030916426314413804,True
295,0.6190476190476191,0.06349206349206349,-0.20191679214861766,-0.05671531902366339,-0.002233072577659451,True
296,0.6349206349206349,0.06349206349206349,-0.18165570966160113,-0.060168538207780016,-0.0016477548258229413,True
297,0.6507936507936507,0.06349206349206349,-0.15995056429645188,-0.06188518126509868,-0.0013704257749304857,True
298,0.6666666666666666,0.06349206349206349,-0.13719456193774673,-0.06172638839361165,-0.001433077342911312,True
299,0.6825396825396826,0.06349206349206349,-0.11394804352033015,-0.059621614953290165,-0.0018252552153330758,True
300,0.6984126984126984,0.06349206349206349,-0.0908492956965782,-0.05566184102032928,-0.002497258432906701,True
301,0.7142857142857142,0.06349206349206349,-0.06848195214434126,-0.05003582097944612,-0.0033794838224043095,True
302,0.7301587301587301,0.06349206349206349,-0.0475994888353431,-0.04306699344430458,-0.004396086739144069,True
303,0.746031746031746,0.06349206349206349,-0.028601177362038703,-0.03513845515441437,-0.0054495813625559065,True
304,0.7619047619047619,0.06349206349206349,-0.01191374884464265,-0.026693010880086746,-0.0064634584440109695,True
305,0.7777777777777777,0.06349206349206349,0.0018269942362273456,-0.01838741001429031,-0.007378119638026275,True
306,0.7936507936507936,0.06349206349206349,0.01296156727050469,-0.010356244898727149,-0.008151062078886908,True
307,0.8095238095238095,0.06349206349206349,0.021064117220870097,-0.0032115986036830068,-0.008767737540566234,True
308,0.8253968253968254,0.06349206349206349,0.02637419789975666,0.0028605186962380167,-0.009230257489680361,True
309,0.8412698412698412,0.06349206349206349,0.029089087216740674,0.007667012443596021,-0.009558022923756498,True
310,0.8571428571428571,0.06349206349206349,0.029525238631852583,0.01115450549272454,-0.009775992162751171,True
311,0.873015873015873,0.06349206349206349,0.028064969862656976,0.013373156561677818,-0.009911409735454794,True
312,0.8888888888888888,0.06349206349206349,0.02518524047344939,0.014491793066820937,-0.009989577834781401,True
313,0.9047619047619047,0.06349206349206349,0.021326139226808174,0.014701777421689278,-0.010030614371845527,True
314,0.9206349206349206,0.06349206349206349,0.016906894983788074,0.01418677861060425,-0.010049806130690557,True
315,0.9365079365079365,0.06349206349206349,0.01232333154187383,0.013051944703879242,-0.010055140981787704,True
316,0.9523809523809523,0.06349206349206349,0.007918956194449838,0.011269591057158102,-0.010050115957389319,True
317,0.9682539682539681,0.06349206349206349,0.004059957618236069,0.008653588165244162,-0.01003137342173426,True
318,0.9841269841269841,0.06349206349206349,0.0011932273578293222,0.0049619616040267964,-0.009989217689425471,True
319,1.0,0.06349206349206349,-3.785535555882049e-08,-2.5594664323306148e-06,-0.009915363615951713,True
320,0.0,0.07936507936507936,-1.6339363702977919e-09,2.6456310311666378e-06,9.444512889755472e-05,True
321,0.015873015873015872,0.07936507936507936,0.0008176360445685347,-0.005553408804050068,0.00014207402294924993,True
322,0.031746031746031744,0.07936507936507936,0.0025084604372855477,-0.008262015533807806,0.00014568631902973713,True
323,0.047619047619047616,0.07936507936507936,0.004182077953002746,-0.008506610302609017,0.00010228810505031948,True
324,0.06349206349206349,0.07936507936507936,0.0051962787884296275,-0.006835746687452692,2.0863516190431897e-05,True
325,0.07936507936507936,0.07936507936507936,0.005144544756860374,-0.0038917178325000752,-8.489542905542176e-05,True
326,0.09523809523809523,0.07936507936507936,0.0037822327838443475,-0.00025783665859231437,-0.0002016907521484061,True
327,0.1111111111111111,0.07936507936507936,0.0009768722541537375,0.003640360796461014,-0.00032070000055976376,True
328,0.12698412698412698,0.07936507936507936,-0.0033788673157955458,0.007605115035926008,-0.00043962350262248377,True
329,0.14285714285714285,0.07936507936507936,-0.009388436487055798,0.01163054624673312,-0.000562673410720989,True
330,0.15873015873015872,0.07936507936507936,-0.01726943985916029,0.01590068022263301,-0.0006988753177049827,True
331,0.1746031746031746,0.07936507936507936,-0.02704982877196586,0.020504625787106125,-0.0008599853921462257,True
332,0.19047619047619047,0.07936507936507936,-0.03911548245548547,0.025699271933053276,-0.001060332518477958,True
333,0.20634920634920634,0.07936507936507936,-0.053405418440898,0.031401538007260026,-0.001313619370728889,True
334,0.2222222222222222,0.07936507936507936,-0.07004283800684559,0.03756506894315844,-0.001637704842724208,True
335,0.23809523809523808,0.07936507936507936,-0.08877388095138979,0.04390669255542952,-0.002045680628067482,True
336,0.25396825396825395,0.07936507936507936,-0.10936816630161347,0.05015511264450419,-0.0025579046467922796,True
337,0.2698412698412698,0.07936507936507936,-0.13128586492755934,0.05591613730178025,-0.00318333265674573,True
338,0.2857142857142857,0.07936507936507936,-0.1540059679106287,0.06085181716930288,-0.003935701451892404,True
339,0.30158730158730157,0.07936507936507936,-0.17687707816197265,0.06460989452881385,-0.004814239653260214,True
340,0.31746031746031744,0.07936507936507936,-0.19926170616197808,0.06697269654521162,-0.0057950946113649385,True
341,0.3333333333333333,0.07936507936507936,-0.2206736230664255,0.06777139420255864,-0.0068646349923902296,True
342,0.3492063492063492,0.07936507936507936,-0.2406617057317706,0.06695455252200161,-0.00798790358393112,True
343,0.36507936507936506,0.07936507936507936,-0.2588874125412829,0.06445957853352037,-0.009134299660435568,True
344,0.38095238095238093,0.07936507936507936,-0.27523647057604755,0.060576432175658224,-0.01022810675790689,True
345,0.3968253968253968,0.07936507936507936,-0.28951916849058856,0.055272422837625,-0.011243192742536372,True
346,0.4126984126984127,0.07936507936507936,-0.30168278269418913,0.04874223320562954,-0.012122878404755514,True
347,0.42857142857142855,0.07936507936507936,-0.31175898478470093,0.04119146136310765,-0.012818137485912264,True
348,0.4444444444444444,0.07936507936507936,-0.31982290017867526,0.03272290996343444,-0.01329852513022443,True
349,0.4603174603174603,0.07936507936507936,-0.32564090642016524,0.023473097622177138,-0.013528086153656575,True
350,0.47619047619047616,0.07936507936507936,-0.3292331567406589,0.013594092782790754,-0.013489403068457632,True
351,0.49206349206349204,0.07936507936507936,-0.3308635843612071,0.003236988276617809,-0.013177347226601209,True
352,0.5079365079365079,0.07936507936507936,-0.33011074003028845,-0.007508636135685697,-0.012593492336090849,True
353,0.5238095238095237,0.07936507936507936,-0.32710193656599096,-0.018420451846210575,-0.011763154623550064,True
354,0.5396825396825397,0.07936507936507936,-0.3218250171914339,-0.029436106128757692,-0.010724433059449852,True
355,0.5555555555555556,0.07936507936507936,-0.3139493460984953,-0.040099276634060065,-0.00953340092696474,True
356,0.5714285714285714,0.07936507936507936,-0.30387081887086315,-0.05060646978828766,-0.008242896648185115,True
357,0.5873015873015872,0.07936507936507936,-0.2910334129700291,-0.06012961983695904,-0.006949677064701509,True
358,0.6031746031746031,0.07936507936507936,-0.2757377141180262,-0.06879148285596252,-0.00572448046863875,True
359,0.6190476190476191,0.07936507936507936,-0.257971071455995,-0.07597397403435723,-0.004648470974613142,True
360,0.6349206349206349,0.07936507936507936,-0.23778188519528146,-0.08137412132820114,-0.0038177417197132087,True
361,0.6507936507936507,0.07936507936507936,-0.21547681549846578,-0.0847840274188535,-0.003263019952762073,True
362,0.6666666666666666,0.07936507936507936,-0.19139045332215496,-0.08573996833818259,-0.003050930255083034,True
363,0.6825396825396826,0.07936507936507936,-0.1660841235900669,-0.08419398598078942,-0.00316995326864986,True
364,0.6984126984126984,0.07936507936507936,-0.1401601726991843,-0.08010511750386276,-0.0035972445030707395,True
365,0.7142857142857142,0.07936507936507936,-0.11436926854563363,-0.07365538438635648,-0.004273290835972531,True
366,0.7301587301587301,0.07936507936507936,-0.0894902769979821,-0.0652122765500098,-0.005119624587407364,True
367,0.746031746031746,0.07936507936507936,-0.06618881820008213,-0.05522359160872446,-0.006045985793599005,True
368,0.7619047619047619,0.07936507936507936,-0.04504979177198488,-0.044279797258497976,-0.006968047656211693,True
369,0.7777777777777777,0.07936507936507936,-0.026735383334898506,-0.03310660486476523,-0.007819194868538215,True
370,0.7936507936507936,0.07936507936507936,-0.01124879719991687,-0.022128544551061495,-0.008544252385438645,True
371,0.8095238095238095,0.07936507936507936,0.001116249746610598,-0.011965160027098862,-0.009125623441096686,True
372,0.8253968253968254,0.07936507936507936,0.010383163047406887,-0.0030164136388698866,-0.009556795400957026,True
373,0.8412698412698412,0.07936507936507936,0.01673301412986604,0.004460801425211404,-0.009852059158805819,True
374,0.8571428571428571,0.07936507936507936,0.02034495508571559,0.010268141809136065,-0.010034997100712668,True
375,0.873015873015873,0.07936507936507936,0.0215957680390127,0.014420677307396507,-0.010133750904171838,True
376,0.8888888888888888,0.07936507936507936,0.02089226497665364,0.01702634240622273,-0.010175540995915333,True
377,0.9047619047619047,0.07936507936507936,0.018658936967670903,0.018248212174962086,-0.01018324905398427,True
378,0.9206349206349206,0.07936507936507936,0.015412399589979526,0.01832397666480862,-0.01017338880332256,True
379,0.9365079365079365,0.07936507936507936,0.011573111325950593,0.017362327669243467,-0.010156870471411842,True
380,0.9523809523809523,0.07936507936507936,0.0075969998416483145,0.015352028131729858,-0.010137019942725643,True
381,0.9682539682539681,0.07936507936507936,0.003946765565119603,0.012078534181020903,-0.01011021541763261,True
382,0.9841269841269841,0.07936507936507936,0.0011653267863369538,0.007134545837803122,-0.010065382367190597,True
383,1.0,0.07936507936507936,4.746488119064659e-08,-3.3324435254276643e-06,-0.009992443210666937,True
384,0.0,0.09523809523809523,-1.5677642196816022e-09,4.555687971503703e-06,0.00024021099928929753,True
385,0.015873015873015872,0.09523809523809523,0.0006974049102193035,-0.006870548474104034,0.0002782973268941679,True
386,0.031746031746031744,0.09523809523809523,0.0019801074872882367,-0.009814780282692918,0.00026801802207493516,True
387,0.047619047619047616,0.09523809523809523,0.002908140472577942,-0.009514374503662814,0.00020850701263784994,True
388,0.06349206349206349,0.09523809523809523,0.0028414853121843894,-0.006783679624527522,0.0001117113048045641,True
389,0.07936507936507936,0.09523809523809523,0.0013881098963716236,-0.0024633341129608015,-5.306783816637763e-06,True
390,0.09523809523809523,0.09523809523809523,-0.001647918945246275,0.0026971026955932903,-0.00012823883712191272,True
391,0.1111111111111111,0.09523809523809523,-0.0064504048182420755,0.008257079564415161,-0.0002483604294362258,True
392,0.12698412698412698,0.09523809523809523,-0.013094364657233447,0.013979346517028058,-0.00036600336972764997,True
393,0.14285714285714285,0.09523809523809523,-0.02183440549662387,0.01996977845287375,-0.0004888509495401761,True
394,0.15873015873015872,0.09523809523809523,-0.032825164790326475,0.026369142945349543,-0.0006309113230410068,True
395,0.1746031746031746,0.09523809523809523,-0.04616389473217842,0.033289272236023924,-0.0008092031496108375,True
396,0.19047619047619047,0.09523809523809523,-0.06209829258957351,0.040879320117655736,-0.0010447442010648083,True
397,0.20634920634920634,0.09523809523809523,-0.0805740873686525,0.049011137425420896,-0.0013602319832225751,True
398,0.2222222222222222,0.09523809523809523,-0.10141016307162554,0.05741615112226072,-0.0017833544048251023,True
399,0.23809523809523808,0.09523809523809523,-0.1239709501161471,0.06557054398863219,-0.002327475530828332,True
400,0.25396825396825395,0.09523809523809523,-0.14792836115819505,0.07313338931200909,-0.003024649343849904,True
401,0.2698412698412698,0.09523809523809523,-0.17247873415993104,0.07958382148455509,-0.003876530843648535,True
402,0.2857142857142857,0.09523809523809523,-0.19700204278294375,0.08457182266356375,-0.0048888840083736165,True
403,0.30158730158730157,0.09523809523809523,-0.2208481992558864,0.08772418653093489,-0.0060723922695797225,True
404,0.31746031746031744,0.09523809523809523,-0.24351530454614617,0.08900731109447213,-0.007364684293312018,True
405,0.3333333333333333,0.09523809523809523,-0.2645978580883366,0.08830264861074671,-0.008756423748971247,True
406,0.3492063492063492,0.09523809523809523,-0.28390707531695736,0.08571690100799569,-0.010194832318718287,True
407,0.36507936507936506,0.09523809523809523,-0.30120906008501935,0.08133668074718199,-0.011635236515691124,True
408,0.38095238095238093,0.09523809523809523,-0.31668083606938574,0.07545362513196369,-0.013008486096762677,True
409,0.3968253968253968,0.09523809523809523,-0.33008514506667813,0.06812990127305432,-0.014278106946501216,True
410,0.4126984126984127,0.09523809523809523,-0.34149013719245774,0.05956190360609223,-0.015390826248309834,True
411,0.42857142857142855,0.09523809523809523,-0.3509531048573666,0.050015377176997805,-0.016290671100817902,True
412,0.4444444444444444,0.09523809523809523,-0.3585801994506416,0.03949196029048861,-0.0169591613826349,True
413,0.4603174603174603,0.09523809523809523,-0.3642792629435471,0.02824393898888368,-0.017351514610241765,True
414,0.47619047619047616,0.09523809523809523,-0.3680341582101453,0.01636692219395948,-0.017454450709766728,True
415,0.49206349206349204,0.09523809523809523,-0.3700388940325462,0.003918074366627578,-0.017264667594008586,True
416,0.5079365079365079,0.09523809523809523,-0.3701165219881999,-0.008859393167727934,-0.01677436810857818,True
417,0.5238095238095237,0.09523809523809523,-0.3681794247227502,-0.021945477731433058,-0.016010692995074485,True
418,0.5396825396825397,0.09523809523809523,-0.36429430615233593,-0.03514822236679081,-0.015001258036673844,True
419,0.5555555555555556,0.09523809523809523,-0.3583074349584986,-0.04825409348724308,-0.013789823704284544,True
420,0.5714285714285714,0.09523809523809523,-0.34998279765425866,-0.061022955531661344,-0.012437562767826382,True
421,0.5873015873015872,0.09523809523809523,-0.33933545262121373,-0.07320400991495243,-0.011008521520569386,True
422,0.6031746031746031,0.09523809523809523,-0.3260642672713083,-0.08437243405947208,-0.009590416121614554,True
423,0.6190476190476191,0.09523809523809523,-0.3101364990735588,-0.09419125175512538,-0.008254500296810562,True
424,0.6349206349206349,0.09523809523809523,-0.2914743172116922,-0.1021714587623725,-0.0070880523995144485,True
425,0.6507936507936507,0.09523809523809523,-0.270087451287091,-0.10787008293377988,-0.0061571727861933065,True
426,0.6666666666666666,0.09523809523809523,-0.24613793914076848,-0.11082380527252685,-0.005527929514332702,True
427,0.6825396825396826,0.09523809523809523,-0.2199851504097808,-0.11070231338467601,-0.005229001069850985,True
428,0.6984126984126984,0.09523809523809523,-0.19223898295327196,-0.10732788830155868,-0.005266044522007992,True
429,0.7142857142857142,0.09523809523809523,-0.16352541877945406,-0.10082599688467121,-0.005563519815291371,True
430,0.7301587301587301,0.09523809523809523,-0.13504646355646438,-0.09145279038738839,-0.0061207218413238855,True
431,0.746031746031746,0.09523809523809523,-0.1074527122024498,-0.07975724512465773,-0.006805659606750051,True
432,0.7619047619047619,0.09523809523809523,-0.08174206846257592,-0.06646078830041759,-0.007550914668996575,True
433,0.7777777777777777,0.09523809523809523,-0.058672731701780174,-0.05238775274917107,-0.008278032582827378,True
434,0.7936507936507936,0.09523809523809523,-0.03859016462188799,-0.03825867723147623,-0.008921418516054574,True
435,0.8095238095238095,0.09523809523809523,-0.021916561542277918,-0.02486472176286806,-0.009450891022318173,True
436,0.8253968253968254,0.09523809523809523,-0.008624396927894929,-0.012716985687687424,-0.009848524393758858,True
437,0.8412698412698412,0.09523809523809523,0.0013695045076323686,-0.002235286198177902,-0.010120181261843612,True
438,0.8571428571428571,0.09523809523809523,0.008303383797466637,0.00634260271196917,-0.010281946642593756,True
439,0.873015873015873,0.09523809523809523,0.012438654447986634,0.012890863723582252,-0.010360160507498857,True
440,0.8888888888888888,0.09523809523809523,0.014199943376703257,0.017478888496439797,-0.010379219965249481,True
441,0.9047619047619047,0.09523809523809523,0.013949928586406788,0.020184308675885776,-0.01036370626768229,True
442,0.9206349206349206,0.09523809523809523,0.01227873779527831,0.02129993937041517,-0.010332108040673036,True
443,0.9365079365079365,0.09523809523809523,0.009613211560565193,0.020877863587785216,-0.010297183520512284,True
444,0.9523809523809523,0.09523809523809523,0.006468910568749064,0.018926343508178893,-0.010264355745641688,True
445,0.9682539682539681,0.09523809523809523,0.0034011150450505047,0.015181175392048274,-0.010231191660160207,True
446,0.9841269841269841,0.09523809523809523,0.0010048224058873234,0.00912903896456582,-0.010187404482786095,True
447,1.0,0.09523809523809523,2.136114864522821e-08,-5.6788141561977075e-06,-0.010123361526757683,True
448,0.0,0.1111111111111111,4.99356269639499e-09,2.861369503052532e-06,0.0004420846961617256,True
449,0.015873015873015872,0.1111111111111111,0.00048555079507282595,-0.007846846001997674,0.00046449420078481204,True
450,0.031746031746031744,0.1111111111111111,0.0011159255593216344,-0.010646499801803842,0.0004351489967610604,True
451,0.047619047619047616,0.1111111111111111,0.0009972109836246478,-0.009447769062840129,0.0003565240105325537,True
452,0.06349206349206349,0.1111111111111111,-0.0004913963853939567,-0.00532000083519233,0.00024278531964372913,True
453,0.07936507936507936,0.1111111111111111,-0.0036634718264703424,0.000644005610025249,0.00011204819335719944,True
454,0.09523809523809523,0.1111111111111111,-0.008774145433853856,0.007670507180271498,-2.0495836904912938e-05,True
455,0.1111111111111111,0.1111111111111111,-0.015864842554786207,0.015162134447361988,-0.0001490116434646303,True
456,0.12698412698412698,0.1111111111111111,-0.025189703856576352,0.02303188042998111,-0.0002772615725369986,True
457,0.14285714285714285,0.1111111111111111,-0.03694530421780998,0.031353331300463576,-0.00041875420713777023,True
458,0.15873015873015872,0.1111111111111111,-0.05128490515074106,0.04025929230658082,-0.0005937397417478432,True
459,0.1746031746031746,0.1111111111111111,-0.06836560242393701,0.04986810002021657,-0.0008284731982288998,True
460,0.19047619047619047,0.1111111111111111,-0.08808755152574328,0.06004091572723801,-0.0011514916969897315,True
461,0.20634920634920634,0.1111111111111111,-0.11029604499011555,0.07053678198390596,-0.0016002488461593397,True
462,0.2222222222222222,0.1111111111111111,-0.13433681685402357,0.08076123641720122,-0.0021979720506482957,True
463,0.23809523809523808,0.1111111111111111,-0.15972257366586234,0.09024640593808164,-0.002983224256129619,True
464,0.25396825396825395,0.1111111111111111,-0.18558349532222748,0.09836125480057165,-0.003968324649290273,True
465,0.2698412698412698,0.1111111111111111,-0.21120802905174144,0.10465570375961138,-0.005160800863120826,True
466,0.2857142857142857,0.1111111111111111,-0.23600320835803332,0.10887448167473106,-0.006533623705424984,True
467,0.30158730158730157,0.1111111111111111,-0.25943676648029546,0.1108041093205989,-0.008085271990824002,True
468,0.31746031746031744,0.1111111111111111,-0.28117866675556574,0.11042559344878715,-0.009776033795581823,True
469,0.3333333333333333,0.1111111111111111,-0.30104146577889535,0.10789515772385165,-0.01154481206352782,True
470,0.3492063492063492,0.1111111111111111,-0.3188455442251914,0.10332236829181082,-0.013348846372947941,True
471,0.36507936507936506,0.1111111111111111,-0.33471241589256473,0.09698364698564675,-0.015121438512505664,True
472,0.38095238095238093,0.1111111111111111,-0.3487339313958896,0.08917035749388073,-0.01679514095087751,True
473,0.3968253968253968,0.1111111111111111,-0.36061506480054334,0.07986034089320151,-0.01834794017257272,True
474,0.4126984126984127,0.1111111111111111,-0.37066683623614555,0.0694410168764792,-0.01970372754036398,True
475,0.42857142857142855,0.1111111111111111,-0.3789494547931263,0.057975838004291756,-0.020836789792395387,True
476,0.4444444444444444,0.1111111111111111,-0.38560398409035473,0.04574364163987202,-0.0216957818241869,True
477,0.4603174603174603,0.1111111111111111,-0.3906019749581862,0.03276478117628428,-0.022265640967029522,True
478,0.47619047619047616,0.1111111111111111,-0.393984682613568,0.01913598802872191,-0.022529235447771974,True
479,0.49206349206349204,0.1111111111111111,-0.3960304908159007,0.005119231493328373,-0.022467762787665903,True
480,0.5079365079365079,0.1111111111111111,-0.39661271912691126,-0.009396231024925383,-0.022097852891619665,True
481,0.5238095238095237,0.1111111111111111,-0.39572979221565796,-0.024131177650231143,-0.021419041580211635,True
482,0.5396825396825397,0.1111111111111111,-0.39345769594523633,-0.03924115616938297,-0.02047045781214942,True
483,0.5555555555555556,0.1111111111111111,-0.3892940417354603,-0.05417496900751115,-0.019272565392107283,True
484,0.5714285714285714,0.1111111111111111,-0.3837064345503367,-0.0691662429119004,-0.017877494400909025,True
485,0.5873015873015872,0.1111111111111111,-0.375867589604974,-0.08363372697228304,-0.016344718048665267,True
486,0.6031746031746031,0.1111111111111111,-0.36582770952555244,-0.09740201128933734,-0.01473549549986131,True
487,0.6190476190476191,0.1111111111111111,-0.353197863408545,-0.10997321391418426,-0.013126874584966688,True
488,0.6349206349206349,0.1111111111111111,-0.33762697643631484,-0.12087432324783709,-0.01159960882523669,True
489,0.6507936507936507,0.1111111111111111,-0.31903092113033255,-0.1294924939759283,-0.010229323559248394,True
490,0.6666666666666666,0.1111111111111111,-0.29717742739993586,-0.13527611966213085,-0.00908785090670983,True
491,0.6825396825396826,0.1111111111111111,-0.27217935878829025,-0.13763632541692533,-0.00823828555244646,True
492,0.6984126984126984,0.1111111111111111,-0.2443649782692894,-0.1361630753514279,-0.0077121879057400035,True
493,0.7142857142857142,0.1111111111111111,-0.2143628998006536,-0.13074694444049273,-0.007489303476887296,True
494,0.7301587301587301,0.1111111111111111,-0.1830952241620003,-0.12141572072695514,-0.007565150234302528,True
495,0.746031746031746,0.1111111111111111,-0.15170119012374844,-0.10872004583939686,-0.007860792066795042,True
496,0.7619047619047619,0.1111111111111111,-0.12136434093355425,-0.09340948651960583,-0.008301457075957403,True
497,0.7777777777777777,0.1111111111111111,-0.09328441399630176,-0.07654401154272972,-0.008810385476660477,True
498,0.7936507936507936,0.1111111111111111,-0.06818947694765239,-0.05909291714970771,-0.009305343728896628,True
499,0.8095238095238095,0.1111111111111111,-0.04675474410924963,-0.0421135334709675,-0.009742766780795834,True
500,0.8253968253968254,0.1111111111111111,-0.029126276496130914,-0.026361664311188342,-0.01008749664542924,True
501,0.8412698412698412,0.1111111111111111,-0.015257014743383444,-0.012404382114412481,-0.01033268864869455,True
502,0.8571428571428571,0.1111111111111111,-0.005024206114796762,-0.0007253969713870099,-0.010481700967003337,True
503,0.873015873015873,0.1111111111111111,0.0020728381333900404,0.008673717419652833,-0.010552901041968972,True
504,0.8888888888888888,0.1111111111111111,0.006322264375665167,0.015632580978327922,-0.010565668561767876,True
505,0.9047619047619047,0.1111111111111111,0.008212283687362985,0.02029735553324729,-0.010542715704646946,True
506,0.9206349206349206,0.1111111111111111,0.008243247613744724,0.022809533840434826,-0.010502453925248206,True
507,0.9365079365079365,0.1111111111111111,0.006946532010726816,0.023283288744490524,-0.010459086211999192,True
508,0.9523809523809523,0.1111111111111111,0.004879265623742969,0.02167780187089458,-0.010419968053413704,True
509,0.9682539682539681,0.1111111111111111,0.0026111694249221517,0.017694664751311533,-0.010385082133451297,True
510,0.9841269841269841,0.1111111111111111,0.0007710482630574053,0.010763286424751979,-0.010346300463718483,True
511,1.0,0.1111111111111111,1.9980026993380235e-08,-3.5212205785068033e-06,-0.010296002610420926,True
512,0.0,0.12698412698412698,-2.4730670233046295e-09,-2.0624162918236453e-07,0.0007029829788107502,True
513,0.015873015873015872,0.12698412698412698,0.0001679142657041909,-0.008302767094370146,0.0007030366184535236,True
514,0.031746031746031744,0.12698412698412698,-8.711362222262055e-05,-0.010489155947667356,0.0006509041742431032,True
515,0.047619047619047616,0.12698412698412698,-0.0015787112783802804,-0.007962941306757919,0.0005511673402372435,True
516,0.06349206349206349,0.12698412698412698,-0.0048003177891863865,-0.002104130074252667,0.0004190341033255559,True
517,0.07936507936507936,0.12698412698412698,-0.01000286914818363,0.0058164544284724715,0.00027225136566062883,True
518,0.09523809523809523,0.12698412698412698,-0.017377205806013343,0.014917795796826866,0.0001235830568562432,True
519,0.1111111111111111,0.12698412698412698,-0.02708359043660483,0.02470512259188624,-2.5131382789660294e-05,True
520,0.12698412698412698,0.12698412698412698,-0.03928779796505195,0.03503497983547654,-0.00018397044914480781,True
521,0.14285714285714285,0.12698412698412698,-0.054182500803697006,0.04598945830117899,-0.0003731599976134238,True
522,0.15873015873015872,0.12698412698412698,-0.07196637431699929,0.05771756773586155,-0.0006249985939964913,True
523,0.1746031746031746,0.12698412698412698,-0.09251838679414653,0.07006807239720339,-0.0009737250318949367,True
524,0.19047619047619047,0.12698412698412698,-0.11554041201414449,0.08270284698588917,-0.001461148505273337,True
525,0.20634920634920634,0.12698412698412698,-0.14056188257770436,0.09511522408235712,-0.002128788487396536,True
526,0.2222222222222222,0.12698412698412698,-0.16679726286958166,0.10660094166708128,-0.0030115999987462942,True
527,0.23809523809523808,0.12698412698412698,-0.1934805826511123,0.11653738080436983,-0.004129598845543789,True
528,0.25396825396825395,0.12698412698412698,-0.21977526577161233,0.12434538093125609,-0.005507038468662131,True
529,0.2698412698412698,0.12698412698412698,-0.2450695778725695,0.129700399380329,-0.00712608084602034,True
530,0.2857142857142857,0.12698412698412698,-0.2688543944684068,0.13245770662065978,-0.008951129531082982,True
531,0.30158730158730157,0.12698412698412698,-0.2908453116942092,0.13261871945808548,-0.010951598437320229,True
532,0.31746031746031744,0.12698412698412698,-0.31084002858993787,0.13034258649092922,-0.013062738378491251,True
533,0.3333333333333333,0.12698412698412698,-0.32864933584371464,0.125755304761215,-0.015241612880348412,True
534,0.3492063492063492,0.12698412698412698,-0.3443690527448536,0.11915959727106686,-0.017418884329769825,True
535,0.36507936507936506,0.12698412698412698,-0.35796418403170194,0.11079485633917575,-0.019531508881526514,True
536,0.38095238095238093,0.12698412698412698,-0.3695112071642977,0.10090751020108413,-0.021523515584124943,True
537,0.3968253968253968,0.12698412698412698,-0.3793103786831933,0.08982515823437041,-0.023332688668543104,True
538,0.4126984126984127,0.12698412698412698,-0.38728656640912695,0.07761696569675057,-0.024931986176318064,True
539,0.42857142857142855,0.12698412698412698,-0.3938172544471576,0.06462253419827224,-0.02626114487219349,True
540,0.4444444444444444,0.12698412698412698,-0.3988214947128187,0.05082511301598371,-0.027309601354493195,True
541,0.4603174603174603,0.12698412698412698,-0.402781976920211,0.03653146687846292,-0.028038352110444066,True
542,0.47619047619047616,0.12698412698412698,-0.40546017630724585,0.02164720103391603,-0.028447013017707783,True
543,0.49206349206349204,0.12698412698412698,-0.4072290904836784,0.0064239837302629684,-0.02851706154904292,True
544,0.5079365079365079,0.12698412698412698,-0.40801047774479626,-0.009294063403582723,-0.028271639014901265,True
545,0.5238095238095237,0.12698412698412698,-0.40793065857002386,-0.02524598010388659,-0.027697936604647807,True
546,0.5396825396825397,0.12698412698412698,-0.40682174235064145,-0.04153110771888288,-0.026827428792837234,True
547,0.5555555555555556,0.12698412698412698,-0.40463151901857947,-0.05793172326113885,-0.025681396384600264,True
548,0.5714285714285714,0.12698412698412698,-0.40153755935553787,-0.07446122603667064,-0.024296321261056995,True
549,0.5873015873015872,0.12698412698412698,-0.39666818985564956,-0.09069151859105717,-0.022714055213839155,True
550,0.6031746031746031,0.12698412698412698,-0.39060809711923894,-0.10670637806047165,-0.02097877194551563,True
551,0.6190476190476191,0.12698412698412698,-0.38225978483451817,-0.12187001450399465,-0.01915444176637852,True
552,0.6349206349206349,0.12698412698412698,-0.37100540458162196,-0.13558795291012482,-0.017322007377412282,True
553,0.6507936507936507,0.12698412698412698,-0.35707694566901793,-0.14757635196727664,-0.01551907897155962,True
554,0.6666666666666666,0.12698412698412698,-0.3395436885926756,-0.15688639575716906,-0.013842376766610784,True
555,0.6825396825396826,0.12698412698412698,-0.3180678983594151,-0.16272331822916147,-0.012374741735598035,True
556,0.6984126984126984,0.12698412698412698,-0.292811227096969,-0.16455338105082654,-0.01115445322544502,True
557,0.7142857142857142,0.12698412698412698,-0.2637996207008752,-0.16160125654042445,-0.010271346793997157,True
558,0.7301587301587301,0.12698412698412698,-0.2319190206634072,-0.15390351255984697,-0.009683690173572785,True
559,0.746031746031746,0.12698412698412698,-0.19815228441240015,-0.1414794372627146,-0.009410791009480975,True
560,0.7619047619047619,0.12698412698412698,-0.16401599103829637,-0.12513702732689422,-0.009381952889979178,True
561,0.7777777777777777,0.12698412698412698,-0.13094106946491357,-0.10589899964927067,-0.009524316440641353,True
562,0.7936507936507936,0.12698412698412698,-0.10051830074926947,-0.08518173254590047,-0.009772542109239566,True
563,0.8095238095238095,0.12698412698412698,-0.07356357034358699,-0.06420956966591315,-0.010041572600226097,True
564,0.8253968253968254,0.12698412698412698,-0.05101225710334284,-0.0443848607340423,-0.010294232052849147,True
565,0.8412698412698412,0.12698412698412698,-0.0328578175197528,-0.026497703288143604,-0.01049145486742273,True
566,0.8571428571428571,0.12698412698412698,-0.018809619744873315,-0.01098879984423127,-0.010623635621958732,True
567,0.873015873015873,0.12698412698412698,-0.008635465811300973,0.001687376288644389,-0.010693553183116466,True
568,0.8888888888888888,0.12698412698412698,-0.001820329153774894,0.011477551686751922,-0.010713416293918004,True
569,0.9047619047619047,0.12698412698412698,0.002199403426149313,0.018456631604726895,-0.010698459296020554,True
570,0.9206349206349206,0.12698412698412698,0.00398348895773985,0.022754599355840413,-0.010664986246109872,True
571,0.9365079365079365,0.12698412698412698,0.004104906490084273,0.02443716506500291,-0.010626327472340302,True
572,0.9523809523809523,0.12698412698412698,0.003156391759073328,0.023449440806316623,-0.010591007290057616,True
573,0.9682539682539681,0.12698412698412698,0.0017688126323925698,0.01949039766384081,-0.010561000881057443,True
574,0.9841269841269841,0.12698412698412698,0.0005262532175421478,0.011955707929487929,-0.010530960781325776,True
575,1.0,0.12698412698412698,-1.4497652433725636e-09,3.0268047397841933e-07,-0.010495584726895919,True
576,0.0,0.14285714285714285,-8.865075212679695e-08,4.1538924428321746e-07,0.0010215504627665785,True
577,0.015873015873015872,0.14285714285714285,-0.0002681134706622753,-0.008040450802453948,0.0009921842949141041,True
578,0.031746031746031744,0.14285714285714285,-0.0016708064223567856,-0.009015926837800116,0.0009146673866469175,True
579,0.047619047619047616,0.14285714285714285,-0.004803359499541462,-0.004765601182940695,0.00079321013769097,True
580,0.06349206349206349,0.14285714285714285,-0.009978800612878713,0.0030988133388503876,0.000641549885868554,True
581,0.07936507936507936,0.14285714285714285,-0.01742793407733353,0.013246044666779451,0.0004740239542366096,True
582,0.09523809523809523,0.14285714285714285,-0.027286820834357697,0.02471587733353635,0.0002983350470151369,True
583,0.1111111111111111,0.14285714285714285,-0.03969073334943042,0.037022460325615826,0.00011073888209610175,True
584,0.12698412698412698,0.14285714285714285,-0.05488156583112477,0.05011445133564207,-0.00010904089541563568,True
585,0.14285714285714285,0.14285714285714285,-0.07288413399590205,0.06391784778150247,-0.00038889617187070746,True
586,0.15873015873015872,0.14285714285714285,-0.09381829192045246,0.07849451995889394,-0.0007788309557081613,True
587,0.1746031746031746,0.14285714285714285,-0.11724311444110305,0.09334786878137058,-0.0013158298822861993,True
588,0.19047619047619047,0.14285714285714285,-0.14270027803030433,0.10797627752331825,-0.0020557423828857077,True
589,0.20634920634920634,0.14285714285714285,-0.16939022593652045,0.1215992694751506,-0.003050875686915348,True
590,0.2222222222222222,0.14285714285714285,-0.1964908943784513,0.13349258597815641,-0.004315668312215407,True
591,0.23809523809523808,0.14285714285714285,-0.2231576660145434,0.14303035547457182,-0.005869913720292737,True
592,0.25396825396825395,0.14285714285714285,-0.24865474338908466,0.14975714489950293,-0.007725242878882266,True
593,0.2698412698412698,0.14285714285714285,-0.27253469062347735,0.1535533295787014,-0.009831404811903487,True
594,0.2857142857142857,0.14285714285714285,-0.2943213057468954,0.15433641754393268,-0.012159582981914554,True
595,0.30158730158730157,0.14285714285714285,-0.3139335713829795,0.1523505739391617,-0.014635277745050369,True
596,0.31746031746031744,0.14285714285714285,-0.33143805392379744,0.14793372312692096,-0.017178864123526403,True
597,0.3333333333333333,0.14285714285714285,-0.34640605380874423,0.141105555763648,-0.019761371734414817,True
598,0.3492063492063492,0.14285714285714285,-0.3591656931070389,0.13234587499015513,-0.022291151648047774,True
599,0.36507936507936506,0.14285714285714285,-0.369674419242261,0.12186155827815262,-0.02471933674338624,True
600,0.38095238095238093,0.14285714285714285,-0.3786752809320339,0.11025116134769762,-0.026955950805652704,True
601,0.3968253968253968,0.14285714285714285,-0.3858127765970328,0.09743203995527117,-0.028993979668065065,True
602,0.4126984126984127,0.14285714285714285,-0.3916423930301027,0.08380269730140041,-0.03077506355519245,True
603,0.42857142857142855,0.14285714285714285,-0.3963573856916855,0.06953863656267617,-0.03226529205346579,True
604,0.4444444444444444,0.14285714285714285,-0.3998880451879831,0.05463408679643604,-0.033455892342232285,True
605,0.4603174603174603,0.14285714285714285,-0.40270823340500944,0.03936764117135195,-0.03431351130006358,True
606,0.47619047619047616,0.14285714285714285,-0.40462168379649,0.02361088181943476,-0.03485083199912066,True
607,0.49206349206349204,0.14285714285714285,-0.4059518318847851,0.007552674703293513,-0.035046758373802805,True
608,0.5079365079365079,0.14285714285714285,-0.40675889718313496,-0.008835208100556753,-0.034913349314304135,True
609,0.5238095238095237,0.14285714285714285,-0.40702344668041335,-0.02555509065264855,-0.034455829485821286,True
610,0.5396825396825397,0.14285714285714285,-0.4067735485287535,-0.04255464897282277,-0.033684332914678,True
611,0.5555555555555556,0.14285714285714285,-0.406021820087441,-0.059801397144419316,-0.032622947054412224,True
612,0.5714285714285714,0.14285714285714285,-0.4045526598825764,-0.07720112426919686,-0.03128529555924505,True
613,0.5873015873015872,0.14285714285714285,-0.40242518322209164,-0.09470202325427211,-0.02971210004243883,True
614,0.6031746031746031,0.14285714285714285,-0.3993050896353792,-0.11208494692933951,-0.027931182863745175,True
615,0.6190476190476191,0.14285714285714285,-0.3949211889402779,-0.12913150982034646,-0.025984446948682634,True
616,0.6349206349206349,0.14285714285714285,-0.3887133058178851,-0.14542225915656615,-0.02392369189763526,True
617,0.6507936507936507,0.14285714285714285,-0.38017768132951874,-0.16045904657392948,-0.021805526323186983,True
618,0.6666666666666666,0.14285714285714285,-0.36854864286208905,-0.17350634576593083,-0.019686106708811022,True
619,0.6825396825396826,0.14285714285714285,-0.3528342615675326,-0.1835325418865689,-0.01763725901773364,True
620,0.6984126984126984,0.14285714285714285,-0.3324337762338575,-0.18949330080899598,-0.01575470966623175,True
621,0.7142857142857142,0.14285714285714285,-0.30761019729540934,-0.19085877858197878,-0.01406915751659707,True
622,0.7301587301587301,0.14285714285714285,-0.27791016765942533,-0.1864191417428009,-0.012722506979199197,True
623,0.746031746031746,0.14285714285714285,-0.2444887332674184,-0.1762869078894432,-0.01168640595824324,True
624,0.7619047619047619,0.14285714285714285,-0.20850411212398287,-0.1605751840827473,-0.010996920366627666,True
625,0.7777777777777777,0.14285714285714285,-0.1716469750324026,-0.14021518571678607,-0.010594827475073808,True
626,0.7936507936507936,0.14285714285714285,-0.13607806171839054,-0.11678398616047612,-0.010438514082284921,True
627,0.8095238095238095,0.14285714285714285,-0.10360339174171171,-0.09207164885324137,-0.010446671564808507,True
628,0.8253968253968254,0.14285714285714285,-0.07515661119954606,-0.06757486769641904,-0.01052152882492135,True
629,0.8412698412698412,0.14285714285714285,-0.0516935105930758,-0.04488271674758183,-0.01062628506261628,True
630,0.8571428571428571,0.14285714285714285,-0.03325002216907512,-0.02492410641522425,-0.010720665354854967,True
631,0.873015873015873,0.14285714285714285,-0.019535504519997957,-0.008304859624084117,-0.010785858539248891,True
632,0.8888888888888888,0.14285714285714285,-0.009844791543875069,0.004918361340458636,-0.010817877089977345,True
633,0.9047619047619047,0.14285714285714285,-0.0035863885813163803,0.014700177997661512,-0.010822755316048198,True
634,0.9206349206349206,0.14285714285714285,-4.235791047952171e-05,0.021136713064917583,-0.010809584222357196,True
635,0.9365079365079365,0.14285714285714285,0.0014606042642222273,0.024317214933929257,-0.010788745527603475,True
636,0.9523809523809523,0.14285714285714285,0.0016058102269712457,0.024248063884988003,-0.010768126542745957,True
637,0.9682539682539681,0.14285714285714285,0.0010328901080146878,0.020565035284610504,-0.010750261444088577,True
638,0.9841269841269841,0.14285714285714285,0.0003241051967987259,0.012721890254146922,-0.010731730337663592,True
639,1.0,0.14285714285714285,-1.4176986601634753e-08,1.3741365872288208e-06,-0.010709534087435198,True
640,0.0,0.15873015873015872,-3.355191444913356e-07,8.72736710263493e-06,0.0013894007254168534,True
641,0.015873015873015872,0.15873015873015872,-0.0008198097107915433,-0.0068531650051865175,0.0013241208405238621,True
642,0.031746031746031744,0.15873015873015872,-0.003576723914836241,-0.006058257194980521,0.0012193421395683664,True
643,0.047619047619047616,0.15873015873015872,-0.00856882211567369,0.0003404742924185499,0.0010766650527244625,True
644,0.06349206349206349,0.15873015873015872,-0.01591051537255396,0.010508419209658663,0.0009024827426177479,True
645,0.07936507936507936,0.15873015873015872,-0.025712088692064688,0.023086674042951148,0.0007062026265038305,True
646,0.09523809523809523,0.15873015873015872,-0.03815174460665627,0.03717470802101359,0.00048662035102640944,True
647,0.1111111111111111,0.15873015873015872,-0.053221633112675595,0.05216160896523011,0.00023372981568094495,True
648,0.12698412698412698,0.15873015873015872,-0.0712711849368747,0.06815991979867114,-8.918332956815985e-05,True
649,0.14285714285714285,0.15873015873015872,-0.09212669343910458,0.08485850368605809,-0.0005194990511515957,True
650,0.15873015873015872,0.15873015873015872,-0.11554292339993728,0.10193698131189166,-0.0011127501886589988,True
651,0.1746031746031746,0.15873015873015872,-0.14109297468219228,0.1188774156202578,-0.001932235713762043,True
652,0.19047619047619047,0.15873015873015872,-0.16785665323504476,0.13472978475923164,-0.0030232967960716834,True
653,0.20634920634920634,0.15873015873015872,-0.19508383857346753,0.1487608500294079,-0.0044331117165684305,True
654,0.2222222222222222,0.15873015873015872,-0.22180752873572923,0.16017843317239033,-0.006176680327652993,True
655,0.23809523809523808,0.15873015873015872,-0.24729363120277434,0.16849396144043113,-0.00826458706985078,True
656,0.25396825396825395,0.15873015873015872,-0.27104073313092936,0.1735389567750782,-0.010637753829957363,True
657,0.2698412698412698,0.15873015873015872,-0.29253677746449314,0.17520374503065284,-0.013272499070998775,True
658,0.2857142857142857,0.15873015873015872,-0.3117030716682052,0.17375962491529842,-0.01608593336217245,True
659,0.30158730158730157,0.15873015873015872,-0.32820233012592887,0.16931610608689873,-0.019027376877561245,True
660,0.31746031746031744,0.15873015873015872,-0.34227687458488215,0.16239521357741535,-0.021989158144372165,True
661,0.3333333333333333,0.15873015873015872,-0.3539947991491918,0.15333011475821276,-0.024911114745100226,True
662,0.3492063492063492,0.15873015873015872,-0.36339132602389285,0.14238429712759762,-0.02774047850388222,True
663,0.36507936507936506,0.15873015873015872,-0.37137273283407046,0.1302816165011601,-0.03038656304225987,True
664,0.38095238095238093,0.15873015873015872,-0.3776315218038919,0.11698730575071706,-0.03282915679410661,True
665,0.3968253968253968,0.15873015873015872,-0.382459781820246,0.10281832460084749,-0.03501405982703897,True
666,0.4126984126984127,0.15873015873015872,-0.3863158702049135,0.08806021462164454,-0.03692211279426399,True
667,0.42857142857142855,0.15873015873015872,-0.38917595273983063,0.07278664463492966,-0.03852221771363255,True
668,0.4444444444444444,0.15873015873015872,-0.39128180631300913,0.05711627264629419,-0.03980954955895513,True
669,0.4603174603174603,0.15873015873015872,-0.3928230736789237,0.041146688629463184,-0.040771208613361386,True
670,0.47619047619047616,0.15873015873015872,-0.3938108774717679,0.024878463198072215,-0.04139500724127734,True
671,0.49206349206349204,0.15873015873015872,-0.39468465147494775,0.008418658996648334,-0.04169167352317517,True
672,0.5079365079365079,0.15873015873015872,-0.3951771887727866,-0.008335533185849483,-0.04165648967239482,True
673,0.5238095238095237,0.15873015873015872,-0.39562067654737565,-0.025337579823003577,-0.04130244514253406,True
674,0.5396825396825397,0.15873015873015872,-0.39596896175379714,-0.04261945158224868,-0.04064297688397992,True
675,0.5555555555555556,0.15873015873015872,-0.3962057042310463,-0.060195690127689654,-0.039683321880780754,True
676,0.5714285714285714,0.15873015873015872,-0.39628727103581296,-0.07804794177625311,-0.03844349818254903,True
677,0.5873015873015872,0.15873015873015872,-0.39621459217501004,-0.09616394636285223,-0.03694337930229732,True
678,0.6031746031746031,0.15873015873015872,-0.39557539298925404,-0.11441195653128539,-0.03518590092919709,True
679,0.6190476190476191,0.15873015873015872,-0.3941837282859329,-0.1326278958465715,-0.03320595067394128,True
680,0.6349206349206349,0.15873015873015872,-0.39180727402671817,-0.1505973341740036,-0.031029001314693466,True
681,0.6507936507936507,0.15873015873015872,-0.3877060658256241,-0.1678001278429868,-0.02870564098055986,True
682,0.6666666666666666,0.15873015873015872,-0.38169516727862196,-0.1838894790977255,-0.02627697875379035,True
683,0.6825396825396826,0.15873015873015872,-0.37255192160601247,-0.1979147672811324,-0.023809290991687538,True
684,0.6984126984126984,0.15873015873015872,-0.35945047471243324,-0.20893847689026387,-0.02133776591275876,True
685,0.7142857142857142,0.15873015873015872,-0.3407367358175953,-0.21524524224843963,-0.018970161211897388,True
686,0.7301587301587301,0.15873015873015872,-0.3166265658712043,-0.21608415240619558,-0.016781775153056025,True
687,0.746031746031746,0.15873015873015872,-0.2867937105552133,-0.21028546493890513,-0.01489934201463069,True
688,0.7619047619047619,0.15873015873015872,-0.2519694255185418,-0.1974001631956869,-0.013399973247423223,True
689,0.7777777777777777,0.15873015873015872,-0.21402248042306155,-0.1782119033427257,-0.012249844045753902,True
690,0.7936507936507936,0.15873015873015872,-0.1748434978296948,-0.1536064530959061,-0.011496788200292657,True
691,0.8095238095238095,0.15873015873015872,-0.13694401990385502,-0.12564352590789654,-0.011061401679866096,True
692,0.8253968253968254,0.15873015873015872,-0.1024812439328294,-0.09659458555328262,-0.010854568277342444,True
693,0.8412698412698412,0.15873015873015872,-0.073094082153934,-0.06869359608664195,-0.010795290093833437,True
694,0.8571428571428571,0.15873015873015872,-0.049209996389699515,-0.04331840283258659,-0.010809090786156663,True
695,0.873015873015873,0.15873015873015872,-0.031042233096411086,-0.021742285035890405,-0.010850064631938121,True
696,0.8888888888888888,0.15873015873015872,-0.01795617931978628,-0.004338789337278982,-0.010890707800742503,True
697,0.9047619047619047,0.15873015873015872,-0.009132568969144677,0.008839293383095593,-0.010919787918279604,True
698,0.9206349206349206,0.15873015873015872,-0.003694833922879083,0.017908888894483013,-0.0109365231068993,True
699,0.9365079365079365,0.15873015873015872,-0.0007803632954418882,0.023040696376830004,-0.010944767560769194,True
700,0.9523809523809523,0.15873015873015872,0.00037439339691024983,0.024145603859982875,-0.010948312860162167,True
701,0.9682539682539681,0.15873015873015872,0.0004877165220324559,0.02102780888035323,-0.010948601198930052,True
702,0.9841269841269841,0.15873015873015872,0.00018815168810070376,0.01317122130370668,-0.01094325372610786,True
703,1.0,0.15873015873015872,-4.023485905216649e-08,2.0289363479843154e-06,-0.010931003971702689,True
704,0.0,0.1746031746031746,2.5125470241547923e-07,-4.9497607470611546e-06,0.001788871144283719,True
705,0.015873015873015872,0.1746031746031746,-0.0014873898697124748,-0.004546028756814547,0.001681161585510337,True
706,0.031746031746031744,0.1746031746031746,-0.005797638747486008,-0.0013264006068899191,0.0015488112045289467,True
707,0.047619047619047616,0.1746031746031746,-0.012788589155260658,0.007518558374985682,0.0013842976776303716,True
708,0.06349206349206349,0.1746031746031746,-0.02235588330389031,0.02020314476911101,0.0011834975420058215,True
709,0.07936507936507936,0.1746031746031746,-0.03454065558173535,0.03537966409831394,0.0009453664536591072,True
710,0.09523809523809523,0.1746031746031746,-0.04943698726515758,0.052147317187447535,0.0006600556560993454,True
711,0.1111111111111111,0.1746031746031746,-0.0671412989368023,0.07005857924619761,0.00030147082595790485,True
712,0.12698412698412698,0.1746031746031746,-0.08766355151983897,0.08885275573407986,-0.00017400814955034226,True
713,0.14285714285714285,0.1746031746031746,-0.1108048272688153,0.10818175720733045,-0.0008248057196823087,True
714,0.15873015873015872,0.1746031746031746,-0.13604930654688216,0.12737541616422704,-0.00170755042477757,True
715,0.1746031746031746,0.1746031746031746,-0.16266154603999153,0.1456036403521559,-0.0028979216716650477,True
716,0.19047619047619047,0.1746031746031746,-0.18973336750991043,0.16190100193499168,-0.0044371435416736575,True
717,0.20634920634920634,0.1746031746031746,-0.21633093468288175,0.17541691089133804,-0.006351155226455052,True
718,0.2222222222222222,0.1746031746031746,-0.24168715534526164,0.1855819635355804,-0.008644453409364854,True
719,0.23809523809523808,0.1746031746031746,-0.26516565951840987,0.1920874960381209,-0.011270981212602163,True
720,0.25396825396825395,0.1746031746031746,-0.286280829453105,0.19483530593871767,-0.014201288380622136,True
721,0.2698412698412698,0.1746031746031746,-0.30465716378777197,0.19391209724528527,-0.01736026530203277,True
722,0.2857142857142857,0.1746031746031746,-0.32058608109111003,0.18993407982224153,-0.020621569239858247,True
723,0.30158730158730157,0.1746031746031746,-0.3334057924142158,0.18279074463181788,-0.023974536557904314,True
724,0.31746031746031744,0.1746031746031746,-0.34414668573122986,0.17354330847674607,-0.027262239960173476,True
725,0.3333333333333333,0.1746031746031746,-0.3527602384964268,0.16239312307081546,-0.030454725398165027,True
726,0.3492063492063492,0.1746031746031746,-0.3595450543884833,0.14976156762460188,-0.03348228862859367,True
727,0.36507936507936506,0.1746031746031746,-0.3647935896127321,0.13601307190126619,-0.036294302142094136,True
728,0.38095238095238093,0.1746031746031746,-0.36864941545598423,0.12138107830370785,-0.038854275576697545,True
729,0.3968253968253968,0.1746031746031746,-0.37148414895952797,0.10616164911486704,-0.04113924563702217,True
730,0.4126984126984127,0.1746031746031746,-0.3733416591598826,0.09046294602832719,-0.043113575978706985,True
731,0.42857142857142855,0.1746031746031746,-0.37448973938128216,0.07445400076405201,-0.04476381614351183,True
732,0.4444444444444444,0.1746031746031746,-0.3753306070614422,0.05829116754933011,-0.046099879045354716,True
733,0.4603174603174603,0.1746031746031746,-0.3758453076285865,0.04196055963443452,-0.047109002675607685,True
734,0.47619047619047616,0.1746031746031746,-0.37623343340612164,0.025502426686324325,-0.04780140416749952,True
735,0.49206349206349204,0.1746031746031746,-0.37652340820468255,0.008891157080545485,-0.048157437155660815,True
736,0.5079365079365079,0.1746031746031746,-0.3768550878998318,-0.007887026709695065,-0.04820393876074278,True
737,0.5238095238095237,0.1746031746031746,-0.3772859703939694,-0.02487375943271818,-0.04794549210551546,True
738,0.5396825396825397,0.1746031746031746,-0.377838424878936,-0.04211344618809108,-0.04737761277771591,True
739,0.5555555555555556,0.1746031746031746,-0.3786078683869851,-0.05963052279035228,-0.046540982074476586,True
740,0.5714285714285714,0.1746031746031746,-0.37955575414035586,-0.07748385044529331,-0.04540954671817264,True
741,0.5873015873015872,0.1746031746031746,-0.3806340826713143,-0.09568342879662779,-0.04399940258937013,True
742,0.6031746031746031,0.1746031746031746,-0.38177079358333943,-0.11422230022681647,-0.04233251413489709,True
743,0.6190476190476191,0.1746031746031746,-0.38288859087495386,-0.13304015835989155,-0.040418218884910574,True
744,0.6349206349206349,0.1746031746031746,-0.38356468767181606,-0.15200465968169724,-0.03824901193784156,True
745,0.6507936507936507,0.1746031746031746,-0.38315071488637736,-0.17072647921370412,-0.03585613161024881,True
746,0.6666666666666666,0.1746031746031746,-0.3814007569961416,-0.1888915310289523,-0.033253587624634214,True
747,0.6825396825396826,0.1746031746031746,-0.37750258270690074,-0.20584607181631956,-0.030490547287685202,True
748,0.6984126984126984,0.1746031746031746,-0.3708080646928411,-0.22084699490969473,-0.02762734686072228,True
749,0.7142857142857142,0.1746031746031746,-0.36019240921681434,-0.23280101108142023,-0.02472965679797321,True
750,0.7301587301587301,0.1746031746031746,-0.34369348529365334,-0.23976515413691804,-0.02184490472883913,True
751,0.746031746031746,0.1746031746031746,-0.3203598309083724,-0.24001270750507817,-0.01913464265940917,True
752,0.7619047619047619,0.1746031746031746,-0.29041813554986085,-0.23263147924684263,-0.01671319930929394,True
753,0.7777777777777777,0.1746031746031746,-0.2546234755505601,-0.21707862762362345,-0.014695970920868192,True
754,0.7936507936507936,0.1746031746031746,-0.21474831066038327,-0.19384777788298085,-0.013152251609785897,True
755,0.8095238095238095,0.1746031746031746,-0.17344534789530533,-0.16458852831177362,-0.012089825562128634,True
756,0.8253968253968254,0.1746031746031746,-0.13356952085229074,-0.13183520095109108,-0.011424696073138441,True
757,0.8412698412698412,0.1746031746031746,-0.09782398619934367,-0.09852051740066602,-0.011082438059717061,True
758,0.8571428571428571,0.1746031746031746,-0.06779499338666659,-0.06714610191923473,-0.010942560290758968,True
759,0.873015873015873,0.1746031746031746,-0.04419675801363188,-0.039602104283652746,-0.010920794001314082,True
760,0.8888888888888888,0.1746031746031746,-0.026814965806494163,-0.01693256311677672,-0.010953991624150032,True
761,0.9047619047619047,0.1746031746031746,-0.014797361984066056,0.000588876552116742,-0.011005000873382595,True
762,0.9206349206349206,0.1746031746031746,-0.0071262663760881684,0.01299972994982338,-0.011055512553424527,True
763,0.9365079365079365,0.1746031746031746,-0.002693614697437116,0.02053789017915334,-0.011099484224527724,True
764,0.9523809523809523,0.1746031746031746,-0.0005508414258334028,0.023261788938394236,-0.011134022541173202,True
765,0.9682539682539681,0.1746031746031746,0.00014548531002801982,0.021008536822738337,-0.011157268842635185,True
766,0.9841269841269841,0.1746031746031746,0.00012349947157864395,0.013404874276168655,-0.011166197482032224,True
767,1.0,0.1746031746031746,-4.262760409037815e-09,-6.129580585202283e-07,-0.011160089574034728,True
768,0.0,0.19047619047619047,-2.0871910684113823e-07,2.1044149695360844e-05,0.00219025615812018,True
769,0.015873015873015872,0.19047619047619047,-0.002240212624254315,-0.0009601796099652557,0.002036398452083599,True
770,0.031746031746031744,0.19047619047619047,-0.008265530650550617,0.005370385590329101,0.0018758885661394195,True
771,0.047619047619047616,0.19047619047619047,-0.017285504004195727,0.016884425132187464,0.001688082631150999,True
772,0.06349206349206349,0.19047619047619047,-0.029061691930568987,0.0321827054560635,0.0014525449033322576,True
773,0.07936507936507936,0.19047619047619047,-0.0435220432675471,0.050044010796692025,0.001154279662960147,True
774,0.09523809523809523,0.19047619047619047,-0.060785996629630135,0.0696609799596756,0.0007682724367419808,True
775,0.1111111111111111,0.19047619047619047,-0.08068693739841,0.0902857985084497,0.00026438214608856867,True
776,0.12698412698412698,0.19047619047619047,-0.10324880128733425,0.11170884166801293,-0.0004254219827148666,True
777,0.14285714285714285,0.19047619047619047,-0.1279754351046312,0.13318241336530479,-0.001363849341632885,True
778,0.15873015873015872,0.19047619047619047,-0.15415142372631577,0.15379679253238293,-0.002622571848377906,True
779,0.1746031746031746,0.19047619047619047,-0.18090531114288666,0.17253920759891947,-0.004277082589938449,True
780,0.19047619047619047,0.19047619047619047,-0.20728188972982453,0.1884047443420407,-0.0063227829573535965,True
781,0.20634920634920634,0.19047619047619047,-0.23236121826551628,0.20062482951918975,-0.008809891742271012,True
782,0.2222222222222222,0.19047619047619047,-0.25556134586575496,0.2088774113800542,-0.01166377027379547,True
783,0.23809523809523808,0.19047619047619047,-0.2763258715857032,0.2129909513121416,-0.01485626637794907,True
784,0.25396825396825395,0.19047619047619047,-0.2941482885315812,0.21294564172553826,-0.018315255384963595,True
785,0.2698412698412698,0.19047619047619047,-0.30917769052062616,0.2093065819294629,-0.02192305687214466,True
786,0.2857142857142857,0.19047619047619047,-0.3213068039212554,0.20240773705596676,-0.025595919687537463,True
787,0.30158730158730157,0.19047619047619047,-0.3311584954626385,0.1930588615414291,-0.029242831250159404,True
788,0.31746031746031744,0.19047619047619047,-0.33891662530703254,0.18169196662199216,-0.032782204209178156,True
789,0.3333333333333333,0.19047619047619047,-0.3448230520942915,0.16872651214650897,-0.036156666917027916,True
790,0.3492063492063492,0.19047619047619047,-0.34907811399834726,0.15451986292750144,-0.039311661756955454,True
791,0.36507936507936506,0.19047619047619047,-0.3519345164205203,0.13939511900226287,-0.0422147964590067,True
792,0.38095238095238093,0.19047619047619047,-0.3536899525735191,0.12366224893250653,-0.044820115754990224,True
793,0.3968253968253968,0.19047619047619047,-0.3547606915499636,0.10760731420870036,-0.04712679127011318,True
794,0.4126984126984127,0.19047619047619047,-0.35527668730174117,0.09133778216782852,-0.04911065644943826,True
795,0.42857142857142855,0.19047619047619047,-0.3555214249578376,0.074988969808144,-0.05078080241588768,True
796,0.4444444444444444,0.19047619047619047,-0.3555775781024422,0.05858655573712779,-0.05212670519076123,True
797,0.4603174603174603,0.19047619047619047,-0.35556286186419145,0.04214569352521317,-0.05315222383317553,True
798,0.47619047619047616,0.19047619047619047,-0.3555938996399334,0.02566043749533075,-0.05386612530634806,True
799,0.49206349206349204,0.19047619047619047,-0.3556683404546568,0.00910386241243987,-0.054269545645682364,True
800,0.5079365079365079,0.19047619047619047,-0.3558567329363659,-0.0075715843696023645,-0.05437719983828552,True
801,0.5238095238095237,0.19047619047619047,-0.3562070914352849,-0.024399875958228224,-0.054187957647164435,True
802,0.5396825396825397,0.19047619047619047,-0.35677442297699374,-0.04142874536754007,-0.05370768769904592,True
803,0.5555555555555556,0.19047619047619047,-0.35759376473517596,-0.05870618700891644,-0.05294815949188381,True
804,0.5714285714285714,0.19047619047619047,-0.3587067337912906,-0.07627661501559638,-0.05193079292267595,True
805,0.5873015873015872,0.19047619047619047,-0.36018044960628043,-0.09421214486766766,-0.050641851558407766,True
806,0.6031746031746031,0.19047619047619047,-0.36202785502355084,-0.1125438584692843,-0.04908904248415352,True
807,0.6190476190476191,0.19047619047619047,-0.36418442296108283,-0.1313237985613564,-0.04726059405888069,True
808,0.6349206349206349,0.19047619047619047,-0.3666554233558915,-0.15051335165039698,-0.0451971182499205,True
809,0.6507936507936507,0.19047619047619047,-0.36891927131972413,-0.16999454674902315,-0.04284600266157938,True
810,0.6666666666666666,0.19047619047619047,-0.37076386454242216,-0.1895658410037018,-0.040239473069694755,True
811,0.6825396825396826,0.19047619047619047,-0.3712145976317246,-0.20865008565750856,-0.03737563351481703,True
812,0.6984126984126984,0.19047619047619047,-0.3693709639555966,-0.22649283683477697,-0.03428267131305851,True
813,0.7142857142857142,0.19047619047619047,-0.3648195024928571,-0.24244458979124564,-0.03100245103824056,True
814,0.7301587301587301,0.19047619047619047,-0.3562245557961312,-0.2551807955026731,-0.027655176460031794,True
815,0.746031746031746,0.19047619047619047,-0.34150175783648284,-0.26253637816199865,-0.024292067003018426,True
816,0.7619047619047619,0.19047619047619047,-0.31933524155849535,-0.2624751325238761,-0.021024469527692276,True
817,0.7777777777777777,0.19047619047619047,-0.2891862953555263,-0.2531695201175988,-0.018101435481893864,True
818,0.7936507936507936,0.19047619047619047,-0.2524218235492309,-0.23452054353678736,-0.015621103960796539,True
819,0.8095238095238095,0.19047619047619047,-0.21074612863682868,-0.20679750294599067,-0.013727694023805777,True
820,0.8253968253968254,0.19047619047619047,-0.167611951605327,-0.1725355565651684,-0.012400168429121044,True
821,0.8412698412698412,0.19047619047619047,-0.12634480007683588,-0.13480945795585833,-0.011611130164010953,True
822,0.8571428571428571,0.19047619047619047,-0.08982800210243781,-0.09719822365623075,-0.011196874552261404,True
823,0.873015873015873,0.19047619047619047,-0.06004094568628546,-0.06289223748290643,-0.01104670999593689,True
824,0.8888888888888888,0.19047619047619047,-0.03733017139416431,-0.03371383921922475,-0.011038777268846011,True
825,0.9047619047619047,0.19047619047619047,-0.021298077876161114,-0.010714625202108927,-0.011099365975885855,True
826,0.9206349206349206,0.19047619047619047,-0.010826599174245076,0.005969159582058553,-0.011181673635603677,True
827,0.9365079365079365,0.19047619047619047,-0.0045090528486399425,0.0167619249134469,-0.011265069608972831,True
828,0.9523809523809523,0.19047619047619047,-0.0013151850545155383,0.021556326355877748,-0.011333389905458019,True
829,0.9682539682539681,0.19047619047619047,-5.3231922968400634e-05,0.020618680801073964,-0.011382960923098042,True
830,0.9841269841269841,0.19047619047619047,0.00011355069607719042,0.01354281423376104,-0.011406727044556596,True
831,1.0,0.19047619047619047,-9.28080063578278e-08,-1.922384437452511e-06,-0.011404012534960527,True
832,0.0,0.20634920634920634,2.7391205448921265e-07,-1.7420123050698943e-05,0.00255382544789543,True
833,0.015873015873015872,0.20634920634920634,-0.003040507893541583,0.0039829286342704055,0.002351252402990404,True
834,0.031746031746031744,0.20634920634920634,-0.01075783189009029,0.013876001734499427,0.002164225007381455,True
835,0.047619047619047616,0.20634920634920634,-0.021842620285294715,0.02834472471215105,0.0019486836230130666,True
836,0.06349206349206349,0.20634920634920634,-0.035738751547746576,0.046384981598895245,0.0016640543448004912,True
837,0.07936507936507936,0.20634920634920634,-0.05228988945780457,0.06693223808864693,0.0012829112275012473,True
838,0.09523809523809523,0.20634920634920634,-0.07150302348305633,0.08917488910262664,0.0007666487497330748,True
839,0.1111111111111111,0.20634920634920634,-0.09326942533062833,0.112464343238211,5.9016396505107805e-05,True
840,0.12698412698412698,0.20634920634920634,-0.11724097219231373,0.1360789608348781,-0.0009085319459249097,True
841,0.14285714285714285,0.20634920634920634,-0.14278619598497616,0.15908745570799154,-0.0022187474697350474,True
842,0.15873015873015872,0.20634920634920634,-0.16906466625255773,0.18035722014055114,-0.003928632022947993,True
843,0.1746031746031746,0.20634920634920634,-0.195100084691129,0.19876620617898497,-0.006079954847152691,True
844,0.19047619047619047,0.20634920634920634,-0.21993798529404185,0.21338332137857158,-0.008709102960042967,True
845,0.20634920634920634,0.20634920634920634,-0.24294386873203014,0.2237508311377838,-0.011752656006110185,True
846,0.2222222222222222,0.20634920634920634,-0.26332439498421656,0.2294439819954817,-0.015190724262069579,True
847,0.23809523809523808,0.20634920634920634,-0.28077142863522586,0.2306058537420257,-0.0189170667243924,True
848,0.25396825396825395,0.20634920634920634,-0.29520512221363027,0.2276447193725013,-0.02282498307704796,True
849,0.2698412698412698,0.20634920634920634,-0.3067499340991853,0.22112465466431236,-0.026817124229523013,True
850,0.2857142857142857,0.20634920634920634,-0.31614638872132816,0.2120308016208231,-0.03077491173708522,True
851,0.30158730158730157,0.20634920634920634,-0.32308239748757,0.20044559606862683,-0.0346543852946361,True
852,0.31746031746031744,0.20634920634920634,-0.32820335865025496,0.1871760634272796,-0.03835643531586052,True
853,0.3333333333333333,0.20634920634920634,-0.3315900959725679,0.17251955113942813,-0.041833290499973155,True
854,0.3492063492063492,0.20634920634920634,-0.3337113489034668,0.1569823947110725,-0.045042272177110855,True
855,0.36507936507936506,0.20634920634920634,-0.3347819470322318,0.140833587139483,-0.047960590889265194,True
856,0.38095238095238093,0.20634920634920634,-0.3352862019186691,0.1244427951336104,-0.05056715215410841,True
857,0.3968253968253968,0.20634920634920634,-0.33538022469832596,0.10792848218174494,-0.05284331722275788,True
858,0.4126984126984127,0.20634920634920634,-0.33530584934779,0.09142164860410656,-0.05481748680680554,True
859,0.42857142857142855,0.20634920634920634,-0.3351590392274502,0.0749481960725845,-0.05647124853880471,True
860,0.4444444444444444,0.20634920634920634,-0.3350218447678063,0.05851270938838121,-0.05780068243228702,True
861,0.4603174603174603,0.20634920634920634,-0.33491049272784656,0.042096428104666204,-0.05883688592168933,True
862,0.47619047619047616,0.20634920634920634,-0.3348878416245048,0.025681676250780525,-0.0595646689971102,True
863,0.49206349206349204,0.20634920634920634,-0.3349352986374668,0.009211730235921723,-0.05999773441430076,True
864,0.5079365079365079,0.20634920634920634,-0.33512396363662283,-0.007322176226452062,-0.06013739506632511,True
865,0.5238095238095237,0.20634920634920634,-0.33542840625237974,-0.02398046448795284,-0.06000289644386095,True
866,0.5396825396825397,0.20634920634920634,-0.3359111440209931,-0.04078825326233015,-0.059594135027834096,True
867,0.5555555555555556,0.20634920634920634,-0.3366403287274688,-0.057798318738686495,-0.05890789605530351,True
868,0.5714285714285714,0.20634920634920634,-0.3376376269417129,-0.07504746564892983,-0.057967057130648786,True
869,0.5873015873015872,0.20634920634920634,-0.3389715490787388,-0.09259055372757766,-0.05677219867049996,True
870,0.6031746031746031,0.20634920634920634,-0.34071675605853763,-0.1104957898096618,-0.0553274275075322,True
871,0.6190476190476191,0.20634920634920634,-0.3429510548105461,-0.12881481345318385,-0.05362506603119031,True
872,0.6349206349206349,0.20634920634920634,-0.3457388813119926,-0.14769448758883458,-0.05164553948784558,True
873,0.6507936507936507,0.20634920634920634,-0.34897752364789625,-0.16706808228292472,-0.04941439945190337,True
874,0.6666666666666666,0.20634920634920634,-0.352529726689318,-0.18698260708740125,-0.04689192572231348,True
875,0.6825396825396826,0.20634920634920634,-0.3559302070716657,-0.207203418757742,-0.04406748955859536,True
876,0.6984126984126984,0.20634920634920634,-0.3582596658908009,-0.22717485239089796,-0.04093969994970235,True
877,0.7142857142857142,0.20634920634920634,-0.35883593406559694,-0.2462726207882868,-0.037524255137893335,True
878,0.7301587301587301,0.20634920634920634,-0.35586425246439773,-0.26300799576368356,-0.03385090530517882,True
879,0.746031746031746,0.20634920634920634,-0.34879489790011026,-0.2763728993704991,-0.030034385079301645,True
880,0.7619047619047619,0.20634920634920634,-0.3356716671933939,-0.28417406571108056,-0.02619431866574638,True
881,0.7777777777777777,0.20634920634920634,-0.3142994524616452,-0.28347471193516904,-0.022411505775164455,True
882,0.7936507936507936,0.20634920634920634,-0.2838345879369781,-0.2719928809687442,-0.01899511566860255,True
883,0.8095238095238095,0.20634920634920634,-0.2457019203133184,-0.2493815692874921,-0.01612976306470352,True
884,0.8253968253968254,0.20634920634920634,-0.20233893365403072,-0.216584128023652,-0.013965713953998378,True
885,0.8412698412698412,0.20634920634920634,-0.157587684480433,-0.17663391482475288,-0.01252006429738521,True
886,0.8571428571428571,0.20634920634920634,-0.11549639579434114,-0.13380644621239937,-0.011684785204094966,True
887,0.873015873015873,0.20634920634920634,-0.0791326793923131,-0.09229097275425965,-0.011292469558535164,True
888,0.8888888888888888,0.20634920634920634,-0.05032533210355533,-0.055592066710584837,-0.011185345179167085,True
889,0.9047619047619047,0.20634920634920634,-0.02935053687952211,-0.025789598430678528,-0.011228886208665375,True
890,0.9206349206349206,0.20634920634920634,-0.015260325069867435,-0.0034952439260918654,-0.01133510984624804,True
891,0.9365079365079365,0.20634920634920634,-0.0066875113835864666,0.011324771735381925,-0.011453847143284285,True
892,0.9523809523809523,0.20634920634920634,-0.002103322329207882,0.019092613557822075,-0.011559314483364344,True
893,0.9682539682539681,0.20634920634920634,-0.00022266893782207928,0.019895095667543765,-0.011636281438244491,True
894,0.9841269841269841,0.20634920634920634,0.00012299457814567106,0.013627362755682366,-0.011675848187877026,True
895,1.0,0.20634920634920634,-2.0178248972580244e-09,-8.426469774640413e-07,-0.011675400246145728,True
896,0.0,0.2222222222222222,1.5425332343725127e-06,-5.076527695843121e-05,0.002828562574884011,True
897,0.015873015873015872,0.2222222222222222,-0.0038529564652940974,0.010345777985603887,0.002577262068512488,True
898,0.031746031746031744,0.2222222222222222,-0.013247274838793621,0.02435774077167537,0.002362635268862662,True
899,0.047619047619047616,0.2222222222222222,-0.026251160163549756,0.041865204622174,0.0021118055672254233,True
900,0.06349206349206349,0.2222222222222222,-0.04203441978529493,0.06255085215685355,0.001764452378839507,True
901,0.07936507936507936,0.2222222222222222,-0.060391658069180135,0.08573783126812394,0.0012694328629443254,True
902,0.09523809523809523,0.2222222222222222,-0.08121277702855184,0.11047490505972274,0.0005814623669756587,True
903,0.1111111111111111,0.2222222222222222,-0.10425130292726474,0.1359812651339212,-0.0003771428696774922,True
904,0.12698412698412698,0.2222222222222222,-0.1289908106153565,0.1612566854631732,-0.001684469359855149,True
905,0.14285714285714285,0.2222222222222222,-0.15463134574000498,0.18508176621399322,-0.003414726188381346,True
906,0.15873015873015872,0.2222222222222222,-0.18021097912074133,0.20618603169144406,-0.005630323004855118,True
907,0.1746031746031746,0.2222222222222222,-0.20479522933139055,0.22348709171857123,-0.00835331168547515,True
908,0.19047619047619047,0.2222222222222222,-0.2274956912749128,0.2361659064267794,-0.011558901638162254,True
909,0.20634920634920634,0.2222222222222222,-0.2478415403051301,0.24402306875869953,-0.01516602797818678,True
910,0.2222222222222222,0.2222222222222222,-0.2650553599909916,0.24672166253982258,-0.01912511270419601,True
911,0.23809523809523808,0.2222222222222222,-0.27925005548642373,0.24487842198173093,-0.023295314071984177,True
912,0.25396825396825395,0.2222222222222222,-0.2905125615695929,0.23906623412734357,-0.027574112999713428,True
913,0.2698412698412698,0.2222222222222222,-0.29940723198117036,0.23022445435242636,-0.03184556106771734,True
914,0.2857142857142857,0.2222222222222222,-0.3059211290838105,0.2187203598696496,-0.036032631605812694,True
915,0.30158730158730157,0.2222222222222222,-0.3104732095551888,0.20524237068391038,-0.040049345444296704,True
916,0.31746031746031744,0.2222222222222222,-0.3133270747225608,0.19027563139889783,-0.04382546484381971,True
917,0.3333333333333333,0.2222222222222222,-0.31493631032306857,0.17436705626645516,-0.04733413038990799,True
918,0.3492063492063492,0.2222222222222222,-0.31560227388473727,0.15787373336078597,-0.05053353064508659,True
919,0.36507936507936506,0.2222222222222222,-0.31578741722141135,0.14118490524165794,-0.05341932531089685,True
920,0.38095238095238093,0.2222222222222222,-0.3157104359367779,0.12446505756112718,-0.05598260887057994,True
921,0.3968253968253968,0.2222222222222222,-0.3155648613097015,0.10782433824301493,-0.05823669807963584,True
922,0.4126984126984127,0.2222222222222222,-0.3154265212928294,0.09128145652986185,-0.060168814465318625,True
923,0.42857142857142855,0.2222222222222222,-0.3153289069387893,0.07482874315076744,-0.06179527929150784,True
924,0.4444444444444444,0.2222222222222222,-0.3152889353902802,0.058442688346071,-0.06312640327976037,True
925,0.4603174603174603,0.2222222222222222,-0.31535267915951676,0.04210028707843066,-0.06414765253159782,True
926,0.47619047619047616,0.2222222222222222,-0.31546392708014437,0.025755045353788683,-0.06488918871842977,True
927,0.49206349206349204,0.2222222222222222,-0.3156507229988882,0.009380248635363143,-0.0653432802067751,True
928,0.5079365079365079,0.2222222222222222,-0.3159176868902224,-0.007055694297056023,-0.06551624906126248,True
929,0.5238095238095237,0.2222222222222222,-0.3162645726631181,-0.023593544050873064,-0.06541509892212623,True
930,0.5396825396825397,0.2222222222222222,-0.3167183733279778,-0.04023714504647822,-0.06505496340566055,True
931,0.5555555555555556,0.2222222222222222,-0.3173154139908952,-0.057044441348255315,-0.06443060780762903,True
932,0.5714285714285714,0.2222222222222222,-0.31808545379225156,-0.07402019658911929,-0.06355990694555687,True
933,0.5873015873015872,0.2222222222222222,-0.3191151122800445,-0.0912166738709812,-0.06243833416614419,True
934,0.6031746031746031,0.2222222222222222,-0.32052272363366024,-0.10871456837068037,-0.06105961800380154,True
935,0.6190476190476191,0.2222222222222222,-0.3223232272541662,-0.12653499273978264,-0.05944684167061944,True
936,0.6349206349206349,0.2222222222222222,-0.3246514716206053,-0.14478871149367462,-0.05758180853962526,True
937,0.6507936507936507,0.2222222222222222,-0.3276600019500193,-0.16362557231704236,-0.0554449360588225,True
938,0.6666666666666666,0.2222222222222222,-0.33130741863007895,-0.18310934143804372,-0.05303198541778154,True
939,0.6825396825396826,0.2222222222222222,-0.3355350219278505,-0.20328220877867081,-0.050320057698429996,True
940,0.6984126984126984,0.2222222222222222,-0.340013320504084,-0.22404048131079485,-0.047282402575324095,True
941,0.7142857142857142,0.2222222222222222,-0.34394385229402,-0.2449489641384301,-0.04388986397483404,True
942,0.7301587301587301,0.2222222222222222,-0.34608947383790467,-0.2650536345334124,-0.04015873442647501,True
943,0.746031746031746,0.2222222222222222,-0.34488815661583666,-0.28289261942120814,-0.03609927806966186,True
944,0.7619047619047619,0.2222222222222222,-0.3389129546743243,-0.29675890402113225,-0.031832290869605914,True
945,0.7777777777777777,0.2222222222222222,-0.3264267084545158,-0.30433866941996873,-0.02753258413432792,True
946,0.7936507936507936,0.2222222222222222,-0.30555675042210295,-0.30272538898666346,-0.023285143243364535,True
947,0.8095238095238095,0.2222222222222222,-0.27409073547670154,-0.2880066533447002,-0.019471525070515108,True
948,0.8253968253968254,0.2222222222222222,-0.23457178482953897,-0.26076368933024685,-0.016311922420277288,True
949,0.8412698412698412,0.2222222222222222,-0.18955394402951467,-0.22202806663871663,-0.014003964170013318,True
950,0.8571428571428571,0.2222222222222222,-0.1437286127957438,-0.17608290807159896,-0.01252540893946973,True
951,0.873015873015873,0.2222222222222222,-0.10152551759115969,-0.12814652040362387,-0.01174064091295728,True
952,0.8888888888888888,0.2222222222222222,-0.06640753976784063,-0.0835105359867983,-0.011444484279146775,True
953,0.9047619047619047,0.2222222222222222,-0.039554089784813895,-0.04543555449466862,-0.011421381074716868,True
954,0.9206349206349206,0.2222222222222222,-0.021151533330526166,-0.016340303298434503,-0.011532427606354338,True
955,0.9365079365079365,0.2222222222222222,-0.009576303963158254,0.0039133775434922816,-0.011682630473976384,True
956,0.9523809523809523,0.2222222222222222,-0.0032336833537323422,0.015509217975515832,-0.011823680812756403,True
957,0.9682539682539681,0.2222222222222222,-0.0005043299788567511,0.018734034072359455,-0.011929362953453109,True
958,0.9841269841269841,0.2222222222222222,0.0001120590750229247,0.013661492812074872,-0.01198688566932802,True
959,1.0,0.2222222222222222,-1.3533936541496273e-08,-3.954124245802957e-06,-0.011990303134107974,True
960,0.0,0.23809523809523808,-6.871150873650297e-07,-1.1350785058899282e-05,0.0029575700413290453,True
961,0.015873015873015872,0.23809523809523808,-0.00462966263768074,0.01809662683137014,0.0026593771518788707,True
962,0.031746031746031744,0.23809523809523808,-0.015589812134806372,0.036650570844638304,0.0024169645900636518,True
963,0.047619047619047616,0.23809523809523808,-0.030270677766489694,0.05715146747404215,0.0021236484814125887,True
964,0.06349206349206349,0.23809523809523808,-0.04765238572027554,0.08038473785202209,0.0016955810607243705,True
965,0.07936507936507936,0.23809523809523808,-0.06744972416379734,0.10600415548102494,0.0010606517644661186,True
966,0.09523809523809523,0.23809523809523808,-0.0894258148035816,0.13299335898504053,0.00015373679715270706,True
967,0.1111111111111111,0.23809523809523808,-0.11318788776955137,0.16026718915891625,-0.0011050429814896303,True
968,0.12698412698412698,0.23809523809523808,-0.13805645514500328,0.18656379000261888,-0.0027979726470640427,True
969,0.14285714285714285,0.23809523809523808,-0.1631195498799345,0.21047709913448823,-0.004997389639960644,True
970,0.15873015873015872,0.23809523809523808,-0.18740242814630356,0.23068613620556713,-0.007744591539430738,True
971,0.1746031746031746,0.23809523809523808,-0.21006701580987883,0.24625626376418447,-0.011025710193350451,True
972,0.19047619047619047,0.23809523809523808,-0.2302945269224294,0.25650294128295836,-0.014783057336801521,True
973,0.20634920634920634,0.23809523809523808,-0.24761458616240165,0.2613252910984791,-0.01892035630665118,True
974,0.2222222222222222,0.23809523809523808,-0.2616437971695687,0.26083024800445187,-0.02333145156167796,True
975,0.23809523809523808,0.23809523809523808,-0.27288709424709434,0.25609320596743185,-0.027866912446044164,True
976,0.25396825396825395,0.23809523809523808,-0.28157354409522634,0.24780807805546734,-0.0324271168696703,True
977,0.2698412698412698,0.23809523809523808,-0.28796530042611473,0.23665188874835516,-0.03689830808918032,True
978,0.2857142857142857,0.23809523809523808,-0.2921649214071562,0.22308395998419844,-0.04121549001521296,True
979,0.30158730158730157,0.23809523809523808,-0.294773617298378,0.20796056785625996,-0.04529267030027767,True
980,0.31746031746031744,0.23809523809523808,-0.29603945265642445,0.19170393180939124,-0.04907627863827601,True
981,0.3333333333333333,0.23809523809523808,-0.2965500189713527,0.17494848477247169,-0.05256255680898285,True
982,0.3492063492063492,0.23809523809523808,-0.2966346561708339,0.1580185718352759,-0.055716216619621076,True
983,0.36507936507936506,0.23809523809523808,-0.29656375388670186,0.14112425331899206,-0.05855912625112158,True
984,0.38095238095238093,0.23809523809523808,-0.2964855028022537,0.12436096890497919,-0.06107705308263163,True
985,0.3968253968253968,0.23809523809523808,-0.29647130437578006,0.10774902497255781,-0.06328629545145237,True
986,0.4126984126984127,0.23809523809523808,-0.2965404507295014,0.09126924143547062,-0.06519196469253612,True
987,0.42857142857142855,0.23809523809523808,-0.2967191900410986,0.07489913979152835,-0.06679376591038398,True
988,0.4444444444444444,0.23809523809523808,-0.2969762862257757,0.058590544879580465,-0.06811040643983159,True
989,0.4603174603174603,0.23809523809523808,-0.29726089051236154,0.0423038864007068,-0.06914655451191884,True
990,0.47619047619047616,0.23809523809523808,-0.2976350322500323,0.02601637195484485,-0.06989133882676474,True
991,0.49206349206349204,0.23809523809523808,-0.2980080210774841,0.0096893775334451,-0.07035968012904503,True
992,0.5079365079365079,0.23809523809523808,-0.2984183985484165,-0.006698919686975202,-0.07056310661587685,True
993,0.5238095238095237,0.23809523809523808,-0.29885987093870914,-0.02316920491813578,-0.07049595002497341,True
994,0.5396825396825397,0.23809523809523808,-0.29932144694286117,-0.0397401411338228,-0.07016941689403319,True
995,0.5555555555555556,0.23809523809523808,-0.2998467435052308,-0.056418342928697525,-0.06959412375916171,True
996,0.5714285714285714,0.23809523809523808,-0.30048947550468147,-0.07324186324754277,-0.06875865134868665,True
997,0.5873015873015872,0.23809523809523808,-0.30124249130392466,-0.0902014481700175,-0.0676911146257806,True
998,0.6031746031746031,0.23809523809523808,-0.3022179751059557,-0.10735815345385334,-0.06637938687813562,True
999,0.6190476190476191,0.23809523809523808,-0.30352381496061986,-0.12477103271486696,-0.06482374531461839,True
1000,0.6349206349206349,0.23809523809523808,-0.3052116245907032,-0.14247344271612725,-0.06302458299605691,True
1001,0.6507936507936507,0.23809523809523808,-0.30749667910333545,-0.16065451867615724,-0.060981400965296896,True
1002,0.6666666666666666,0.23809523809523808,-0.310446141507334,-0.1793811419754284,-0.058665744626715775,True
1003,0.6825396825396826,0.23809523809523808,-0.3142110737128709,-0.19887725805172457,-0.056067184225954164,True
1004,0.6984126984126984,0.23809523809523808,-0.31877035564683853,-0.21925033089842497,-0.05314686013350142,True
1005,0.7142857142857142,0.23809523809523808,-0.3239122467946829,-0.2405116326836494,-0.04988000940666285,True
1006,0.7301587301587301,0.23809523809523808,-0.32888250217219794,-0.262246689058078,-0.046226473981402484,True
1007,0.746031746031746,0.23809523809523808,-0.33232391515504656,-0.28342199643872296,-0.04217584731673953,True
1008,0.7619047619047619,0.23809523809523808,-0.33216862459480123,-0.3020917400579033,-0.03774246169604441,True
1009,0.7777777777777777,0.23809523809523808,-0.3271937286733386,-0.3165594876870235,-0.03304564481822312,True
1010,0.7936507936507936,0.23809523809523808,-0.31546877297113046,-0.3242146427210623,-0.028298564401081392,True
1011,0.8095238095238095,0.23809523809523808,-0.2936587524152763,-0.32013485408852294,-0.023643363323616173,True
1012,0.8253968253968254,0.23809523809523808,-0.2609418560707046,-0.3014152445123602,-0.019515931633457,True
1013,0.8412698412698412,0.23809523809523808,-0.21938544514439304,-0.26795780456526425,-0.016208894190770158,True
1014,0.8571428571428571,0.23809523809523808,-0.17283208487696167,-0.22232643023337445,-0.013914802014752467,True
1015,0.873015873015873,0.23809523809523808,-0.12656995246073974,-0.1700995671948233,-0.012515735824377995,True
1016,0.8888888888888888,0.23809523809523808,-0.08540794050830787,-0.11768872504368771,-0.011878652078109125,True
1017,0.9047619047619047,0.23809523809523808,-0.05264502778138305,-0.07106824596152066,-0.011716302041455311,True
1018,0.9206349206349206,0.23809523809523808,-0.028856172676600154,-0.0332419123640316,-0.011795403167040138,True
1019,0.9365079365079365,0.23809523809523808,-0.013618639300462568,-0.0062424490703707775,-0.011965090021188349,True
1020,0.9523809523809523,0.23809523809523808,-0.004926226543997454,0.01046099157343699,-0.012139227816681235,True
1021,0.9682539682539681,0.23809523809523808,-0.0010048514425691193,0.016975549568375527,-0.012276112722029732,True
1022,0.9841269841269841,0.23809523809523808,4.724049695299046e-05,0.013561473077415063,-0.012354792519442917,True
1023,1.0,0.23809523809523808,-3.656742803991787e-11,3.6436268558696414e-06,-0.012365473553202036,True
1024,0.0,0.25396825396825395,8.868040196448911e-08,-4.651993229131516e-06,0.0028781969175608003,True
1025,0.015873015873015872,0.25396825396825395,-0.005317144636956274,0.027090787073093883,0.002539989306108797,True
1026,0.031746031746031744,0.25396825396825395,-0.01761591302841162,0.05047725040730861,0.0022682377424859245,True
1027,0.047619047619047616,0.25396825396825395,-0.033720154717394986,0.0739714025771441,0.0019224143576368486,True
1028,0.06349206349206349,0.25396825396825395,-0.0523761234766266,0.09963570244120346,0.0013893208351262497,True
1029,0.07936507936507936,0.25396825396825395,-0.07318559158116382,0.12740943790062825,0.0005853736155854124,True
1030,0.09523809523809523,0.25396825396825395,-0.09581921018264104,0.15620413434956745,-0.0005680784353239885,True
1031,0.1111111111111111,0.25396825396825395,-0.11972106908069009,0.1846877138954411,-0.0021711810331785067,True
1032,0.12698412698412698,0.25396825396825395,-0.14411441850014056,0.21132651066252345,-0.0042912761381900125,True
1033,0.14285714285714285,0.25396825396825395,-0.16807009411327903,0.23464164450027902,-0.006983203590953883,True
1034,0.15873015873015872,0.25396825396825395,-0.1906439786298338,0.2533639068279751,-0.010260595332331972,True
1035,0.1746031746031746,0.25396825396825395,-0.21095338476438152,0.2665494895611584,-0.014082464337855777,True
1036,0.19047619047619047,0.25396825396825395,-0.22844620098402657,0.2738798240679328,-0.01834391974143035,True
1037,0.20634920634920634,0.25396825396825395,-0.24277683900271435,0.27546900353593384,-0.02292582863846793,True
1038,0.2222222222222222,0.25396825396825395,-0.25417209375015726,0.27215064867494304,-0.027686199538903056,True
1039,0.23809523809523808,0.25396825396825395,-0.262955813469993,0.2648211918010317,-0.03250260595198224,True
1040,0.25396825396825395,0.25396825396825395,-0.2693483706544785,0.25417231033314763,-0.03725990851044941,True
1041,0.2698412698412698,0.25396825396825395,-0.2736195585139988,0.24089143943430835,-0.041861418059592835,True
1042,0.2857142857142857,0.25396825396825395,-0.2760839541292589,0.2256350677290269,-0.04622247289969282,True
1043,0.30158730158730157,0.25396825396825395,-0.27729133771894066,0.20918597213768161,-0.0502903060798812,True
1044,0.31746031746031744,0.25396825396825395,-0.2777761219499088,0.19220037513334126,-0.05405038347736439,True
1045,0.3333333333333333,0.25396825396825395,-0.2778958039196191,0.17505896289682588,-0.05748020708019216,True
1046,0.3492063492063492,0.25396825396825395,-0.2779242026209239,0.15800353892194055,-0.060587635084000946,True
1047,0.36507936507936506,0.25396825396825395,-0.27800346440696555,0.14113164319346597,-0.06336687466558828,True
1048,0.38095238095238093,0.25396825396825395,-0.2781794560912131,0.12444894339947456,-0.06584916203588388,True
1049,0.3968253968253968,0.25396825396825395,-0.2784559034758572,0.10793292756516355,-0.06803004954534178,True
1050,0.4126984126984127,0.25396825396825395,-0.2788978308500328,0.09156584674785936,-0.06990646000350273,True
1051,0.42857142857142855,0.25396825396825395,-0.27937216437996354,0.07526640585636657,-0.0715064721786754,True
1052,0.4444444444444444,0.25396825396825395,-0.27993279121706,0.059016011588807864,-0.07282158070565856,True
1053,0.4603174603174603,0.25396825396825395,-0.28052114276571444,0.04277118956359071,-0.0738441014061763,True
1054,0.47619047619047616,0.25396825396825395,-0.2811110975536883,0.026496241555970163,-0.0746134620871194,True
1055,0.49206349206349204,0.25396825396825395,-0.2816892604281588,0.010175715101162938,-0.07510609761217701,True
1056,0.5079365079365079,0.25396825396825395,-0.2822711800918527,-0.006210915367251983,-0.07531634105001353,True
1057,0.5238095238095237,0.25396825396825395,-0.282809961754573,-0.022677242562192307,-0.07528657810769657,True
1058,0.5396825396825397,0.25396825396825395,-0.2833499704982351,-0.03922995392499742,-0.07498816867723708,True
1059,0.5555555555555556,0.25396825396825395,-0.2838841302632318,-0.05587227802352304,-0.07444164078606448,True
1060,0.5714285714285714,0.25396825396825395,-0.2844395923721656,-0.07261189797205575,-0.0736479834800584,True
1061,0.5873015873015872,0.25396825396825395,-0.28504961871492324,-0.08945731683779007,-0.07261064167124867,True
1062,0.6031746031746031,0.25396825396825395,-0.28575261875477403,-0.10642117907199075,-0.07133729017327092,True
1063,0.6190476190476191,0.25396825396825395,-0.2866522334314696,-0.1235476244690348,-0.06981729487037368,True
1064,0.6349206349206349,0.25396825396825395,-0.28775851291949534,-0.14085292949873773,-0.06807713037281161,True
1065,0.6507936507936507,0.25396825396825395,-0.2893009418521962,-0.15847016300362982,-0.0660814931781378,True
1066,0.6666666666666666,0.25396825396825395,-0.2913736413241929,-0.1765023980012431,-0.06383874935673156,True
1067,0.6825396825396826,0.25396825396825395,-0.29418132934381264,-0.19515213778374332,-0.06132766269063195,True
1068,0.6984126984126984,0.25396825396825395,-0.29788200836235756,-0.21464415891437594,-0.05852337342923346,True
1069,0.7142857142857142,0.25396825396825395,-0.3025514926469455,-0.23519455237646295,-0.05538834000937425,True
1070,0.7301587301587301,0.25396825396825395,-0.30805287810508475,-0.2569442867521151,-0.051874088697586855,True
1071,0.746031746031746,0.25396825396825395,-0.31369771269211144,-0.2794951361525209,-0.04794871430372955,True
1072,0.7619047619047619,0.25396825396825395,-0.3180500903318122,-0.30174417330029224,-0.04357730600798096,True
1073,0.7777777777777777,0.25396825396825395,-0.31896218386883424,-0.32156581796838263,-0.03878253947730633,True
1074,0.7936507936507936,0.25396825396825395,-0.3139953768668228,-0.33591084140767635,-0.03368057613452004,True
1075,0.8095238095238095,0.25396825396825395,-0.30154374955063706,-0.34210805870500455,-0.028545672929144863,True
1076,0.8253968253968254,0.25396825396825395,-0.2786137815680747,-0.3349851762817325,-0.023549289769279946,True
1077,0.8412698412698412,0.25396825396825395,-0.24386738690187165,-0.3106060761261414,-0.019227166370869096,True
1078,0.8571428571428571,0.25396825396825395,-0.20018524805646015,-0.2696534666101056,-0.015912889483483378,True
1079,0.873015873015873,0.25396825396825395,-0.1525081362440175,-0.2163727610470298,-0.013737589413859712,True
1080,0.8888888888888888,0.25396825396825395,-0.10676659126823715,-0.1579503481303206,-0.012580340573015856,True
1081,0.9047619047619047,0.25396825396825395,-0.06794840625515533,-0.10221065554386626,-0.012154952320700543,True
1082,0.9206349206349206,0.25396825396825395,-0.03856685194473125,-0.05497017328930526,-0.012143962428301782,True
1083,0.9365079365079365,0.25396825396825395,-0.018862898756740788,-0.019484848759829886,-0.0123135235862113,True
1084,0.9523809523809523,0.25396825396825395,-0.007321828082387081,0.00351844194260555,-0.012518782160469782,True
1085,0.9682539682539681,0.25396825396825395,-0.001823726401894422,0.014274309266402108,-0.012689286147672217,True
1086,0.9841269841269841,0.25396825396825395,-9.12312971772635e-05,0.013218161297444813,-0.012793276093988608,True
1087,1.0,0.25396825396825395,-5.825174448901168e-09,3.446760024335581e-07,-0.012816808072114098,True
1088,0.0,0.2698412698412698,-2.0696034289569543e-06,5.8203982350503356e-05,0.0025386864283737905,True
1089,0.015873015873015872,0.2698412698412698,-0.005880211924221148,0.03715136731324603,0.0021637301520505293,True
1090,0.031746031746031744,0.2698412698412698,-0.019241204055761008,0.06560015502340769,0.0018626024673997397,True
1091,0.047619047619047616,0.2698412698412698,-0.03642764214219104,0.0919845771644295,0.0014528418189512656,True
1092,0.06349206349206349,0.2698412698412698,-0.055973414312220124,0.1198307940022072,0.0007986538973325694,True
1093,0.07936507936507936,0.2698412698412698,-0.07736698517557322,0.1494363941021635,-0.00019826577767683971,True
1094,0.09523809523809523,0.2698412698412698,-0.10017640654546556,0.1795998601763261,-0.0016285599428672339,True
1095,0.1111111111111111,0.2698412698412698,-0.1237262599143549,0.2087127389225504,-0.003593763181342035,True
1096,0.12698412698412698,0.2698412698412698,-0.1472060911183284,0.23511323109862645,-0.0061482715404005345,True
1097,0.14285714285714285,0.2698412698412698,-0.16958172961388687,0.25717109550336675,-0.009346016361943817,True
1098,0.15873015873015872,0.2698412698412698,-0.18997713950260448,0.2736668945744821,-0.01314657240373857,True
1099,0.1746031746031746,0.2698412698412698,-0.207928023416565,0.2842314860864437,-0.01743376532553349,True
1100,0.19047619047619047,0.2698412698412698,-0.2227387728537015,0.2884596907207944,-0.022125172333682958,True
1101,0.20634920634920634,0.2698412698412698,-0.2344815609922411,0.2870335459741581,-0.02706526541089609,True
1102,0.2222222222222222,0.2698412698412698,-0.2436099651489588,0.2810942818490222,-0.03209600735408276,True
1103,0.23809523809523808,0.2698412698412698,-0.25027686686101225,0.2713408351371352,-0.03710985024011515,True
1104,0.25396825396825395,0.2698412698412698,-0.254752269060216,0.2585194807397527,-0.0419840389656703,True
1105,0.2698412698412698,0.2698412698412698,-0.257376886901509,0.2434093259349375,-0.046627877721410464,True
1106,0.2857142857142857,0.2698412698412698,-0.25869299484065594,0.22687326528218124,-0.05097694925902636,True
1107,0.30158730158730157,0.2698412698412698,-0.25928456999785526,0.20972045048775262,-0.05501791945448812,True
1108,0.31746031746031744,0.2698412698412698,-0.25952309126714795,0.19238571669311133,-0.05871643079803841,True
1109,0.3333333333333333,0.2698412698412698,-0.2596928163678656,0.17516491870590156,-0.06209389286013208,True
1110,0.3492063492063492,0.2698412698412698,-0.25996742171969733,0.1581805414916962,-0.06513715429089298,True
1111,0.36507936507936506,0.2698412698412698,-0.26032212399296994,0.14140837300158957,-0.06789114524053891,True
1112,0.38095238095238093,0.2698412698412698,-0.2608562928477879,0.12486227067875022,-0.0703354453292132,True
1113,0.3968253968253968,0.2698412698412698,-0.26150575132063664,0.10847296806615163,-0.07248080826700397,True
1114,0.4126984126984127,0.2698412698412698,-0.2622482018907161,0.09218174628274384,-0.0743561036300053,True
1115,0.42857142857142855,0.2698412698412698,-0.26304332701519956,0.07594306323336779,-0.07594770612726982,True
1116,0.4444444444444444,0.2698412698412698,-0.26386218209406725,0.05971813043997547,-0.07725976546458022,True
1117,0.4603174603174603,0.2698412698412698,-0.2646806023303012,0.0434699186605628,-0.07830589251608787,True
1118,0.47619047619047616,0.2698412698412698,-0.26547831539405753,0.027181735205099186,-0.07907229576502099,True
1119,0.49206349206349204,0.2698412698412698,-0.26623492636677587,0.010832580305315536,-0.07958243568323922,True
1120,0.5079365079365079,0.2698412698412698,-0.26694199205459646,-0.005585241857083518,-0.07983158469497993,True
1121,0.5238095238095237,0.2698412698412698,-0.2676157273048496,-0.022083663133896172,-0.0798131129252277,True
1122,0.5396825396825397,0.2698412698412698,-0.26824997470729567,-0.03866143377325408,-0.07954108543433053,True
1123,0.5555555555555556,0.2698412698412698,-0.2688391966656652,-0.05531547429783119,-0.07902189529105559,True
1124,0.5714285714285714,0.2698412698412698,-0.2694143740523048,-0.07204868903287875,-0.07825339776866723,True
1125,0.5873015873015872,0.2698412698412698,-0.2699800357508856,-0.08885871466690454,-0.07724219113596607,True
1126,0.6031746031746031,0.2698412698412698,-0.27055721357516094,-0.10573973795407329,-0.07599331924691705,True
1127,0.6190476190476191,0.2698412698412698,-0.2712016077986558,-0.12271351388446826,-0.07450954209915808,True
1128,0.6349206349206349,0.2698412698412698,-0.27197015191275703,-0.13979428370913222,-0.07278127740809913,True
1129,0.6507936507936507,0.2698412698412698,-0.27294945541023197,-0.1570404237754027,-0.07082650895855674,True
1130,0.6666666666666666,0.2698412698412698,-0.27426631461266193,-0.1745361935044987,-0.06862732645003525,True
1131,0.6825396825396826,0.2698412698412698,-0.2760952828317088,-0.19243860933124188,-0.06617921813440589,True
1132,0.6984126984126984,0.2698412698412698,-0.2787250592829253,-0.21103047268641476,-0.06345081999754174,True
1133,0.7142857142857142,0.2698412698412698,-0.2822940948479117,-0.23055511843803628,-0.06042968450047563,True
1134,0.7301587301587301,0.2698412698412698,-0.2869466633672421,-0.25132693680896695,-0.05707115339476861,True
1135,0.746031746031746,0.2698412698412698,-0.2926604763852939,-0.27361404770015346,-0.0533029397570348,True
1136,0.7619047619047619,0.2698412698412698,-0.2987128454613767,-0.2970448366786093,-0.04908721681002143,True
1137,0.7777777777777777,0.2698412698412698,-0.30371405602937995,-0.32045539158112574,-0.04439293262612344,True
1138,0.7936507936507936,0.2698412698412698,-0.30471404314913186,-0.3407669684859093,-0.03923689080285354,True
1139,0.8095238095238095,0.2698412698412698,-0.29951328826990786,-0.3548418797142052,-0.03377165633304854,True
1140,0.8253968253968254,0.2698412698412698,-0.2862240199020887,-0.35926645769511056,-0.02825521781614928,True
1141,0.8412698412698412,0.2698412698412698,-0.260681003439412,-0.34674030786451426,-0.023044938394172463,True
1142,0.8571428571428571,0.2698412698412698,-0.22299557186311364,-0.31434776708142764,-0.018707215557331146,True
1143,0.873015873015873,0.2698412698412698,-0.17736217113614602,-0.26461915343255227,-0.015531310595317233,True
1144,0.8888888888888888,0.2698412698412698,-0.12929583545124637,-0.20318997589018908,-0.013670554912945347,True
1145,0.9047619047619047,0.2698412698412698,-0.08524759634008591,-0.13922574315253938,-0.01280104219778054,True
1146,0.9206349206349206,0.2698412698412698,-0.05028187106442854,-0.08217334243769638,-0.012616037613151514,True
1147,0.9365079365079365,0.2698412698412698,-0.02558799623657771,-0.03686670473688162,-0.012747057543291704,True
1148,0.9523809523809523,0.2698412698412698,-0.010562514973455953,-0.006007327240696266,-0.01297418604583159,True
1149,0.9682539682539681,0.2698412698412698,-0.0029927385103556423,0.010317315954183576,-0.01318227568419511,True
1150,0.9841269841269841,0.2698412698412698,-0.0003082817043746822,0.012469009486304089,-0.013318385159369207,True
1151,1.0,0.2698412698412698,-1.5282358472112575e-07,-2.4638414396721923e-06,-0.013359926622614484,True
1152,0.0,0.2857142857142857,2.5002492063306745e-08,5.8156442332725776e-05,0.0018886577927201944,True
1153,0.015873015873015872,0.2857142857142857,-0.00625702129915238,0.04784858407438722,0.0014933359300200707,True
1154,0.031746031746031744,0.2857142857142857,-0.020389206791291963,0.08171346527516135,0.0011568982802418605,True
1155,0.047619047619047616,0.2857142857142857,-0.038280232609753176,0.11079776353960324,0.0006731797991779508,True
1156,0.06349206349206349,0.2857142857142857,-0.05831128267595848,0.14052996415931854,-0.00011576733210273914,True
1157,0.07936507936507936,0.2857142857142857,-0.07988436155933534,0.17162563331184796,-0.001317943690696992,True
1158,0.09523809523809523,0.2857142857142857,-0.10237367258043306,0.20268824267137212,-0.003064316484933786,True
1159,0.1111111111111111,0.2857142857142857,-0.1251841696225388,0.23190482118978856,-0.005386243019905021,True
1160,0.12698412698412698,0.2857142857142857,-0.14733429064105177,0.25745908808479584,-0.008378789253481242,True
1161,0.14285714285714285,0.2857142857142857,-0.16788661358145618,0.27775031592995114,-0.012040053713592748,True
1162,0.15873015873015872,0.2857142857142857,-0.1861887490895603,0.29188446411916286,-0.016279031820796156,True
1163,0.1746031746031746,0.2857142857142857,-0.2015546623472906,0.2993072821645847,-0.021000023564867104,True
1164,0.19047619047619047,0.2857142857142857,-0.21392077001748339,0.3004673394112419,-0.02604195630398213,True
1165,0.20634920634920634,0.2857142857142857,-0.22355954925148236,0.2963879996339148,-0.031246796716748498,True
1166,0.2222222222222222,0.2857142857142857,-0.23066557876022944,0.28788641249490754,-0.03648017708387648,True
1167,0.23809523809523808,0.2857142857142857,-0.23557838037441198,0.27590995536855994,-0.041602377345037106,True
1168,0.25396825396825395,0.2857142857142857,-0.23864925669789758,0.2613117324418217,-0.04652536730241954,True
1169,0.2698412698412698,0.2857142857142857,-0.24022029940500075,0.24483403875762505,-0.05115666875206475,True
1170,0.2857142857142857,0.2857142857142857,-0.241012488350359,0.2275675819134102,-0.05546992274507791,True
1171,0.30158730158730157,0.2857142857142857,-0.24142392302578738,0.21004814407452224,-0.05944311034240138,True
1172,0.31746031746031744,0.2857142857142857,-0.24176650332849928,0.1926471546931591,-0.06309196148963536,True
1173,0.3333333333333333,0.2857142857142857,-0.24219455192489264,0.17551072836769113,-0.0664085345034299,True
1174,0.3492063492063492,0.2857142857142857,-0.24277530941598732,0.15865435688797808,-0.06941955258413174,True
1175,0.36507936507936506,0.2857142857142857,-0.24349882153156854,0.14204227992680538,-0.07213000505157856,True
1176,0.38095238095238093,0.2857142857142857,-0.24438498173038195,0.1256302238635889,-0.0745442902867694,True
1177,0.3968253968253968,0.2857142857142857,-0.2453213228612979,0.1093194414514581,-0.0766945450793737,True
1178,0.4126984126984127,0.2857142857142857,-0.2463313207323825,0.09308500556601765,-0.07855376526323207,True
1179,0.42857142857142855,0.2857142857142857,-0.24736755826956444,0.07686609499682333,-0.0801435772374278,True
1180,0.4444444444444444,0.2857142857142857,-0.24837472990537976,0.060630852646667496,-0.08146560928214441,True
1181,0.4603174603174603,0.2857142857142857,-0.24936164984105122,0.04435801888394083,-0.08252139072038486,True
1182,0.47619047619047616,0.2857142857142857,-0.25029691909948515,0.028029898835018,-0.08330898534832575,True
1183,0.49206349206349204,0.2857142857142857,-0.2511872384772235,0.011635830593972475,-0.08383360961569336,True
1184,0.5079365079365079,0.2857142857142857,-0.25202790167783196,-0.004834728517589958,-0.08409793347168065,True
1185,0.5238095238095237,0.2857142857142857,-0.25281257340778435,-0.021380344287714483,-0.08410345332609354,True
1186,0.5396825396825397,0.2857142857142857,-0.253544720550457,-0.03800168570974431,-0.08385818591186932,True
1187,0.5555555555555556,0.2857142857142857,-0.25423018095194827,-0.05469653434139148,-0.08335749845093567,True
1188,0.5714285714285714,0.2857142857142857,-0.2548722548287226,-0.07145883132137199,-0.08261065755517244,True
1189,0.5873015873015872,0.2857142857142857,-0.25547765877163064,-0.08828372275491696,-0.08161905872972772,True
1190,0.6031746031746031,0.2857142857142857,-0.2560558189391439,-0.10516224514115377,-0.08038735500121802,True
1191,0.6190476190476191,0.2857142857142857,-0.25662923293677065,-0.12209319455035388,-0.07891433870944888,True
1192,0.6349206349206349,0.2857142857142857,-0.2572189784832023,-0.1390739590279137,-0.07721261688884475,True
1193,0.6507936507936507,0.2857142857142857,-0.2578960053701913,-0.1561339973521889,-0.07527264047226893,True
1194,0.6666666666666666,0.2857142857142857,-0.25873140797734745,-0.1733156055626792,-0.07309805095016557,True
1195,0.6825396825396826,0.2857142857142857,-0.25986340873381775,-0.19072339184166578,-0.07068213327394274,True
1196,0.6984126984126984,0.2857142857142857,-0.2614612652779659,-0.2085208356474369,-0.06801350164795207,True
1197,0.7142857142857142,0.2857142857142857,-0.26393467121799874,-0.22711722180483596,-0.06505727917351152,True
1198,0.7301587301587301,0.2857142857142857,-0.26728763742184475,-0.24668617959183625,-0.06181653305130819,True
1199,0.746031746031746,0.2857142857142857,-0.2719800848230087,-0.2678643989234128,-0.05820664166174724,True
1200,0.7619047619047619,0.2857142857142857,-0.27781288358407125,-0.2908083049587456,-0.05418757216432554,True
1201,0.7777777777777777,0.2857142857142857,-0.28426949795774703,-0.31537608700028913,-0.049676555018691275,True
1202,0.7936507936507936,0.2857142857142857,-0.2893970730192869,-0.33975949624477164,-0.04464467931309203,True
1203,0.8095238095238095,0.2857142857142857,-0.2902695054068715,-0.36052598598820496,-0.03912617709442778,True
1204,0.8253968253968254,0.2857142857142857,-0.2839006543905663,-0.3732163292067524,-0.03330487654803891,True
1205,0.8412698412698412,0.2857142857142857,-0.26842716136362277,-0.3738803256806775,-0.027510837170362037,True
1206,0.8571428571428571,0.2857142857142857,-0.23963992717287538,-0.3539385355348068,-0.022192583897613603,True
1207,0.873015873015873,0.2857142857142857,-0.1987253469913137,-0.3114836160039185,-0.018019471605398404,True
1208,0.8888888888888888,0.2857142857142857,-0.15120719879421657,-0.251179782192883,-0.015219228305512608,True
1209,0.9047619047619047,0.2857142857142857,-0.10398900819897275,-0.1819395056995649,-0.013751258353456846,True
1210,0.9206349206349206,0.2857142857142857,-0.06358028486935717,-0.11483629767752812,-0.013257050951351665,True
1211,0.9365079365079365,0.2857142857142857,-0.03367776871419092,-0.058811406682126206,-0.013288392618532695,True
1212,0.9523809523809523,0.2857142857142857,-0.01453332063410624,-0.018314163877258753,-0.01352158921713538,True
1213,0.9682539682539681,0.2857142857142857,-0.00448018915253108,0.004884843413220216,-0.013767206456312549,True
1214,0.9841269841269841,0.2857142857142857,-0.0006350147924668693,0.011043151334234953,-0.013941009696177866,True
1215,1.0,0.2857142857142857,3.942964328064799e-08,-4.0891715218306566e-07,-0.014009036527972358,True
1216,0.0,0.30158730158730157,1.30363729496227e-07,-5.58505481857076e-05,0.0009015220495164646,True
1217,0.015873015873015872,0.30158730158730157,-0.006466013014479815,0.05944459291153733,0.0004918165006475714,True
1218,0.031746031746031744,0.30158730158730157,-0.020991306152540083,0.09837525505357095,0.00012065923529931134,True
1219,0.047619047619047616,0.30158730158730157,-0.03922337712633018,0.13007296470334118,-0.0004448375479607975,True
1220,0.06349206349206349,0.30158730158730157,-0.05935853741364897,0.1614704163557721,-0.0013841440449730506,True
1221,0.07936507936507936,0.30158730158730157,-0.0806749837387436,0.19361097387261933,-0.0028101667110708847,True
1222,0.09523809523809523,0.30158730158730157,-0.10255367142354611,0.2250853753042353,-0.00483064565348517,True
1223,0.1111111111111111,0.30158730158730157,-0.12418110255584623,0.2538455424606902,-0.007533482825221066,True
1224,0.12698412698412698,0.30158730158730157,-0.1447742654085902,0.2781062683671246,-0.010928212420940749,True
1225,0.14285714285714285,0.30158730158730157,-0.16338830858839626,0.29627752010866865,-0.015002158951621112,True
1226,0.15873015873015872,0.30158730158730157,-0.17942387757166853,0.30761004209215365,-0.019642316380571213,True
1227,0.1746031746031746,0.30158730158730157,-0.19250128530724595,0.3119889287569445,-0.024700823994302082,True
1228,0.19047619047619047,0.30158730158730157,-0.20287640783130279,0.31045246853669745,-0.03000163868284912,True
1229,0.20634920634920634,0.30158730158730157,-0.2107095989433535,0.30388609341698847,-0.03539890285969686,True
1230,0.2222222222222222,0.30158730158730157,-0.21625136451574473,0.2931854678850874,-0.040748750690017495,True
1231,0.23809523809523808,0.30158730158730157,-0.21980928332728678,0.27926643483005903,-0.04592683876684929,True
1232,0.25396825396825395,0.30158730158730157,-0.22181267310020722,0.2630926078570551,-0.05083682169769163,True
1233,0.2698412698412698,0.30158730158730157,-0.22287728200092533,0.24575889781829455,-0.05542224461334104,True
1234,0.2857142857142857,0.30158730158730157,-0.22350930176041356,0.22807978608829965,-0.05968151336113646,True
1235,0.30158730158730157,0.30158730158730157,-0.22402888451936162,0.21047672251037708,-0.06359645067630934,True
1236,0.31746031746031744,0.30158730158730157,-0.2246365807987741,0.19316554224699364,-0.06717999740459235,True
1237,0.3333333333333333,0.30158730158730157,-0.22538188171181928,0.17617250679084953,-0.07045700187920431,True
1238,0.3492063492063492,0.30158730158730157,-0.22628983165633523,0.1594759381522043,-0.07342794545983142,True
1239,0.36507936507936506,0.30158730158730157,-0.2273335194790325,0.14299818885917784,-0.07612038429222866,True
1240,0.38095238095238093,0.30158730158730157,-0.2284598946217691,0.1266658797289155,-0.07852765215043382,True
1241,0.3968253968253968,0.30158730158730157,-0.22964774182333458,0.1104183798050303,-0.08065614970023183,True
1242,0.4126984126984127,0.30158730158730157,-0.23084278783598783,0.09419429623988791,-0.08252429937250087,True
1243,0.42857142857142855,0.30158730158730157,-0.23202209354299558,0.07796352267792683,-0.0841222441877806,True
1244,0.4444444444444444,0.30158730158730157,-0.23316614706375055,0.0616969731219709,-0.08544826244008752,True
1245,0.4603174603174603,0.30158730158730157,-0.2342638748068922,0.0453774019498927,-0.08651170626767352,True
1246,0.47619047619047616,0.30158730158730157,-0.23530802271269238,0.02899613277619375,-0.08731924643387244,True
1247,0.49206349206349204,0.30158730158730157,-0.23629509161881024,0.012548310845225525,-0.08785790048782031,True
1248,0.5079365079365079,0.30158730158730157,-0.23722989688527601,-0.0039741224118355995,-0.08814010342089798,True
1249,0.5238095238095237,0.30158730158730157,-0.23811132297383522,-0.0205710482435816,-0.08816628533064264,True
1250,0.5396825396825397,0.30158730158730157,-0.238945423861457,-0.03724300889357079,-0.0879362146991651,True
1251,0.5555555555555556,0.30158730158730157,-0.2397318153279334,-0.05398422935166327,-0.087455310989133,True
1252,0.5714285714285714,0.30158730158730157,-0.2404727649533355,-0.07079127880083198,-0.08672626865683325,True
1253,0.5873015873015872,0.30158730158730157,-0.24116711712401065,-0.08765575803106249,-0.0857520003214322,True
1254,0.6031746031746031,0.30158730158730157,-0.24181708421034565,-0.10456873636411679,-0.08453543549762971,True
1255,0.6190476190476191,0.30158730158730157,-0.24242327058193852,-0.12151762514915748,-0.08308147157911562,True
1256,0.6349206349206349,0.30158730158730157,-0.24299492909856518,-0.13849240571732838,-0.08138615617420947,True
1257,0.6507936507936507,0.30158730158730157,-0.2435574796620926,-0.15549309972986414,-0.07945953173828087,True
1258,0.6666666666666666,0.30158730158730157,-0.2441506050417064,-0.17253077061525154,-0.07729596102273971,True
1259,0.6825396825396826,0.30158730158730157,-0.2448661742226485,-0.18966434413372318,-0.0748971552214396,True
1260,0.6984126984126984,0.30158730158730157,-0.2458245576186598,-0.20699671943502976,-0.07225782863172146,True
1261,0.7142857142857142,0.30158730158730157,-0.24727071329550007,-0.2247660357282508,-0.06936203005401996,True
1262,0.7301587301587301,0.30158730158730157,-0.2494795966017883,-0.24331582934726587,-0.0661865070729694,True
1263,0.746031746031746,0.30158730158730157,-0.2527704932008709,-0.2631271633315492,-0.06271000802607758,True
1264,0.7619047619047619,0.30158730158730157,-0.2575142688870925,-0.28486540739529087,-0.058852974188698566,True
1265,0.7777777777777777,0.30158730158730157,-0.26354819202784197,-0.3087798329581283,-0.05455735741346426,True
1266,0.7936507936507936,0.30158730158730157,-0.2701534367670965,-0.33453597494243,-0.04974263306973889,True
1267,0.8095238095238095,0.30158730158730157,-0.275138929778624,-0.3598597606542681,-0.044356776117594233,True
1268,0.8253968253968254,0.30158730158730157,-0.2752503508241081,-0.3804537943735286,-0.03847676712720849,True
1269,0.8412698412698412,0.30158730158730157,-0.26722022645455096,-0.3909563741214317,-0.03235087556433248,True
1270,0.8571428571428571,0.30158730158730157,-0.24790308300643943,-0.3846276332102731,-0.026383122849079108,True
1271,0.873015873015873,0.30158730158730157,-0.21497392509290963,-0.35429814290289274,-0.02116294232372011,True
1272,0.8888888888888888,0.30158730158730157,-0.1708742432718685,-0.299538136917072,-0.01735452440045893,True
1273,0.9047619047619047,0.30158730158730157,-0.12265387259822234,-0.22834661141724166,-0.015084565400983307,True
1274,0.9206349206349206,0.30158730158730157,-0.07801032101357651,-0.15282957525165178,-0.014119948455260897,True
1275,0.9365079365079365,0.30158730158730157,-0.04281026199898248,-0.08527549717725275,-0.013967948137417967,True
1276,0.9523809523809523,0.30158730158730157,-0.019386508512961798,-0.03429695591211601,-0.014180674635740359,True
1277,0.9682539682539681,0.30158730158730157,-0.006354424474864959,-0.0025589456282804697,-0.01446220609532804,True
1278,0.9841269841269841,0.30158730158730157,-0.0010192785522029101,0.008973767822241937,-0.0146824905220851,True
1279,1.0,0.30158730158730157,5.572391431305791e-08,5.7356324931086724e-06,-0.014779507677188606,True
1280,0.0,0.31746031746031744,-5.587361758382815e-08,-1.871485279756173e-05,-0.0004326906828987707,True
1281,0.015873015873015872,0.31746031746031744,-0.006469376919737485,0.07085878714258226,-0.0008496204058026691,True
1282,0.031746031746031744,0.31746031746031744,-0.021037913347231527,0.11529668468725367,-0.0012550879971681768,True
1283,0.047619047619047616,0.31746031746031744,-0.03923450972344787,0.14939835675318086,-0.0019065976271943187,True
1284,0.06349206349206349,0.31746031746031744,-0.05911485546404195,0.1820951844895347,-0.0029904314436589798,True
1285,0.07936507936507936,0.31746031746031744,-0.07984043897667382,0.2149625036629675,-0.004636002242275851,True
1286,0.09523809523809523,0.31746031746031744,-0.10072288518541785,0.2464208552220439,-0.0069470064539782165,True
1287,0.1111111111111111,0.31746031746031744,-0.12099440801845511,0.27435781854431845,-0.009983306142976597,True
1288,0.12698412698412698,0.31746031746031744,-0.13980581833887867,0.29686734166857204,-0.013752532474853764,True
1289,0.14285714285714285,0.31746031746031744,-0.15647116537424147,0.3127047334301394,-0.018177246632953475,True
1290,0.15873015873015872,0.31746031746031744,-0.17038465641139794,0.32115349910710506,-0.023134691879101107,True
1291,0.1746031746031746,0.31746031746031744,-0.18154698641795694,0.3227908213631324,-0.0284437726370992,True
1292,0.19047619047619047,0.31746031746031744,-0.1901435445522922,0.3186316721997213,-0.03393991313246289,True
1293,0.20634920634920634,0.31746031746031744,-0.19647983849518516,0.3097827831269759,-0.039458138728002655,True
1294,0.2222222222222222,0.31746031746031744,-0.200737159886384,0.2970461274349403,-0.044859612292092635,True
1295,0.23809523809523808,0.31746031746031744,-0.20332054925661608,0.2814914064796747,-0.05002657619649086,True
1296,0.25396825396825395,0.31746031746031744,-0.20480163072743285,0.2643238694946848,-0.054896093882934066,True
1297,0.2698412698412698,0.31746031746031744,-0.20570509890292626,0.24651704660563517,-0.05942712342481176,True
1298,0.2857142857142857,0.31746031746031744,-0.20643714813214217,0.22870230564378832,-0.06361020423138518,True
1299,0.30158730158730157,0.31746031746031744,-0.20720389155736535,0.2111659279360559,-0.06746495458527899,True
1300,0.31746031746031744,0.31746031746031744,-0.20809268373949466,0.1939856889635232,-0.07100809527938756,True
1301,0.3333333333333333,0.31746031746031744,-0.20914143501692914,0.1771520541483598,-0.07424641954802592,True
1302,0.3492063492063492,0.31746031746031744,-0.21032445482704132,0.16058619974090468,-0.07719695468660145,True
1303,0.36507936507936506,0.31746031746031744,-0.21159969657218744,0.14420325186920868,-0.07986417237568014,True
1304,0.38095238095238093,0.31746031746031744,-0.21292584525466557,0.12792035301574675,-0.08226576244442362,True
1305,0.3968253968253968,0.31746031746031744,-0.21425688939213142,0.11168043287864216,-0.08440170729949226,True
1306,0.4126984126984127,0.31746031746031744,-0.21556975617483165,0.09544034090578027,-0.08626378071332516,True
1307,0.42857142857142855,0.31746031746031744,-0.2168410438239475,0.07917157601413745,-0.08786355381914902,True
1308,0.4444444444444444,0.31746031746031744,-0.21806402022588742,0.06285300479703078,-0.08920223382603826,True
1309,0.4603174603174603,0.31746031746031744,-0.21922831280218583,0.04648267968687798,-0.09028223235463594,True
1310,0.47619047619047616,0.31746031746031744,-0.22033927097047282,0.030046286520217052,-0.09109607362969581,True
1311,0.49206349206349204,0.31746031746031744,-0.22139663004969945,0.013545452111315501,-0.09165222406059141,True
1312,0.5079365079365079,0.31746031746031744,-0.22240573341967604,-0.0030259907172465943,-0.09195052072816468,True
1313,0.5238095238095237,0.31746031746031744,-0.2233697496113153,-0.01966999651821693,-0.09199135063651444,True
1314,0.5396825396825397,0.31746031746031744,-0.22429452561731908,-0.03638582678125576,-0.09177919809652128,True
1315,0.5555555555555556,0.31746031746031744,-0.2251791348800488,-0.05316994654220247,-0.09131522499978474,True
1316,0.5714285714285714,0.31746031746031744,-0.22602525731489892,-0.07002011139323898,-0.09060301666703817,True
1317,0.5873015873015872,0.31746031746031744,-0.22682939921314096,-0.08693004538338785,-0.08964405198434862,True
1318,0.6031746031746031,0.31746031746031744,-0.22758820805212954,-0.10389079281132271,-0.08844335407979835,True
1319,0.6190476190476191,0.31746031746031744,-0.2282929191205229,-0.12088840040704323,-0.08699488214378732,True
1320,0.6349206349206349,0.31746031746031744,-0.22894284487475927,-0.13790948967038244,-0.0853154895453315,True
1321,0.6507936507936507,0.31746031746031744,-0.22953361307874773,-0.1549364235776463,-0.0833954781664568,True
1322,0.6666666666666666,0.31746031746031744,-0.23007972160448775,-0.17196217860464805,-0.08124390437089395,True
1323,0.6825396825396826,0.31746031746031744,-0.23061999872184252,-0.18899819617807942,-0.07885428685235796,True
1324,0.6984126984126984,0.31746031746031744,-0.23123826135246656,-0.20610269869765194,-0.07622745295465981,True
1325,0.7142857142857142,0.31746031746031744,-0.2320707827995346,-0.22340381326744657,-0.07336463018987491,True
1326,0.7301587301587301,0.31746031746031744,-0.23336214862573695,-0.24116828572898413,-0.07024728506817493,True
1327,0.746031746031746,0.31746031746031744,-0.23547846228864217,-0.25986677518152934,-0.06684522289848423,True
1328,0.7619047619047619,0.31746031746031744,-0.23874976677606344,-0.2800681661297162,-0.06313051178676829,True
1329,0.7777777777777777,0.31746031746031744,-0.24364576328482576,-0.3026545923333038,-0.05901784619131777,True
1330,0.7936507936507936,0.31746031746031744,-0.24987749683210558,-0.32780911120651846,-0.054441209226953814,True
1331,0.8095238095238095,0.31746031746031744,-0.2565452130197396,-0.35497405731429943,-0.049299469298505684,True
1332,0.8253968253968254,0.31746031746031744,-0.26101682155150985,-0.38103578585823666,-0.04355750355779048,True
1333,0.8412698412698412,0.31746031746031744,-0.2593159400963973,-0.4000257157088844,-0.03732603024330224,True
1334,0.8571428571428571,0.31746031746031744,-0.24846755175092114,-0.40620213551878837,-0.030968793558192858,True
1335,0.873015873015873,0.31746031746031744,-0.22456103035196714,-0.39000403636963943,-0.024948248848806698,True
1336,0.8888888888888888,0.31746031746031744,-0.18664572969872234,-0.3454249543449908,-0.020098422840585915,True
1337,0.9047619047619047,0.31746031746031744,-0.1400379114033406,-0.2766611686628623,-0.01689235119477027,True
1338,0.9206349206349206,0.31746031746031744,-0.09292333490681488,-0.19556606959860487,-0.015293885826599476,True
1339,0.9365079365079365,0.31746031746031744,-0.053122268541717796,-0.11728405327181489,-0.014841115232889482,True
1340,0.9523809523809523,0.31746031746031744,-0.02496146523765296,-0.0540810386424895,-0.014975724484357989,True
1341,0.9682539682539681,0.31746031746031744,-0.00862539620495382,-0.012403277747319353,-0.015285517489539128,True
1342,0.9841269841269841,0.31746031746031744,-0.0015186116079246215,0.005872885891030831,-0.015554928554041196,True
1343,1.0,0.31746031746031744,-1.3959210447786719e-08,-9.738577655592013e-07,-0.01569055778516609,True
1344,0.0,0.3333333333333333,-3.101446701726392e-08,3.4536513384797736e-05,-0.0021130699761405195,True
1345,0.015873015873015872,0.3333333333333333,-0.006279926486603168,0.08225291185016961,-0.002521920615591059,True
1346,0.031746031746031744,0.3333333333333333,-0.020536236381742186,0.13205857033278526,-0.002962764936527398,True
1347,0.047619047619047616,0.3333333333333333,-0.03834591430159121,0.16842278101829028,-0.003699207485942409,True
1348,0.06349206349206349,0.3333333333333333,-0.05764173979978895,0.20217176791387573,-0.004926428436220928,True
1349,0.07936507936507936,0.3333333333333333,-0.07746619469836241,0.23538952088330675,-0.006781219865834476,True
1350,0.09523809523809523,0.3333333333333333,-0.0971208472255778,0.26646595853580385,-0.009354691094169754,True
1351,0.1111111111111111,0.3333333333333333,-0.11582234855253727,0.29318312129743906,-0.012697129597808304,True
1352,0.12698412698412698,0.3333333333333333,-0.1328682620946804,0.3137857325414668,-0.016771714206092227,True
1353,0.14285714285714285,0.3333333333333333,-0.1475661368820165,0.3270242571920154,-0.02148908464881905,True
1354,0.15873015873015872,0.3333333333333333,-0.15963772440418586,0.3327990683105806,-0.026682150932887977,True
1355,0.1746031746031746,0.3333333333333333,-0.16911287064454722,0.3318438007884598,-0.03217661327931796,True
1356,0.19047619047619047,0.3333333333333333,-0.17631944793825033,0.32545149690157504,-0.03779239135311551,True
1357,0.20634920634920634,0.3333333333333333,-0.18139004148232532,0.3144347015322701,-0.043369271216027086,True
1358,0.2222222222222222,0.3333333333333333,-0.1847047190601637,0.2999660268979109,-0.04876841592983532,True
1359,0.23809523809523808,0.3333333333333333,-0.1867096221991395,0.283219500698273,-0.053898673573059754,True
1360,0.25396825396825395,0.3333333333333333,-0.18795699950719305,0.2653821023722692,-0.058699578921316456,True
1361,0.2698412698412698,0.3333333333333333,-0.18892059530040417,0.24735036445616868,-0.06315508605990983,True
1362,0.2857142857142857,0.3333333333333333,-0.18983715601170237,0.2295378052089006,-0.0672844507846862,True
1363,0.30158730158730157,0.3333333333333333,-0.19086504892924008,0.2121166995296209,-0.0710879236162815,True
1364,0.31746031746031744,0.3333333333333333,-0.19202871842901323,0.19509312709376175,-0.07458259776643339,True
1365,0.3333333333333333,0.3333333333333333,-0.19331972561546648,0.17838889203905933,-0.07779434622429734,True
1366,0.3492063492063492,0.3333333333333333,-0.1947167887274872,0.16192077170972893,-0.08072109109930926,True
1367,0.36507936507936506,0.3333333333333333,-0.19614511259932113,0.14558076712399787,-0.08338338488994924,True
1368,0.38095238095238093,0.3333333333333333,-0.19758746039573785,0.1293075163603229,-0.08577688125103286,True
1369,0.3968253968253968,0.3333333333333333,-0.19900449700435516,0.11304682306330442,-0.0879031909046796,True
1370,0.4126984126984127,0.3333333333333333,-0.20037989532287204,0.09676314742462894,-0.08977705162866888,True
1371,0.42857142857142855,0.3333333333333333,-0.20169984537745916,0.08044168215469294,-0.09138306973716898,True
1372,0.4444444444444444,0.3333333333333333,-0.2029630366147378,0.06406821621359343,-0.09272724428397104,True
1373,0.4603174603174603,0.3333333333333333,-0.2041683253481995,0.04764367297307374,-0.09381389038334846,True
1374,0.47619047619047616,0.3333333333333333,-0.20532838305336787,0.031152116604873888,-0.0946432602134979,True
1375,0.49206349206349204,0.3333333333333333,-0.2064331074214083,0.014608682746303666,-0.09521037028483864,True
1376,0.5079365079365079,0.3333333333333333,-0.20750767796863673,-0.0020083095002050963,-0.09552341245441626,True
1377,0.5238095238095237,0.3333333333333333,-0.2085375180009848,-0.018687802913586866,-0.09557700745497327,True
1378,0.5396825396825397,0.3333333333333333,-0.20954403684424616,-0.03543912767108603,-0.09538117248727941,True
1379,0.5555555555555556,0.3333333333333333,-0.21051445925252868,-0.052255278707412416,-0.09493406138677195,True
1380,0.5714285714285714,0.3333333333333333,-0.21146793451953702,-0.06914276937946172,-0.09423855293614579,True
1381,0.5873015873015872,0.3333333333333333,-0.21237698290982127,-0.08609000039664072,-0.09329114171001403,True
1382,0.6031746031746031,0.3333333333333333,-0.21325561547166189,-0.10309701954571622,-0.0921053609274167,True
1383,0.6190476190476191,0.3333333333333333,-0.21408757658957941,-0.12015137327960167,-0.09068024713483169,True
1384,0.6349206349206349,0.3333333333333333,-0.21485758238584968,-0.13723597472440072,-0.08900440192203385,True
1385,0.6507936507936507,0.3333333333333333,-0.215551998392093,-0.15432951787549581,-0.08709491790150665,True
1386,0.6666666666666666,0.3333333333333333,-0.2161680810330792,-0.17141370877515558,-0.084948201139859,True
1387,0.6825396825396826,0.3333333333333333,-0.2167106428944146,-0.18847663797061812,-0.0825707004350393,True
1388,0.6984126984126984,0.3333333333333333,-0.2172065860128812,-0.2055218415596902,-0.07995906665262996,True
1389,0.7142857142857142,0.3333333333333333,-0.21774881354369469,-0.22261958703933943,-0.07710844666223719,True
1390,0.7301587301587301,0.3333333333333333,-0.21850266868141288,-0.23994276217139723,-0.07401613331846005,True
1391,0.746031746031746,0.3333333333333333,-0.2196977834395841,-0.25778303177321504,-0.07068000626242418,True
1392,0.7619047619047619,0.3333333333333333,-0.22177354961852158,-0.27674883788452204,-0.06705619241274695,True
1393,0.7777777777777777,0.3333333333333333,-0.22525287282286097,-0.2977270801820764,-0.06309621094766765,True
1394,0.7936507936507936,0.3333333333333333,-0.2302840293353045,-0.3213751280953132,-0.05873851339915338,True
1395,0.8095238095238095,0.3333333333333333,-0.23681642554087348,-0.3482490577773227,-0.05385139579436412,True
1396,0.8253968253968254,0.3333333333333333,-0.24337689256469322,-0.37697225518806493,-0.048367399032488344,True
1397,0.8412698412698412,0.3333333333333333,-0.24661609508118737,-0.4029737744986594,-0.042261862602210626,True
1398,0.8571428571428571,0.3333333333333333,-0.242182370083759,-0.4186296232333425,-0.035719630126025546,True
1399,0.873015873015873,0.3333333333333333,-0.22710678805262896,-0.4170227101194379,-0.029230467679692965,True
1400,0.8888888888888888,0.3333333333333333,-0.19717352697726875,-0.3859892555515831,-0.023450602524891898,True
1401,0.9047619047619047,0.3333333333333333,-0.15477545574586118,-0.3244119552377106,-0.01922668582637679,True
1402,0.9206349206349206,0.3333333333333333,-0.107301512147027,-0.2414895427971786,-0.01684656682773325,True
1403,0.9365079365079365,0.3333333333333333,-0.06393720456553076,-0.1539562413963558,-0.015955065611061456,True
1404,0.9523809523809523,0.3333333333333333,-0.03126234232207053,-0.07824788458668856,-0.015943427333813476,True
1405,0.9682539682539681,0.3333333333333333,-0.01127107257246064,-0.024925778255840476,-0.01625960934506807,True
1406,0.9841269841269841,0.3333333333333333,-0.002118270239982146,0.0016317053639151747,-0.016579947864097996,True
1407,1.0,0.3333333333333333,-1.3333885057910633e-07,-5.9292803892053285e-06,-0.01675989435099727,True
1408,0.0,0.3492063492063492,-7.50814524274394e-08,-3.9235089557827645e-05,-0.004103232155806566,True
1409,0.015873015873015872,0.3492063492063492,-0.005898442909108916,0.09334470248169224,-0.0044947953013976085,True
1410,0.031746031746031744,0.3492063492063492,-0.01952543444651044,0.14830455580424995,-0.004967348670762463,True
1411,0.047619047619047616,0.3492063492063492,-0.03663448276365708,0.18682216639876967,-0.005782560044151237,True
1412,0.06349206349206349,0.3492063492063492,-0.055011471913479326,0.22138096177907213,-0.007155280219157497,True
1413,0.07936507936507936,0.3492063492063492,-0.07374513445942338,0.25465756711777865,-0.00919035725048215,True
1414,0.09523809523809523,0.3492063492063492,-0.09195774940320346,0.2850123057320388,-0.012003203629680307,True
1415,0.1111111111111111,0.3492063492063492,-0.10908152845578517,0.3103781381478553,-0.015589474170537814,True
1416,0.12698412698412698,0.3492063492063492,-0.12429239336884892,0.3288225349632845,-0.01992309590609153,True
1417,0.14285714285714285,0.3492063492063492,-0.13717142562388232,0.3395115405899425,-0.024861844995297647,True
1418,0.15873015873015872,0.3492063492063492,-0.14755417453115496,0.3426572225275357,-0.030228106045889446,True
1419,0.1746031746031746,0.3492063492063492,-0.15569032163294322,0.33951258177084226,-0.035837456830197595,True
1420,0.19047619047619047,0.3492063492063492,-0.16170480432833,0.33099109740285576,-0.0415098346537703,True
1421,0.20634920634920634,0.3492063492063492,-0.16586068441055798,0.3181994096070707,-0.04709234413623776,True
1422,0.2222222222222222,0.3492063492063492,-0.16850644895251296,0.30226997576628556,-0.05245368967272375,True
1423,0.23809523809523808,0.3492063492063492,-0.17020316929191537,0.28464910236709584,-0.05750956622770238,True
1424,0.25396825396825395,0.3492063492063492,-0.171437821015333,0.2664629299644442,-0.062244830344790704,True
1425,0.2698412698412698,0.3492063492063492,-0.1725515981749634,0.24836024270408302,-0.0666263461085028,True
1426,0.2857142857142857,0.3492063492063492,-0.17368642919875546,0.23061979996556398,-0.07069784051632741,True
1427,0.30158730158730157,0.3492063492063492,-0.17494731872402564,0.2133296486921596,-0.07445326897582906,True
1428,0.31746031746031744,0.3492063492063492,-0.1763318028238143,0.19643244238316815,-0.0779177312849647,True
1429,0.3333333333333333,0.3492063492063492,-0.17780024802665428,0.17982139673713704,-0.08110340331111754,True
1430,0.3492063492063492,0.3492063492063492,-0.1793198727035881,0.16339660703707726,-0.08401532161907502,True
1431,0.36507936507936506,0.3492063492063492,-0.18084591438715664,0.147065180109405,-0.08666939146476613,True
1432,0.38095238095238093,0.3492063492063492,-0.18235129117177426,0.13076718902349255,-0.08905970580066623,True
1433,0.3968253968253968,0.3492063492063492,-0.1838080014915772,0.11446037333988679,-0.0911860467825643,True
1434,0.4126984126984127,0.3492063492063492,-0.1852076262553248,0.09812194401735269,-0.0930518604336453,True
1435,0.42857142857142855,0.3492063492063492,-0.1865491928324592,0.08174418617325353,-0.09466666997623736,True
1436,0.4444444444444444,0.3492063492063492,-0.18783593404038068,0.0653150089691248,-0.09602533923791706,True
1437,0.4603174603174603,0.3492063492063492,-0.18906695201298426,0.04883779863681558,-0.09711070891958205,True
1438,0.47619047619047616,0.3492063492063492,-0.19025831492218867,0.03230523770984191,-0.09795067508049422,True
1439,0.49206349206349204,0.3492063492063492,-0.19141016994266427,0.015719027840993365,-0.09853138879724178,True
1440,0.5079365079365079,0.3492063492063492,-0.19253067437668922,-0.0009279559015485013,-0.09885019645846065,True
1441,0.5238095238095237,0.3492063492063492,-0.1936244026131705,-0.017635758690367927,-0.09892666187836115,True
1442,0.5396825396825397,0.3492063492063492,-0.19470076091846858,-0.034411768073718894,-0.09874235252233908,True
1443,0.5555555555555556,0.3492063492063492,-0.19575251141728123,-0.05125195179138334,-0.0983053181102049,True
1444,0.5714285714285714,0.3492063492063492,-0.1967952252706537,-0.06816245157991935,-0.09762236860333218,True
1445,0.5873015873015872,0.3492063492063492,-0.19780930944805733,-0.08513915773826793,-0.09669832398387593,True
1446,0.6031746031746031,0.3492063492063492,-0.19879617046318998,-0.10218052242676154,-0.09552158420143406,True
1447,0.6190476190476191,0.3492063492063492,-0.19974783614267583,-0.11927988430060132,-0.09410194755032919,True
1448,0.6349206349206349,0.3492063492063492,-0.2006616035915923,-0.13643132405713324,-0.09245230144961297,True
1449,0.6507936507936507,0.3492063492063492,-0.20149501305251571,-0.15360444922570396,-0.0905528295974253,True
1450,0.6666666666666666,0.3492063492063492,-0.20224403704251054,-0.17078218977608803,-0.08841881725212404,True
1451,0.6825396825396826,0.3492063492063492,-0.2028844216376592,-0.18793111842856014,-0.08604793624277933,True
1452,0.6984126984126984,0.3492063492063492,-0.20342488535654557,-0.20504033147899545,-0.08344483498357234,True
1453,0.7142857142857142,0.3492063492063492,-0.20388388599057505,-0.222107360524119,-0.08060889653861476,True
1454,0.7301587301587301,0.3492063492063492,-0.2043628713447811,-0.23922099918648773,-0.07754603978373084,True
1455,0.746031746031746,0.3492063492063492,-0.20506252597380475,-0.2566091587150297,-0.07423950422128062,True
1456,0.7619047619047619,0.3492063492063492,-0.20624684206747132,-0.2746545343107017,-0.07068806957147887,True
1457,0.7777777777777777,0.3492063492063492,-0.20842990674353434,-0.294148919237791,-0.06684768246556706,True
1458,0.7936507936507936,0.3492063492063492,-0.21215521066689594,-0.3161663225765512,-0.06265029304152771,True
1459,0.8095238095238095,0.3492063492063492,-0.2175607983342145,-0.3414891138212158,-0.05802940101400934,True
1460,0.8253968253968254,0.3492063492063492,-0.2243537588583676,-0.3704784584395843,-0.052823275870256134,True
1461,0.8412698412698412,0.3492063492063492,-0.23047239441104111,-0.4006917394014878,-0.04696540743804174,True
1462,0.8571428571428571,0.3492063492063492,-0.23127492965253088,-0.42464035798453037,-0.0404899514870866,True
1463,0.873015873015873,0.3492063492063492,-0.22314800361826356,-0.4346423594658197,-0.03375246129271962,True
1464,0.8888888888888888,0.3492063492063492,-0.20196875177642032,-0.419414543926898,-0.027305051353861444,True
1465,0.9047619047619047,0.3492063492063492,-0.1656636292380871,-0.3689384015779295,-0.022126399497779687,True
1466,0.9206349206349206,0.3492063492063492,-0.12018574187755061,-0.2888005169912883,-0.018822796178467202,True
1467,0.9365079365079365,0.3492063492063492,-0.0746798159512632,-0.19449391649753392,-0.017361723228692397,True
1468,0.9523809523809523,0.3492063492063492,-0.03793711240242944,-0.10638214819076687,-0.017111621131185965,True
1469,0.9682539682539681,0.3492063492063492,-0.014251641860574054,-0.04038187151524048,-0.01740377164433902,True
1470,0.9841269841269841,0.3492063492063492,-0.002831725380772451,-0.004010156087549937,-0.017778133717365373,True
1471,1.0,0.3492063492063492,2.747384015084311e-07,-9.769622984379147e-07,-0.018007203189927153,True
1472,0.0,0.36507936507936506,-3.515348839576807e-07,4.368802963130001e-06,-0.006358494225695397,True
1473,0.015873015873015872,0.36507936507936506,-0.005369978712080799,0.10353533302985568,-0.006730470961396504,True
1474,0.031746031746031744,0.36507936507936506,-0.01805944547082777,0.16370702573810592,-0.007225714834759889,True
1475,0.047619047619047616,0.36507936507936506,-0.03416438797193664,0.20432503285871143,-0.008115784769896153,True
1476,0.06349206349206349,0.36507936507936506,-0.05148589861547054,0.2394843830177615,-0.009598298721669755,True
1477,0.07936507936507936,0.36507936507936506,-0.0687844746555747,0.2725361303978279,-0.011812269353056192,True
1478,0.09523809523809523,0.36507936507936506,-0.08554015550107595,0.3020570502695043,-0.014807974000981805,True
1479,0.1111111111111111,0.36507936507936506,-0.10090074822113984,0.32572704991854523,-0.018613962996662948,True
1480,0.12698412698412698,0.36507936507936506,-0.11445345218931709,0.3420935183759671,-0.02313231644898557,True
1481,0.14285714285714285,0.36507936507936506,-0.12569232236719804,0.3503550234475614,-0.028225277275218626,True
1482,0.15873015873015872,0.36507936507936506,-0.13468077573594442,0.35123571361307926,-0.0336986806985088,True
1483,0.1746031746031746,0.36507936507936506,-0.14161015325523876,0.34596571812250376,-0.039368967425388326,True
1484,0.19047619047619047,0.36507936507936506,-0.14664627065775096,0.33551956115348885,-0.04505233522725301,True
1485,0.20634920634920634,0.36507936507936506,-0.15009259356181442,0.3211301688058615,-0.05059580364246097,True
1486,0.2222222222222222,0.36507936507936506,-0.15237870320606553,0.3042120236637124,-0.05589421104964053,True
1487,0.23809523809523808,0.36507936507936506,-0.15396978767932742,0.2860431545463531,-0.06088308190304609,True
1488,0.25396825396825395,0.36507936507936506,-0.15528773146137792,0.26765781995253607,-0.06552573501586773,True
1489,0.2698412698412698,0.36507936507936506,-0.1565533669749029,0.24955147305660433,-0.0698561571753156,True
1490,0.2857142857142857,0.36507936507936506,-0.1579007209301899,0.2319176139386541,-0.07386428561457399,True
1491,0.30158730158730157,0.36507936507936506,-0.15935158950809644,0.21474338455488878,-0.07757932701942467,True
1492,0.31746031746031744,0.36507936507936506,-0.16088253985895423,0.1979329823367842,-0.08101436672438686,True
1493,0.3333333333333333,0.36507936507936506,-0.16247017194117944,0.18137411427657296,-0.08417781563335662,True
1494,0.3492063492063492,0.36507936507936506,-0.1640671026890463,0.16495724807143342,-0.08707729105161957,True
1495,0.36507936507936506,0.36507936507936506,-0.16563563768779926,0.14860277739681763,-0.08971942103993075,True
1496,0.38095238095238093,0.36507936507936506,-0.1671593254209634,0.1322592577936053,-0.09210067990810285,True
1497,0.3968253968253968,0.36507936507936506,-0.16862591312538092,0.11589288789344906,-0.09423458622179393,True
1498,0.4126984126984127,0.36507936507936506,-0.1700325406501896,0.0994970826634429,-0.09610795748558128,True
1499,0.42857142857142855,0.36507936507936506,-0.1713798397701327,0.08306156205354367,-0.0977166073544951,True
1500,0.4444444444444444,0.36507936507936506,-0.17267745301509846,0.0665818410413562,-0.0990740550931982,True
1501,0.4603174603174603,0.36507936507936506,-0.17393163616929821,0.05005927325130223,-0.10018020275029935,True
1502,0.47619047619047616,0.36507936507936506,-0.17514922735633687,0.033489794355945145,-0.10101317149408522,True
1503,0.49206349206349204,0.36507936507936506,-0.17633586781213922,0.016875496271085425,-0.10159941904448869,True
1504,0.5079365079365079,0.36507936507936506,-0.1775045440950719,0.00020613472819579117,-0.10194535431310622,True
1505,0.5238095238095237,0.36507936507936506,-0.17865421979929744,-0.01652233049034978,-0.10202357379819561,True
1506,0.5396825396825397,0.36507936507936506,-0.1797925150880695,-0.03331250134553856,-0.10185262136445522,True
1507,0.5555555555555556,0.36507936507936506,-0.18092002551230218,-0.05016700681031129,-0.10143238915233486,True
1508,0.5714285714285714,0.36507936507936506,-0.1820382877630249,-0.06709012483064018,-0.1007598720109821,True
1509,0.5873015873015872,0.36507936507936506,-0.18314649639418107,-0.08408469955338103,-0.099847848138152,True
1510,0.6031746031746031,0.36507936507936506,-0.1842442075958947,-0.10115180235136023,-0.09868861960065498,True
1511,0.6190476190476191,0.36507936507936506,-0.18531587296518878,-0.11828813032756044,-0.0972815577981938,True
1512,0.6349206349206349,0.36507936507936506,-0.186348722664012,-0.1354863224476047,-0.09564562590561124,True
1513,0.6507936507936507,0.36507936507936506,-0.18732740923371527,-0.15273292781489825,-0.09376224445265376,True
1514,0.6666666666666666,0.36507936507936506,-0.18822961979602612,-0.17000645733625758,-0.09164212558715042,True
1515,0.6825396825396826,0.36507936507936506,-0.18902904101336093,-0.18727687165346632,-0.08928804172131015,True
1516,0.6984126984126984,0.36507936507936506,-0.18969554469595334,-0.20450236043023634,-0.08669113764354859,True
1517,0.7142857142857142,0.36507936507936506,-0.19022770035876302,-0.22166266925273326,-0.08387796619878936,True
1518,0.7301587301587301,0.36507936507936506,-0.19065669157570436,-0.238768300946696,-0.08083206096234512,True
1519,0.746031746031746,0.36507936507936506,-0.19108500919009427,-0.2559211224191188,-0.07756021521747286,True
1520,0.7619047619047619,0.36507936507936506,-0.191763949651022,-0.27343918837060366,-0.07405164188146265,True
1521,0.7777777777777777,0.36507936507936506,-0.1930112858891834,-0.291841717779279,-0.07029663890380203,True
1522,0.7936507936507936,0.36507936507936506,-0.19541746412010733,-0.31217039837608274,-0.06624482225645827,True
1523,0.8095238095238095,0.36507936507936506,-0.1996270721856994,-0.3358419724055511,-0.061802044676814265,True
1524,0.8253968253968254,0.36507936507936506,-0.2055502022413797,-0.36352496340076484,-0.05688361980581268,True
1525,0.8412698412698412,0.36507936507936506,-0.2124142700199164,-0.39490236048286126,-0.051330259323870454,True
1526,0.8571428571428571,0.36507936507936506,-0.21705130020957283,-0.4252613092429448,-0.04509834628208953,True
1527,0.873015873015873,0.36507936507936506,-0.21455699822712135,-0.44503378704857505,-0.03831572235703296,True
1528,0.8888888888888888,0.36507936507936506,-0.20104596652295906,-0.4444643962407414,-0.03150931703132581,True
1529,0.9047619047619047,0.36507936507936506,-0.17211248422482278,-0.4082605247092748,-0.02551517252688728,True
1530,0.9206349206349206,0.36507936507936506,-0.13061888555452278,-0.3353738469357829,-0.02128718624509415,True
1531,0.9365079365079365,0.36507936507936506,-0.08482663802208544,-0.23801035997949552,-0.019102903948343138,True
1532,0.9523809523809523,0.36507936507936506,-0.04494039593363028,-0.13898422489844023,-0.018528500460100787,True
1533,0.9682539682539681,0.36507936507936506,-0.01755709226171655,-0.05916708494069752,-0.01874780790576188,True
1534,0.9841269841269841,0.36507936507936506,-0.0036358193051018763,-0.011125572067829033,-0.01916122509895687,True
1535,1.0,0.36507936507936506,4.915436061370405e-07,7.553394507118525e-06,-0.01944688153893209,True
1536,0.0,0.38095238095238093,7.197076999976317e-07,4.8042089079047034e-05,-0.008823420891587502,True
1537,0.015873015873015872,0.38095238095238093,-0.004712085366143653,0.11272116583255995,-0.009163067023689006,True
1538,0.031746031746031744,0.38095238095238093,-0.01618087540477647,0.1780337122557111,-0.009675377080537183,True
1539,0.047619047619047616,0.38095238095238093,-0.03105069491230302,0.22067043087024305,-0.01062912180929663,True
1540,0.06349206349206349,0.38095238095238093,-0.04701434930100952,0.2562825843498876,-0.012220313791146313,True
1541,0.07936507936507936,0.38095238095238093,-0.06294596118581075,0.28898026826233075,-0.01455890683600712,True
1542,0.09523809523809523,0.38095238095238093,-0.07805810457653344,0.3174213276779778,-0.017715552660124763,True
1543,0.1111111111111111,0.38095238095238093,-0.09182957444569342,0.3395099521140962,-0.021670427797688085,True
1544,0.12698412698412698,0.38095238095238093,-0.1036585116263701,0.3536430168961592,-0.026331077173929136,True
1545,0.14285714285714285,0.38095238095238093,-0.11342973669317742,0.35968372310725666,-0.031519708466156156,True
1546,0.15873015873015872,0.38095238095238093,-0.12122596116123768,0.35860505450117885,-0.03705025739731881,True
1547,0.1746031746031746,0.38095238095238093,-0.12717831064063698,0.35146547376523407,-0.04272899962753746,True
1548,0.19047619047619047,0.38095238095238093,-0.13147535211304115,0.3394309769685871,-0.048386592438289924,True
1549,0.20634920634920634,0.38095238095238093,-0.13442790394173923,0.32378058920692293,-0.05387569466557366,True
1550,0.2222222222222222,0.38095238095238093,-0.1364705054830336,0.3060013737066651,-0.059090532321269894,True
1551,0.23809523809523808,0.38095238095238093,-0.13805626086740827,0.287471179278888,-0.06398931915567337,True
1552,0.25396825396825395,0.38095238095238093,-0.1394829561523701,0.2689908750711654,-0.06856795242654452,True
1553,0.2698412698412698,0.38095238095238093,-0.14091810380480682,0.2509379739227136,-0.07282485603410316,True
1554,0.2857142857142857,0.38095238095238093,-0.1424244801332,0.23339681995662379,-0.07678375967217713,True
1555,0.30158730158730157,0.38095238095238093,-0.14399765649163823,0.21629899937271632,-0.08046741596153832,True
1556,0.31746031746031744,0.38095238095238093,-0.1456296884900559,0.19954331690656252,-0.08387268942513015,True
1557,0.3333333333333333,0.38095238095238093,-0.1472713093305386,0.1829953661317111,-0.08701308750279466,True
1558,0.3492063492063492,0.38095238095238093,-0.14889300269120428,0.16655423371361516,-0.08990950062119031,True
1559,0.36507936507936506,0.38095238095238093,-0.1504708533424317,0.15015285542972062,-0.09254253657391338,True
1560,0.38095238095238093,0.38095238095238093,-0.15199141382399678,0.13375201658078617,-0.09491957166950786,True
1561,0.3968253968253968,0.38095238095238093,-0.1534495673109206,0.11732786225684864,-0.09703908632317668,True
1562,0.4126984126984127,0.38095238095238093,-0.15485004629491034,0.10087236039893335,-0.09891568611259485,True
1563,0.42857142857142855,0.38095238095238093,-0.1561982781970013,0.0843833180652906,-0.10053452059533888,True
1564,0.4444444444444444,0.38095238095238093,-0.15750279329129746,0.06785976443257083,-0.10188437496677061,True
1565,0.4603174603174603,0.38095238095238093,-0.15877157890964302,0.051304715681851944,-0.10298893543437294,True
1566,0.47619047619047616,0.38095238095238093,-0.16001748536018312,0.034708264676149625,-0.10384998773089278,True
1567,0.49206349206349204,0.38095238095238093,-0.1612406146650074,0.018072009888229355,-0.10444458631375005,True
1568,0.5079365079365079,0.38095238095238093,-0.16244774424454667,0.0013876827117991132,-0.10477558218948826,True
1569,0.5238095238095237,0.38095238095238093,-0.16364998305909575,-0.0153510114707499,-0.10487187928881758,True
1570,0.5396825396825397,0.38095238095238093,-0.16484853813497458,-0.032148112742072826,-0.10471577955437181,True
1571,0.5555555555555556,0.38095238095238093,-0.16604190152228573,-0.04900794938128429,-0.10430128536167312,True
1572,0.5714285714285714,0.38095238095238093,-0.16723849914070174,-0.06593589099484978,-0.10365014968597336,True
1573,0.5873015873015872,0.38095238095238093,-0.16842883336446385,-0.08293723019917189,-0.10274503064602997,True
1574,0.6031746031746031,0.38095238095238093,-0.16962027455986736,-0.10001650983410412,-0.1016003276510651,True
1575,0.6190476190476191,0.38095238095238093,-0.17079637961191171,-0.11717467376216358,-0.10021809930013958,True
1576,0.6349206349206349,0.38095238095238093,-0.17194595905386673,-0.13440765152402223,-0.09857970167816112,True
1577,0.6507936507936507,0.38095238095238093,-0.17307251389897357,-0.15171651936761268,-0.09672404318829067,True
1578,0.6666666666666666,0.38095238095238093,-0.1741232672049745,-0.16907120497424769,-0.09461337714217374,True
1579,0.6825396825396826,0.38095238095238093,-0.17508868172751035,-0.18645553660852596,-0.09228147933684966,True
1580,0.6984126984126984,0.38095238095238093,-0.1759226347056572,-0.20381914677713353,-0.08970246932621342,True
1581,0.7142857142857142,0.38095238095238093,-0.17660731833936788,-0.22112715646357717,-0.08690413397513265,True
1582,0.7301587301587301,0.38095238095238093,-0.17713589943496932,-0.23835062961075515,-0.08387372825390794,True
1583,0.746031746031746,0.38095238095238093,-0.1775457216466178,-0.2555129896218484,-0.08063185724607116,True
1584,0.7619047619047619,0.38095238095238093,-0.17796938801611337,-0.2727715198622979,-0.0771659068574022,True
1585,0.7777777777777777,0.38095238095238093,-0.1787158705523097,-0.29057836508827195,-0.07346551764253288,True
1586,0.7936507936507936,0.38095238095238093,-0.18020700830610117,-0.3096987251672171,-0.06951375747942297,True
1587,0.8095238095238095,0.38095238095238093,-0.18300313152273665,-0.3313520394314653,-0.06526015561334346,True
1588,0.8253968253968254,0.38095238095238093,-0.1877429646760166,-0.35722288449053413,-0.06058351581449597,True
1589,0.8412698412698412,0.38095238095238093,-0.1942087055656955,-0.38798126421554435,-0.05533298586153251,True
1590,0.8571428571428571,0.38095238095238093,-0.20062551825809646,-0.42149092664113635,-0.0494179261945285,True
1591,0.873015873015873,0.38095238095238093,-0.20254935530513438,-0.44964756874834816,-0.04280396466944275,True
1592,0.8888888888888888,0.38095238095238093,-0.19505921659916364,-0.46076331268243326,-0.0358635811271315,True
1593,0.9047619047619047,0.38095238095238093,-0.1740964447457465,-0.44126689989396256,-0.02928455901718567,True
1594,0.9206349206349206,0.38095238095238093,-0.13798747945244386,-0.3791988456912656,-0.024187881349832078,True
1595,0.9365079365079365,0.38095238095238093,-0.09366425670075208,-0.28301105353097256,-0.0212495907389808,True
1596,0.9523809523809523,0.38095238095238093,-0.051775480310466214,-0.1750569761140865,-0.020213202098366464,True
1597,0.9682539682539681,0.38095238095238093,-0.021022815644622463,-0.08118348071558092,-0.020301393948432868,True
1598,0.9841269841269841,0.38095238095238093,-0.004507807195369214,-0.019852801583040716,-0.020742965481592168,True
1599,1.0,0.38095238095238093,-8.047520562982422e-07,-1.2382908241352484e-05,-0.021093368377622858,True
1600,0.0,0.3968253968253968,3.1510337756684644e-07,4.021767648730783e-05,-0.011425121608408122,True
1601,0.015873015873015872,0.3968253968253968,-0.003931028108283452,0.12089565083331649,-0.011718879183789659,True
1602,0.031746031746031744,0.3968253968253968,-0.014013580258677502,0.1910206470573528,-0.01224098569563167,True
1603,0.047619047619047616,0.3968253968253968,-0.027411735325271892,0.2356509398633469,-0.013251024212293232,True
1604,0.06349206349206349,0.3968253968253968,-0.041899533134488305,0.27159136053267907,-0.014928578629200079,True
1605,0.07936507936507936,0.3968253968253968,-0.056238572682011496,0.30379610266989426,-0.017375730026487783,True
1606,0.09523809523809523,0.3968253968253968,-0.0697529334217059,0.3311424716159531,-0.02064575239122218,True
1607,0.1111111111111111,0.3968253968253968,-0.08187262063870582,0.35158303695107995,-0.02471078089211727,True
1608,0.12698412698412698,0.3968253968253968,-0.09225511971474519,0.36386004332723015,-0.029450954654415575,True
1609,0.14285714285714285,0.3968253968253968,-0.10070775698062755,0.3678613858354909,-0.034690446404113257,True
1610,0.15873015873015872,0.3968253968253968,-0.10741566411737274,0.3648651986799734,-0.040229852449776636,True
1611,0.1746031746031746,0.3968253968253968,-0.112570988751565,0.3561943715158988,-0.04589230191758625,True
1612,0.19047619047619047,0.3968253968253968,-0.11628433970806293,0.3427365194738067,-0.05148860249908654,True
1613,0.20634920634920634,0.3968253968253968,-0.11889247678082124,0.3260484515510235,-0.05689560966184328,True
1614,0.2222222222222222,0.3968253968253968,-0.12083719711834985,0.30771733547743146,-0.06201874766990414,True
1615,0.23809523809523808,0.3968253968253968,-0.12247033738709748,0.28898362820136253,-0.06684031809110931,True
1616,0.25396825396825395,0.3968253968253968,-0.12400149148716351,0.2704617594745805,-0.07135130100110784,True
1617,0.2698412698412698,0.3968253968253968,-0.12555784329440003,0.25246044300726367,-0.07554976457799606,True
1618,0.2857142857142857,0.3968253968253968,-0.12716935227185666,0.23498599687888697,-0.07946485126866787,True
1619,0.30158730158730157,0.3968253968253968,-0.1288274554603781,0.21794480110303993,-0.08310876760363435,True
1620,0.31746031746031744,0.3968253968253968,-0.13050056612881386,0.20120195259044077,-0.08649212468577078,True
1621,0.3333333333333333,0.3968253968253968,-0.13215861716848626,0.18463466797406358,-0.08962600741871755,True
1622,0.3492063492063492,0.3968253968253968,-0.13377779945425738,0.1681539328384403,-0.09249209529513615,True
1623,0.36507936507936506,0.3968253968253968,-0.1353387638632522,0.15169460265796605,-0.09512442253244781,True
1624,0.38095238095238093,0.3968253968253968,-0.13683776596024413,0.13522896979067542,-0.09749364346942789,True
1625,0.3968253968253968,0.3968253968253968,-0.1382782880135314,0.11874501315529279,-0.0996168325565194,True
1626,0.4126984126984127,0.3968253968253968,-0.1396668217205296,0.10224034843145137,-0.101484420220311,True
1627,0.42857142857142855,0.3968253968253968,-0.141011082261168,0.0857068727706852,-0.1030956938672138,True
1628,0.4444444444444444,0.3968253968253968,-0.14232228702785993,0.06915249850703861,-0.10446624986038902,True
1629,0.4603174603174603,0.3968253968253968,-0.14360663048137468,0.05256914311813621,-0.10556970535502623,True
1630,0.47619047619047616,0.3968253968253968,-0.14487462236786347,0.035955205153818684,-0.10642166382575752,True
1631,0.49206349206349204,0.3968253968253968,-0.14613278616508982,0.01930658086233461,-0.10702316879156823,True
1632,0.5079365079365079,0.3968253968253968,-0.14738325892233847,0.00261549489437934,-0.10737372366280637,True
1633,0.5238095238095237,0.3968253968253968,-0.14863162859336224,-0.01412570657600778,-0.10747133914078795,True
1634,0.5396825396825397,0.3968253968253968,-0.14988880153614215,-0.030922222338828725,-0.10731547195653765,True
1635,0.5555555555555556,0.3968253968253968,-0.15114587170616023,-0.047779232151132965,-0.10692744392370959,True
1636,0.5714285714285714,0.3968253968253968,-0.15241096216510153,-0.06470448092702652,-0.10628091670920843,True
1637,0.5873015873015872,0.3968253968253968,-0.15368241773992383,-0.08170423275682052,-0.10539230311678012,True
1638,0.6031746031746031,0.3968253968253968,-0.15495711264579606,-0.09878566418744458,-0.10425524006873212,True
1639,0.6190476190476191,0.3968253968253968,-0.15623789336449267,-0.11595311012141853,-0.10288445933063095,True
1640,0.6349206349206349,0.3968253968253968,-0.1575032464837426,-0.13321026940434252,-0.10127221859718458,True
1641,0.6507936507936507,0.3968253968253968,-0.15874209300454434,-0.15055274792969536,-0.09942076638216153,True
1642,0.6666666666666666,0.3968253968253968,-0.15994819547104092,-0.1679793034551624,-0.09734301209829828,True
1643,0.6825396825396826,0.3968253968253968,-0.16107458642917538,-0.185457279691297,-0.09501561707587235,True
1644,0.6984126984126984,0.3968253968253968,-0.16209777262440878,-0.20296266620326103,-0.0924702525855537,True
1645,0.7142857142857142,0.3968253968253968,-0.1629766430820269,-0.22043959733422605,-0.08968194202038443,True
1646,0.7301587301587301,0.3968253968253968,-0.16366924492067528,-0.23783352405478425,-0.0866863238250404,True
1647,0.746031746031746,0.3968253968253968,-0.16417897106072551,-0.2551113778635681,-0.0834637673067025,True
1648,0.7619047619047619,0.3968253968253968,-0.16457486434832838,-0.27234404096791504,-0.0800346718228356,True
1649,0.7777777777777777,0.3968253968253968,-0.16502517863581587,-0.289771651136789,-0.07639029916775149,True
1650,0.7936507936507936,0.3968253968253968,-0.16588412357904714,-0.3080082703765232,-0.07252636678605794,True
1651,0.8095238095238095,0.3968253968253968,-0.16777126419121205,-0.3282815584554528,-0.0683881809014983,True
1652,0.8253968253968254,0.3968253968253968,-0.17126896544554102,-0.35215666610492585,-0.06391534558986724,True
1653,0.8412698412698412,0.3968253968253968,-0.17671732913160917,-0.38119810637947604,-0.05898120726583449,True
1654,0.8571428571428571,0.3968253968253968,-0.18346034264817265,-0.41541991599056427,-0.0533795345233063,True
1655,0.873015873015873,0.3968253968253968,-0.1883792476682552,-0.44957320465178063,-0.04706947242685243,True
1656,0.8888888888888888,0.3968253968253968,-0.18590560882104099,-0.47109493567984817,-0.04016570306186045,True
1657,0.9047619047619047,0.3968253968253968,-0.171921183748844,-0.4673274701442322,-0.03330270351518772,True
1658,0.9206349206349206,0.3968253968253968,-0.14212857804033827,-0.41910868818024727,-0.027458916752871657,True
1659,0.9365079365079365,0.3968253968253968,-0.1007533671657392,-0.32782707329328387,-0.02371979774371109,True
1660,0.9523809523809523,0.3968253968253968,-0.05798495468460891,-0.21341160724592514,-0.02217616196215653,True
1661,0.9682539682539681,0.3968253968253968,-0.0244285319528283,-0.10584737525815446,-0.02208259613335535,True
1662,0.9841269841269841,0.3968253968253968,-0.0054726686250814414,-0.03057365015316496,-0.022534998461101876,True
1663,1.0,0.3968253968253968,-4.022529105429523e-07,-4.427847342706772e-05,-0.02295247810489229,True
1664,0.0,0.4126984126984127,-8.442201816765022e-07,-4.6624043856048675e-05,-0.014085377979795238,True
1665,0.015873015873015872,0.4126984126984127,-0.0030716101175754236,0.12771931552220253,-0.014334057941703383,True
1666,0.031746031746031744,0.4126984126984127,-0.011581841142776229,0.20241747901421622,-0.01485822260420535,True
1667,0.047619047619047616,0.4126984126984127,-0.023326017958348037,0.2490869451976678,-0.015910304322857134,True
1668,0.06349206349206349,0.4126984126984127,-0.03624698566901105,0.28541539163302077,-0.017648060430043133,True
1669,0.07936507936507936,0.4126984126984127,-0.048975684744835886,0.3170261313425369,-0.020175575423905443,True
1670,0.09523809523809523,0.4126984126984127,-0.06084464860552429,0.34325926480476776,-0.02352614333922375,True
1671,0.1111111111111111,0.4126984126984127,-0.07142634346376678,0.36215215739857204,-0.027657996293328182,True
1672,0.12698412698412698,0.4126984126984127,-0.0803877622395221,0.37259231982743546,-0.032440034208278214,True
1673,0.14285714285714285,0.4126984126984127,-0.0877053816976212,0.37493122126032224,-0.03768729544708631,True
1674,0.15873015873015872,0.4126984126984127,-0.09353151505229906,0.37046014271109,-0.04320911359669484,True
1675,0.1746031746031746,0.4126984126984127,-0.09795731934017117,0.3602612524702585,-0.048817407690613095,True
1676,0.19047619047619047,0.4126984126984127,-0.10119775344898345,0.3455895060819376,-0.05433460069036111,True
1677,0.20634920634920634,0.4126984126984127,-0.10360080633552492,0.32818603345661007,-0.05966041396027663,True
1678,0.2222222222222222,0.4126984126984127,-0.105498424871019,0.309473763547619,-0.06469985825290978,True
1679,0.23809523809523808,0.4126984126984127,-0.10717210963367513,0.29056960212084526,-0.06944534240712205,True
1680,0.25396825396825395,0.4126984126984127,-0.10879504994242449,0.272045522861974,-0.07387916655587261,True
1681,0.2698412698412698,0.4126984126984127,-0.11043372737976677,0.2540794902430209,-0.07802742059163341,True
1682,0.2857142857142857,0.4126984126984127,-0.11210648985634511,0.23665017296175483,-0.0818988831055317,True
1683,0.30158730158730157,0.4126984126984127,-0.1137945505457724,0.21962773950136585,-0.0855113328352985,True
1684,0.31746031746031744,0.4126984126984127,-0.11547231868964355,0.20287243848610198,-0.08887606567981024,True
1685,0.3333333333333333,0.4126984126984127,-0.1171141661695464,0.18626674753199624,-0.09198342492688669,True
1686,0.3492063492063492,0.4126984126984127,-0.11870341764324499,0.16972840292131078,-0.09484889833747122,True
1687,0.36507936507936506,0.4126984126984127,-0.12023146826157226,0.1532073058656135,-0.09746024461398957,True
1688,0.38095238095238093,0.4126984126984127,-0.1217018937470831,0.13668601883185508,-0.09982735604654573,True
1689,0.3968253968253968,0.4126984126984127,-0.12311837278712541,0.1201498798745484,-0.10194601910293259,True
1690,0.4126984126984127,0.4126984126984127,-0.12448944683409158,0.10359801105732504,-0.10381045845754744,True
1691,0.42857142857142855,0.4126984126984127,-0.12582769224728382,0.08703277093977661,-0.10542637967282596,True
1692,0.4444444444444444,0.4126984126984127,-0.1271417399518084,0.07045253760260463,-0.1067921107151664,True
1693,0.4603174603174603,0.4126984126984127,-0.1284406934130166,0.053852908578140034,-0.10789627946014006,True
1694,0.47619047619047616,0.4126984126984127,-0.12973161817250917,0.037229898189194296,-0.10874949778292434,True
1695,0.49206349206349204,0.4126984126984127,-0.13101921281998072,0.02057774564682036,-0.10936168645104667,True
1696,0.5079365079365079,0.4126984126984127,-0.1323084050566004,0.003888038516435353,-0.10972024602770253,True
1697,0.5238095238095237,0.4126984126984127,-0.133607434488089,-0.012847979413704861,-0.10982132388253113,True
1698,0.5396825396825397,0.4126984126984127,-0.13491217665949184,-0.02963793402416701,-0.1096724183158428,True
1699,0.5555555555555556,0.4126984126984127,-0.13623521311613956,-0.0464847360804167,-0.1092926288390185,True
1700,0.5714285714285714,0.4126984126984127,-0.13757137577331785,-0.06339886798657182,-0.10865351180200984,True
1701,0.5873015873015872,0.4126984126984127,-0.13892194694814963,-0.08038864183748272,-0.10777019704846157,True
1702,0.6031746031746031,0.4126984126984127,-0.14028112111052826,-0.09746286949921198,-0.10665972573412777,True
1703,0.6190476190476191,0.4126984126984127,-0.1416481070647575,-0.11462903917468875,-0.10529571034662216,True
1704,0.6349206349206349,0.4126984126984127,-0.14302323142644305,-0.13189493458876955,-0.10369924034601516,True
1705,0.6507936507936507,0.4126984126984127,-0.14438905882128714,-0.14926324665093244,-0.10186840941590053,True
1706,0.6666666666666666,0.4126984126984127,-0.14572641684420626,-0.16673223639856216,-0.09980392752561722,True
1707,0.6825396825396826,0.4126984126984127,-0.1470149397653866,-0.1842887601984556,-0.09749756436603069,True
1708,0.6984126984126984,0.4126984126984127,-0.14822203176496304,-0.20191060236412964,-0.09497529596013916,True
1709,0.7142857142857142,0.4126984126984127,-0.14929755149084875,-0.21954386733246076,-0.09221579545067254,True
1710,0.7301587301587301,0.4126984126984127,-0.15020181717608727,-0.23713103082065784,-0.08924378426409624,True
1711,0.746031746031746,0.4126984126984127,-0.15090480333756723,-0.2546113776726012,-0.08605760648381673,True
1712,0.7619047619047619,0.4126984126984127,-0.1514035052010415,-0.27195078462853467,-0.08265410324895782,True
1713,0.7777777777777777,0.4126984126984127,-0.15181763070288742,-0.28930334642469085,-0.07905956311384099,True
1714,0.7936507936507936,0.4126984126984127,-0.15237437934820214,-0.3070620011403745,-0.07526301703020105,True
1715,0.8095238095238095,0.4126984126984127,-0.15356496074570608,-0.32620465407308835,-0.07123482119380502,True
1716,0.8253968253968254,0.4126984126984127,-0.15595707488360444,-0.34817549448203644,-0.06694395878169306,True
1717,0.8412698412698412,0.4126984126984127,-0.16035751368985007,-0.3753262644175369,-0.06224413894906422,True
1718,0.8571428571428571,0.4126984126984127,-0.1665661929829673,-0.40861453401319175,-0.056989726716304055,True
1719,0.873015873015873,0.4126984126984127,-0.17282720020102507,-0.4457546950530073,-0.051047643761376,True
1720,0.8888888888888888,0.4126984126984127,-0.17445895898025934,-0.4765634906794959,-0.04436498832986913,True
1721,0.9047619047619047,0.4126984126984127,-0.1658220057707095,-0.48514811115144796,-0.03740666978618384,True
1722,0.9206349206349206,0.4126984126984127,-0.1428806091535389,-0.4536057899699075,-0.031043191498519772,True
1723,0.9365079365079365,0.4126984126984127,-0.10568341621904614,-0.3710874734970015,-0.026560762328514922,True
1724,0.9523809523809523,0.4126984126984127,-0.06340876278410136,-0.2537510484270686,-0.024443871580728062,True
1725,0.9682539682539681,0.4126984126984127,-0.027856731960073815,-0.13413347150136704,-0.0240979551792084,True
1726,0.9841269841269841,0.4126984126984127,-0.006441553566803495,-0.042927870588810375,-0.02453545801691202,True
1727,1.0,0.4126984126984127,7.884982690066937e-07,5.54081665921113e-05,-0.02501391323741948,True
1728,0.0,0.42857142857142855,3.4337197349290715e-07,2.6924674727004762e-05,-0.016735242190040567,True
1729,0.015873015873015872,0.42857142857142855,-0.0021890408867540657,0.13288053254706486,-0.016931647252305223,True
1730,0.031746031746031744,0.42857142857142855,-0.008967092759015093,0.21201315040541566,-0.01744942464314108,True
1731,0.047619047619047616,0.42857142857142855,-0.018972488754044822,0.2609144962482712,-0.01852838781809757,True
1732,0.06349206349206349,0.42857142857142855,-0.03019775993608115,0.29757499812391297,-0.0203145113099279,True
1733,0.07936507936507936,0.42857142857142855,-0.04123232222204042,0.3286023072422972,-0.022895295722931655,True
1734,0.09523809523809523,0.42857142857142855,-0.05154783860907543,0.35373445250660407,-0.026293826050111685,True
1735,0.1111111111111111,0.42857142857142855,-0.06060508679877454,0.3711693984272038,-0.03045615549474658,True
1736,0.12698412698412698,0.42857142857142855,-0.06827007018067663,0.3800417055023294,-0.0352424286884883,True
1737,0.14285714285714285,0.42857142857142855,-0.07455911664584658,0.3810069543659635,-0.04047125143617442,True
1738,0.15873015873015872,0.42857142857142855,-0.07957795986246083,0.3752037933842264,-0.04594786853329061,True
1739,0.1746031746031746,0.42857142857142855,-0.08344731557390479,0.36383200058005216,-0.05148818726986025,True
1740,0.19047619047619047,0.42857142857142855,-0.08633635092835189,0.34826461792919805,-0.056927253089659104,True
1741,0.20634920634920634,0.42857142857142855,-0.08856674927651435,0.3302283306110842,-0.06215689083413003,True
1742,0.2222222222222222,0.42857142857142855,-0.09043657956382953,0.3112187860871286,-0.06710894911047754,True
1743,0.23809523809523808,0.42857142857142855,-0.09215209100447036,0.29222616993969,-0.07177488166743429,True
1744,0.25396825396825395,0.42857142857142855,-0.09382476349266503,0.2736933108002521,-0.07615040224723259,True
1745,0.2698412698412698,0.42857142857142855,-0.09550298030433294,0.2557539438100643,-0.08024931840418745,True
1746,0.2857142857142857,0.42857142857142855,-0.09719030908095037,0.23833619936925113,-0.08408757658551196,True
1747,0.30158730158730157,0.42857142857142855,-0.09887105232261972,0.22130692554614423,-0.08766365541505708,True
1748,0.31746031746031744,0.42857142857142855,-0.10051993604149252,0.20451805900258108,-0.09100705463053063,True
1749,0.3333333333333333,0.42857142857142855,-0.10212256325631858,0.18786300681529033,-0.09410152858444605,True
1750,0.3492063492063492,0.42857142857142855,-0.10366674217929621,0.17126536908091883,-0.09695173875564474,True
1751,0.36507936507936506,0.42857142857142855,-0.10515209393264796,0.1546867300370262,-0.09955956843491032,True
1752,0.38095238095238093,0.42857142857142855,-0.10658290479369975,0.1381092130510555,-0.10192092518923908,True
1753,0.3968253968253968,0.42857142857142855,-0.10796990566976601,0.12152919769894341,-0.10402333515943094,True
1754,0.4126984126984127,0.42857142857142855,-0.10932050618691024,0.10494325551159601,-0.1058907083916783,True
1755,0.42857142857142855,0.42857142857142855,-0.11064939904301051,0.08835521593423919,-0.1075076704691478,True
1756,0.4444444444444444,0.42857142857142855,-0.11196379491666766,0.0717599896721383,-0.1088642222769426,True
1757,0.4603174603174603,0.42857142857142855,-0.11327239479910574,0.05515357281639285,-0.1099766122228762,True
1758,0.47619047619047616,0.42857142857142855,-0.11458193633820025,0.0385304043049423,-0.1108379476773759,True
1759,0.49206349206349204,0.42857142857142855,-0.11589855100281087,0.02188285886658362,-0.11144775394402305,True
1760,0.5079365079365079,0.42857142857142855,-0.11722766278079695,0.005203520213440452,-0.11180759286781208,True
1761,0.5238095238095237,0.42857142857142855,-0.1185702116210281,-0.011520839958675635,-0.11191832707017532,True
1762,0.5396825396825397,0.42857142857142855,-0.11993219973588737,-0.02829418010918778,-0.1117852498163962,True
1763,0.5555555555555556,0.42857142857142855,-0.12131443346807423,-0.04512454832597817,-0.11139804344916951,True
1764,0.5714285714285714,0.42857142857142855,-0.12272140278107836,-0.06201972357900153,-0.11077102584134808,True
1765,0.5873015873015872,0.42857142857142855,-0.12413956093301254,-0.07899414756963799,-0.1098993572582223,True
1766,0.6031746031746031,0.42857142857142855,-0.1255914565976231,-0.0960509900665935,-0.10879844485525657,True
1767,0.6190476190476191,0.42857142857142855,-0.12705875856140264,-0.11320534015028737,-0.10744632862372348,True
1768,0.6349206349206349,0.42857142857142855,-0.12854040980434633,-0.13046700588040064,-0.10585961914234866,True
1769,0.6507936507936507,0.42857142857142855,-0.13001712552006625,-0.14784459317028192,-0.10405292287689763,True
1770,0.6666666666666666,0.42857142857142855,-0.13149374896787605,-0.1653411300515449,-0.10199587830191797,True
1771,0.6825396825396826,0.42857142857142855,-0.13293323184988304,-0.18295408833859692,-0.0997252627831917,True
1772,0.6984126984126984,0.42857142857142855,-0.13431506447558866,-0.20066439075091327,-0.09721330908657747,True
1773,0.7142857142857142,0.42857142857142855,-0.13558801837338597,-0.21843290801080167,-0.0944858000708638,True
1774,0.7301587301587301,0.42857142857142855,-0.1367210175545042,-0.23620815343873808,-0.09154382018530702,True
1775,0.746031746031746,0.42857142857142855,-0.1376507471126579,-0.2539037370266423,-0.08839104348283941,True
1776,0.7619047619047619,0.42857142857142855,-0.13836545971489342,-0.2714585934134371,-0.08502833879648149,True
1777,0.7777777777777777,0.42857142857142855,-0.138871987343205,-0.28888146693476696,-0.08148141348931587,True
1778,0.7936507936507936,0.42857142857142855,-0.1393475142731474,-0.3064348596032449,-0.07774298499673075,True
1779,0.8095238095238095,0.42857142857142855,-0.1401264899629941,-0.3248031649499166,-0.07381130387797645,True
1780,0.8253968253968254,0.42857142857142855,-0.14179247927269176,-0.3453856405017654,-0.06965223990679038,True
1781,0.8412698412698412,0.42857142857142855,-0.14508784136806233,-0.3703783155662551,-0.06517928786907727,True
1782,0.8571428571428571,0.42857142857142855,-0.1504830506920555,-0.402046271886235,-0.06023424638751064,True
1783,0.873015873015873,0.42857142857142855,-0.1569432785751372,-0.43979816882221723,-0.05463334115365402,True
1784,0.8888888888888888,0.42857142857142855,-0.16130898257581983,-0.4773069464356191,-0.04831341280342402,True
1785,0.9047619047619047,0.42857142857142855,-0.15735114095950578,-0.4973672699605556,-0.04143724089336735,True
1786,0.9206349206349206,0.42857142857142855,-0.14032011462092167,-0.48141540449867853,-0.03482365480586869,True
1787,0.9365079365079365,0.42857142857142855,-0.10813471332008355,-0.41095670481885616,-0.0297147610528336,True
1788,0.9523809523809523,0.42857142857142855,-0.06769140920035817,-0.29469279191690173,-0.02699693306280909,True
1789,0.9682539682539681,0.42857142857142855,-0.030879911374943374,-0.16414404838076235,-0.026332462009649695,True
1790,0.9841269841269841,0.42857142857142855,-0.007439158092849373,-0.057445131213067976,-0.02672813282673425,True
1791,1.0,0.42857142857142855,-1.175808574250379e-06,6.842838492189499e-05,-0.02726139425545384,True
1792,0.0,0.4444444444444444,-2.6128022281132673e-07,5.154392411336187e-06,-0.019300197013189573,True
1793,0.015873015873015872,0.4444444444444444,-0.0012762490637770617,0.13658404593711787,-0.019441263379146954,True
1794,0.031746031746031744,0.4444444444444444,-0.006245682963758448,0.21988826822755633,-0.01994728941446801,True
1795,0.047619047619047616,0.4444444444444444,-0.01440188736430033,0.2709155373145795,-0.021042489214895276,True
1796,0.06349206349206349,0.4444444444444444,-0.023817132115198866,0.30801126466505113,-0.02285898335014878,True
1797,0.07936507936507936,0.4444444444444444,-0.03326129529532772,0.3385223442838979,-0.025467214612811418,True
1798,0.09523809523809523,0.4444444444444444,-0.0419270399726876,0.36267213726776515,-0.028887721121637205,True
1799,0.1111111111111111,0.4444444444444444,-0.04959613333479679,0.3789869816408392,-0.03305547236099187,True
1800,0.12698412698412698,0.4444444444444444,-0.056067296512163585,0.3865489035471997,-0.037823476441045306,True
1801,0.14285714285714285,0.4444444444444444,-0.061403929171148126,0.3862365753457357,-0.043008446304505246,True
1802,0.15873015873015872,0.4444444444444444,-0.06570515116932897,0.3792827181357388,-0.048419141550041206,True
1803,0.1746031746031746,0.4444444444444444,-0.06905564231175397,0.36691287973775455,-0.05387815014680406,True
1804,0.19047619047619047,0.4444444444444444,-0.07167412350079272,0.35066079305571957,-0.05923394695876048,True
1805,0.20634920634920634,0.4444444444444444,-0.07378747651649355,0.3321988361342826,-0.06437637582970612,True
1806,0.2222222222222222,0.4444444444444444,-0.07563304334706829,0.31299431407490863,-0.06925258714143719,True
1807,0.23809523809523808,0.4444444444444444,-0.07736003835065211,0.2939183378227916,-0.07384760827373126,True
1808,0.25396825396825395,0.4444444444444444,-0.07905024097461169,0.27537534631714994,-0.07816464574871052,True
1809,0.2698412698412698,0.4444444444444444,-0.0807300297470327,0.2574359841366581,-0.08221804170060985,True
1810,0.2857142857142857,0.4444444444444444,-0.08239818699610571,0.24001427286617302,-0.08600991326384046,True
1811,0.30158730158730157,0.4444444444444444,-0.08403859254079023,0.22295196979436352,-0.0895770796672796,True
1812,0.31746031746031744,0.4444444444444444,-0.0856386867281734,0.2061218874254104,-0.09289121430374345,True
1813,0.3333333333333333,0.4444444444444444,-0.08717926865224236,0.18940765016578712,-0.09596989539710697,True
1814,0.3492063492063492,0.4444444444444444,-0.08866459218968377,0.17275128097278544,-0.09880753717067291,True
1815,0.36507936507936506,0.4444444444444444,-0.09009624536986759,0.15611814917340322,-0.10140417925493021,True
1816,0.38095238095238093,0.4444444444444444,-0.09147982663769552,0.13949342414789082,-0.10375078765298647,True
1817,0.3968253968253968,0.4444444444444444,-0.09283284219154969,0.12288045303280297,-0.10586555277360966,True
1818,0.4126984126984127,0.4444444444444444,-0.09415968613668524,0.10627205374183432,-0.10772403671917746,True
1819,0.42857142857142855,0.4444444444444444,-0.09547368854308191,0.08967038860124076,-0.10933545943464977,True
1820,0.4444444444444444,0.4444444444444444,-0.09678382583379774,0.07307051372996695,-0.11069522982658302,True
1821,0.4603174603174603,0.4444444444444444,-0.09809873669287916,0.05646705641923064,-0.11180825524414699,True
1822,0.47619047619047616,0.4444444444444444,-0.09942536538475759,0.039853844604345226,-0.11267481483710019,True
1823,0.49206349206349204,0.4444444444444444,-0.10076568661348102,0.023219196949651664,-0.1132777991729063,True
1824,0.5079365079365079,0.4444444444444444,-0.10213113348838576,0.00655937779983846,-0.11364219427186965,True
1825,0.5238095238095237,0.4444444444444444,-0.10351422694985225,-0.010145633513633302,-0.11376202367133541,True
1826,0.5396825396825397,0.4444444444444444,-0.10493268833049968,-0.02689295876441977,-0.11363279463170978,True
1827,0.5555555555555556,0.4444444444444444,-0.1063703108605894,-0.043700796289906384,-0.11324935756909653,True
1828,0.5714285714285714,0.4444444444444444,-0.10785044038627861,-0.06056762513707097,-0.11263700361583277,True
1829,0.5873015873015872,0.4444444444444444,-0.10935083549257173,-0.07751551113425212,-0.11177280065332236,True
1830,0.6031746031746031,0.4444444444444444,-0.11089345454164225,-0.09454597008840517,-0.11067018792552702,True
1831,0.6190476190476191,0.4444444444444444,-0.11245282160111078,-0.11168062248562682,-0.10933488853937703,True
1832,0.6349206349206349,0.4444444444444444,-0.11403900469340834,-0.12892739617191393,-0.10777001236467187,True
1833,0.6507936507936507,0.4444444444444444,-0.11564107400837806,-0.14629943174209098,-0.10596002047782753,True
1834,0.6666666666666666,0.4444444444444444,-0.11725098645405217,-0.16380722124312963,-0.10393354445368001,True
1835,0.6825396825396826,0.4444444444444444,-0.11884390006019796,-0.1814539047406177,-0.10167763690022753,True
1836,0.6984126984126984,0.4444444444444444,-0.12040370298816444,-0.19923255626572106,-0.09919219118568597,True
1837,0.7142857142857142,0.4444444444444444,-0.12187635088771266,-0.21711047923863172,-0.096490349264443,True
1838,0.7301587301587301,0.4444444444444444,-0.12323968278859997,-0.2350517475236944,-0.09357885466150491,True
1839,0.746031746031746,0.4444444444444444,-0.12442300298793403,-0.2529588992543614,-0.09045484704708573,True
1840,0.7619047619047619,0.4444444444444444,-0.12537327928819658,-0.27074501362409653,-0.08714224968137724,True
1841,0.7777777777777777,0.4444444444444444,-0.1260845960966253,-0.2883500497810349,-0.08363160244700464,True
1842,0.7936507936507936,0.4444444444444444,-0.1266537858134627,-0.3059123376599676,-0.0799582440134368,True
1843,0.8095238095238095,0.4444444444444444,-0.12729276845433343,-0.3238786427116827,-0.07610802945037323,True
1844,0.8253968253968254,0.4444444444444444,-0.12848873664253513,-0.3434097777592006,-0.07206780461897863,True
1845,0.8412698412698412,0.4444444444444444,-0.13094166437057844,-0.3665454740270514,-0.06778159797598679,True
1846,0.8571428571428571,0.4444444444444444,-0.13535856167946433,-0.39606170913088506,-0.06312191514889853,True
1847,0.873015873015873,0.4444444444444444,-0.1415745929316985,-0.4333697501715417,-0.05789808073229431,True
1848,0.8888888888888888,0.4444444444444444,-0.14720047015456003,-0.47425503881311193,-0.05192690003527397,True
1849,0.9047619047619047,0.4444444444444444,-0.14692639599523957,-0.5043330858855697,-0.04530881636818543,True
1850,0.9206349206349206,0.4444444444444444,-0.13543679539439502,-0.503876819508677,-0.03863886310176547,True
1851,0.9365079365079365,0.4444444444444444,-0.10852295250384299,-0.44732991300019415,-0.03304084070237719,True
1852,0.9523809523809523,0.4444444444444444,-0.07067819566730196,-0.3350449059843192,-0.029755628748861764,True
1853,0.9682539682539681,0.4444444444444444,-0.033518835084855786,-0.1960602117166198,-0.028769514795868777,True
1854,0.9841269841269841,0.4444444444444444,-0.008373404412217776,-0.0734887303116822,-0.029091606407363562,True
1855,1.0,0.4444444444444444,-9.949049716539797e-08,-0.00012977926719628374,-0.029674235996026335,True
1856,0.0,0.4603174603174603,-2.650977621180643e-07,6.308566800731872e-06,-0.021718860709790212,True
1857,0.015873015873015872,0.4603174603174603,-0.0003636038025294377,0.13883243756675445,-0.021806657313765496,True
1858,0.031746031746031744,0.4603174603174603,-0.003462117330485262,0.22583395837112014,-0.022291205270981385,True
1859,0.047619047619047616,0.4603174603174603,-0.009607955965948232,0.2791478011396749,-0.0233891217763724,True
1860,0.06349206349206349,0.4603174603174603,-0.017273819637584144,0.3167159637174214,-0.025218715191687436,True
1861,0.07936507936507936,0.4603174603174603,-0.02501894683525459,0.34690563550907116,-0.027842437850915905,True
1862,0.09523809523809523,0.4603174603174603,-0.03220515695435232,0.3702495542089261,-0.03126305598301307,True
1863,0.1111111111111111,0.4603174603174603,-0.038508044984416435,0.3854554944743281,-0.03541253769112638,True
1864,0.12698412698412698,0.4603174603174603,-0.043822613826825806,0.3919115308169528,-0.04014039470975622,True
1865,0.14285714285714285,0.4603174603174603,-0.04829815939440656,0.3906282719580069,-0.045266301224099435,True
1866,0.15873015873015872,0.4603174603174603,-0.0519560563324007,0.3827995077854823,-0.05060459592669279,True
1867,0.1746031746031746,0.4603174603174603,-0.05488570510523724,0.36970851412381983,-0.055985467763875925,True
1868,0.19047619047619047,0.4603174603174603,-0.057249191886468424,0.35289637529231466,-0.061253723026118034,True
1869,0.20634920634920634,0.4603174603174603,-0.05924861864803762,0.33411002076060126,-0.0663135489105964,True
1870,0.2222222222222222,0.4603174603174603,-0.061054318808074874,0.31474355063796305,-0.07110965314746331,True
1871,0.23809523809523808,0.4603174603174603,-0.06277038652489068,0.2956131682649441,-0.07564603631303916,True
1872,0.25396825396825395,0.4603174603174603,-0.06444235836560232,0.2770447721981983,-0.07991480579034216,True
1873,0.2698412698412698,0.4603174603174603,-0.06609457627837002,0.25909629451427185,-0.08392254883867782,True
1874,0.2857142857142857,0.4603174603174603,-0.06770924007609032,0.24164215597252975,-0.08769007521163082,True
1875,0.30158730158730157,0.4603174603174603,-0.06928610017384629,0.2245405877363431,-0.09122766972500844,True
1876,0.31746031746031744,0.4603174603174603,-0.07080703516156546,0.2076525923382542,-0.09451820397649754,True
1877,0.3333333333333333,0.4603174603174603,-0.07227855531578174,0.1908856028798525,-0.09758367695311511,True
1878,0.3492063492063492,0.4603174603174603,-0.07369451923230856,0.17417547700119307,-0.10041035060810392,True
1879,0.36507936507936506,0.4603174603174603,-0.07506488964610959,0.15749672560456235,-0.10299533103135558,True
1880,0.38095238095238093,0.4603174603174603,-0.0763975047599833,0.14083817384758462,-0.10534325764898772,True
1881,0.3968253968253968,0.4603174603174603,-0.07770611676374661,0.12419876942190546,-0.1074465511028027,True
1882,0.4126984126984127,0.4603174603174603,-0.07900168439898934,0.10757785103048333,-0.10930351640272318,True
1883,0.42857142857142855,0.4603174603174603,-0.08029522792851013,0.0909729050034864,-0.1109155818347254,True
1884,0.4444444444444444,0.4603174603174603,-0.08159591541433153,0.07437969972962169,-0.11227499657727492,True
1885,0.4603174603174603,0.4603174603174603,-0.0829111692517673,0.05778870092958235,-0.11338112337167375,True
1886,0.47619047619047616,0.4603174603174603,-0.08424897780838884,0.04119566316452087,-0.1142514439655295,True
1887,0.49206349206349204,0.4603174603174603,-0.08561262566317202,0.024586824327517968,-0.11486472820463019,True
1888,0.5079365079365079,0.4603174603174603,-0.08700635300148904,0.007951968577679129,-0.11523501784514244,True
1889,0.5238095238095237,0.4603174603174603,-0.08843265539173527,-0.008721440407155187,-0.11535270039756945,True
1890,0.5396825396825397,0.4603174603174603,-0.08990107403490771,-0.025436774527743025,-0.11522525108765284,True
1891,0.5555555555555556,0.4603174603174603,-0.0914035119330941,-0.042208073291176706,-0.11485444754371546,True
1892,0.5714285714285714,0.4603174603174603,-0.09295198670378423,-0.059040435934307786,-0.1142388389485096,True
1893,0.5873015873015872,0.4603174603174603,-0.09453480409762409,-0.07595162408169462,-0.11338539337910732,True
1894,0.6031746031746031,0.4603174603174603,-0.09616905520251492,-0.09294709229812081,-0.11228563330983507,True
1895,0.6190476190476191,0.4603174603174603,-0.0978280023316211,-0.11005173798029914,-0.11096329835280432,True
1896,0.6349206349206349,0.4603174603174603,-0.09953300107785222,-0.12727065085749387,-0.10940435845094124,True
1897,0.6507936507936507,0.4603174603174603,-0.10125825637778904,-0.14462539756476187,-0.10760738761425732,True
1898,0.6666666666666666,0.4603174603174603,-0.10300841114522612,-0.1621286978904884,-0.10560101567092064,True
1899,0.6825396825396826,0.4603174603174603,-0.10476230090885251,-0.17978992266880517,-0.1033538263337024,True
1900,0.6984126984126984,0.4603174603174603,-0.10649072701970713,-0.19761068260137887,-0.1008933147770703,True
1901,0.7142857142857142,0.4603174603174603,-0.10817922557719893,-0.21557902204064797,-0.09822319724352792,True
1902,0.7301587301587301,0.4603174603174603,-0.10977187159759744,-0.23365144345056318,-0.09533865800713605,True
1903,0.746031746031746,0.4603174603174603,-0.11119956303166668,-0.25174790857531304,-0.0922603458800761,True
1904,0.7619047619047619,0.4603174603174603,-0.1124365237574692,-0.26977505227935666,-0.08898046467071595,True
1905,0.7777777777777777,0.4603174603174603,-0.11343638774614578,-0.2876381517769871,-0.08552327624051081,True
1906,0.7936507936507936,0.4603174603174603,-0.1141862417537916,-0.30531779348188004,-0.0819033337031783,True
1907,0.8095238095238095,0.4603174603174603,-0.11487659759840503,-0.323129033386775,-0.0781238394039805,True
1908,0.8253968253968254,0.4603174603174603,-0.11583031713219114,-0.34192103886334163,-0.07419985275994302,True
1909,0.8412698412698412,0.4603174603174603,-0.11774319220852057,-0.3636699701060872,-0.07005905846231267,True
1910,0.8571428571428571,0.4603174603174603,-0.12129774159961801,-0.3910030932572572,-0.06564380662917879,True
1911,0.873015873015873,0.4603174603174603,-0.12688229851766686,-0.4267550632806705,-0.06075838760323479,True
1912,0.8888888888888888,0.4603174603174603,-0.13315595300921138,-0.46957780929221676,-0.05521442898423065,True
1913,0.9047619047619047,0.4603174603174603,-0.13575397721536134,-0.5080063769240455,-0.04892565300432671,True
1914,0.9206349206349206,0.4603174603174603,-0.12836005737584225,-0.5194746953017719,-0.04233938417839153,True
1915,0.9365079365079365,0.4603174603174603,-0.10677627209211127,-0.4790514144423104,-0.03647803524485398,True
1916,0.9523809523809523,0.4603174603174603,-0.07229969247926858,-0.37401193458849824,-0.032697497362740705,True
1917,0.9682539682539681,0.4603174603174603,-0.0356185960850552,-0.2294232799371525,-0.03136006900965377,True
1918,0.9841269841269841,0.4603174603174603,-0.009217930074624856,-0.09105657870585565,-0.031581173925518444,True
1919,1.0,0.4603174603174603,3.6108667027975465e-06,0.0001918583498602627,-0.03220640267618307,True
1920,0.0,0.47619047619047616,8.169482318646238e-07,-2.4801399684759985e-05,-0.02393277952990846,True
1921,0.015873015873015872,0.47619047619047616,0.0005137467219855118,0.13943122581118572,-0.023969958750065443,True
1922,0.031746031746031744,0.47619047619047616,-0.0007400321529108613,0.22957985099078104,-0.02442586238877204,True
1923,0.047619047619047616,0.47619047619047616,-0.004870627393531365,0.2852883722646147,-0.025515167873635964,True
1924,0.06349206349206349,0.47619047619047616,-0.01067279066039187,0.3237838495744227,-0.027351989060069998,True
1925,0.07936507936507936,0.47619047619047616,-0.016746838896413187,0.3536304972837593,-0.029970124407137266,True
1926,0.09523809523809523,0.47619047619047616,-0.022396572688980466,0.3763048000730727,-0.033375308487436646,True
1927,0.1111111111111111,0.47619047619047616,-0.02736115774780599,0.3905502156566944,-0.037485324254302,True
1928,0.12698412698412698,0.47619047619047616,-0.031679991303165636,0.3962398418369373,-0.042163271808652154,True
1929,0.14285714285714285,0.47619047619047616,-0.035290801055046214,0.39428965865903437,-0.04722388906182751,True
1930,0.15873015873015872,0.47619047619047616,-0.03836286682593703,0.3858607135866669,-0.05249473608639117,True
1931,0.1746031746031746,0.47619047619047616,-0.04089503542770261,0.37219914472160953,-0.05779651185106481,True
1932,0.19047619047619047,0.47619047619047616,-0.04304145428278526,0.3549585086286583,-0.06297538157866686,True
1933,0.20634920634920634,0.47619047619047616,-0.04492748891532135,0.33595186980250913,-0.06795853869031579,True
1934,0.2222222222222222,0.47619047619047616,-0.04667813580156002,0.3164764712669697,-0.07269174780085846,True
1935,0.23809523809523808,0.47619047619047616,-0.048355517571969896,0.29728764291209514,-0.07716749630348362,True
1936,0.25396825396825395,0.47619047619047616,-0.049980380823414064,0.27868076483565607,-0.08139519707007405,True
1937,0.2698412698412698,0.47619047619047616,-0.05156384101456148,0.26069326154312794,-0.08536205377921911,True
1938,0.2857142857142857,0.47619047619047616,-0.05310943200353743,0.24320068899084932,-0.08910202586763284,True
1939,0.30158730158730157,0.47619047619047616,-0.05459531852113259,0.2260462420515072,-0.09261111358029596,True
1940,0.31746031746031744,0.47619047619047616,-0.05603539416594537,0.20910841914150363,-0.09589355268080821,True
1941,0.3333333333333333,0.47619047619047616,-0.057416751476064294,0.19228549646158286,-0.0989413866025302,True
1942,0.3492063492063492,0.47619047619047616,-0.058752370948495544,0.17552856709083772,-0.10175676510465316,True
1943,0.36507936507936506,0.47619047619047616,-0.06004934624196956,0.15881188394003892,-0.10433210654687104,True
1944,0.38095238095238093,0.47619047619047616,-0.06132344629972242,0.14212903213791006,-0.10667607524794442,True
1945,0.3968253968253968,0.47619047619047616,-0.06258212991709286,0.1254766985019846,-0.10877505445608822,True
1946,0.4126984126984127,0.47619047619047616,-0.06384072762389555,0.10885355159445666,-0.11062508007967208,True
1947,0.42857142857142855,0.47619047619047616,-0.06510433281215897,0.09225845664381341,-0.11223361723078423,True
1948,0.4444444444444444,0.47619047619047616,-0.06638864563362515,0.07568138989216085,-0.11359889037190783,True
1949,0.4603174603174603,0.47619047619047616,-0.06769898185197336,0.059115302880085215,-0.11471698558455272,True
1950,0.47619047619047616,0.47619047619047616,-0.06904209188187921,0.0425521800791633,-0.11557338779828603,True
1951,0.49206349206349204,0.47619047619047616,-0.0704218279444919,0.02597577304778534,-0.11620191398584497,True
1952,0.5079365079365079,0.47619047619047616,-0.07184320291301584,0.009379181134470132,-0.11657153828042188,True
1953,0.5238095238095237,0.47619047619047616,-0.073310303215816,-0.0072515060265227905,-0.11669330015841718,True
1954,0.5396825396825397,0.47619047619047616,-0.0748267128422052,-0.023924837064811265,-0.11657026455719903,True
1955,0.5555555555555556,0.47619047619047616,-0.0763942214628856,-0.04064779483648226,-0.11619824265337034,True
1956,0.5714285714285714,0.47619047619047616,-0.07801044989767925,-0.05743687581705827,-0.11558474878379953,True
1957,0.5873015873015872,0.47619047619047616,-0.07968540438775011,-0.07429653529844966,-0.11473569464046936,True
1958,0.6031746031746031,0.47619047619047616,-0.08141100475645628,-0.09124885598943103,-0.11364805477935727,True
1959,0.6190476190476191,0.47619047619047616,-0.08318083838114036,-0.10830951613786642,-0.11232251899645669,True
1960,0.6349206349206349,0.47619047619047616,-0.08501175150136361,-0.1254886381790381,-0.11076667288132983,True
1961,0.6507936507936507,0.47619047619047616,-0.0868710247580773,-0.14281430457690658,-0.10899331682138785,True
1962,0.6666666666666666,0.47619047619047616,-0.08876685393280584,-0.16029727412821843,-0.10698342998029371,True
1963,0.6825396825396826,0.47619047619047616,-0.09068638627147789,-0.17795671756545456,-0.1047663523003261,True
1964,0.6984126984126984,0.47619047619047616,-0.09259487781686106,-0.19580052148282365,-0.10232562444350915,True
1965,0.7142857142857142,0.47619047619047616,-0.09448498685887506,-0.21382318767443384,-0.09967118764767804,True
1966,0.7301587301587301,0.47619047619047616,-0.09629534071350329,-0.23199365827253304,-0.09682281538315367,True
1967,0.746031746031746,0.47619047619047616,-0.09801010146158218,-0.25026096548310156,-0.09377365487311276,True
1968,0.7619047619047619,0.47619047619047616,-0.099543946652804,-0.2685111945792575,-0.09053659720671255,True
1969,0.7777777777777777,0.47619047619047616,-0.10081877519880784,-0.2866090910434955,-0.08712761507448608,True
1970,0.7936507936507936,0.47619047619047616,-0.10187378787833647,-0.30452128425146335,-0.08356499307467918,True
1971,0.8095238095238095,0.47619047619047616,-0.10274912834642137,-0.32235422136901143,-0.0798577147058043,True
1972,0.8253968253968254,0.47619047619047616,-0.10371095169779997,-0.3407835141138568,-0.07601472551058405,True
1973,0.8412698412698412,0.47619047619047616,-0.10524789499014578,-0.36124830144087305,-0.0720383498741019,True
1974,0.8571428571428571,0.47619047619047616,-0.10820315581516321,-0.38679736544520715,-0.06781931134185147,True
1975,0.873015873015873,0.47619047619047616,-0.11307729471246547,-0.4204870825036127,-0.06325759317409878,True
1976,0.8888888888888888,0.47619047619047616,-0.11939314053825173,-0.4634999306828906,-0.0580798306116397,True
1977,0.9047619047619047,0.47619047619047616,-0.1238367183498623,-0.507785555141558,-0.05220210358535882,True
1978,0.9206349206349206,0.47619047619047616,-0.12020157567093492,-0.5312105443592885,-0.04584799300991825,True
1979,0.9365079365079365,0.47619047619047616,-0.10342288375880555,-0.5063004899191971,-0.0398880821158683,True
1980,0.9523809523809523,0.47619047619047616,-0.07263981252616358,-0.41084226546905755,-0.03572462818779024,True
1981,0.9682539682539681,0.47619047619047616,-0.03708689413993799,-0.2627153381244162,-0.03403916054941274,True
1982,0.9841269841269841,0.47619047619047616,-0.009904688665511639,-0.10979000920107039,-0.03414602050380998,True
1983,1.0,0.47619047619047616,-2.342600002595016e-06,-2.8995431705782924e-05,-0.03480244784890441,True
1984,0.0,0.49206349206349204,-1.4657380892729782e-06,6.752342488185245e-05,-0.02591149071685453,True
1985,0.015873015873015872,0.49206349206349204,0.0013457029066270948,0.13838274371864553,-0.025884198612019224,True
1986,0.031746031746031744,0.49206349206349204,0.002011444535637708,0.23143544248559564,-0.02631250064588221,True
1987,0.047619047619047616,0.49206349206349204,-0.00011583361359883823,0.2896313988468102,-0.0273893163740526,True
1988,0.06349206349206349,0.49206349206349204,-0.004028225018470226,0.3290512041309101,-0.02921527464656052,True
1989,0.07936507936507936,0.49206349206349204,-0.008447974448685782,0.35878794847740075,-0.031817832304221784,True
1990,0.09523809523809523,0.49206349206349204,-0.012646016996340975,0.3808773626131344,-0.03518971658967345,True
1991,0.1111111111111111,0.49206349206349204,-0.01638037669187938,0.39473239193668863,-0.03926577526874728,True
1992,0.12698412698412698,0.49206349206349204,-0.01959738079273821,0.3997930400316992,-0.04388254679851027,True
1993,0.14285714285714285,0.49206349206349204,-0.022445513133888057,0.3972929887160035,-0.04886992338653255,True
1994,0.15873015873015872,0.49206349206349204,-0.024939544547238054,0.3884263453206467,-0.05406751725531044,True
1995,0.1746031746031746,0.49206349206349204,-0.0271088989351734,0.3743547054879691,-0.0592854945455125,True
1996,0.19047619047619047,0.49206349206349204,-0.029025917375581602,0.3568587769311475,-0.06438642501942206,True
1997,0.20634920634920634,0.49206349206349204,-0.03079703695849362,0.3377168141657219,-0.0693151998167915,True
1998,0.2222222222222222,0.49206349206349204,-0.03247228515054324,0.3181471239300362,-0.07397912190000368,True
1999,0.23809523809523808,0.49206349206349204,-0.03408161256659873,0.2989000400821569,-0.07841033743143533,True
2000,0.25396825396825395,0.49206349206349204,-0.03563550346379696,0.28025054205972505,-0.08259141835469831,True
2001,0.2698412698412698,0.49206349206349204,-0.03713983604950416,0.26221457134155196,-0.08653548782940935,True
2002,0.2857142857142857,0.49206349206349204,-0.03858806396332859,0.24466876646711375,-0.09024586710918969,True
2003,0.30158730158730157,0.49206349206349204,-0.03997731464621086,0.2274624504674083,-0.09373416087080072,True
2004,0.31746031746031744,0.49206349206349204,-0.041306347966588323,0.2104664903021268,-0.09700535884584299,True
2005,0.3333333333333333,0.49206349206349204,-0.04259257536921017,0.193596344246355,-0.10003126795884136,True
2006,0.3492063492063492,0.49206349206349204,-0.04383554952490457,0.17680105904346194,-0.10284188629719858,True
2007,0.36507936507936506,0.49206349206349204,-0.045052916810200905,0.16005884527612105,-0.10541477023891241,True
2008,0.38095238095238093,0.49206349206349204,-0.04625968090665137,0.14336066396144662,-0.10774198793395286,True
2009,0.3968253968253968,0.49206349206349204,-0.04745355536628699,0.12670667394137278,-0.1098368192462909,True
2010,0.4126984126984127,0.49206349206349204,-0.04866609687831367,0.11009315343101847,-0.11169903435962271,True
2011,0.42857142857142855,0.49206349206349204,-0.04989569042325853,0.09351493586196116,-0.11330647358388764,True
2012,0.4444444444444444,0.49206349206349204,-0.0511552661197387,0.07696523269139872,-0.11466458918374423,True
2013,0.4603174603174603,0.49206349206349204,-0.052450648583057924,0.06043870049031287,-0.11578378512594054,True
2014,0.47619047619047616,0.49206349206349204,-0.053792534971367365,0.04391450462060405,-0.11665851935227631,True
2015,0.49206349206349204,0.49206349206349204,-0.05518337403714166,0.027386164881361006,-0.11727946535397014,True
2016,0.5079365079365079,0.49206349206349204,-0.0566277917582075,0.01083949007882113,-0.1176514879364452,True
2017,0.5238095238095237,0.49206349206349204,-0.05813090194887439,-0.005738571486056487,-0.11777730505691242,True
2018,0.5396825396825397,0.49206349206349204,-0.05969608825684512,-0.022354818878461757,-0.1176506473393689,True
2019,0.5555555555555556,0.49206349206349204,-0.061324038886936924,-0.039021175347113954,-0.11728422688584866,True
2020,0.5714285714285714,0.49206349206349204,-0.06301493327367157,-0.055750296645338385,-0.1166767797820523,True
2021,0.5873015873015872,0.49206349206349204,-0.06477257330153048,-0.07255391605690815,-0.11582160139673606,True
2022,0.6031746031746031,0.49206349206349204,-0.06660441018930031,-0.08944455303818041,-0.11474560665885876,True
2023,0.6190476190476191,0.49206349206349204,-0.06849813198583148,-0.106445393854161,-0.11342012587935572,True
2024,0.6349206349206349,0.49206349206349204,-0.07045438699230801,-0.12357449147514406,-0.11186785987364171,True
2025,0.6507936507936507,0.49206349206349204,-0.0724541773627582,-0.14085747496648784,-0.1101051422510095,True
2026,0.6666666666666666,0.49206349206349204,-0.07450732026442741,-0.15830679889804736,-0.1081044593401358,True
2027,0.6825396825396826,0.49206349206349204,-0.07659307990818227,-0.1759463829261931,-0.10589075996980238,True
2028,0.6984126984126984,0.49206349206349204,-0.07871091852136096,-0.1937918504474978,-0.10347312765536956,True
2029,0.7142857142857142,0.49206349206349204,-0.08080821549420601,-0.211847279581673,-0.10083780049565273,True
2030,0.7301587301587301,0.49206349206349204,-0.08288397287593532,-0.2301001741384501,-0.09801782518629022,True
2031,0.746031746031746,0.49206349206349204,-0.08484937844245873,-0.2484881623514678,-0.09500050952029736,True
2032,0.7619047619047619,0.49206349206349204,-0.08667089347508153,-0.2669228417598607,-0.09180263146957629,True
2033,0.7777777777777777,0.49206349206349204,-0.08832128150257422,-0.28529495547737543,-0.08844290022736427,True
2034,0.7936507936507936,0.49206349206349204,-0.08968612170283578,-0.3034388952678615,-0.08493251870764064,True
2035,0.8095238095238095,0.49206349206349204,-0.09083584057107646,-0.3214034559284095,-0.08129555516328568,True
2036,0.8253968253968254,0.49206349206349204,-0.09194333082044613,-0.3396158283666493,-0.07754462467508506,True
2037,0.8412698412698412,0.49206349206349204,-0.09341461341374359,-0.3594052274803222,-0.07367498478845771,True
2038,0.8571428571428571,0.49206349206349204,-0.09590161338556755,-0.3831616337122766,-0.06965840140155041,True
2039,0.873015873015873,0.49206349206349204,-0.10024982224451838,-0.41499482848789326,-0.06533816940167474,True
2040,0.8888888888888888,0.49206349206349204,-0.10631649485292818,-0.4570958711491696,-0.060567438611289576,True
2041,0.9047619047619047,0.49206349206349204,-0.11189084355577805,-0.5051316775196009,-0.055114406678861416,True
2042,0.9206349206349206,0.49206349206349204,-0.11125638364364442,-0.5389579925826615,-0.04907174397168517,True
2043,0.9365079365079365,0.49206349206349204,-0.09864412812416896,-0.5288518784514326,-0.043189751721575693,True
2044,0.9523809523809523,0.49206349206349204,-0.07172817011139745,-0.4445204205784802,-0.03875180112732807,True
2045,0.9682539682539681,0.49206349206349204,-0.037952163424256294,-0.296114585561529,-0.03675141654649867,True
2046,0.9841269841269841,0.49206349206349204,-0.010461332097878749,-0.12940250429587133,-0.03672556897165406,True
2047,1.0,0.49206349206349204,-3.2320955014330024e-07,-0.00012090375687381139,-0.03740105301913222,True
2048,0.0,0.5079365079365079,1.760421283266943e-06,-8.148702221383909e-05,-0.027609510513388422,True
2049,0.015873015873015872,0.5079365079365079,0.0021178450347826986,0.13609592062067896,-0.027540451967562857,True
2050,0.031746031746031744,0.5079365079365079,0.004553573297934268,0.23106634565643272,-0.027923579099655826,True
2051,0.047619047619047616,0.5079365079365079,0.0045978055099292385,0.29195569217882,-0.028973676769086753,True
2052,0.06349206349206349,0.5079365079365079,0.0025434333829888094,0.3324449918185607,-0.030774906145894582,True
2053,0.07936507936507936,0.5079365079365079,-0.00021755036485266403,0.3623880501110918,-0.03335762519222558,True
2054,0.09523809523809523,0.5079365079365079,-0.0029676977927098032,0.3842846000547649,-0.036697023181037035,True
2055,0.1111111111111111,0.5079365079365079,-0.005453854166801195,0.3976268244425567,-0.04071456730222764,True
2056,0.12698412698412698,0.5079365079365079,-0.007720323721308996,0.40235540158686867,-0.04527002897717409,True
2057,0.14285714285714285,0.5079365079365079,-0.009801871018295537,0.3996917842239007,-0.050196786659807285,True
2058,0.15873015873015872,0.5079365079365079,-0.011737640339586224,0.39049169276143436,-0.05531167930541395,True
2059,0.1746031746031746,0.5079365079365079,-0.013512026808766158,0.3762242022002848,-0.060453303843409335,True
2060,0.19047619047619047,0.5079365079365079,-0.015208746089020314,0.35862796354473836,-0.06550160252918569,True
2061,0.20634920634920634,0.5079365079365079,-0.01684168783335966,0.3393721846555029,-0.0703487971697982,True
2062,0.2222222222222222,0.5079365079365079,-0.018416007640826883,0.31974604445897203,-0.07498070355356262,True
2063,0.23809523809523808,0.5079365079365079,-0.019940951064736888,0.3004421887604444,-0.07936456065243674,True
2064,0.25396825396825395,0.5079365079365079,-0.021403756739892994,0.28173565012351764,-0.08351095113996675,True
2065,0.2698412698412698,0.5079365079365079,-0.02280041459219143,0.26363482856807235,-0.08743058728851806,True
2066,0.2857142857142857,0.5079365079365079,-0.024132547289583167,0.24602650214767469,-0.0911195277472249,True
2067,0.30158730158730157,0.5079365079365079,-0.025404948025280344,0.22876228680709926,-0.09459098227069673,True
2068,0.31746031746031744,0.5079365079365079,-0.02662215902359788,0.21171701082375352,-0.09783218796904081,True
2069,0.3333333333333333,0.5079365079365079,-0.027793208424009116,0.1948066377312948,-0.10086917942127047,True
2070,0.3492063492063492,0.5079365079365079,-0.028941665848709306,0.1779827437420921,-0.10365862783355595,True
2071,0.36507936507936506,0.5079365079365079,-0.03006335980639033,0.16122465102915154,-0.10622800160923601,True
2072,0.38095238095238093,0.5079365079365079,-0.031188632262838804,0.1445240921863796,-0.1085598245570941,True
2073,0.3968253968253968,0.5079365079365079,-0.03231786465191195,0.12787920684215767,-0.11065549528692512,True
2074,0.4126984126984127,0.5079365079365079,-0.033471730405461704,0.11128613233302523,-0.11251350358481403,True
2075,0.42857142857142855,0.5079365079365079,-0.03465375082680794,0.09474129774995887,-0.11412006827350814,True
2076,0.4444444444444444,0.5079365079365079,-0.035877997680918476,0.07823406049537597,-0.11548044144798224,True
2077,0.4603174603174603,0.5079365079365079,-0.037153833452170174,0.06175064251174998,-0.11660622162129852,True
2078,0.47619047619047616,0.5079365079365079,-0.038486535228127436,0.045280792889970105,-0.11748055377765225,True
2079,0.49206349206349204,0.5079365079365079,-0.039881809348672616,0.02881146249490509,-0.11810399813582209,True
2080,0.5079365079365079,0.5079365079365079,-0.04134413392355685,0.01232801590806309,-0.11847926517852171,True
2081,0.5238095238095237,0.5079365079365079,-0.042879355708616715,-0.004182524845700875,-0.11860099386363,True
2082,0.5396825396825397,0.5079365079365079,-0.04449027666135052,-0.020730793828369568,-0.11848054316187467,True
2083,0.5555555555555556,0.5079365079365079,-0.046177396156525774,-0.0373275771938061,-0.11811991512541652,True
2084,0.5714285714285714,0.5079365079365079,-0.04794952630851479,-0.05397704856024782,-0.1175062855295479,True
2085,0.5873015873015872,0.5079365079365079,-0.04979887081912898,-0.0707073511826691,-0.11665691587387625,True
2086,0.6031746031746031,0.5079365079365079,-0.0517324106444953,-0.08752677467633814,-0.11557148841816452,True
2087,0.6190476190476191,0.5079365079365079,-0.05375118751336312,-0.10445614570738637,-0.11425128550508686,True
2088,0.6349206349206349,0.5079365079365079,-0.05583907723858809,-0.12152273622953487,-0.11271102399282044,True
2089,0.6507936507936507,0.5079365079365079,-0.057997780054122,-0.1387428502054317,-0.11092835296113984,True
2090,0.6666666666666666,0.5079365079365079,-0.06023481795575875,-0.15613930580338478,-0.10894728941486156,True
2091,0.6825396825396826,0.5079365079365079,-0.06250584023784136,-0.17374428940579859,-0.10674537317250066,True
2092,0.6984126984126984,0.5079365079365079,-0.06481915516651161,-0.19157084894932486,-0.10432632706081227,True
2093,0.7142857142857142,0.5079365079365079,-0.06714235602589665,-0.20963559411699093,-0.10171796413293148,True
2094,0.7301587301587301,0.5079365079365079,-0.06944745417420045,-0.22792787747635682,-0.09891248327123019,True
2095,0.746031746031746,0.5079365079365079,-0.0717158907744611,-0.24642221304595185,-0.09593237126331852,True
2096,0.7619047619047619,0.5079365079365079,-0.07387943571574623,-0.2650231799352821,-0.09276665314391448,True
2097,0.7777777777777777,0.5079365079365079,-0.07583150246909717,-0.28358671852582407,-0.08944657742778318,True
2098,0.7936507936507936,0.5079365079365079,-0.07759268057334952,-0.30200423037029317,-0.08599300416363358,True
2099,0.8095238095238095,0.5079365079365079,-0.07911676814600642,-0.32016899733668186,-0.08241452471487087,True
2100,0.8253968253968254,0.5079365079365079,-0.08047159477547614,-0.3383521853711968,-0.07875742876028807,True
2101,0.8412698412698412,0.5079365079365079,-0.08202262292150604,-0.3575481926182132,-0.07500091658576795,True
2102,0.8571428571428571,0.5079365079365079,-0.08434994363581919,-0.380126652433644,-0.07112828082400663,True
2103,0.873015873015873,0.5079365079365079,-0.08820113648318624,-0.409750518787321,-0.06707612264087923,True
2104,0.8888888888888888,0.5079365079365079,-0.09396886732708272,-0.45052512469319644,-0.06262689820463208,True
2105,0.9047619047619047,0.5079365079365079,-0.100128555746627,-0.5004823829395806,-0.05758818280180185,True
2106,0.9206349206349206,0.5079365079365079,-0.10187742945238745,-0.5430445097989505,-0.051934844280818585,True
2107,0.9365079365079365,0.5079365079365079,-0.09296595632514608,-0.5468082548367096,-0.04623556751155656,True
2108,0.9523809523809523,0.5079365079365079,-0.06993411458338873,-0.4757155646125622,-0.041659299078408034,True
2109,0.9682539682539681,0.5079365079365079,-0.03821045975253016,-0.32861946076324516,-0.03940598190369938,True
2110,0.9841269841269841,0.5079365079365079,-0.01089719151153523,-0.1502561151888116,-0.039246301191325335,True
2111,1.0,0.5079365079365079,1.03563583612842e-06,0.00014710278716720946,-0.03992733436615534,True
2112,0.0,0.5238095238095237,-2.1926903663397006e-06,8.999109803838157e-05,-0.029014756505201147,True
2113,0.015873015873015872,0.5238095238095237,0.002818106248849863,0.13230080360122956,-0.02889460338219592,True
2114,0.031746031746031744,0.5238095238095237,0.007016765206857948,0.2285943863024236,-0.02922642983092512,True
2115,0.047619047619047616,0.5238095238095237,0.009019486593436927,0.29203151209718436,-0.03024990153300508,True
2116,0.06349206349206349,0.5238095238095237,0.008975575531588047,0.3341795523544493,-0.03202634198962883,True
2117,0.07936507936507936,0.5238095238095237,0.007872643153236299,0.36445111656285506,-0.03457335488822119,True
2118,0.09523809523809523,0.5238095238095237,0.006549878112344707,0.38622584569322777,-0.03786611425926486,True
2119,0.1111111111111111,0.5238095238095237,0.0052176290684262825,0.39939729012674335,-0.04182845893981617,True
2120,0.12698412698412698,0.5238095238095237,0.003980786504711182,0.4040638287167231,-0.04631992614487862,True
2121,0.14285714285714285,0.5238095238095237,0.00270182159786409,0.4013364614715331,-0.05117120884662946,True
2122,0.15873015873015872,0.5238095238095237,0.0013304141239303348,0.3921272531294329,-0.05621927101699859,True
2123,0.1746031746031746,0.5238095238095237,-0.00010462902732883173,0.37783834152194345,-0.06130628282379607,True
2124,0.19047619047619047,0.5238095238095237,-0.0015584975686736798,0.3601808665861708,-0.06628446194345762,True
2125,0.20634920634920634,0.5238095238095237,-0.0030261270444221964,0.3409098962952032,-0.07108531524212591,True
2126,0.2222222222222222,0.5238095238095237,-0.004486744269310813,0.321246825029551,-0.07567601707528883,True
2127,0.23809523809523808,0.5238095238095237,-0.005896109035908328,0.3018795391915423,-0.08002201132059736,True
2128,0.25396825396825395,0.5238095238095237,-0.007253047017752059,0.28310641552473287,-0.08414594714545275,True
2129,0.2698412698412698,0.5238095238095237,-0.008531415035254728,0.2649389251484666,-0.08803492531125469,True
2130,0.2857142857142857,0.5238095238095237,-0.009741629487564147,0.24726565708335863,-0.09170648363601518,True
2131,0.30158730158730157,0.5238095238095237,-0.01087697176613429,0.2299386055422276,-0.09516506993599175,True
2132,0.31746031746031744,0.5238095238095237,-0.011970710368053855,0.21284809171059366,-0.09840646466694777,True
2133,0.3333333333333333,0.5238095238095237,-0.013024582101104486,0.19590448887012396,-0.10142169041497036,True
2134,0.3492063492063492,0.5238095238095237,-0.014053077997054735,0.17906193041182622,-0.10421994815230273,True
2135,0.36507936507936506,0.5238095238095237,-0.01507888751466787,0.16229863669835556,-0.10678241786923069,True
2136,0.38095238095238093,0.5238095238095237,-0.016115082933125545,0.14560507415936405,-0.10910963919990817,True
2137,0.3968253968253968,0.5238095238095237,-0.01716359729977801,0.1289809284411298,-0.11120763069290882,True
2138,0.4126984126984127,0.5238095238095237,-0.01824401670920927,0.11242201138167386,-0.11306294579433046,True
2139,0.42857142857142855,0.5238095238095237,-0.019371058384381204,0.09591766411785797,-0.11467642862258808,True
2140,0.4444444444444444,0.5238095238095237,-0.020552992087596342,0.07945897399994528,-0.1160465994030102,True
2141,0.4603174603174603,0.5238095238095237,-0.021795860590746105,0.06303807624416354,-0.11716952733527689,True
2142,0.47619047619047616,0.5238095238095237,-0.023109399138556235,0.046638976748161615,-0.11804780761206796,True
2143,0.49206349206349204,0.5238095238095237,-0.024500602374731322,0.030243599865426067,-0.11867495865688715,True
2144,0.5079365079365079,0.5238095238095237,-0.02597499513325989,0.013840065116828535,-0.1190478932642294,True
2145,0.5238095238095237,0.5238095238095237,-0.02753596231978658,-0.002593423298573419,-0.11917450877170829,True
2146,0.5396825396825397,0.5238095238095237,-0.029191306173599746,-0.019056455829328377,-0.11906224204084907,True
2147,0.5555555555555556,0.5238095238095237,-0.03094123547178854,-0.035560037392543514,-0.1186895542044353,True
2148,0.5714285714285714,0.5238095238095237,-0.03278960611593323,-0.05212093495560494,-0.11807897606750462,True
2149,0.5873015873015872,0.5238095238095237,-0.03473487449939805,-0.06875995524285997,-0.11723368143875203,True
2150,0.6031746031746031,0.5238095238095237,-0.03678519636437452,-0.08548642742257731,-0.1161383340947817,True
2151,0.6190476190476191,0.5238095238095237,-0.03892729299695581,-0.10233331059851535,-0.11482122452330547,True
2152,0.6349206349206349,0.5238095238095237,-0.04117019343237389,-0.11931310252518572,-0.11326976415723256,True
2153,0.6507936507936507,0.5238095238095237,-0.04349611937191629,-0.13645701413737923,-0.11149446365588811,True
2154,0.6666666666666666,0.5238095238095237,-0.0458925662363009,-0.15379336759704193,-0.10950821669943735,True
2155,0.6825396825396826,0.5238095238095237,-0.04837822985057741,-0.1713394732478571,-0.10731236253704536,True
2156,0.6984126984126984,0.5238095238095237,-0.050909308339667045,-0.189130006025321,-0.10490644676296566,True
2157,0.7142857142857142,0.5238095238095237,-0.05347865934796459,-0.2071811420034995,-0.10230636782834203,True
2158,0.7301587301587301,0.5238095238095237,-0.05606107652627789,-0.2254948957583324,-0.09951452187468673,True
2159,0.746031746031746,0.5238095238095237,-0.058626683718314844,-0.2440480456120386,-0.09655001518248124,True
2160,0.7619047619047619,0.5238095238095237,-0.06109360242939825,-0.2627693301236687,-0.09342323548259047,True
2161,0.7777777777777777,0.5238095238095237,-0.06345125476385555,-0.28153765645031925,-0.09014111171320274,True
2162,0.7936507936507936,0.5238095238095237,-0.06558829531954052,-0.3001771416501514,-0.08673239905043278,True
2163,0.8095238095238095,0.5238095238095237,-0.06750257998511032,-0.3185679831916146,-0.0832184222715132,True
2164,0.8253968253968254,0.5238095238095237,-0.06923908015337082,-0.3368307436656064,-0.07962807217175324,True
2165,0.8412698412698412,0.5238095238095237,-0.071025284050315,-0.3557158582441749,-0.0759715336128508,True
2166,0.8571428571428571,0.5238095238095237,-0.07335655970589257,-0.3772441595764001,-0.07224865620819679,True
2167,0.873015873015873,0.5238095238095237,-0.07695626355424358,-0.4051496506556954,-0.06839814990595736,True
2168,0.8888888888888888,0.5238095238095237,-0.0824335720859796,-0.4440754499216247,-0.06427243245633263,True
2169,0.9047619047619047,0.5238095238095237,-0.08890254675213165,-0.4948266321785434,-0.059624625986808434,True
2170,0.9206349206349206,0.5238095238095237,-0.09248529594239961,-0.5444671366687752,-0.05438505577527298,True
2171,0.9365079365079365,0.5238095238095237,-0.08673799676254751,-0.5602619520972734,-0.048929589204086,True
2172,0.9523809523809523,0.5238095238095237,-0.06731351886954694,-0.5031934332425232,-0.044360208667335775,True
2173,0.9682539682539681,0.5238095238095237,-0.037967252165358005,-0.3601252470582928,-0.04191555527909801,True
2174,0.9841269841269841,0.5238095238095237,-0.011133921986593387,-0.1704051329049221,-0.04162949697941628,True
2175,1.0,0.5238095238095237,-3.133564599495398e-06,-7.468299792076568e-05,-0.04230985762982647,True
2176,0.0,0.5396825396825397,2.0516173962625904e-06,-4.706552836888338e-05,-0.030115805592067918,True
2177,0.015873015873015872,0.5396825396825397,0.003427248826408737,0.1271532096143349,-0.029943128887447747,True
2178,0.031746031746031744,0.5396825396825397,0.009250188371662317,0.22420471752588425,-0.030233860487428862,True
2179,0.047619047619047616,0.5396825396825397,0.013432106187990298,0.290310569498468,-0.03121176656937653,True
2180,0.06349206349206349,0.5396825396825397,0.015274863650866739,0.3341353019284447,-0.03295275728536325,True
2181,0.07936507936507936,0.5396825396825397,0.01583093835262423,0.3650105885688639,-0.0354579695597267,True
2182,0.09523809523809523,0.5396825396825397,0.01589460970266589,0.3868968214494106,-0.038699292115429426,True
2183,0.1111111111111111,0.5396825396825397,0.015815994092307387,0.4001732371551772,-0.042599463935758246,True
2184,0.12698412698412698,0.5396825396825397,0.015482795826709696,0.4049082219843223,-0.0470271285283761,True
2185,0.14285714285714285,0.5396825396825397,0.014931792325872339,0.4023194639752247,-0.0518138821998854,True
2186,0.15873015873015872,0.5396825396825397,0.01415074761840221,0.3932621411364123,-0.056793814316689624,True
2187,0.1746031746031746,0.5396825396825397,0.013159631493292717,0.37909623465526276,-0.061810285734532566,True
2188,0.19047619047619047,0.5396825396825397,0.011967292136898396,0.36155090934059386,-0.0667413964355544,True
2189,0.20634920634920634,0.5396825396825397,0.010670151521198068,0.34231721902381623,-0.07151806632042791,True
2190,0.2222222222222222,0.5396825396825397,0.009346760272782292,0.32262588148619353,-0.07605838701873455,True
2191,0.23809523809523808,0.5396825396825397,0.008046897982189268,0.3032135267893119,-0.08038674298215345,True
2192,0.25396825396825395,0.5396825396825397,0.006822537146342866,0.28436076389660886,-0.0844844452218536,True
2193,0.2698412698412698,0.5396825396825397,0.005678241609186706,0.26611169797414697,-0.08835666012424867,True
2194,0.2857142857142857,0.5396825396825397,0.004603259221645784,0.248366207051244,-0.09201608619121326,True
2195,0.30158730158730157,0.5396825396825397,0.003603471528987545,0.23098239301026893,-0.09546572274526459,True
2196,0.31746031746031744,0.5396825396825397,0.0026502310820834454,0.21384840819756543,-0.09869940963628271,True
2197,0.3333333333333333,0.5396825396825397,0.0017315031068321173,0.1968778472889291,-0.10170514989634685,True
2198,0.3492063492063492,0.5396825396825397,0.0008243655038182572,0.18002697575694562,-0.10450439735630845,True
2199,0.36507936507936506,0.5396825396825397,-8.166916595261857e-05,0.1632691003074512,-0.10706568035512866,True
2200,0.38095238095238093,0.5396825396825397,-0.0010062083301366589,0.14659729609424096,-0.10939456298306137,True
2201,0.3968253968253968,0.5396825396825397,-0.0019713529165827294,0.130003202721016,-0.11149705259643483,True
2202,0.4126984126984127,0.5396825396825397,-0.002972059364551464,0.11348807548339901,-0.11335951196792314,True
2203,0.42857142857142855,0.5396825396825397,-0.004033012935742578,0.09703823714249672,-0.11498140147003255,True
2204,0.4444444444444444,0.5396825396825397,-0.00515690207301919,0.08064912538668886,-0.116352699492716,True
2205,0.4603174603174603,0.5396825396825397,-0.006358632129058737,0.0643006005829817,-0.1174779068033325,True
2206,0.47619047619047616,0.5396825396825397,-0.0076457800660362715,0.04798149283497072,-0.11836253185536298,True
2207,0.49206349206349204,0.5396825396825397,-0.009025453040533114,0.03167381618232007,-0.11899292771592879,True
2208,0.5079365079365079,0.5396825396825397,-0.010503653875999847,0.015363176884709902,-0.11937297580488375,True
2209,0.5238095238095237,0.5396825396825397,-0.012087697948347796,-0.0009734639259953113,-0.11949984878239904,True
2210,0.5396825396825397,0.5396825396825397,-0.01378142026420731,-0.01733474331141212,-0.11937325295247832,True
2211,0.5555555555555556,0.5396825396825397,-0.015591342538553415,-0.03373146423897536,-0.11900947322790695,True
2212,0.5714285714285714,0.5396825396825397,-0.017519279670329704,-0.050182816508847455,-0.11840156128119782,True
2213,0.5873015873015872,0.5396825396825397,-0.019565992133444576,-0.06670775003487812,-0.11754242813395804,True
2214,0.6031746031746031,0.5396825396825397,-0.021730767368217288,-0.08332846915604557,-0.11645002232165429,True
2215,0.6190476190476191,0.5396825396825397,-0.024013916722501454,-0.1000661270475055,-0.11511989788926358,True
2216,0.6349206349206349,0.5396825396825397,-0.026405348644947306,-0.11694877484282178,-0.11356374438917852,True
2217,0.6507936507936507,0.5396825396825397,-0.02890386256753778,-0.13399998285953604,-0.1117909054670012,True
2218,0.6666666666666666,0.5396825396825397,-0.03150414784957607,-0.15124682047514226,-0.10979571063749638,True
2219,0.6825396825396826,0.5396825396825397,-0.034192632860000786,-0.16872019382605577,-0.10758675853566603,True
2220,0.6984126984126984,0.5396825396825397,-0.036967181562176814,-0.18644976414216635,-0.10519089089685504,True
2221,0.7142857142857142,0.5396825396825397,-0.039804512240561134,-0.2044604402808584,-0.10258717166196084,True
2222,0.7301587301587301,0.5396825396825397,-0.04266270034577892,-0.2227683799004949,-0.09981281172534388,True
2223,0.746031746031746,0.5396825396825397,-0.045519418362793454,-0.2413534379078574,-0.09686660351411364,True
2224,0.7619047619047619,0.5396825396825397,-0.04835231821085184,-0.26016174343396464,-0.09376005502182747,True
2225,0.7777777777777777,0.5396825396825397,-0.0510785741388859,-0.2790699619535893,-0.09050702786976117,True
2226,0.7936507936507936,0.5396825396825397,-0.053652865463799285,-0.2979240492531797,-0.08714232730428453,True
2227,0.8095238095238095,0.5396825396825397,-0.05601974413138738,-0.31653884706691787,-0.08368101864200164,True
2228,0.8253968253968254,0.5396825396825397,-0.05820770465455998,-0.3349273762069894,-0.08015324581697443,True
2229,0.8412698412698412,0.5396825396825397,-0.06034360497649012,-0.35366880402254924,-0.07658877464956465,True
2230,0.8571428571428571,0.5396825396825397,-0.06283334506226648,-0.3743964157960514,-0.07300407471324806,True
2231,0.873015873015873,0.5396825396825397,-0.06635492551274155,-0.40064376446759875,-0.06934632216158028,True
2232,0.8888888888888888,0.5396825396825397,-0.07164592403023227,-0.43784471186841817,-0.065466184731914,True
2233,0.9047619047619047,0.5396825396825397,-0.07828028188418784,-0.4884146508020669,-0.061222836751530875,True
2234,0.9206349206349206,0.5396825396825397,-0.08324252470578496,-0.5434831706631393,-0.056404209296340865,True
2235,0.9365079365079365,0.5396825396825397,-0.08007161507462962,-0.5707826392826874,-0.05126305733648157,True
2236,0.9523809523809523,0.5396825396825397,-0.06416668109810193,-0.5275569699831885,-0.046782954349165164,True
2237,0.9682539682539681,0.5396825396825397,-0.037258417509757155,-0.3898846278421047,-0.04420526983611166,True
2238,0.9841269841269841,0.5396825396825397,-0.011222404999004119,-0.1915099507588317,-0.04380669313542792,True
2239,1.0,0.5396825396825397,1.3885917277399685e-06,8.235011315006897e-05,-0.04447627684512281,True
2240,0.0,0.5555555555555556,-2.8206445310044766e-07,-6.203691405396967e-05,-0.030910287995899385,True
2241,0.015873015873015872,0.5555555555555556,0.003938885402339796,0.12108675959150454,-0.030707965263188267,True
2242,0.031746031746031744,0.5555555555555556,0.01123336236365021,0.21796664792232118,-0.03094742116165674,True
2243,0.047619047619047616,0.5555555555555556,0.017405588793481707,0.2863327509278292,-0.031868780937814666,True
2244,0.06349206349206349,0.5555555555555556,0.021234460671792337,0.3321227862350725,-0.03355775345689306,True
2245,0.07936507936507936,0.5555555555555556,0.02344440027739029,0.36393184214961544,-0.036014856538184384,True
2246,0.09523809523809523,0.5555555555555556,0.024993675342381408,0.3862817161029267,-0.03919947365209775,True
2247,0.1111111111111111,0.5555555555555556,0.026033364690912813,0.39977980243875727,-0.04303519815975494,True
2248,0.12698412698412698,0.5555555555555556,0.02673488591118129,0.4048402953505512,-0.04739071138336324,True
2249,0.14285714285714285,0.5555555555555556,0.02702953045077433,0.40267085007870435,-0.05210896437971901,True
2250,0.15873015873015872,0.5555555555555556,0.02682375814827288,0.39389615674456957,-0.05702197180090878,True
2251,0.1746031746031746,0.5555555555555556,0.02623942093072731,0.3800528730271151,-0.0619981280073837,True
2252,0.19047619047619047,0.5555555555555556,0.025343569411285422,0.36269594327234383,-0.06688619834979265,True
2253,0.20634920634920634,0.5555555555555556,0.02425463193237404,0.343551323395771,-0.07161907915614148,True
2254,0.2222222222222222,0.5555555555555556,0.023088569765023322,0.3238730079650178,-0.07613777119330946,True
2255,0.23809523809523808,0.5555555555555556,0.021938969337400537,0.3044066723277579,-0.08044693454086943,True
2256,0.25396825396825395,0.5555555555555556,0.020839958176860407,0.28548127282631336,-0.08452847992280271,True
2257,0.2698412698412698,0.5555555555555556,0.019827260159343715,0.2671505733030812,-0.08839270509356682,True
2258,0.2857142857142857,0.5555555555555556,0.018909692594151817,0.24932205942874963,-0.0920423189238833,True
2259,0.30158730158730157,0.5555555555555556,0.018058607653375264,0.23187948857781202,-0.09548155328391064,True
2260,0.31746031746031744,0.5555555555555556,0.017260192078815812,0.21470494561653417,-0.09870700058819279,True
2261,0.3333333333333333,0.5555555555555556,0.016479796273405872,0.1977181241106855,-0.10172717622478247,True
2262,0.3492063492063492,0.5555555555555556,0.01570717730367299,0.1808643020152283,-0.10451098556945514,True
2263,0.36507936507936506,0.5555555555555556,0.014930072493224453,0.16412328041135488,-0.1070785065221693,True
2264,0.38095238095238093,0.5555555555555556,0.014115344194467961,0.1474817560596386,-0.10942456834388281,True
2265,0.3968253968253968,0.5555555555555556,0.013256847225952889,0.13093051369380843,-0.11152264630966806,True
2266,0.4126984126984127,0.5555555555555556,0.012349530103415347,0.11447165706090888,-0.11339406177577405,True
2267,0.42857142857142855,0.5555555555555556,0.011372975782752376,0.09809304745242223,-0.11502017886937285,True
2268,0.4444444444444444,0.5555555555555556,0.010313965236707688,0.08177924576974173,-0.11640027574613905,True
2269,0.4603174603174603,0.5555555555555556,0.009164018488329933,0.06551906501818311,-0.11754000898490072,True
2270,0.47619047619047616,0.5555555555555556,0.007914574241223434,0.04930033682536629,-0.11841946553418024,True
2271,0.49206349206349204,0.5555555555555556,0.006555354531699303,0.03309573941355235,-0.1190538657440786,True
2272,0.5079365079365079,0.5555555555555556,0.005080669313438604,0.016902490356316604,-0.11943903933539576,True
2273,0.5238095238095237,0.5555555555555556,0.003479538894114284,0.0006866681990921479,-0.1195658321100026,True
2274,0.5396825396825397,0.5555555555555556,0.001745567323717834,-0.015553020051880811,-0.11944999533324045,True
2275,0.5555555555555556,0.5555555555555556,-0.00012205547555165922,-0.03182953785001217,-0.11907641493033241,True
2276,0.5714285714285714,0.5555555555555556,-0.0021349054789654787,-0.04814247129890052,-0.11845121957220166,True
2277,0.5873015873015872,0.5555555555555556,-0.004275260699781223,-0.06454868144078929,-0.11759338499672935,True
2278,0.6031746031746031,0.5555555555555556,-0.006561469029627697,-0.08104003596629604,-0.11649741363309274,True
2279,0.6190476190476191,0.5555555555555556,-0.008987779404698103,-0.09764963772949785,-0.11515058863614162,True
2280,0.6349206349206349,0.5555555555555556,-0.011536657831855155,-0.11441597662820402,-0.11359113339746152,True
2281,0.6507936507936507,0.5555555555555556,-0.01422754063540169,-0.13134718557489933,-0.11180722608032842,True
2282,0.6666666666666666,0.5555555555555556,-0.017033006723805286,-0.14848712107892412,-0.10980028023086116,True
2283,0.6825396825396826,0.5555555555555556,-0.019952332199149,-0.16586544605370146,-0.1075938948403791,True
2284,0.6984126984126984,0.5555555555555556,-0.02296854125545527,-0.18351498531403276,-0.10517622578671013,True
2285,0.7142857142857142,0.5555555555555556,-0.02607350860447408,-0.20146592864500862,-0.10257891210538105,True
2286,0.7301587301587301,0.5555555555555556,-0.02923114230434002,-0.21973973523355395,-0.09980705004807501,True
2287,0.746031746031746,0.5555555555555556,-0.03242979853573553,-0.23832460520819046,-0.09686500627163762,True
2288,0.7619047619047619,0.5555555555555556,-0.03563399939767753,-0.25717449417970745,-0.09376432626569861,True
2289,0.7777777777777777,0.5555555555555556,-0.03877305578217251,-0.2762032589099674,-0.090547964704482,True
2290,0.7936507936507936,0.5555555555555556,-0.041779133221628635,-0.2952156380922401,-0.08721032261022046,True
2291,0.8095238095238095,0.5555555555555556,-0.04463240837562868,-0.31403770746527687,-0.08379532958459283,True
2292,0.8253968253968254,0.5555555555555556,-0.04729522609677942,-0.33257670770101255,-0.08032755837864013,True
2293,0.8412698412698412,0.5555555555555556,-0.04989721236205901,-0.35123734670029993,-0.07684895040628843,True
2294,0.8571428571428571,0.5555555555555556,-0.05272393350438099,-0.37143370555764715,-0.07336647816978557,True
2295,0.873015873015873,0.5555555555555556,-0.05636662888303688,-0.3964234992003214,-0.06986480220904843,True
2296,0.8888888888888888,0.5555555555555556,-0.06155955735776233,-0.4316202997302761,-0.06624737367104715,True
2297,0.9047619047619047,0.5555555555555556,-0.06831896812037368,-0.4815046227283242,-0.06232614305944164,True
2298,0.9206349206349206,0.5555555555555556,-0.07422579276023186,-0.5400563290765162,-0.057914145420770745,True
2299,0.9365079365079365,0.5555555555555556,-0.07360332957118468,-0.5786291416552509,-0.05313484509992602,True
2300,0.9523809523809523,0.5555555555555556,-0.06070871462092897,-0.5492872327821327,-0.048828193984032035,True
2301,0.9682539682539681,0.5555555555555556,-0.036302688949839595,-0.4183207686706471,-0.046187887706518424,True
2302,0.9841269841269841,0.5555555555555556,-0.011201975428018431,-0.21199520753311227,-0.04569486959527998,True
2303,1.0,0.5555555555555556,2.5891664470610466e-06,-0.0002600794525275712,-0.04634401950075031,True
2304,0.0,0.5714285714285714,6.545339279500095e-08,9.320920822646937e-05,-0.03142688071680725,True
2305,0.015873015873015872,0.5714285714285714,0.0043487805351641,0.11400941776697482,-0.031190213556033734,True
2306,0.031746031746031744,0.5714285714285714,0.013002318228513516,0.20986673359546085,-0.03136854438386843,True
2307,0.047619047619047616,0.5714285714285714,0.021109285234175656,0.28027793269962414,-0.032224793376421645,True
2308,0.06349206349206349,0.5714285714285714,0.02691989430672507,0.32833462314827727,-0.033856620128607094,True
2309,0.07936507936507936,0.5714285714285714,0.030948271881096775,0.36147064494054726,-0.03625088362326036,True
2310,0.09523809523809523,0.5714285714285714,0.03381151504282072,0.3843253714130665,-0.03937017014407613,True
2311,0.1111111111111111,0.5714285714285714,0.0360997415771931,0.3984155433890887,-0.04313440922453897,True
2312,0.12698412698412698,0.5714285714285714,0.03778042390505394,0.4039740283802791,-0.04741816638265345,True
2313,0.14285714285714285,0.5714285714285714,0.0388192799584953,0.40219499507526535,-0.052064895830980465,True
2314,0.15873015873015872,0.5714285714285714,0.039278457182345586,0.39402256566170657,-0.05692062817905654,True
2315,0.1746031746031746,0.5714285714285714,0.03918465868216919,0.38063786645220377,-0.06184391477518069,True
2316,0.19047619047619047,0.5714285714285714,0.03860918170562162,0.3635760517505683,-0.06669543509035841,True
2317,0.20634920634920634,0.5714285714285714,0.03775934936622617,0.3446032195148209,-0.07139745263857668,True
2318,0.2222222222222222,0.5714285714285714,0.03676331301642071,0.32497241630249524,-0.0759080710884333,True
2319,0.23809523809523808,0.5714285714285714,0.03575410735956867,0.3054740067960818,-0.08019489627094148,True
2320,0.25396825396825395,0.5714285714285714,0.034812462771030665,0.2864604951611705,-0.0842714495712252,True
2321,0.2698412698412698,0.5714285714285714,0.033958166008240274,0.26803157300327785,-0.08812565284315549,True
2322,0.2857142857142857,0.5714285714285714,0.03318447940202328,0.2501261444964557,-0.09177394093786065,True
2323,0.30158730158730157,0.5714285714285714,0.03248970720979129,0.23262243652312597,-0.09521170533557026,True
2324,0.31746031746031744,0.5714285714285714,0.03184133260867451,0.21541186259985692,-0.09843787379111199,True
2325,0.3333333333333333,0.5714285714285714,0.031227765944576644,0.19840952349164662,-0.10145754210337617,True
2326,0.3492063492063492,0.5714285714285714,0.030604420775555856,0.18156400482991358,-0.10424801153937004,True
2327,0.36507936507936506,0.5714285714285714,0.029966667708497707,0.1648502099995374,-0.10682983553472594,True
2328,0.38095238095238093,0.5714285714285714,0.029284998599710784,0.14825050991606598,-0.10917944153227632,True
2329,0.3968253968253968,0.5714285714285714,0.02855068180729489,0.1317588455045145,-0.11128988287206297,True
2330,0.4126984126984127,0.5714285714285714,0.02774380881495403,0.11536673915443045,-0.11316777738150537,True
2331,0.42857142857142855,0.5714285714285714,0.026858258758414178,0.09906912452017196,-0.11479932258198684,True
2332,0.4444444444444444,0.5714285714285714,0.025872822343816704,0.08284433972205212,-0.11619426719297292,True
2333,0.4603174603174603,0.5714285714285714,0.024788883026222636,0.06669356944627299,-0.11733884007265072,True
2334,0.47619047619047616,0.5714285714285714,0.023584966661624355,0.05058515232864888,-0.1182301386353204,True
2335,0.49206349206349204,0.5714285714285714,0.022254258929439913,0.03450053537679958,-0.11886979477232806,True
2336,0.5079365079365079,0.5714285714285714,0.020788653944366235,0.018429630744188404,-0.11925025278407538,True
2337,0.5238095238095237,0.5714285714285714,0.019176434563205193,0.0023558405404638955,-0.11938766736751433,True
2338,0.5396825396825397,0.5714285714285714,0.017408521751585623,-0.013731287289205415,-0.11926753255304218,True
2339,0.5555555555555556,0.5714285714285714,0.01548539926182951,-0.029858485218292423,-0.11888950288195303,True
2340,0.5714285714285714,0.5714285714285714,0.013395835506538388,-0.04602461646917108,-0.11826372220331943,True
2341,0.5873015873015872,0.5714285714285714,0.011155684396893665,-0.06227982065566982,-0.1173963761459833,True
2342,0.6031746031746031,0.5714285714285714,0.008739571493692234,-0.07861202145415133,-0.11627629194464219,True
2343,0.6190476190476191,0.5714285714285714,0.006177764119554256,-0.09508614769777882,-0.11493568068385926,True
2344,0.6349206349206349,0.5714285714285714,0.0034575064745536862,-0.11170429570085597,-0.11335003124294347,True
2345,0.6507936507936507,0.5714285714285714,0.0005800424815882617,-0.12850173134020115,-0.1115506636983209,True
2346,0.6666666666666666,0.5714285714285714,-0.0024428452362586363,-0.1455111389377947,-0.10953031706854431,True
2347,0.6825396825396826,0.5714285714285714,-0.005605805265586937,-0.1627676908623742,-0.10730441748752478,True
2348,0.6984126984126984,0.5714285714285714,-0.008900987165963315,-0.18030628241182053,-0.10487647102195152,True
2349,0.7142857142857142,0.5714285714285714,-0.012286877852288993,-0.19817501437524307,-0.10227355504800609,True
2350,0.7301587301587301,0.5714285714285714,-0.01577048625296031,-0.216382108804592,-0.09948693380260257,True
2351,0.746031746031746,0.5714285714285714,-0.019330294757696966,-0.23493557780628008,-0.09654237152160734,True
2352,0.7619047619047619,0.5714285714285714,-0.02289180016730992,-0.25380120629544484,-0.09345471376453193,True
2353,0.7777777777777777,0.5714285714285714,-0.026437800143975662,-0.27287753702627504,-0.09023681239187532,True
2354,0.7936507936507936,0.5714285714285714,-0.029948342166903886,-0.2920310851018736,-0.08693231518987002,True
2355,0.8095238095238095,0.5714285714285714,-0.033295547163472855,-0.3109946661488408,-0.08353774789298568,True
2356,0.8253968253968254,0.5714285714285714,-0.036521080739724494,-0.32971267488634487,-0.08013208875613179,True
2357,0.8412698412698412,0.5714285714285714,-0.0396536756491883,-0.34835953981549517,-0.07671403502042755,True
2358,0.8571428571428571,0.5714285714285714,-0.04294375815868209,-0.3681598526276623,-0.07333022141944519,True
2359,0.873015873015873,0.5714285714285714,-0.04683908496422212,-0.3921051203259707,-0.0699676234810675,True
2360,0.8888888888888888,0.5714285714285714,-0.0521310276594954,-0.42552570640492055,-0.06656137542643509,True
2361,0.9047619047619047,0.5714285714285714,-0.05901969424660109,-0.4742595270064123,-0.06293669661981934,True
2362,0.9206349206349206,0.5714285714285714,-0.06574176987222925,-0.5354228896036057,-0.058916275498414286,True
2363,0.9365079365079365,0.5714285714285714,-0.0671005485803437,-0.5829397254018732,-0.05450328604294344,True
2364,0.9523809523809523,0.5714285714285714,-0.05696313013248016,-0.5674441809043157,-0.05041940284479276,True
2365,0.9682539682539681,0.5714285714285714,-0.03499761506021994,-0.4444689495586105,-0.04779555990582441,True
2366,0.9841269841269841,0.5714285714285714,-0.011092698885152151,-0.23213322423750996,-0.04722588647697781,True
2367,1.0,0.5714285714285714,-9.009785378500103e-07,0.00024936706160102974,-0.04785829153921043,True
2368,0.0,0.5873015873015872,3.4477694099378876e-08,-0.00010845616866368639,-0.03166963536108596,True
2369,0.015873015873015872,0.5873015873015872,0.004651625117893737,0.10611864698825722,-0.031404413347746546,True
2370,0.031746031746031744,0.5873015873015872,0.014425027733108896,0.19999830544303707,-0.03152563922087861,True
2371,0.047619047619047616,0.5873015873015872,0.024402547581448556,0.27218588746161543,-0.032307309441027394,True
2372,0.06349206349206349,0.5873015873015872,0.032259905347301616,0.3227448159161486,-0.033864853113301126,True
2373,0.07936507936507936,0.5873015873015872,0.03787634848676799,0.3572839465745242,-0.036192854523792645,True
2374,0.09523809523809523,0.5873015873015872,0.042295205332114165,0.38109546342599315,-0.03923155817244923,True
2375,0.1111111111111111,0.5873015873015872,0.04578186527763755,0.3958630960042619,-0.04291440977702819,True
2376,0.12698412698412698,0.5873015873015872,0.048437501740947124,0.40206090234526054,-0.047119370578470834,True
2377,0.14285714285714285,0.5873015873015872,0.05040160253678142,0.40104668881096056,-0.05168761421937517,True
2378,0.15873015873015872,0.5873015873015872,0.051547236452446896,0.3936338706431106,-0.05648761794861359,True
2379,0.1746031746031746,0.5873015873015872,0.05193419942204849,0.38074366581326397,-0.06135330377083799,True
2380,0.19047619047619047,0.5873015873015872,0.05175379197106264,0.36417280073074615,-0.06617783608099331,True
2381,0.20634920634920634,0.5873015873015872,0.051159144215596364,0.34543498450365323,-0.07086027435311784,True
2382,0.2222222222222222,0.5873015873015872,0.05038082555638297,0.3258989520357222,-0.07535626165281814,True
2383,0.23809523809523808,0.5873015873015872,0.04954480841311391,0.3063783920986835,-0.07963733657101606,True
2384,0.25396825396825395,0.5873015873015872,0.04874943370047916,0.2872912595096896,-0.0837075168102102,True
2385,0.2698412698412698,0.5873015873015872,0.04803974679634288,0.26877141617458383,-0.08756318065400134,True
2386,0.2857142857142857,0.5873015873015872,0.04743671151441478,0.25077101995615086,-0.09121057681975414,True
2387,0.30158730158730157,0.5873015873015872,0.04690893268380544,0.23320120294239297,-0.09465134968626218,True
2388,0.31746031746031744,0.5873015873015872,0.04643583892436895,0.2159524827831439,-0.09788698536570051,True
2389,0.3333333333333333,0.5873015873015872,0.04598248474516801,0.1989410761806649,-0.10090214467195649,True
2390,0.3492063492063492,0.5873015873015872,0.04552196456520831,0.18211220467627479,-0.1037185960786345,True
2391,0.36507936507936506,0.5873015873015872,0.04503075212206842,0.16543015978187262,-0.10629618117159163,True
2392,0.38095238095238093,0.5873015873015872,0.04449380607943507,0.1488828030962885,-0.10865602053383258,True
2393,0.3968253968253968,0.5873015873015872,0.043896708993148625,0.132462692536226,-0.11079293055666677,True
2394,0.4126984126984127,0.5873015873015872,0.04321236437443567,0.11615537787010682,-0.11267989068410547,True
2395,0.42857142857142855,0.5873015873015872,0.04242934228217866,0.09995008028291842,-0.11433456082449307,True
2396,0.4444444444444444,0.5873015873015872,0.04153555513525316,0.08383392794380333,-0.11573260387408295,True
2397,0.4603174603174603,0.5873015873015872,0.040520634452636116,0.06779596227549398,-0.1168809174815802,True
2398,0.47619047619047616,0.5873015873015872,0.03937390891857827,0.051821056889937926,-0.11778896680610475,True
2399,0.49206349206349204,0.5873015873015872,0.03808259911461622,0.03589184958314368,-0.11843632710873173,True
2400,0.5079365079365079,0.5873015873015872,0.03663251807191815,0.019979393273438957,-0.11882013414716065,True
2401,0.5238095238095237,0.5873015873015872,0.03501403124609097,0.004064066993136678,-0.11895717821084736,True
2402,0.5396825396825397,0.5873015873015872,0.03321876530910907,-0.011864884172798448,-0.11883761440377807,True
2403,0.5555555555555556,0.5873015873015872,0.03124193159626433,-0.02781481599572224,-0.1184543819855941,True
2404,0.5714285714285714,0.5873015873015872,0.029083937488184223,-0.043821498541938404,-0.11782072970658712,True
2405,0.5873015873015872,0.5873015873015872,0.026740237479675598,-0.059893100980450774,-0.11694469995475364,True
2406,0.6031746031746031,0.5873015873015872,0.024203911522532925,-0.0760551146866279,-0.11580889725861418,True
2407,0.6190476190476191,0.5873015873015872,0.02149848255565881,-0.09236283203296487,-0.11444827128546242,True
2408,0.6349206349206349,0.5873015873015872,0.018595647507720532,-0.10880615506731255,-0.11285206136525855,True
2409,0.6507936507936507,0.5873015873015872,0.015526625132067108,-0.1254453055527346,-0.11101935118819307,True
2410,0.6666666666666666,0.5873015873015872,0.012261451110559093,-0.1422889080351033,-0.10898446388439058,True
2411,0.6825396825396826,0.5873015873015872,0.008859471302079768,-0.15940870932575507,-0.10673583636485763,True
2412,0.6984126984126984,0.5873015873015872,0.005305675687042206,-0.1768254711015051,-0.10428800446607135,True
2413,0.7142857142857142,0.5873015873015872,0.0015936720377668185,-0.19457026683816148,-0.1016620572140962,True
2414,0.7301587301587301,0.5873015873015872,-0.00223997679320675,-0.21268027715955792,-0.09885643735380077,True
2415,0.746031746031746,0.5873015873015872,-0.006144880481080223,-0.23117359134686022,-0.09590421714456614,True
2416,0.7619047619047619,0.5873015873015872,-0.010134747545134843,-0.2500099106659842,-0.09280616327075461,True
2417,0.7777777777777777,0.5873015873015872,-0.014144815266055098,-0.26911403494622405,-0.08959418201853563,True
2418,0.7936507936507936,0.5873015873015872,-0.01813053914505964,-0.2883191386482741,-0.08628391418551422,True
2419,0.8095238095238095,0.5873015873015872,-0.02203791863836854,-0.30742659758828245,-0.08292355904075821,True
2420,0.8253968253968254,0.5873015873015872,-0.02586320814328614,-0.32626027691472026,-0.07954837176074948,True
2421,0.8412698412698412,0.5873015873015872,-0.02958437359993729,-0.34493456492264585,-0.07618368158557234,True
2422,0.8571428571428571,0.5873015873015872,-0.03340887256997193,-0.3644428279271101,-0.0728896187313818,True
2423,0.873015873015873,0.5873015873015872,-0.03774928750658466,-0.38741890358007575,-0.06965441529696942,True
2424,0.8888888888888888,0.5873015873015872,-0.04321808787428663,-0.41923630995005595,-0.06642985682635096,True
2425,0.9047619047619047,0.5873015873015872,-0.05031813906394585,-0.46659884468099894,-0.063082466207032,True
2426,0.9206349206349206,0.5873015873015872,-0.05773944708063263,-0.5296076559743119,-0.059417959990954755,True
2427,0.9365079365079365,0.5873015873015872,-0.060871428914723476,-0.5861963530802443,-0.055428615827918574,True
2428,0.9523809523809523,0.5873015873015872,-0.053327568426308494,-0.5825557419450794,-0.051565537754967083,True
2429,0.9682539682539681,0.5873015873015872,-0.03364883933233592,-0.4691621475590012,-0.04898234675306774,True
2430,0.9841269841269841,0.5873015873015872,-0.010868135218020568,-0.251841080407488,-0.04836267772153701,True
2431,1.0,0.5873015873015872,5.119122894371718e-07,-0.0002829950005257654,-0.04896254636159476,True
2432,0.0,0.6031746031746031,-2.3795479546910764e-07,6.500399252915667e-05,-0.031668511803362,True
2433,0.015873015873015872,0.6031746031746031,0.004859699401023538,0.09763218036240731,-0.03138101408885711,True
2434,0.031746031746031744,0.6031746031746031,0.015572642038568577,0.18873195437796034,-0.03144728322793852,True
2435,0.047619047619047616,0.6031746031746031,0.027203221245780108,0.2621921417718346,-0.03215006693454931,True
2436,0.06349206349206349,0.6031746031746031,0.036970929708964206,0.31501593918932064,-0.03361693885945646,True
2437,0.07936507936507936,0.6031746031746031,0.044545721659871945,0.3515856990185747,-0.035848255232898446,True
2438,0.09523809523809523,0.6031746031746031,0.05039046120522664,0.37653405470788726,-0.038800749761444826,True
2439,0.1111111111111111,0.6031746031746031,0.055116802732041045,0.39220869534891767,-0.04239010337593566,True
2440,0.12698412698412698,0.6031746031746031,0.05885817774865749,0.3993620945683037,-0.0465048097921612,True
2441,0.14285714285714285,0.6031746031746031,0.06164985738324016,0.399115405372383,-0.05099678894501552,True
2442,0.15873015873015872,0.6031746031746031,0.06354146700088677,0.3925412521392656,-0.05572349111809312,True
2443,0.1746031746031746,0.6031746031746031,0.06451525195700811,0.38045243409966845,-0.06054462064028938,True
2444,0.19047619047619047,0.6031746031746031,0.06475095131231363,0.3643956984376633,-0.06533036914975156,True
2445,0.20634920634920634,0.6031746031746031,0.064494654286616,0.34603441083016095,-0.06999434845441305,True
2446,0.2222222222222222,0.6031746031746031,0.06393753049597434,0.3266349226876358,-0.07448378082035466,True
2447,0.23809523809523808,0.6031746031746031,0.06328937388271315,0.3071204420710843,-0.07876452112683466,True
2448,0.25396825396825395,0.6031746031746031,0.06266443378762095,0.28796263113706794,-0.08283660040055407,True
2449,0.2698412698412698,0.6031746031746031,0.06212804541167467,0.26933673155397014,-0.08669413576896669,True
2450,0.2857142857142857,0.6031746031746031,0.06168030949415985,0.2512490205669143,-0.09034786857374351,True
2451,0.30158730158730157,0.6031746031746031,0.06132344895718939,0.23360902509107423,-0.09379667035000251,True
2452,0.31746031746031744,0.6031746031746031,0.06102520183071588,0.21632114568207558,-0.0970412428875466,True
2453,0.3333333333333333,0.6031746031746031,0.060751923042380626,0.19930198468163726,-0.10007608560916575,True
2454,0.3492063492063492,0.6031746031746031,0.06046916970301372,0.18249253299325968,-0.10289810510794568,True
2455,0.36507936507936506,0.6031746031746031,0.06016005830394375,0.16585973022123626,-0.10549721975103095,True
2456,0.38095238095238093,0.6031746031746031,0.05977958346692835,0.14937685941540557,-0.10787609989545607,True
2457,0.3968253968253968,0.6031746031746031,0.05931853984716385,0.13303191507706094,-0.11002044149770708,True
2458,0.4126984126984127,0.6031746031746031,0.05876949465521408,0.11682215251418769,-0.11193545859503012,True
2459,0.42857142857142855,0.6031746031746031,0.058106002408495436,0.10072835670000756,-0.1136022127613783,True
2460,0.4444444444444444,0.6031746031746031,0.05731876305641069,0.08474474775362041,-0.11501703931280566,True
2461,0.4603174603174603,0.6031746031746031,0.056388906019818,0.06884522127619823,-0.11618595751410295,True
2462,0.47619047619047616,0.6031746031746031,0.0553041018853872,0.05301232388784,-0.11709711885688155,True
2463,0.49206349206349204,0.6031746031746031,0.054057760086579754,0.03724292477266329,-0.11775410394457905,True
2464,0.5079365079365079,0.6031746031746031,0.05263096826944766,0.02149501021403063,-0.11814906744131531,True
2465,0.5238095238095237,0.6031746031746031,0.05101389545814163,0.005764331623166661,-0.11828611741867563,True
2466,0.5396825396825397,0.6031746031746031,0.04919779417416381,-0.009960265386912501,-0.11816023908492469,True
2467,0.5555555555555556,0.6031746031746031,0.04717724650299476,-0.025719029938490137,-0.11777405850322434,True
2468,0.5714285714285714,0.6031746031746031,0.044951129037881205,-0.04153078165464275,-0.11713579139150053,True
2469,0.5873015873015872,0.6031746031746031,0.042514843808883915,-0.057412036707945105,-0.11623537735600539,True
2470,0.6031746031746031,0.6031746031746031,0.03985732716535476,-0.07337310269503715,-0.11509890762342188,True
2471,0.6190476190476191,0.6031746031746031,0.03699761971964986,-0.08947470234926506,-0.11370819513872797,True
2472,0.6349206349206349,0.6031746031746031,0.03390934364259301,-0.10571411675805312,-0.11208194722083686,True
2473,0.6507936507936507,0.6031746031746031,0.03063720175047722,-0.1221686988323501,-0.11023723969287968,True
2474,0.6666666666666666,0.6031746031746031,0.027163171234653075,-0.13884622790760534,-0.1081669559417319,True
2475,0.6825396825396826,0.6031746031746031,0.023476441115797022,-0.15577855158322615,-0.10588653941761916,True
2476,0.6984126984126984,0.6031746031746031,0.019615282894509357,-0.17302762515468836,-0.10341074324231399,True
2477,0.7142857142857142,0.6031746031746031,0.015586281409068162,-0.19062878932180982,-0.10074526002833413,True
2478,0.7301587301587301,0.6031746031746031,0.011422148428193626,-0.20862219644544258,-0.09791837827575517,True
2479,0.746031746031746,0.6031746031746031,0.0071029446466824514,-0.22701086882366986,-0.09494051178588152,True
2480,0.7619047619047619,0.6031746031746031,0.002698585778158038,-0.24577894938920952,-0.09181804750119939,True
2481,0.7777777777777777,0.6031746031746031,-0.0018066773883375217,-0.2648514449192155,-0.08859132206758383,True
2482,0.7936507936507936,0.6031746031746031,-0.006311501115647384,-0.28409164669930514,-0.0852869775640975,True
2483,0.8095238095238095,0.6031746031746031,-0.01081118609394687,-0.3032654677372589,-0.08192954434681013,True
2484,0.8253968253968254,0.6031746031746031,-0.015231141028514245,-0.32218552540300666,-0.07857542359677226,True
2485,0.8412698412698412,0.6031746031746031,-0.019637917749341385,-0.34087359806155315,-0.07525086396613183,True
2486,0.8571428571428571,0.6031746031746031,-0.024092449340371205,-0.36018519610456756,-0.07202068340656391,True
2487,0.873015873015873,0.6031746031746031,-0.028956365804604187,-0.3824766934263417,-0.06888362639461235,True
2488,0.8888888888888888,0.6031746031746031,-0.0348219936082099,-0.4127944401414147,-0.06582227879792595,True
2489,0.9047619047619047,0.6031746031746031,-0.04221387262067698,-0.45864898281016414,-0.06270962823374165,True
2490,0.9206349206349206,0.6031746031746031,-0.050285620597827346,-0.522639147058038,-0.059377166865749786,True
2491,0.9365079365079365,0.6031746031746031,-0.05493137443995675,-0.5858166433248745,-0.055701931844558246,True
2492,0.9523809523809523,0.6031746031746031,-0.0497566718896944,-0.5959335806310977,-0.05215927513702949,True
2493,0.9682539682539681,0.6031746031746031,-0.03219096423869839,-0.49201604655487946,-0.049679422758135104,True
2494,0.9841269841269841,0.6031746031746031,-0.010607983521107828,-0.2709858978518247,-0.04903229854199359,True
2495,1.0,0.6031746031746031,-4.053457157134947e-07,0.0002643381718315231,-0.04960662630357077,True
2496,0.0,0.6190476190476191,1.5570334490721714e-06,4.056524066236085e-05,-0.03146227866142248,True
2497,0.015873015873015872,0.6190476190476191,0.004939533940573133,0.08876886550615942,-0.031160512973115645,True
2498,0.031746031746031744,0.6190476190476191,0.01637362912690098,0.1762266977421307,-0.031166981510156982,True
2499,0.047619047619047616,0.6190476190476191,0.029578523747806253,0.2503374594558494,-0.03177339113217204,True
2500,0.06349206349206349,0.6190476190476191,0.04124921817816039,0.3055551288389631,-0.03313475599801762,True
2501,0.07936507936507936,0.6190476190476191,0.050593460827553775,0.34419620920175426,-0.035261331361507185,True
2502,0.09523809523809523,0.6190476190476191,0.05794907205847304,0.3705049678709476,-0.0381077295183917,True
2503,0.1111111111111111,0.6190476190476191,0.06399756985277885,0.38740702029821655,-0.04158853094737202,True
2504,0.12698412698412698,0.6190476190476191,0.06883804314327494,0.39562504341079163,-0.04559679086592252,True
2505,0.14285714285714285,0.6190476190476191,0.07255232945232588,0.39634311363930796,-0.04999624687424603,True
2506,0.15873015873015872,0.6190476190476191,0.0752362947032621,0.39075797193368567,-0.054644805369069745,True
2507,0.1746031746031746,0.6190476190476191,0.07688609055558944,0.37961411492151587,-0.059403989134996824,True
2508,0.19047619047619047,0.6190476190476191,0.07762495152603044,0.3642809198050034,-0.06415801629245826,True
2509,0.20634920634920634,0.6190476190476191,0.0777173464578661,0.34633209993288616,-0.06880407471009437,True
2510,0.2222222222222222,0.6190476190476191,0.07744502057802422,0.32715246370872886,-0.07328411585845292,True
2511,0.23809523809523808,0.6190476190476191,0.07700292521098172,0.30768124119775747,-0.07757135294089286,True
2512,0.25396825396825395,0.6190476190476191,0.07656163939393912,0.2884700924838552,-0.08164146881805748,True
2513,0.2698412698412698,0.6190476190476191,0.07618936825951643,0.26974640934715777,-0.08552005208583167,True
2514,0.2857142857142857,0.6190476190476191,0.07592670814239554,0.25155575104426037,-0.08917796242695888,True
2515,0.30158730158730157,0.6190476190476191,0.07574307450462285,0.2338380992030544,-0.09264650055790302,True
2516,0.31746031746031744,0.6190476190476191,0.07563430842783746,0.21650659022226354,-0.09590008970508007,True
2517,0.3333333333333333,0.6190476190476191,0.07554891379053515,0.1994782546204029,-0.09896151332722508,True
2518,0.3492063492063492,0.6190476190476191,0.07544759837124793,0.18269182605717102,-0.10179187617834097,True
2519,0.36507936507936506,0.6190476190476191,0.07532413592816849,0.1661106327435171,-0.10442014209340064,True
2520,0.38095238095238093,0.6190476190476191,0.07512012974131631,0.1497019616209199,-0.10682560213873746,True
2521,0.3968253968253968,0.6190476190476191,0.07483043981374428,0.13345497328699335,-0.10899455443890399,True
2522,0.4126984126984127,0.6190476190476191,0.07442552481253022,0.11735257930300805,-0.11092020170571716,True
2523,0.42857142857142855,0.6190476190476191,0.07390291625528167,0.10139325731916542,-0.11260926938691361,True
2524,0.4444444444444444,0.6190476190476191,0.07322970573486844,0.08554747437163586,-0.11405017095681268,True
2525,0.4603174603174603,0.6190476190476191,0.07239478339796607,0.06979996069571197,-0.11524023133146659,True
2526,0.47619047619047616,0.6190476190476191,0.07139149945403171,0.05415113303177588,-0.11616359864623563,True
2527,0.49206349206349204,0.6190476190476191,0.07019590552655916,0.038547306671478376,-0.11683241646294541,True
2528,0.5079365079365079,0.6190476190476191,0.06880665751665328,0.023017403557085092,-0.11723735038449795,True
2529,0.5238095238095237,0.6190476190476191,0.06719833153797285,0.007475100508122245,-0.11736836903600621,True
2530,0.5396825396825397,0.6190476190476191,0.06537007099236858,-0.008028726871666308,-0.11724684739465197,True
2531,0.5555555555555556,0.6190476190476191,0.06331138722587878,-0.023573986897887974,-0.11685958322773671,True
2532,0.5714285714285714,0.6190476190476191,0.06101642126330997,-0.03914949333237818,-0.11620365832218471,True
2533,0.5873015873015872,0.6190476190476191,0.05847972376714228,-0.05478888003596823,-0.11529079629955455,True
2534,0.6031746031746031,0.6190476190476191,0.05571199733665425,-0.07054499922586555,-0.11413467730586432,True
2535,0.6190476190476191,0.6190476190476191,0.05269437952161899,-0.0864109302725272,-0.11271800992733426,True
2536,0.6349206349206349,0.6190476190476191,0.0494402757869748,-0.1024425473440528,-0.11106655488615293,True
2537,0.6507936507936507,0.6190476190476191,0.045953090144812,-0.11867246906763289,-0.10918865856730796,True
2538,0.6666666666666666,0.6190476190476191,0.042218689880191146,-0.13512222147530173,-0.10707604208352972,True
2539,0.6825396825396826,0.6190476190476191,0.038278460635873965,-0.1518645836278452,-0.10476013947339315,True
2540,0.6984126984126984,0.6190476190476191,0.0341137881708161,-0.16892195796305215,-0.10224183727241916,True
2541,0.7142857142857142,0.6190476190476191,0.029755288653382263,-0.18635041106105293,-0.09953852606547223,True
2542,0.7301587301587301,0.6190476190476191,0.02518754928850566,-0.20417076029236192,-0.09666590489799468,True
2543,0.746031746031746,0.6190476190476191,0.020474468823357,-0.22242544839679065,-0.09364888979942973,True
2544,0.7619047619047619,0.6190476190476191,0.015597591677235977,-0.24108058197453258,-0.09049633626427615,True
2545,0.7777777777777777,0.6190476190476191,0.01061646714946423,-0.2600819153277021,-0.0872416207497369,True
2546,0.7936507936507936,0.6190476190476191,0.005563440309989235,-0.2792915380817821,-0.08391804211956741,True
2547,0.8095238095238095,0.6190476190476191,0.00043270934761530214,-0.2984620736563529,-0.08054467130022341,True
2548,0.8253968253968254,0.6190476190476191,-0.004678257459179254,-0.3174327633453554,-0.07720139495797351,True
2549,0.8412698412698412,0.6190476190476191,-0.009788521955480224,-0.33612172408437024,-0.0739045179279186,True
2550,0.8571428571428571,0.6190476190476191,-0.014982625660761414,-0.35524195928013025,-0.07071751889767322,True
2551,0.873015873015873,0.6190476190476191,-0.020507495010116544,-0.37690254359226993,-0.06767339322152303,True
2552,0.8888888888888888,0.6190476190476191,-0.026854264861576587,-0.40609185927272373,-0.06472898540394612,True
2553,0.9047619047619047,0.6190476190476191,-0.034626338009591404,-0.45044022680926216,-0.06181390291027609,True
2554,0.9206349206349206,0.6190476190476191,-0.043284555866089244,-0.5146733396467914,-0.05878609109165844,True
2555,0.9365079365079365,0.6190476190476191,-0.04934641812901688,-0.5843820603417413,-0.05546988834742606,True
2556,0.9523809523809523,0.6190476190476191,-0.0461674082709217,-0.6068259765289427,-0.05218360934902358,True
2557,0.9682539682539681,0.6190476190476191,-0.030767747102216046,-0.5132401113011956,-0.04984977130236226,True
2558,0.9841269841269841,0.6190476190476191,-0.01034511673824887,-0.28927855116017015,-0.049203832170910455,True
2559,1.0,0.6190476190476191,3.8232757545540097e-07,-0.00024951694311643074,-0.04975840637060183,True
2560,0.0,0.6349206349206349,-1.2741121304824077e-06,-8.456012515825464e-05,-0.031075010888290268,True
2561,0.015873015873015872,0.6349206349206349,0.004924613283083984,0.0796611780427729,-0.030767180507368607,True
2562,0.031746031746031744,0.6349206349206349,0.01682330079472396,0.16272944227505598,-0.030721692876527453,True
2563,0.047619047619047616,0.6349206349206349,0.03127598607301787,0.23665830568400031,-0.03122905411827489,True
2564,0.06349206349206349,0.6349206349206349,0.04482119967072245,0.294051906953637,-0.03246176429869617,True
2565,0.07936507936507936,0.6349206349206349,0.0559486240914043,0.33499584893591683,-0.034466241735421704,True
2566,0.09523809523809523,0.6349206349206349,0.064991609978567,0.3631368439430722,-0.0371780565802925,True
2567,0.1111111111111111,0.6349206349206349,0.07236953912756372,0.3813283633919159,-0.040528095352054226,True
2568,0.12698412698412698,0.6349206349206349,0.07829687570364402,0.3907407897114522,-0.04441792762373047,True
2569,0.14285714285714285,0.6349206349206349,0.08302182565312652,0.39264136859143284,-0.048703612349209564,True
2570,0.15873015873015872,0.6349206349206349,0.0865872062060628,0.3882358923716722,-0.053260766249582925,True
2571,0.1746031746031746,0.6349206349206349,0.08894262220411737,0.3781419724750093,-0.057957380695479094,True
2572,0.19047619047619047,0.6349206349206349,0.09026683696254773,0.3636393509858555,-0.06266085188519957,True
2573,0.20634920634920634,0.6349206349206349,0.09081583213490603,0.34629518610582055,-0.06729062577603151,True
2574,0.2222222222222222,0.6349206349206349,0.09085585001298126,0.3273942107466089,-0.0717595251915158,True
2575,0.23809523809523808,0.6349206349206349,0.09068729165409974,0.30803079397166916,-0.07604848732083302,True
2576,0.25396825396825395,0.6349206349206349,0.09044768186737713,0.28878697727275005,-0.08014328599239152,True
2577,0.2698412698412698,0.6349206349206349,0.09027043319309455,0.26997559748752875,-0.08402019483415225,True
2578,0.2857142857142857,0.6349206349206349,0.09018125700029832,0.25168050759740884,-0.08770687159382613,True
2579,0.30158730158730157,0.6349206349206349,0.09018386744556371,0.23388129581754083,-0.09118902148836433,True
2580,0.31746031746031744,0.6349206349206349,0.09027076084639904,0.21649896731039855,-0.09446989759770265,True
2581,0.3333333333333333,0.6349206349206349,0.0903884446539017,0.19945958616267198,-0.0975487535598655,True
2582,0.3492063492063492,0.6349206349206349,0.09049535552126146,0.18270000971089603,-0.10042085443555404,True
2583,0.36507936507936506,0.6349206349206349,0.09055887570742291,0.16617380264209894,-0.10306842646851098,True
2584,0.38095238095238093,0.6349206349206349,0.0905424442826626,0.14984685552064303,-0.10548875968736618,True
2585,0.3968253968253968,0.6349206349206349,0.09044196069407749,0.13371132178775286,-0.10769316574285166,True
2586,0.4126984126984127,0.6349206349206349,0.09020987334317696,0.11774211349323498,-0.10965423516438354,True
2587,0.42857142857142855,0.6349206349206349,0.08981912118988944,0.10190829504883216,-0.11136625568465003,True
2588,0.4444444444444444,0.6349206349206349,0.08928781456352824,0.0862347640738137,-0.11283540494860904,True
2589,0.4603174603174603,0.6349206349206349,0.08856548245312491,0.07066591795722675,-0.1140423389342319,True
2590,0.47619047619047616,0.6349206349206349,0.08765559314263846,0.05521511144142241,-0.11498579040227577,True
2591,0.49206349206349204,0.6349206349206349,0.08652247411000295,0.03980281375995213,-0.11566581981441747,True
2592,0.5079365079365079,0.6349206349206349,0.08518081893767653,0.024497108685476648,-0.11608515654674578,True
2593,0.5238095238095237,0.6349206349206349,0.08359078088127321,0.009185478219636903,-0.11622206684109979,True
2594,0.5396825396825397,0.6349206349206349,0.08175795288959296,-0.006087277074734454,-0.1160974352645438,True
2595,0.5555555555555556,0.6349206349206349,0.0796687472455709,-0.021373863880522356,-0.1157082217670053,True
2596,0.5714285714285714,0.6349206349206349,0.07731752273286546,-0.03671014086290671,-0.11504121733575304,True
2597,0.5873015873015872,0.6349206349206349,0.07469677640201097,-0.052104961742936405,-0.11411377534657785,True
2598,0.6031746031746031,0.6349206349206349,0.07180824865857616,-0.06759586569528316,-0.11292377733948941,True
2599,0.6190476190476191,0.6349206349206349,0.06863755698591228,-0.0831944202504562,-0.11148502353367358,True
2600,0.6349206349206349,0.6349206349206349,0.06520629382764356,-0.09897554514280607,-0.10980589574174118,True
2601,0.6507936507936507,0.6349206349206349,0.06149883217719179,-0.11494595113658866,-0.10787953071100483,True
2602,0.6666666666666666,0.6349206349206349,0.05752657462772166,-0.13115689975712413,-0.10572366568692104,True
2603,0.6825396825396826,0.6349206349206349,0.05329315753037295,-0.14765239338221953,-0.10336370352183398,True
2604,0.6984126984126984,0.6349206349206349,0.04881053081502509,-0.16448111380546804,-0.10079259342710449,True
2605,0.7142857142857142,0.6349206349206349,0.04410551704519504,-0.18169947484909355,-0.09803634140994859,True
2606,0.7301587301587301,0.6349206349206349,0.03915168746725032,-0.19932470033255498,-0.09511202369250422,True
2607,0.746031746031746,0.6349206349206349,0.0340019992883951,-0.21739647642678514,-0.09203807816598415,True
2608,0.7619047619047619,0.6349206349206349,0.02866445187536973,-0.23590099210516774,-0.08883986501167838,True
2609,0.7777777777777777,0.6349206349206349,0.02314839805554797,-0.2547719372802918,-0.08553841396529796,True
2610,0.7936507936507936,0.6349206349206349,0.01747084324597963,-0.2738758008198796,-0.08217149578982054,True
2611,0.8095238095238095,0.6349206349206349,0.011729926686394967,-0.2930203617246524,-0.07878565627901583,True
2612,0.8253968253968254,0.6349206349206349,0.0059168826821010025,-0.31193761909712847,-0.07541580451056809,True
2613,0.8412698412698412,0.6349206349206349,1.9480519869120198e-05,-0.33060908688902757,-0.07213338994723492,True
2614,0.8571428571428571,0.6349206349206349,-0.005988120606496683,-0.34956371613746007,-0.0689752640787017,True
2615,0.873015873015873,0.6349206349206349,-0.012241562446567334,-0.3707746754154299,-0.06598863521486642,True
2616,0.8888888888888888,0.6349206349206349,-0.01926003094562306,-0.39881203842726387,-0.06316123703535241,True
2617,0.9047619047619047,0.6349206349206349,-0.027492400589679375,-0.4415947730779131,-0.06042990212612994,True
2618,0.9206349206349206,0.6349206349206349,-0.03678324242275615,-0.5058792388241542,-0.05764188091001272,True
2619,0.9365079365079365,0.6349206349206349,-0.044089570204374325,-0.5808513487115532,-0.05468522881061459,True
2620,0.9523809523809523,0.6349206349206349,-0.04298590383570853,-0.6151054237512724,-0.051700626129368654,True
2621,0.9682539682539681,0.6349206349206349,-0.02948204507440427,-0.5326623718824889,-0.04950020214715571,True
2622,0.9841269841269841,0.6349206349206349,-0.010076802323197985,-0.30712965449848,-0.048855509744401816,True
2623,1.0,0.6349206349206349,-4.514583149645431e-07,0.00025151378960265824,-0.04938958249226335,True
2624,0.0,0.6507936507936507,3.759817938787232e-07,8.876547044890404e-05,-0.030546963377565333,True
2625,0.015873015873015872,0.6507936507936507,0.004821684180874355,0.07061908652966886,-0.030237830860594745,True
2626,0.031746031746031744,0.6507936507936507,0.01692820589559679,0.14847045340886958,-0.030145237294120313,True
2627,0.047619047619047616,0.6507936507936507,0.03240229111778801,0.22148271457745175,-0.030548255935765264,True
2628,0.06349206349206349,0.6507936507936507,0.04760711793038415,0.28070242691012154,-0.031643075843906875,True
2629,0.07936507936507936,0.6507936507936507,0.06066537305059293,0.3241643050641247,-0.0334884886711549,True
2630,0.09523809523809523,0.6507936507936507,0.07132261097868448,0.35430034690923534,-0.036052402348067725,True
2631,0.1111111111111111,0.6507936507936507,0.08009474124490289,0.374074478394918,-0.03925286137155417,True
2632,0.12698412698412698,0.6507936507936507,0.08727087507106521,0.38497309287847903,-0.04299273347823716,True
2633,0.14285714285714285,0.6507936507936507,0.09298768786360542,0.3880321674152777,-0.047146311792417996,True
2634,0.15873015873015872,0.6507936507936507,0.09744346115294188,0.3848024928650543,-0.0515938088517895,True
2635,0.1746031746031746,0.6507936507936507,0.10065936936102131,0.37599161133014225,-0.05620365583877184,True
2636,0.19047619047619047,0.6507936507936507,0.1026330562219392,0.362438833113361,-0.06085051805154011,True
2637,0.20634920634920634,0.6507936507936507,0.10373433574809043,0.3458198435308035,-0.06544516243389799,True
2638,0.2222222222222222,0.6507936507936507,0.10420162698932306,0.32735886061831254,-0.06990933198533246,True
2639,0.23809523809523808,0.6507936507936507,0.10430048930449637,0.30813449055842385,-0.07420368172017205,True
2640,0.25396825396825395,0.6507936507936507,0.10431719302661614,0.28890258056672313,-0.07830706359684451,True
2641,0.2698412698412698,0.6507936507936507,0.10434421386077708,0.2700160371701646,-0.08221118789189595,True
2642,0.2857142857142857,0.6507936507936507,0.10445425488294507,0.2516208613020066,-0.08591712795514941,True
2643,0.30158730158730157,0.6507936507936507,0.1046690102005767,0.23372678944245828,-0.0894266427045123,True
2644,0.31746031746031744,0.6507936507936507,0.10494887526106321,0.21628843701024117,-0.09274071517746305,True
2645,0.3333333333333333,0.6507936507936507,0.10526988150780414,0.19923422569710736,-0.09584343758999772,True
2646,0.3492063492063492,0.6507936507936507,0.10559505965376358,0.1824977700659932,-0.09874990808183072,True
2647,0.36507936507936506,0.6507936507936507,0.10587413325239964,0.1660325703085482,-0.10143605484952746,True
2648,0.38095238095238093,0.6507936507936507,0.10607173364693355,0.14980094779786626,-0.1039003019474271,True
2649,0.3968253968253968,0.6507936507936507,0.10615712837088316,0.13377846640129223,-0.10612535187429513,True
2650,0.4126984126984127,0.6507936507936507,0.10611319562517861,0.11795154026019607,-0.10812928077462251,True
2651,0.42857142857142855,0.6507936507936507,0.10590320343517008,0.10229390973632606,-0.10987667119038583,True
2652,0.4444444444444444,0.6507936507936507,0.10551371325212314,0.08679410623982649,-0.11137010350917306,True
2653,0.4603174603174603,0.6507936507936507,0.10491746145565606,0.0714216073860202,-0.11260430808532827,True
2654,0.47619047619047616,0.6507936507936507,0.10410968050518286,0.05617366822870791,-0.11357673879710305,True
2655,0.49206349206349204,0.6507936507936507,0.10306560807226185,0.04101464829345908,-0.11427503303642535,True
2656,0.5079365079365079,0.6507936507936507,0.10177446606608602,0.02593946063451444,-0.11469480554187753,True
2657,0.5238095238095237,0.6507936507936507,0.10022102513928305,0.010897846850046418,-0.11485777976189639,True
2658,0.5396825396825397,0.6507936507936507,0.09838920838803754,-0.0041187489137835195,-0.114724617764513,True
2659,0.5555555555555556,0.6507936507936507,0.09627595686418079,-0.01914479354312677,-0.11432353645963247,True
2660,0.5714285714285714,0.6507936507936507,0.09386867087669627,-0.03417548844851035,-0.11365111660555949,True
2661,0.5873015873015872,0.6507936507936507,0.09116414501829909,-0.0492877534808554,-0.11269976057637467,True
2662,0.6031746031746031,0.6507936507936507,0.08815936071528468,-0.06448705565212677,-0.1114937315421989,True
2663,0.6190476190476191,0.6507936507936507,0.08485208789951101,-0.07981951066288753,-0.11002276030884899,True
2664,0.6349206349206349,0.6507936507936507,0.08123550294956443,-0.09530397640484096,-0.10829584718869449,True
2665,0.6507936507936507,0.6507936507936507,0.07730852656525684,-0.1109826878392296,-0.1063196673092849,True
2666,0.6666666666666666,0.6507936507936507,0.07309367071280255,-0.1269235049605974,-0.1041248930170144,True
2667,0.6825396825396826,0.6507936507936507,0.0685851523634557,-0.1431552541282853,-0.10170024492523379,True
2668,0.6984126984126984,0.6507936507936507,0.06378019008410458,-0.1597204183213591,-0.09906972334800035,True
2669,0.7142857142857142,0.6507936507936507,0.0586796351684738,-0.17666386049060412,-0.09624802061822658,True
2670,0.7301587301587301,0.6507936507936507,0.05335094279848627,-0.19406842479166997,-0.09326214492831904,True
2671,0.746031746031746,0.6507936507936507,0.047740564812253514,-0.21190923885840285,-0.09011594200893734,True
2672,0.7619047619047619,0.6507936507936507,0.04188835951540139,-0.2302013648950099,-0.08684850004247704,True
2673,0.7777777777777777,0.6507936507936507,0.03581216045558738,-0.24888661287797056,-0.08348439460685177,True
2674,0.7936507936507936,0.6507936507936507,0.029559297841823137,-0.26784123584768454,-0.08006322746420429,True
2675,0.8095238095238095,0.6507936507936507,0.023100771057387014,-0.28685781349146633,-0.0766310656514924,True
2676,0.8253968253968254,0.6507936507936507,0.01649655594835112,-0.30568404179857966,-0.0732303764404605,True
2677,0.8412698412698412,0.6507936507936507,0.009777372243328749,-0.3242609934076775,-0.06993276200914485,True
2678,0.8571428571428571,0.6507936507936507,0.0029339023861185524,-0.3430559259927929,-0.06678973521029592,True
2679,0.873015873015873,0.6507936507936507,-0.0041956079474267565,-0.3638521479893455,-0.06384261225506352,True
2680,0.8888888888888888,0.6507936507936507,-0.011929523703180475,-0.390944970052416,-0.06110387923831666,True
2681,0.9047619047619047,0.6507936507936507,-0.020807326334846162,-0.43231747851363206,-0.05851828748195232,True
2682,0.9206349206349206,0.6507936507936507,-0.030748405445735868,-0.4962861504066276,-0.05594600623310631,True
2683,0.9365079365079365,0.6507936507936507,-0.03924376605051602,-0.5754348560684833,-0.05326711037257621,True
2684,0.9523809523809523,0.6507936507936507,-0.04005179310201228,-0.6212032723165509,-0.05058600448978346,True
2685,0.9682539682539681,0.6507936507936507,-0.028220800234693463,-0.5503834231184913,-0.048570947184472045,True
2686,0.9841269841269841,0.6507936507936507,-0.009831868027612801,-0.3243261810627517,-0.04795532034657354,True
2687,1.0,0.6507936507936507,2.572467899430477e-07,-0.00015347048012060333,-0.04847961910817029,True
2688,0.0,0.6666666666666666,7.617044735002355e-08,-2.8467833948872554e-05,-0.02991298538372334,True
2689,0.015873015873015872,0.6666666666666666,0.004629527956978606,0.06163844736989696,-0.029609424072376746,True
2690,0.031746031746031744,0.6666666666666666,0.016702101854379668,0.1337932339437007,-0.029475228358120522,True
2691,0.047619047619047616,0.6666666666666666,0.03287654389127531,0.20503704572799084,-0.029775373827054318,True
2692,0.06349206349206349,0.6666666666666666,0.049568582571434726,0.2655658458587296,-0.030714996887867177,True
2693,0.07936507936507936,0.6666666666666666,0.0644188395203157,0.31142538798396774,-0.03238582774482457,True
2694,0.09523809523809523,0.6666666666666666,0.07682087372937754,0.3438708046244497,-0.034767426234798976,True
2695,0.1111111111111111,0.6666666666666666,0.08707391024678691,0.3654585192362554,-0.03778739914543255,True
2696,0.12698412698412698,0.6666666666666666,0.09553484484028266,0.3779766206696702,-0.04135149929068278,True
2697,0.14285714285714285,0.6666666666666666,0.10236342124180763,0.38251016864978904,-0.04534892647833294,True
2698,0.15873015873015872,0.6666666666666666,0.10779171279807806,0.38052903701439433,-0.04965494649341843,True
2699,0.1746031746031746,0.6666666666666666,0.11188547945151107,0.372961142453417,-0.05415258169209316,True
2700,0.19047619047619047,0.6666666666666666,0.11468989905812353,0.3606489665918058,-0.05872775854894967,True
2701,0.20634920634920634,0.6666666666666666,0.11640663020508399,0.34483855402727354,-0.06327744373666304,True
2702,0.2222222222222222,0.6666666666666666,0.11735893894396253,0.3269028102078233,-0.06772592553737579,True
2703,0.23809523809523808,0.6666666666666666,0.11785914061876913,0.3079509814751695,-0.07202284384714577,True
2704,0.25396825396825395,0.6666666666666666,0.11815934432199582,0.2887738180638054,-0.07614227265013283,True
2705,0.2698412698412698,0.6666666666666666,0.11843618792993724,0.26983754917407926,-0.08007203274653951,True
2706,0.2857142857142857,0.6666666666666666,0.11876104514127755,0.2513532168219675,-0.08380833563391125,True
2707,0.30158730158730157,0.6666666666666666,0.11918778234697545,0.23336756043682166,-0.08735459983019776,True
2708,0.31746031746031744,0.6666666666666666,0.11968754528586313,0.2158655287195275,-0.09070441708693867,True
2709,0.3333333333333333,0.6666666666666666,0.12023358559885453,0.19878977316652136,-0.09384813598175017,True
2710,0.3492063492063492,0.6666666666666666,0.12078563930818373,0.1820749846181634,-0.09679407518398182,True
2711,0.36507936507936506,0.6666666666666666,0.12129102423353055,0.16567300264200685,-0.09952417284519725,True
2712,0.38095238095238093,0.6666666666666666,0.12171630801976668,0.14954376030924377,-0.10202704750311846,True
2713,0.3968253968253968,0.6666666666666666,0.12202022799300409,0.13365302055460349,-0.10431158003511645,True
2714,0.4126984126984127,0.6666666666666666,0.1221726567972347,0.11798047525866301,-0.10634473519017724,True
2715,0.42857142857142855,0.6666666666666666,0.12214698981859652,0.10250174700720449,-0.10813297547007258,True
2716,0.4444444444444444,0.6666666666666666,0.12192284945112235,0.08720242222585872,-0.10966489855985617,True
2717,0.4603174603174603,0.6666666666666666,0.12147483187219432,0.07205588302203889,-0.11093207875361376,True
2718,0.47619047619047616,0.6666666666666666,0.12078543983696129,0.05703875192832897,-0.11193232339958768,True
2719,0.49206349206349204,0.6666666666666666,0.11984189298453167,0.0421510673146882,-0.11265051092237446,True
2720,0.5079365079365079,0.6666666666666666,0.11861487931518086,0.02731789087558732,-0.11309272640008552,True
2721,0.5238095238095237,0.6666666666666666,0.11710602593888562,0.012568139991606315,-0.1132566230375137,True
2722,0.5396825396825397,0.6666666666666666,0.11529103202711578,-0.002133974582436248,-0.11313478453724199,True
2723,0.5555555555555556,0.6666666666666666,0.11316264207551972,-0.016876792120415516,-0.11272394042115692,True
2724,0.5714285714285714,0.6666666666666666,0.11071205723334226,-0.03159444234452906,-0.11204186506788327,True
2725,0.5873015873015872,0.6666666666666666,0.10793485833503794,-0.046398454554678066,-0.11107797554911848,True
2726,0.6031746031746031,0.6666666666666666,0.10481802451483481,-0.061274465724682564,-0.10982999160326173,True
2727,0.6190476190476191,0.6666666666666666,0.10136279677708279,-0.07627156909824952,-0.108321236786151,True
2728,0.6349206349206349,0.6666666666666666,0.09757135520584852,-0.0914368314183892,-0.10655600463748531,True
2729,0.6507936507936507,0.6666666666666666,0.0934304209593131,-0.10679416488521419,-0.10453209001373605,True
2730,0.6666666666666666,0.6666666666666666,0.08896356543714658,-0.12241797039750378,-0.10227335349799703,True
2731,0.6825396825396826,0.6666666666666666,0.08415098709121939,-0.13832473481903856,-0.09978280598229436,True
2732,0.6984126984126984,0.6666666666666666,0.07902218765819342,-0.15459353611147617,-0.0970800561840482,True
2733,0.7142857142857142,0.6666666666666666,0.0735631394400433,-0.17125403339537792,-0.09418255883612749,True
2734,0.7301587301587301,0.6666666666666666,0.06779424311417949,-0.1883588412281504,-0.09110968202048672,True
2735,0.746031746031746,0.6666666666666666,0.06170876581362433,-0.205924138023808,-0.08788121644428068,True
2736,0.7619047619047619,0.6666666666666666,0.05534787441870618,-0.22396288268999662,-0.08453128409880405,True
2737,0.7777777777777777,0.6666666666666666,0.04868020976653568,-0.24239699435391915,-0.0810830996206162,True
2738,0.7936507936507936,0.6666666666666666,0.04175309866591927,-0.261127720747642,-0.0775893275621151,True
2739,0.8095238095238095,0.6666666666666666,0.03456458618608825,-0.27992970128063865,-0.07408499138647745,True
2740,0.8253968253968254,0.6666666666666666,0.02716577657020486,-0.2986110456719419,-0.07064036822998936,True
2741,0.8412698412698412,0.6666666666666666,0.019580932041364147,-0.31703993905629163,-0.06730949552137615,True
2742,0.8571428571428571,0.6666666666666666,0.011785771236870515,-0.33563349066422093,-0.06415528168979556,True
2743,0.873015873015873,0.6666666666666666,0.003713430835675279,-0.35604751947335866,-0.0612344215230368,True
2744,0.8888888888888888,0.6666666666666666,-0.004887732624297206,-0.38234657983439624,-0.05855754651662661,True
2745,0.9047619047619047,0.6666666666666666,-0.014443634679112053,-0.4224673903464968,-0.05608525489805147,True
2746,0.9206349206349206,0.6666666666666666,-0.02510754176411833,-0.4857936927601289,-0.05370891521421078,True
2747,0.9365079365079365,0.6666666666666666,-0.03476495093120318,-0.5687695554718428,-0.05129471590772091,True
2748,0.9523809523809523,0.6666666666666666,-0.03732231746379218,-0.6258452848083729,-0.04889222290274066,True
2749,0.9682539682539681,0.6666666666666666,-0.02722972073468562,-0.5674585855799174,-0.04706650089866408,True
2750,0.9841269841269841,0.6666666666666666,-0.009633560959857195,-0.3410913840917638,-0.04650858289392182,True
2751,1.0,0.6666666666666666,-1.6262097034283172e-07,0.0001245279836183322,-0.04702058525764193,True
2752,0.0,0.6825396825396826,1.926088747627252e-07,-1.2825388075915195e-05,-0.029205574322247366,True
2753,0.015873015873015872,0.6825396825396826,0.004361676917117258,0.053049965128791586,-0.0289136747724426,True
2754,0.031746031746031744,0.6825396825396826,0.016161689092286966,0.11901094699771075,-0.028745751638817724,True
2755,0.047619047619047616,0.6825396825396826,0.03271384612046372,0.18761359497591762,-0.02894462076598913,True
2756,0.06349206349206349,0.6825396825396826,0.05059980448206367,0.24872131305650869,-0.029722870179507824,True
2757,0.07936507936507936,0.6825396825396826,0.06716402635332326,0.29689923235323473,-0.0311959827225157,True
2758,0.09523809523809523,0.6825396825396826,0.08132763452912199,0.3317841108676894,-0.0333660625466634,True
2759,0.1111111111111111,0.6825396825396826,0.09314285125090149,0.3554208451286565,-0.03617291582588595,True
2760,0.12698412698412698,0.6825396825396826,0.10295010159239026,0.3697013568438832,-0.039530474747577767,True
2761,0.14285714285714285,0.6825396825396826,0.11097137722425572,0.375842961544894,-0.04333492391918949,True
2762,0.15873015873015872,0.6825396825396826,0.11743945034882253,0.37523749313883464,-0.047472415764293084,True
2763,0.1746031746031746,0.6825396825396826,0.12253448891288003,0.369068254820819,-0.0518292912498759,True
2764,0.19047619047619047,0.6825396825396826,0.12624069093347234,0.35802791505869985,-0.056302379931811516,True
2765,0.20634920634920634,0.6825396825396826,0.12872919075883246,0.34323161564211163,-0.06078931081148519,True
2766,0.2222222222222222,0.6825396825396826,0.1302870319820344,0.32595851157138295,-0.06520817251611026,True
2767,0.23809523809523808,0.6825396825396826,0.13127582046599148,0.3073926544916829,-0.06950293386600355,True
2768,0.25396825396825395,0.6825396825396826,0.13194437575228024,0.2883515232229343,-0.07363821293738591,True
2769,0.2698412698412698,0.6825396825396826,0.13252121557222749,0.2694110737980777,-0.07760015089461764,True
2770,0.2857142857142857,0.6825396825396826,0.1331054704938633,0.25085296437738375,-0.08137285608919247,True
2771,0.30158730158730157,0.6825396825396826,0.13377353055490432,0.2327834292221579,-0.08496025391412347,True
2772,0.31746031746031744,0.6825396825396826,0.13450835143937795,0.21521697337996426,-0.08835396580998976,True
2773,0.3333333333333333,0.6825396825396826,0.1352930961497626,0.19811254112824234,-0.0915533732259748,True
2774,0.3492063492063492,0.6825396825396826,0.13607817278572357,0.18141685512174457,-0.0945457143930108,True
2775,0.36507936507936506,0.6825396825396826,0.136833959809573,0.16507950386528528,-0.09733221422848597,True
2776,0.38095238095238093,0.6825396825396826,0.13749772818213427,0.1490556709084537,-0.09989299956537996,True
2777,0.3968253968253968,0.6825396825396826,0.1380237804665782,0.13329984666802547,-0.10221554236620391,True
2778,0.4126984126984127,0.6825396825396826,0.13841405851824712,0.11781255574206048,-0.10431038139484765,True
2779,0.42857142857142855,0.6825396825396826,0.13857626352116637,0.10251884200315674,-0.10613837618666658,True
2780,0.4444444444444444,0.6825396825396826,0.13854829457690315,0.08745474766320387,-0.10771922025478463,True
2781,0.4603174603174603,0.6825396825396826,0.13825314775948613,0.07253633433911996,-0.10902658883892145,True
2782,0.47619047619047616,0.6825396825396826,0.13771170835995053,0.057806317375138805,-0.11005548196645883,True
2783,0.49206349206349204,0.6825396825396826,0.13687103868471992,0.043169987354667136,-0.11080922094990756,True
2784,0.5079365079365079,0.6825396825396826,0.13573743928066936,0.028657871143169013,-0.11127720175292527,True
2785,0.5238095238095237,0.6825396825396826,0.13427807984481646,0.01421269904985287,-0.11143886047623779,True
2786,0.5396825396825397,0.6825396825396826,0.13249163590230165,-0.00018500180066530338,-0.11132886206012776,True
2787,0.5555555555555556,0.6825396825396826,0.13036109573814336,-0.014566756382999466,-0.11092289984689814,True
2788,0.5714285714285714,0.6825396825396826,0.1278731089387753,-0.028960435502511997,-0.11021451817412564,True
2789,0.5873015873015872,0.6825396825396826,0.1250284420162487,-0.04341077111437016,-0.1092322465826292,True
2790,0.6031746031746031,0.6825396825396826,0.12180735612083379,-0.057918766664126285,-0.1079637617545437,True
2791,0.6190476190476191,0.6825396825396826,0.11822163800158982,-0.07257851051216314,-0.10641573171420239,True
2792,0.6349206349206349,0.6825396825396826,0.11425402682401772,-0.08737965139740478,-0.1045929030394592,True
2793,0.6507936507936507,0.6825396825396826,0.10990555565346716,-0.10238095881889912,-0.10251711948182707,True
2794,0.6666666666666666,0.6825396825396826,0.1051800071207857,-0.11763708654345018,-0.1001882623950594,True
2795,0.6825396825396826,0.6825396825396826,0.1000818102170517,-0.13319895085709452,-0.09762134705716205,True
2796,0.6984126984126984,0.6825396825396826,0.09461111564788124,-0.14911541810414206,-0.09483604178051751,True
2797,0.7142857142857142,0.6825396825396826,0.08877690917158386,-0.16543978574611054,-0.09184974542048982,True
2798,0.7301587301587301,0.6825396825396826,0.08256414110499592,-0.18220110906328713,-0.08867767078878892,True
2799,0.746031746031746,0.6825396825396826,0.07599743823152046,-0.19944150353598802,-0.08535016969799841,True
2800,0.7619047619047619,0.6825396825396826,0.06907692206196057,-0.21715151579027603,-0.08189512495669242,True
2801,0.7777777777777777,0.6825396825396826,0.06179847439344694,-0.23527950072418438,-0.07835136058218058,True
2802,0.7936507936507936,0.6825396825396826,0.05416693817081742,-0.2536960720235457,-0.07475524040059577,True
2803,0.8095238095238095,0.6825396825396826,0.046218363935079824,-0.272234210906232,-0.07117051218945612,True
2804,0.8253968253968254,0.6825396825396826,0.037931861467147825,-0.29064612949809,-0.06764614716909031,True
2805,0.8412698412698412,0.6825396825396826,0.02939583287321998,-0.30885635215666557,-0.06426104168385266,True
2806,0.8571428571428571,0.6825396825396826,0.020601748585478568,-0.3272215388819239,-0.06108112249863439,True
2807,0.873015873015873,0.6825396825396826,0.011508328867543903,-0.34728990539805416,-0.05816150729832538,True
2808,0.8888888888888888,0.6825396825396826,0.0019701832013832694,-0.372907109198166,-0.05552696256438282,True
2809,0.9047619047619047,0.6825396825396826,-0.008409324604456602,-0.411864333138309,-0.05314641716054637,True
2810,0.9206349206349206,0.6825396825396826,-0.019834180866340482,-0.4744976585652818,-0.05092349029778798,True
2811,0.9365079365079365,0.6825396825396826,-0.03062098892735193,-0.560496759111018,-0.04874939803706102,True
2812,0.9523809523809523,0.6825396825396826,-0.03494584340651192,-0.6283460419656798,-0.04663073851693725,True
2813,0.9682539682539681,0.6825396825396826,-0.026461606916208746,-0.5827821067847169,-0.04499377831963567,True
2814,0.9841269841269841,0.6825396825396826,-0.009518398234338367,-0.35747472238732414,-0.0444959828256319,True
2815,1.0,0.6825396825396826,-1.898333971706806e-08,2.1953634605781253e-05,-0.045005345255326,True
2816,0.0,0.6984126984126984,-3.021489237447231e-07,-2.848314774844522e-05,-0.02845488605344525,True
2817,0.015873015873015872,0.6984126984126984,0.00403168956457248,0.04484586263282742,-0.028179550570032415,True
2818,0.031746031746031744,0.6984126984126984,0.015351793856329806,0.10445868009338946,-0.02798770648121282,True
2819,0.047619047619047616,0.6984126984126984,0.031919445022760146,0.16955116795924635,-0.02809268462708206,True
2820,0.06349206349206349,0.6984126984126984,0.05066630311479179,0.23048285605935734,-0.028707211550494584,True
2821,0.07936507936507936,0.6984126984126984,0.06877077082017012,0.2805840794522182,-0.029962321466876992,True
2822,0.09523809523809523,0.6984126984126984,0.08464527547820673,0.3179237487859746,-0.031896696820566915,True
2823,0.1111111111111111,0.6984126984126984,0.09811562033808977,0.3438774109883367,-0.03445322537144931,True
2824,0.12698412698412698,0.6984126984126984,0.10937996127961891,0.3601147470624467,-0.03756116800557294,True
2825,0.14285714285714285,0.6984126984126984,0.11866977351283532,0.36801237018603583,-0.04113888694073918,True
2826,0.15873015873015872,0.6984126984126984,0.1263093173184283,0.36896174304306956,-0.04506275099228707,True
2827,0.1746031746031746,0.6984126984126984,0.13243845974832436,0.36415291119180493,-0.04924508445430282,True
2828,0.19047619047619047,0.6984126984126984,0.13713846489711962,0.35445956459254097,-0.05358850820037642,True
2829,0.20634920634920634,0.6984126984126984,0.14054070647701689,0.3408268919790077,-0.057984883390430154,True
2830,0.2222222222222222,0.6984126984126984,0.14289498783395674,0.3244260080904498,-0.06235498788730338,True
2831,0.23809523809523808,0.6984126984126984,0.14445777218780714,0.3063342830927763,-0.06663341860738564,True
2832,0.25396825396825395,0.6984126984126984,0.14562204240797372,0.28756058834880227,-0.07078782725177124,True
2833,0.2698412698412698,0.6984126984126984,0.14657127838452466,0.2686775833513726,-0.07477701647765755,True
2834,0.2857142857142857,0.6984126984126984,0.1474864123061404,0.25008315808272313,-0.07860042926195875,True
2835,0.30158730158730157,0.6984126984126984,0.14843329198410637,0.23194500928648273,-0.08223975557604052,True
2836,0.31746031746031744,0.6984126984126984,0.14942812260677973,0.2143186236515914,-0.08569084033293449,True
2837,0.3333333333333333,0.6984126984126984,0.15046660667056644,0.19718727649163187,-0.08894957727394318,True
2838,0.3492063492063492,0.6984126984126984,0.1515229359112949,0.18051036210645788,-0.09200656159760724,True
2839,0.36507936507936506,0.6984126984126984,0.15253482399115972,0.16424043538528174,-0.09484854654473404,True
2840,0.38095238095238093,0.6984126984126984,0.1534475404884365,0.14832089945749433,-0.09747987485953978,True
2841,0.3968253968253968,0.6984126984126984,0.15423149980286915,0.13272300400578352,-0.09987019163643089,True
2842,0.4126984126984127,0.6984126984126984,0.15484734374832623,0.11741241091224323,-0.10201923243422899,True
2843,0.42857142857142855,0.6984126984126984,0.1552452383099615,0.10234988878821587,-0.10391257278710578,True
2844,0.4444444444444444,0.6984126984126984,0.1554019595975305,0.0875088328016175,-0.10553922479672223,True
2845,0.4603174603174603,0.6984126984126984,0.15530195533839708,0.07288213528253266,-0.10689300858921473,True
2846,0.47619047619047616,0.6984126984126984,0.15490382402828468,0.05841733058842144,-0.10796695452143003,True
2847,0.49206349206349204,0.6984126984126984,0.15419650293807893,0.044098928521899124,-0.10875319154381356,True
2848,0.5079365079365079,0.6984126984126984,0.1531604998899955,0.029918352586402075,-0.10923429872327883,True
2849,0.5238095238095237,0.6984126984126984,0.1517751186153995,0.01580460529404914,-0.10943406727269223,True
2850,0.5396825396825397,0.6984126984126984,0.1500258267235158,0.0017602629449742088,-0.10932010664043006,True
2851,0.5555555555555556,0.6984126984126984,0.14790228661728222,-0.012262004804492967,-0.10890614534189953,True
2852,0.5714285714285714,0.6984126984126984,0.14539563117303325,-0.026278284166259706,-0.10820647951866215,True
2853,0.5873015873015872,0.6984126984126984,0.14248915964231712,-0.04033770154244036,-0.10719388788545646,True
2854,0.6031746031746031,0.6984126984126984,0.13918006537074665,-0.05447553479277847,-0.10588962676734195,True
2855,0.6190476190476191,0.6984126984126984,0.13545778433233202,-0.06871441520869415,-0.10430167001050307,True
2856,0.6349206349206349,0.6984126984126984,0.13132652096353065,-0.08312782963410567,-0.10242991576985455,True
2857,0.6507936507936507,0.6984126984126984,0.12677124922959238,-0.09773044036987248,-0.10028369343961537,True
2858,0.6666666666666666,0.6984126984126984,0.1218026237179242,-0.11259539781541313,-0.09788246683466845,True
2859,0.6825396825396826,0.6984126984126984,0.11640760543852204,-0.12775354955966575,-0.0952293055390554,True
2860,0.6984126984126984,0.6984126984126984,0.11060159244865332,-0.14327990026040274,-0.09235485437394182,True
2861,0.7142857142857142,0.6984126984126984,0.10436563314334875,-0.15920190019779382,-0.08925677501984358,True
2862,0.7301587301587301,0.6984126984126984,0.09772150379532028,-0.17558258464739898,-0.08597647927151154,True
2863,0.746031746031746,0.6984126984126984,0.09064384579552832,-0.19243056694566973,-0.08253384569134385,True
2864,0.7619047619047619,0.6984126984126984,0.08313029678991153,-0.20973891670485878,-0.07895444387198837,True
2865,0.7777777777777777,0.6984126984126984,0.0751997219975222,-0.22747344501642555,-0.07528628633590324,True
2866,0.7936507936507936,0.6984126984126984,0.06685461588824489,-0.24552070601693454,-0.07158051629112612,True
2867,0.8095238095238095,0.6984126984126984,0.058044435416494324,-0.26366577938622965,-0.06787962919462869,True
2868,0.8253968253968254,0.6984126984126984,0.0488546245708156,-0.2817483845635901,-0.06426321158493581,True
2869,0.8412698412698412,0.6984126984126984,0.03929113743127732,-0.29966184314056193,-0.0608021050029611,True
2870,0.8571428571428571,0.6984126984126984,0.029416471524269933,-0.3177453056040952,-0.057569843257570634,True
2871,0.873015873015873,0.6984126984126984,0.019228901550430985,-0.337480686707389,-0.054634094308268905,True
2872,0.8888888888888888,0.6984126984126984,0.008651005062756161,-0.36255086027162153,-0.05201515868740761,True
2873,0.9047619047619047,0.6984126984126984,-0.0026233860165362018,-0.4005479309261139,-0.04969792173203752,True
2874,0.9206349206349206,0.6984126984126984,-0.014885137904793167,-0.4622833503635819,-0.04760672062483327,True
2875,0.9365079365079365,0.6984126984126984,-0.0268240102616883,-0.5508118643037129,-0.04563368695470965,True
2876,0.9523809523809523,0.6984126984126984,-0.032839040647351214,-0.6285722782814841,-0.04375338851005653,True
2877,0.9682539682539681,0.6984126984126984,-0.025926719443469578,-0.5971761351972475,-0.04233321077244026,True
2878,0.9841269841269841,0.6984126984126984,-0.009507882008296562,-0.3734745479739559,-0.04191176940352313,True
2879,1.0,0.6984126984126984,6.397053122875066e-08,-0.00017849147714176715,-0.04243130454119839,True
2880,0.0,0.7142857142857142,2.732524751293433e-07,4.9539957927458074e-05,-0.02768724896779329,True
2881,0.015873015873015872,0.7142857142857142,0.003679587632715025,0.03743733976209155,-0.027431963236962526,True
2882,0.031746031746031744,0.7142857142857142,0.014296400563012953,0.09022795235585779,-0.027224092628046058,True
2883,0.047619047619047616,0.7142857142857142,0.03055366949478137,0.15134417841902828,-0.027251075275369196,True
2884,0.06349206349206349,0.7142857142857142,0.0497919850574843,0.2111898058644676,-0.027697151849034683,True
2885,0.07936507936507936,0.7142857142857142,0.06914181951874365,0.26263584275615215,-0.028726817096954023,True
2886,0.09523809523809523,0.7142857142857142,0.08675380697116662,0.3025055052644923,-0.030381339082102676,True
2887,0.1111111111111111,0.7142857142857142,0.10186082878335406,0.3308296265180276,-0.03266030204431735,True
2888,0.12698412698412698,0.7142857142857142,0.11462762734589815,0.3491747342747047,-0.035488003209645076,True
2889,0.14285714285714285,0.7142857142857142,0.12534318097531613,0.3590139374230707,-0.03877767023355323,True
2890,0.15873015873015872,0.7142857142857142,0.1341538932941073,0.3615042531408186,-0.04246114356916224,True
2891,0.1746031746031746,0.7142857142857142,0.14144860842112303,0.3581955674366799,-0.0464267910911083,True
2892,0.19047619047619047,0.7142857142857142,0.14728750652816378,0.34993085793126405,-0.050590398781791945,True
2893,0.20634920634920634,0.7142857142857142,0.15175625987951186,0.33759303161519355,-0.054869578945584585,True
2894,0.2222222222222222,0.7142857142857142,0.15499357169597391,0.3221066403639412,-0.059164594002501326,True
2895,0.23809523809523808,0.7142857142857142,0.15733663190568448,0.3046996095637401,-0.06342320447840019,True
2896,0.25396825396825395,0.7142857142857142,0.15911947455547526,0.28629521664661645,-0.06758098900450141,True
2897,0.2698412698412698,0.7142857142857142,0.16053088851415795,0.26755332027713846,-0.07160186946621862,True
2898,0.2857142857142857,0.7142857142857142,0.1618447997035464,0.24898685421500188,-0.07546889967896213,True
2899,0.30158730158730157,0.7142857142857142,0.16314109128939905,0.23081611868418508,-0.07917433251990179,True
2900,0.31746031746031744,0.7142857142857142,0.16446114435483203,0.21314179749034423,-0.08270217299076606,True
2901,0.3333333333333333,0.7142857142857142,0.16579915799890443,0.19599010876706438,-0.08603423828044737,True
2902,0.3492063492063492,0.7142857142857142,0.1671357259992599,0.1793332057768573,-0.08916767498440287,True
2903,0.36507936507936506,0.7142857142857142,0.16841498305804953,0.16312635935865094,-0.09209335207753618,True
2904,0.38095238095238093,0.7142857142857142,0.16959698665103592,0.1473208814805023,-0.0947877885312778,True
2905,0.3968253968253968,0.7142857142857142,0.1706643145452265,0.13189137215020602,-0.09726163263783247,True
2906,0.4126984126984127,0.7142857142857142,0.17151593049316705,0.11676625139427033,-0.09947722828593157,True
2907,0.42857142857142855,0.7142857142857142,0.17216492353845037,0.1019476315675731,-0.10144619127410025,True
2908,0.4444444444444444,0.7142857142857142,0.17253741259410418,0.0873678956700333,-0.1031304542878514,True
2909,0.4603174603174603,0.7142857142857142,0.1726324907504935,0.07302985392508027,-0.1045405360802305,True
2910,0.47619047619047616,0.7142857142857142,0.1724100421502764,0.05888327736224025,-0.10566685215978938,True
2911,0.49206349206349204,0.7142857142857142,0.1718460466167699,0.04489886082665625,-0.10648716568096658,True
2912,0.5079365079365079,0.7142857142857142,0.17092969075029463,0.031066800523463847,-0.1070151285024937,True
2913,0.5238095238095237,0.7142857142857142,0.1696267434996554,0.017322566845486633,-0.10722294090268916,True
2914,0.5396825396825397,0.7142857142857142,0.16793625505493073,0.0036737493621592236,-0.10712896371945572,True
2915,0.5555555555555556,0.7142857142857142,0.16583510648618086,-0.009946185499867578,-0.1067209908978756,True
2916,0.5714285714285714,0.7142857142857142,0.16331434188404345,-0.02357530177245204,-0.10599536906542247,True
2917,0.5873015873015872,0.7142857142857142,0.16035973919380603,-0.037183978149431994,-0.10496341364915335,True
2918,0.6031746031746031,0.7142857142857142,0.15697257207796542,-0.050911541701350496,-0.10363479175728275,True
2919,0.6190476190476191,0.7142857142857142,0.15313388222918317,-0.06472554875912313,-0.10199948238027882,True
2920,0.6349206349206349,0.7142857142857142,0.14884159478386305,-0.07869751526250336,-0.10007035093562117,True
2921,0.6507936507936507,0.7142857142857142,0.14409002158624992,-0.0928664781680128,-0.09785652676473808,True
2922,0.6666666666666666,0.7142857142857142,0.13887181504292995,-0.10727537626929984,-0.09537226823445728,True
2923,0.6825396825396826,0.7142857142857142,0.13319454331949482,-0.12200215516223581,-0.09262844810978899,True
2924,0.6984126984126984,0.7142857142857142,0.1270366580233759,-0.1370678351812082,-0.0896421691093854,True
2925,0.7142857142857142,0.7142857142857142,0.12041333908770417,-0.15255547509741263,-0.08643178485867506,True
2926,0.7301587301587301,0.7142857142857142,0.11330474582164007,-0.16847690663473788,-0.08302256033846656,True
2927,0.746031746031746,0.7142857142857142,0.10568364365753197,-0.1848514745125728,-0.07944370371041941,True
2928,0.7619047619047619,0.7142857142857142,0.09758406235522214,-0.2017043209039015,-0.07572692561135753,True
2929,0.7777777777777777,0.7142857142857142,0.08896284321588944,-0.21896634691416028,-0.07192061968074731,True
2930,0.7936507936507936,0.7142857142857142,0.07978290049715715,-0.2364982300214472,-0.06806425505955231,True
2931,0.8095238095238095,0.7142857142857142,0.07012314355809855,-0.2541997639068214,-0.0642393970339998,True
2932,0.8253968253968254,0.7142857142857142,0.05995001363999529,-0.27184538700501315,-0.06050512953571547,True
2933,0.8412698412698412,0.7142857142857142,0.04928746467944834,-0.28936537071360124,-0.05694247480109626,True
2934,0.8571428571428571,0.7142857142857142,0.03826948754949562,-0.3071341189653882,-0.053639508782899345,True
2935,0.873015873015873,0.7142857142857142,0.02692366553046875,-0.3265577512653911,-0.05066125167873516,True
2936,0.8888888888888888,0.7142857142857142,0.015221508446006454,-0.3511750243011898,-0.04803873702615177,True
2937,0.9047619047619047,0.7142857142857142,0.0029520143275369305,-0.38838204770944995,-0.045756949398102764,True
2938,0.9206349206349206,0.7142857142857142,-0.010193667173962584,-0.4491496563973341,-0.04376290582762852,True
2939,0.9365079365079365,0.7142857142857142,-0.02328106588894547,-0.5396410641635953,-0.041950066637976687,True
2940,0.9523809523809523,0.7142857142857142,-0.031068189359197546,-0.6272453646954119,-0.040304196921157935,True
2941,0.9682539682539681,0.7142857142857142,-0.02568194569885257,-0.610155913666145,-0.03908061512497977,True
2942,0.9841269841269841,0.7142857142857142,-0.00962794028577324,-0.3896701352391206,-0.03875693502689602,True
2943,1.0,0.7142857142857142,2.59307584180284e-07,0.00019887274054438528,-0.03929676615830525,True
2944,0.0,0.7301587301587301,-1.7362686853016665e-07,-3.8954436418489997e-05,-0.026924271725728942,True
2945,0.015873015873015872,0.7301587301587301,0.003268590050519979,0.03036715033990971,-0.026692629499473704,True
2946,0.031746031746031744,0.7301587301587301,0.013097827835849372,0.0769781586054779,-0.026479053259996162,True
2947,0.047619047619047616,0.7301587301587301,0.028664313586714472,0.13311147388108152,-0.026432959690953578,True
2948,0.06349206349206349,0.7301587301587301,0.047952068997547,0.19112737033233737,-0.0267340071705885,True
2949,0.07936507936507936,0.7301587301587301,0.0682365801419676,0.24330905145474976,-0.027524392582074047,True
2950,0.09523809523809523,0.7301587301587301,0.08727532815759026,0.2852280248302569,-0.028899345463157082,True
2951,0.1111111111111111,0.7301587301587301,0.10408108976928107,0.31605110903313316,-0.03084856982453298,True
2952,0.12698412698412698,0.7301587301587301,0.11848526929759753,0.33674779886555645,-0.033339835129212285,True
2953,0.14285714285714285,0.7301587301587301,0.13062626611779396,0.3485430915661311,-0.03631427159032769,True
2954,0.15873015873015872,0.7301587301587301,0.14084061455486097,0.35288431103679707,-0.039686861890654374,True
2955,0.1746031746031746,0.7301587301587301,0.14935737017270082,0.3510543356439326,-0.043389131095982116,True
2956,0.19047619047619047,0.7301587301587301,0.15639258478801213,0.3442080311332759,-0.04733977002044064,True
2957,0.20634920634920634,0.7301587301587301,0.16204333177332952,0.33319414738497943,-0.051455663979463925,True
2958,0.2222222222222222,0.7301587301587301,0.16642424652757726,0.31889666884497603,-0.055651156970918644,True
2959,0.23809523809523808,0.7301587301587301,0.16969534309039264,0.30227399606174915,-0.05986008129458574,True
2960,0.25396825396825395,0.7301587301587301,0.17226675834187474,0.28438404919989885,-0.06401343778621812,True
2961,0.2698412698412698,0.7301587301587301,0.17436785203530916,0.26594673069719027,-0.06807320279562842,True
2962,0.2857142857142857,0.7301587301587301,0.1761832802289785,0.24747143737575328,-0.07199666630629618,True
2963,0.30158730158730157,0.7301587301587301,0.17792195369114816,0.22931924119048866,-0.07576861193994382,True
2964,0.31746031746031744,0.7301587301587301,0.1796052815919713,0.2116380280859579,-0.07937592424427281,True
2965,0.3333333333333333,0.7301587301587301,0.18128775434515873,0.1944844881502184,-0.08280164028409982,True
2966,0.3492063492063492,0.7301587301587301,0.1829445921279127,0.17785783036564218,-0.08602952058118941,True
2967,0.36507936507936506,0.7301587301587301,0.18454531714307915,0.16173021538146232,-0.08904904642383363,True
2968,0.38095238095238093,0.7301587301587301,0.1860277462537519,0.14605105744344785,-0.09184070974542966,True
2969,0.3968253968253968,0.7301587301587301,0.18736205639241563,0.13078299933367543,-0.09439937188972138,True
2970,0.4126984126984127,0.7301587301587301,0.1884966726870328,0.11588097542156998,-0.09670392975643775,True
2971,0.42857142857142855,0.7301587301587301,0.18939082514726696,0.10130307990894823,-0.09874797104901889,True
2972,0.4444444444444444,0.7301587301587301,0.1900082781221069,0.08702078936947763,-0.10051058762864269,True
2973,0.4603174603174603,0.7301587301587301,0.19032062630611096,0.0730080578963743,-0.10198566725446452,True
2974,0.47619047619047616,0.7301587301587301,0.19027207931960885,0.05917788949646227,-0.10316353098685735,True
2975,0.49206349206349204,0.7301587301587301,0.18987935037835027,0.045574705094684656,-0.10404225410893699,True
2976,0.5079365079365079,0.7301587301587301,0.1890881845146754,0.03211416773496198,-0.10460109360691766,True
2977,0.5238095238095237,0.7301587301587301,0.18789029403382507,0.018792418150471005,-0.10483810362533189,True
2978,0.5396825396825397,0.7301587301587301,0.18626620320535306,0.0055328616596115425,-0.1047626487940721,True
2979,0.5555555555555556,0.7301587301587301,0.18420320142494512,-0.007635456612843617,-0.1043557748029449,True
2980,0.5714285714285714,0.7301587301587301,0.18168251891647894,-0.020813959134392823,-0.10362284928091982,True
2981,0.5873015873015872,0.7301587301587301,0.17870096550913805,-0.03399666245103157,-0.1025794256796905,True
2982,0.6031746031746031,0.7301587301587301,0.17524059819992313,-0.04725258494913706,-0.10121036037788993,True
2983,0.6190476190476191,0.7301587301587301,0.17129168313845414,-0.060590659613572496,-0.09952267996946478,True
2984,0.6349206349206349,0.7301587301587301,0.16684831384753604,-0.07407696537568044,-0.09753068571694454,True
2985,0.6507936507936507,0.7301587301587301,0.16191059330022287,-0.0877741204198542,-0.09525094494017887,True
2986,0.6666666666666666,0.7301587301587301,0.15646326898387355,-0.1017118096225943,-0.09267962529674056,True
2987,0.6825396825396826,0.7301587301587301,0.15048769225402833,-0.1159263793342558,-0.08982899346547532,True
2988,0.6984126984126984,0.7301587301587301,0.14397880800690457,-0.13047898677801417,-0.0867226657494785,True
2989,0.7142857142857142,0.7301587301587301,0.13694876023820185,-0.1454531604402505,-0.08338897362129759,True
2990,0.7301587301587301,0.7301587301587301,0.12936705681854277,-0.16085939494448448,-0.07984186025339148,True
2991,0.746031746031746,0.7301587301587301,0.12121048557816207,-0.1767100566978692,-0.07610865062692694,True
2992,0.7619047619047619,0.7301587301587301,0.112442406909798,-0.19298632145724948,-0.07223258457110554,True
2993,0.7777777777777777,0.7301587301587301,0.10310671979374572,-0.2096858977004305,-0.06826461625250124,True
2994,0.7936507936507936,0.7301587301587301,0.09310322295620294,-0.22664836180583217,-0.06425269488324586,True
2995,0.8095238095238095,0.7301587301587301,0.08246886780802061,-0.2437523397374418,-0.06026766046046444,True
2996,0.8253968253968254,0.7301587301587301,0.07123164452591979,-0.2608671259554755,-0.056393571377141065,True
2997,0.8412698412698412,0.7301587301587301,0.05947650519600536,-0.2779441546197523,-0.05271644109448071,True
2998,0.8571428571428571,0.7301587301587301,0.047213933061879446,-0.29531272209612497,-0.04931222534637893,True
2999,0.873015873015873,0.7301587301587301,0.034607437710098186,-0.3144384399346791,-0.04626585784982265,True
3000,0.8888888888888888,0.7301587301587301,0.02170494905345853,-0.3386757850999931,-0.04361577321117648,True
3001,0.9047619047619047,0.7301587301587301,0.008353754782690948,-0.3751419529174969,-0.04134645254953164,True
3002,0.9206349206349206,0.7301587301587301,-0.0057142627663372405,-0.4351794724434351,-0.039405843295284085,True
3003,0.9365079365079365,0.7301587301587301,-0.019960614196570064,-0.5269553685500903,-0.037719774866349566,True
3004,0.9523809523809523,0.7301587301587301,-0.029570868273366822,-0.6241308464547574,-0.03627132507116482,True
3005,0.9682539682539681,0.7301587301587301,-0.025807059440891168,-0.6227284300906407,-0.03524725218870421,True
3006,0.9841269841269841,0.7301587301587301,-0.009884724807458346,-0.40633353108675485,-0.035033097821682305,True
3007,1.0,0.7301587301587301,-4.5252128397451636e-07,-0.00013337103119196098,-0.035597621784614446,True
3008,0.0,0.746031746031746,1.87658520541339e-08,5.377281238951461e-06,-0.026182689693495655,True
3009,0.015873015873015872,0.746031746031746,0.0028777818025599727,0.02429906895535879,-0.02597595945387819,True
3010,0.031746031746031744,0.746031746031746,0.011749558873904995,0.0644751050230175,-0.02576403520721416,True
3011,0.047619047619047616,0.746031746031746,0.026387079324446498,0.115640831065974,-0.02566701158753962,True
3012,0.06349206349206349,0.746031746031746,0.04526654152246252,0.17080629971306482,-0.025829351972904223,True
3013,0.07936507936507936,0.746031746031746,0.06600012254814656,0.2228151085218113,-0.026393524463290404,True
3014,0.09523809523809523,0.746031746031746,0.0862670828507415,0.26646302208071854,-0.02745677943565962,True
3015,0.1111111111111111,0.746031746031746,0.10464074320758188,0.2996687453531886,-0.02905189406665298,True
3016,0.12698412698412698,0.746031746031746,0.12064874375367005,0.32266787064819835,-0.031166624706409313,True
3017,0.14285714285714285,0.746031746031746,0.13438889821411734,0.33667142818578516,-0.03375913362899125,True
3018,0.15873015873015872,0.746031746031746,0.14606668587527363,0.34291204436408235,-0.03678139273539048,True
3019,0.1746031746031746,0.746031746031746,0.15591707089748164,0.3426264609722208,-0.04016570592943242,True
3020,0.19047619047619047,0.746031746031746,0.16425013693310636,0.3371979207950957,-0.043849518413934876,True
3021,0.20634920634920634,0.746031746031746,0.17123434785960695,0.32756776444045926,-0.047753755853775955,True
3022,0.2222222222222222,0.746031746031746,0.17687737221886787,0.31448552827230036,-0.05181240816993246,True
3023,0.23809523809523808,0.746031746031746,0.18134904587513148,0.29886886415396596,-0.05594461585269343,True
3024,0.25396825396825395,0.746031746031746,0.1849169607261162,0.2816593680538458,-0.060080174719491376,True
3025,0.2698412698412698,0.746031746031746,0.18784562939449917,0.26364580622505096,-0.06416325349636919,True
3026,0.2857142857142857,0.746031746031746,0.1903871417518796,0.2454193596486218,-0.06815076998338519,True
3027,0.30158730158730157,0.746031746031746,0.19266468464202308,0.22736398192753202,-0.07200884077457995,True
3028,0.31746031746031744,0.746031746031746,0.19484161890593335,0.2097297780941517,-0.07571385627104166,True
3029,0.3333333333333333,0.746031746031746,0.1969464957082923,0.1926151353459632,-0.07924234771731292,True
3030,0.3492063492063492,0.746031746031746,0.19898376111259242,0.17604783783398276,-0.08257815166052929,True
3031,0.36507936507936506,0.746031746031746,0.20092867974673695,0.16000848384122887,-0.08571321969792885,True
3032,0.38095238095238093,0.746031746031746,0.20274243081781396,0.1444672598737153,-0.08861815610582091,True
3033,0.3968253968253968,0.746031746031746,0.2044022993129301,0.12939689088748646,-0.09128211671489993,True
3034,0.4126984126984127,0.746031746031746,0.2058086688982885,0.1147053976356472,-0.09368443848083811,True
3035,0.42857142857142855,0.746031746031746,0.2069948339793842,0.10041673114734084,-0.09582674064835565,True
3036,0.4444444444444444,0.746031746031746,0.2078602712633804,0.08644012381024765,-0.09767262711121663,True
3037,0.4603174603174603,0.746031746031746,0.20839167041021597,0.07274247918941135,-0.09923266266245281,True
3038,0.47619047619047616,0.746031746031746,0.20856277563437453,0.05930395693551692,-0.10048366514873776,True
3039,0.49206349206349204,0.746031746031746,0.20833522178601518,0.046084606259061675,-0.10140375795858829,True
3040,0.5079365079365079,0.746031746031746,0.2076948516001268,0.03303689591508092,-0.10201657339512302,True
3041,0.5238095238095237,0.746031746031746,0.20661641908436484,0.020146633027789036,-0.1022954615855472,True
3042,0.5396825396825397,0.746031746031746,0.2050699440683922,0.0073323335806480695,-0.1022258835961903,True
3043,0.5555555555555556,0.746031746031746,0.20306378778305817,-0.005364750764421462,-0.1018388783075555,True
3044,0.5714285714285714,0.746031746031746,0.2005628565515207,-0.01808268616215764,-0.10110953150644235,True
3045,0.5873015873015872,0.746031746031746,0.1975581491692606,-0.03075855540146764,-0.10003338910648839,True
3046,0.6031746031746031,0.746031746031746,0.1940429227753483,-0.04351564260321276,-0.09863488433164176,True
3047,0.6190476190476191,0.746031746031746,0.19000055501464344,-0.056341489170537495,-0.09690575319260747,True
3048,0.6349206349206349,0.746031746031746,0.18542293458551892,-0.06932305881487692,-0.09484993264707735,True
3049,0.6507936507936507,0.746031746031746,0.18029750055390178,-0.08247733583539339,-0.09248485848228134,True
3050,0.6666666666666666,0.746031746031746,0.1746090811810588,-0.09585872425835919,-0.08981483280687687,True
3051,0.6825396825396826,0.746031746031746,0.16835192904839497,-0.10953247033490111,-0.08686050291705487,True
3052,0.6984126984126984,0.746031746031746,0.16150348280845206,-0.12353685398192503,-0.08362921030180508,True
3053,0.7142857142857142,0.746031746031746,0.15406201886781035,-0.13793557298730819,-0.08015624504158686,True
3054,0.7301587301587301,0.746031746031746,0.1459678133810981,-0.15271470841918028,-0.07644913779505498,True
3055,0.746031746031746,0.746031746031746,0.13723121644118014,-0.16794215444957727,-0.07255307455297572,True
3056,0.7619047619047619,0.746031746031746,0.1278026117025485,-0.183580081990636,-0.06850447801720834,True
3057,0.7777777777777777,0.746031746031746,0.1176745879922091,-0.19959990931229118,-0.06435722244085548,True
3058,0.7936507936507936,0.746031746031746,0.10679226017115781,-0.21587466742151076,-0.06016448370726171,True
3059,0.8095238095238095,0.746031746031746,0.0951564377996928,-0.23230114838950697,-0.05600603983645589,True
3060,0.8253968253968254,0.746031746031746,0.08281605688883119,-0.24876716546542493,-0.05196899886553184,True
3061,0.8412698412698412,0.746031746031746,0.06979419957503138,-0.2652607625425871,-0.04814106133867654,True
3062,0.8571428571428571,0.746031746031746,0.05626855123789483,-0.28221725053911567,-0.04462133842839713,True
3063,0.873015873015873,0.746031746031746,0.042349001718412244,-0.3010246443590896,-0.041483811476075806,True
3064,0.8888888888888888,0.746031746031746,0.02817802623970257,-0.32500206808277476,-0.0387732634078287,True
3065,0.9047619047619047,0.746031746031746,0.013707391322108372,-0.3609377286049507,-0.03648201368765736,True
3066,0.9206349206349206,0.746031746031746,-0.0013832307762830789,-0.4201790663855101,-0.03456117036384356,True
3067,0.9365079365079365,0.746031746031746,-0.016814288154971876,-0.5128710955397666,-0.03295456694408043,True
3068,0.9523809523809523,0.746031746031746,-0.028302023740732936,-0.6189165904110395,-0.03165762199800794,True
3069,0.9682539682539681,0.746031746031746,-0.026264897743244243,-0.6345319029820938,-0.030815621782231264,True
3070,0.9841269841269841,0.746031746031746,-0.01034783169115704,-0.423282284755543,-0.03071184168827615,True
3071,1.0,0.746031746031746,1.574925908347677e-07,1.3894005979149831e-05,-0.031319179455199846,True
3072,0.0,0.7619047619047619,8.720451495512211e-08,2.507015976744765e-05,-0.02547507520973613,True
3073,0.015873015873015872,0.7619047619047619,0.0024849391271177935,0.01891572541522139,-0.02529417549618506,True
3074,0.031746031746031744,0.7619047619047619,0.01034372057006737,0.053137752036062205,-0.025091409204999398,True
3075,0.047619047619047616,0.7619047619047619,0.02379765894932382,0.09905195769059318,-0.024956733521055145,True
3076,0.06349206349206349,0.7619047619047619,0.0418337148464892,0.15070817713829776,-0.024998563320824316,True
3077,0.07936507936507936,0.7619047619047619,0.06253544618174807,0.20171787243630082,-0.025345501648895916,True
3078,0.09523809523809523,0.7619047619047619,0.08360212423681522,0.24639081391378295,-0.026097252487282924,True
3079,0.1111111111111111,0.7619047619047619,0.10332387686980044,0.28165891108266666,-0.027307110583018667,True
3080,0.12698412698412698,0.7619047619047619,0.12092112545041617,0.3070019770008189,-0.029001848416369103,True
3081,0.14285714285714285,0.7619047619047619,0.13630495625285696,0.32324087618786607,-0.03115689864188693,True
3082,0.15873015873015872,0.7619047619047619,0.14948613720023798,0.331333696973806,-0.03377455897814243,True
3083,0.1746031746031746,0.7619047619047619,0.16089898157641527,0.33284732850591225,-0.03677569664710836,True
3084,0.19047619047619047,0.7619047619047619,0.17066586602241676,0.3288504717583726,-0.04013166185414225,True
3085,0.20634920634920634,0.7619047619047619,0.17904550012053583,0.3205569048305344,-0.04378853375635085,True
3086,0.2222222222222222,0.7619047619047619,0.1861434836948065,0.30875450860228276,-0.04765935219792127,True
3087,0.23809523809523808,0.7619047619047619,0.19196504947175647,0.29422240304772496,-0.051686875365412194,True
3088,0.25396825396825395,0.7619047619047619,0.19680780427884972,0.2778921223802816,-0.0557837967197555,True
3089,0.2698412698412698,0.7619047619047619,0.20079523624118303,0.2604583828868152,-0.05988130172658704,True
3090,0.2857142857142857,0.7619047619047619,0.20424636985473663,0.2426275363287526,-0.06393156976228814,True
3091,0.30158730158730157,0.7619047619047619,0.20729958123889947,0.22481245936371944,-0.0678833775165916,True
3092,0.31746031746031744,0.7619047619047619,0.2100973833806183,0.20731334445306074,-0.07169760774104875,True
3093,0.3333333333333333,0.7619047619047619,0.21274704341647793,0.19030063882024764,-0.0753571605684925,True
3094,0.3492063492063492,0.7619047619047619,0.21524989043526338,0.17383350185146493,-0.07882731033763014,True
3095,0.36507936507936506,0.7619047619047619,0.2176001464184461,0.1579203241533428,-0.08208501782515601,True
3096,0.38095238095238093,0.7619047619047619,0.21981945458069133,0.14255780779098548,-0.08512436430904567,True
3097,0.3968253968253968,0.7619047619047619,0.22180232132700992,0.12767666138285053,-0.08791345716184583,True
3098,0.4126984126984127,0.7619047619047619,0.2235532443857838,0.11325707630900338,-0.09043801287587107,True
3099,0.42857142857142855,0.7619047619047619,0.22502687497085608,0.09925785519654919,-0.09268241438539372,True
3100,0.4444444444444444,0.7619047619047619,0.2261589681558679,0.08559506326023435,-0.09463990519859107,True
3101,0.4603174603174603,0.7619047619047619,0.22694307059597893,0.07227558341866333,-0.09628607641615138,True
3102,0.47619047619047616,0.7619047619047619,0.22732006072424185,0.05921557321207376,-0.0976030330577122,True
3103,0.49206349206349204,0.7619047619047619,0.22730143149064366,0.04643490988364346,-0.0986153470061486,True
3104,0.5079365079365079,0.7619047619047619,0.22681370653120506,0.033819430651929536,-0.09927089011494634,True
3105,0.5238095238095237,0.7619047619047619,0.2258668544932518,0.021390906053688367,-0.09959178875876909,True
3106,0.5396825396825397,0.7619047619047619,0.2244254260256513,0.009079298953454837,-0.09955907937686465,True
3107,0.5555555555555556,0.7619047619047619,0.22247798471024527,-0.003140162339681623,-0.09917462188276643,True
3108,0.5714285714285714,0.7619047619047619,0.2200088572185199,-0.015343307294533415,-0.0984447817516659,True
3109,0.5873015873015872,0.7619047619047619,0.21700095327458355,-0.027483091338392877,-0.09736029700986093,True
3110,0.6031746031746031,0.7619047619047619,0.21344223857643044,-0.039719242356428486,-0.09592691683258507,True
3111,0.6190476190476191,0.7619047619047619,0.20931471042133246,-0.051993123070781154,-0.09414771589041715,True
3112,0.6349206349206349,0.7619047619047619,0.20460645764624294,-0.06438814051682719,-0.0920338038432939,True
3113,0.6507936507936507,0.7619047619047619,0.19930375675382556,-0.07696759675212,-0.08958538791101384,True
3114,0.6666666666666666,0.7619047619047619,0.19338422129046803,-0.0897513967520057,-0.08681832205646146,True
3115,0.6825396825396826,0.7619047619047619,0.18683647916513663,-0.10281734248668423,-0.08374294596587901,True
3116,0.6984126984126984,0.7619047619047619,0.1796417815243388,-0.11620257159119243,-0.08038816004759028,True
3117,0.7142857142857142,0.7619047619047619,0.171767839758827,-0.12994620192850978,-0.07676030852543943,True
3118,0.7301587301587301,0.7619047619047619,0.1631672203728412,-0.14404922341634818,-0.07288912182327287,True
3119,0.746031746031746,0.7619047619047619,0.15381234110811023,-0.1585443962615466,-0.06881487865028087,True
3120,0.7619047619047619,0.7619047619047619,0.14365125121146952,-0.1734043944431925,-0.06457039050882828,True
3121,0.7777777777777777,0.7619047619047619,0.1326980069937464,-0.18863950520940673,-0.060229171615375034,True
3122,0.7936507936507936,0.7619047619047619,0.12088808743812728,-0.20413002598954488,-0.05584434063175945,True
3123,0.8095238095238095,0.7619047619047619,0.10815697373006719,-0.21972071927383247,-0.05148529506774271,True
3124,0.8253968253968254,0.7619047619047619,0.09464986232132327,-0.23545792945561267,-0.04726724287130646,True
3125,0.8412698412698412,0.7619047619047619,0.08036941175644001,-0.2513093134290434,-0.04327464921057793,True
3126,0.8571428571428571,0.7619047619047619,0.06545792289272198,-0.26776774346568005,-0.03960422994839132,True
3127,0.873015873015873,0.7619047619047619,0.05018964624537544,-0.28629323912981985,-0.036348029490154254,True
3128,0.8888888888888888,0.7619047619047619,0.0347029332391843,-0.3100743417926189,-0.03354688084774947,True
3129,0.9047619047619047,0.7619047619047619,0.01903504962347626,-0.34567105119497354,-0.031193538756625897,True
3130,0.9206349206349206,0.7619047619047619,0.0029168310710489865,-0.404249513754796,-0.029245544023795603,True
3131,0.9365079365079365,0.7619047619047619,-0.013734569713651739,-0.4973318693797284,-0.02766082833676185,True
3132,0.9523809523809523,0.7619047619047619,-0.027137349523848633,-0.6112157018751494,-0.02645499705744276,True
3133,0.9682539682539681,0.7619047619047619,-0.02702825153471786,-0.6446424929027578,-0.025758633068167752,True
3134,0.9841269841269841,0.7619047619047619,-0.011057590294136698,-0.44068976846214536,-0.02576625465349122,True
3135,1.0,0.7619047619047619,4.183255608179368e-06,-2.2523586064061435e-05,-0.02644580189611555,True
3136,0.0,0.7777777777777777,-7.866060833847156e-08,-2.2941142411558735e-05,-0.02480946679582733,True
3137,0.015873015873015872,0.7777777777777777,0.0020970567756677595,0.01420532029984165,-0.024654150437662156,True
3138,0.031746031746031744,0.7777777777777777,0.008961182177053603,0.043186003751035824,-0.02446640439814825,True
3139,0.047619047619047616,0.7777777777777777,0.021007780296433735,0.08372170776369414,-0.024308612216447905,True
3140,0.06349206349206349,0.7777777777777777,0.03784270342562584,0.1314852320006148,-0.024260773815815175,True
3141,0.07936507936507936,0.7777777777777777,0.05792681685898259,0.1805106155916728,-0.024407615277993493,True
3142,0.09523809523809523,0.7777777777777777,0.07925388690723999,0.2253434453903514,-0.024846021704363234,True
3143,0.1111111111111111,0.7777777777777777,0.10001702478062763,0.26227458728041025,-0.025650725851704123,True
3144,0.12698412698412698,0.7777777777777777,0.11907928147198399,0.28978748714342306,-0.02687250857546845,True
3145,0.14285714285714285,0.7777777777777777,0.13602597389040544,0.3080955733289028,-0.0285476265387188,True
3146,0.15873015873015872,0.7777777777777777,0.1509561057318536,0.3183218510710828,-0.030672121393330646,True
3147,0.1746031746031746,0.7777777777777777,0.1639721714157733,0.3215283603127588,-0.033239841109783036,True
3148,0.19047619047619047,0.7777777777777777,0.17532515365856974,0.31905485989595117,-0.036222538959282916,True
3149,0.20634920634920634,0.7777777777777777,0.18526501532043874,0.31208112175517105,-0.03956817275034501,True
3150,0.2222222222222222,0.7777777777777777,0.19386939325203428,0.30148665247970385,-0.04322208825423146,True
3151,0.23809523809523808,0.7777777777777777,0.20135415843477844,0.28819746454780465,-0.04709775270993988,True
3152,0.25396825396825395,0.7777777777777777,0.2076653565264615,0.2728468473717449,-0.05113120809144817,True
3153,0.2698412698412698,0.7777777777777777,0.21299861770651893,0.25619050726916737,-0.05523754519271642,True
3154,0.2857142857142857,0.7777777777777777,0.21758448092616317,0.2388977521616999,-0.0593409029220258,True
3155,0.30158730158730157,0.7777777777777777,0.22165419024480584,0.2214785704873568,-0.06339498776542618,True
3156,0.31746031746031744,0.7777777777777777,0.22526459458799863,0.20423988557971662,-0.06733889483479565,True
3157,0.3333333333333333,0.7777777777777777,0.22858466133523378,0.18741869624174678,-0.07113345164378919,True
3158,0.3492063492063492,0.7777777777777777,0.23169592620327986,0.17113022667870914,-0.07476078944563139,True
3159,0.36507936507936506,0.7777777777777777,0.23457956164835236,0.15540510649032474,-0.07818077413092245,True
3160,0.38095238095238093,0.7777777777777777,0.23720962148500935,0.1402341028590955,-0.081356495132254,True
3161,0.3968253968253968,0.7777777777777777,0.23962841263322984,0.12561503896308018,-0.08429734926064918,True
3162,0.4126984126984127,0.7777777777777777,0.24174033516077298,0.11147087843160097,-0.08696202608872625,True
3163,0.42857142857142855,0.7777777777777777,0.24353813145807227,0.09778125492825235,-0.0893422186907561,True
3164,0.4444444444444444,0.7777777777777777,0.2449629390993349,0.08447566370732572,-0.0914025776829593,True
3165,0.4603174603174603,0.7777777777777777,0.24603421616350996,0.07157672301755295,-0.09316251850078534,True
3166,0.47619047619047616,0.7777777777777777,0.24664903883449607,0.058929895911122236,-0.09458407176913167,True
3167,0.49206349206349204,0.7777777777777777,0.2468254487570199,0.046581978951925146,-0.09566058123147833,True
3168,0.5079365079365079,0.7777777777777777,0.24651618652116358,0.03444187299173777,-0.09638532600102595,True
3169,0.5238095238095237,0.7777777777777777,0.2457215007358317,0.022522753354424628,-0.09676378378858481,True
3170,0.5396825396825397,0.7777777777777777,0.24438163038528346,0.01070220194446335,-0.09675574284833209,True
3171,0.5555555555555556,0.7777777777777777,0.24251611313724492,-0.000984194660339181,-0.09639859503318049,True
3172,0.5714285714285714,0.7777777777777777,0.2400935157847991,-0.012601012118935627,-0.09567582875166494,True
3173,0.5873015873015872,0.7777777777777777,0.23708923695941275,-0.024211171763025733,-0.0945768690493381,True
3174,0.6031746031746031,0.7777777777777777,0.2334908647012116,-0.035831271615128134,-0.09310849248177122,True
3175,0.6190476190476191,0.7777777777777777,0.22928887948864393,-0.0475170832433685,-0.09128719068430449,True
3176,0.6349206349206349,0.7777777777777777,0.22446178889828172,-0.059325164850791985,-0.0891103966434243,True
3177,0.6507936507936507,0.7777777777777777,0.2189745468604797,-0.07125259250467735,-0.08657385219287381,True
3178,0.6666666666666666,0.7777777777777777,0.21283408223282785,-0.08341366284357278,-0.08371125281049224,True
3179,0.6825396825396826,0.7777777777777777,0.20598975784460624,-0.09579340721161127,-0.08052106197483494,True
3180,0.6984126984126984,0.7777777777777777,0.19841719715817988,-0.108459321390173,-0.07702032909653059,True
3181,0.7142857142857142,0.7777777777777777,0.19007724427941503,-0.12143580218456392,-0.07323374993159561,True
3182,0.7301587301587301,0.7777777777777777,0.18092388636624898,-0.13475497473160564,-0.06918806388059137,True
3183,0.746031746031746,0.7777777777777777,0.17094164054497885,-0.14844881718779,-0.06493141535058848,True
3184,0.7619047619047619,0.7777777777777777,0.1600651670091266,-0.1624904119204775,-0.0604990186358497,True
3185,0.7777777777777777,0.7777777777777777,0.14821732598387713,-0.17679763342840824,-0.055944090332017145,True
3186,0.7936507936507936,0.7777777777777777,0.13538397888667916,-0.1913327027911596,-0.05134101750752419,True
3187,0.8095238095238095,0.7777777777777777,0.12154976889039242,-0.2060242755755263,-0.04677450900562354,True
3188,0.8253968253968254,0.7777777777777777,0.10678759289899398,-0.22087535611995998,-0.04234917308193712,True
3189,0.8412698412698412,0.7777777777777777,0.0911812071689062,-0.2360024583915334,-0.03816536751516122,True
3190,0.8571428571428571,0.7777777777777777,0.07489293504790939,-0.2519408579861428,-0.03432220818293457,True
3191,0.873015873015873,0.7777777777777777,0.05819439323656118,-0.27017259443387137,-0.030910190778673435,True
3192,0.8888888888888888,0.7777777777777777,0.04136834951076962,-0.29387373266717387,-0.02797724918162446,True
3193,0.9047619047619047,0.7777777777777777,0.024466467325530043,-0.3293254116079744,-0.025512050297596504,True
3194,0.9206349206349206,0.7777777777777777,0.0072677858301325405,-0.3871568429546064,-0.023484054761779623,True
3195,0.9365079365079365,0.7777777777777777,-0.010545551433174616,-0.4803153273127997,-0.02184916675959217,True
3196,0.9523809523809523,0.7777777777777777,-0.02596140512272705,-0.6008715555078974,-0.020655994910361918,True
3197,0.9682539682539681,0.7777777777777777,-0.02812477824187154,-0.6534573839959456,-0.020047477500670426,True
3198,0.9841269841269841,0.7777777777777777,-0.01201924479572264,-0.45969755765889225,-0.020165235673844893,True
3199,1.0,0.7777777777777777,-2.773704350171541e-06,3.429680236060824e-05,-0.02091902616533924,True
3200,0.0,0.7936507936507936,-2.2926631025330622e-08,-7.370227600541596e-06,-0.02418944293516641,True
3201,0.015873015873015872,0.7936507936507936,0.001740152009611149,0.010246189417924826,-0.02405904578338471,True
3202,0.031746031746031744,0.7936507936507936,0.007552635034768604,0.03432490731758711,-0.023890251644662637,True
3203,0.047619047619047616,0.7936507936507936,0.018105511388635174,0.06990390965180124,-0.02372305805204851,True
3204,0.06349206349206349,0.7936507936507936,0.03333858229249818,0.11332725572726379,-0.023597334140590787,True
3205,0.07936507936507936,0.7936507936507936,0.05230119286301058,0.15973650411696058,-0.023567365869073206,True
3206,0.09523809523809523,0.7936507936507936,0.0733221377025748,0.2039159725067044,-0.02370147656181489,True
3207,0.1111111111111111,0.7936507936507936,0.09461945566004325,0.24174562949228173,-0.02408816358959055,True
3208,0.12698412698412698,0.7936507936507936,0.11484044665468848,0.27100356451336877,-0.024815633519332574,True
3209,0.14285714285714285,0.7936507936507936,0.13337346868714597,0.29140387732259443,-0.025938651492585667,True
3210,0.15873015873015872,0.7936507936507936,0.14996729457742156,0.30351329842351,-0.02752957958263863,True
3211,0.1746031746031746,0.7936507936507936,0.1647709848812339,0.3085370015696713,-0.02959542558891746,True
3212,0.19047619047619047,0.7936507936507936,0.17788084605706445,0.3075840198366838,-0.03213770233987976,True
3213,0.20634920634920634,0.7936507936507936,0.18950325688052866,0.3019244037171829,-0.035130465505643256,True
3214,0.2222222222222222,0.7936507936507936,0.19987695343718487,0.29263998845586114,-0.038509915117359496,True
3215,0.23809523809523808,0.7936507936507936,0.20908780245445277,0.2805244118512952,-0.042205851525412945,True
3216,0.25396825396825395,0.7936507936507936,0.21706318206753292,0.2662196295625392,-0.04614644832790503,True
3217,0.2698412698412698,0.7936507936507936,0.2240144929726855,0.2504968701448809,-0.05023823671579484,True
3218,0.2857142857142857,0.7936507936507936,0.2300610082508867,0.23395312846674565,-0.05439733706554761,True
3219,0.30158730158730157,0.7936507936507936,0.23538906886643063,0.21710233908141466,-0.0585537997432334,True
3220,0.31746031746031744,0.7936507936507936,0.24007454924689434,0.20028933223589845,-0.06263157461871009,True
3221,0.3333333333333333,0.7936507936507936,0.2443180041004082,0.18380661462529788,-0.06659249143479745,True
3222,0.3492063492063492,0.7936507936507936,0.24819926849810506,0.16780591309206372,-0.07038822480619739,True
3223,0.36507936507936506,0.7936507936507936,0.2517299765548928,0.1523475271431949,-0.07398094904556023,True
3224,0.38095238095238093,0.7936507936507936,0.2549274966687774,0.137447431982459,-0.07733962632055495,True
3225,0.3968253968253968,0.7936507936507936,0.25783047387144425,0.12311490514457485,-0.08045178867629338,True
3226,0.4126984126984127,0.7936507936507936,0.2603775844711849,0.10930632196151917,-0.08327339443125054,True
3227,0.42857142857142855,0.7936507936507936,0.26255772055100146,0.09597807301855119,-0.08579912995087459,True
3228,0.4444444444444444,0.7936507936507936,0.2643346817437042,0.08307973412753875,-0.08800648032689891,True
3229,0.4603174603174603,0.7936507936507936,0.26568799940107324,0.07058362409606866,-0.08988071036128475,True
3230,0.47619047619047616,0.7936507936507936,0.2665650860536715,0.05839663861182496,-0.09140436180747236,True
3231,0.49206349206349204,0.7936507936507936,0.2669807698877349,0.04654361000265155,-0.0925850507090297,True
3232,0.5079365079365079,0.7936507936507936,0.26686542419776604,0.03491085060000346,-0.09338786919665165,True
3233,0.5238095238095237,0.7936507936507936,0.2662171582917793,0.02352169290431362,-0.09380831415797261,True
3234,0.5396825396825397,0.7936507936507936,0.2650127621450594,0.012248802967669182,-0.09386676605570018,True
3235,0.5555555555555556,0.7936507936507936,0.26323370985379013,0.0011333871236631251,-0.09353281523278092,True
3236,0.5714285714285714,0.7936507936507936,0.2608497770093844,-0.009905178827246008,-0.09280339364354785,True
3237,0.5873015873015872,0.7936507936507936,0.25786209440309504,-0.020914233004738863,-0.0917064985114789,True
3238,0.6031746031746031,0.7936507936507936,0.2542379140210459,-0.03191216395402847,-0.09022079858024712,True
3239,0.6190476190476191,0.7936507936507936,0.24995267344189806,-0.04296015590540466,-0.08834534660727333,True
3240,0.6349206349206349,0.7936507936507936,0.24499511765822887,-0.054095266385255275,-0.08610205035358688,True
3241,0.6507936507936507,0.7936507936507936,0.23933955222616182,-0.0653533462468178,-0.0834962107226025,True
3242,0.6666666666666666,0.7936507936507936,0.2329468636071929,-0.07677223856573265,-0.08052788791123822,True
3243,0.6825396825396826,0.7936507936507936,0.22579380300406685,-0.08841725530499303,-0.07721603305640337,True
3244,0.6984126984126984,0.7936507936507936,0.21783212707230937,-0.10030040048928258,-0.07357716290258012,True
3245,0.7142857142857142,0.7936507936507936,0.20901704168843302,-0.11245962187272937,-0.06963369206437942,True
3246,0.7301587301587301,0.7936507936507936,0.19930252092309986,-0.12490607938528074,-0.06541942532709227,True
3247,0.746031746031746,0.7936507936507936,0.1886205687302528,-0.13765031722654425,-0.06096417235393708,True
3248,0.7619047619047619,0.7936507936507936,0.17693403083029888,-0.1506920610366721,-0.05632422128874282,True
3249,0.7777777777777777,0.7936507936507936,0.16416197416969094,-0.16396779442650336,-0.05155145471967141,True
3250,0.7936507936507936,0.7936507936507936,0.15029015429368092,-0.1774590145946084,-0.04672699008670817,True
3251,0.8095238095238095,0.7936507936507936,0.13529852403389134,-0.1911177301300213,-0.04193699009257749,True
3252,0.8253968253968254,0.7936507936507936,0.11925933627286137,-0.20500189031633706,-0.037287598889351396,True
3253,0.8412698412698412,0.7936507936507936,0.10228500108437281,-0.21931481412421436,-0.03288597988803268,True
3254,0.8571428571428571,0.7936507936507936,0.08458679635949456,-0.23469095428501444,-0.02883727120502553,True
3255,0.873015873015873,0.7936507936507936,0.06649866163856126,-0.25266510776394124,-0.025232370247691323,True
3256,0.8888888888888888,0.7936507936507936,0.048315034612141344,-0.27637821613820385,-0.022116428451672793,True
3257,0.9047619047619047,0.7936507936507936,0.03018269443299166,-0.3117381969274394,-0.019482198287284362,True
3258,0.9206349206349206,0.7936507936507936,0.011877643166869874,-0.3690456833758128,-0.017296420600707435,True
3259,0.9365079365079365,0.7936507936507936,-0.0071587098853563595,-0.4616522570220263,-0.015526572591362812,True
3260,0.9523809523809523,0.7936507936507936,-0.024760493626323675,-0.588532160562658,-0.014245563959205855,True
3261,0.9682539682539681,0.7936507936507936,-0.029554581439245223,-0.6619870782647698,-0.013638536385022644,True
3262,0.9841269841269841,0.7936507936507936,-0.01329200826496372,-0.48028109009270953,-0.013823634963323,True
3263,1.0,0.7936507936507936,3.331869369782216e-08,4.1954769987938954e-05,-0.014665967086829572,True
3264,0.0,0.8095238095238095,-8.131771339116322e-08,1.0068432900502848e-05,-0.023614926742849245,True
3265,0.015873015873015872,0.8095238095238095,0.0014209098086182415,0.007003398036337486,-0.02350806298511424,True
3266,0.031746031746031744,0.8095238095238095,0.006226874777079772,0.02691793674626296,-0.02336323543138944,True
3267,0.047619047619047616,0.8095238095238095,0.015162942504776837,0.05785288371566173,-0.023197248578752848,True
3268,0.06349206349206349,0.8095238095238095,0.028518862004910484,0.0969209538613231,-0.023015747193172714,True
3269,0.07936507936507936,0.8095238095238095,0.04581049942027437,0.14006699084555088,-0.022827252619936948,True
3270,0.09523809523809523,0.8095238095238095,0.06587263489588108,0.18267813196446964,-0.02267341164505156,True
3271,0.1111111111111111,0.8095238095238095,0.08711856487880563,0.22056973280481193,-0.022635692647140153,True
3272,0.12698412698412698,0.8095238095238095,0.1081263432382308,0.2510172351935573,-0.02281947824911103,True
3273,0.14285714285714285,0.8095238095238095,0.1279236078114614,0.2729917766662059,-0.023379450436528247,True
3274,0.15873015873015872,0.8095238095238095,0.14624085602901452,0.2869194764159416,-0.024353775752847334,True
3275,0.1746031746031746,0.8095238095238095,0.16287464059155501,0.29364888977447234,-0.025867014583607222,True
3276,0.19047619047619047,0.8095238095238095,0.17792855349781275,0.2942855737373646,-0.027912712533797637,True
3277,0.20634920634920634,0.8095238095238095,0.1914888758657823,0.2899967006402282,-0.03049189925001988,True
3278,0.2222222222222222,0.8095238095238095,0.20374037718383892,0.28192662708453775,-0.0335592389667614,True
3279,0.23809523809523808,0.8095238095238095,0.21484108484361775,0.27098862503714066,-0.03703966272287402,True
3280,0.25396825396825395,0.8095238095238095,0.22469565002226013,0.2578170445611376,-0.040862896447792195,True
3281,0.2698412698412698,0.8095238095238095,0.2334794991811227,0.24312625493403942,-0.04492117828538368,True
3282,0.2857142857142857,0.8095238095238095,0.24126534235775995,0.22750285537623846,-0.0491217516956133,True
3283,0.30158730158730157,0.8095238095238095,0.2481491156082011,0.21140583637922122,-0.05337866991558432,True
3284,0.31746031746031744,0.8095238095238095,0.25419678904838533,0.19520939091928885,-0.05760452206918534,True
3285,0.3333333333333333,0.8095238095238095,0.25964769911894275,0.17924865993002762,-0.061743747044868964,True
3286,0.3492063492063492,0.8095238095238095,0.26447142334118023,0.16365687513683716,-0.06571957999811304,True
3287,0.36507936507936506,0.8095238095238095,0.26888018342667713,0.14859340749231073,-0.06952042660951498,True
3288,0.38095238095238093,0.8095238095238095,0.27282739668925826,0.13408656589519438,-0.07308418154964429,True
3289,0.3968253968253968,0.8095238095238095,0.27628638518101295,0.12010240849807306,-0.07636411318399865,True
3290,0.4126984126984127,0.8095238095238095,0.2793988981971029,0.10670171575387939,-0.07938469942535244,True
3291,0.42857142857142855,0.8095238095238095,0.2820302868310935,0.0937834159550188,-0.08207781202942611,True
3292,0.4444444444444444,0.8095238095238095,0.28420887324155447,0.08133085476963346,-0.08444140741012955,True
3293,0.4603174603174603,0.8095238095238095,0.2859041627504391,0.06930424342421634,-0.08645351423779575,True
3294,0.47619047619047616,0.8095238095238095,0.28708852877909136,0.057627326251052845,-0.08810315839204637,True
3295,0.49206349206349204,0.8095238095238095,0.28774705029353886,0.04627647193892405,-0.08938313254249715,True
3296,0.5079365079365079,0.8095238095238095,0.28785323460487433,0.03522231002055197,-0.09027650058638535,True
3297,0.5238095238095237,0.8095238095238095,0.28736952818409284,0.024339322856893244,-0.09077491665965294,True
3298,0.5396825396825397,0.8095238095238095,0.28630662038393845,0.013692916431361866,-0.09088316184123725,True
3299,0.5555555555555556,0.8095238095238095,0.28461476087026305,0.0031619284534199613,-0.09057952026851862,True
3300,0.5714285714285714,0.8095238095238095,0.2822942535612357,-0.007247272053948623,-0.08988184662087174,True
3301,0.5873015873015872,0.8095238095238095,0.27931234201182475,-0.01761345804089343,-0.08877454497427416,True
3302,0.6031746031746031,0.8095238095238095,0.2756458441728791,-0.027954248602501154,-0.08726039806806982,True
3303,0.6190476190476191,0.8095238095238095,0.2712853706140095,-0.03830146558841818,-0.0853582728838117,True
3304,0.6349206349206349,0.8095238095238095,0.2661969650426295,-0.0487106200743689,-0.08306123194108397,True
3305,0.6507936507936507,0.8095238095238095,0.2603331309624573,-0.05920949511063819,-0.08036741520666241,True
3306,0.6666666666666666,0.8095238095238095,0.25368930408446344,-0.06986323531942765,-0.07730876808977402,True
3307,0.6825396825396826,0.8095238095238095,0.2461922250117251,-0.08067502454458449,-0.07387790980121915,True
3308,0.6984126984126984,0.8095238095238095,0.23780932051489082,-0.09167922504930706,-0.07010362900491372,True
3309,0.7142857142857142,0.8095238095238095,0.22849527567045416,-0.1029281317188758,-0.06601004658972016,True
3310,0.7301587301587301,0.8095238095238095,0.21815685693750927,-0.11438489525897004,-0.061616999163071985,True
3311,0.746031746031746,0.8095238095238095,0.2067606706902385,-0.1260904923097368,-0.05697513698466871,True
3312,0.7619047619047619,0.8095238095238095,0.19421763346409912,-0.13799797673846564,-0.05212487742690916,True
3313,0.7777777777777777,0.8095238095238095,0.18049836819835668,-0.15013123123901526,-0.04713599492884973,True
3314,0.7936507936507936,0.8095238095238095,0.16556297814967322,-0.16245625373040595,-0.04208474298504423,True
3315,0.8095238095238095,0.8095238095238095,0.14940223451689177,-0.1749759424491627,-0.0370613915064731,True
3316,0.8253968253968254,0.8095238095238095,0.13209065704099496,-0.1878029370830763,-0.03217155660387,True
3317,0.8412698412698412,0.8095238095238095,0.1137596407047738,-0.20123756619945646,-0.02752564454055506,True
3318,0.8571428571428571,0.8095238095238095,0.0947159245309733,-0.21603846446447844,-0.023235800594907412,True
3319,0.873015873015873,0.8095238095238095,0.07524850099898184,-0.2337813936060902,-0.019384711813744633,True
3320,0.8888888888888888,0.8095238095238095,0.05572903255118968,-0.25759201659763803,-0.016016490377447512,True
3321,0.9047619047619047,0.8095238095238095,0.036416668226747786,-0.2930948254874693,-0.013140011947065891,True
3322,0.9206349206349206,0.8095238095238095,0.016964448541045705,-0.34988446519818556,-0.010695907313213751,True
3323,0.9365079365079365,0.8095238095238095,-0.0032854694123052685,-0.44168554873373034,-0.008672053192183,True
3324,0.9523809523809523,0.8095238095238095,-0.023052005961091995,-0.5728111936291052,-0.007153724516128498,True
3325,0.9682539682539681,0.8095238095238095,-0.03097539367559678,-0.6668856661203918,-0.00641664093932907,True
3326,0.9841269841269841,0.8095238095238095,-0.014909332126156858,-0.5024293397903384,-0.006612220021937515,True
3327,1.0,0.8095238095238095,-1.2303253966506595e-06,-0.0002824346696491753,-0.007565858238169158,True
3328,0.0,0.8253968253968254,-1.0471085909464707e-07,-1.889591938163466e-06,-0.023079941235951845,True
3329,0.015873015873015872,0.8253968253968254,0.0011170585249765397,0.004340316920804356,-0.022996016378272404,True
3330,0.031746031746031744,0.8253968253968254,0.004920118457493942,0.020827559559299616,-0.02287969138430856,True
3331,0.047619047619047616,0.8253968253968254,0.012147237426090645,0.04770311437626106,-0.02272523236636481,True
3332,0.06349206349206349,0.8253968253968254,0.023336671358114725,0.08254533688744324,-0.022500089398679157,True
3333,0.07936507936507936,0.8253968253968254,0.03850438234748685,0.12206358426880869,-0.022169459775966984,True
3334,0.09523809523809523,0.8253968253968254,0.05697088409207571,0.16227892784129444,-0.02173632619974862,True
3335,0.1111111111111111,0.8253968253968254,0.07750892519908477,0.19927065207332303,-0.02127051458812583,True
3336,0.12698412698412698,0.8253968253968254,0.09876760245676851,0.23010160013086475,-0.020912557310792907,True
3337,0.14285714285714285,0.8253968253968254,0.1196187538880932,0.2532192268776029,-0.020828458162593343,True
3338,0.15873015873015872,0.8253968253968254,0.13948697348357986,0.26862291327632903,-0.02116764798454434,True
3339,0.1746031746031746,0.8253968253968254,0.15799182033500497,0.27682569157817516,-0.022059122661564144,True
3340,0.19047619047619047,0.8253968253968254,0.17509735226660134,0.2789653596788104,-0.02356510780128729,True
3341,0.20634920634920634,0.8253968253968254,0.19081983220486387,0.2760864915960484,-0.025687657038393992,True
3342,0.2222222222222222,0.8253968253968254,0.2052303198124532,0.2692955921872954,-0.028400736374905162,True
3343,0.23809523809523808,0.8253968253968254,0.2182758898564936,0.25945163634678425,-0.03165542807108678,True
3344,0.25396825396825395,0.8253968253968254,0.23027534148487228,0.24748293614576933,-0.035328189039080714,True
3345,0.2698412698412698,0.8253968253968254,0.24111257002496936,0.23391924677197662,-0.03933698138805772,True
3346,0.2857142857142857,0.8253968253968254,0.25075028347800954,0.21926089973340995,-0.04356824833716559,True
3347,0.30158730158730157,0.8253968253968254,0.25947104990149455,0.20410657221881123,-0.04792148679030202,True
3348,0.31746031746031744,0.8253968253968254,0.2671997870725082,0.18872944731675728,-0.05229996700552852,True
3349,0.3333333333333333,0.8253968253968254,0.27408419776484166,0.17345414066183515,-0.056620412822223604,True
3350,0.3492063492063492,0.8253968253968254,0.28021295291864645,0.15848353512551017,-0.06081355809093684,True
3351,0.36507936507936506,0.8253968253968254,0.2856416374350163,0.14394432835122922,-0.06481225796173959,True
3352,0.38095238095238093,0.8253968253968254,0.29055326276911037,0.12994882350832296,-0.06860430372107602,True
3353,0.3968253968253968,0.8253968253968254,0.29482797229045843,0.11647307461690722,-0.07210929770204359,True
3354,0.4126984126984127,0.8253968253968254,0.29857492672974884,0.10353807713082624,-0.07532015853094964,True
3355,0.42857142857142855,0.8253968253968254,0.30178118357786826,0.0911195042393129,-0.07820509283278773,True
3356,0.4444444444444444,0.8253968253968254,0.30443919548415427,0.07917225141355197,-0.0807408649592671,True
3357,0.4603174603174603,0.8253968253968254,0.3065612540444264,0.06767169133861069,-0.08292080961054268,True
3358,0.47619047619047616,0.8253968253968254,0.30807093798338986,0.0565306286268776,-0.08469503970573695,True
3359,0.49206349206349204,0.8253968253968254,0.3090363872814191,0.04576546465758378,-0.08610122623686481,True
3360,0.5079365079365079,0.8253968253968254,0.30938862568858266,0.03526963790417,-0.08710421860477544,True
3361,0.5238095238095237,0.8253968253968254,0.3091048807438073,0.025035101830313378,-0.08768511677911092,True
3362,0.5396825396825397,0.8253968253968254,0.308169120366498,0.014997863470505694,-0.08784271578848084,True
3363,0.5555555555555556,0.8253968253968254,0.3065872339390367,0.0051528693898758825,-0.08759293529178946,True
3364,0.5714285714285714,0.8253968253968254,0.3043186713941177,-0.004642498647816575,-0.08691901943353796,True
3365,0.5873015873015872,0.8253968253968254,0.3013412770811057,-0.014258242350733866,-0.08581949610533282,True
3366,0.6031746031746031,0.8253968253968254,0.29763647285370987,-0.02391176430802867,-0.0842995130104907,True
3367,0.6190476190476191,0.8253968253968254,0.2931835817258456,-0.033511662876421246,-0.08236762271521368,True
3368,0.6349206349206349,0.8253968253968254,0.2879354387975848,-0.04316147241497255,-0.08001600137325317,True
3369,0.6507936507936507,0.8253968253968254,0.28184677655979207,-0.052832500217736965,-0.07725374096194086,True
3370,0.6666666666666666,0.8253968253968254,0.27491100987223577,-0.06265275413728158,-0.07410235916757121,True
3371,0.6825396825396826,0.8253968253968254,0.2670503021822479,-0.07255512212635057,-0.07056673043137891,True
3372,0.6984126984126984,0.8253968253968254,0.258208423927282,-0.08260360173909083,-0.06666288107272546,True
3373,0.7142857142857142,0.8253968253968254,0.24834484510496396,-0.09281892271806043,-0.06242235578270014,True
3374,0.7301587301587301,0.8253968253968254,0.237373011248217,-0.10319594822167152,-0.057868944835715204,True
3375,0.746031746031746,0.8253968253968254,0.22523204188588644,-0.11373765757666736,-0.05304424888228036,True
3376,0.7619047619047619,0.8253968253968254,0.2118495663132942,-0.12444809897920496,-0.04799966722030203,True
3377,0.7777777777777777,0.8253968253968254,0.19717426390867135,-0.13531564372459773,-0.04279946974483779,True
3378,0.7936507936507936,0.8253968253968254,0.18117548601426506,-0.14634824258505752,-0.037518354409878836,True
3379,0.8095238095238095,0.8253968253968254,0.1638637284716383,-0.15761582573807054,-0.03225130984939856,True
3380,0.8253968253968254,0.8253968253968254,0.14535709269065625,-0.16933001781932622,-0.02710994193127504,True
3381,0.8412698412698412,0.8253968253968254,0.12578905896178616,-0.18185689267694044,-0.022192458825090047,True
3382,0.8571428571428571,0.8253968253968254,0.10545406320941819,-0.19606435672221426,-0.017612276791458693,True
3383,0.873015873015873,0.8253968253968254,0.0847386656537568,-0.213604821970401,-0.013452752511584402,True
3384,0.8888888888888888,0.8253968253968254,0.063996032403136,-0.23750943218816245,-0.009752090261004692,True
3385,0.9047619047619047,0.8253968253968254,0.04345497297976092,-0.2731874179054809,-0.006507321528362115,True
3386,0.9206349206349206,0.8253968253968254,0.022880320712042393,-0.32963957898478785,-0.0036814045990647038,True
3387,0.9365079365079365,0.8253968253968254,0.0013771912867875068,-0.4200658505960746,-0.0012485170727758003,True
3388,0.9523809523809523,0.8253968253968254,-0.02066745001912966,-0.5541123178946394,0.0006775749972505692,True
3389,0.9682539682539681,0.8253968253968254,-0.03243396118333495,-0.6702548248165928,0.001743726878745169,True
3390,0.9841269841269841,0.8253968253968254,-0.016937095429316682,-0.526851722628342,0.0016552882489491783,True
3391,1.0,0.8253968253968254,-5.702544358575579e-07,-7.722231199909019e-05,0.0005796009282682236,True
3392,0.0,0.8412698412698412,4.179395848999678e-08,7.900664195233642e-07,-0.022572965641456645,True
3393,0.015873015873015872,0.8412698412698412,0.0008108644589189946,0.0023342489134500367,-0.02251439706056207,True
3394,0.031746031746031744,0.8412698412698412,0.0035459510804780707,0.016179869938929826,-0.022432809561274577,True
3395,0.047619047619047616,0.8412698412698412,0.008929981040344266,0.039718375288710195,-0.02229746515335505,True
3396,0.06349206349206349,0.8412698412698412,0.01765891678318631,0.07058052152317422,-0.022035433773243997,True
3397,0.07936507936507936,0.8412698412698412,0.030267239192816577,0.10623618872348203,-0.021566524987883307,True
3398,0.09523809523809523,0.8412698412698412,0.04659579466198907,0.1433903419763296,-0.0208589801872372,True
3399,0.1111111111111111,0.8412698412698412,0.06579055357201571,0.1785153374191806,-0.019962944487820954,True
3400,0.12698412698412698,0.8412698412698412,0.08672725014475319,0.20875702965343265,-0.01905242519837986,True
3401,0.14285714285714285,0.8412698412698412,0.10822655326825259,0.23228860180850022,-0.018304154587359733,True
3402,0.15873015873015872,0.8412698412698412,0.12934561084163917,0.24848966214972618,-0.017986112229005848,True
3403,0.1746031746031746,0.8412698412698412,0.1497562807727938,0.2579855844534433,-0.0182074361687435,True
3404,0.19047619047619047,0.8412698412698412,0.1689994524225801,0.26142554573206395,-0.01912788708042272,True
3405,0.20634920634920634,0.8412698412698412,0.18700597403762237,0.2598950874717096,-0.020772820040461316,True
3406,0.2222222222222222,0.8412698412698412,0.20372036927832407,0.25437377487625107,-0.023114688402832106,True
3407,0.23809523809523808,0.8412698412698412,0.21915989900485638,0.24579521914591035,-0.02609559419673846,True
3408,0.25396825396825395,0.8412698412698412,0.23338894267267493,0.23500349100506018,-0.02961105900892826,True
3409,0.2698412698412698,0.8412698412698412,0.2463479196749974,0.22254782467613746,-0.03356076603630198,True
3410,0.2857142857142857,0.8412698412698412,0.2582268301553641,0.20908636548098788,-0.037812107922382245,True
3411,0.30158730158730157,0.8412698412698412,0.2689022261793302,0.1949496625346148,-0.042254459249028466,True
3412,0.31746031746031744,0.8412698412698412,0.2785173675909202,0.18055039287960364,-0.046780069603446016,True
3413,0.3333333333333333,0.8412698412698412,0.2870842756272612,0.1661471023882331,-0.05128609878062177,True
3414,0.3492063492063492,0.8412698412698412,0.29475042971657023,0.1519809601658256,-0.055694214984742245,True
3415,0.36507936507936506,0.8412698412698412,0.30159521457299865,0.1382011319784397,-0.059937905807701614,True
3416,0.38095238095238093,0.8412698412698412,0.30761779841994963,0.12485512596164287,-0.0639509101129308,True
3417,0.3968253968253968,0.8412698412698412,0.31290514182921664,0.11201017847998115,-0.06769206264229542,True
3418,0.4126984126984127,0.8412698412698412,0.31745898705614817,0.09967422338997603,-0.07111138890235098,True
3419,0.42857142857142855,0.8412698412698412,0.32142991295797585,0.08787197165429544,-0.07421695307403657,True
3420,0.4444444444444444,0.8412698412698412,0.32468465076126113,0.07651560543527998,-0.07694116125937005,True
3421,0.4603174603174603,0.8412698412698412,0.32728860515506614,0.06559937433231301,-0.0792823475542961,True
3422,0.47619047619047616,0.8412698412698412,0.3292816597284443,0.055126740341877215,-0.08123881297989109,True
3423,0.49206349206349204,0.8412698412698412,0.33055530710185355,0.04493366408213204,-0.08276211734563722,True
3424,0.5079365079365079,0.8412698412698412,0.3312044027696875,0.03512591492262195,-0.08387985345730756,True
3425,0.5238095238095237,0.8412698412698412,0.3311353891545408,0.025531269999606088,-0.08455359387423728,True
3426,0.5396825396825397,0.8412698412698412,0.3303581491011274,0.01617726242057881,-0.08478699299612516,True
3427,0.5555555555555556,0.8412698412698412,0.3288889608236658,0.0070080085045208075,-0.08459531311806386,True
3428,0.5714285714285714,0.8412698412698412,0.32668566502678925,-0.00200751569575623,-0.08396338686182234,True
3429,0.5873015873015872,0.8412698412698412,0.3236990153584806,-0.010945617274895403,-0.08287766043936348,True
3430,0.6031746031746031,0.8412698412698412,0.3199325614349203,-0.01976694830665914,-0.08135743669464866,True
3431,0.6190476190476191,0.8412698412698412,0.31536648931673267,-0.028607953746031294,-0.07940354857204007,True
3432,0.6349206349206349,0.8412698412698412,0.30993072957122914,-0.037398597783887384,-0.0770125061736272,True
3433,0.6507936507936507,0.8412698412698412,0.3036002566201055,-0.046212591062464115,-0.07419629088732571,True
3434,0.6666666666666666,0.8412698412698412,0.2963433026884755,-0.05507390714369009,-0.07096974320797568,True
3435,0.6825396825396826,0.8412698412698412,0.2880766090488607,-0.06400738729310917,-0.0673377304605875,True
3436,0.6984126984126984,0.8412698412698412,0.2787740249930307,-0.07301382270938087,-0.06332715473095914,True
3437,0.7142857142857142,0.8412698412698412,0.2683224179800936,-0.08209530718270999,-0.058952428305769106,True
3438,0.7301587301587301,0.8412698412698412,0.2567058502359553,-0.09129524300035134,-0.05425303165057605,True
3439,0.746031746031746,0.8412698412698412,0.2438311504517941,-0.1006012235405831,-0.04926727193751025,True
3440,0.7619047619047619,0.8412698412698412,0.22962536697446534,-0.10998162297670872,-0.04403983358700224,True
3441,0.7777777777777777,0.8412698412698412,0.21404597279123014,-0.11949961386959687,-0.03864019409658556,True
3442,0.7936507936507936,0.8412698412698412,0.19707437811771816,-0.12916833334154948,-0.0331399165711086,True
3443,0.8095238095238095,0.8412698412698412,0.17878234964210937,-0.13918015017484034,-0.027641363580722923,True
3444,0.8253968253968254,0.8412698412698412,0.15921640886043012,-0.14971026731233245,-0.0222234403971844,True
3445,0.8412698412698412,0.8412698412698412,0.13858513282261167,-0.16129977097380913,-0.017005557853840034,True
3446,0.8571428571428571,0.8412698412698412,0.11720989864892459,-0.17492294763179153,-0.012085466002869024,True
3447,0.873015873015873,0.8412698412698412,0.09541286900794448,-0.192256467553292,-0.007527074097067954,True
3448,0.8888888888888888,0.8412698412698412,0.07355865375537425,-0.21630990614495849,-0.003365173638392278,True
3449,0.9047619047619047,0.8412698412698412,0.05190813522228826,-0.2521600584395062,0.00037369298433697577,True
3450,0.9206349206349206,0.8412698412698412,0.030132721129535172,-0.308211486931374,0.003781692028618493,True
3451,0.9365079365079365,0.8412698412698412,0.007309337253152562,-0.39704741891386525,0.006839600502366428,True
3452,0.9523809523809523,0.8412698412698412,-0.016979653411141323,-0.5319573024866407,0.009415787013818362,True
3453,0.9682539682539681,0.8412698412698412,-0.033252215155130944,-0.6682235443907789,0.011079413888207393,True
3454,0.9841269841269841,0.8412698412698412,-0.01932587229083633,-0.5526949320513641,0.011283702363085261,True
3455,1.0,0.8412698412698412,3.6443297112514327e-06,0.00020579127409274235,0.010081094588438895,True
3456,0.0,0.8571428571428571,9.46256424812298e-08,2.302814263332732e-06,-0.02207325491397293,True
3457,0.015873015873015872,0.8571428571428571,0.0004168142342615034,0.0010720532186351153,-0.02204775290432823,True
3458,0.031746031746031744,0.8571428571428571,0.0018245194178729068,0.013148823585813166,-0.022011656633637557,True
3459,0.047619047619047616,0.8571428571428571,0.005006178613647112,0.03396317815834229,-0.02190047991950521,True
3460,0.06349206349206349,0.8571428571428571,0.011035155063738073,0.06135720674145351,-0.021598860982590912,True
3461,0.07936507936507936,0.8571428571428571,0.020739318227819676,0.09306477758314492,-0.020981554712119106,True
3462,0.09523809523809523,0.8571428571428571,0.034484288053198774,0.12654523515830152,-0.019987827486834895,True
3463,0.1111111111111111,0.8571428571428571,0.05186042512946701,0.15890888030330713,-0.01866928974964613,True
3464,0.12698412698412698,0.8571428571428571,0.07193405439215082,0.1874967450631872,-0.017182032741098547,True
3465,0.14285714285714285,0.8571428571428571,0.09360907919326453,0.21045015050230442,-0.015783615587847456,True
3466,0.15873015873015872,0.8571428571428571,0.1158456842692133,0.22697260713439515,-0.014766676492448354,True
3467,0.1746031746031746,0.8571428571428571,0.13793734225564142,0.23717895764176306,-0.014331286127033742,True
3468,0.19047619047619047,0.8571428571428571,0.15931706035517704,0.24161983810284174,-0.014656194430523416,True
3469,0.20634920634920634,0.8571428571428571,0.1797278276506736,0.24130975155852669,-0.015796545538468865,True
3470,0.2222222222222222,0.8571428571428571,0.1989852247190465,0.2370368365247497,-0.017748893805563323,True
3471,0.23809523809523808,0.8571428571428571,0.2169042679317267,0.2297276359492047,-0.02045496514428827,True
3472,0.25396825396825395,0.8571428571428571,0.23361525451540313,0.2201760176818835,-0.02380277681746817,True
3473,0.2698412698412698,0.8571428571428571,0.24901096812886248,0.20899135709939165,-0.0276797297696643,True
3474,0.2857142857142857,0.8571428571428571,0.2630838388211568,0.19667697354556393,-0.03194949983081224,True
3475,0.30158730158730157,0.8571428571428571,0.2760595104258139,0.1837799442906438,-0.036481555438182434,True
3476,0.31746031746031744,0.8571428571428571,0.28768043712888286,0.17047413191518385,-0.04114815087941528,True
3477,0.3333333333333333,0.8571428571428571,0.2981907088923247,0.1571382847635764,-0.045844465951417744,True
3478,0.3492063492063492,0.8571428571428571,0.30760545785727267,0.14396083245224842,-0.05047344074010503,True
3479,0.36507936507936506,0.8571428571428571,0.3159629985490723,0.1310731855156985,-0.05494711303573723,True
3480,0.38095238095238093,0.8571428571428571,0.32337179726647675,0.11857435513263478,-0.05920294713508699,True
3481,0.3968253968253968,0.8571428571428571,0.3298480177721375,0.10652080603742987,-0.06318105424962582,True
3482,0.4126984126984127,0.8571428571428571,0.3355018135365548,0.09495928572369551,-0.06685114787489561,True
3483,0.42857142857142855,0.8571428571428571,0.34030531104252876,0.08385653482081623,-0.07016022091873066,True
3484,0.4444444444444444,0.8571428571428571,0.34436086533269145,0.07324400148192281,-0.07310344552721758,True
3485,0.4603174603174603,0.8571428571428571,0.3476055990478925,0.06303980543709099,-0.07563407819232887,True
3486,0.47619047619047616,0.8571428571428571,0.3500886215275137,0.05323883251150906,-0.07774558212665494,True
3487,0.49206349206349204,0.8571428571428571,0.3518343076756423,0.043805123720210205,-0.07943115875235313,True
3488,0.5079365079365079,0.8571428571428571,0.35278584307141947,0.03468516153877941,-0.08065999846595237,True
3489,0.5238095238095237,0.8571428571428571,0.35299626264021206,0.025831076361588635,-0.08144702400324755,True
3490,0.5396825396825397,0.8571428571428571,0.35242593645279335,0.017216487394044785,-0.08177537223300312,True
3491,0.5555555555555556,0.8571428571428571,0.3510756372742491,0.008802848000680647,-0.08164692928131534,True
3492,0.5714285714285714,0.8571428571428571,0.3489125559929918,0.0005598599724155899,-0.08105460618748792,True
3493,0.5873015873015872,0.8571428571428571,0.3459450539398236,-0.0075629511442859634,-0.08000892381230246,True
3494,0.6031746031746031,0.8571428571428571,0.3421048937541155,-0.01555622209816083,-0.07849817016085359,True
3495,0.6190476190476191,0.8571428571428571,0.3373733457506997,-0.023506797332142736,-0.07652777885393618,True
3496,0.6349206349206349,0.8571428571428571,0.3317411085634388,-0.03139483996829822,-0.07411539989972135,True
3497,0.6507936507936507,0.8571428571428571,0.32516475297033215,-0.039270293503954584,-0.07126467773145422,True
3498,0.6666666666666666,0.8571428571428571,0.31755646280808475,-0.047152369490573796,-0.06797636079280758,True
3499,0.6825396825396826,0.8571428571428571,0.3088887036950301,-0.05501288124903606,-0.06427293708788619,True
3500,0.6984126984126984,0.8571428571428571,0.2990762792747558,-0.06287299524434017,-0.06016779654436763,True
3501,0.7142857142857142,0.8571428571428571,0.2881229697867711,-0.07082033512216143,-0.055695391988717105,True
3502,0.7301587301587301,0.8571428571428571,0.27587638650600244,-0.07873622064931761,-0.050872967004648696,True
3503,0.746031746031746,0.8571428571428571,0.262323292290823,-0.08670819758440716,-0.04574730552304222,True
3504,0.7619047619047619,0.8571428571428571,0.2473998955214949,-0.09473626952589533,-0.040366798571797036,True
3505,0.7777777777777777,0.8571428571428571,0.23107658907043302,-0.10284820073228121,-0.034788104017382776,True
3506,0.7936507936507936,0.8571428571428571,0.21334820374890562,-0.11112873603460303,-0.02908345419084309,True
3507,0.8095238095238095,0.8571428571428571,0.19428697022493635,-0.11980649616756776,-0.023338960608070624,True
3508,0.8253968253968254,0.8571428571428571,0.17399000030735368,-0.12918986437231533,-0.017644937457145786,True
3509,0.8412698412698412,0.8571428571428571,0.15264130548258914,-0.13985089108958104,-0.012079851794495838,True
3510,0.8571428571428571,0.8571428571428571,0.13052613382243408,-0.15285382967368386,-0.006744715336244976,True
3511,0.873015873015873,0.8571428571428571,0.10796173246738545,-0.1699518752007126,-0.0016873265583117669,True
3512,0.8888888888888888,0.8571428571428571,0.08524055248002334,-0.1940390480484417,0.0030683569495916748,True
3513,0.9047619047619047,0.8571428571428571,0.06252845690032797,-0.22995862294576822,0.007523876258662387,True
3514,0.9206349206349206,0.8571428571428571,0.03951579407592058,-0.28545165122877225,0.011749901708763787,True
3515,0.9365079365079365,0.8571428571428571,0.015241575835886388,-0.37247820963779127,0.01571951054590738,True
3516,0.9523809523809523,0.8571428571428571,-0.01152620774587532,-0.5063267798885808,0.01928936532337133,True
3517,0.9682539682539681,0.8571428571428571,-0.033127931303947526,-0.6619593068865085,0.021915479129770227,True
3518,0.9841269841269841,0.8571428571428571,-0.022049986534170982,-0.5819008545652404,0.022676513595225295,True
3519,1.0,0.8571428571428571,8.008632554955025e-06,-3.862047469776012e-05,0.021368315263384383,True
3520,0.0,0.873015873015873,3.448764636149394e-08,-1.6236257090844986e-07,-0.02155306194055976,True
3521,0.015873015873015872,0.873015873015873,-0.000249396868363013,0.0008576455113008586,-0.0215803507877672,True
3522,0.031746031746031744,0.873015873015873,-0.0007612271353348844,0.012193429869661342,-0.021603158207767988,True
3523,0.047619047619047616,0.873015873015873,-0.0003142846068118903,0.031005418257900385,-0.02151605815549706,True
3524,0.06349206349206349,0.873015873015873,0.0026071588550062607,0.055162321284909804,-0.021160043502205746,True
3525,0.07936507936507936,0.873015873015873,0.009212340887288348,0.0828717600304939,-0.020375711217570935,True
3526,0.09523809523809523,0.873015873015873,0.02013656960455336,0.11215179175478318,-0.01907789512093733,True
3527,0.1111111111111111,0.873015873015873,0.0353543796768374,0.14083252604639765,-0.017313017037294716,True
3528,0.12698412698412698,0.873015873015873,0.054220346617984534,0.16672854270716123,-0.015264635547500988,True
3529,0.14285714285714285,0.873015873015873,0.07573142994681892,0.18813000588341855,-0.013224736093860798,True
3530,0.15873015873015872,0.873015873015873,0.09877796749036208,0.2040991879603415,-0.011527462296858979,True
3531,0.1746031746031746,0.873015873015873,0.1223930267950841,0.21442610930405226,-0.010452984956919986,True
3532,0.19047619047619047,0.873015873015873,0.145884868869692,0.21956802149164775,-0.010187006406853227,True
3533,0.20634920634920634,0.873015873015873,0.16870651172074752,0.22018375868081155,-0.010838020829167802,True
3534,0.2222222222222222,0.873015873015873,0.19056639886513005,0.21711649147112558,-0.012402700116756909,True
3535,0.23809523809523808,0.873015873015873,0.2112504746555605,0.21110629835004666,-0.014825550791681031,True
3536,0.25396825396825395,0.873015873015873,0.2305674294421864,0.20283288818601156,-0.018015431184694553,True
3537,0.2698412698412698,0.873015873015873,0.2485577124715651,0.19299193256373998,-0.021817138268691007,True
3538,0.2857142857142857,0.873015873015873,0.26518687176202277,0.18205258779056974,-0.026103126295602994,True
3539,0.30158730158730157,0.873015873015873,0.28035252714550446,0.1703725110217231,-0.03072161376135595,True
3540,0.31746031746031744,0.873015873015873,0.2942199563923331,0.158356233345937,-0.03553099249338395,True
3541,0.3333333333333333,0.873015873015873,0.30677714288320274,0.1462270663154569,-0.04041057848467537,True
3542,0.3492063492063492,0.873015873015873,0.3180917391751201,0.13420183916406225,-0.04525593403870172,True
3543,0.36507936507936506,0.873015873015873,0.3281277429940482,0.12236523477030417,-0.04996011505743882,True
3544,0.38095238095238093,0.873015873015873,0.3371201671501373,0.11092220105104375,-0.05446656065943763,True
3545,0.3968253968253968,0.873015873015873,0.34497891414184706,0.09982813967669452,-0.05869241221718953,True
3546,0.4126984126984127,0.873015873015873,0.3518636048218023,0.08919950835054,-0.06260615561912652,True
3547,0.42857142857142855,0.873015873015873,0.3576447262689078,0.07895425531877556,-0.06613207002956388,True
3548,0.4444444444444444,0.873015873015873,0.36262580191047583,0.06921298252738947,-0.06929119922398301,True
3549,0.4603174603174603,0.873015873015873,0.3666381077580558,0.059821156274501804,-0.07202033389599137,True
3550,0.47619047619047616,0.873015873015873,0.3697732156717516,0.05086387938475582,-0.07431338929956406,True
3551,0.49206349206349204,0.873015873015873,0.37203174110947806,0.04220935292885984,-0.07615312395266968,True
3552,0.5079365079365079,0.873015873015873,0.37342107273669073,0.033909310266803216,-0.07752769055143627,True
3553,0.5238095238095237,0.873015873015873,0.3739382477141304,0.02586490221952101,-0.07842555865022593,True
3554,0.5396825396825397,0.873015873015873,0.37362022481544205,0.0181058627577913,-0.0788569149244571,True
3555,0.5555555555555556,0.873015873015873,0.3724176577843813,0.010483588231066281,-0.07880266909320396,True
3556,0.5714285714285714,0.873015873015873,0.3703469340257526,0.003138487728790677,-0.07827670441654597,True
3557,0.5873015873015872,0.873015873015873,0.36734398270998636,-0.004165372530581172,-0.07725801635453527,True
3558,0.6031746031746031,0.873015873015873,0.3634694788874862,-0.01123504399176511,-0.07578263330162038,True
3559,0.6190476190476191,0.873015873015873,0.35862732564467703,-0.018269378959072963,-0.07382728210279836,True
3560,0.6349206349206349,0.873015873015873,0.3527697882094281,-0.02517349711899556,-0.07140176531314273,True
3561,0.6507936507936507,0.873015873015873,0.34592537477191543,-0.03206798572192866,-0.06852651358159462,True
3562,0.6666666666666666,0.873015873015873,0.3379877300808267,-0.03883245726940534,-0.06520384852438435,True
3563,0.6825396825396826,0.873015873015873,0.32895390471121316,-0.04559117355830916,-0.0614533489738097,True
3564,0.6984126984126984,0.873015873015873,0.31873881608632587,-0.05229757141394518,-0.057289542679558235,True
3565,0.7142857142857142,0.873015873015873,0.3073115529194385,-0.05896596822371537,-0.05273906379343289,True
3566,0.7301587301587301,0.873015873015873,0.2945726553749233,-0.0656001682614813,-0.04782726965728675,True
3567,0.746031746031746,0.873015873015873,0.28054452514432887,-0.07222355449431421,-0.04259690755621853,True
3568,0.7619047619047619,0.873015873015873,0.26515215174076284,-0.07886316105955576,-0.03708930808886228,True
3569,0.7777777777777777,0.873015873015873,0.2483981265287125,-0.08559037176598956,-0.031359667582203155,True
3570,0.7936507936507936,0.873015873015873,0.23029913835883908,-0.09253402515027448,-0.02546934996076094,True
3571,0.8095238095238095,0.873015873015873,0.21092007528646164,-0.09991844801124991,-0.019487111701624076,True
3572,0.8253968253968254,0.873015873015873,0.19036385943309728,-0.10816402996095557,-0.01348694557814994,True
3573,0.8412698412698412,0.873015873015873,0.1687989339891732,-0.11792428222123948,-0.007543138588418012,True
3574,0.8571428571428571,0.873015873015873,0.14644815836048874,-0.13028602638388986,-0.0017055554438002247,True
3575,0.873015873015873,0.873015873015873,0.12352183144025809,-0.14699953479765143,0.003987903274313998,True
3576,0.8888888888888888,0.873015873015873,0.10023025385510538,-0.1709327120767574,0.009530991194405435,True
3577,0.9047619047619047,0.873015873015873,0.07660862613548401,-0.2066661080269839,0.014960980914658722,True
3578,0.9206349206349206,0.873015873015873,0.05228050926621454,-0.2613303188491528,0.020324615688223895,True
3579,0.9365079365079365,0.873015873015873,0.02621529370260977,-0.3459723315252798,0.025638606561756934,True
3580,0.9523809523809523,0.873015873015873,-0.003287814503957377,-0.4768595446492809,0.030711062349374124,True
3581,0.9682539682539681,0.873015873015873,-0.03105812439868015,-0.6479485117006218,0.034798149455971365,True
3582,0.9841269841269841,0.873015873015873,-0.024956079922506296,-0.6118868498092519,0.036528867220056216,True
3583,1.0,0.873015873015873,2.3307179253985254e-08,-2.1545123026859473e-05,0.0351878686087177,True
3584,0.0,0.8888888888888888,-2.1757267739340957e-07,-5.2531150049485434e-06,-0.020986394048745097,True
3585,0.015873015873015872,0.8888888888888888,-0.0015249568046765665,0.002450249351923982,-0.021105851820053013,True
3586,0.031746031746031744,0.8888888888888888,-0.005080837376310651,0.01413596981768603,-0.021202100183486536,True
3587,0.047619047619047616,0.8888888888888888,-0.008259940992339765,0.03135479595767613,-0.021128925320669192,True
3588,0.06349206349206349,0.8888888888888888,-0.008878684686651511,0.052289689516635894,-0.02069066744265462,True
3589,0.07936507936507936,0.8888888888888888,-0.005536273550254698,0.07568132666739119,-0.01969686992136051,True
3590,0.09523809523809523,0.8888888888888888,0.0026120931437288502,0.10022518056702108,-0.018059661660882985,True
3591,0.1111111111111111,0.8888888888888888,0.01573805087014359,0.12448341634555829,-0.015841172771497852,True
3592,0.12698412698412698,0.8888888888888888,0.033340797585354645,0.14677227305938892,-0.01325450960548326,True
3593,0.14285714285714285,0.8888888888888888,0.05450769620628394,0.1655869534322874,-0.0106134973770051,True
3594,0.15873015873015872,0.8888888888888888,0.07813123656651569,0.1800753023777746,-0.008292882154375235,True
3595,0.1746031746031746,0.8888888888888888,0.10313998469033689,0.18989631304642512,-0.006608771861546725,True
3596,0.19047619047619047,0.8888888888888888,0.1285729343713605,0.19518454465393897,-0.005808952970392165,True
3597,0.20634920634920634,0.8888888888888888,0.15382440219966514,0.19652109009605118,-0.00599061305664579,True
3598,0.2222222222222222,0.8888888888888888,0.17833444018404088,0.19446804928597705,-0.007196380584294108,True
3599,0.23809523809523808,0.8888888888888888,0.20169159628228056,0.18967044433436606,-0.009370737223259413,True
3600,0.25396825396825395,0.8888888888888888,0.2238307881429048,0.1828085876595646,-0.012393431670980075,True
3601,0.2698412698412698,0.8888888888888888,0.24450297401428805,0.17437516583698787,-0.016134586355314662,True
3602,0.2857142857142857,0.8888888888888888,0.26371286065093164,0.16487908061673445,-0.020429890579570672,True
3603,0.30158730158730157,0.8888888888888888,0.2813301674599165,0.1546341093026597,-0.025130443308599346,True
3604,0.31746031746031744,0.8888888888888888,0.29755278116885164,0.1440553103577631,-0.03007628413527131,True
3605,0.3333333333333333,0.8888888888888888,0.3122510974045368,0.13328817449744718,-0.0351329357752277,True
3606,0.3492063492063492,0.8888888888888888,0.3254969340059217,0.12255033266562383,-0.040182342479441094,True
3607,0.36507936507936506,0.8888888888888888,0.33747920920993757,0.11203293296963378,-0.045125179670564765,True
3608,0.38095238095238093,0.8888888888888888,0.34802680109057765,0.10170568555112916,-0.04985655220237616,True
3609,0.3968253968253968,0.8888888888888888,0.35741130582862624,0.09181518507272028,-0.05433221036236528,True
3610,0.4126984126984127,0.8888888888888888,0.3655811500501259,0.0822152615954456,-0.05847326046611676,True
3611,0.42857142857142855,0.8888888888888888,0.3726482073807223,0.0730536547531373,-0.06225134533084736,True
3612,0.4444444444444444,0.8888888888888888,0.3785306372621102,0.06425175417108091,-0.06560542259290743,True
3613,0.4603174603174603,0.8888888888888888,0.38346186647305575,0.05590387834106279,-0.06854381163931494,True
3614,0.47619047619047616,0.8888888888888888,0.3872786671234489,0.04779956307972786,-0.07100516238289545,True
3615,0.49206349206349204,0.8888888888888888,0.3902045696486251,0.040137975533169445,-0.07302098647679997,True
3616,0.5079365079365079,0.8888888888888888,0.3920871579856729,0.032714735906443554,-0.07453845175584407,True
3617,0.5238095238095237,0.8888888888888888,0.39297224592844215,0.02562920566242993,-0.07555753014712548,True
3618,0.5396825396825397,0.8888888888888888,0.3929730491563389,0.018721252034679354,-0.07609841195195577,True
3619,0.5555555555555556,0.8888888888888888,0.39196420332838094,0.012062851037629418,-0.07613196482484631,True
3620,0.5714285714285714,0.8888888888888888,0.3900062549772527,0.005598853558268016,-0.07567285344194727,True
3621,0.5873015873015872,0.8888888888888888,0.38707881756278795,-0.0007063934357184653,-0.07472081628857193,True
3622,0.6031746031746031,0.8888888888888888,0.3831533777140155,-0.0068535471782358096,-0.07327645403049177,True
3623,0.6190476190476191,0.8888888888888888,0.37823585697530443,-0.012865960699488714,-0.07135152658649108,True
3624,0.6349206349206349,0.8888888888888888,0.3722356697557542,-0.01878044197758711,-0.06893871298505036,True
3625,0.6507936507936507,0.8888888888888888,0.36521746821391904,-0.024564602022238563,-0.0660686607986218,True
3626,0.6666666666666666,0.8888888888888888,0.35707261320668743,-0.03023388646114199,-0.06273744103605032,True
3627,0.6825396825396826,0.8888888888888888,0.34781274959065384,-0.03583877935526212,-0.058968299000701524,True
3628,0.6984126984126984,0.8888888888888888,0.3373752184784105,-0.04136333867441447,-0.0547756507975681,True
3629,0.7142857142857142,0.8888888888888888,0.3257208763909217,-0.04677528870481515,-0.05018201305653613,True
3630,0.7301587301587301,0.8888888888888888,0.3128292968659486,-0.05215169447209447,-0.04521737001512121,True
3631,0.746031746031746,0.8888888888888888,0.2987055736116869,-0.057448104354270925,-0.03991509934732442,True
3632,0.7619047619047619,0.8888888888888888,0.28331594334791255,-0.06277222184388115,-0.03431373751494779,True
3633,0.7777777777777777,0.8888888888888888,0.2666601852264563,-0.0682054666869186,-0.02845855605139792,True
3634,0.7936507936507936,0.8888888888888888,0.24879815387504248,-0.07388995025200648,-0.02239749183548516,True
3635,0.8095238095238095,0.8888888888888888,0.22978231535008253,-0.08008990012474963,-0.016179328258687814,True
3636,0.8253968253968254,0.8888888888888888,0.20966498677553908,-0.08725377716746856,-0.009854839234200483,True
3637,0.8412698412698412,0.8888888888888888,0.1885760256236887,-0.09609893245704443,-0.0034688497463366596,True
3638,0.8571428571428571,0.8888888888888888,0.16663117585899942,-0.10770219562372513,0.002969366843743978,True
3639,0.873015873015873,0.8888888888888888,0.1438932579127315,-0.12383699531375833,0.009437525402064488,True
3640,0.8888888888888888,0.8888888888888888,0.12045119110355276,-0.14727676016326216,0.016011720984303715,True
3641,0.9047619047619047,0.8888888888888888,0.09604524621644897,-0.18222113127020353,0.022730040177914444,True
3642,0.9206349206349206,0.8888888888888888,0.0702397975844629,-0.23548100685356427,0.029728879227470074,True
3643,0.9365079365079365,0.8888888888888888,0.041871035272310356,-0.3171535867692164,0.036999064038558134,True
3644,0.9523809523809523,0.8888888888888888,0.009017286449601597,-0.44342556275012013,0.04426710564984788,True
3645,0.9682539682539681,0.8888888888888888,-0.025814215640262594,-0.6244067339265462,0.0505178450396689,True
3646,0.9841269841269841,0.8888888888888888,-0.027808230824966692,-0.6420990171238558,0.053813928404035,True
3647,1.0,0.8888888888888888,1.1625301668636247e-06,0.00013844945595755864,0.0525572368429014,True
3648,0.0,0.9047619047619047,8.97683642820449e-07,-3.6826006626643335e-05,-0.020377919570312184,True
3649,0.015873015873015872,0.9047619047619047,-0.003979046762463759,0.0073052405448187875,-0.020658565434705997,True
3650,0.031746031746031744,0.9047619047619047,-0.012401610204549846,0.020358008602800015,-0.020836350191686042,True
3651,0.047619047619047616,0.9047619047619047,-0.020459042770891375,0.03573776627230345,-0.020749354148895588,True
3652,0.06349206349206349,0.9047619047619047,-0.02511669179706174,0.052896915235446235,-0.020175758118162163,True
3653,0.07936507936507936,0.9047619047619047,-0.02488746826068956,0.07141645167051164,-0.018923747098606492,True
3654,0.09523809523809523,0.9047619047619047,-0.019127190627547235,0.09063417670437256,-0.01690767648206438,True
3655,0.1111111111111111,0.9047619047619047,-0.007710620244731067,0.10967621378949183,-0.01422303416703282,True
3656,0.12698412698412698,0.9047619047619047,0.008924221098602653,0.12750474823255928,-0.011115100004963033,True
3657,0.14285714285714285,0.9047619047619047,0.029875140911795196,0.14291825031477798,-0.00792943287253048,True
3658,0.15873015873015872,0.9047619047619047,0.054058863967609457,0.15513068296680527,-0.005069124852491411,True
3659,0.1746031746031746,0.9047619047619047,0.08033208746391919,0.1637170853996245,-0.0028628126038943305,True
3660,0.19047619047619047,0.9047619047619047,0.10760766799681963,0.16868987390095042,-0.0015957834001982048,True
3661,0.20634920634920634,0.9047619047619047,0.1351086350447109,0.170363882392447,-0.0013832961534635004,True
3662,0.2222222222222222,0.9047619047619047,0.16216564965452726,0.16914866317670899,-0.0022748904185034657,True
3663,0.23809523809523808,0.9047619047619047,0.18825403246946465,0.16553191780548604,-0.004223713487928149,True
3664,0.25396825396825395,0.9047619047619047,0.21309308173635388,0.16002735841238597,-0.007112735199045069,True
3665,0.2698412698412698,0.9047619047619047,0.23641954369451573,0.15306013852765987,-0.010797645840481148,True
3666,0.2857142857142857,0.9047619047619047,0.2583140212533737,0.14514799113675209,-0.015107854519512527,True
3667,0.30158730158730157,0.9047619047619047,0.2785024456256204,0.13651856392130876,-0.019886943325354803,True
3668,0.31746031746031744,0.9047619047619047,0.29705808597857625,0.12747778518233643,-0.024957186352929192,True
3669,0.3333333333333333,0.9047619047619047,0.313969773000326,0.11823891961958286,-0.03017970589073182,True
3670,0.3492063492063492,0.9047619047619047,0.3292928615862772,0.10899677784036219,-0.0354246917980817,True
3671,0.36507936507936506,0.9047619047619047,0.34314617974558387,0.09988101428075492,-0.04057818421965811,True
3672,0.38095238095238093,0.9047619047619047,0.35541031685175084,0.09094561418844373,-0.04553981045862168,True
3673,0.3968253968253968,0.9047619047619047,0.36634317113679904,0.08231968001871313,-0.05024245482968706,True
3674,0.4126984126984127,0.9047619047619047,0.3758737587445473,0.07396632808966865,-0.054608634276523904,True
3675,0.42857142857142855,0.9047619047619047,0.3841610972476451,0.06604143987227859,-0.05860690005771723,True
3676,0.4444444444444444,0.9047619047619047,0.39112792253327694,0.058335394325597686,-0.06216873844577746,True
3677,0.4603174603174603,0.9047619047619047,0.39697567282934576,0.05106432726643418,-0.06529742796899275,True
3678,0.47619047619047616,0.9047619047619047,0.40164544798273594,0.04410753048437601,-0.06794929603219743,True
3679,0.49206349206349204,0.9047619047619047,0.4052405916945672,0.03743958747486575,-0.07012293403892328,True
3680,0.5079365079365079,0.9047619047619047,0.4076946531118254,0.031064395133714267,-0.07178623982414757,True
3681,0.5238095238095237,0.9047619047619047,0.40906480528731176,0.024963255730819454,-0.07293682560002082,True
3682,0.5396825396825397,0.9047619047619047,0.40945883334459166,0.019078887161532457,-0.07359254735220809,True
3683,0.5555555555555556,0.9047619047619047,0.40874780269781386,0.013418513286220143,-0.07372274765974152,True
3684,0.5714285714285714,0.9047619047619047,0.40698908871984535,0.007948448741209407,-0.07333845889984865,True
3685,0.5873015873015872,0.9047619047619047,0.404270241172957,0.002658035403882685,-0.07246481295733892,True
3686,0.6031746031746031,0.9047619047619047,0.4004628379481196,-0.002468357823156399,-0.07107552299885755,True
3687,0.6190476190476191,0.9047619047619047,0.39558500321438866,-0.007468057793309442,-0.0691843286454706,True
3688,0.6349206349206349,0.9047619047619047,0.3897287046121399,-0.012282540864398542,-0.06682192157302841,True
3689,0.6507936507936507,0.9047619047619047,0.38276852296295644,-0.017003743374782474,-0.06397394452312906,True
3690,0.6666666666666666,0.9047619047619047,0.3747239614608898,-0.021581887225348956,-0.06065749009617451,True
3691,0.6825396825396826,0.9047619047619047,0.3656073624532967,-0.026049709394012358,-0.05689611652818791,True
3692,0.6984126984126984,0.9047619047619047,0.3553881680573705,-0.030405083099420558,-0.05270240174042933,True
3693,0.7142857142857142,0.9047619047619047,0.34404668385876763,-0.0346689601446164,-0.048100134273355015,True
3694,0.7301587301587301,0.9047619047619047,0.33162385961993407,-0.03882682810314589,-0.043110438191246325,True
3695,0.746031746031746,0.9047619047619047,0.31805758348003904,-0.04295866217420742,-0.037767421376236045,True
3696,0.7619047619047619,0.9047619047619047,0.30339466245283586,-0.04710325524840922,-0.032099381312132795,True
3697,0.7777777777777777,0.9047619047619047,0.2876550655012371,-0.05137550078060954,-0.026138886889408162,True
3698,0.7936507936507936,0.9047619047619047,0.2708907698768795,-0.055944753618109654,-0.01991884325754831,True
3699,0.8095238095238095,0.9047619047619047,0.25308141542384155,-0.06108809652198508,-0.013467774359490937,True
3700,0.8253968253968254,0.9047619047619047,0.23431861359775247,-0.0672583986732268,-0.006800318749869937,True
3701,0.8412698412698412,0.9047619047619047,0.21455317540292856,-0.07515418727742897,7.73810066449409e-05,True
3702,0.8571428571428571,0.9047619047619047,0.1937943008986009,-0.08585547222816141,0.007199709473663439,True
3703,0.873015873015873,0.9047619047619047,0.1719481523324465,-0.10103823777953966,0.014636586006514095,True
3704,0.8888888888888888,0.9047619047619047,0.14879069817628152,-0.12332622063658122,0.022517246636143184,True
3705,0.9047619047619047,0.9047619047619047,0.12382205037741392,-0.1567227831017879,0.030961587902878136,True
3706,0.9206349206349206,0.9047619047619047,0.09629968224555523,-0.20752355487776825,0.04024913165286981,True
3707,0.9365079365079365,0.9047619047619047,0.06490052086606958,-0.28518453269989175,0.05028620088563739,True
3708,0.9523809523809523,0.9047619047619047,0.02755394857852909,-0.4050888391624623,0.060754217030169186,True
3709,0.9682539682539681,0.9047619047619047,-0.01591237179737606,-0.5898782755331563,0.07030504157052235,True
3710,0.9841269841269841,0.9047619047619047,-0.030033164615328928,-0.6681856645447624,0.07605148607250672,True
3711,1.0,0.9047619047619047,-4.0795183542452235e-09,0.00013301827868808565,0.07503565469881625,True
3712,0.0,0.9206349206349206,1.555735651461248e-06,-4.9480446852523016e-05,-0.019840121368147254,True
3713,0.015873015873015872,0.9206349206349206,-0.00843538338618804,0.017779719092854734,-0.0203878897834489,True
3714,0.031746031746031744,0.9206349206349206,-0.024327148423791457,0.03269766246741536,-0.020635172631323202,True
3715,0.047619047619047616,0.9206349206349206,-0.03858384714972661,0.045068001654418176,-0.020480475659859384,True
3716,0.06349206349206349,0.9206349206349206,-0.04758720507563598,0.057088793585305206,-0.019699692837144466,True
3717,0.07936507936507936,0.9206349206349206,-0.05018272639851605,0.0696268824078791,-0.018105140221890963,True
3718,0.09523809523809523,0.9206349206349206,-0.04610685956275865,0.08272433087404908,-0.01565777753247819,True
3719,0.1111111111111111,0.9206349206349206,-0.035625348351793124,0.09589297059357861,-0.01249175787038932,True
3720,0.12698412698412698,0.9206349206349206,-0.019319871561580396,0.1085764628157329,-0.008891042297941062,True
3721,0.14285714285714285,0.9206349206349206,0.0018547918491281098,0.11989205973160551,-0.005230777971497202,True
3722,0.15873015873015872,0.9206349206349206,0.026801331360732678,0.12917195693377528,-0.0019174220373023596,True
3723,0.1746031746031746,0.9206349206349206,0.05431206014801237,0.13601147947798628,0.0006897897671413973,True
3724,0.19047619047619047,0.9206349206349206,0.08331220965218862,0.1402300946379872,0.0023311774600811544,True
3725,0.20634920634920634,0.9206349206349206,0.11287039877913618,0.14189576644562196,0.0028431768892698923,True
3726,0.2222222222222222,0.9206349206349206,0.14222616113491388,0.14127028776673012,0.0021836365824600473,True
3727,0.23809523809523808,0.9206349206349206,0.1708152420356939,0.1387063877424189,0.00040887174414193627,True
3728,0.25396825396825395,0.9206349206349206,0.19825656145419687,0.1345698433492868,-0.0023641662858553962,True
3729,0.2698412698412698,0.9206349206349206,0.2242364485016239,0.1291824022133584,-0.006014548171899082,True
3730,0.2857142857142857,0.9206349206349206,0.24860623221201208,0.12287933653210209,-0.010332214160788932,True
3731,0.30158730158730157,0.9206349206349206,0.2712506766539418,0.11593338564427867,-0.015173940015796165,True
3732,0.31746031746031744,0.9206349206349206,0.2921312990646349,0.10860751851293352,-0.020365386984279463,True
3733,0.3333333333333333,0.9206349206349206,0.3112566377298169,0.10106221626234552,-0.025736442468504993,True
3734,0.3492063492063492,0.9206349206349206,0.32858049007194917,0.09343076970279063,-0.031153548873912442,True
3735,0.36507936507936506,0.9206349206349206,0.3443793499484185,0.08595380427950586,-0.03650238423867999,True
3736,0.38095238095238093,0.9206349206349206,0.3583714991679817,0.07851055180266382,-0.04166409476604555,True
3737,0.3968253968253968,0.9206349206349206,0.3709094348234221,0.07136824889707721,-0.046577501173927005,True
3738,0.4126984126984127,0.9206349206349206,0.3818807992784141,0.06442760921474851,-0.05115505727859817,True
3739,0.42857142857142855,0.9206349206349206,0.3913656980571251,0.057761851082954965,-0.055342043142246354,True
3740,0.4444444444444444,0.9206349206349206,0.399543075943225,0.05144441598094908,-0.059110394727383386,True
3741,0.4603174603174603,0.9206349206349206,0.4063620546918814,0.04534700589379434,-0.062412524336779664,True
3742,0.47619047619047616,0.9206349206349206,0.41200300580469296,0.03957648655168237,-0.06524833201695038,True
3743,0.49206349206349204,0.9206349206349206,0.41637061044639756,0.03405826379697125,-0.06757178064219099,True
3744,0.5079365079365079,0.9206349206349206,0.4195235145283315,0.02881015506039096,-0.06936778233217372,True
3745,0.5238095238095237,0.9206349206349206,0.42160483872243787,0.023792040448955252,-0.07065575606416778,True
3746,0.5396825396825397,0.9206349206349206,0.42258096979752624,0.018989487040009908,-0.07142006094446526,True
3747,0.5555555555555556,0.9206349206349206,0.4224565247642553,0.014381713161185434,-0.0716556495453869,True
3748,0.5714285714285714,0.9206349206349206,0.42128052337926863,0.00995973700067039,-0.07137247328512655,True
3749,0.5873015873015872,0.9206349206349206,0.41902575121472846,0.0057007884416458085,-0.07055887388881707,True
3750,0.6031746031746031,0.9206349206349206,0.4157744173792418,0.0016134587108077927,-0.06924061520280743,True
3751,0.6190476190476191,0.9206349206349206,0.4115063329712354,-0.0023358966293172364,-0.06741644413452635,True
3752,0.6349206349206349,0.9206349206349206,0.4062287474567651,-0.006141874499653276,-0.06509480387687226,True
3753,0.6507936507936507,0.9206349206349206,0.39997065251477276,-0.009806924616393384,-0.062292771862946385,True
3754,0.6666666666666666,0.9206349206349206,0.39271014966408135,-0.013371310763602397,-0.059010493799723854,True
3755,0.6825396825396826,0.9206349206349206,0.38448657701796835,-0.01679570425152305,-0.05527933026675848,True
3756,0.6984126984126984,0.9206349206349206,0.3753254186238368,-0.02010593618298071,-0.05110620850174953,True
3757,0.7142857142857142,0.9206349206349206,0.3651276593786576,-0.023365866722769985,-0.04651491463554431,True
3758,0.7301587301587301,0.9206349206349206,0.35408547692765285,-0.02648974426847536,-0.0415284307250812,True
3759,0.746031746031746,0.9206349206349206,0.3420757007687668,-0.029617388223175438,-0.036164805075648246,True
3760,0.7619047619047619,0.9206349206349206,0.32921875092186204,-0.0327850147440738,-0.030447420520152244,True
3761,0.7777777777777777,0.9206349206349206,0.3154166760919328,-0.03606446410045735,-0.024397932705669544,True
3762,0.7936507936507936,0.9206349206349206,0.3007633608721716,-0.039678140082418524,-0.018026667573642664,True
3763,0.8095238095238095,0.9206349206349206,0.2851706826876985,-0.043896796850059164,-0.011340608409121976,True
3764,0.8253968253968254,0.9206349206349206,0.2687080805457141,-0.04906846741650328,-0.004303243345895698,True
3765,0.8412698412698412,0.9206349206349206,0.25117205524199926,-0.055939118607827104,0.0031157560031236918,True
3766,0.8571428571428571,0.9206349206349206,0.2323997099617609,-0.06541966688217775,0.011034256062944885,True
3767,0.873015873015873,0.9206349206349206,0.2121371510382242,-0.07916589484180388,0.019603893071058642,True
3768,0.8888888888888888,0.9206349206349206,0.18975771904452665,-0.09947778210643886,0.029077085970693545,True
3769,0.9047619047619047,0.9206349206349206,0.16445931223513371,-0.13012327118835007,0.03978603489082466,True
3770,0.9206349206349206,0.9206349206349206,0.13498830118193522,-0.17692141933199157,0.05209186168695795,True
3771,0.9365079365079365,0.9206349206349206,0.0995122417261311,-0.24873485586096575,0.06611969151955917,True
3772,0.9523809523809523,0.9206349206349206,0.0557159175631776,-0.36022002786407065,0.08140288060133051,True
3773,0.9682539682539681,0.9206349206349206,0.0016226341164268857,-0.5407982118870783,0.09596937010937537,True
3774,0.9841269841269841,0.9206349206349206,-0.03089744219694086,-0.6872799225447991,0.10551733208564718,True
3775,1.0,0.9206349206349206,2.023441254711889e-06,0.00010888192468578785,0.10518268034483767,True
3776,0.0,0.9365079365079365,-7.763154713977113e-06,8.184888220166523e-05,-0.019771887484343893,True
3777,0.015873015873015872,0.9365079365079365,-0.016234171809128003,0.03756080384750364,-0.02073781884455027,True
3778,0.031746031746031744,0.9365079365079365,-0.042799877205593,0.053182331963788985,-0.020985464563475494,True
3779,0.047619047619047616,0.9365079365079365,-0.06414821984417093,0.05968365219794145,-0.020634451963895236,True
3780,0.06349206349206349,0.9365079365079365,-0.07706343285006993,0.06447281973383907,-0.019500964105651983,True
3781,0.07936507936507936,0.9365079365079365,-0.08153561651761096,0.06954634001203704,-0.01743368114016774,True
3782,0.09523809523809523,0.9365079365079365,-0.07810195150837783,0.07552009756780598,-0.014465552828968135,True
3783,0.1111111111111111,0.9365079365079365,-0.0675483494705731,0.08227232191876423,-0.01078881345016792,True
3784,0.12698412698412698,0.9365079365079365,-0.05075063072365289,0.0893743714443051,-0.006723345509775625,True
3785,0.14285714285714285,0.9365079365079365,-0.02882597164817906,0.09621013184733679,-0.002657041403735178,True
3786,0.15873015873015872,0.9365079365079365,-0.0028339002336945766,0.10217060878786968,0.0010020872518207457,True
3787,0.1746031746031746,0.9365079365079365,0.026002286907824898,0.10683363163948988,0.003900445620199073,True
3788,0.19047619047619047,0.9365079365079365,0.05657035283048624,0.10993605645947162,0.005790824589915998,True
3789,0.20634920634920634,0.9365079365079365,0.08797262756899989,0.11133750640233483,0.006508338008939,True
3790,0.2222222222222222,0.9365079365079365,0.11935161472439432,0.11113576986930246,0.006008132151151014,True
3791,0.23809523809523808,0.9365079365079365,0.1501054936737117,0.10950985476906124,0.004362718736841039,True
3792,0.25396825396825395,0.9365079365079365,0.17981741675042756,0.10665761146348791,0.0016492501948570386,True
3793,0.2698412698412698,0.9365079365079365,0.2080738890552198,0.10278583061722357,-0.0019739912905093865,True
3794,0.2857142857142857,0.9365079365079365,0.23479779403636647,0.09821491921535176,-0.006313467475084657,True
3795,0.30158730158730157,0.9365079365079365,0.2597234379831355,0.09305801848382757,-0.011212147494376603,True
3796,0.31746031746031744,0.9365079365079365,0.28279378713665715,0.08751802585485428,-0.016495495909403295,True
3797,0.3333333333333333,0.9365079365079365,0.3040426440336289,0.08177718944645523,-0.021988906914629944,True
3798,0.3492063492063492,0.9365079365079365,0.32344577984911976,0.07594628766207229,-0.027552381306502578,True
3799,0.36507936507936506,0.9365079365079365,0.34107464948330546,0.0701288558214906,-0.03305603812921931,True
3800,0.38095238095238093,0.9365079365079365,0.3569779412594895,0.06440527292880184,-0.03839731475157593,True
3801,0.3968253968253968,0.9365079365079365,0.3711978488014241,0.05882544193469045,-0.04348314645865394,True
3802,0.4126984126984127,0.9365079365079365,0.38380065477813013,0.053434792504371095,-0.04823748790634812,True
3803,0.42857142857142855,0.9365079365079365,0.3948561287792128,0.04821023026990888,-0.05260440501379764,True
3804,0.4444444444444444,0.9365079365079365,0.4045177977060057,0.04327473149001614,-0.05654200502129347,True
3805,0.4603174603174603,0.9365079365079365,0.41270762177930553,0.03850518523129829,-0.060000703679850234,True
3806,0.47619047619047616,0.9365079365079365,0.4196576148300891,0.034006642183444485,-0.06299019871576805,True
3807,0.49206349206349204,0.9365079365079365,0.42529919711449926,0.02970543352849481,-0.06545379085896348,True
3808,0.5079365079365079,0.9365079365079365,0.4297320305597395,0.025622691890008865,-0.06738042079489079,True
3809,0.5238095238095237,0.9365079365079365,0.43301636738681376,0.021718051838737436,-0.06878968378654561,True
3810,0.5396825396825397,0.9365079365079365,0.4352410281644293,0.018032321714346353,-0.06966415737642162,True
3811,0.5555555555555556,0.9365079365079365,0.4363531632726309,0.014440406091398713,-0.06998465844102683,True
3812,0.5714285714285714,0.9365079365079365,0.4365345458851112,0.011079562877043926,-0.06979284853758083,True
3813,0.5873015873015872,0.9365079365079365,0.4356715494616745,0.007815446479867401,-0.06906337131318974,True
3814,0.6031746031746031,0.9365079365079365,0.4339645318305672,0.0047177449898749705,-0.06780596261619327,True
3815,0.6190476190476191,0.9365079365079365,0.43115323688403046,0.0017219811231428286,-0.06605294769825883,True
3816,0.6349206349206349,0.9365079365079365,0.4275188596821407,-0.0011330117315210934,-0.06379117613747072,True
3817,0.6507936507936507,0.9365079365079365,0.42305189471953425,-0.0038898425033988358,-0.06103093937536497,True
3818,0.6666666666666666,0.9365079365079365,0.4177462305615551,-0.0065224878312778335,-0.05779774764045682,True
3819,0.6825396825396826,0.9365079365079365,0.4115338354756557,-0.009060116486710925,-0.0541049929645791,True
3820,0.6984126984126984,0.9365079365079365,0.40459445670472005,-0.01150892066398427,-0.049961474317860924,True
3821,0.7142857142857142,0.9365079365079365,0.3967965921650105,-0.013878633509881236,-0.04539406202386481,True
3822,0.7301587301587301,0.9365079365079365,0.3881678732530832,-0.016183482607681106,-0.04041743195116861,True
3823,0.746031746031746,0.9365079365079365,0.3788662364956871,-0.01847400585030389,-0.03504335081548314,True
3824,0.7619047619047619,0.9365079365079365,0.36879867557060825,-0.020827986544290994,-0.02928590312862929,True
3825,0.7777777777777777,0.9365079365079365,0.3580274346460172,-0.023308963604041746,-0.02315009987542902,True
3826,0.7936507936507936,0.9365079365079365,0.3463357150067135,-0.026067833530642914,-0.01663214229948929,True
3827,0.8095238095238095,0.9365079365079365,0.3339298269089853,-0.02936546771989774,-0.009692178999848327,True
3828,0.8253968253968254,0.9365079365079365,0.3204138883519103,-0.03355971241242041,-0.0022834065596462347,True
3829,0.8412698412698412,0.9365079365079365,0.3058420123847897,-0.03922316442824508,0.005724798501316305,True
3830,0.8571428571428571,0.9365079365079365,0.28958304684568603,-0.04714992234056623,0.014502834162803417,True
3831,0.873015873015873,0.9365079365079365,0.2714185972804622,-0.05877597361161497,0.02436927463828595,True
3832,0.8888888888888888,0.9365079365079365,0.250262146959244,-0.07614290951963812,0.03573092768550913,True
3833,0.9047619047619047,0.9365079365079365,0.22487942216046136,-0.1025872971128413,0.049170582389910296,True
3834,0.9206349206349206,0.9365079365079365,0.19320725052066176,-0.14315644618217055,0.0654026396035137,True
3835,0.9365079365079365,0.9365079365079365,0.15256324173854213,-0.20617042243081754,0.08496656371948151,True
3836,0.9523809523809523,0.9365079365079365,0.09968648187383378,-0.3059293326529977,0.10744790589305953,True
3837,0.9682539682539681,0.9365079365079365,0.0310078545057938,-0.47423080005510204,0.13002683214053481,True
3838,0.9841269841269841,0.9365079365079365,-0.02862658616015258,-0.688199237459026,0.14593283266767343,True
3839,1.0,0.9365079365079365,6.323860683832667e-06,0.00038522469719957247,0.146879791189388,True
3840,0.0,0.9523809523809523,-1.7550629321546135e-06,-6.149856011237185e-05,-0.021285869415136667,True
3841,0.015873015873015872,0.9523809523809523,-0.029443013316761003,0.07166858922813438,-0.022867122483420165,True
3842,0.031746031746031744,0.9523809523809523,-0.06887887182377614,0.08283458338065096,-0.022825927079356413,True
3843,0.047619047619047616,0.9523809523809523,-0.09518232992820018,0.0785753715764349,-0.02191568720262496,True
3844,0.06349206349206349,0.9523809523809523,-0.10875776682078606,0.07320825064035318,-0.02009036443726222,True
3845,0.07936507936507936,0.9523809523809523,-0.11224137483546981,0.06952366591744993,-0.017313093317846046,True
3846,0.09523809523809523,0.9523809523809523,-0.10718047259143287,0.06772030101604141,-0.013667470110275717,True
3847,0.1111111111111111,0.9523809523809523,-0.09513009743367883,0.06781484865938746,-0.009412012014271874,True
3848,0.12698412698412698,0.9523809523809523,-0.07704344455786666,0.06923202955212647,-0.00487351618701935,True
3849,0.14285714285714285,0.9523809523809523,-0.05391377302414468,0.07147827524453564,-0.0004511667943137528,True
3850,0.15873015873015872,0.9523809523809523,-0.026818635289588864,0.07400285081547947,0.003470552440408279,True
3851,0.1746031746031746,0.9523809523809523,0.0029117116368222945,0.07634496308899956,0.0065737850369084454,True
3852,0.19047619047619047,0.9523809523809523,0.034691040498703175,0.07809338383677822,0.008600661521613864,True
3853,0.20634920634920634,0.9523809523809523,0.06736138956042469,0.0790720743127119,0.009431384400908578,True
3854,0.2222222222222222,0.9523809523809523,0.10029833278055102,0.07911513634255862,0.009020540970697544,True
3855,0.23809523809523808,0.9523809523809523,0.13276778596212463,0.0782625702060827,0.007426569478396557,True
3856,0.25396825396825395,0.9523809523809523,0.16436329664088284,0.0766025913644378,0.0047450940438859245,True
3857,0.2698412698412698,0.9523809523809523,0.19465984774713535,0.07422500653382834,0.0011317578195892233,True
3858,0.2857142857142857,0.9523809523809523,0.22354842576758704,0.07129911585279355,-0.0032366982043513684,True
3859,0.30158730158730157,0.9523809523809523,0.2506387129079224,0.06791635122799516,-0.008180955160488206,True
3860,0.31746031746031744,0.9523809523809523,0.2760216459228277,0.06421149352231646,-0.013529306010022123,True
3861,0.3333333333333333,0.9523809523809523,0.29958527252203715,0.06029885018536463,-0.01911318042727433,True
3862,0.3492063492063492,0.9523809523809523,0.3213670362332019,0.05633314949573713,-0.024783430556599616,True
3863,0.36507936507936506,0.9523809523809523,0.3412941172553166,0.05225936033947366,-0.03040638701144574,True
3864,0.38095238095238093,0.9523809523809523,0.35966300862341144,0.04826345656368612,-0.035871858692126474,True
3865,0.3968253968253968,0.9523809523809523,0.3760692930091222,0.04433382878859716,-0.04109152249967529,True
3866,0.4126984126984127,0.9523809523809523,0.3909897259996748,0.040503714913756046,-0.04597938918237056,True
3867,0.42857142857142855,0.9523809523809523,0.40451762940894154,0.03682138128866066,-0.05047528820596095,True
3868,0.4444444444444444,0.9523809523809523,0.41641634795386767,0.03326057939189398,-0.054540286255285765,True
3869,0.4603174603174603,0.9523809523809523,0.4269784710376053,0.02988801909652892,-0.05814113689953251,True
3870,0.47619047619047616,0.9523809523809523,0.43625564262825817,0.0266517851291667,-0.061237506142102445,True
3871,0.49206349206349204,0.9523809523809523,0.4445035747288598,0.02355323762654207,-0.06380239937191773,True
3872,0.5079365079365079,0.9523809523809523,0.4513071180135035,0.020620501219389936,-0.06585677437232289,True
3873,0.5238095238095237,0.9523809523809523,0.45716150713061504,0.017816614120089693,-0.0673590419862557,True
3874,0.5396825396825397,0.9523809523809523,0.4620267710371835,0.015120910710722019,-0.06830493680953016,True
3875,0.5555555555555556,0.9523809523809523,0.4657068707935615,0.01260415934544337,-0.06873144879687405,True
3876,0.5714285714285714,0.9523809523809523,0.4684754922208343,0.01016078155003384,-0.06860150086737882,True
3877,0.5873015873015872,0.9523809523809523,0.4703600937527365,0.00786366043592884,-0.06794384745749212,True
3878,0.6031746031746031,0.9523809523809523,0.4713319031723173,0.005664884991358718,-0.06675551595362553,True
3879,0.6190476190476191,0.9523809523809523,0.4713234725905545,0.003537064656214213,-0.06504830531100553,True
3880,0.6349206349206349,0.9523809523809523,0.47063050751429036,0.0015501839363344155,-0.06283618882275097,True
3881,0.6507936507936507,0.9523809523809523,0.4689962446888831,-0.0003800272559705491,-0.06012663472610813,True
3882,0.6666666666666666,0.9523809523809523,0.4666098547971344,-0.002203310209400994,-0.056937754652737184,True
3883,0.6825396825396826,0.9523809523809523,0.46337414712422165,-0.0039534589518248784,-0.05328299210364785,True
3884,0.6984126984126984,0.9523809523809523,0.4595644599515009,-0.005644256365296825,-0.04916782938874776,True
3885,0.7142857142857142,0.9523809523809523,0.45486664719490205,-0.007264498498535143,-0.04462313782681197,True
3886,0.7301587301587301,0.9523809523809523,0.449432702952585,-0.008835504196515286,-0.039655594112060204,True
3887,0.746031746031746,0.9523809523809523,0.44333459370148387,-0.010404275649797642,-0.03427205647903819,True
3888,0.7619047619047619,0.9523809523809523,0.4365478280716221,-0.012018948956957402,-0.028476930013024027,True
3889,0.7777777777777777,0.9523809523809523,0.4289847096351402,-0.01373547321521365,-0.022262768491406255,True
3890,0.7936507936507936,0.9523809523809523,0.4206616803589821,-0.015693249080875937,-0.015598053130184739,True
3891,0.8095238095238095,0.9523809523809523,0.4114491860846027,-0.018067453999066087,-0.008423428601698294,True
3892,0.8253968253968254,0.9523809523809523,0.40117724890595574,-0.021140291157938817,-0.0006283769421991305,True
3893,0.8412698412698412,0.9523809523809523,0.38963575422473073,-0.025359695900190545,0.007975710308488388,True
3894,0.8571428571428571,0.9523809523809523,0.3760772653475228,-0.0313561947719367,0.01765648784610897,True
3895,0.873015873015873,0.9523809523809523,0.36006358552379847,-0.04022040510210713,0.02888774909754922,True
3896,0.8888888888888888,0.9523809523809523,0.3403032700125853,-0.053540819675872556,0.04233517936893244,True
3897,0.9047619047619047,0.9523809523809523,0.3149727264451241,-0.07394036021438445,0.058940728120596024,True
3898,0.9206349206349206,0.9523809523809523,0.28127952430635356,-0.10577349940046049,0.07987146967590578,True
3899,0.9365079365079365,0.9523809523809523,0.23507282377375874,-0.15605300317224718,0.10657367884045477,True
3900,0.9523809523809523,0.9523809523809523,0.17076833391486843,-0.23833592400654263,0.13929196900147375,True
3901,0.9682539682539681,0.9523809523809523,0.08192484745678742,-0.3847433813414621,0.1752681051240621,True
3902,0.9841269841269841,0.9523809523809523,-0.019226292478640383,-0.6539132183404905,0.20348286808927055,True
3903,1.0,0.9523809523809523,4.101216262864404e-06,0.00038085033636233925,0.2073443469241431,True
3904,0.0,0.9682539682539681,2.7467584010006973e-05,-0.0006495645705457708,-0.02743806972796007,True
3905,0.015873015873015872,0.9682539682539681,-0.05308156137117063,0.12521917369643257,-0.029603270178586716,True
3906,0.031746031746031744,0.9682539682539681,-0.0975805529946581,0.11518644148669366,-0.027629734793115486,True
3907,0.047619047619047616,0.9682539682539681,-0.11220742840511701,0.09314092351714505,-0.025016849070956786,True
3908,0.06349206349206349,0.9682539682539681,-0.11171691013888645,0.07620463144726547,-0.021884686003004788,True
3909,0.07936507936507936,0.9682539682539681,-0.10255829270721131,0.0641046725345922,-0.01806544768908977,True
3910,0.09523809523809523,0.9682539682539681,-0.08740134248511337,0.055702350628330094,-0.013594261935017412,True
3911,0.1111111111111111,0.9682539682539681,-0.06841817005451711,0.05028828977367382,-0.008696235922668489,True
3912,0.12698412698412698,0.9682539682539681,-0.04587373199421629,0.04711721113180498,-0.00368416900431436,True
3913,0.14285714285714285,0.9682539682539681,-0.020399369256038948,0.04556938591548935,0.0010733583663356176,True
3914,0.15873015873015872,0.9682539682539681,0.007770876061092635,0.0451393568400543,0.005215359286216851,True
3915,0.1746031746031746,0.9682539682539681,0.03760912840231317,0.045307336210543024,0.008452721032777243,True
3916,0.19047619047619047,0.9682539682539681,0.06935448855780295,0.04571595301573118,0.010562054966615296,True
3917,0.20634920634920634,0.9682539682539681,0.10151399671961255,0.046027143122779654,0.01145263580265982,True
3918,0.2222222222222222,0.9682539682539681,0.13417805772440916,0.04608509724387514,0.011092719385691832,True
3919,0.23809523809523808,0.9682539682539681,0.16705754104193268,0.04577379272510291,0.009521961937966825,True
3920,0.25396825396825395,0.9682539682539681,0.19918861023180148,0.045039770881668856,0.006864295205819691,True
3921,0.2698412698412698,0.9682539682539681,0.2305470602559448,0.04389759671217738,0.0032612267944315027,True
3922,0.2857142857142857,0.9682539682539681,0.26080534955863727,0.04241641224832053,-0.0011099940987665334,True
3923,0.30158730158730157,0.9682539682539681,0.28974129104341967,0.04062928242858674,-0.006075976920680399,True
3924,0.31746031746031744,0.9682539682539681,0.3167990702757658,0.03861375461238216,-0.011448817554638368,True
3925,0.3333333333333333,0.9682539682539681,0.3427231286029072,0.036425683676038406,-0.0170792108940792,True
3926,0.3492063492063492,0.9682539682539681,0.3668166429836035,0.03414090580557343,-0.022806473431223915,True
3927,0.36507936507936506,0.9682539682539681,0.38963032962176314,0.03178456498479469,-0.0285001221435626,True
3928,0.38095238095238093,0.9682539682539681,0.4106330247054937,0.02941711293060745,-0.03404654867912788,True
3929,0.3968253968253968,0.9682539682539681,0.42996754783266783,0.027110571158391075,-0.039350390389940426,True
3930,0.4126984126984127,0.9682539682539681,0.44789051757255777,0.024781806604405862,-0.04432828981116984,True
3931,0.42857142857142855,0.9682539682539681,0.46425375027968574,0.022567048217102082,-0.048923857453642625,True
3932,0.4444444444444444,0.9682539682539681,0.47949973403049856,0.020445983175484565,-0.05307694868479486,True
3933,0.4603174603174603,0.9682539682539681,0.4930685145358386,0.018332970228069793,-0.056756803054126635,True
3934,0.47619047619047616,0.9682539682539681,0.5053129745233008,0.016392259849178886,-0.05994292771314698,True
3935,0.49206349206349204,0.9682539682539681,0.5164256163799401,0.014497090841241494,-0.0625949935014042,True
3936,0.5079365079365079,0.9682539682539681,0.5262556595209004,0.012708334177510936,-0.06471544444523539,True
3937,0.5238095238095237,0.9682539682539681,0.5346815701075734,0.011008851594534505,-0.06629715658691177,True
3938,0.5396825396825397,0.9682539682539681,0.542487217872397,0.009388330741731109,-0.06730476709737868,True
3939,0.5555555555555556,0.9682539682539681,0.548733558007071,0.007865019768624306,-0.067791691173189,True
3940,0.5714285714285714,0.9682539682539681,0.5541255415858395,0.006425951640631132,-0.06772514600051241,True
3941,0.5873015873015872,0.9682539682539681,0.5587479468997563,0.005069670016597786,-0.06710954371275955,True
3942,0.6031746031746031,0.9682539682539681,0.5620462206627941,0.00373740323938122,-0.0659759755755913,True
3943,0.6190476190476191,0.9682539682539681,0.5646469597657467,0.002545662913648444,-0.06431954168362401,True
3944,0.6349206349206349,0.9682539682539681,0.5664473842255633,0.0013677830975360316,-0.0621414100435709,True
3945,0.6507936507936507,0.9682539682539681,0.5672696106785786,0.0002783960190303715,-0.05947528915940818,True
3946,0.6666666666666666,0.9682539682539681,0.5672643402411899,-0.0007713936507145541,-0.05632156758814729,True
3947,0.6825396825396826,0.9682539682539681,0.5665271170950837,-0.0017512954002525433,-0.052696634356300086,True
3948,0.6984126984126984,0.9682539682539681,0.5651274781046469,-0.0026939732502339405,-0.04861042824278935,True
3949,0.7142857142857142,0.9682539682539681,0.5629627111866284,-0.003586350241211077,-0.04408223003267345,True
3950,0.7301587301587301,0.9682539682539681,0.5599340914326166,-0.004453042046719959,-0.03912561517078059,True
3951,0.746031746031746,0.9682539682539681,0.5563728874667064,-0.005317664542051382,-0.03373311553977633,True
3952,0.7619047619047619,0.9682539682539681,0.5521250827408819,-0.006203704689545136,-0.02790503118104729,True
3953,0.7777777777777777,0.9682539682539681,0.5471091032255692,-0.007171304980215112,-0.021619775291715382,True
3954,0.7936507936507936,0.9682539682539681,0.5412582486348376,-0.008290581371330005,-0.014829901509715292,True
3955,0.8095238095238095,0.9682539682539681,0.534563813419772,-0.009682541563331449,-0.007440116141468775,True
3956,0.8253968253968254,0.9682539682539681,0.526694984692165,-0.011534556187563095,0.0006937044847362811,True
3957,0.8412698412698412,0.9682539682539681,0.5175109035846908,-0.014114145728677587,0.009838495642526224,True
3958,0.8571428571428571,0.9682539682539681,0.5062857340664568,-0.017889962400977122,0.020360235599394004,True
3959,0.873015873015873,0.9682539682539681,0.492186272817715,-0.023462922413342406,0.032885540003959525,True
3960,0.8888888888888888,0.9682539682539681,0.4739023030334108,-0.03194054943565673,0.048322369921172975,True
3961,0.9047619047619047,0.9682539682539681,0.4492175828564485,-0.04499275924357919,0.06802095875633352,True
3962,0.9206349206349206,0.9682539682539681,0.4146399485526388,-0.06544643186563306,0.09390518795128773,True
3963,0.9365079365079365,0.9682539682539681,0.36463581226249286,-0.09842200786895858,0.12855986201524747,True
3964,0.9523809523809523,0.9682539682539681,0.29012594178887763,-0.15510340191091682,0.17445659475254,True
3965,0.9682539682539681,0.9682539682539681,0.17684890782886908,-0.26401893134262405,0.2322011306852336,True
3966,0.9841269841269841,0.9682539682539681,0.01354814365655762,-0.5463357220167809,0.28849248571234387,True
3967,1.0,0.9682539682539681,0.00010188655917888293,0.0013894652976545057,0.30229505740792817,True
3968,0.0,0.9841269841269841,0.0010027017884024145,0.00014774981688027124,-0.05030201287715987,True
3969,0.015873015873015872,0.9841269841269841,-0.09241613718942077,0.17871606130148557,-0.0460428372768479,True
3970,0.031746031746031744,0.9841269841269841,-0.05125095705752619,0.10873720381478832,-0.03348396263978943,True
3971,0.047619047619047616,0.9841269841269841,0.012365660760290659,0.07051250961520598,-0.027251727256468794,True
3972,0.06349206349206349,0.9841269841269841,0.06899049811001745,0.04951446001148862,-0.022596222132575786,True
3973,0.07936507936507936,0.9841269841269841,0.11785696620022189,0.03674098156838629,-0.018004930847732102,True
3974,0.09523809523809523,0.9841269841269841,0.15964076427658058,0.028515461396094295,-0.013089061230211549,True
3975,0.1111111111111111,0.9841269841269841,0.19430026895539235,0.023201855873636545,-0.007922780728777402,True
3976,0.12698412698412698,0.9841269841269841,0.22562200175705874,0.019807509753200125,-0.002747403118706498,True
3977,0.14285714285714285,0.9841269841269841,0.25395116649893557,0.017730958918368674,0.002103069379133727,True
3978,0.15873015873015872,0.9841269841269841,0.28122663276041904,0.01657012515133144,0.006295100547349962,True
3979,0.1746031746031746,0.9841269841269841,0.3078544336545985,0.015995705446603423,0.009556070595113396,True
3980,0.19047619047619047,0.9841269841269841,0.3341393718403745,0.0157606150141805,0.011693084627577184,True
3981,0.20634920634920634,0.9841269841269841,0.3605079836660102,0.015671857369526917,0.012603171936313159,True
3982,0.2222222222222222,0.9841269841269841,0.3872353966863816,0.015619617621696787,0.01226041962246465,True
3983,0.23809523809523808,0.9841269841269841,0.4131254104702131,0.015481899645141513,0.01073760780581441,True
3984,0.25396825396825395,0.9841269841269841,0.43924119579088006,0.01524386090356022,0.008115493138882976,True
3985,0.2698412698412698,0.9841269841269841,0.4647805206388052,0.014886514750643438,0.004547745559182896,True
3986,0.2857142857142857,0.9841269841269841,0.4899519221753125,0.014366469760139788,0.00020710688622018172,True
3987,0.30158730158730157,0.9841269841269841,0.513735132235659,0.013780293846773449,-0.004740037215081346,True
3988,0.31746031746031744,0.9841269841269841,0.5369411486156361,0.013060650729688872,-0.01011383536498232,True
3989,0.3333333333333333,0.9841269841269841,0.5588439600976671,0.012284372153907023,-0.015749829955865005,True
3990,0.3492063492063492,0.9841269841269841,0.5794430195847625,0.01145852881122616,-0.02149646508717394,True
3991,0.36507936507936506,0.9841269841269841,0.5988641275054936,0.010629035032453158,-0.027219228540218365,True
3992,0.38095238095238093,0.9841269841269841,0.6167522119599712,0.009757977351281652,-0.03280604932715418,True
3993,0.3968253968253968,0.9841269841269841,0.6334612074912537,0.008901303904083337,-0.0381539662700434,True
3994,0.4126984126984127,0.9841269841269841,0.6486706758327896,0.00808668187948079,-0.04318462133458067,True
3995,0.42857142857142855,0.9841269841269841,0.6627872715113629,0.007267699751673667,-0.047829330570627326,True
3996,0.4444444444444444,0.9841269841269841,0.6755425279067588,0.0065111864672313625,-0.052036720357120106,True
3997,0.4603174603174603,0.9841269841269841,0.6869866016918408,0.005774992502912651,-0.05577147841467783,True
3998,0.47619047619047616,0.9841269841269841,0.6970647446532562,0.005074934314954664,-0.05901383375765511,True
3999,0.49206349206349204,0.9841269841269841,0.7061282702435517,0.0043942044167291,-0.06173260777746279,True
4000,0.5079365079365079,0.9841269841269841,0.7141450284688057,0.0037927410173616356,-0.0638999116806284,True
4001,0.5238095238095237,0.9841269841269841,0.7211726976731528,0.0032072934052858994,-0.06551649189684573,True
4002,0.5396825396825397,0.9841269841269841,0.7270073805588165,0.0026519798838926063,-0.06660132113094791,True
4003,0.5555555555555556,0.9841269841269841,0.7320828138273927,0.0021416409187749487,-0.06712169489874342,True
4004,0.5714285714285714,0.9841269841269841,0.7363785021495125,0.0016704215240241711,-0.0670856303436702,True
4005,0.5873015873015872,0.9841269841269841,0.7395953888483096,0.001215831148283245,-0.06653312640059046,True
4006,0.6031746031746031,0.9841269841269841,0.7421960684026728,0.0007981791852938334,-0.0654330110024891,True
4007,0.6190476190476191,0.9841269841269841,0.7441409920561612,0.0004179269108732763,-0.06380164605128273,True
4008,0.6349206349206349,0.9841269841269841,0.7452915516106197,4.1154541402106326e-05,-0.061670434175980254,True
4009,0.6507936507936507,0.9841269841269841,0.7457914287923232,-0.0002839015615110033,-0.059034191813432384,True
4010,0.6666666666666666,0.9841269841269841,0.7456896142080199,-0.000607329479438716,-0.05591359811471358,True
4011,0.6825396825396826,0.9841269841269841,0.7449871821058732,-0.0009020344652861349,-0.052319549396139066,True
4012,0.6984126984126984,0.9841269841269841,0.7437243371592832,-0.001174513936693613,-0.04826629004632916,True
4013,0.7142857142857142,0.9841269841269841,0.7420219477891183,-0.0014398348079497807,-0.043759212287901555,True
4014,0.7301587301587301,0.9841269841269841,0.7399614493720602,-0.0016927898706092731,-0.03880501982668443,True
4015,0.746031746031746,0.9841269841269841,0.7371387531661984,-0.0019471698423457358,-0.033422325865444934,True
4016,0.7619047619047619,0.9841269841269841,0.7340641204937406,-0.0022190902229875446,-0.027575770189582,True
4017,0.7777777777777777,0.9841269841269841,0.7303581049426953,-0.0025188116500098087,-0.021249962658195835,True
4018,0.7936507936507936,0.9841269841269841,0.7260013423692468,-0.0028916230691926033,-0.014378598315955489,True
4019,0.8095238095238095,0.9841269841269841,0.7210278442680284,-0.0033893428894850894,-0.006846003147216015,True
4020,0.8253968253968254,0.9841269841269841,0.7152308300547736,-0.004070046161982582,0.0015363247954464406,True
4021,0.8412698412698412,0.9841269841269841,0.7081401700417457,-0.005054390513251197,0.011055911012281042,True
4022,0.8571428571428571,0.9841269841269841,0.6993488127002293,-0.006533990287177043,0.022192847997120697,True
4023,0.873015873015873,0.9841269841269841,0.6877890186937813,-0.008748069596525982,0.03564155175448031,True
4024,0.8888888888888888,0.9841269841269841,0.6723740702690111,-0.012109808239462784,0.05253807026282275,True
4025,0.9047619047619047,0.9841269841269841,0.6507624422194195,-0.017338629052972378,0.07450476382132346,True
4026,0.9206349206349206,0.9841269841269841,0.6196988057672158,-0.025485435087053036,0.10408151623698163,True
4027,0.9365079365079365,0.9841269841269841,0.5734561479417013,-0.03866546096147958,0.14502564074701885,True
4028,0.9523809523809523,0.9841269841269841,0.5015994830800413,-0.061794899095417515,0.2031769047112051,True
4029,0.9682539682539681,0.9841269841269841,0.3818313422408566,-0.11227958866245866,0.28788339545890623,True
4030,0.9841269841269841,0.9841269841269841,0.1487845113895638,-0.29812120744844284,0.4129926868080335,True
4031,1.0,0.9841269841269841,0.00031526185265615044,-0.0001330560933487094,0.4884978783020739,True
4032,0.0,1.0,0.0,0.0,-0.5262931064646095,True
4033,0.015873015873015872,1.0,0.9921747352378494,-0.0004169393508783897,-0.02005173860195733,True
4034,0.031746031746031744,1.0,1.000855291765766,-0.00019311167388977074,-0.023184798460977638,True
4035,0.047619047619047616,1.0,1.000772783487662,-3.556859343239087e-05,-0.020730119720419476,True
4036,0.06349206349206349,1.0,0.9997144515914518,-2.614014730678131e-05,-0.01824582902124479,True
4037,0.07936507936507936,1.0,0.9997865919321125,-1.2004421367402942e-05,-0.014905951842499838,True
4038,0.09523809523809523,1.0,0.9997013811458849,-1.263593929582774e-05,-0.010784169770938025,True
4039,0.1111111111111111,1.0,1.000026876660585,-8.827662416043142e-06,-0.006140666906621683,True
4040,0.12698412698412698,1.0,0.9999203819740002,-4.967050483025287e-06,-0.0013299191203749183,True
4041,0.14285714285714285,1.0,1.0000771619232738,-3.865703100818083e-06,0.003268057300854917,True
4042,0.15873015873015872,1.0,1.0002858730321436,4.5195810399626716e-07,0.007297501288723443,True
4043,0.1746031746031746,1.0,0.9999147671849501,-2.1658490284313944e-06,0.010458581187555256,True
4044,0.19047619047619047,1.0,0.9998526974466782,1.6905686758845406e-06,0.012549886758156418,True
4045,0.20634920634920634,1.0,1.0000355506542364,-1.080763543160406e-06,0.013437450831567698,True
4046,0.2222222222222222,1.0,1.0002886752349625,-1.6449472630790302e-07,0.013105237608404074,True
4047,0.23809523809523808,1.0,0.9998293055989653,-5.847187456017149e-07,0.01157838343373712,True
4048,0.25396825396825395,1.0,1.0000331074398188,-1.2758594864344057e-07,0.008980772599824185,True
4049,0.2698412698412698,1.0,1.0000425076404802,6.06741402694171e-06,0.005422565952874986,True
4050,0.2857142857142857,1.0,1.0001927215502036,2.741209316892848e-07,0.0010864181033483653,True
4051,0.30158730158730157,1.0,0.9998115984244107,-3.1570862375471314e-06,-0.0038563300916546186,True
4052,0.31746031746031744,1.0,0.9999976679107107,7.519107998199066e-07,-0.009240573545865341,True
4053,0.3333333333333333,1.0,0.9999549249100032,7.82997077919352e-07,-0.014895087459004806,True
4054,0.3492063492063492,1.0,1.0002524046418784,-2.0210314696367787e-07,-0.020668094035002825,True
4055,0.36507936507936506,1.0,0.9998477985612676,-1.3736303837346118e-06,-0.026423787512054837,True
4056,0.38095238095238093,1.0,1.000112778993028,2.9710830831885355e-06,-0.03204740164136467,True
4057,0.3968253968253968,1.0,1.0001115695988874,-5.288091445755073e-07,-0.03743114315208874,True
4058,0.4126984126984127,1.0,0.9999380743469114,1.8011735481078103e-07,-0.04250154085544955,True
4059,0.42857142857142855,1.0,0.9999581425306646,2.595677009135805e-06,-0.047200508841880866,True
4060,0.4444444444444444,1.0,1.0001380399732431,-1.983269965079134e-06,-0.051454751078412575,True
4061,0.4603174603174603,1.0,0.9999113077137047,-6.260588461327767e-07,-0.05523920945307792,True
4062,0.47619047619047616,1.0,1.000043664355982,8.880540631186008e-07,-0.05852405983092106,True
4063,0.49206349206349204,1.0,1.0000472675640038,-3.338565959915408e-07,-0.06126665803607854,True
4064,0.5079365079365079,1.0,0.9999782175186811,-3.972448176035641e-07,-0.06348220250472816,True
4065,0.5238095238095237,1.0,1.0000177446562013,8.165782327425025e-07,-0.06514788827179241,True
4066,0.5396825396825397,1.0,1.0000050054149434,-1.4138364980174975e-06,-0.06626422361301687,True
4067,0.5555555555555556,1.0,1.0000176857359329,-7.198749132287752e-07,-0.06681820324091833,True
4068,0.5714285714285714,1.0,1.0000009921034745,-4.594945486213377e-07,-0.06681702189034723,True
4069,0.5873015873015872,1.0,0.9999967148769876,-5.974921224002417e-07,-0.06628553773195706,True
4070,0.6031746031746031,1.0,0.9999926882082035,-4.1853068736227677e-08,-0.06522633202573959,True
4071,0.6190476190476191,1.0,0.9999987401023985,-9.717361512951987e-07,-0.0636326086681913,True
4072,0.6349206349206349,1.0,0.9999704207928704,-4.107984837278595e-07,-0.061516430555961316,True
4073,0.6507936507936507,1.0,1.0000123027959555,-5.042489639343471e-07,-0.05891216657527093,True
4074,0.6666666666666666,1.0,0.9999726038182492,-4.4655491438795313e-07,-0.055814601850536764,True
4075,0.6825396825396826,1.0,0.9999754646968619,-4.136892890477561e-07,-0.05224203034646418,True
4076,0.6984126984126984,1.0,0.9999674971957256,-3.3247686359037294e-07,-0.048209605895002144,True
4077,0.7142857142857142,1.0,0.9999324612250592,-1.448977018060308e-07,-0.04372017850858186,True
4078,0.7301587301587301,1.0,0.9999968126072121,-3.137489957068637e-07,-0.03878470029620661,True
4079,0.746031746031746,1.0,0.9999735741172111,-1.6879725335953472e-07,-0.0334115592389605,True
4080,0.7619047619047619,1.0,0.9999338169302606,-4.4780252243009566e-08,-0.027572198700418986,True
4081,0.7777777777777777,1.0,1.0000216142748335,3.777619515268593e-08,-0.02124712281088436,True
4082,0.7936507936507936,1.0,0.999968988276794,-1.694579676626099e-08,-0.014357757386643681,True
4083,0.8095238095238095,1.0,0.9999739556593112,-1.5413537843622273e-06,-0.006792102019254646,True
4084,0.8253968253968254,1.0,0.9999357095168901,-5.751269364077159e-07,0.0016380851500943745,True
4085,0.8412698412698412,1.0,0.9999059502422767,-1.2837408543489925e-07,0.01124917847109534,True
4086,0.8571428571428571,1.0,0.99996290955699,-9.099774778334129e-07,0.022506579936042923,True
4087,0.873015873015873,1.0,0.99992971397852,2.383443679010127e-07,0.03618771554497004,True
4088,0.8888888888888888,1.0,0.9998934008275263,3.7024193010116504e-06,0.05339187823727581,True
4089,0.9047619047619047,1.0,0.999791108090193,1.057382510590946e-06,0.07589300185066973,True
4090,0.9206349206349206,1.0,0.9999623764629681,7.777966475325386e-06,0.1062783707314111,True
4091,0.9365079365079365,1.0,0.999914455268509,1.6152184461112906e-05,0.14865344794941246,True
4092,0.9523809523809523,1.0,0.9993627330944009,1.4440729839189524e-05,0.2099800466304402,True
4093,0.9682539682539681,1.0,1.000478847611541,8.673552556213971e-05,0.3050248657136817,True
4094,0.9841269841269841,1.0,0.9894761569041242,-1.2237922912366156e-05,0.4881574798105318,True
4095,1.0,1.0,0.0,0.0,2.053941555905819,True
