,x,y,u (m/s),v (m/s),p (Pa),mask
0,0.0,0.0,0.0,0.0,0.0,True
1,0.015873015873015872,0.0,-6.322934367054757e-07,6.54530966659052e-08,2.074884680540692e-05,True
2,0.031746031746031744,0.0,-4.968230750182248e-06,7.293436551139855e-08,4.8195457150040406e-05,True
3,0.047619047619047616,0.0,-4.017109133301041e-07,-1.893681135271174e-08,4.051024730953446e-05,True
4,0.06349206349206349,0.0,1.1472997495320884e-06,-4.884753091139275e-09,-1.2003414719014601e-05,True
5,0.07936507936507936,0.0,2.580696230459292e-06,7.74540482330223e-08,-0.00010497482545218295,True
6,0.09523809523809523,0.0,-1.1073296361267654e-06,4.354912570276052e-10,-0.00022857845731367977,True
7,0.1111111111111111,0.0,8.10027521027298e-07,7.041195331516459e-08,-0.0003724857564210023,True
8,0.12698412698412698,0.0,6.45413429794432e-08,-1.2665155750736345e-09,-0.0005300859667081845,True
9,0.14285714285714285,0.0,1.5925877978007862e-08,1.749204076526148e-08,-0.000699653054092696,True
10,0.15873015873015872,0.0,-1.1913422962985103e-06,3.079141176678578e-08,-0.0008843816875340117,True
11,0.1746031746031746,0.0,7.04365229029289e-07,-1.8995280007587307e-08,-0.001091027273601076,True
12,0.19047619047619047,0.0,3.854507174010988e-06,-1.0185049390666464e-07,-0.0013277292464132801,True
13,0.20634920634920634,0.0,9.636352322552353e-07,-4.986655663501513e-08,-0.0016022984372042505,True
14,0.2222222222222222,0.0,-6.683086895420322e-06,2.582100456604145e-07,-0.0019222583988926499,True
15,0.23809523809523808,0.0,7.651599630771992e-06,-3.1266277242377603e-07,-0.0022924573745741624,True
16,0.25396825396825395,0.0,-1.941377397445001e-06,-5.137675106655634e-10,-0.0027165049279658407,True
17,0.2698412698412698,0.0,1.2968664587520707e-05,-1.68409506407633e-07,-0.00319786197471891,True
18,0.2857142857142857,0.0,-5.404027156739309e-06,7.041836457729173e-07,-0.003735260163396966,True
19,0.30158730158730157,0.0,3.098325423891683e-05,-1.043602727631594e-06,-0.004325904241011563,True
20,0.31746031746031744,0.0,4.362111800213129e-06,1.8481893666905037e-08,-0.00496172454382809,True
21,0.3333333333333333,0.0,1.1363181490497662e-05,-6.16334678954519e-08,-0.005629416248179919,True
22,0.3492063492063492,0.0,-2.5272831496123953e-05,6.096467289959656e-07,-0.006309152403912691,True
23,0.36507936507936506,0.0,1.4176351833761662e-05,-1.2494903733874182e-06,-0.006975817986955409,True
24,0.38095238095238093,0.0,-1.0443231059884511e-05,3.0926879188202803e-07,-0.007596471250635471,True
25,0.3968253968253968,0.0,-8.672751470777794e-05,5.4738538087039315e-09,-0.008131827570067855,True
26,0.4126984126984127,0.0,0.00013126288423621126,1.5709547574734338e-07,-0.008547809577861542,True
27,0.42857142857142855,0.0,-0.00012080479672068527,-1.9299733323725195e-07,-0.008799512179835973,True
28,0.4444444444444444,0.0,0.00011949355541883129,2.9767914309716645e-07,-0.008851831012614178,True
29,0.4603174603174603,0.0,-9.554261730489842e-05,-2.8125461057527264e-07,-0.00867487730212762,True
30,0.47619047619047616,0.0,7.611880999380185e-05,3.1836654318110837e-07,-0.008250227016058357,True
31,0.49206349206349204,0.0,-3.30090690254601e-05,3.561313100169623e-07,-0.007575693758367795,True
32,0.5079365079365079,0.0,-6.888720907544195e-06,-1.1199825820850931e-06,-0.006653128614386099,True
33,0.5238095238095237,0.0,-2.400279283966333e-05,2.194519078855114e-06,-0.005537145338615209,True
34,0.5396825396825397,0.0,4.5173580617641466e-05,-2.727329404897947e-06,-0.004269245810303589,True
35,0.5555555555555556,0.0,-8.103386260522538e-05,2.339692638374768e-06,-0.0029248161749810373,True
36,0.5714285714285714,0.0,0.00010221823491448546,-2.3535201236793105e-06,-0.001594212471451861,True
37,0.5873015873015872,0.0,-7.428297717439197e-05,8.734331051096795e-07,-0.00037622487065446956,True
38,0.6031746031746031,0.0,-3.311345202388984e-05,4.874624202498923e-07,0.000643144308878101,True
39,0.6190476190476191,0.0,3.978255859368977e-06,-7.227232487432232e-07,0.0013649271478698571,True
40,0.6349206349206349,0.0,9.919372434597462e-05,4.918544311849957e-08,0.001720893622304277,True
41,0.6507936507936507,0.0,-0.00015557786942750864,-3.986815474845596e-07,0.0016942700082278627,True
42,0.6666666666666666,0.0,5.4235297922039576e-05,2.3664800416507238e-07,0.0012718044983785477,True
43,0.6825396825396826,0.0,2.7819879364297304e-05,2.0441074604103146e-07,0.0004965938201062737,True
44,0.6984126984126984,0.0,-6.534138849544488e-05,-7.355454016814603e-07,-0.0005622311201664631,True
45,0.7142857142857142,0.0,8.984115113707247e-05,1.260661342464887e-06,-0.001813145890125703,True
46,0.7301587301587301,0.0,-3.247481587836854e-05,-5.309880547354947e-07,-0.0031567700324105527,True
47,0.746031746031746,0.0,-3.0394124910638156e-06,-1.7896764191150347e-07,-0.004497104486344377,True
48,0.7619047619047619,0.0,2.1132830373121063e-07,-4.713018068517677e-07,-0.0057540334769772186,True
49,0.7777777777777777,0.0,-1.1183999279754209e-05,2.4341894024127814e-07,-0.0068700042362365675,True
50,0.7936507936507936,0.0,-9.515593869957533e-06,4.953976697499451e-08,-0.007813215326286822,True
51,0.8095238095238095,0.0,2.1740114881620644e-05,-8.545576498023502e-08,-0.008572886631163292,True
52,0.8253968253968254,0.0,-2.5607419160013365e-06,-1.1862344808213042e-07,-0.00915993860609187,True
53,0.8412698412698412,0.0,-1.745857052901698e-07,3.8517450840115353e-07,-0.009591862900224861,True
54,0.8571428571428571,0.0,1.8234671306856537e-05,1.0458717960395892e-07,-0.009894993444313889,True
55,0.873015873015873,0.0,1.2605441107733832e-06,-3.485057864011293e-09,-0.010097187772041,True
56,0.8888888888888888,0.0,1.3176082212442447e-06,-2.2817273109927908e-07,-0.01022357772861981,True
57,0.9047619047619047,0.0,-4.227334867146334e-06,-3.0127470501008964e-08,-0.010294679253464617,True
58,0.9206349206349206,0.0,5.500860618450227e-06,2.482850147882232e-07,-0.0103267919270256,True
59,0.9365079365079365,0.0,-7.214323736433255e-06,-7.861973024317207e-08,-0.010330163671757634,True
60,0.9523809523809523,0.0,-1.3694038158582027e-06,1.3342772601169332e-07,-0.010310102647455301,True
61,0.9682539682539681,0.0,-4.0452547581787685e-06,-1.2384285227699436e-07,-0.010270354432366752,True
62,0.9841269841269841,0.0,2.854357840534025e-07,-1.7137822080823163e-08,-0.010221972310352854,True
63,1.0,0.0,0.0,0.0,-0.0102021553329792,True
64,0.0,0.015873015873015872,8.782374174945407e-08,-8.140592526782185e-07,-2.0705151716689632e-05,True
65,0.015873015873015872,0.015873015873015872,0.00034197170646634614,-0.0003446028584036213,-2.5435764520195144e-08,True
66,0.031746031746031744,0.015873015873015872,0.0013431350548427597,-0.0006968483112036065,1.2341505471311559e-05,True
67,0.047619047619047616,0.015873015873015872,0.002758242727634123,-0.0008445361261637649,-3.0336126975105168e-06,True
68,0.06349206349206349,0.015873015873015872,0.0042527828247581985,-0.0008081862039969529,-5.421147122321968e-05,True
69,0.07936507936507936,0.015873015873015872,0.00556404604917421,-0.0006480652059167739,-0.00013939688989485032,True
70,0.09523809523809523,0.015873015873015872,0.006524121074372365,-0.00043545903376930584,-0.00025192082876096723,True
71,0.1111111111111111,0.015873015873015872,0.007091205036973823,-0.00022608650491930292,-0.0003842172521853759,True
72,0.12698412698412698,0.015873015873015872,0.007286138564370244,-4.921789241053605e-05,-0.0005311910692906873,True
73,0.14285714285714285,0.015873015873015872,0.007168311906406166,8.472766283052962e-05,-0.00069186668921459,True
74,0.15873015873015872,0.015873015873015872,0.006802614254899746,0.00019370082755827437,-0.0008685329829981387,True
75,0.1746031746031746,0.015873015873015872,0.006194834417482113,0.00030147703743030487,-0.0010670084430129457,True
76,0.19047619047619047,0.015873015873015872,0.005330601772674807,0.0004330114747678609,-0.001293902584087231,True
77,0.20634920634920634,0.015873015873015872,0.0041095625571220895,0.00061450758078348,-0.001556552284137024,True
78,0.2222222222222222,0.015873015873015872,0.0024653807294264946,0.0008491381692978477,-0.0018608808475026638,True
79,0.23809523809523808,0.015873015873015872,0.00027912193582705426,0.001142126873199335,-0.002212360438308378,True
80,0.25396825396825395,0.015873015873015872,-0.002564681406818639,0.0014933788684336291,-0.0026153648833859558,True
81,0.2698412698412698,0.015873015873015872,-0.006158422305751565,0.0018968391866300207,-0.003072678296208464,True
82,0.2857142857142857,0.015873015873015872,-0.010547475594154735,0.0023347310958349555,-0.0035841018785844623,True
83,0.30158730158730157,0.015873015873015872,-0.01582192108193265,0.0028029533893330024,-0.004147986787550944,True
84,0.31746031746031744,0.015873015873015872,-0.022025038295248815,0.0032909965810596774,-0.004758502526713444,True
85,0.3333333333333333,0.015873015873015872,-0.029065998687339126,0.0037579900789511643,-0.005402807085703029,True
86,0.3492063492063492,0.015873015873015872,-0.036912381871783785,0.004187203401752822,-0.006063365702885636,True
87,0.36507936507936506,0.015873015873015872,-0.04534141639189155,0.004520763156586361,-0.00671655472447758,True
88,0.38095238095238093,0.015873015873015872,-0.0540051830798377,0.004755782370730559,-0.007330473525994375,True
89,0.3968253968253968,0.015873015873015872,-0.06316962487150568,0.00484674151175496,-0.00787319050074924,True
90,0.4126984126984127,0.015873015873015872,-0.07199035140152417,0.004775417360469183,-0.008302187296221274,True
91,0.42857142857142855,0.015873015873015872,-0.08033403635444626,0.004538790048092297,-0.008575227114622143,True
92,0.4444444444444444,0.015873015873015872,-0.08796179954455101,0.004082839987583132,-0.008660634933637378,True
93,0.4603174603174603,0.015873015873015872,-0.09436952510730165,0.003452781479424047,-0.008529430249230526,True
94,0.47619047619047616,0.015873015873015872,-0.09931852085754506,0.002660804312424153,-0.008153457453784221,True
95,0.49206349206349204,0.015873015873015872,-0.10260341311291032,0.001644596910320789,-0.007536519511442662,True
96,0.5079365079365079,0.015873015873015872,-0.10393369258001939,0.0005347602280339102,-0.0066852393096699615,True
97,0.5238095238095237,0.015873015873015872,-0.1032355040712166,-0.0006916310728347562,-0.0056351756842364315,True
98,0.5396825396825397,0.015873015873015872,-0.10022323195190992,-0.001978462720526823,-0.004433268256091402,True
99,0.5555555555555556,0.015873015873015872,-0.09491858716292206,-0.003282588322516322,-0.0031541435061735465,True
100,0.5714285714285714,0.015873015873015872,-0.08761195668482047,-0.0045172654117492965,-0.0018842071213821794,True
101,0.5873015873015872,0.015873015873015872,-0.07843780737516716,-0.005619596119470288,-0.0007143447910951927,True
102,0.6031746031746031,0.015873015873015872,-0.06739277377373626,-0.006552413497239177,0.0002618860356439775,True
103,0.6190476190476191,0.015873015873015872,-0.05520684220303533,-0.007206398395813881,0.0009538507422337059,True
104,0.6349206349206349,0.015873015873015872,-0.04221215840489188,-0.007564618994260743,0.001300226890305228,True
105,0.6507936507936507,0.015873015873015872,-0.0285640175759251,-0.007569209097472581,0.0012751394831082374,True
106,0.6666666666666666,0.015873015873015872,-0.015572604090133946,-0.007234498906374737,0.0008695929601671037,True
107,0.6825396825396826,0.015873015873015872,-0.003151938274186189,-0.006550799885493305,0.0001265440948169477,True
108,0.6984126984126984,0.015873015873015872,0.00792049690284308,-0.005588942388545678,-0.0008874413017314393,True
109,0.7142857142857142,0.015873015873015872,0.017132927552214215,-0.004464589508399941,-0.0020840644784604514,True
110,0.7301587301587301,0.015873015873015872,0.02462727736109178,-0.0031481508027004874,-0.0033634857172416756,True
111,0.746031746031746,0.015873015873015872,0.02968361666574942,-0.0019085804674262225,-0.004639545529294495,True
112,0.7619047619047619,0.015873015873015872,0.03265662911262927,-0.0007376364423408142,-0.005833021182527582,True
113,0.7777777777777777,0.015873015873015872,0.03371917815001963,0.0002919545564912906,-0.006891606107958287,True
114,0.7936507936507936,0.015873015873015872,0.0330357128915705,0.001100636423347656,-0.007785622825659691,True
115,0.8095238095238095,0.015873015873015872,0.03100022327023299,0.0016782560888377873,-0.008507802365196084,True
116,0.8253968253968254,0.015873015873015872,0.028065476267583534,0.002019432630560652,-0.009069123719767534,True
117,0.8412698412698412,0.015873015873015872,0.0245046387814353,0.002168780078736316,-0.00948572860825536,True
118,0.8571428571428571,0.015873015873015872,0.02072635181126985,0.002161544475498704,-0.009783806928801339,True
119,0.873015873015873,0.015873015873015872,0.016990862767574777,0.0020414494572980643,-0.009988324648526545,True
120,0.8888888888888888,0.015873015873015872,0.013444442995188719,0.0018585096854394482,-0.010121355954696574,True
121,0.9047619047619047,0.015873015873015872,0.010202950483771742,0.0016470076787988314,-0.010202164495279524,True
122,0.9206349206349206,0.015873015873015872,0.007329374340117018,0.0014306165690399673,-0.01024526365082494,True
123,0.9365079365079365,0.015873015873015872,0.004835543310782744,0.001213037405894657,-0.010260648047202196,True
124,0.9523809523809523,0.015873015873015872,0.0027617244904178466,0.0009716650639583775,-0.01025460178535598,True
125,0.9682539682539681,0.015873015873015872,0.0011882731068277627,0.000657558670345672,-0.010232284135392096,True
126,0.9841269841269841,0.015873015873015872,0.0002516181956830601,0.00024549706951504667,-0.010202417574516733,True
127,1.0,0.015873015873015872,4.601400927514229e-09,1.7547550324916795e-07,-0.010182115130747068,True
128,0.0,0.031746031746031744,-2.3779613553684997e-07,4.738058293548211e-06,-4.990210731963816e-05,True
129,0.015873015873015872,0.031746031746031744,0.0006950439235076403,-0.0013482681133444605,-1.323615069337783e-05,True
130,0.031746031746031744,0.031746031746031744,0.0023787619888517137,-0.002370901956163087,-2.5683019570947816e-07,True
131,0.047619047619047616,0.031746031746031744,0.004551302917444632,-0.0027762341061587812,-1.888885618201066e-05,True
132,0.06349206349206349,0.031746031746031744,0.0067486315741594255,-0.00261611663010265,-7.147525028237134e-05,True
133,0.07936507936507936,0.031746031746031744,0.008590654755536416,-0.0020592769043500142,-0.00015482719613676963,True
134,0.09523809523809523,0.031746031746031744,0.009844704109104641,-0.0013200300063171064,-0.0002617988247705407,True
135,0.1111111111111111,0.031746031746031744,0.010409899581763173,-0.0005603111568606256,-0.0003854168817006473,True
136,0.12698412698412698,0.031746031746031744,0.010295513539739216,0.00011655217539774489,-0.0005213716716922445,True
137,0.14285714285714285,0.031746031746031744,0.009553872435990625,0.0006911668506076091,-0.0006692364218046958,True
138,0.15873015873015872,0.031746031746031744,0.00821137529922021,0.0012080329923431607,-0.0008323655777520428,True
139,0.1746031746031746,0.031746031746031744,0.006245693990704459,0.0017571321326095828,-0.0010156031280793584,True
140,0.19047619047619047,0.031746031746031744,0.0035298913139349265,0.002429151785439568,-0.0012264060617400035,True
141,0.20634920634920634,0.031746031746031744,6.421414200086264e-05,0.0032400049042044824,-0.0014712289601172632,True
142,0.2222222222222222,0.031746031746031744,-0.004473630708945962,0.004270145144551737,-0.0017563230441324468,True
143,0.23809523809523808,0.031746031746031744,-0.010221792488756036,0.005504317934633196,-0.0020876409314859005,True
144,0.25396825396825395,0.031746031746031744,-0.017314378077583913,0.006918632138459073,-0.0024697960869469898,True
145,0.2698412698412698,0.031746031746031744,-0.025899393991568494,0.00848643922833381,-0.0029081214074433157,True
146,0.2857142857142857,0.031746031746031744,-0.03590082131905707,0.010120557251092867,-0.0034046193811955693,True
147,0.30158730158730157,0.031746031746031744,-0.04754568047081069,0.011809283035626835,-0.003959999165384867,True
148,0.31746031746031744,0.031746031746031744,-0.06038475157626939,0.013391915073005559,-0.004570234261548594,True
149,0.3333333333333333,0.031746031746031744,-0.07437855267889705,0.014803245684206446,-0.005225690064247818,True
150,0.3492063492063492,0.031746031746031744,-0.08911663799274755,0.015929004483265324,-0.005910199028737562,True
151,0.36507936507936506,0.031746031746031744,-0.10431878700575409,0.016656345551051797,-0.006601888908432497,True
152,0.38095238095238093,0.031746031746031744,-0.11918010804677304,0.01692200040507721,-0.007262383600495573,True
153,0.3968253968253968,0.031746031746031744,-0.13364211622837008,0.016596791952004728,-0.00786554781829233,True
154,0.4126984126984127,0.031746031746031744,-0.1468316045492459,0.015802925844166264,-0.008355338374077403,True
155,0.42857142857142855,0.031746031746031744,-0.15863731725569008,0.01425460229177092,-0.00870701290334282,True
156,0.4444444444444444,0.031746031746031744,-0.16840328088161777,0.012332434097399585,-0.00886067682866211,True
157,0.4603174603174603,0.031746031746031744,-0.17594955699157527,0.009753870762501698,-0.008798828146795144,True
158,0.47619047619047616,0.031746031746031744,-0.18096328156777336,0.006789216962178179,-0.008488935648364419,True
159,0.49206349206349204,0.031746031746031744,-0.18332344288507138,0.003383044330041747,-0.007932049691371198,True
160,0.5079365079365079,0.031746031746031744,-0.18287060728668983,-0.00023653794207927116,-0.007126958872794626,True
161,0.5238095238095237,0.031746031746031744,-0.17937140051314834,-0.00414032301521278,-0.006111144701843574,True
162,0.5396825396825397,0.031746031746031744,-0.17325791581415179,-0.007995156622510071,-0.004939600948656823,True
163,0.5555555555555556,0.031746031746031744,-0.16437725248589008,-0.011784138180285711,-0.0036767279560491715,True
164,0.5714285714285714,0.031746031746031744,-0.15283122444023045,-0.015393630617141213,-0.0024101756141118365,True
165,0.5873015873015872,0.031746031746031744,-0.13899616226085348,-0.01852380633397728,-0.0012350720440312787,True
166,0.6031746031746031,0.031746031746031744,-0.1230492357724758,-0.021191711321079554,-0.00024858681249515066,True
167,0.6190476190476191,0.031746031746031744,-0.10546792862669509,-0.023118239690143354,0.00046685989439054077,True
168,0.6349206349206349,0.031746031746031744,-0.08681428930372168,-0.02419963706273608,0.0008424574827399018,True
169,0.6507936507936507,0.031746031746031744,-0.06747716936800176,-0.02436015565976421,0.0008397945261899978,True
170,0.6666666666666666,0.031746031746031744,-0.04812948139603393,-0.023563737490004073,0.0004631984984772029,True
171,0.6825396825396826,0.031746031746031744,-0.029427654802057536,-0.021831892808333964,-0.0002564945223052639,True
172,0.6984126984126984,0.031746031746031744,-0.012019300502428396,-0.019274661875433027,-0.001251426373279849,True
173,0.7142857142857142,0.031746031746031744,0.0037103456600605274,-0.01600657484699449,-0.002426241266462317,True
174,0.7301587301587301,0.031746031746031744,0.016887883215273704,-0.012430497577542995,-0.0036830501022785235,True
175,0.746031746031746,0.031746031746031744,0.027683010587939663,-0.008570773914604373,-0.0049290603853478126,True
176,0.7619047619047619,0.031746031746031744,0.03557077514127298,-0.004811541027866705,-0.006085448023658955,True
177,0.7777777777777777,0.031746031746031744,0.040492231477136355,-0.0014591701068785766,-0.007101039844734313,True
178,0.7936507936507936,0.031746031746031744,0.04293764805916371,0.0014851936533558008,-0.007948574193505451,True
179,0.8095238095238095,0.031746031746031744,0.042800643310351626,0.0037337779965792217,-0.008620777342371553,True
180,0.8253968253968254,0.031746031746031744,0.040856160245456366,0.00534137469600648,-0.009136242717993499,True
181,0.8412698412698412,0.031746031746031744,0.037333039648273114,0.006279421060895879,-0.009512636068937175,True
182,0.8571428571428571,0.031746031746031744,0.03288517468463774,0.006670894584285689,-0.009778848870897954,True
183,0.873015873015873,0.031746031746031744,0.02789107362097659,0.006611888935988455,-0.00996005241225219,True
184,0.8888888888888888,0.031746031746031744,0.022765221024209713,0.006245666669908282,-0.01007870964913104,True
185,0.9047619047619047,0.031746031746031744,0.017789137811438222,0.005699429821927438,-0.01015263540043666,True
186,0.9206349206349206,0.031746031746031744,0.013166972347099721,0.005061309295620472,-0.010194945379185917,True
187,0.9365079365079365,0.031746031746031744,0.009012488032958853,0.004359115697511187,-0.010214488791486979,True
188,0.9523809523809523,0.031746031746031744,0.0054506227711195,0.003550004794579743,-0.010216349933247756,True
189,0.9682539682539681,0.031746031746031744,0.0026152169949243183,0.0025170757635625558,-0.010202708509867866,True
190,0.9841269841269841,0.031746031746031744,0.0007122620667678147,0.0012095205339662425,-0.010174304071048412,True
191,1.0,0.031746031746031744,1.8931055248837321e-07,1.0281094999317892e-06,-0.01013428956849168,True
192,0.0,0.047619047619047616,-1.7781433888443152e-08,1.7510620923787827e-06,-5.021071948825655e-05,True
193,0.015873015873015872,0.047619047619047616,0.0008906490380290756,-0.0028001898722078886,-3.1174341053666847e-06,True
194,0.031746031746031744,0.047619047619047616,0.0029532996099282506,-0.00459870491879585,1.2469748873966936e-05,True
195,0.047619047619047616,0.047619047619047616,0.005459047733633679,-0.005201771667752641,-9.650194840618307e-06,True
196,0.06349206349206349,0.047619047619047616,0.007826573746674972,-0.0047595274009198255,-6.74319646373981e-05,True
197,0.07936507936507936,0.047619047619047616,0.009615492318784356,-0.003591679209722028,-0.00015391393500444107,True
198,0.09523809523809523,0.047619047619047616,0.010564840229017256,-0.0020554074985254596,-0.0002597367017539556,True
199,0.1111111111111111,0.047619047619047616,0.010563298738941213,-0.0004638194142051923,-0.0003769184683233122,True
200,0.12698412698412698,0.047619047619047616,0.009581774688883948,0.0010313033043248747,-0.0005014486270262202,True
201,0.14285714285714285,0.047619047619047616,0.007610136687515334,0.0024041282843642172,-0.0006340332378816719,True
202,0.15873015873015872,0.047619047619047616,0.004653993737265576,0.003733662714820427,-0.0007793774930605855,True
203,0.1746031746031746,0.047619047619047616,0.0005752349177509849,0.005187969720423011,-0.0009443557925508159,True
204,0.19047619047619047,0.047619047619047616,-0.004734748301003004,0.006894695104781881,-0.0011370386057618926,True
205,0.20634920634920634,0.047619047619047616,-0.011608549526004317,0.009002168879789534,-0.0013637229376382309,True
206,0.2222222222222222,0.047619047619047616,-0.020141462089233775,0.011493238391281161,-0.0016337318497866979,True
207,0.23809523809523808,0.047619047619047616,-0.030543763339198428,0.01434786158141634,-0.0019535433113953703,True
208,0.25396825396825395,0.047619047619047616,-0.0429351205397084,0.017496992604746766,-0.0023328150272611255,True
209,0.2698412698412698,0.047619047619047616,-0.05728784768791836,0.02080243381058009,-0.0027787875128316036,True
210,0.2857142857142857,0.047619047619047616,-0.07337072526818357,0.02408524083885411,-0.003297665861633484,True
211,0.30158730158730157,0.047619047619047616,-0.0912343309619185,0.027228476021187838,-0.0038957814689578405,True
212,0.31746031746031744,0.047619047619047616,-0.11004175697913048,0.029919723547252818,-0.004568273328439889,True
213,0.3333333333333333,0.047619047619047616,-0.12949742494952549,0.03201000195730831,-0.005307306257413729,True
214,0.3492063492063492,0.047619047619047616,-0.14898680125237151,0.03329808144930359,-0.006097013014633719,True
215,0.36507936507936506,0.047619047619047616,-0.1677807936876022,0.033685116680168575,-0.006900145273892395,True
216,0.38095238095238093,0.047619047619047616,-0.1855553725563805,0.0330146157086968,-0.007693925931028656,True
217,0.3968253968253968,0.047619047619047616,-0.20169648958154093,0.03140663994254294,-0.008418968178307052,True
218,0.4126984126984127,0.047619047619047616,-0.215754118861785,0.02865712329728891,-0.00904410847040303,True
219,0.42857142857142855,0.047619047619047616,-0.2275782209841138,0.025124869416339363,-0.009504156216447108,True
220,0.4444444444444444,0.047619047619047616,-0.23685480039515439,0.020708232519645948,-0.009766862776606221,True
221,0.4603174603174603,0.047619047619047616,-0.24355866699099424,0.015536423045015978,-0.009797144796209961,True
222,0.47619047619047616,0.047619047619047616,-0.24742424074011968,0.00985570948742946,-0.009561232078852755,True
223,0.49206349206349204,0.047619047619047616,-0.24859030578779343,0.0036409932149297536,-0.009062949757985862,True
224,0.5079365079365079,0.047619047619047616,-0.24697499258882735,-0.002909113589687,-0.008304075108724794,True
225,0.5238095238095237,0.047619047619047616,-0.2425004317727626,-0.00947284657735568,-0.007314685979407161,True
226,0.5396825396825397,0.047619047619047616,-0.23528350921638752,-0.016294930051679105,-0.006152017474066048,True
227,0.5555555555555556,0.047619047619047616,-0.22534964349625766,-0.022717782332134315,-0.004875383784630842,True
228,0.5714285714285714,0.047619047619047616,-0.21273249090996565,-0.02885473479254629,-0.0035778317655985044,True
229,0.5873015873015872,0.047619047619047616,-0.19765851052650835,-0.034326588948000725,-0.0023464503962198633,True
230,0.6031746031746031,0.047619047619047616,-0.18027978093571695,-0.038976504747841416,-0.001284819195534855,True
231,0.6190476190476191,0.047619047619047616,-0.1609069520203314,-0.04248097750850877,-0.00048785894792433736,True
232,0.6349206349206349,0.047619047619047616,-0.1399375617488927,-0.044716465131055885,-1.488980866098845e-05,True
233,0.6507936507936507,0.047619047619047616,-0.11787265698053426,-0.04543107869030635,7.100915448670309e-05,True
234,0.6666666666666666,0.047619047619047616,-0.09521830304649882,-0.04458683925615586,-0.00021657806000668545,True
235,0.6825396825396826,0.047619047619047616,-0.07266511888522005,-0.04215827945256573,-0.0008607136942241487,True
236,0.6984126984126984,0.047619047619047616,-0.05086681474123518,-0.03826003263899681,-0.0017945344174017845,True
237,0.7142857142857142,0.047619047619047616,-0.03057807556935717,-0.03317418924193312,-0.002924951255937553,True
238,0.7301587301587301,0.047619047619047616,-0.012103563352103927,-0.027118248890172555,-0.004146818895664755,True
239,0.746031746031746,0.047619047619047616,0.003872283896653461,-0.02055585228729561,-0.005363573580322195,True
240,0.7619047619047619,0.047619047619047616,0.016998481087866866,-0.013886736861640717,-0.00649178957051758,True
241,0.7777777777777777,0.047619047619047616,0.02710439706522459,-0.007506179297581488,-0.007473269960961381,True
242,0.7936507936507936,0.047619047619047616,0.03415192145784464,-0.0017578385436404055,-0.008278428185212823,True
243,0.8095238095238095,0.047619047619047616,0.03822137176288117,0.0030603348680280657,-0.008904371702271973,True
244,0.8253968253968254,0.047619047619047616,0.03960553868126871,0.00680442779241987,-0.009365059446637099,True
245,0.8412698412698412,0.047619047619047616,0.03862248769300228,0.009384011722179534,-0.009687861953400325,True
246,0.8571428571428571,0.047619047619047616,0.03594300209223908,0.010953732804661815,-0.009903039422009085,True
247,0.873015873015873,0.047619047619047616,0.0318981916236367,0.011565965392195215,-0.010039893170241605,True
248,0.8888888888888888,0.047619047619047616,0.027062581842252027,0.011456116005386235,-0.010123467774800703,True
249,0.9047619047619047,0.047619047619047616,0.021862319962179032,0.010836128806190724,-0.010172026617277067,True
250,0.9206349206349206,0.047619047619047616,0.016668548245924477,0.009892221946729894,-0.010198723245802817,True
251,0.9365079365079365,0.047619047619047616,0.011755624827103642,0.008705903724591013,-0.010210184299077246,True
252,0.9523809523809523,0.047619047619047616,0.007349212981847142,0.007242441014577105,-0.010209824262817744,True
253,0.9682539682539681,0.047619047619047616,0.0036870844976526775,0.005358092346864437,-0.010196091729165718,True
254,0.9841269841269841,0.047619047619047616,0.0010632231128116989,0.002887088094752183,-0.01016291147204535,True
255,1.0,0.047619047619047616,2.853762082371963e-07,4.461274655356202e-06,-0.010105695938432155,True
256,0.0,0.06349206349206349,-5.385926375352849e-08,-3.7779122346238876e-06,-1.222944920787841e-05,True
257,0.015873015873015872,0.06349206349206349,0.0009763317854180321,-0.004494566897853657,3.906164154499571e-05,True
258,0.031746031746031744,0.06349206349206349,0.0031535070161113304,-0.007055009703329883,5.277622277942756e-05,True
259,0.047619047619047616,0.06349206349206349,0.005631160635936247,-0.007687355218099071,2.317288220926684e-05,True
260,0.06349206349206349,0.06349206349206349,0.007724276763734968,-0.006730678961584673,-4.411530870205301e-05,True
261,0.07936507936507936,0.06349206349206349,0.008958294845449527,-0.00468689006691306,-0.00013788276481025284,True
262,0.09523809523809523,0.06349206349206349,0.00907481442495108,-0.0020992575283146323,-0.0002454959899132661,True
263,0.1111111111111111,0.06349206349206349,0.007937697747887756,0.000638549437061515,-0.0003576333328054693,True
264,0.12698412698412698,0.06349206349206349,0.005513812886232744,0.0032777609368956078,-0.00047092563497676406,True
265,0.14285714285714285,0.06349206349206349,0.001740644343492927,0.005828860363347601,-0.0005880098851047681,True
266,0.15873015873015872,0.06349206349206349,-0.003512561832709537,0.008453930661464527,-0.0007159314800895674,True
267,0.1746031746031746,0.06349206349206349,-0.010497226727402666,0.01141002715923732,-0.0008637354837468681,True
268,0.19047619047619047,0.06349206349206349,-0.01938503886358968,0.014852916560135088,-0.00104264072623445,True
269,0.20634920634920634,0.06349206349206349,-0.03036913918570143,0.018859877610648706,-0.001262290115975619,True
270,0.2222222222222222,0.06349206349206349,-0.04368735085278182,0.023447112507307587,-0.0015355441407445072,True
271,0.23809523809523808,0.06349206349206349,-0.059417810983052294,0.02849205054147971,-0.0018733932983287112,True
272,0.25396825396825395,0.06349206349206349,-0.07741121270886255,0.03375818014703433,-0.0022917166499402558,True
273,0.2698412698412698,0.06349206349206349,-0.09741685960636909,0.03897739438541854,-0.002803841798022293,True
274,0.2857142857142857,0.06349206349206349,-0.11898320031702896,0.0438276045749303,-0.0034198138284521006,True
275,0.30158730158730157,0.06349206349206349,-0.14149249832975083,0.04797276586021098,-0.004143392813217766,True
276,0.31746031746031744,0.06349206349206349,-0.16432074641320038,0.05109825618158584,-0.004980473437534219,True
277,0.3333333333333333,0.06349206349206349,-0.18673056524386242,0.05298523403193064,-0.005902567192406678,True
278,0.3492063492063492,0.06349206349206349,-0.2080818094777118,0.05345870173419385,-0.006891108692468316,True
279,0.36507936507936506,0.06349206349206349,-0.2279019665491098,0.052504206604714346,-0.007902166319189224,True
280,0.38095238095238093,0.06349206349206349,-0.24579444872392095,0.05000958204393978,-0.008904106635058915,True
281,0.3968253968253968,0.06349206349206349,-0.26161680369143914,0.04633178135196418,-0.009817109767130126,True
282,0.4126984126984127,0.06349206349206349,-0.2750813138467998,0.04134194524068331,-0.010615150054125527,True
283,0.42857142857142855,0.06349206349206349,-0.2859974121759593,0.03527860702671159,-0.011234153998429225,True
284,0.4444444444444444,0.06349206349206349,-0.2946562119832546,0.028309993501714908,-0.011634844340351573,True
285,0.4603174603174603,0.06349206349206349,-0.300786030130924,0.02059999179634923,-0.011776957807289322,True
286,0.47619047619047616,0.06349206349206349,-0.3044428234247285,0.012220404527168816,-0.011643659357873794,True
287,0.49206349206349204,0.06349206349206349,-0.3056437296945129,0.00339674627934301,-0.011221796080604828,True
288,0.5079365079365079,0.06349206349206349,-0.30415532683450636,-0.005807296015132517,-0.010517563188317874,True
289,0.5238095238095237,0.06349206349206349,-0.30025768490024696,-0.015151389616194218,-0.009566106858230415,True
290,0.5396825396825397,0.06349206349206349,-0.2937439745277272,-0.024596260438821745,-0.008407260288835936,True
291,0.5555555555555556,0.06349206349206349,-0.2844279229848225,-0.0337088893201961,-0.007111594706890908,True
292,0.5714285714285714,0.06349206349206349,-0.27252681279162166,-0.04247755339913684,-0.005755308117186728,True
293,0.5873015873015872,0.06349206349206349,-0.2579803685334566,-0.05048631563683279,-0.004428716781134627,True
294,0.6031746031746031,0.06349206349206349,-0.24087275186908036,-0.057497771441458366,-0.0032260233219210087,True
295,0.6190476190476191,0.06349206349206349,-0.22125810705127844,-0.06306639307688057,-0.0022602358428156256,True
296,0.6349206349206349,0.06349206349206349,-0.19944823714881377,-0.06697345863472566,-0.0016061476279726442,True
297,0.6507936507936507,0.06349206349206349,-0.1759223916393261,-0.06889274728592645,-0.001305516233251552,True
298,0.6666666666666666,0.06349206349206349,-0.15110812773850243,-0.06864090946527292,-0.0013939330315131937,True
299,0.6825396825396826,0.06349206349206349,-0.12563950547360458,-0.06612502327283906,-0.0018557386211714166,True
300,0.6984126984126984,0.06349206349206349,-0.10026400415446726,-0.06145666364433273,-0.002628327292529098,True
301,0.7142857142857142,0.06349206349206349,-0.07567279361537972,-0.054875409334409986,-0.003625499114477082,True
302,0.7301587301587301,0.06349206349206349,-0.05272692448347996,-0.04678431531791419,-0.00475390541716044,True
303,0.746031746031746,0.06349206349206349,-0.03189548342501882,-0.03766027060341708,-0.005898830784501977,True
304,0.7619047619047619,0.06349206349206349,-0.013650968475040784,-0.028036688517268246,-0.0069739542969006005,True
305,0.7777777777777777,0.06349206349206349,0.0013289079488187862,-0.018670782926634728,-0.007915850447679264,True
306,0.7936507936507936,0.06349206349206349,0.013425624905434893,-0.00973029449714484,-0.008683754257728818,True
307,0.8095238095238095,0.06349206349206349,0.0221904888715633,-0.001897809040420031,-0.009269980345385169,True
308,0.8253968253968254,0.06349206349206349,0.02789802813876883,0.004626030594770196,-0.009685607850903638,True
309,0.8412698412698412,0.06349206349206349,0.030768293032955026,0.00964387789626778,-0.009959376274514768,True
310,0.8571428571428571,0.06349206349206349,0.031159407589074466,0.013120114163138782,-0.010123932969555022,True
311,0.873015873015873,0.06349206349206349,0.029507681918009253,0.015144037377675595,-0.010211954187188567,True
312,0.8888888888888888,0.06349206349206349,0.026356271919806797,0.015945482777425076,-0.010251594335785713,True
313,0.9047619047619047,0.06349206349206349,0.02220558405654294,0.015783245425852608,-0.010263686168483398,True
314,0.9206349206349206,0.06349206349206349,0.017519114168539136,0.014910025159605206,-0.010262799080653204,True
315,0.9365079365079365,0.06349206349206349,0.0127199684316558,0.013482500644268999,-0.010255617027019258,True
316,0.9523809523809523,0.06349206349206349,0.008153892419465196,0.011500669521779253,-0.010244374217786265,True
317,0.9682539682539681,0.06349206349206349,0.004177532576927225,0.008769590124413777,-0.010224781687052225,True
318,0.9841269841269841,0.06349206349206349,0.001229144111395895,0.005012702592605004,-0.010186665983907524,True
319,1.0,0.06349206349206349,-4.0054028161639706e-08,-2.6393008651795214e-06,-0.010120826445088023,True
320,0.0,0.07936507936507936,-6.096417388630898e-09,3.123532069446789e-06,6.90615332463979e-05,True
321,0.015873015873015872,0.07936507936507936,0.0009758903282552028,-0.006244581571906934,0.00011900840918290202,True
322,0.031746031746031744,0.07936507936507936,0.003036592763597264,-0.009425910227703812,0.0001252067339127566,True
323,0.047619047619047616,0.07936507936507936,0.005144267800353498,-0.009835762588415422,8.296038414373624e-05,True
324,0.06349206349206349,0.07936507936507936,0.006541815551164107,-0.008054590166517422,1.8086120285126444e-06,True
325,0.07936507936507936,0.07936507936507936,0.006760955304637849,-0.004836613253428391,-0.00010233586074146035,True
326,0.09523809523809523,0.07936507936507936,0.005543727669165452,-0.0008897062837268058,-0.00021386930589284534,True
327,0.1111111111111111,0.07936507936507936,0.002767934616777417,0.0032756950467894732,-0.000322758149990013,True
328,0.12698412698412698,0.07936507936507936,-0.001670767000347381,0.007444036063994345,-0.0004269949020389683,True
329,0.14285714285714285,0.07936507936507936,-0.007898625771643561,0.011654655671255275,-0.0005320883278934063,True
330,0.15873015873015872,0.07936507936507936,-0.016195902237190366,0.016180315549101987,-0.0006487823687262999,True
331,0.1746031746031746,0.07936507936507936,-0.02664690576979438,0.02118093344840128,-0.0007906258496527691,True
332,0.19047619047619047,0.07936507936507936,-0.03974277619491908,0.026984254076856902,-0.0009737944076601598,True
333,0.20634920634920634,0.07936507936507936,-0.05544645907769848,0.033492461097467695,-0.0012141164584948865,True
334,0.2222222222222222,0.07936507936507936,-0.07390834460821541,0.040630093680698885,-0.0015328754328597471,True
335,0.23809523809523808,0.07936507936507936,-0.09481021563023859,0.04802997983313699,-0.0019468793086392343,True
336,0.25396825396825395,0.07936507936507936,-0.11783075349458913,0.055331953564872347,-0.0024822018775944015,True
337,0.2698412698412698,0.07936507936507936,-0.1422736406012196,0.06203502215482172,-0.00315171355504114,True
338,0.2857142857142857,0.07936507936507936,-0.1674541788024438,0.06770824182005866,-0.003973726584021088,True
339,0.30158730158730157,0.07936507936507936,-0.19256021725813896,0.07192988987512021,-0.004948412762550078,True
340,0.31746031746031744,0.07936507936507936,-0.21687711355429826,0.07447348403249292,-0.006047578909335964,True
341,0.3333333333333333,0.07936507936507936,-0.23985527456418004,0.07517249366122383,-0.0072550872932866895,True
342,0.3492063492063492,0.07936507936507936,-0.2610493251483562,0.0740164164711967,-0.008529624464587228,True
343,0.36507936507936506,0.07936507936507936,-0.2801409656601804,0.07098786031404182,-0.009834752658083212,True
344,0.38095238095238093,0.07936507936507936,-0.2971430809284479,0.0664632768667209,-0.011083644565554614,True
345,0.3968253968253968,0.07936507936507936,-0.3118745252303929,0.060431742888045537,-0.012246666412888466,True
346,0.4126984126984127,0.07936507936507936,-0.32434986060465726,0.05313321637609496,-0.013259643071374538,True
347,0.42857142857142855,0.07936507936507936,-0.3346572063700812,0.044796212809404524,-0.014068218478702361,True
348,0.4444444444444444,0.07936507936507936,-0.3429089672795031,0.03553404762346824,-0.01463837634134879,True
349,0.4603174603174603,0.07936507936507936,-0.34887008774588524,0.025483233618189206,-0.014929920561131519,True
350,0.47619047619047616,0.07936507936507936,-0.3525786205679806,0.014793181905168222,-0.014922395963800189,True
351,0.49206349206349204,0.07936507936507936,-0.35436736979241434,0.00360932700936846,-0.014610383557449907,True
352,0.5079365079365079,0.07936507936507936,-0.35375301892062555,-0.007994613486643964,-0.013993528318615873,True
353,0.5238095238095237,0.07936507936507936,-0.3508952965349752,-0.01980773188905346,-0.01309744221956128,True
354,0.5396825396825397,0.07936507936507936,-0.3457769032645651,-0.031775520871264666,-0.01196335209588952,True
355,0.5555555555555556,0.07936507936507936,-0.3379753300848843,-0.043438478070847115,-0.010649799494471394,True
356,0.5714285714285714,0.07936507936507936,-0.32796959691044913,-0.054999676833672746,-0.009217786883987002,True
357,0.5873015873015872,0.07936507936507936,-0.31499087300198725,-0.06558326052657917,-0.007770355728798974,True
358,0.6031746031746031,0.07936507936507936,-0.2993879892117123,-0.0752920932138597,-0.006390210589193959,True
359,0.6190476190476191,0.07936507936507936,-0.2810279915957801,-0.08343281741796282,-0.005168966294225862,True
360,0.6349206349206349,0.07936507936507936,-0.2598735016245481,-0.08961636117641932,-0.004218767214632116,True
361,0.6507936507936507,0.07936507936507936,-0.23625054530036402,-0.09357802894179088,-0.003575483380001457,True
362,0.6666666666666666,0.07936507936507936,-0.21040645802996719,-0.09473263347822247,-0.003318942748491727,True
363,0.6825396825396826,0.07936507936507936,-0.18298535891513543,-0.09299262614468004,-0.003435879602677139,True
364,0.6984126984126984,0.07936507936507936,-0.1546689899691409,-0.08829148311961951,-0.0038979280649911307,True
365,0.7142857142857142,0.07936507936507936,-0.12635070941194682,-0.08084781096113029,-0.004633334582931361,True
366,0.7301587301587301,0.07936507936507936,-0.09897732084533659,-0.07112270526664387,-0.005547904010737458,True
367,0.746031746031746,0.07936507936507936,-0.07335315552920879,-0.059684470679937235,-0.0065344892216252625,True
368,0.7619047619047619,0.07936507936507936,-0.05017140418399421,-0.04725899725835636,-0.007497350027214367,True
369,0.7777777777777777,0.07936507936507936,-0.030165597172914217,-0.03470648963579208,-0.00836376979926375,True
370,0.7936507936507936,0.07936507936507936,-0.01330656303100802,-0.02251927334504972,-0.009077134745544656,True
371,0.8095238095238095,0.07936507936507936,0.00011611701535428795,-0.011383328658479658,-0.009625702483365937,True
372,0.8253968253968254,0.07936507936507936,0.010164123642329999,-0.001727178783876398,-0.010009543466720117,True
373,0.8412698412698412,0.07936507936507936,0.017053485468256368,0.006190111695303521,-0.010250816906905838,True
374,0.8571428571428571,0.07936507936507936,0.020988180648064528,0.012175896692986648,-0.010380015959118995,True
375,0.873015873015873,0.07936507936507936,0.0223798262223754,0.016277568874546715,-0.010430500099559554,True
376,0.8888888888888888,0.07936507936507936,0.021675223330455552,0.01865442765107174,-0.010432521501663676,True
377,0.9047619047619047,0.07936507936507936,0.019345059767204267,0.019538081300846912,-0.01041001614193632,True
378,0.9206349206349206,0.07936507936507936,0.015956979029995103,0.01924833492166102,-0.010379016441093684,True
379,0.9365079365079365,0.07936507936507936,0.011965014998930289,0.017964639493404932,-0.010349238677517289,True
380,0.9523809523809523,0.07936507936507936,0.007848185811299353,0.01571979820566448,-0.010322695448957704,True
381,0.9682539682539681,0.07936507936507936,0.0040786367285018535,0.012299715022954235,-0.010294768453964142,True
382,0.9841269841269841,0.07936507936507936,0.0012062158592747365,0.007254413216207414,-0.010253760818958473,True
383,1.0,0.07936507936507936,4.8865306315210916e-08,-3.456487550897193e-06,-0.010188403233997183,True
384,0.0,0.09523809523809523,-1.1201483940251018e-08,5.757331145448774e-06,0.000199664069381286,True
385,0.015873015873015872,0.09523809523809523,0.0008943488656940581,-0.007883061297082853,0.0002430277987237747,True
386,0.031746031746031744,0.09523809523809523,0.002609186046189552,-0.011433377902902104,0.00023606504624470596,True
387,0.047619047619047616,0.09523809523809523,0.004004054654183608,-0.011275357135930064,0.00017649508278662972,True
388,0.06349206349206349,0.09523809523809523,0.0043023576024895606,-0.008316658135144877,7.809349016795675e-05,True
389,0.07936507936507936,0.09523809523809523,0.0030516365258344068,-0.003574316380176827,-3.8555235816363174e-05,True
390,0.09523809523809523,0.09523809523809523,5.6267015765611224e-05,0.0020380578343222188,-0.00015630578240714998,True
391,0.1111111111111111,0.09523809523809523,-0.004863532507400702,0.007997985520984699,-0.00026536750747228535,True
392,0.12698412698412698,0.09523809523809523,-0.011789951426786207,0.014073976076870673,-0.000366909412069284,True
393,0.14285714285714285,0.09523809523809523,-0.0210388220103535,0.02045965133605231,-0.0004705678756051702,True
394,0.15873015873015872,0.09523809523809523,-0.032842741734244035,0.027402473411064755,-0.000593002104283035,True
395,0.1746031746031746,0.09523809523809523,-0.04736664806384457,0.03508599109750332,-0.0007540673146498658,True
396,0.19047619047619047,0.09523809523809523,-0.06492697040972113,0.043694030925774084,-0.0009782986367660807,True
397,0.20634920634920634,0.09523809523809523,-0.0854555322792453,0.05304693578067213,-0.0012929120400335227,True
398,0.2222222222222222,0.09523809523809523,-0.10869135828933149,0.06277222341489189,-0.001731992310463241,True
399,0.23809523809523808,0.09523809523809523,-0.13382731474105522,0.07219790533492011,-0.0023129103367893057,True
400,0.25396825396825395,0.09523809523809523,-0.16037278562180685,0.08086028852873911,-0.003075569308616691,True
401,0.2698412698412698,0.09523809523809523,-0.1873351962098676,0.08812829823649317,-0.0040223171086385635,True
402,0.2857142857142857,0.09523809523809523,-0.21395219301755478,0.09358896424884511,-0.0051597587706346025,True
403,0.30158730158730157,0.09523809523809523,-0.23943781050353982,0.09682953363955117,-0.006498670945808844,True
404,0.31746031746031744,0.09523809523809523,-0.263359278615301,0.09790351210956183,-0.007963631774488044,True
405,0.3333333333333333,0.09523809523809523,-0.2852859433540729,0.09672300778780439,-0.009542120806124368,True
406,0.3492063492063492,0.09523809523809523,-0.30511076425265254,0.0934781323894842,-0.011172293876502228,True
407,0.36507936507936506,0.09523809523809523,-0.3226456246954386,0.08831625513235657,-0.012802229552483946,True
408,0.38095238095238093,0.09523809523809523,-0.3381799906888348,0.08159865408515574,-0.014354936371675514,True
409,0.3968253968253968,0.09523809523809523,-0.3514782213182922,0.07341056941122073,-0.015789833162841386,True
410,0.4126984126984127,0.09523809523809523,-0.36266508471125897,0.06398142789792562,-0.017048403795159348,True
411,0.42857142857142855,0.09523809523809523,-0.3718728575409547,0.05359445482086292,-0.018070950660036254,True
412,0.4444444444444444,0.09523809523809523,-0.3792229151273575,0.04226000081171784,-0.018837782092667427,True
413,0.4603174603174603,0.09523809523809523,-0.38468466613924335,0.03022676784632851,-0.01930109955307884,True
414,0.47619047619047616,0.09523809523809523,-0.3882648078310492,0.017580170124762824,-0.01944577271841386,True
415,0.49206349206349204,0.09523809523809523,-0.3902127188739081,0.004371179750647294,-0.019269987207987713,True
416,0.5079365079365079,0.09523809523809523,-0.39037681859771695,-0.00918797105292272,-0.018764185730923456,True
417,0.5238095238095237,0.09523809523809523,-0.38865985923359647,-0.023098251800981646,-0.01795542247012057,True
418,0.5396825396825397,0.09523809523809523,-0.3851587255092934,-0.037189573490240664,-0.016873167095631646,True
419,0.5555555555555556,0.09523809523809523,-0.37969297806377533,-0.05127014030819864,-0.015562522113214542,True
420,0.5714285714285714,0.09523809523809523,-0.3719675603304931,-0.06510996814894768,-0.014085931077270308,True
421,0.5873015873015872,0.09523809523809523,-0.36196703602536573,-0.07845631572172533,-0.012512092559643632,True
422,0.6031746031746031,0.09523809523809523,-0.3492574073503305,-0.09085052191782098,-0.010934314844047062,True
423,0.6190476190476191,0.09523809523809523,-0.33373280071757155,-0.10191382878628863,-0.009430346775675547,True
424,0.6349206349206349,0.09523809523809523,-0.31516856033508894,-0.11106506890464268,-0.008098786054594317,True
425,0.6507936507936507,0.09523809523809523,-0.2934617856911471,-0.11776523684466993,-0.007014810870134653,True
426,0.6666666666666666,0.09523809523809523,-0.2686526995595552,-0.12141493862552735,-0.006257410464873637,True
427,0.6825396825396826,0.09523809523809523,-0.24104009477122929,-0.12156367180273767,-0.005862843292971249,True
428,0.6984126984126984,0.09523809523809523,-0.21124569012612385,-0.11793603799203614,-0.005841790206678935,True
429,0.7142857142857142,0.09523809523809523,-0.18004028708335118,-0.11066720158959226,-0.006106877690173561,True
430,0.7301587301587301,0.09523809523809523,-0.14876992214612242,-0.10001374002616996,-0.00666235372070613,True
431,0.746031746031746,0.09523809523809523,-0.11834949248173826,-0.08669790357970071,-0.007351708212018052,True
432,0.7619047619047619,0.09523809523809523,-0.08999730359860363,-0.07161224100613016,-0.008099567898430235,True
433,0.7777777777777777,0.09523809523809523,-0.06464792383885228,-0.05577919113824027,-0.008818181788964433,True
434,0.7936507936507936,0.09523809523809523,-0.04269843589231356,-0.04006268565830909,-0.009437157124019508,True
435,0.8095238095238095,0.09523809523809523,-0.02458590425084091,-0.02536187436643334,-0.009928667783739098,True
436,0.8253968253968254,0.09523809523809523,-0.010213489739316902,-0.012220699973776991,-0.010278639823508547,True
437,0.8412698412698412,0.09523809523809523,0.0005693501081133307,-0.001059866992676631,-0.01049865591776502,True
438,0.8571428571428571,0.09523809523809523,0.00805900588762939,0.00790138462114424,-0.010609978976525566,True
439,0.873015873015873,0.09523809523809523,0.012554819692986418,0.014570412809611468,-0.010642813866250279,True
440,0.8888888888888888,0.09523809523809523,0.014519070174131354,0.019064457884927465,-0.010624065897032154,True
441,0.9047619047619047,0.09523809523809523,0.014341796043461278,0.021522720184991774,-0.010579262807570784,True
442,0.9206349206349206,0.09523809523809523,0.01265537257943885,0.02232526526225483,-0.01052673399884128,True
443,0.9365079365079365,0.09523809523809523,0.009918773575232475,0.021599856038272334,-0.010478310749854053,True
444,0.9523809523809523,0.09523809523809523,0.006678116197868525,0.019410965219663585,-0.010438334220269288,True
445,0.9682539682539681,0.09523809523809523,0.003513255994337228,0.015502959490485873,-0.010403479372144826,True
446,0.9841269841269841,0.09523809523809523,0.001038962946698942,0.00931668894757617,-0.010362789771789475,True
447,1.0,0.09523809523809523,2.3572755354015524e-08,-5.875209311862862e-06,-0.010305336200414957,True
448,0.0,0.1111111111111111,-2.925206853198339e-09,4.050652724642309e-06,0.00038688784623017224,True
449,0.015873015873015872,0.1111111111111111,0.0007156637327468833,-0.009237468827698003,0.00041787639949759404,True
450,0.031746031746031744,0.1111111111111111,0.00181804702084941,-0.01275943645984413,0.00039233438783700154,True
451,0.047619047619047616,0.1111111111111111,0.0021599220863265907,-0.011627993625738988,0.0003120722179518592,True
452,0.06349206349206349,0.1111111111111111,0.0009702623101085221,-0.007099859030712157,0.00019480175765900607,True
453,0.07936507936507936,0.1111111111111111,-0.0021113738114294303,-0.0005246100297697702,6.333764756564139e-05,True
454,0.09523809523809523,0.1111111111111111,-0.007344035952064529,0.007137210658533594,-6.379971927191644e-05,True
455,0.1111111111111111,0.1111111111111111,-0.014756335786865015,0.015211260613341143,-0.0001804213223731643,True
456,0.12698412698412698,0.1111111111111111,-0.024649256720573998,0.02366722784356235,-0.00029186719543372066,True
457,0.14285714285714285,0.1111111111111111,-0.03729684955029378,0.03269685058171365,-0.00041482426752538997,True
458,0.15873015873015872,0.1111111111111111,-0.05293136489498436,0.042539938708759634,-0.0005735951385488717,True
459,0.1746031746031746,0.1111111111111111,-0.07176596427197655,0.05336527312519993,-0.0007994656679980662,True
460,0.19047619047619047,0.1111111111111111,-0.09367068359923712,0.06498083013559072,-0.0011269260483201687,True
461,0.20634920634920634,0.1111111111111111,-0.11839017943291359,0.07702518388284503,-0.0016018329333785972,True
462,0.2222222222222222,0.1111111111111111,-0.14507349047694604,0.08872286412942587,-0.0022530500756869263,True
463,0.23809523809523808,0.1111111111111111,-0.17302501381675822,0.09944314593022476,-0.003127412905514404,True
464,0.25396825396825395,0.1111111111111111,-0.20116295372358847,0.10842086720688385,-0.004238316343248596,True
465,0.2698412698412698,0.1111111111111111,-0.22863318498248095,0.11514567309723465,-0.0055920392985846015,True
466,0.2857142857142857,0.1111111111111111,-0.25481439216386315,0.11939255090741889,-0.0071530304941056794,True
467,0.30158730158730157,0.1111111111111111,-0.2791225010984946,0.12097020930254007,-0.008915804440854715,True
468,0.31746031746031744,0.1111111111111111,-0.30127876486581456,0.11995187785821491,-0.010829828069260757,True
469,0.3333333333333333,0.1111111111111111,-0.321182078634374,0.11659057023332578,-0.012823340126287426,True
470,0.3492063492063492,0.1111111111111111,-0.3386871049188563,0.11106140253449284,-0.014845915586423548,True
471,0.36507936507936506,0.1111111111111111,-0.3540068768172922,0.10371539365089294,-0.016823930634254303,True
472,0.38095238095238093,0.1111111111111111,-0.3673300692544302,0.09489908472172542,-0.018684938429252892,True
473,0.3968253968253968,0.1111111111111111,-0.3783157591714938,0.08460370688627408,-0.020402368987059213,True
474,0.4126984126984127,0.1111111111111111,-0.3874358415180295,0.07326474401835852,-0.021897927559507094,True
475,0.42857142857142855,0.1111111111111111,-0.39477013626489205,0.06096179191359305,-0.02314491865563864,True
476,0.4444444444444444,0.1111111111111111,-0.4005839597010171,0.04797348756189168,-0.024093316087100355,True
477,0.4603174603174603,0.1111111111111111,-0.4048610108913808,0.03431651717674887,-0.024727495255461324,True
478,0.47619047619047616,0.1111111111111111,-0.40769792471630234,0.02007378740891032,-0.025029725715810913,True
479,0.49206349206349204,0.1111111111111111,-0.40943056634615305,0.0054680429026172685,-0.024985144927876297,True
480,0.5079365079365079,0.1111111111111111,-0.4099294150156321,-0.009614113772069534,-0.024610330030997277,True
481,0.5238095238095237,0.1111111111111111,-0.40923867435426914,-0.024962871121844393,-0.023905249856613603,True
482,0.5396825396825397,0.1111111111111111,-0.40743685359752,-0.04071817551024477,-0.022912853088004514,True
483,0.5555555555555556,0.1111111111111111,-0.4040326845793661,-0.05643295928879066,-0.021646313973576203,True
484,0.5714285714285714,0.1111111111111111,-0.39951819324920235,-0.07231310235889303,-0.0201662455687895,True
485,0.5873015873015872,0.1111111111111111,-0.39297688536039405,-0.08784785780425411,-0.01852253664053111,True
486,0.6031746031746031,0.1111111111111111,-0.3844186492774797,-0.10285161697904349,-0.016780799009557007,True
487,0.6190476190476191,0.1111111111111111,-0.37331956380561393,-0.11681399702544056,-0.015017246004220957,True
488,0.6349206349206349,0.1111111111111111,-0.3591614879962838,-0.12919220339252113,-0.013314506918071923,True
489,0.6507936507936507,0.1111111111111111,-0.34165869178287245,-0.13927047336287207,-0.011756714690904535,True
490,0.6666666666666666,0.1111111111111111,-0.3203964721291487,-0.14635413180445775,-0.010422579171569139,True
491,0.6825396825396826,0.1111111111111111,-0.2952906166704521,-0.14967758361447617,-0.009389120402996264,True
492,0.6984126984126984,0.1111111111111111,-0.2665415800910893,-0.1486562745272541,-0.008698755643654695,True
493,0.7142857142857142,0.1111111111111111,-0.2347892999138579,-0.1430697976302581,-0.008336018553505142,True
494,0.7301587301587301,0.1111111111111111,-0.20100796056097026,-0.1328545818534838,-0.00830461022902876,True
495,0.746031746031746,0.1111111111111111,-0.16660753193597239,-0.11864921396996575,-0.008519332635713644,True
496,0.7619047619047619,0.1111111111111111,-0.13309481078775084,-0.10138000234500837,-0.008898320294881301,True
497,0.7777777777777777,0.1111111111111111,-0.10202044519246889,-0.0823741713598566,-0.009356421990009146,True
498,0.7936507936507936,0.1111111111111111,-0.07434689137354644,-0.06285799104168396,-0.009801865271942165,True
499,0.8095238095238095,0.1111111111111111,-0.050883295778362925,-0.04409707306585212,-0.010189112799125974,True
500,0.8253968253968254,0.1111111111111111,-0.03175382278183565,-0.026947376384199074,-0.010482490190779304,True
501,0.8412698412698412,0.1111111111111111,-0.016823022126767725,-0.01199260485844154,-0.010677542658129644,True
502,0.8571428571428571,0.1111111111111111,-0.005862870438533866,0.00030571898989112807,-0.010780069596380878,True
503,0.873015873015873,0.1111111111111111,0.0017232266425373332,0.010014942746104887,-0.010810795562634163,True
504,0.8888888888888888,0.1111111111111111,0.006283128610889505,0.017027674460725485,-0.010790087975016741,True
505,0.9047619047619047,0.1111111111111111,0.008345100602893904,0.021564120243649607,-0.010740968914816627,True
506,0.9206349206349206,0.1111111111111111,0.008442496958162887,0.02384515399402372,-0.010681566897745947,True
507,0.9365079365079365,0.1111111111111111,0.00713743450277648,0.024065816626464346,-0.010625392223798758,True
508,0.9523809523809523,0.1111111111111111,0.005018584230607134,0.022244121751376522,-0.010579043590774091,True
509,0.9682539682539681,0.1111111111111111,0.002684925208295879,0.018094004457163616,-0.010541861520604729,True
510,0.9841269841269841,0.1111111111111111,0.0007918347588911658,0.011001740890319925,-0.010505171920834236,True
511,1.0,0.1111111111111111,2.2193626576060718e-08,-3.605847019056934e-06,-0.010460162317142878,True
512,0.0,0.12698412698412698,-1.5904813494220143e-09,-3.7999529450533286e-07,0.0006373061387024129,True
513,0.015873015873015872,0.12698412698412698,0.0004170401795585997,-0.010108169855881144,0.000649245305541745,True
514,0.031746031746031744,0.12698412698412698,0.0006355499531970205,-0.013096551311543643,0.000601084183022488,True
515,0.047619047619047616,0.12698412698412698,-0.0004525247904913509,-0.01049935451961673,0.0004978732944447101,True
516,0.06349206349206349,0.12698412698412698,-0.003491654641711127,-0.0040122950835878995,0.00036033413239432724,True
517,0.07936507936507936,0.12698412698412698,-0.008767393830793328,0.004754258212363342,0.00021200166649954245,True
518,0.09523809523809523,0.12698412698412698,-0.016468283423496363,0.014714544697455569,6.867659583451135e-05,True
519,0.1111111111111111,0.12698412698412698,-0.026770277172420254,0.025339682944438932,-6.823454050505075e-05,True
520,0.12698412698412698,0.12698412698412698,-0.03989636800321499,0.03657950305772947,-0.00021194412867835998,True
521,0.14285714285714285,0.12698412698412698,-0.056122580468099814,0.04864774415349858,-0.0003874461031731131,True
522,0.15873015873015872,0.12698412698412698,-0.07571018818999095,0.06178085311426671,-0.0006339001242270894,True
523,0.1746031746031746,0.12698412698412698,-0.09849839923813908,0.07578203028589073,-0.0009932875579387608,True
524,0.19047619047619047,0.12698412698412698,-0.12405918911713028,0.09017012503568654,-0.0015168711964208797,True
525,0.20634920634920634,0.12698412698412698,-0.15171725631055913,0.10424014892848259,-0.0022553967234469467,True
526,0.2222222222222222,0.12698412698412698,-0.1804388752600186,0.11708110701133555,-0.0032501717637331133,True
527,0.23809523809523808,0.12698412698412698,-0.20925531244573034,0.12793351306011308,-0.004522465702281559,True
528,0.25396825396825395,0.12698412698412698,-0.2371541210634198,0.1361330018116916,-0.006095614813213477,True
529,0.2698412698412698,0.12698412698412698,-0.26348115706179315,0.14138677606815273,-0.007942211585575726,True
530,0.2857142857142857,0.12698412698412698,-0.28774755177631683,0.14363304901148635,-0.010014177432565262,True
531,0.30158730158730157,0.12698412698412698,-0.30969565501770807,0.14295894285573255,-0.012270904396781064,True
532,0.31746031746031744,0.12698412698412698,-0.3292058097889501,0.1396327268970245,-0.014635217254400156,True
533,0.3333333333333333,0.12698412698412698,-0.34611488996414846,0.1338540102042133,-0.017054565730494388,True
534,0.3492063492063492,0.12698412698412698,-0.3606123986651943,0.12601584189136905,-0.019452319188236374,True
535,0.36507936507936506,0.12698412698412698,-0.37275051015532357,0.11643038555436593,-0.02175829477171106,True
536,0.38095238095238093,0.12698412698412698,-0.38271372445129576,0.10540575793903327,-0.023912970327257085,True
537,0.3968253968253968,0.12698412698412698,-0.3909578992607564,0.09331395531266581,-0.025856616363789085,True
538,0.4126984126984127,0.12698412698412698,-0.3974800853906035,0.08024862606152529,-0.027560402518541017,True
539,0.42857142857142855,0.12698412698412698,-0.40274650069402684,0.06653400873631486,-0.028971627890924685,True
540,0.4444444444444444,0.12698412698412698,-0.40668870683276387,0.052155917900767866,-0.03007812537185793,True
541,0.4603174603174603,0.12698412698412698,-0.4097731337841545,0.03737453302848272,-0.030849908405787347,True
542,0.47619047619047616,0.12698412698412698,-0.41178759791421926,0.022089010186802472,-0.03128346984285154,True
543,0.49206349206349204,0.12698412698412698,-0.4131081866806027,0.006497327928147238,-0.03136692138498531,True
544,0.5079365079365079,0.12698412698412698,-0.41366490393183075,-0.009533383334636615,-0.031123350987704596,True
545,0.5238095238095237,0.12698412698412698,-0.41362035816238296,-0.02582775409398767,-0.030541779065464403,True
546,0.5396825396825397,0.12698412698412698,-0.4128297878022912,-0.04247439746459625,-0.029651215382104103,True
547,0.5555555555555556,0.12698412698412698,-0.4112662090695846,-0.059325291114276646,-0.02847111678326194,True
548,0.5714285714285714,0.12698412698412698,-0.40910037220030576,-0.07640573539080926,-0.027041630104417735,True
549,0.5873015873015872,0.12698412698412698,-0.40559078161412226,-0.09339426687506716,-0.025391579625081633,True
550,0.6031746031746031,0.12698412698412698,-0.40124259305222154,-0.11033626085423769,-0.023575913059016622,True
551,0.6190476190476191,0.12698412698412698,-0.39506662360681255,-0.1267181126071957,-0.021646792463906515,True
552,0.6349206349206349,0.12698412698412698,-0.3862561337841428,-0.14194964231705431,-0.019679082813173935,True
553,0.6507936507936507,0.12698412698412698,-0.3748685542559968,-0.1556699565426098,-0.01771394469715441,True
554,0.6666666666666666,0.12698412698412698,-0.35962821822228314,-0.16682019238760615,-0.01583930318689604,True
555,0.6825396825396826,0.12698412698412698,-0.33984519446750816,-0.1743719973736719,-0.014144464149466929,True
556,0.6984126984126984,0.12698412698412698,-0.3155006425960217,-0.17760012638346379,-0.012680968957455447,True
557,0.7142857142857142,0.12698412698412698,-0.28628355509113607,-0.17543064548888931,-0.01155895924946498,True
558,0.7301587301587301,0.12698412698412698,-0.25311707910214365,-0.16776593282362617,-0.010746869612161015,True
559,0.746031746031746,0.12698412698412698,-0.2169618070610889,-0.1544597739392802,-0.010281993090535773,True
560,0.7619047619047619,0.12698412698412698,-0.17968128954455267,-0.13642503209408044,-0.01009675690820396,True
561,0.7777777777777777,0.12698412698412698,-0.14311481198683138,-0.11490874080652089,-0.010115848740946374,True
562,0.7936507936507936,0.12698412698412698,-0.10934016247940768,-0.09168329683651218,-0.01026989256657409,True
563,0.8095238095238095,0.12698412698412698,-0.07950675240598742,-0.06831889931858272,-0.010462554962158494,True
564,0.8253968253968254,0.12698412698412698,-0.05477014477125459,-0.04650869067964361,-0.010652905233437232,True
565,0.8412698412698412,0.12698412698412698,-0.035083488558328026,-0.027143441697768163,-0.010797437829657716,True
566,0.8571428571428571,0.12698412698412698,-0.02002115668602781,-0.010641942327768675,-0.010885518590175062,True
567,0.873015873015873,0.12698412698412698,-0.009218745964968803,0.0025938332042664846,-0.010919458740817265,True
568,0.8888888888888888,0.12698412698412698,-0.0020297682684007902,0.012613150247966375,-0.010910718508279009,True
569,0.9047619047619047,0.12698412698412698,0.0021971972948261714,0.019591158352368573,-0.010873769077136749,True
570,0.9206349206349206,0.12698412698412698,0.004074506681221344,0.02375072507990691,-0.010824024637032642,True
571,0.9365079365079365,0.12698412698412698,0.0042125221815468355,0.02524077280245229,-0.010774078442796759,True
572,0.9523809523809523,0.12698412698412698,0.003236065172173186,0.02406591299959504,-0.010731915527518884,True
573,0.9682539682539681,0.12698412698412698,0.0018069992471502925,0.019940289917195805,-0.010699145167299015,True
574,0.9841269841269841,0.12698412698412698,0.0005343521200623629,0.012222805439215136,-0.010670081758492496,True
575,1.0,0.12698412698412698,-1.6545730612046167e-09,3.053241860946678e-07,-0.010638551942004481,True
576,0.0,0.14285714285714285,-8.129111270967943e-08,-2.3672011146961963e-06,0.0009538563906368454,True
577,0.015873015873015872,0.14285714285714285,-2.2813970929155987e-05,-0.010263610942359384,0.0009393501485696143,True
578,0.031746031746031744,0.14285714285714285,-0.00100225050905061,-0.01206138346648413,0.0008657573423687958,True
579,0.047619047619047616,0.14285714285714285,-0.003844047332062285,-0.007541070821609568,0.0007389357221653575,True
580,0.06349206349206349,0.14285714285714285,-0.008998896412363925,0.0012237366836021447,0.0005801354663196727,True
581,0.07936507936507936,0.14285714285714285,-0.016728348698400144,0.012494788432987843,0.00041003599875260276,True
582,0.09523809523809523,0.14285714285714285,-0.02716678631522247,0.02510444069932405,0.00023851511417428262,True
583,0.1111111111111111,0.14285714285714285,-0.040482600045039646,0.03857467710858546,6.0071810934299334e-05,True
584,0.12698412698412698,0.14285714285714285,-0.05699414614389141,0.052989468278192245,-0.00015097647880322112,True
585,0.14285714285714285,0.14285714285714285,-0.07676731057520123,0.06836828640455278,-0.00042962438665584605,True
586,0.15873015873015872,0.14285714285714285,-0.09991583539544026,0.0847878059169749,-0.0008371168446734381,True
587,0.1746031746031746,0.14285714285714285,-0.12584694018427475,0.10158813826971687,-0.0014196851378633095,True
588,0.19047619047619047,0.14285714285714285,-0.1538851428177878,0.11805147588914904,-0.0022451462135706594,True
589,0.20634920634920634,0.14285714285714285,-0.1829492878237321,0.13314622940102258,-0.003374687406888273,True
590,0.2222222222222222,0.14285714285714285,-0.21201812221054867,0.14600328901820478,-0.004821507603125776,True
591,0.23809523809523808,0.14285714285714285,-0.24008304984370024,0.15591568852245202,-0.00660180121528478,True
592,0.25396825396825395,0.14285714285714285,-0.26630755108983967,0.16242519938443398,-0.008718790871016771,True
593,0.2698412698412698,0.14285714285714285,-0.290286807077779,0.165524859875677,-0.011105585330863147,True
594,0.2857142857142857,0.14285714285714285,-0.3115467531759473,0.16522001929166305,-0.013718678546837457,True
595,0.30158730158730157,0.14285714285714285,-0.3301014608194133,0.16189373154195486,-0.016469340428913768,True
596,0.31746031746031744,0.14285714285714285,-0.34612827842655947,0.15600569658636088,-0.019267485458764406,True
597,0.3333333333333333,0.14285714285714285,-0.3592315624838851,0.1476617862546739,-0.022068904839771912,True
598,0.3492063492063492,0.14285714285714285,-0.36999127885120225,0.13747715697280954,-0.024780255582125335,True
599,0.36507936507936506,0.14285714285714285,-0.37856335408214165,0.12575024408789864,-0.027349404703586357,True
600,0.38095238095238093,0.14285714285714285,-0.3857648552311212,0.11307729820934087,-0.029700126957920264,True
601,0.3968253968253968,0.14285714285714285,-0.3912757524770061,0.09939435864833744,-0.03181830543270345,True
602,0.4126984126984127,0.14285714285714285,-0.39559288523001396,0.0850599431052397,-0.033656668466251725,True
603,0.42857142857142855,0.14285714285714285,-0.39893725897400817,0.07023552209863401,-0.03518698771541312,True
604,0.4444444444444444,0.14285714285714285,-0.4012311664338938,0.054924011063853896,-0.03639897807880617,True
605,0.4603174603174603,0.14285714285714285,-0.4030161717446302,0.039349962627931674,-0.03727165375717323,True
606,0.47619047619047616,0.14285714285714285,-0.40410641454212004,0.023413486379332913,-0.03781334203770223,True
607,0.49206349206349204,0.14285714285714285,-0.40486032917777165,0.007239551374092454,-0.038012069616872445,True
608,0.5079365079365079,0.14285714285714285,-0.4053398534101387,-0.009221584657765186,-0.037881126632546655,True
609,0.5238095238095237,0.14285714285714285,-0.40555650290232925,-0.025986212342971052,-0.03742477902121302,True
610,0.5396825396825397,0.14285714285714285,-0.40555722920186194,-0.043062476712796824,-0.03665328948883895,True
611,0.5555555555555556,0.14285714285714285,-0.4053626767103288,-0.06044314133282435,-0.03559085827930419,True
612,0.5714285714285714,0.14285714285714285,-0.40476706679357544,-0.07810157023486103,-0.03424584863657704,True
613,0.5873015873015872,0.14285714285714285,-0.4038423597983347,-0.09598712570962172,-0.03266032511005909,True
614,0.6031746031746031,0.14285714285714285,-0.40222377643602125,-0.1139529018441056,-0.030852016949684764,True
615,0.6190476190476191,0.14285714285714285,-0.39968017090214075,-0.13179979919539045,-0.028856174827212793,True
616,0.6349206349206349,0.14285714285714285,-0.3957146448427489,-0.14917419882503752,-0.026716635882354067,True
617,0.6507936507936507,0.14285714285714285,-0.3899609868327831,-0.16565780410768105,-0.0244903266933072,True
618,0.6666666666666666,0.14285714285714285,-0.3816366671945861,-0.18060251372672906,-0.02223429388637771,True
619,0.6825396825396826,0.14285714285714285,-0.3693558061756094,-0.1928788728239241,-0.020001075604255666,True
620,0.6984126984126984,0.14285714285714285,-0.35181714592300933,-0.2010835614407088,-0.017871378977282318,True
621,0.7142857142857142,0.14285714285714285,-0.3290228771555195,-0.2044206364612659,-0.01589725790838852,True
622,0.7301587301587301,0.14285714285714285,-0.29998938308906237,-0.20124760237139874,-0.01424210600456389,True
623,0.746031746031746,0.14285714285714285,-0.26587017821523734,-0.19148514382344708,-0.012902220155797194,True
624,0.7619047619047619,0.14285714285714285,-0.22775674249779518,-0.17500669446048875,-0.011941040221488662,True
625,0.7777777777777777,0.14285714285714285,-0.18769063690302112,-0.15282397735432782,-0.011312743617176014,True
626,0.7936507936507936,0.14285714285714285,-0.14837424183650927,-0.12679914549236587,-0.010984959971576148,True
627,0.8095238095238095,0.14285714285714285,-0.1122423345915249,-0.09920175159892926,-0.010870763790766269,True
628,0.8253968253968254,0.14285714285714285,-0.08067595089183088,-0.07198632850247422,-0.010856180707269165,True
629,0.8412698412698412,0.14285714285714285,-0.05488568216084192,-0.04708281001809682,-0.010897290244877398,True
630,0.8571428571428571,0.14285714285714285,-0.03489787274845722,-0.02555087703715226,-0.010945744591857771,True
631,0.873015873015873,0.14285714285714285,-0.020267294472888286,-0.00796887515475256,-0.01097731081681122,True
632,0.8888888888888888,0.14285714285714285,-0.010078057208757497,0.005748278332848522,-0.010984656718737015,True
633,0.9047619047619047,0.14285714285714285,-0.003582474384370786,0.015691001553672822,-0.010971344193135927,True
634,0.9206349206349206,0.14285714285714285,4.8581004972393856e-05,0.022088281352877565,-0.010944918496500249,True
635,0.9365079365079365,0.14285714285714285,0.0015573414200485964,0.025134302934731807,-0.010914600326985428,True
636,0.9523809523809523,0.14285714285714285,0.0016692330694430952,0.024902876918555337,-0.010887807538402253,True
637,0.9682539682539681,0.14285714285714285,0.0010577448622418792,0.02104924453787263,-0.010866820047436635,True
638,0.9841269841269841,0.14285714285714285,0.00032688962793987373,0.013002205784585405,-0.010848116818427945,True
639,1.0,0.14285714285714285,-1.5355674751163155e-08,1.387304215079462e-06,-0.010828280809633434,True
640,0.0,0.15873015873015872,-3.4497351560682773e-07,4.74151802559125e-06,0.001332553341037159,True
641,0.015873015873015872,0.15873015873015872,-0.0006078802892716956,-0.009448428874113233,0.0012845616705320854,True
642,0.031746031746031744,0.15873015873015872,-0.003046158185788403,-0.00943788102495713,0.001183418984281628,True
643,0.047619047619047616,0.15873015873015872,-0.007913887540528108,-0.0025122532899299293,0.0010338736736754375,True
644,0.06349206349206349,0.15873015873015872,-0.015440536012821816,0.008872527208451232,0.0008506222272464983,True
645,0.07936507936507936,0.15873015873015872,-0.025761117924039977,0.02288944461424683,0.000649804211385281,True
646,0.09523809523809523,0.15873015873015872,-0.03906965681777163,0.03845793936477721,0.000430800375990863,True
647,0.1111111111111111,0.15873015873015872,-0.05538373787495423,0.054995324809138685,0.0001797236194510865,True
648,0.12698412698412698,0.15873015873015872,-0.07513521044996975,0.07277314201271406,-0.00014875353978391866,True
649,0.14285714285714285,0.15873015873015872,-0.09811500613143703,0.0914874710729403,-0.0006023769520149555,True
650,0.15873015873015872,0.15873015873015872,-0.12394987939196746,0.11069618366626122,-0.0012498954137538099,True
651,0.1746031746031746,0.15873015873015872,-0.15199336536573285,0.1296548996144819,-0.002168381247084424,True
652,0.19047619047619047,0.15873015873015872,-0.18103436044997834,0.14712922843577433,-0.0034104099854495554,True
653,0.20634920634920634,0.15873015873015872,-0.21008322462985754,0.16219675743251574,-0.005026835755787219,True
654,0.2222222222222222,0.15873015873015872,-0.2380002173826071,0.1739685749379544,-0.007025360375288335,True
655,0.23809523809523808,0.15873015873015872,-0.26394879680336647,0.18195827555564256,-0.009405741975256081,True
656,0.25396825396825395,0.15873015873015872,-0.2874706484939183,0.18612311023847974,-0.012087538279828374,True
657,0.2698412698412698,0.15873015873015872,-0.30803693275476,0.18644123445284247,-0.015030904103955158,True
658,0.2857142857142857,0.15873015873015872,-0.32567118540099493,0.18334542905778958,-0.018135481727866252,True
659,0.30158730158730157,0.15873015873015872,-0.34013423515868374,0.17709695884459045,-0.021330010286291997,True
660,0.31746031746031744,0.15873015873015872,-0.3519764350531482,0.16842979467343913,-0.024500010838132573,True
661,0.3333333333333333,0.15873015873015872,-0.36149472148029815,0.15780088708338627,-0.027583849062372198,True
662,0.3492063492063492,0.15873015873015872,-0.36882831394434457,0.14552370903383724,-0.03052887192369262,True
663,0.36507936507936506,0.15873015873015872,-0.37484346384779155,0.13228477804054997,-0.03326116332919159,True
664,0.38095238095238093,0.15873015873015872,-0.37918015913987435,0.11803703862007306,-0.03575345685589562,True
665,0.3968253968253968,0.15873015873015872,-0.38220125857982895,0.10311227265075544,-0.03795988768173193,True
666,0.4126984126984127,0.15873015873015872,-0.38438614370090124,0.08778390152374535,-0.03987337123074824,True
667,0.42857142857142855,0.15873015873015872,-0.38580367876942684,0.0721331678082272,-0.041464366850492866,True
668,0.4444444444444444,0.15873015873015872,-0.38669373524522754,0.05625611863860373,-0.04273433099604076,True
669,0.4603174603174603,0.15873015873015872,-0.387249030498592,0.04021463035946322,-0.04367570165095127,True
670,0.47619047619047616,0.15873015873015872,-0.3875154553102511,0.02399951157239384,-0.044277500021317806,True
671,0.49206349206349204,0.15873015873015872,-0.3878137603389514,0.007642166603804383,-0.044561352100804044,True
672,0.5079365079365079,0.15873015873015872,-0.38798670777454153,-0.008930701260549484,-0.04451599043072919,True
673,0.5238095238095237,0.15873015873015872,-0.38827632469911444,-0.02574040730410128,-0.0441619592491687,True
674,0.5396825396825397,0.15873015873015872,-0.388677870648327,-0.04282824234847526,-0.04351097019175553,True
675,0.5555555555555556,0.15873015873015872,-0.389222456111971,-0.06024343126192378,-0.04256870660240665,True
676,0.5714285714285714,0.15873015873015872,-0.3898975577280372,-0.07800840805701914,-0.041354042161907856,True
677,0.5873015873015872,0.15873015873015872,-0.39074441459261927,-0.09614573409556809,-0.039886827557622476,True
678,0.6031746031746031,0.15873015873015872,-0.3914683916785831,-0.1146097604848722,-0.03815990718556631,True
679,0.6190476190476191,0.15873015873015872,-0.3918653075499119,-0.1332860035595732,-0.03620221419461146,True
680,0.6349206349206349,0.15873015873015872,-0.3916580908916988,-0.15199100022230566,-0.03403003651081743,True
681,0.6507936507936507,0.15873015873015872,-0.38998017586645367,-0.1702350175576568,-0.03166997737391,True
682,0.6666666666666666,0.15873015873015872,-0.3867665224300729,-0.18769518969853807,-0.029163550889810624,True
683,0.6825396825396826,0.15873015873015872,-0.38099624179160424,-0.20357824077009873,-0.026570193353790517,True
684,0.6984126984126984,0.15873015873015872,-0.37193489213143,-0.21708091551137557,-0.023938020168793712,True
685,0.7142857142857142,0.15873015873015872,-0.3572332777740095,-0.22626201670919985,-0.021330537456707634,True
686,0.7301587301587301,0.15873015873015872,-0.33621463373391514,-0.22974204364292422,-0.01882415281651909,True
687,0.746031746031746,0.15873015873015872,-0.3080076850706545,-0.22585751400505039,-0.016578213788596145,True
688,0.7619047619047619,0.15873015873015872,-0.2730332282405392,-0.21371999534052366,-0.014709245563666928,True
689,0.7777777777777777,0.15873015873015872,-0.23332880875442372,-0.19399605343406623,-0.013216377222531708,True
690,0.7936507936507936,0.15873015873015872,-0.19093560240827212,-0.16745508595612826,-0.012183167977653621,True
691,0.8095238095238095,0.15873015873015872,-0.14907768382498324,-0.13656571503019777,-0.011541360812918487,True
692,0.8253968253968254,0.15873015873015872,-0.11068860467959417,-0.10422020093782808,-0.011194457655485603,True
693,0.8412698412698412,0.15873015873015872,-0.07802658721844127,-0.07327780107390001,-0.011045903568795435,True
694,0.8571428571428571,0.15873015873015872,-0.051749591222478894,-0.04547544154315542,-0.01100350848764391,True
695,0.873015873015873,0.15873015873015872,-0.03209649162812323,-0.022267646931890882,-0.011008986934091927,True
696,0.8888888888888888,0.15873015873015872,-0.018215523280480168,-0.003931530226604728,-0.011026626388566494,True
697,0.9047619047619047,0.15873015873015872,-0.009043923684377748,0.009664785659147742,-0.011040174546013398,True
698,0.9206349206349206,0.15873015873015872,-0.0035063718604665,0.01883215990236338,-0.011045958626861568,True
699,0.9365079365079365,0.15873015873015872,-0.0006120418135419204,0.023893034169396383,-0.011046255287951938,True
700,0.9523809523809523,0.15873015873015872,0.00048030022793053726,0.024852821990670883,-0.011044151216872102,True
701,0.9682539682539681,0.15873015873015872,0.0005320941550170515,0.021551702928714313,-0.011040911544123263,True
702,0.9841269841269841,0.15873015873015872,0.00019647323678712616,0.013465529587014557,-0.011034210039999952,True
703,1.0,0.15873015873015872,-3.74540997044411e-08,2.0801529231291776e-06,-0.011022749445569253,True
704,0.0,0.1746031746031746,2.624212087989729e-07,-4.301807105090973e-06,0.0017594560424929184,True
705,0.015873015873015872,0.1746031746031746,-0.001343307376925276,-0.007420650192316989,0.0016706255589531143,True
706,0.031746031746031744,0.1746031746031746,-0.00549587215399641,-0.004873613701075909,0.0015417652897873344,True
707,0.047619047619047616,0.1746031746031746,-0.012569259862749831,0.004792043679986693,0.0013688843804978601,True
708,0.06349206349206349,0.1746031746031746,-0.022554980683633975,0.019038148742352073,0.0011567742057369396,True
709,0.07936507936507936,0.1746031746031746,-0.03551654545375822,0.03600388109782442,0.00090995418990866,True
710,0.09523809523809523,0.1746031746031746,-0.05156930056311081,0.05462832418537163,0.0006173010413866743,True
711,0.1111111111111111,0.1746031746031746,-0.07084795917770856,0.07453227671614258,0.0002456943120608419,True
712,0.12698412698412698,0.1746031746031746,-0.09335930137201572,0.09552370463305175,-0.00026029463388846374,True
713,0.14285714285714285,0.1746031746031746,-0.11879774985143254,0.11717485012444978,-0.0009737210120581431,True
714,0.15873015873015872,0.1746031746031746,-0.14642792638812807,0.13858045258785184,-0.0019644579063041677,True
715,0.1746031746031746,0.1746031746031746,-0.17521604528783485,0.15860671661807507,-0.0033211712678031502,True
716,0.19047619047619047,0.1746031746031746,-0.20399507051567609,0.1760546652973054,-0.0050866850538414995,True
717,0.20634920634920634,0.1746031746031746,-0.23163888448846054,0.1899519768295193,-0.007279821387200331,True
718,0.2222222222222222,0.1746031746031746,-0.25727763378732427,0.19972772313468723,-0.00989083802523502,True
719,0.23809523809523808,0.1746031746031746,-0.2802725435690509,0.20517817627089524,-0.012850996221231417,True
720,0.25396825396825395,0.1746031746031746,-0.30012966060237023,0.20631171070048018,-0.016110199817402516,True
721,0.2698412698412698,0.1746031746031746,-0.316573375194912,0.20340410349429788,-0.019566858245909393,True
722,0.2857142857142857,0.1746031746031746,-0.3301949819671554,0.19735874428692,-0.023081075007778014,True
723,0.30158730158730157,0.1746031746031746,-0.3406348946175943,0.18828820282832853,-0.026623584440104348,True
724,0.31746031746031744,0.1746031746031746,-0.34910680541948447,0.17734914607624966,-0.030055180184955014,True
725,0.3333333333333333,0.1746031746031746,-0.3555144755807928,0.16472347004802268,-0.03334233964160315,True
726,0.3492063492063492,0.1746031746031746,-0.3601067611038047,0.15080794689365776,-0.03641996488060696,True
727,0.36507936507936506,0.1746031746031746,-0.3632415604874357,0.13599695229754463,-0.03924595685869789,True
728,0.38095238095238093,0.1746031746031746,-0.36518255695360174,0.1205619328198433,-0.041790168404515486,True
729,0.3968253968253968,0.1746031746031746,-0.36634504947375224,0.1047864174544086,-0.04404133084581059,True
730,0.4126984126984127,0.1746031746031746,-0.36685813154984204,0.08877602039257876,-0.045967319315320436,True
731,0.42857142857142855,0.1746031746031746,-0.3669977041369394,0.07266591841787551,-0.04756236193764632,True
732,0.4444444444444444,0.1746031746031746,-0.3670044214022642,0.05652402793929116,-0.04884650390623432,True
733,0.4603174603174603,0.1746031746031746,-0.3669098867574081,0.04033273809405518,-0.04980694218219262,True
734,0.47619047619047616,0.1746031746031746,-0.3668148288026088,0.024085350232795042,-0.050458677313399494,True
735,0.49206349206349204,0.1746031746031746,-0.36677659493642095,0.007742756722690575,-0.050783555369427434,True
736,0.5079365079365079,0.1746031746031746,-0.36684922784048607,-0.008731808699280749,-0.05081050135762654,True
737,0.5238095238095237,0.1746031746031746,-0.3670824212882005,-0.02538806092937712,-0.05054499947408064,True
738,0.5396825396825397,0.1746031746031746,-0.367538599319203,-0.04228164129537039,-0.04998349261653693,True
739,0.5555555555555556,0.1746031746031746,-0.368245068560566,-0.059443899410406384,-0.04916783889538959,True
740,0.5714285714285714,0.1746031746031746,-0.369296015333727,-0.07695543542289654,-0.0480727034332023,True
741,0.5873015873015872,0.1746031746031746,-0.3707030537891073,-0.09486029982155761,-0.04671293516826664,True
742,0.6031746031746031,0.1746031746031746,-0.3724720022065698,-0.11321087377862171,-0.045108777325558666,True
743,0.6190476190476191,0.1746031746031746,-0.3745753695463216,-0.1319796638579323,-0.043266684386443814,True
744,0.6349206349206349,0.1746031746031746,-0.37684206770784384,-0.15117879697414174,-0.04117004499911542,True
745,0.6507936507936507,0.1746031746031746,-0.3786710752536501,-0.17054477698478573,-0.0388332374454906,True
746,0.6666666666666666,0.1746031746031746,-0.3796795486777153,-0.189755863241006,-0.03626025203599062,True
747,0.6825396825396826,0.1746031746031746,-0.37888102014279423,-0.20817366459874656,-0.03347188142701761,True
748,0.6984126984126984,0.1746031746031746,-0.37548627656114525,-0.22501528253793596,-0.030504407469657092,True
749,0.7142857142857142,0.1746031746031746,-0.36889836725097885,-0.239472399649352,-0.027449378705834568,True
750,0.7301587301587301,0.1746031746031746,-0.3572257577935274,-0.2498729913454154,-0.02435816887005719,True
751,0.746031746031746,0.1746031746031746,-0.33792448681822357,-0.2535055890313164,-0.021312305893446282,True
752,0.7619047619047619,0.1746031746031746,-0.310461557995542,-0.24874172679608797,-0.018485024803940337,True
753,0.7777777777777777,0.1746031746031746,-0.27519628967368687,-0.23449928226610742,-0.016040646219638247,True
754,0.7936507936507936,0.1746031746031746,-0.23378922865406734,-0.21088064261557288,-0.014101599846255062,True
755,0.8095238095238095,0.1746031746031746,-0.18924848065012476,-0.1795223450916395,-0.012720386222271986,True
756,0.8253968253968254,0.1746031746031746,-0.14525821780301149,-0.14348241256466607,-0.011826746406257598,True
757,0.8412698412698412,0.1746031746031746,-0.10541164584348844,-0.1064430714921682,-0.011342310020892551,True
758,0.8571428571428571,0.1746031746031746,-0.0720072040841791,-0.07168057794603815,-0.011119955978913604,True
759,0.873015873015873,0.1746031746031746,-0.04607120982272832,-0.041561226698262906,-0.011053145018575742,True
760,0.8888888888888888,0.1746031746031746,-0.02733103125240643,-0.01724530948561676,-0.011061393038164807,True
761,0.9047619047619047,0.1746031746031746,-0.014675042653221572,0.0011456319134473874,-0.011097571197761317,True
762,0.9206349206349206,0.1746031746031746,-0.006806254376850577,0.01388883703349945,-0.011138260896692308,True
763,0.9365079365079365,0.1746031746031746,-0.002392887558565679,0.021456308140912456,-0.01117502151463824,True
764,0.9523809523809523,0.1746031746031746,-0.00034954223257116187,0.024057334214389256,-0.011203957149916526,True
765,0.9682539682539681,0.1746031746031746,0.000242775529956247,0.02160267432686876,-0.011222977657441556,True
766,0.9841269841269841,0.1746031746031746,0.00014866951881028513,0.013733124753562852,-0.011229214357496273,True
767,1.0,0.1746031746031746,-8.232495162142175e-09,-6.924940337123161e-07,-0.01122233432875149,True
768,0.0,0.19047619047619047,-2.687295180812357e-07,2.0701898739104362e-05,0.0022071133356580206,True
769,0.015873015873015872,0.19047619047619047,-0.0021970828224863502,-0.003962126353853835,0.002072845354076978,True
770,0.031746031746031744,0.19047619047619047,-0.00827646445118359,0.001876732990315218,0.0019159343462672054,True
771,0.047619047619047616,0.19047619047619047,-0.017611452936411018,0.01452150963871324,0.0017181394476160534,True
772,0.06349206349206349,0.19047619047619047,-0.030048601195559885,0.03173569354801104,0.0014674181886955675,True
773,0.07936507936507936,0.19047619047619047,-0.045541701238914094,0.051759568296969406,0.0011528610390651244,True
774,0.09523809523809523,0.19047619047619047,-0.06423880288754208,0.07364822829673365,0.0007447042207468818,True
775,0.1111111111111111,0.19047619047619047,-0.08595536032464558,0.09666388460225873,0.00020355742715985676,True
776,0.12698412698412698,0.19047619047619047,-0.110659435594132,0.12060481724902836,-0.0005550333869605037,True
777,0.14285714285714285,0.19047619047619047,-0.13764757046525414,0.14450627701498703,-0.0016092566774186157,True
778,0.15873015873015872,0.19047619047619047,-0.16591754869891334,0.16714404530213223,-0.0030437883493272637,True
779,0.1746031746031746,0.19047619047619047,-0.19429541612617188,0.1872063055915054,-0.0049414752692567235,True
780,0.19047619047619047,0.19047619047619047,-0.22165500161232618,0.2035642336997561,-0.007284864672247667,True
781,0.20634920634920634,0.19047619047619047,-0.24689015337454673,0.21536667745608673,-0.010112897786429263,True
782,0.2222222222222222,0.19047619047619047,-0.26944611118379214,0.22243417794494655,-0.01332247523806356,True
783,0.23809523809523808,0.19047619047619047,-0.28874357314746285,0.22470067539703742,-0.01686186643551475,True
784,0.25396825396825395,0.19047619047619047,-0.30441378245905715,0.22238604858566238,-0.02062562088466188,True
785,0.2698412698412698,0.19047619047619047,-0.3169903667003396,0.21643876212237892,-0.024480142133864496,True
786,0.2857142857142857,0.19047619047619047,-0.3267131464762601,0.2074507333143851,-0.0283355675117182,True
787,0.30158730158730157,0.19047619047619047,-0.334220786898698,0.19624094824285232,-0.03210896660240908,True
788,0.31746031746031744,0.19047619047619047,-0.3396323089630206,0.18320684417769384,-0.035718107981762816,True
789,0.3333333333333333,0.19047619047619047,-0.34323178757199113,0.16880273447476837,-0.039112133913880354,True
790,0.3492063492063492,0.19047619047619047,-0.34536397524299484,0.15345230425250211,-0.04224501123167324,True
791,0.36507936507936506,0.19047619047619047,-0.34642348354623775,0.1375261921406122,-0.045094126393004835,True
792,0.38095238095238093,0.19047619047619047,-0.3467948534529112,0.12132494759068647,-0.047625240632982624,True
793,0.3968253968253968,0.19047619047619047,-0.34679230265801886,0.10504274381640794,-0.04985022130571741,True
794,0.4126984126984127,0.19047619047619047,-0.34659692145998283,0.08876751032845498,-0.05174969729245287,True
795,0.42857142857142855,0.19047619047619047,-0.3463387538914615,0.0725376127657691,-0.05334045518794831,True
796,0.4444444444444444,0.19047619047619047,-0.3460859997794234,0.0563481792080739,-0.05461424375432573,True
797,0.4603174603174603,0.19047619047619047,-0.3458669261666572,0.04017307643724539,-0.055577336247596615,True
798,0.47619047619047616,0.19047619047619047,-0.3457253670295598,0.023980667530768426,-0.05624060332850158,True
799,0.49206349206349204,0.19047619047619047,-0.34568069503485566,0.007741941646401978,-0.05660465895462009,True
800,0.5079365079365079,0.19047619047619047,-0.3457222916969751,-0.008602030383376497,-0.05668523286045767,True
801,0.5238095238095237,0.19047619047619047,-0.34591938945542827,-0.025079301817566745,-0.05648194086046566,True
802,0.5396825396825397,0.19047619047619047,-0.3463144336972439,-0.041738327229180014,-0.0560018636543685,True
803,0.5555555555555556,0.19047619047619047,-0.34694897831659766,-0.05862174701463002,-0.05525731260847543,True
804,0.5714285714285714,0.19047619047619047,-0.34785280080358244,-0.07577112055689056,-0.05427028217541218,True
805,0.5873015873015872,0.19047619047619047,-0.34915515184322377,-0.09326224125860309,-0.05302968343846017,True
806,0.6031746031746031,0.19047619047619047,-0.3509238019121479,-0.11114514381147589,-0.05154331291752736,True
807,0.6190476190476191,0.19047619047619047,-0.3532494667534166,-0.12952904134004886,-0.0497990748944475,True
808,0.6349206349206349,0.19047619047619047,-0.35609241533436786,-0.14838559994905984,-0.047835357765017135,True
809,0.6507936507936507,0.19047619047619047,-0.35941212434983516,-0.16783225576442723,-0.04559099348940448,True
810,0.6666666666666666,0.19047619047619047,-0.3629763363978454,-0.18773522872403675,-0.043090141267802536,True
811,0.6825396825396826,0.19047619047619047,-0.36603886440437594,-0.2077456368651181,-0.04030834386707901,True
812,0.6984126984126984,0.19047619047619047,-0.3675301839492097,-0.2271551110498758,-0.03724739912419201,True
813,0.7142857142857142,0.19047619047619047,-0.3666431730329648,-0.24518397987893242,-0.0339253262916632,True
814,0.7301587301587301,0.19047619047619047,-0.3619421055496736,-0.26046823288830406,-0.030419998640017747,True
815,0.746031746031746,0.19047619047619047,-0.352213950399887,-0.27155500173601893,-0.026859622771529066,True
816,0.7619047619047619,0.19047619047619047,-0.3349574164798103,-0.2757141429991271,-0.02327319828005979,True
817,0.7777777777777777,0.19047619047619047,-0.3079908719820362,-0.26974853554198364,-0.019912849317228146,True
818,0.7936507936507936,0.19047619047619047,-0.27226442439415194,-0.25293276267768966,-0.016961043998624456,True
819,0.8095238095238095,0.19047619047619047,-0.22922160060479527,-0.22492302546556356,-0.014630477143125457,True
820,0.8253968253968254,0.19047619047619047,-0.18285753915844588,-0.18838281569845333,-0.012955426851671545,True
821,0.8412698412698412,0.19047619047619047,-0.13730263402961618,-0.14688877476851345,-0.011934535003912259,True
822,0.8571428571428571,0.19047619047619047,-0.09659612693299538,-0.10511079774534923,-0.011383091143548013,True
823,0.873015873015873,0.19047619047619047,-0.06347746098442203,-0.06713811730230677,-0.011163554494640751,True
824,0.8888888888888888,0.19047619047619047,-0.038571999479562934,-0.035294831902073005,-0.0111219850953778,True
825,0.9047619047619047,0.19047619047619047,-0.021375364981017435,-0.010704126329260655,-0.011165747679998126,True
826,0.9206349206349206,0.19047619047619047,-0.01045153458873713,0.006731104550740289,-0.011237901880719093,True
827,0.9365079365079365,0.19047619047619047,-0.0040720397427519315,0.017755731536160307,-0.011313760860592204,True
828,0.9523809523809523,0.19047619047619047,-0.0009915813414406085,0.022482582044702607,-0.011375771191778863,True
829,0.9682539682539681,0.19047619047619047,0.00011836033262914549,0.02133103275703859,-0.011419906244021914,True
830,0.9841269841269841,0.19047619047619047,0.00016328593193488207,0.013941003784566959,-0.01143944510900183,True
831,1.0,0.19047619047619047,-1.2950380668684745e-07,-2.614049074263108e-06,-0.01143437135691617,True
832,0.0,0.20634920634920634,3.248738881406621e-07,-1.786489867392305e-05,0.0026350836702688663,True
833,0.015873015873015872,0.20634920634920634,-0.003124714004481011,0.0010478190337519938,0.0024522618749610804,True
834,0.031746031746031744,0.20634920634920634,-0.011132726837641877,0.0106607293605986,0.002268808754350372,True
835,0.047619047619047616,0.20634920634920634,-0.022782084710423554,0.02658038241394521,0.002040979435401374,True
836,0.06349206349206349,0.20634920634920634,-0.03757873003604207,0.046903542486349446,0.0017348987585466232,True
837,0.07936507936507936,0.20634920634920634,-0.05539508490165105,0.06999300608329531,0.0013246843448220026,True
838,0.09523809523809523,0.20634920634920634,-0.07624637771181401,0.09488240863506811,0.0007641283189751737,True
839,0.1111111111111111,0.20634920634920634,-0.09997172108603004,0.12089941956483456,-1.742473301335644e-05,True
840,0.12698412698412698,0.20634920634920634,-0.1260614231890732,0.14717315693576813,-0.0011055395157031228,True
841,0.14285714285714285,0.20634920634920634,-0.15361094866875968,0.17246291585860155,-0.002599042018114598,True
842,0.15873015873015872,0.20634920634920634,-0.18149648461436046,0.1953216681350868,-0.0045601572328110174,True
843,0.1746031746031746,0.20634920634920634,-0.2084991330544536,0.2144074911899407,-0.007024794179578876,True
844,0.19047619047619047,0.20634920634920634,-0.23347699841801786,0.22868644105678299,-0.010014362981705832,True
845,0.20634920634920634,0.20634920634920634,-0.2557861348050176,0.23781735668920426,-0.013435679850543641,True
846,0.2222222222222222,0.20634920634920634,-0.27458235902235295,0.24146306445457677,-0.017237884532322435,True
847,0.23809523809523808,0.20634920634920634,-0.2897827409303776,0.24011266339103843,-0.021279673593220916,True
848,0.25396825396825395,0.20634920634920634,-0.30173911702274725,0.23463519418371864,-0.025435695426155615,True
849,0.2698412698412698,0.20634920634920634,-0.3108737177333423,0.22584424623265578,-0.02960637465963961,True
850,0.2857142857142857,0.20634920634920634,-0.3178750395007048,0.21469121468378985,-0.03368276588529662,True
851,0.30158730158730157,0.20634920634920634,-0.32239115296083337,0.20123799785765742,-0.03760693517415671,True
852,0.31746031746031744,0.20634920634920634,-0.32520605497001814,0.18638984983382967,-0.04130000289440228,True
853,0.3333333333333333,0.20634920634920634,-0.3266099536208217,0.17055674249597752,-0.04472089587231846,True
854,0.3492063492063492,0.20634920634920634,-0.32715121578228884,0.1542439530588844,-0.04784497695334731,True
855,0.36507936507936506,0.20634920634920634,-0.3271293914466412,0.1377181855658407,-0.050658248023031906,True
856,0.38095238095238093,0.20634920634920634,-0.32691689468598933,0.12122204148164938,-0.05315622927503879,True
857,0.3968253968253968,0.20634920634920634,-0.32664991835014323,0.10481555196624866,-0.055326330435760816,True
858,0.4126984126984127,0.20634920634920634,-0.32639261602839015,0.08851522399232775,-0.05720232782238512,True
859,0.42857142857142855,0.20634920634920634,-0.3262024222980369,0.07231289691351936,-0.058768511414853376,True
860,0.4444444444444444,0.20634920634920634,-0.3260992573994243,0.05617812909490623,-0.060022622023671895,True
861,0.4603174603174603,0.20634920634920634,-0.3260450701238066,0.040068606616722596,-0.06099448742857015,True
862,0.47619047619047616,0.20634920634920634,-0.32608891995178513,0.0239568998134929,-0.06167027106081044,True
863,0.49206349206349204,0.20634920634920634,-0.3261575168936226,0.0077908379336220504,-0.062062106428595956,True
864,0.5079365079365079,0.20634920634920634,-0.32633387595057384,-0.00844684747852217,-0.0621725086913809,True
865,0.5238095238095237,0.20634920634920634,-0.3265568067719579,-0.024800875791146936,-0.06201916175318228,True
866,0.5396825396825397,0.20634920634920634,-0.3268896310687457,-0.04129115938268649,-0.061603272374541385,True
867,0.5555555555555556,0.20634920634920634,-0.32739384575364266,-0.05795520900495762,-0.06092341718263416,True
868,0.5714285714285714,0.20634920634920634,-0.3280889218122288,-0.07481932006154367,-0.06000231980625092,True
869,0.5873015873015872,0.20634920634920634,-0.3290554326773523,-0.09192694403782163,-0.058842411198537184,True
870,0.6031746031746031,0.20634920634920634,-0.3303854035373857,-0.1093360468877461,-0.05744986217804432,True
871,0.6190476190476191,0.20634920634920634,-0.3321914045387706,-0.12709933055510828,-0.055818834138473626,True
872,0.6349206349206349,0.20634920634920634,-0.3346889786615745,-0.14540379338005463,-0.053933787293123175,True
873,0.6507936507936507,0.20634920634920634,-0.33779291277742557,-0.16421532085878654,-0.051815390654689056,True
874,0.6666666666666666,0.20634920634920634,-0.34166355454116354,-0.18373381439190897,-0.04942292868494593,True
875,0.6825396825396826,0.20634920634920634,-0.34612497374127693,-0.20394874077143313,-0.0467353000544642,True
876,0.6984126984126984,0.20634920634920634,-0.35059507996850064,-0.22459935666253553,-0.04373006605278366,True
877,0.7142857142857142,0.20634920634920634,-0.3543175234699883,-0.24518127162728376,-0.04040600019963924,True
878,0.7301587301587301,0.20634920634920634,-0.3553159611181842,-0.2642891232814754,-0.03674427171152909,True
879,0.746031746031746,0.20634920634920634,-0.3523146157158734,-0.28048841748575065,-0.03280531112305414,True
880,0.7619047619047619,0.20634920634920634,-0.3440844674192628,-0.29219440492058574,-0.02875692959656075,True
881,0.7777777777777777,0.20634920634920634,-0.32825714481090496,-0.29655127484162624,-0.024681139530374055,True
882,0.7936507936507936,0.20634920634920634,-0.301607059150296,-0.2892117704612169,-0.020793299874083557,True
883,0.8095238095238095,0.20634920634920634,-0.26483014283022116,-0.2688676711078985,-0.017422355403111812,True
884,0.8253968253968254,0.20634920634920634,-0.22015303737168854,-0.2357837543646221,-0.0147902809787418,True
885,0.8412698412698412,0.20634920634920634,-0.17195613382315886,-0.19307540606893728,-0.012988567232591994,True
886,0.8571428571428571,0.20634920634920634,-0.12544989721016608,-0.14593329153438658,-0.01192749823262081,True
887,0.873015873015873,0.20634920634920634,-0.08489862985942656,-0.09979959648720012,-0.011414119005372425,True
888,0.8888888888888888,0.20634920634920634,-0.052926156152550884,-0.05923374847923863,-0.011251639737678409,True
889,0.9047619047619047,0.20634920634920634,-0.030025273797605483,-0.026810452024580864,-0.011271255099026593,True
890,0.9206349206349206,0.20634920634920634,-0.01502316656616236,-0.003073371481390386,-0.011365198267335959,True
891,0.9365079365079365,0.20634920634920634,-0.006192664964733797,0.012328981416093334,-0.011475068124411326,True
892,0.9523809523809523,0.20634920634920634,-0.0016748655140046706,0.020174492082369874,-0.01157263589341053,True
893,0.9682539682539681,0.20634920634920634,2.4463583898321728e-05,0.020777074253662136,-0.01164238773596553,True
894,0.9841269841269841,0.20634920634920634,0.00019964990839324822,0.014140356452819282,-0.01167593477589661,True
895,1.0,0.20634920634920634,-3.009194039238656e-09,-1.0712923319149701e-06,-0.011671577219135629,True
896,0.0,0.2222222222222222,1.758591697316588e-06,-5.433967389518685e-05,0.0029891884087674004,True
897,0.015873015873015872,0.2222222222222222,-0.004084471931416861,0.007704824392992116,0.0027570704704484826,True
898,0.031746031746031744,0.2222222222222222,-0.01402122778252076,0.021684087346491087,0.0025460726150506106,True
899,0.047619047619047616,0.2222222222222222,-0.02782825858543108,0.040940444252424074,0.0022791238078043287,True
900,0.06349206349206349,0.2222222222222222,-0.04472210314592004,0.06425086300868524,0.0019003591327627063,True
901,0.07936507936507936,0.2222222222222222,-0.06452968592819552,0.09034289267084195,0.0013567988399982881,True
902,0.09523809523809523,0.2222222222222222,-0.08711407867736078,0.1180468982781633,0.00059263522588511,True
903,0.1111111111111111,0.2222222222222222,-0.11211199845293301,0.14646384505545754,-0.00048740454662526836,True
904,0.12698412698412698,0.2222222222222222,-0.13877798172880987,0.17433145472478614,-0.0019783544077156103,True
905,0.14285714285714285,0.2222222222222222,-0.16601911142536885,0.20007707479918152,-0.003963962611211924,True
906,0.15873015873015872,0.2222222222222222,-0.19259573781504788,0.22213372262253783,-0.006504584870412601,True
907,0.1746031746031746,0.2222222222222222,-0.2173845153141582,0.23928838569135466,-0.009604680298421,True
908,0.19047619047619047,0.2222222222222222,-0.23940418065292127,0.2507458910337798,-0.013208213308736871,True
909,0.20634920634920634,0.2222222222222222,-0.25822271904168215,0.2564990748612458,-0.01719993654202252,True
910,0.2222222222222222,0.2222222222222222,-0.273214057182008,0.2565063188634452,-0.021489478369326288,True
911,0.23809523809523808,0.2222222222222222,-0.2849408981126131,0.25192752874158114,-0.02591934527845356,True
912,0.25396825396825395,0.2222222222222222,-0.29381238035818374,0.2436489544411106,-0.030381261231115717,True
913,0.2698412698412698,0.2222222222222222,-0.3003007975360378,0.23253517196535284,-0.03476282134799589,True
914,0.2857142857142857,0.2222222222222222,-0.3044024963279876,0.21896791921259387,-0.03898121276145012,True
915,0.30158730158730157,0.2222222222222222,-0.30671612190457564,0.20377981943999474,-0.04296620595556569,True
916,0.31746031746031744,0.2222222222222222,-0.3077455855185046,0.18759801292702225,-0.04666182238784105,True
917,0.3333333333333333,0.2222222222222222,-0.30800966050121975,0.1709587569065183,-0.05005983795203851,True
918,0.3492063492063492,0.2222222222222222,-0.30787144282219847,0.15419067977747045,-0.05313182407024815,True
919,0.36507936507936506,0.2222222222222222,-0.3076466795796454,0.13751615877683818,-0.05588964793576532,True
920,0.38095238095238093,0.2222222222222222,-0.3074777882309505,0.12100579346991175,-0.058332056102976745,True
921,0.3968253968253968,0.2222222222222222,-0.30737744963889096,0.10464894655420226,-0.06047654762604233,True
922,0.4126984126984127,0.2222222222222222,-0.30740924047094204,0.08843638883017167,-0.06231276577812083,True
923,0.42857142857142855,0.2222222222222222,-0.3075369935146179,0.07231939555580097,-0.06385635349572918,True
924,0.4444444444444444,0.2222222222222222,-0.3077146902284805,0.056250385825395016,-0.0651165859901892,True
925,0.4603174603174603,0.2222222222222222,-0.3079865477735405,0.040203550854823834,-0.06607993328991912,True
926,0.47619047619047616,0.2222222222222222,-0.3082610636952254,0.02412923735541968,-0.06677309900664292,True
927,0.49206349206349204,0.2222222222222222,-0.30855956951603175,0.008005586644882583,-0.06718876920520642,True
928,0.5079365079365079,0.2222222222222222,-0.3088785043660881,-0.00819416217954014,-0.06733260280528158,True
929,0.5238095238095237,0.2222222222222222,-0.30920289695385406,-0.024495352998800513,-0.06721111363966216,True
930,0.5396825396825397,0.2222222222222222,-0.30956828233159617,-0.04090487717888113,-0.06683907306512571,True
931,0.5555555555555556,0.2222222222222222,-0.3099858264337432,-0.0574486387825875,-0.06621262425896093,True
932,0.5714285714285714,0.2222222222222222,-0.31048558203241355,-0.07412916713274227,-0.06534943100677923,True
933,0.5873015873015872,0.2222222222222222,-0.31114508277472713,-0.09097669702486827,-0.06424734465980933,True
934,0.6031746031746031,0.2222222222222222,-0.3120758842618995,-0.10804578086418926,-0.06290366831461974,True
935,0.6190476190476191,0.2222222222222222,-0.31329270851100477,-0.12534617277150387,-0.06134070351974311,True
936,0.6349206349206349,0.2222222222222222,-0.31497125188904523,-0.14297877865120087,-0.059544595928915804,True
937,0.6507936507936507,0.2222222222222222,-0.3173237981090903,-0.16109564682020006,-0.05750086253856737,True
938,0.6666666666666666,0.2222222222222222,-0.3204469217019335,-0.17982694497200513,-0.055205045379403184,True
939,0.6825396825396826,0.2222222222222222,-0.324435374106695,-0.19930806823790656,-0.0526328601625773,True
940,0.6984126984126984,0.2222222222222222,-0.32927498543362366,-0.21966944385357645,-0.04975138545838549,True
941,0.7142857142857142,0.2222222222222222,-0.3346708648323474,-0.24089102064082143,-0.046515756145970234,True
942,0.7301587301587301,0.2222222222222222,-0.3396580067363117,-0.26237891761141635,-0.042912894103826954,True
943,0.746031746031746,0.2222222222222222,-0.3424834741842086,-0.2827879165810494,-0.038923605290099465,True
944,0.7619047619047619,0.2222222222222222,-0.34084865802044484,-0.29992116687939946,-0.03457690153610475,True
945,0.7777777777777777,0.2222222222222222,-0.33341603796647223,-0.31188617047076694,-0.030087906920077023,True
946,0.7936507936507936,0.2222222222222222,-0.3182828686207662,-0.31592394433731125,-0.02553177215050764,True
947,0.8095238095238095,0.2222222222222222,-0.2909955358758398,-0.3060410340768564,-0.021221274076446563,True
948,0.8253968253968254,0.2222222222222222,-0.2529211300714511,-0.28132033208035434,-0.01752092696304073,True
949,0.8412698412698412,0.2222222222222222,-0.20640782743179314,-0.24201198331187235,-0.014728148444823303,True
950,0.8571428571428571,0.2222222222222222,-0.15691793148214014,-0.19270522243990426,-0.012895851108942038,True
951,0.873015873015873,0.2222222222222222,-0.11018939902611846,-0.13979593249409275,-0.01190257664471378,True
952,0.8888888888888888,0.2222222222222222,-0.0710344140570021,-0.09017595551292051,-0.011507536332170677,True
953,0.9047619047619047,0.2222222222222222,-0.04132450819621807,-0.04818007294161582,-0.011442668483310697,True
954,0.9206349206349206,0.2222222222222222,-0.021369951767585445,-0.01667354312610192,-0.01153632809243367,True
955,0.9365079365079365,0.2222222222222222,-0.009176182381885833,0.004768859122576286,-0.011675277253981464,True
956,0.9523809523809523,0.2222222222222222,-0.0027641118841557257,0.016720723377073483,-0.011806291442349313,True
957,0.9682539682539681,0.2222222222222222,-0.00020199580440127354,0.019820967024615072,-0.011902521572425174,True
958,0.9841269841269841,0.2222222222222222,0.00021131916209651878,0.014330645747963767,-0.011951978296299825,True
959,1.0,0.2222222222222222,-2.5181601730019543e-08,-5.3628219402546224e-06,-0.011949930451188332,True
960,0.0,0.23809523809523808,-7.479847685855564e-07,-1.3226835582292912e-05,0.0032063190155717214,True
961,0.015873015873015872,0.23809523809523808,-0.005014772247931689,0.015990270135909604,0.0029261972584875345,True
962,0.031746031746031744,0.23809523809523808,-0.016764639102828872,0.034761532955497526,0.0026866609663708852,True
963,0.047619047619047616,0.23809523809523808,-0.032457138246827597,0.05726645526135119,0.0023713252288649488,True
964,0.06349206349206349,0.23809523809523808,-0.05111701271409365,0.08343725664206986,0.0018977794904668326,True
965,0.07936507936507936,0.23809523809523808,-0.07248235781549976,0.11227150394588674,0.0011880494089555231,True
966,0.09523809523809523,0.23809523809523808,-0.0962444007811834,0.1424456654415035,0.0001632045358501298,True
967,0.1111111111111111,0.23809523809523808,-0.12183402488933234,0.17264082611230896,-0.0012742439143400717,True
968,0.12698412698412698,0.23809523809523808,-0.14830588161489766,0.2012567362844115,-0.003219458782222468,True
969,0.14285714285714285,0.23809523809523808,-0.17445801345685225,0.22653292553985185,-0.005746556445926571,True
970,0.15873015873015872,0.23809523809523808,-0.19908494353954892,0.24692475527573013,-0.008882035845120699,True
971,0.1746031746031746,0.23809523809523808,-0.22122613895354137,0.2614744248541635,-0.012582190888527692,True
972,0.19047619047619047,0.23809523809523808,-0.24002807673263452,0.2696084194712032,-0.016747871783371317,True
973,0.20634920634920634,0.23809523809523808,-0.25520485655597114,0.2715990333065546,-0.02124128447779246,True
974,0.2222222222222222,0.23809523809523808,-0.2668480165471124,0.26818295439142564,-0.02592838805133879,True
975,0.23809523809523808,0.23809523809523808,-0.2757350476012433,0.2607656684068926,-0.0306603153841708,True
976,0.25396825396825395,0.23809523809523808,-0.2820456641020602,0.2499903128203338,-0.03533241143191027,True
977,0.2698412698412698,0.23809523809523808,-0.2860634528827851,0.23656457624701074,-0.03983227414063815,True
978,0.2857142857142857,0.23809523809523808,-0.28812877717559043,0.22115434599630585,-0.044101910101615224,True
979,0.30158730158730157,0.23809523809523808,-0.2890258413371834,0.20473536785316687,-0.04808258858237027,True
980,0.31746031746031744,0.23809523809523808,-0.28918635534794396,0.18781448451132493,-0.05173457127259075,True
981,0.3333333333333333,0.23809523809523808,-0.2890901972126743,0.17085171752639305,-0.0550777166767193,True
982,0.3492063492063492,0.23809523809523808,-0.2889838679669251,0.15403788813996233,-0.05809028408955214,True
983,0.36507936507936506,0.23809523809523808,-0.28898101679988175,0.13743286263693003,-0.060802283468714365,True
984,0.38095238095238093,0.23809523809523808,-0.28912235529741553,0.12103526825484595,-0.06320386885085925,True
985,0.3968253968253968,0.23809523809523808,-0.2894073358954188,0.10480738636242568,-0.06531218357145444,True
986,0.4126984126984127,0.23809523809523808,-0.28980352087133293,0.08869572697759398,-0.06713150256055114,True
987,0.42857142857142855,0.23809523809523808,-0.290294383626751,0.07265755621873345,-0.0686610883538117,True
988,0.4444444444444444,0.23809523809523808,-0.2908265425800829,0.05663859619602939,-0.06991703999465666,True
989,0.4603174603174603,0.23809523809523808,-0.291350623615325,0.04060870335742246,-0.07090163197241116,True
990,0.47619047619047616,0.23809523809523808,-0.29189903985435955,0.024537654031483565,-0.07160507150516521,True
991,0.49206349206349204,0.23809523809523808,-0.2923997212511775,0.008408830263857754,-0.0720390089122226,True
992,0.5079365079365079,0.23809523809523808,-0.2928836265234216,-0.007803695166971212,-0.07221510532522402,True
993,0.5238095238095237,0.23809523809523808,-0.29334356957076696,-0.024108351772197275,-0.0721272277564453,True
994,0.5396825396825397,0.23809523809523808,-0.293762173984669,-0.04050665701474662,-0.07178608462154418,True
995,0.5555555555555556,0.23809523809523808,-0.2941894598666267,-0.05700971758201718,-0.0712023642790009,True
996,0.5714285714285714,0.23809523809523808,-0.2946398030790477,-0.07362134489482129,-0.0703668737772952,True
997,0.5873015873015872,0.23809523809523808,-0.29512891751958004,-0.09033910638144702,-0.06930585538770832,True
998,0.6031746031746031,0.23809523809523808,-0.2957275681879035,-0.1071856334578395,-0.06801087883418948,True
999,0.6190476190476191,0.23809523809523808,-0.2965226587333027,-0.12419347801139055,-0.06648476340628656,True
1000,0.6349206349206349,0.23809523809523808,-0.2975676776489921,-0.14138035558730538,-0.06472865217930013,True
1001,0.6507936507936507,0.23809523809523808,-0.299065252225411,-0.15888433699883617,-0.06274901321173236,True
1002,0.6666666666666666,0.23809523809523808,-0.30113745340435016,-0.17678880122507432,-0.06051887303676706,True
1003,0.6825396825396826,0.23809523809523808,-0.30403824985217215,-0.19534038857971311,-0.058033976885164595,True
1004,0.6984126984126984,0.23809523809523808,-0.30794226313501866,-0.21476391024397026,-0.05525667260432172,True
1005,0.7142857142857142,0.23809523809523808,-0.31292945714350845,-0.23529471322720447,-0.05215947839878525,True
1006,0.7301587301587301,0.23809523809523808,-0.31875645013413423,-0.25697094312935537,-0.04868620069409738,True
1007,0.746031746031746,0.23809523809523808,-0.32459499655651186,-0.27933120692827695,-0.044798211811661146,True
1008,0.7619047619047619,0.23809523809523808,-0.3283977027083228,-0.3007521948732118,-0.040462486940959774,True
1009,0.7777777777777777,0.23809523809523808,-0.3280804221064407,-0.319046797747209,-0.03574410309187078,True
1010,0.7936507936507936,0.23809523809523808,-0.3213577128975919,-0.3313423855799767,-0.03078654665743819,True
1011,0.8095238095238095,0.23809523809523808,-0.3056993364123201,-0.33393149190328986,-0.025834363061477985,True
1012,0.8253968253968254,0.23809523809523808,-0.27728966122484655,-0.32060947534926176,-0.021169014609096846,True
1013,0.8412698412698412,0.23809523809523808,-0.23694124636293937,-0.28961488354927706,-0.017297678175480537,True
1014,0.8571428571428571,0.23809523809523808,-0.18845417408530238,-0.24273313266567142,-0.01451632267876847,True
1015,0.873015873015873,0.23809523809523808,-0.1382547615884228,-0.18632584075485809,-0.012779201341139001,True
1016,0.8888888888888888,0.23809523809523808,-0.09256207705966238,-0.12827694821454458,-0.011962857639574793,True
1017,0.9047619047619047,0.23809523809523808,-0.05608455088591939,-0.07648248600858602,-0.011723820476329333,True
1018,0.9206349206349206,0.23809523809523808,-0.029903654748352763,-0.03491726534269228,-0.011772462920050913,True
1019,0.9365079365079365,0.23809523809523808,-0.01353384592925353,-0.005848921738004095,-0.011927140359225904,True
1020,0.9523809523809523,0.23809523809523808,-0.004514718561274143,0.011702897985827819,-0.012088805171673106,True
1021,0.9682539682539681,0.23809523809523808,-0.0006849035192863565,0.01826881632153561,-0.01221384941619028,True
1022,0.9841269841269841,0.23809523809523808,0.00016025257564893796,0.014414786630864629,-0.012282305065168628,True
1023,1.0,0.23809523809523808,1.6697562314158668e-08,5.226501893550274e-06,-0.012285973726106174,True
1024,0.0,0.25396825396825395,1.0331118088363211e-07,-5.224175600091443e-06,0.0032148763186176242,True
1025,0.015873015873015872,0.25396825396825395,-0.005847634619358845,0.025752379351160842,0.0028932833865075985,True
1026,0.031746031746031744,0.25396825396825395,-0.019155046784497327,0.049591670852402826,0.00262263227178018,True
1027,0.047619047619047616,0.25396825396825395,-0.03644337708436713,0.07529462884598549,0.002246085453362813,True
1028,0.06349206349206349,0.25396825396825395,-0.05649106282834131,0.10416367042638874,0.0016481588148673713,True
1029,0.07936507936507936,0.25396825396825395,-0.07890667768175245,0.13537855984765046,0.0007366178218799656,True
1030,0.09523809523809523,0.25396825396825395,-0.10324845808171033,0.167437849080348,-0.0005827165001214766,True
1031,0.1111111111111111,0.25396825396825395,-0.12873037546586086,0.19866561074924882,-0.0024275402983762835,True
1032,0.12698412698412698,0.25396825396825395,-0.1543080007671276,0.22715758505112868,-0.004869210764548572,True
1033,0.14285714285714285,0.25396825396825395,-0.17879856670012856,0.2511348481787772,-0.007952833326743425,True
1034,0.15873015873015872,0.25396825396825395,-0.20107938441284445,0.2691953670395942,-0.011664650501749897,True
1035,0.1746031746031746,0.25396825396825395,-0.22019208449458327,0.2804470406671545,-0.0159207278602018,True
1036,0.19047619047619047,0.25396825396825395,-0.23572355686169982,0.28491857954951444,-0.02056799640009739,True
1037,0.20634920634920634,0.25396825396825395,-0.24775451118702205,0.2833891005498916,-0.025455506460862875,True
1038,0.2222222222222222,0.25396825396825395,-0.25686340171518496,0.27717825120985695,-0.030434591181622908,True
1039,0.23809523809523808,0.25396825396825395,-0.26334488109341875,0.2671488628457322,-0.03537739698383001,True
1040,0.25396825396825395,0.25396825396825395,-0.26743143643746664,0.25401436123329474,-0.04016751660112119,True
1041,0.2698412698412698,0.25396825396825395,-0.26962252346369553,0.23869345665522268,-0.044721223730067775,True
1042,0.2857142857142857,0.25396825396825395,-0.27049529006197165,0.22205811137733963,-0.048973309070388785,True
1043,0.30158730158730157,0.25396825396825395,-0.27071796048627556,0.2049298531069766,-0.052897088430815295,True
1044,0.31746031746031744,0.25396825396825395,-0.27073709160904535,0.18778547608578774,-0.05650214723546172,True
1045,0.3333333333333333,0.25396825396825395,-0.27079500566643294,0.17083532627243148,-0.059780920917230466,True
1046,0.3492063492063492,0.25396825396825395,-0.2709951446713393,0.15414199401932124,-0.06275033570347789,True
1047,0.36507936507936506,0.25396825396825395,-0.27138762142528605,0.13770487023167027,-0.06540902350037746,True
1048,0.38095238095238093,0.25396825396825395,-0.27192735679381624,0.12145417542235096,-0.06778730858136967,True
1049,0.3968253968253968,0.25396825396825395,-0.27257747678712946,0.10533951950120247,-0.06987964378648548,True
1050,0.4126984126984127,0.25396825396825395,-0.27335359901972284,0.08931517438666933,-0.07168377597328152,True
1051,0.42857142857142855,0.25396825396825395,-0.2741251367067507,0.07331107901410414,-0.07322144448886263,True
1052,0.4444444444444444,0.25396825396825395,-0.2749246939157506,0.057302376448645206,-0.07448517013926607,True
1053,0.4603174603174603,0.25396825396825395,-0.2756951233370874,0.04126054203670521,-0.07546478881291434,True
1054,0.47619047619047616,0.25396825396825395,-0.2764298852899573,0.02515655243867906,-0.076197506404049,True
1055,0.49206349206349204,0.25396825396825395,-0.277110588766436,0.008985197166437642,-0.07665949542588682,True
1056,0.5079365079365079,0.25396825396825395,-0.2777456855546696,-0.007269147510715317,-0.07684515866602368,True
1057,0.5238095238095237,0.25396825396825395,-0.27832100339899335,-0.02361177893693336,-0.07679456117714137,True
1058,0.5396825396825397,0.25396825396825395,-0.278854262773176,-0.04004389484861185,-0.07648044734898497,True
1059,0.5555555555555556,0.25396825396825395,-0.2793469937934818,-0.05656214092747669,-0.07592258024806384,True
1060,0.5714285714285714,0.25396825396825395,-0.27981422676896617,-0.0731647932406983,-0.07512237699718427,True
1061,0.5873015873015872,0.25396825396825395,-0.280274375611936,-0.08984830492346159,-0.07408386601685905,True
1062,0.6031746031746031,0.25396825396825395,-0.2807509877964728,-0.10660933889773135,-0.07281526254295781,True
1063,0.6190476190476191,0.25396825396825395,-0.28130469814329784,-0.12346080815746904,-0.07130867076032221,True
1064,0.6349206349206349,0.25396825396825395,-0.2819516452692345,-0.14040267592605057,-0.06959001822881954,True
1065,0.6507936507936507,0.25396825396825395,-0.2828480042450736,-0.1575055983447805,-0.06763077565311987,True
1066,0.6666666666666666,0.25396825396825395,-0.28409548807487434,-0.17484391298122695,-0.06544178963171447,True
1067,0.6825396825396826,0.25396825396825395,-0.2859062514931735,-0.19258476373306113,-0.06300838758677038,True
1068,0.6984126984126984,0.25396825396825395,-0.28852564725798246,-0.21097226979933142,-0.06031161091853883,True
1069,0.7142857142857142,0.25396825396825395,-0.2921988096308701,-0.23031358716827788,-0.05731918729137667,True
1070,0.7301587301587301,0.25396825396825395,-0.2971886811317293,-0.2510478377203882,-0.05398394793340613,True
1071,0.746031746031746,0.25396825396825395,-0.30322516075893663,-0.27321258756037453,-0.050258037688388234,True
1072,0.7619047619047619,0.25396825396825395,-0.3096045522036709,-0.29648730190056516,-0.04607855301930525,True
1073,0.7777777777777777,0.25396825396825395,-0.314440102057204,-0.3192861073485079,-0.041419301514029255,True
1074,0.7936507936507936,0.25396825396825395,-0.3143234575058496,-0.3380383131873598,-0.03631316822535292,True
1075,0.8095238095238095,0.25396825396825395,-0.307128284922065,-0.3496326287557664,-0.03097020642866132,True
1076,0.8253968253968254,0.25396825396825395,-0.29046219519058913,-0.349958180733414,-0.025644133906592894,True
1077,0.8412698412698412,0.25396825396825395,-0.25983229573732736,-0.3312764651523215,-0.020741169427953905,True
1078,0.8571428571428571,0.25396825396825395,-0.21683537162613925,-0.2923108874809149,-0.016837555465123718,True
1079,0.873015873015873,0.25396825396825395,-0.1666837392746553,-0.23680042203374893,-0.014184167253715557,True
1080,0.8888888888888888,0.25396825396825395,-0.11663614375802585,-0.17305609562616775,-0.012729603791285217,True
1081,0.9047619047619047,0.25396825396825395,-0.07344498412161499,-0.11112073958647542,-0.012161811781051099,True
1082,0.9206349206349206,0.25396825396825395,-0.040825037158139836,-0.05873137764859481,-0.012094761194537014,True
1083,0.9365079365079365,0.25396825396825395,-0.019316767217617766,-0.019967012248695442,-0.012241793409199817,True
1084,0.9523809523809523,0.25396825396825395,-0.007085256773589984,0.0046023141596598545,-0.012431941498041554,True
1085,0.9682539682539681,0.25396825396825395,-0.0015324436552133097,0.015724934104441673,-0.012588592061326039,True
1086,0.9841269841269841,0.25396825396825395,2.513662112682598e-05,0.014264056780772789,-0.012680330245901735,True
1087,1.0,0.25396825396825395,-1.2111623295677039e-09,6.24076088870365e-07,-0.012695206693160085,True
1088,0.0,0.2698412698412698,-2.3720388225711923e-06,6.545912698295907e-05,0.0029534853714974817,True
1089,0.015873015873015872,0.2698412698412698,-0.006536000825451955,0.03679119013925085,0.002593221702688015,True
1090,0.031746031746031744,0.2698412698412698,-0.02108467477050903,0.06589861007271476,0.002290170370959685,True
1091,0.047619047619047616,0.2698412698412698,-0.03957754067366274,0.09463269447944798,0.001838148751890866,True
1092,0.06349206349206349,0.2698412698412698,-0.06056642707846661,0.12587944066770188,0.0010957208262125798,True
1093,0.07936507936507936,0.2698412698412698,-0.08352646949298882,0.1590516626169629,-4.647626637089148e-05,True
1094,0.09523809523809523,0.2698412698412698,-0.1078784009818478,0.19241592171685018,-0.0016948319950992538,True
1095,0.1111111111111111,0.2698412698412698,-0.1326918385768986,0.22393615028260622,-0.00396385555489034,True
1096,0.12698412698412698,0.2698412698412698,-0.1569079714708475,0.251599162971577,-0.00690209891871154,True
1097,0.14285714285714285,0.2698412698412698,-0.17925443544801614,0.27350162053985344,-0.01054233237460272,True
1098,0.15873015873015872,0.2698412698412698,-0.1987573482549344,0.2884174796045419,-0.014799001712290347,True
1099,0.1746031746031746,0.2698412698412698,-0.21503451461864376,0.2962808638907672,-0.019508049740528558,True
1100,0.19047619047619047,0.2698412698412698,-0.22769036151083424,0.2972527321760113,-0.02454282715411325,True
1101,0.20634920634920634,0.2698412698412698,-0.23723598083922776,0.2927100297308359,-0.02973359010776649,True
1102,0.2222222222222222,0.2698412698412698,-0.24416091948840907,0.28386777430856946,-0.034917469893600624,True
1103,0.23809523809523808,0.2698412698412698,-0.2486056937084215,0.2713981030260286,-0.03998168373421331,True
1104,0.25396825396825395,0.2698412698412698,-0.2510636164381166,0.25631440369374847,-0.0448152750129302,True
1105,0.2698412698412698,0.2698412698412698,-0.25213609678480964,0.23964676252724126,-0.049349230368866716,True
1106,0.2857142857142857,0.2698412698412698,-0.2525295129683196,0.22236075647597603,-0.0535476947227963,True
1107,0.30158730158730157,0.2698412698412698,-0.2527035484705736,0.20503563198660205,-0.05742532038460489,True
1108,0.31746031746031744,0.2698412698412698,-0.2529449054712444,0.1879406613743194,-0.06096508830751316,True
1109,0.3333333333333333,0.2698412698412698,-0.2533347975723472,0.1711385419565568,-0.06419816562753788,True
1110,0.3492063492063492,0.2698412698412698,-0.2539625329899285,0.15464872926173096,-0.06711745061588117,True
1111,0.36507936507936506,0.2698412698412698,-0.25470477573265615,0.13835536268759505,-0.06976365954551983,True
1112,0.38095238095238093,0.2698412698412698,-0.255614403731454,0.12223864282487101,-0.07211925917123989,True
1113,0.3968253968253968,0.2698412698412698,-0.2565914468550833,0.10621046887104378,-0.07419053014823485,True
1114,0.4126984126984127,0.2698412698412698,-0.2576058154483287,0.09021352518620028,-0.07600374785515818,True
1115,0.42857142857142855,0.2698412698412698,-0.2586126298358246,0.07421200825141598,-0.0775430750465397,True
1116,0.4444444444444444,0.2698412698412698,-0.25958966770906183,0.058178731313319514,-0.07881089410982062,True
1117,0.4603174603174603,0.2698412698412698,-0.2605224703782242,0.042088514368396494,-0.07981912272403487,True
1118,0.47619047619047616,0.2698412698412698,-0.2613968233092091,0.02593418545382645,-0.08055327550261562,True
1119,0.49206349206349204,0.2698412698412698,-0.2622103074141905,0.009704346498067347,-0.0810354903082562,True
1120,0.5079365079365079,0.2698412698412698,-0.2629592637979365,-0.006604144531638364,-0.08126076244723637,True
1121,0.5238095238095237,0.2698412698412698,-0.26365501565305344,-0.023001671059050332,-0.08122251448056879,True
1122,0.5396825396825397,0.2698412698412698,-0.2643001428448682,-0.039482826803848875,-0.08093432119912769,True
1123,0.5555555555555556,0.2698412698412698,-0.2648876233210916,-0.05603896367925162,-0.08040235073136404,True
1124,0.5714285714285714,0.2698412698412698,-0.2654458020646268,-0.0726747245435976,-0.07962444301905441,True
1125,0.5873015873015872,0.2698412698412698,-0.2659562054449209,-0.08937199423223288,-0.07860772876640147,True
1126,0.6031746031746031,0.2698412698412698,-0.2664480964733801,-0.10612787959728137,-0.0773565277545835,True
1127,0.6190476190476191,0.2698412698412698,-0.26692626217170423,-0.12293163727837006,-0.07587555101750157,True
1128,0.6349206349206349,0.2698412698412698,-0.26742958969710795,-0.139780846472729,-0.07415577462890474,True
1129,0.6507936507936507,0.2698412698412698,-0.268002764341669,-0.15668879877229838,-0.0722175835459342,True
1130,0.6666666666666666,0.2698412698412698,-0.26873542226892505,-0.17369686956620636,-0.07004627787865292,True
1131,0.6825396825396826,0.2698412698412698,-0.2697544299184634,-0.19089478891795567,-0.06764260217437545,True
1132,0.6984126984126984,0.2698412698412698,-0.2713296110320312,-0.20850264028374102,-0.06498465568189682,True
1133,0.7142857142857142,0.2698412698412698,-0.27367342808176687,-0.22676831399756592,-0.06206536703020929,True
1134,0.7301587301587301,0.2698412698412698,-0.2771004566538854,-0.24609610465764278,-0.0588483979733164,True
1135,0.746031746031746,0.2698412698412698,-0.28199338823255965,-0.26706936822345434,-0.05526762322771752,True
1136,0.7619047619047619,0.2698412698412698,-0.28819877976643976,-0.2899052860837097,-0.05126967632227658,True
1137,0.7777777777777777,0.2698412698412698,-0.2949770649458996,-0.31425028486903483,-0.046793438436542836,True
1138,0.7936507936507936,0.2698412698412698,-0.2999484231894723,-0.33792024602718157,-0.04178595263420921,True
1139,0.8095238095238095,0.2698412698412698,-0.29969175984914215,-0.3568932052165037,-0.03630332946072394,True
1140,0.8253968253968254,0.2698412698412698,-0.2919987197511226,-0.36776694771474144,-0.030603258371655794,True
1141,0.8412698412698412,0.2698412698412698,-0.2726960728140726,-0.363439686057185,-0.024982108934673265,True
1142,0.8571428571428571,0.2698412698412698,-0.23857070324647509,-0.33662292508719793,-0.02002741391008615,True
1143,0.873015873015873,0.2698412698412698,-0.19286729682550643,-0.28794407533640776,-0.016252523774544825,True
1144,0.8888888888888888,0.2698412698412698,-0.14157328386523385,-0.22274773801516579,-0.013952704754230275,True
1145,0.9047619047619047,0.2698412698412698,-0.0930394359849759,-0.1523596840589997,-0.012833730183578263,True
1146,0.9206349206349206,0.2698412698412698,-0.054106982495218565,-0.08887001848997932,-0.012545806847762724,True
1147,0.9365079365079365,0.2698412698412698,-0.026841646503886398,-0.038829566992307926,-0.012638511751606045,True
1148,0.9523809523809523,0.2698412698412698,-0.010632928439934868,-0.005388124236886607,-0.01284701204905914,True
1149,0.9682539682539681,0.2698412698412698,-0.0027768119152236123,0.011822539912867887,-0.013039590625086169,True
1150,0.9841269841269841,0.2698412698412698,-0.00019720281932169434,0.013694575979230105,-0.013161743978850629,True
1151,1.0,0.2698412698412698,-1.1909752216724178e-07,-2.566884702525798e-06,-0.013192899541418722,True
1152,0.0,0.2857142857142857,5.1992581786620005e-09,6.644328869335065e-05,0.0023621744803669657,True
1153,0.015873015873015872,0.2857142857142857,-0.007004700829110743,0.04861790085490605,0.001980149177784341,True
1154,0.031746031746031744,0.2857142857142857,-0.022458145631621195,0.08332492331031104,0.0016369076590555234,True
1155,0.047619047619047616,0.2857142857142857,-0.04172264881001444,0.1148298240595441,0.0010971230700691328,True
1156,0.06349206349206349,0.2857142857142857,-0.06318765334879846,0.1480758396713923,0.0001942227943183222,True
1157,0.07936507936507936,0.2857142857142857,-0.0862219340057522,0.18275861467240873,-0.001192858292050934,True
1158,0.09523809523809523,0.2857142857142857,-0.11000491500649008,0.2167935991375125,-0.003212913030072576,True
1159,0.1111111111111111,0.2857142857142857,-0.13373651499857975,0.2479667359144134,-0.005893681154924842,True
1160,0.12698412698412698,0.2857142857142857,-0.1561673753085477,0.2740800875578398,-0.009320640096476714,True
1161,0.14285714285714285,0.2857142857142857,-0.17619642300938762,0.2933791299052801,-0.013453342857167917,True
1162,0.15873015873015872,0.2857142857142857,-0.19316805242465634,0.30513064311548466,-0.018147157021585692,True
1163,0.1746031746031746,0.2857142857142857,-0.2065985653056341,0.3092802070181537,-0.023254845230056366,True
1164,0.19047619047619047,0.2857142857142857,-0.2168817837278379,0.3071115033223917,-0.02858966585767566,True
1165,0.20634920634920634,0.2857142857142857,-0.22443802283590547,0.2999216310593329,-0.033985237011290685,True
1166,0.2222222222222222,0.2857142857142857,-0.22944006468326922,0.28849056630619546,-0.03929763383087069,True
1167,0.23809523809523808,0.2857142857142857,-0.23239690981858263,0.2739944221494533,-0.04439955595717027,True
1168,0.25396825396825395,0.2857142857142857,-0.23388579153977318,0.25755001069434685,-0.04922515092661572,True
1169,0.2698412698412698,0.2857142857142857,-0.23450642021723758,0.2401396568797919,-0.053705102728980186,True
1170,0.2857142857142857,0.2857142857142857,-0.2348867520021423,0.22264231581934776,-0.05785014929047333,True
1171,0.30158730158730157,0.2857142857142857,-0.23530818232814388,0.20536955944562887,-0.0616579872918505,True
1172,0.31746031746031744,0.2857142857142857,-0.23588759883738328,0.1884335770304874,-0.06515663338310984,True
1173,0.3333333333333333,0.2857142857142857,-0.2366665932531825,0.17183598379097823,-0.06834321573252143,True
1174,0.3492063492063492,0.2857142857142857,-0.23763434076317125,0.15550643574656947,-0.07124480651353182,True
1175,0.36507936507936506,0.2857142857142857,-0.23871826665439833,0.1393554931627528,-0.07386380343628346,True
1176,0.38095238095238093,0.2857142857142857,-0.2398986381373111,0.12331590831693388,-0.0762034324482771,True
1177,0.3968253968253968,0.2857142857142857,-0.2410787759586243,0.10730889299872669,-0.07828955715787768,True
1178,0.4126984126984127,0.2857142857142857,-0.242259594536948,0.09130749302726346,-0.08009541517129436,True
1179,0.42857142857142855,0.2857142857142857,-0.2434069645348689,0.07526969390578349,-0.08163954388623026,True
1180,0.4444444444444444,0.2857142857142857,-0.24449260660412306,0.05918607044674418,-0.08292145811753986,True
1181,0.4603174603174603,0.2857142857142857,-0.24552329512811724,0.04303979018335179,-0.0839424173242651,True
1182,0.47619047619047616,0.2857142857142857,-0.24648627173566484,0.02682583017248785,-0.08469934882270784,True
1183,0.49206349206349204,0.2857142857142857,-0.24739114246966623,0.01053659394105148,-0.08519732734273519,True
1184,0.5079365079365079,0.2857142857142857,-0.24824101055960487,-0.005833536395755387,-0.0854386206834361,True
1185,0.5238095238095237,0.2857142857142857,-0.24903562480272995,-0.022283043443209388,-0.08542461382513178,True
1186,0.5396825396825397,0.2857142857142857,-0.24978272841041704,-0.03881119201444419,-0.08516299256023777,True
1187,0.5555555555555556,0.2857142857142857,-0.25048455411923987,-0.05541525654212837,-0.08464912598142148,True
1188,0.5714285714285714,0.2857142857142857,-0.2511448431829518,-0.07208985897992369,-0.08389201084439839,True
1189,0.5873015873015872,0.2857142857142857,-0.2517628347366057,-0.08882658662151993,-0.0828929559845888,True
1190,0.6031746031746031,0.2857142857142857,-0.2523396053178348,-0.10561386686629629,-0.08165638651527611,True
1191,0.6190476190476191,0.2857142857142857,-0.2528774089144666,-0.12243855607424377,-0.08018135292158655,True
1192,0.6349206349206349,0.2857142857142857,-0.25337937151298445,-0.13928524350782512,-0.07848051879084134,True
1193,0.6507936507936507,0.2857142857142857,-0.25386501235128545,-0.15614469946443896,-0.07654596956529323,True
1194,0.6666666666666666,0.2857142857142857,-0.2543742663679844,-0.17302400656310468,-0.0743829029550857,True
1195,0.6825396825396826,0.2857142857142857,-0.25498694665324045,-0.1899642928383286,-0.07198852002347754,True
1196,0.6984126984126984,0.2857142857142857,-0.25581733671215645,-0.20705231466371704,-0.06935655015376341,True
1197,0.7142857142857142,0.2857142857142857,-0.2572010889164675,-0.22457880876908579,-0.06646577893101953,True
1198,0.7301587301587301,0.2857142857142857,-0.2592609132004908,-0.24275608351598757,-0.06332084570033673,True
1199,0.746031746031746,0.2857142857142857,-0.262589920633773,-0.2622681036661444,-0.05985658352729858,True
1200,0.7619047619047619,0.2857142857142857,-0.26739251859365737,-0.2836229473609797,-0.056033950074433916,True
1201,0.7777777777777777,0.2857142857142857,-0.27379677184828266,-0.3073742458162979,-0.05176209825211329,True
1202,0.7936507936507936,0.2857142857142857,-0.2807531233870696,-0.3328801960345395,-0.04696676579999719,True
1203,0.8095238095238095,0.2857142857142857,-0.285755885714972,-0.35758018067706643,-0.04160729760916882,True
1204,0.8253968253968254,0.2857142857142857,-0.28457871875303375,-0.37606156801950313,-0.03576289539886389,True
1205,0.8412698412698412,0.2857142857142857,-0.2749733370914792,-0.38429531101980663,-0.02974629191903192,True
1206,0.8571428571428571,0.2857142857142857,-0.2522391398857603,-0.3732410479940212,-0.02393926020584401,True
1207,0.873015873015873,0.2857142857142857,-0.21385588047174814,-0.33544241797338964,-0.019091949765313143,True
1208,0.8888888888888888,0.2857142857142857,-0.16510932417404975,-0.2743672052119685,-0.015707486550082538,True
1209,0.9047619047619047,0.2857142857142857,-0.11403568138950533,-0.1996616374559038,-0.013857586946501597,True
1210,0.9206349206349206,0.2857142857142857,-0.06920779975962062,-0.1252341291690405,-0.013180615620853627,True
1211,0.9365079365079365,0.2857142857142857,-0.035977520002641844,-0.06295380837563312,-0.013143293764031458,True
1212,0.9523809523809523,0.2857142857142857,-0.015034223802268196,-0.018532735698489806,-0.01335029005312075,True
1213,0.9682539682539681,0.2857142857142857,-0.00438287946970584,0.006298157250750484,-0.013578996675044305,True
1214,0.9841269841269841,0.2857142857142857,-0.0005390159188726564,0.012416977313172955,-0.013737725686739671,True
1215,1.0,0.2857142857142857,4.2526516382543676e-08,1.4159593122559828e-06,-0.013793387543575626,True
1216,0.0,0.30158730158730157,1.498064978678675e-07,-6.407816480029814e-05,0.001407303771730384,True
1217,0.015873015873015872,0.30158730158730157,-0.00727212810583056,0.061484349728680505,0.0010091657377744427,True
1218,0.031746031746031744,0.30158730158730157,-0.02319186782887509,0.10138123457562435,0.0006251642538092139,True
1219,0.047619047619047616,0.30158730158730157,-0.04281415583698452,0.13549308910693791,-1.1979812400545316e-05,True
1220,0.06349206349206349,0.30158730158730157,-0.06431280127884503,0.17043064968183344,-0.0010936296202734765,True
1221,0.07936507936507936,0.30158730158730157,-0.08692604283691177,0.20605918116675914,-0.0027442984768773384,True
1222,0.09523809523809523,0.30158730158730157,-0.10984773885181758,0.2402047439548865,-0.005083161529628003,True
1223,0.1111111111111111,0.30158730158730157,-0.1320224255844546,0.27033241646834877,-0.008193802654227728,True
1224,0.12698412698412698,0.30158730158730157,-0.15248792066787753,0.2944130495034143,-0.012056389896543411,True
1225,0.14285714285714285,0.30158730158730157,-0.17017997249768596,0.31078169822018836,-0.01660971491500483,True
1226,0.15873015873015872,0.30158730158730157,-0.18459953457009357,0.3190492602754092,-0.021681981505095708,True
1227,0.1746031746031746,0.30158730158730157,-0.19575090240466708,0.3199371286450384,-0.02708136929511823,True
1228,0.19047619047619047,0.30158730158730157,-0.20417086447343863,0.31508085031690053,-0.03262212641263152,True
1229,0.20634920634920634,0.30158730158730157,-0.21002731763973517,0.3053687356262225,-0.03814479979088466,True
1230,0.2222222222222222,0.30158730158730157,-0.21365856023589516,0.2918310553693706,-0.043508374945060845,True
1231,0.23809523809523808,0.30158730158730157,-0.21562138447992493,0.27573522245988014,-0.04860757881077808,True
1232,0.25396825396825395,0.30158730158730157,-0.21658938115313214,0.2583264876459647,-0.05337463606942963,True
1233,0.2698412698412698,0.30158730158730157,-0.21720798345533213,0.24063957300331007,-0.05778981270122908,True
1234,0.2857142857142857,0.30158730158730157,-0.21779900822966522,0.22314447247421945,-0.06187808692771334,True
1235,0.30158730158730157,0.30158730158730157,-0.21853477853763265,0.20602348817062807,-0.06563630936179807,True
1236,0.31746031746031744,0.30158730158730157,-0.21948018397272742,0.1892969226885588,-0.06908467933925591,True
1237,0.3333333333333333,0.30158730158730157,-0.22059353705636314,0.17287493118352143,-0.07224755025546575,True
1238,0.3492063492063492,0.30158730158730157,-0.22183807034776726,0.15667453026529196,-0.07512424096582926,True
1239,0.36507936507936506,0.30158730158730157,-0.22315596743597008,0.1405971342365531,-0.07773863053110538,True
1240,0.38095238095238093,0.30158730158730157,-0.22448701338795343,0.12457516115728787,-0.08008027075619403,True
1241,0.3968253968253968,0.30158730158730157,-0.22580565499802221,0.10855889701338085,-0.08215333481656256,True
1242,0.4126984126984127,0.30158730158730157,-0.22707955018387999,0.09251406348479463,-0.0839730601250501,True
1243,0.42857142857142855,0.30158730158730157,-0.2282957277918752,0.07642591800999055,-0.08552841007635713,True
1244,0.4444444444444444,0.30158730158730157,-0.22944673255769332,0.06027949729783601,-0.08681655008041145,True
1245,0.4603174603174603,0.30158730158730157,-0.23053496131386578,0.04406893179647891,-0.08784613960763307,True
1246,0.47619047619047616,0.30158730158730157,-0.23156397637992424,0.027792504311006636,-0.08862345749737605,True
1247,0.49206349206349204,0.30158730158730157,-0.23253460841529622,0.011447428882594736,-0.08913555233700447,True
1248,0.5079365079365079,0.30158730158730157,-0.23345752942692896,-0.004972043573190137,-0.08939463413324239,True
1249,0.5238095238095237,0.30158730158730157,-0.2343358990578133,-0.02146683606268515,-0.08940111697819342,True
1250,0.5396825396825397,0.30158730158730157,-0.23517639552557743,-0.03803783756834947,-0.08915467019435838,True
1251,0.5555555555555556,0.30158730158730157,-0.23598114545674098,-0.054681005069705205,-0.08866054536169339,True
1252,0.5714285714285714,0.30158730158730157,-0.23675166280561208,-0.07139412729256045,-0.08792123660324548,True
1253,0.5873015873015872,0.30158730158730157,-0.2374861987125723,-0.08817074624041223,-0.08693932472754322,True
1254,0.6031746031746031,0.30158730158730157,-0.23818108407209745,-0.10500128342539486,-0.08571744790548735,True
1255,0.6190476190476191,0.30158730158730157,-0.23882829901559635,-0.12187079162379647,-0.08426009933720244,True
1256,0.6349206349206349,0.30158730158730157,-0.23942021744893036,-0.13876127143024777,-0.08256314005033494,True
1257,0.6507936507936507,0.30158730158730157,-0.23995975522378626,-0.1556564660645331,-0.08063675135260877,True
1258,0.6666666666666666,0.30158730158730157,-0.24044007030623954,-0.17253237391640042,-0.07847604122689457,True
1259,0.6825396825396826,0.30158730158730157,-0.24090327675076878,-0.1893976682770994,-0.07608503784893779,True
1260,0.6984126984126984,0.30158730158730157,-0.2414089572338504,-0.2062841338271543,-0.07346190266808675,True
1261,0.7142857142857142,0.30158730158730157,-0.24210527649008703,-0.22330911795810449,-0.0705984537703482,True
1262,0.7301587301587301,0.30158730158730157,-0.24324084705881346,-0.24072897247142558,-0.06748110981171954,True
1263,0.746031746031746,0.30158730158730157,-0.24515533167373632,-0.25896151455858246,-0.06410091148128254,True
1264,0.7619047619047619,0.30158730158730157,-0.2484154029950597,-0.2787737884582391,-0.06039622714268306,True
1265,0.7777777777777777,0.30158730158730157,-0.2533174717755921,-0.300858864005957,-0.05631234620543518,True
1266,0.7936507936507936,0.30158730158730157,-0.2598688743038711,-0.3257363050215782,-0.05175457264231371,True
1267,0.8095238095238095,0.30158730158730157,-0.2669612323893715,-0.3526787551383372,-0.04662029046068783,True
1268,0.8253968253968254,0.30158730158730157,-0.27147577880606516,-0.3780672056277931,-0.04090200252658386,True
1269,0.8412698412698412,0.30158730158730157,-0.2687463025089693,-0.39510668762351914,-0.034694161524416255,True
1270,0.8571428571428571,0.30158730158730157,-0.2557243505402768,-0.39803001159368434,-0.02844489107994356,True
1271,0.873015873015873,0.30158730158730157,-0.22807231931347716,-0.37640221341397784,-0.022613347586540485,True
1272,0.8888888888888888,0.30158730158730157,-0.1851437122600278,-0.32464484896272466,-0.018125908622505224,True
1273,0.9047619047619047,0.30158730158730157,-0.13447866184925591,-0.25029209959885373,-0.01532466938778258,True
1274,0.9206349206349206,0.30158730158730157,-0.0855279283790823,-0.1675203461116817,-0.014063212407477479,True
1275,0.9365079365079365,0.30158730158730157,-0.046350484292787826,-0.09229063970558475,-0.013790516373047972,True
1276,0.9523809523809523,0.30158730158730157,-0.02047691830582413,-0.03588371276713514,-0.013963344617905922,True
1277,0.9682539682539681,0.30158730158730157,-0.006434175944555064,-0.0014644623645520137,-0.014225857258980656,True
1278,0.9841269841269841,0.30158730158730157,-0.000946216204753996,0.010442422030689248,-0.014430166118852004,True
1279,1.0,0.30158730158730157,4.514717141297772e-08,3.463427635884458e-06,-0.014512930836492995,True
1280,0.0,0.31746031746031744,-6.349648402133647e-08,-2.1479644338682333e-05,7.503093987790469e-05,True
1281,0.015873015873015872,0.31746031746031744,-0.0072907779281363065,0.07420410443509043,-0.00033225151771473375,True
1282,0.031746031746031744,0.31746031746031744,-0.023275740683341758,0.11972334581569408,-0.0007576429419178341,True
1283,0.047619047619047616,0.31746031746031744,-0.042831059259656475,0.15616031678144712,-0.0014967454628396968,True
1284,0.06349206349206349,0.31746031746031744,-0.06396741160600618,0.19233704065579,-0.00274845438389264,True
1285,0.07936507936507936,0.31746031746031744,-0.08579148289623349,0.22850399373239014,-0.0046547757773297916,True
1286,0.09523809523809523,0.31746031746031744,-0.10743424246931192,0.262216209327795,-0.007324519490123106,True
1287,0.1111111111111111,0.31746031746031744,-0.12792247090617018,0.2909074192411967,-0.010802011229541353,True
1288,0.12698412698412698,0.31746031746031744,-0.14625129311731505,0.3124647151347239,-0.015055030027176368,True
1289,0.14285714285714285,0.31746031746031744,-0.16171569956083076,0.32577713867129693,-0.019948417316385823,True
1290,0.15873015873015872,0.31746031746031744,-0.17393460468933403,0.3307477684044444,-0.025299937504189247,True
1291,0.1746031746031746,0.31746031746031744,-0.18328665319836412,0.32885370246098733,-0.030902299542369074,True
1292,0.19047619047619047,0.31746031746031744,-0.1900625596820439,0.3213578411836116,-0.036577619005661456,True
1293,0.20634920634920634,0.31746031746031744,-0.19458190599669284,0.3093883037150286,-0.04215818666006197,True
1294,0.2222222222222222,0.31746031746031744,-0.19723526761073887,0.2940867851727891,-0.047514873681233104,True
1295,0.23809523809523808,0.31746031746031744,-0.1986810317562985,0.2768910231756527,-0.05255804813678225,True
1296,0.25396825396825395,0.31746031746031744,-0.19958051957147557,0.2590619581004023,-0.05726241761288555,True
1297,0.2698412698412698,0.31746031746031744,-0.20036861118049623,0.24131916373247436,-0.061619062157372416,True
1298,0.2857142857142857,0.31746031746031744,-0.20126469538953445,0.2239632511311875,-0.06563966974329379,True
1299,0.30158730158730157,0.31746031746031744,-0.20233282792727986,0.20703564056464974,-0.06935218710352672,True
1300,0.31746031746031744,0.31746031746031744,-0.20356545892702751,0.19047291549566875,-0.07277506727088871,True
1301,0.3333333333333333,0.31746031746031744,-0.20492956154918238,0.17418017062144978,-0.0759143002961917,True
1302,0.3492063492063492,0.31746031746031744,-0.20636406620834039,0.15804718831378137,-0.0787830730700447,True
1303,0.36507936507936506,0.31746031746031744,-0.2078149225961644,0.14199054450533405,-0.08138192920622399,True
1304,0.38095238095238093,0.31746031746031744,-0.20924457319557582,0.12594608468073676,-0.0837250398553935,True
1305,0.3968253968253968,0.31746031746031744,-0.21062525097690482,0.10988459075918666,-0.08580960242029859,True
1306,0.4126984126984127,0.31746031746031744,-0.21194289929746188,0.09378082850860757,-0.08762589666378644,True
1307,0.42857142857142855,0.31746031746031744,-0.21319349254729944,0.07762709631540202,-0.08918420595427579,True
1308,0.4444444444444444,0.31746031746031744,-0.2143805291108798,0.06141385452313774,-0.09048512808909122,True
1309,0.4603174603174603,0.31746031746031744,-0.21550558970378028,0.04514695254865053,-0.09153092188869251,True
1310,0.47619047619047616,0.31746031746031744,-0.21657743872812366,0.02881540806408983,-0.092314019029511,True
1311,0.49206349206349204,0.31746031746031744,-0.21760143003135454,0.012422510078585766,-0.09284292620066803,True
1312,0.5079365079365079,0.31746031746031744,-0.21858533868418306,-0.004037987592495242,-0.0931175069139947,True
1313,0.5238095238095237,0.31746031746031744,-0.2195346640167852,-0.020569459657737148,-0.0931382015272072,True
1314,0.5396825396825397,0.31746031746031744,-0.22045665602510606,-0.03717229579829641,-0.09290940514581124,True
1315,0.5555555555555556,0.31746031746031744,-0.221351999771036,-0.05384500778108809,-0.09243219269622151,True
1316,0.5714285714285714,0.31746031746031744,-0.22222357524237688,-0.07058772885687699,-0.09170992528359406,True
1317,0.5873015873015872,0.31746031746031744,-0.22306878470676741,-0.08739703793501848,-0.09074379055041445,True
1318,0.6031746031746031,0.31746031746031744,-0.2238841120394314,-0.1042667326687355,-0.0895383700458028,True
1319,0.6190476190476191,0.31746031746031744,-0.22465735386350938,-0.12118467861911131,-0.08808711595008906,True
1320,0.6349206349206349,0.31746031746031744,-0.2253813460353194,-0.13813663757194852,-0.0864063248716963,True
1321,0.6507936507936507,0.31746031746031744,-0.2260357208778819,-0.1550984738551083,-0.08448581920713581,True
1322,0.6666666666666666,0.31746031746031744,-0.22660960220373055,-0.17204605570286283,-0.08233448325728474,True
1323,0.6825396825396826,0.31746031746031744,-0.2270949903643966,-0.188952427465755,-0.07994651846445665,True
1324,0.6984126984126984,0.31746031746031744,-0.22751622056035292,-0.205815061560808,-0.07732487665271173,True
1325,0.7142857142857142,0.31746031746031744,-0.2279400290668067,-0.2226748485126833,-0.07447489390400508,True
1326,0.7301587301587301,0.31746031746031744,-0.22851443885289022,-0.23966494275269123,-0.07138608264681834,True
1327,0.746031746031746,0.31746031746031744,-0.22952960906035516,-0.2571070404838251,-0.06804126125058498,True
1328,0.7619047619047619,0.31746031746031744,-0.2313569750121625,-0.2755132337541596,-0.06442617533700266,True
1329,0.7777777777777777,0.31746031746031744,-0.23469299536449897,-0.29590071653437683,-0.06047756762801751,True
1330,0.7936507936507936,0.31746031746031744,-0.2397732877724254,-0.31902135994042785,-0.056131245752922866,True
1331,0.8095238095238095,0.31746031746031744,-0.24658255414119215,-0.3454838919773829,-0.05126706613892869,True
1332,0.8253968253968254,0.31746031746031744,-0.25355937366734754,-0.3739110341339456,-0.04578460235413308,True
1333,0.8412698412698412,0.31746031746031744,-0.25674549018365034,-0.3990414742189885,-0.03968976063310596,True
1334,0.8571428571428571,0.31746031746031744,-0.25137940576622053,-0.41284685005367355,-0.03317469918241821,True
1335,0.873015873015873,0.31746031746031744,-0.2339965430495894,-0.4075882241341684,-0.026767355978279513,True
1336,0.8888888888888888,0.31746031746031744,-0.1998601971234905,-0.37021403416288023,-0.021200262795469153,True
1337,0.9047619047619047,0.31746031746031744,-0.1528043143889522,-0.30174934761787037,-0.017334342608733122,True
1338,0.9206349206349206,0.31746031746031744,-0.10215982253331822,-0.21471492275954798,-0.015300652012053016,True
1339,0.9365079365079365,0.31746031746031744,-0.05807987057929765,-0.12794237973520334,-0.014647138872077177,True
1340,0.9523809523809523,0.31746031746031744,-0.026788338734657795,-0.05761501548531539,-0.014714019290716925,True
1341,0.9682539682539681,0.31746031746031744,-0.008955678523141414,-0.011935181284306599,-0.015000295078262307,True
1342,0.9841269841269841,0.31746031746031744,-0.0014845467585756036,0.007353186498628298,-0.015252991700013548,True
1343,1.0,0.31746031746031744,-1.3055849777731419e-08,-7.63863851301677e-07,-0.015372469688322152,True
1344,0.0,0.3333333333333333,-3.109342678022525e-08,3.968530577694427e-05,-0.001634923855964815,True
1345,0.015873015873015872,0.3333333333333333,-0.007078369112446231,0.08691036536371517,-0.0020355132556603025,True
1346,0.031746031746031744,0.3333333333333333,-0.022720490117043992,0.13788766334197608,-0.0025041036848752695,True
1347,0.047619047619047616,0.3333333333333333,-0.041819094413696654,0.1764396542172729,-0.003343102944065592,True
1348,0.06349206349206349,0.3333333333333333,-0.06222984640859589,0.2135276803264923,-0.004761298325663213,True
1349,0.07936507936507936,0.3333333333333333,-0.08293736537773823,0.2497756346107297,-0.0069065671508076075,True
1350,0.09523809523809523,0.3333333333333333,-0.10308412687059462,0.28263776096972965,-0.009867951541481729,True
1351,0.1111111111111111,0.3333333333333333,-0.1217078151046771,0.30945870108415496,-0.0136707526350908,True
1352,0.12698412698412698,0.3333333333333333,-0.13801282232338127,0.3284086165931528,-0.018227735095829433,True
1353,0.14285714285714285,0.3333333333333333,-0.15136377186226765,0.33854114919003664,-0.023385785773524157,True
1354,0.15873015873015872,0.3333333333333333,-0.1618000469963517,0.3406518477541076,-0.028930402119407835,True
1355,0.1746031746031746,0.3333333333333333,-0.16961336457152798,0.3361665008181456,-0.03466625876722667,True
1356,0.19047619047619047,0.3333333333333333,-0.17513741630055682,0.32641558448509556,-0.040404753676458696,True
1357,0.20634920634920634,0.3333333333333333,-0.17862824902925556,0.31242937635597495,-0.045984706340039296,True
1358,0.2222222222222222,0.3333333333333333,-0.18069802382755645,0.2958045606565088,-0.05129291412233605,True
1359,0.23809523809523808,0.3333333333333333,-0.18196629325269906,0.27795594459581885,-0.0562717299019414,True
1360,0.25396825396825395,0.3333333333333333,-0.18298301417432541,0.25995009298168065,-0.06089877754015149,True
1361,0.2698412698412698,0.3333333333333333,-0.184028494258859,0.24228528532650767,-0.06518611823614953,True
1362,0.2857142857142857,0.3333333333333333,-0.18519380069711325,0.22507589573872017,-0.06916466800924398,True
1363,0.30158730158730157,0.3333333333333333,-0.18653437616345311,0.2083159351477321,-0.07284094866872408,True
1364,0.31746031746031744,0.3333333333333333,-0.187993505305951,0.19188602400312663,-0.07623028371943737,True
1365,0.3333333333333333,0.3333333333333333,-0.18952195100450872,0.1756617780247547,-0.07935512867934187,True
1366,0.3492063492063492,0.3333333333333333,-0.19107293550383989,0.1595454722583426,-0.08221000855209085,True
1367,0.36507936507936506,0.3333333333333333,-0.19259220997417734,0.14346377942534064,-0.08481004099665919,True
1368,0.38095238095238093,0.3333333333333333,-0.1940623298239356,0.12737149112089732,-0.08714896488332934,True
1369,0.3968253968253968,0.3333333333333333,-0.1954657739074689,0.11124615396186621,-0.08922597889086535,True
1370,0.4126984126984127,0.3333333333333333,-0.1968015551859167,0.09507371000248512,-0.09105450693704316,True
1371,0.42857142857142855,0.3333333333333333,-0.1980689613715851,0.07885374254779275,-0.09261875309625882,True
1372,0.4444444444444444,0.3333333333333333,-0.1992759666422372,0.0625814115646852,-0.09392440927677727,True
1373,0.4603174603174603,0.3333333333333333,-0.20042775477870134,0.046261412537417355,-0.09497593205546499,True
1374,0.47619047619047616,0.3333333333333333,-0.20153956671702478,0.02988094661815421,-0.09577342340824768,True
1375,0.49206349206349204,0.3333333333333333,-0.20260463750016977,0.013452517318589517,-0.09631244209852921,True
1376,0.5079365079365079,0.3333333333333333,-0.2036475830945324,-0.0030432256686199876,-0.09660086955114508,True
1377,0.5238095238095237,0.3333333333333333,-0.2046562019221606,-0.019600175162489002,-0.09663373272682955,True
1378,0.5396825396825397,0.3333333333333333,-0.2056512011575446,-0.03622631740617071,-0.09642079432989815,True
1379,0.5555555555555556,0.3333333333333333,-0.20662245599109957,-0.05291838481315422,-0.09596023626108012,True
1380,0.5714285714285714,0.3333333333333333,-0.20758851319354082,-0.0696823875014065,-0.09525475191584058,True
1381,0.5873015873015872,0.3333333333333333,-0.20852747551450418,-0.0865134822283952,-0.09430059319597274,True
1382,0.6031746031746031,0.3333333333333333,-0.20945206393508997,-0.1034123570010554,-0.09311087782830872,True
1383,0.6190476190476191,0.3333333333333333,-0.2103485882545983,-0.12037169088836668,-0.0916841353983463,True
1384,0.6349206349206349,0.3333333333333333,-0.2112025377847929,-0.1373790772076251,-0.09000830221165211,True
1385,0.6507936507936507,0.3333333333333333,-0.211992309234497,-0.15441356885165491,-0.0880996028820421,True
1386,0.6666666666666666,0.3333333333333333,-0.21270095947975373,-0.17145111418266812,-0.08595386734176794,True
1387,0.6825396825396826,0.3333333333333333,-0.2133095942855814,-0.18846293735872385,-0.0835771211221905,True
1388,0.6984126984126984,0.3333333333333333,-0.21379513853462262,-0.20541010788166605,-0.08096638162118397,True
1389,0.7142857142857142,0.3333333333333333,-0.2141763162329677,-0.22228362043238994,-0.07811920379195758,True
1390,0.7301587301587301,0.3333333333333333,-0.21453566244457262,-0.23914491903794285,-0.07503807633935713,True
1391,0.746031746031746,0.3333333333333333,-0.215015227573719,-0.2561425429016096,-0.0717288289314942,True
1392,0.7619047619047619,0.3333333333333333,-0.2159458485542221,-0.2736803668308612,-0.06816364500875538,True
1393,0.7777777777777777,0.3333333333333333,-0.21789295515458956,-0.29256633478567057,-0.06431562699766685,True
1394,0.7936507936507936,0.3333333333333333,-0.22131944064247833,-0.3137231949534954,-0.060135131558868654,True
1395,0.8095238095238095,0.3333333333333333,-0.22682994118406033,-0.33849382881923645,-0.05550426542492667,True
1396,0.8253968253968254,0.3333333333333333,-0.2339111856024613,-0.36698930698553744,-0.05031739533893344,True
1397,0.8412698412698412,0.3333333333333333,-0.24040008520322664,-0.3967740510875163,-0.04445607278322831,True
1398,0.8571428571428571,0.3333333333333333,-0.24119641348719045,-0.4199226336373967,-0.03798544302567873,True
1399,0.873015873015873,0.3333333333333333,-0.23196912515585066,-0.42788467631568905,-0.03126680873929005,True
1400,0.8888888888888888,0.3333333333333333,-0.20791639083500435,-0.4079131486418987,-0.024892193175480158,True
1401,0.9047619047619047,0.3333333333333333,-0.16740087634286024,-0.35091308424483414,-0.01992807121546462,True
1402,0.9206349206349206,0.3333333333333333,-0.11778224483436325,-0.26464476642028606,-0.016970618162570002,True
1403,0.9365079365079365,0.3333333333333333,-0.07030995780653958,-0.16873164797980686,-0.015769606715082162,True
1404,0.9523809523809523,0.3333333333333333,-0.03396730449148895,-0.08439141560438113,-0.015644594785484515,True
1405,0.9682539682539681,0.3333333333333333,-0.01193159799830784,-0.02546203124974922,-0.015927244418012267,True
1406,0.9841269841269841,0.3333333333333333,-0.0021428085117103754,0.0030041784217031495,-0.01622983848742223,True
1407,1.0,0.3333333333333333,-1.279795245037024e-07,-5.3654648073785175e-06,-0.016392169924377427,True
1408,0.0,0.3492063492063492,-9.559894953597559e-08,-4.498454496536679e-05,-0.0036822789409639255,True
1409,0.015873015873015872,0.3492063492063492,-0.006637960140701221,0.09927364003006389,-0.004066968640798997,True
1410,0.031746031746031744,0.3492063492063492,-0.0215776007562238,0.15547818117151663,-0.00457482533084382,True
1411,0.047619047619047616,0.3492063492063492,-0.039877840049627196,0.19597808265375546,-0.005505408409948317,True
1412,0.06349206349206349,0.3492063492063492,-0.05920225502167147,0.23365487031178775,-0.0070890838018241266,True
1413,0.07936507936507936,0.3492063492063492,-0.07861160714327965,0.26965318860076076,-0.009435540086829158,True
1414,0.09523809523809523,0.3492063492063492,-0.09706885275865544,0.3012849551539887,-0.012654519279350625,True
1415,0.1111111111111111,0.3492063492063492,-0.11388921720411964,0.3261548978093407,-0.01670567612946364,True
1416,0.12698412698412698,0.3492063492063492,-0.12818380983960026,0.34229886994418623,-0.021505186863725437,True
1417,0.14285714285714285,0.3492063492063492,-0.13969585054558947,0.34949092302069273,-0.026847385720061814,True
1418,0.15873015873015872,0.3492063492063492,-0.14857575681691823,0.3489201986578694,-0.03251807938691817,True
1419,0.1746031746031746,0.3492063492063492,-0.1551902017223536,0.3422287858732481,-0.03831949736473634,True
1420,0.19047619047619047,0.3492063492063492,-0.15969792960538437,0.33038721631705675,-0.04405930954902833,True
1421,0.20634920634920634,0.3492063492063492,-0.1625438564333415,0.31488524113085503,-0.04959880543136615,True
1422,0.2222222222222222,0.3492063492063492,-0.16431013239684672,0.297290199356026,-0.054834697486444935,True
1423,0.23809523809523808,0.3492063492063492,-0.16561202802128047,0.2790922354119085,-0.05972496994928802,True
1424,0.25396825396825395,0.3492063492063492,-0.16680927455175343,0.2610592659108286,-0.06428814867022122,True
1425,0.2698412698412698,0.3492063492063492,-0.16810438257844995,0.24351502338766348,-0.06851222507880463,True
1426,0.2857142857142857,0.3492063492063492,-0.16950897354841862,0.22645354753871477,-0.0724465651233942,True
1427,0.30158730158730157,0.3492063492063492,-0.17104458871056408,0.20981493986917493,-0.07608870179191708,True
1428,0.31746031746031744,0.3492063492063492,-0.17265268635081032,0.19345394923535184,-0.0794602378871688,True
1429,0.3333333333333333,0.3492063492063492,-0.1742759955993214,0.17724812034156465,-0.08256836335307381,True
1430,0.3492063492063492,0.3492063492063492,-0.17587611600923683,0.16110763021545255,-0.08541428928946744,True
1431,0.36507936507936506,0.3492063492063492,-0.17742314003136508,0.1449728595255664,-0.0880100570358643,True
1432,0.38095238095238093,0.3492063492063492,-0.17890298350560319,0.12881230113132744,-0.09034757957304586,True
1433,0.3968253968253968,0.3492063492063492,-0.18030946469420173,0.11261463875283603,-0.0924249435630841,True
1434,0.4126984126984127,0.3492063492063492,-0.18164747945405582,0.0963751634415098,-0.09424498979420927,True
1435,0.42857142857142855,0.3492063492063492,-0.18292441078072436,0.08009593776404074,-0.09581706694077456,True
1436,0.4444444444444444,0.3492063492063492,-0.18414924688262502,0.0637706621733949,-0.09713602898102344,True
1437,0.4603174603174603,0.3492063492063492,-0.1853256249002876,0.0474042048576981,-0.09818518427126435,True
1438,0.47619047619047616,0.3492063492063492,-0.18646921832517432,0.030989726142890812,-0.09899227704974932,True
1439,0.49206349206349204,0.3492063492063492,-0.18758130858396962,0.01452742133897227,-0.0995438322133529,True
1440,0.5079365079365079,0.3492063492063492,-0.18866993529813306,-0.0019906837256625717,-0.09983729694931162,True
1441,0.5238095238095237,0.3492063492063492,-0.18973801695784343,-0.018567104989893234,-0.0998922229893717,True
1442,0.5396825396825397,0.3492063492063492,-0.19079691206835536,-0.035208626125246986,-0.09969025825114,True
1443,0.5555555555555556,0.3492063492063492,-0.1918402244925608,-0.05191393362827246,-0.09923941602337935,True
1444,0.5714285714285714,0.3492063492063492,-0.1928827804154893,-0.06868896395544223,-0.09854630333156406,True
1445,0.5873015873015872,0.3492063492063492,-0.1939090703360318,-0.08553394914183178,-0.09761557894403189,True
1446,0.6031746031746031,0.3492063492063492,-0.1949241991445385,-0.1024503892725501,-0.09643537753614051,True
1447,0.6190476190476191,0.3492063492063492,-0.19592207548190452,-0.11943577124188565,-0.09501501442424744,True
1448,0.6349206349206349,0.3492063492063492,-0.19690070209423371,-0.13648785679522699,-0.093366865653618,True
1449,0.6507936507936507,0.3492063492063492,-0.19782453175892795,-0.15358688624059108,-0.09147012135080917,True
1450,0.6666666666666666,0.3492063492063492,-0.19868195987422044,-0.17071619421707976,-0.08933923351202891,True
1451,0.6825396825396826,0.3492063492063492,-0.19943558846517603,-0.18783903377064357,-0.08697082179979367,True
1452,0.6984126984126984,0.3492063492063492,-0.20006854164839957,-0.204925371387714,-0.0843690660859554,True
1453,0.7142857142857142,0.3492063492063492,-0.20054414221965833,-0.22192182626477053,-0.0815334656318412,True
1454,0.7301587301587301,0.3492063492063492,-0.20088362188053507,-0.23882161503676486,-0.07847262430380977,True
1455,0.746031746031746,0.3492063492063492,-0.20117560458064662,-0.2556968137154819,-0.07517636038284059,True
1456,0.7619047619047619,0.3492063492063492,-0.20160129352641284,-0.27276692004290404,-0.07165302352266385,True
1457,0.7777777777777777,0.3492063492063492,-0.2025543277517396,-0.29057148281487416,-0.06787811157033487,True
1458,0.7936507936507936,0.3492063492063492,-0.20466517447958918,-0.31014324940997595,-0.06380739966931916,True
1459,0.8095238095238095,0.3492063492063492,-0.2084562286317659,-0.33265648188446545,-0.059388650700706744,True
1460,0.8253968253968254,0.3492063492063492,-0.21447510853165377,-0.3596423343882515,-0.054466914011278865,True
1461,0.8412698412698412,0.3492063492063492,-0.2218085664834236,-0.3906917821237162,-0.04891990249346329,True
1462,0.8571428571428571,0.3492063492063492,-0.2267891210882023,-0.4205592974588004,-0.04265109408244152,True
1463,0.873015873015873,0.3492063492063492,-0.22401112929161413,-0.4391253830033937,-0.03584309290940214,True
1464,0.8888888888888888,0.3492063492063492,-0.20916379247794573,-0.4361917461215201,-0.02904460526609705,True
1465,0.9047619047619047,0.3492063492063492,-0.1769662235871271,-0.39463152815216107,-0.023119887706044354,True
1466,0.9206349206349206,0.3492063492063492,-0.13122384201016474,-0.314959819697046,-0.01911800973451013,True
1467,0.9365079365079365,0.3492063492063492,-0.08228542906767589,-0.21350412818486236,-0.017219514029890703,True
1468,0.9523809523809523,0.3492063492063492,-0.041579570243641506,-0.11568633411700899,-0.016788659653226564,True
1469,0.9682539682539681,0.3492063492063492,-0.015318026238674311,-0.0423568305183412,-0.01702959720630547,True
1470,0.9841269841269841,0.3492063492063492,-0.002937599566106783,-0.0029121298583327316,-0.017384621927835676,True
1471,1.0,0.3492063492063492,2.4472073285333963e-07,-2.526029169405705e-07,-0.01759466798529366,True
1472,0.0,0.36507936507936506,-4.2737051567435857e-07,5.748747058328513e-06,-0.00601645553505036,True
1473,0.015873015873015872,0.36507936507936506,-0.0060219013758994865,0.11061930744587993,-0.006383372319888544,True
1474,0.031746031746031744,0.36507936507936506,-0.019913797912563633,0.1721349575866131,-0.0069204971142916094,True
1475,0.047619047619047616,0.36507936507936506,-0.03708990763405771,0.21448373617472918,-0.007936588646977603,True
1476,0.06349206349206349,0.36507936507936506,-0.055203120061802,0.25250865082282,-0.009642386708621416,True
1477,0.07936507936507936,0.36507936507936506,-0.07295886421780907,0.28789918596638053,-0.012182111474312309,True
1478,0.09523809523809523,0.36507936507936506,-0.08976292297055337,0.31822990764559345,-0.015589949082051382,True
1479,0.1111111111111111,0.36507936507936506,-0.1046407816046257,0.34078980115631236,-0.019852684165320007,True
1480,0.12698412698412698,0.36507936507936506,-0.11720114745755957,0.35436115303112964,-0.024810575292669237,True
1481,0.14285714285714285,0.36507936507936506,-0.12713811667130978,0.3589042313622667,-0.03026629006847663,True
1482,0.15873015873015872,0.36507936507936506,-0.13477229405126034,0.35606704610906015,-0.0359993934862539,True
1483,0.1746031746031746,0.36507936507936506,-0.1403359810892036,0.3472362646354563,-0.041810538771177755,True
1484,0.19047619047619047,0.36507936507936506,-0.1440856405214168,0.3336029681964811,-0.0475125740492172,True
1485,0.20634920634920634,0.36507936507936506,-0.14652227145301291,0.3168776897268906,-0.05297518468063883,True
1486,0.2222222222222222,0.36507936507936506,-0.1482123360388745,0.2987453914144206,-0.058129442264385336,True
1487,0.23809523809523808,0.36507936507936506,-0.14962568154520106,0.2803770262663494,-0.06294892898877276,True
1488,0.25396825396825395,0.36507936507936506,-0.15102907242718777,0.26239861712097834,-0.06742697901951265,True
1489,0.2698412698412698,0.36507936507936506,-0.15250728966296298,0.2449500920521325,-0.07161051474604083,True
1490,0.2857142857142857,0.36507936507936506,-0.1541031410141223,0.22801717785039285,-0.07549567447488091,True
1491,0.30158730158730157,0.36507936507936506,-0.15577005093271756,0.21145120050466376,-0.07910964242083153,True
1492,0.31746031746031744,0.36507936507936506,-0.15745681481279492,0.19511223126441998,-0.08246082577670225,True
1493,0.3333333333333333,0.36507936507936506,-0.15912434287994495,0.17888171075872378,-0.0855537248929433,True
1494,0.3492063492063492,0.36507936507936506,-0.1607391441549905,0.1626850037927283,-0.08839129604764732,True
1495,0.36507936507936506,0.36507936507936506,-0.1622843086584315,0.14648380734957758,-0.0909769606505359,True
1496,0.38095238095238093,0.36507936507936506,-0.1637551699344694,0.13025280641196085,-0.0933057614378437,True
1497,0.3968253968253968,0.36507936507936506,-0.16515578332887568,0.11398381148155666,-0.0953901006596605,True
1498,0.4126984126984127,0.36507936507936506,-0.16649357450116734,0.09768389986379601,-0.09721677254390682,True
1499,0.42857142857142855,0.36507936507936506,-0.16777602886116114,0.08135019206445644,-0.09878167909367565,True
1500,0.4444444444444444,0.36507936507936506,-0.16901578902879547,0.06498099943472445,-0.10009841098800314,True
1501,0.4603174603174603,0.36507936507936506,-0.1702196969822449,0.048576897585855615,-0.10116717084739457,True
1502,0.47619047619047616,0.36507936507936506,-0.17139559416836056,0.032133234087910446,-0.10196653578135081,True
1503,0.49206349206349204,0.36507936507936506,-0.17254595625243468,0.015649313032995264,-0.10252290572083825,True
1504,0.5079365079365079,0.36507936507936506,-0.17368330823020595,-0.0008852010363785059,-0.10284258481136248,True
1505,0.5238095238095237,0.36507936507936506,-0.17480724389955726,-0.017475963889384365,-0.10289866259925387,True
1506,0.5396825396825397,0.36507936507936506,-0.1759241843449704,-0.034125900295009434,-0.10270944482631902,True
1507,0.5555555555555556,0.36507936507936506,-0.17703523781013383,-0.05083817586191728,-0.10227481543900864,True
1508,0.5714285714285714,0.36507936507936506,-0.17814337381440118,-0.06761804714003014,-0.1015917458283454,True
1509,0.5873015873015872,0.36507936507936506,-0.1792483342635296,-0.08446947863649065,-0.10067279883426,True
1510,0.6031746031746031,0.36507936507936506,-0.18035314607224795,-0.1013960891837152,-0.09951012045374609,True
1511,0.6190476190476191,0.36507936507936506,-0.18144731302227246,-0.11839943418216314,-0.09810281746996871,True
1512,0.6349206349206349,0.36507936507936506,-0.18252121445788036,-0.13547766715782422,-0.09646919748214448,True
1513,0.6507936507936507,0.36507936507936506,-0.18356532236514825,-0.152625376453681,-0.09459015913731471,True
1514,0.6666666666666666,0.36507936507936506,-0.1845590118222551,-0.16982886797013155,-0.0924754063681755,True
1515,0.6825396825396826,0.36507936507936506,-0.18547369302585134,-0.1870640377517341,-0.09012656022313213,True
1516,0.6984126984126984,0.36507936507936506,-0.18626683764069954,-0.20428691851004724,-0.08753347281793916,True
1517,0.7142857142857142,0.36507936507936506,-0.1869042386491911,-0.22145061754505524,-0.0847219076383114,True
1518,0.7301587301587301,0.36507936507936506,-0.18736435279651442,-0.23850951564071493,-0.0816757067119649,True
1519,0.746031746031746,0.36507936507936506,-0.18765357683495512,-0.2554420076783371,-0.07840448336227757,True
1520,0.7619047619047619,0.36507936507936506,-0.18788629251172267,-0.27235763560168696,-0.07490604566179902,True
1521,0.7777777777777777,0.36507936507936506,-0.18829015395420218,-0.28957157450143545,-0.07118270439732208,True
1522,0.7936507936507936,0.36507936507936506,-0.18935022229996235,-0.30784633135704487,-0.0672077596912763,True
1523,0.8095238095238095,0.36507936507936506,-0.19186460733257876,-0.3286368890487093,-0.06291681404338816,True
1524,0.8253968253968254,0.36507936507936506,-0.19631819779528584,-0.3533570800471006,-0.05823605987436899,True
1525,0.8412698412698412,0.36507936507936506,-0.2029058318581543,-0.38329609271660403,-0.052996256643076285,True
1526,0.8571428571428571,0.36507936507936506,-0.20979142494164574,-0.41641821734628504,-0.04705693004841482,True
1527,0.873015873015873,0.36507936507936506,-0.21219662925950586,-0.44440498291334735,-0.04040775048923991,True
1528,0.8888888888888888,0.36507936507936506,-0.20435108772409794,-0.45456800655023016,-0.033401212731414574,True
1529,0.9047619047619047,0.36507936507936506,-0.18110374360685144,-0.4310074127915601,-0.026801464803971792,True
1530,0.9206349206349206,0.36507936507936506,-0.14132490819692572,-0.36287781796503427,-0.02180274978653404,True
1531,0.9365079365079365,0.36507936507936506,-0.09332136270831641,-0.26098054918544716,-0.019046008303239475,True
1532,0.9523809523809523,0.36507936507936506,-0.04951968945078322,-0.1519508032141262,-0.018204294489778186,True
1533,0.9682539682539681,0.36507936507936506,-0.019096096518619737,-0.06308006090663024,-0.018342048083981176,True
1534,0.9841269841269841,0.36507936507936506,-0.003846726711401295,-0.010503211440368908,-0.018732074900069787,True
1535,1.0,0.36507936507936506,5.161190634269652e-07,8.9153105721056e-06,-0.018997596150675467,True
1536,0.0,0.38095238095238093,8.790415156513349e-07,5.472688059316792e-05,-0.008574113363823355,True
1537,0.015873015873015872,0.38095238095238093,-0.00525530713448993,0.1208170851408077,-0.008909911169046885,True
1538,0.031746031746031744,0.38095238095238093,-0.01778503451145687,0.18759683416393638,-0.009469818784632955,True
1539,0.047619047619047616,0.38095238095238093,-0.033597177426246495,0.23168839913341782,-0.0105572153530399,True
1540,0.06349206349206349,0.38095238095238093,-0.050184197086397604,0.2698469279005005,-0.012380110779536317,True
1541,0.07936507936507936,0.38095238095238093,-0.06640431540087523,0.30454418811224976,-0.015048998617621956,True
1542,0.09523809523809523,0.38095238095238093,-0.08139393351198262,0.3333123293039659,-0.018614723565385436,True
1543,0.1111111111111111,0.38095238095238093,-0.09457816663810222,0.3538029368040192,-0.02300962725019449,True
1544,0.12698412698412698,0.38095238095238093,-0.10540424369692167,0.364724874076085,-0.02807470439515039,True
1545,0.14285714285714285,0.38095238095238093,-0.11399086190596977,0.36695564329775754,-0.033584879482603684,True
1546,0.15873015873015872,0.38095238095238093,-0.12057980621287198,0.3621475159482056,-0.039332386846406,True
1547,0.1746031746031746,0.38095238095238093,-0.12533139480808778,0.35147304025087395,-0.04510648532888413,True
1548,0.19047619047619047,0.38095238095238093,-0.12856112526007984,0.3364437006231027,-0.050744835662450465,True
1549,0.20634920634920634,0.38095238095238093,-0.1307613818527654,0.318820506837787,-0.056126320783026755,True
1550,0.2222222222222222,0.38095238095238093,-0.13245742551232548,0.30027399602879645,-0.06118488896071908,True
1551,0.23809523809523808,0.38095238095238093,-0.13400352818881894,0.2818366239001155,-0.06591658839550084,True
1552,0.25396825396825395,0.38095238095238093,-0.1355655402347356,0.26390955728143656,-0.0703395711428273,True
1553,0.2698412698412698,0.38095238095238093,-0.13720802759733802,0.24656958430041695,-0.07446251006051274,True
1554,0.2857142857142857,0.38095238095238093,-0.1389182933299105,0.22970813376045335,-0.0783102442162857,True
1555,0.30158730158730157,0.38095238095238093,-0.14064966300654616,0.2131638377138663,-0.08190182739664353,True
1556,0.31746031746031744,0.38095238095238093,-0.14237000257467353,0.19680473935991247,-0.08523068453978604,True
1557,0.3333333333333333,0.38095238095238093,-0.14404049852529036,0.18052538864877474,-0.08830464251579818,True
1558,0.3492063492063492,0.38095238095238093,-0.14564330924571212,0.16426179325523246,-0.09114104506321967,True
1559,0.36507936507936506,0.38095238095238093,-0.14717009423108873,0.14798200091938293,-0.0937183634842324,True
1560,0.38095238095238093,0.38095238095238093,-0.14862448560938107,0.1316793313136102,-0.0960426641532974,True
1561,0.3968253968253968,0.38095238095238093,-0.1500134675719437,0.1153494726531146,-0.09811199769575049,True
1562,0.4126984126984127,0.38095238095238093,-0.15134817404150702,0.09899381599284746,-0.09994091443815775,True
1563,0.42857142857142855,0.38095238095238093,-0.15263809867619385,0.08261399826759645,-0.10151496488081913,True
1564,0.4444444444444444,0.38095238095238093,-0.15389321736372355,0.06620935693386726,-0.10282341254660318,True
1565,0.4603174603174603,0.38095238095238093,-0.1551187024817748,0.04977965022909104,-0.10389000727565534,True
1566,0.47619047619047616,0.38095238095238093,-0.15632819608900528,0.033314973748515116,-0.1047165548392986,True
1567,0.49206349206349204,0.38095238095238093,-0.15751977179329094,0.01681452645611468,-0.10528064572857096,True
1568,0.5079365079365079,0.38095238095238093,-0.15869926357918562,0.0002690047733550756,-0.1055851562640061,True
1569,0.5238095238095237,0.38095238095238093,-0.15987573171815128,-0.01632868450157944,-0.10565861337760933,True
1570,0.5396825396825397,0.38095238095238093,-0.16105070989920767,-0.032982420395437896,-0.10548357932067975,True
1571,0.5555555555555556,0.38095238095238093,-0.16222289156545397,-0.04969634443910309,-0.10505416478803721,True
1572,0.5714285714285714,0.38095238095238093,-0.16340035394059835,-0.0664760196832468,-0.10439174406430857,True
1573,0.5873015873015872,0.38095238095238093,-0.16457653179816126,-0.08332769970774334,-0.10347922196265298,True
1574,0.6031746031746031,0.38095238095238093,-0.16575884514137912,-0.10025654824952239,-0.1023306653634244,True
1575,0.6190476190476191,0.38095238095238093,-0.1669358181860157,-0.11726725074568264,-0.10094798512467683,True
1576,0.6349206349206349,0.38095238095238093,-0.16810298315290575,-0.13436215442267135,-0.09931235335748329,True
1577,0.6507936507936507,0.38095238095238093,-0.16926213226441575,-0.15154465787130286,-0.09746187821728097,True
1578,0.6666666666666666,0.38095238095238093,-0.1703763524968124,-0.1688024307896568,-0.09535822819749824,True
1579,0.6825396825396826,0.38095238095238093,-0.1714326638146957,-0.18612434869252145,-0.0930339482399354,True
1580,0.6984126984126984,0.38095238095238093,-0.17238918967828773,-0.2034739005634841,-0.0904617452186064,True
1581,0.7142857142857142,0.38095238095238093,-0.17320573208647785,-0.2208039096540369,-0.08766797313690029,True
1582,0.7301587301587301,0.38095238095238093,-0.17384633584193504,-0.23806003517791538,-0.08463903816637955,True
1583,0.746031746031746,0.38095238095238093,-0.17426944165937325,-0.2551712800332897,-0.08139608168232929,True
1584,0.7619047619047619,0.38095238095238093,-0.17451677437734747,-0.2721554738556711,-0.07793025202461333,True
1585,0.7777777777777777,0.38095238095238093,-0.17473266903239032,-0.2891851064931677,-0.07424251014259478,True
1586,0.7936507936507936,0.38095238095238093,-0.17523537809854167,-0.30676189021237765,-0.07033253737227099,True
1587,0.8095238095238095,0.38095238095238093,-0.1765516873276473,-0.3258798402919509,-0.06617411664390609,True
1588,0.8253968253968254,0.38095238095238093,-0.17956663734389014,-0.348418686341696,-0.061679063138485556,True
1589,0.8412698412698412,0.38095238095238093,-0.18489522139400782,-0.3763506470141872,-0.05670770329654555,True
1590,0.8571428571428571,0.38095238095238093,-0.19184843209687935,-0.4097308603476538,-0.05112405728850184,True
1591,0.873015873015873,0.38095238095238093,-0.19733027593526434,-0.4436842323475561,-0.044749265702640324,True
1592,0.8888888888888888,0.38095238095238093,-0.1950539797059613,-0.46476721383662545,-0.037769322728659245,True
1593,0.9047619047619047,0.38095238095238093,-0.18009393157097084,-0.4590584541032497,-0.030806638488879233,True
1594,0.9206349206349206,0.38095238095238093,-0.14758269147697026,-0.4063212170563148,-0.024943356316060095,True
1595,0.9365079365079365,0.38095238095238093,-0.10248047041923045,-0.3090048397220335,-0.021328178435807976,True
1596,0.9523809523809523,0.38095238095238093,-0.057169063501479246,-0.1918980364136145,-0.01991560886233903,True
1597,0.9682539682539681,0.38095238095238093,-0.02306291399537733,-0.08750070687386571,-0.01987825828738482,True
1598,0.9841269841269841,0.38095238095238093,-0.004841075919104236,-0.019934105818438557,-0.020289117841705763,True
1599,1.0,0.38095238095238093,-8.603886496474375e-07,-1.2541829537106604e-05,-0.020618918303159844,True
1600,0.0,0.3968253968253968,3.857102124494029e-07,4.397812918817314e-05,-0.011272704408963656,True
1601,0.015873015873015872,0.3968253968253968,-0.004349890746079689,0.12986306588993118,-0.01156343447515717,True
1602,0.031746031746031744,0.3968253968253968,-0.015336994557440217,0.20159197524308078,-0.012137734457322077,True
1603,0.047619047619047616,0.3968253968253968,-0.029540576558865838,0.24738633723920464,-0.013286594860254727,True
1604,0.06349206349206349,0.3968253968253968,-0.04450112974864725,0.28553418524097696,-0.015198758209546881,True
1605,0.07936507936507936,0.3968253968253968,-0.05896913953166574,0.31937202298789863,-0.017974385538692052,True
1606,0.09523809523809523,0.3968253968253968,-0.07224038592416733,0.3466305471602995,-0.02164256051597782,True
1607,0.1111111111111111,0.3968253968253968,-0.08371704860480413,0.36503615176491555,-0.026123271310604795,True
1608,0.12698412698412698,0.3968253968253968,-0.09314218984130002,0.3738398766309,-0.031234129016400755,True
1609,0.14285714285714285,0.3968253968253968,-0.10054816276051912,0.37400290671449354,-0.036755380632112526,True
1610,0.15873015873015872,0.3968253968253968,-0.10620713101976882,0.3672798173941306,-0.042468264407286446,True
1611,0.1746031746031746,0.3968253968253968,-0.11033388373598489,0.35512790325485133,-0.04818922602671947,True
1612,0.19047619047619047,0.3968253968253968,-0.11319793511652317,0.33893025242993907,-0.053734929234478056,True
1613,0.20634920634920634,0.3968253968253968,-0.11528561318883986,0.32066355332462904,-0.05901649155786767,True
1614,0.2222222222222222,0.3968253968253968,-0.11704207423349523,0.3018972395562172,-0.06398039941509875,True
1615,0.23809523809523808,0.3968253968253968,-0.11870269577223531,0.2834417066625309,-0.06864088529406444,True
1616,0.25396825396825395,0.3968253968253968,-0.12038393206871818,0.2655671807616953,-0.07300585588229105,True
1617,0.2698412698412698,0.3968253968253968,-0.12212108091600545,0.24829056836065266,-0.077081037433877,True
1618,0.2857142857142857,0.3968253968253968,-0.12388741138316715,0.23145635203072332,-0.08089447351025296,True
1619,0.30158730158730157,0.3968253968253968,-0.1256440009903268,0.21490202255216465,-0.08445445272391862,True
1620,0.31746031746031744,0.3968253968253968,-0.12735920781719448,0.1984977382877116,-0.08776603301166712,True
1621,0.3333333333333333,0.3968253968253968,-0.1290098450812877,0.18215175270607967,-0.09083604735013892,True
1622,0.3492063492063492,0.3968253968253968,-0.13058452729354267,0.165812666165632,-0.0936434657822843,True
1623,0.36507936507936506,0.3968253968253968,-0.132083683040763,0.14945919963358942,-0.09622000823892206,True
1624,0.38095238095238093,0.3968253968253968,-0.13351530063803546,0.1330879881626228,-0.09853595264687835,True
1625,0.3968253968253968,0.3968253968253968,-0.13489070367478126,0.11670153726022761,-0.10060815642861475,True
1626,0.4126984126984127,0.3968253968253968,-0.13622080407199763,0.10030368389941938,-0.10242747006982647,True
1627,0.42857142857142855,0.3968253968253968,-0.13751599473846662,0.08388826025183743,-0.10399343937816742,True
1628,0.4444444444444444,0.3968253968253968,-0.13878458035953328,0.06745933232031402,-0.10532190194780691,True
1629,0.4603174603174603,0.3968253968253968,-0.14003358778436878,0.051008322295067805,-0.10638698792485766,True
1630,0.47619047619047616,0.3968253968253968,-0.14127113882173672,0.03453084072686254,-0.10720427872269538,True
1631,0.49206349206349204,0.3968253968253968,-0.14250196766550288,0.01802131762346236,-0.10777488990888172,True
1632,0.5079365079365079,0.3968253968253968,-0.14372682787353405,0.0014711260645515838,-0.10809836687250104,True
1633,0.5238095238095237,0.3968253968253968,-0.14495042316184578,-0.015127840526270012,-0.10817278473612209,True
1634,0.5396825396825397,0.3968253968253968,-0.14618308751663925,-0.03178004195268736,-0.10799754805084485,True
1635,0.5555555555555556,0.3968253968253968,-0.14741561770942807,-0.048490128980135605,-0.1075937250045161,True
1636,0.5714285714285714,0.3968253968253968,-0.1486566466810461,-0.06526530443082101,-0.10693533287162311,True
1637,0.5873015873015872,0.3968253968253968,-0.14990514348131173,-0.08211189244981629,-0.10603853608957337,True
1638,0.6031746031746031,0.3968253968253968,-0.1511598062380936,-0.09903749112640271,-0.10489705543799298,True
1639,0.6190476190476191,0.3968253968253968,-0.1524250504289091,-0.11604799253941725,-0.10352525587602311,True
1640,0.6349206349206349,0.3968253968253968,-0.15368492970496553,-0.13315128713200455,-0.1019154277168688,True
1641,0.6507936507936507,0.3968253968253968,-0.15493400553129888,-0.15035006014733662,-0.1000693880025935,True
1642,0.6666666666666666,0.3968253968253968,-0.1561687066820421,-0.16764914287852817,-0.09799945414548628,True
1643,0.6825396825396826,0.3968253968253968,-0.1573559036705666,-0.18503493944821578,-0.09568138048244866,True
1644,0.6984126984126984,0.3968253968253968,-0.15847186156723458,-0.20249306184057903,-0.0931454912484399,True
1645,0.7142857142857142,0.3968253968253968,-0.1594756471899806,-0.21997997733782007,-0.09036516315477844,True
1646,0.7301587301587301,0.3968253968253968,-0.16030790468011172,-0.23743290455188007,-0.08737409354829087,True
1647,0.746031746031746,0.3968253968253968,-0.16092204781144673,-0.25476566611719464,-0.08415176860362666,True
1648,0.7619047619047619,0.3968253968253968,-0.16130678278785512,-0.2719362559840566,-0.08071992382634582,True
1649,0.7777777777777777,0.3968253968253968,-0.16150848794117234,-0.28897507948781226,-0.07707537920157921,True
1650,0.7936507936507936,0.3968253968253968,-0.1617262805811076,-0.3061803672442065,-0.07322765873030068,True
1651,0.8095238095238095,0.3968253968253968,-0.16242748547581348,-0.32438269953686166,-0.0691473553414088,True
1652,0.8253968253968254,0.3968253968253968,-0.16429430529193007,-0.34508957612986574,-0.06480193591481745,True
1653,0.8412698412698412,0.3968253968253968,-0.1681243718421601,-0.37048856983523504,-0.06009148754880956,True
1654,0.8571428571428571,0.3968253968253968,-0.17432408410113284,-0.4026161996358101,-0.05481012675781093,True
1655,0.873015873015873,0.3968253968253968,-0.1810580282800166,-0.4393023842627917,-0.04881556561584824,True
1656,0.8888888888888888,0.3968253968253968,-0.18324957984419896,-0.47015322727974646,-0.0420468410297757,True
1657,0.9047619047619047,0.3968253968253968,-0.1747250579794143,-0.4787891813518119,-0.03495512815302777,True
1658,0.9206349206349206,0.3968253968253968,-0.14998425654184117,-0.4441532816072953,-0.028450714994520267,True
1659,0.9365079365079365,0.3968253968253968,-0.10941978012187492,-0.3559204501420739,-0.023961321315032997,True
1660,0.9523809523809523,0.3968253968253968,-0.06396247627955658,-0.23399891772753864,-0.021935611191813087,True
1661,0.9682539682539681,0.3968253968253968,-0.02694274024472905,-0.11490032525236137,-0.02166113662572064,True
1662,0.9841269841269841,0.3968253968253968,-0.005947265458221485,-0.03165095584373298,-0.02207129350915243,True
1663,1.0,0.3968253968253968,-4.6147053705232176e-07,-4.673938288877326e-05,-0.02246761738038564,True
1664,0.0,0.4126984126984127,-1.0300340705926076e-06,-4.900148501508537e-05,-0.01402520903178435,True
1665,0.015873015873015872,0.4126984126984127,-0.0033564964847413604,0.13737039489391595,-0.014271991360498818,True
1666,0.031746031746031744,0.4126984126984127,-0.012598987916920839,0.213850672123043,-0.014851779511973646,True
1667,0.047619047619047616,0.4126984126984127,-0.025012956106667417,0.2614024028783353,-0.016045142680819087,True
1668,0.06349206349206349,0.4126984126984127,-0.03827562086122917,0.29959554415972517,-0.018016019277774922,True
1669,0.07936507936507936,0.4126984126984127,-0.051005516995013336,0.33249722668318554,-0.020864985907142444,True
1670,0.09523809523809523,0.4126984126984127,-0.06254501922492076,0.3582745197655126,-0.02459754145383046,True
1671,0.1111111111111111,0.4126984126984127,-0.07247216065550068,0.37478945941423086,-0.02911825441208548,True
1672,0.12698412698412698,0.4126984126984127,-0.08055938189538511,0.38158747596955234,-0.0342353667090537,True
1673,0.14285714285714285,0.4126984126984127,-0.08697009814401434,0.3800952849559796,-0.039729336189514255,True
1674,0.15873015873015872,0.4126984126984127,-0.09189110160687551,0.37189523965249893,-0.045390342177740774,True
1675,0.1746031746031746,0.4126984126984127,-0.09547490369942714,0.3583288600061968,-0.05102272150373158,True
1676,0.19047619047619047,0.4126984126984127,-0.09807756302205003,0.34120310759763345,-0.05646585387006879,True
1677,0.20634920634920634,0.4126984126984127,-0.10012102209960645,0.3225322556111764,-0.0616570697276457,True
1678,0.2222222222222222,0.4126984126984127,-0.10192535968071893,0.30361660654295675,-0.0665380912960919,True
1679,0.23809523809523808,0.4126984126984127,-0.1036676566349479,0.28514047705117607,-0.07112890736775222,True
1680,0.25396825396825395,0.4126984126984127,-0.10543057970952255,0.26731674146224516,-0.07542682974569542,True
1681,0.2698412698412698,0.4126984126984127,-0.10721155001805796,0.25006282316745665,-0.079461431711051,True
1682,0.2857142857142857,0.4126984126984127,-0.1089918066316131,0.23322680055615985,-0.0832391198823497,True
1683,0.30158730158730157,0.4126984126984127,-0.11073590076173236,0.2166371467646581,-0.08677296442096262,True
1684,0.31746031746031744,0.4126984126984127,-0.11241959018114527,0.20016932179574173,-0.09006931263794805,True
1685,0.3333333333333333,0.4126984126984127,-0.11402834973672275,0.1837440303107658,-0.09311471690888914,True
1686,0.3492063492063492,0.4126984126984127,-0.11556293391419964,0.16732850672895871,-0.0959217978190512,True
1687,0.36507936507936506,0.4126984126984127,-0.11702704337833124,0.1509055132981166,-0.09847726141902524,True
1688,0.38095238095238093,0.4126984126984127,-0.11843383146157785,0.13448018915116008,-0.1007906189671891,True
1689,0.3968253968253968,0.4126984126984127,-0.11979252107829687,0.11804809312742727,-0.10285781067814351,True
1690,0.4126984126984127,0.4126984126984127,-0.12111446913958593,0.10161206591853217,-0.10467353126138244,True
1691,0.42857142857142855,0.4126984126984127,-0.12241125980477548,0.08517224636441935,-0.10624379169108465,True
1692,0.4444444444444444,0.4126984126984127,-0.12369041266192699,0.06872449432394004,-0.10756727400892627,True
1693,0.4603174603174603,0.4126984126984127,-0.12496010879788066,0.052262257892346564,-0.1086329437022754,True
1694,0.47619047619047616,0.4126984126984127,-0.12622496512669254,0.03577888619360064,-0.10945138046969946,True
1695,0.49206349206349204,0.4126984126984127,-0.12748809822856905,0.019267523265404707,-0.1100323932084015,True
1696,0.5079365079365079,0.4126984126984127,-0.12875332802745187,0.0027192930659412093,-0.110363574269929,True
1697,0.5238095238095237,0.4126984126984127,-0.13002820834309686,-0.013874616227130526,-0.11044111363288361,True
1698,0.5396825396825397,0.4126984126984127,-0.13130815015434572,-0.030520690091997614,-0.11027241326531194,True
1699,0.5555555555555556,0.4126984126984127,-0.13260506275252243,-0.04722121398755399,-0.10987620426214514,True
1700,0.5714285714285714,0.4126984126984127,-0.13391396479185638,-0.06398563133280018,-0.10922453551244515,True
1701,0.5873015873015872,0.4126984126984127,-0.1352365388745999,-0.08082159023965407,-0.10833231449756497,True
1702,0.6031746031746031,0.4126984126984127,-0.13656796016547207,-0.09773774154325048,-0.10721637034362155,True
1703,0.6190476190476191,0.4126984126984127,-0.1379096496220953,-0.11474249850580004,-0.10585068451836359,True
1704,0.6349206349206349,0.4126984126984127,-0.13926319264211023,-0.13184491662379,-0.10425595179370571,True
1705,0.6507936507936507,0.4126984126984127,-0.14061717615577596,-0.14905339183157643,-0.10243010803245786,True
1706,0.6666666666666666,0.4126984126984127,-0.14195841420199976,-0.16637420193150063,-0.10037354495946671,True
1707,0.6825396825396826,0.4126984126984127,-0.14327508114087115,-0.18380772907948678,-0.09807740681362855,True
1708,0.6984126984126984,0.4126984126984127,-0.14454014753130864,-0.2013457804911161,-0.09556632768441417,True
1709,0.7142857142857142,0.4126984126984127,-0.14571279553988412,-0.21895667357621207,-0.09281754572501415,True
1710,0.7301587301587301,0.4126984126984127,-0.14674573446497668,-0.23658845754536242,-0.08985360532603855,True
1711,0.746031746031746,0.4126984126984127,-0.1475873726883835,-0.2541660718053502,-0.08667104071814416,True
1712,0.7619047619047619,0.4126984126984127,-0.1481655259546183,-0.27156613982140554,-0.08326572426661857,True
1713,0.7777777777777777,0.4126984126984127,-0.14851383036871138,-0.28879633994124976,-0.07966678479481455,True
1714,0.7936507936507936,0.4126984126984127,-0.14870343236971253,-0.3059473598064515,-0.0758718245594545,True
1715,0.8095238095238095,0.4126984126984127,-0.14905610619665197,-0.32358622842186124,-0.0718711714344136,True
1716,0.8253968253968254,0.4126984126984127,-0.15008058168256455,-0.3428445392650236,-0.06765936464339041,True
1717,0.8412698412698412,0.4126984126984127,-0.1527625152908731,-0.36615643668557424,-0.06313094987350057,True
1718,0.8571428571428571,0.4126984126984127,-0.1577274170080877,-0.39598061644285903,-0.05815312394678984,True
1719,0.873015873015873,0.4126984126984127,-0.16437757799958871,-0.43276368697726475,-0.05255023409049323,True
1720,0.8888888888888888,0.4126984126984127,-0.16945396373099028,-0.47043844762917997,-0.04611097061309739,True
1721,0.9047619047619047,0.4126984126984127,-0.16583997634397896,-0.49069527268711216,-0.03908074117361454,True
1722,0.9206349206349206,0.4126984126984127,-0.14850341361057418,-0.47497537849394167,-0.03224490253469018,True
1723,0.9365079365079365,0.4126984126984127,-0.1136184547165841,-0.399828768987096,-0.02699221807184857,True
1724,0.9523809523809523,0.4126984126984127,-0.06967140670620572,-0.2776852590220277,-0.0242961951068379,True
1725,0.9682539682539681,0.4126984126984127,-0.030804938898453194,-0.1463003033048034,-0.023702146229146945,True
1726,0.9841269841269841,0.4126984126984127,-0.007059402819860661,-0.04524909146088906,-0.024079265939961698,True
1727,1.0,0.4126984126984127,8.877431912979484e-07,5.941678781156465e-05,-0.024535364088227696,True
1728,0.0,0.42857142857142855,3.905070625250246e-07,2.9910944582897627e-05,-0.01675474746503846,True
1729,0.015873015873015872,0.42857142857142855,-0.0023405766678887227,0.14299032104556647,-0.016949748984250022,True
1730,0.031746031746031744,0.42857142857142855,-0.009665602982209226,0.2241579688140919,-0.01752568312858984,True
1731,0.047619047619047616,0.42857142857142855,-0.020215245037412784,0.27369417562657194,-0.018746824002318346,True
1732,0.06349206349206349,0.42857142857142855,-0.031664796246079506,0.3118654890709245,-0.020761911680984603,True
1733,0.07936507936507936,0.42857142857142855,-0.042597337671374254,0.34386323909245003,-0.023653035833096057,True
1734,0.09523809523809523,0.42857142857142855,-0.052532048155475346,0.3682359954367673,-0.027414887521447124,True
1735,0.1111111111111111,0.42857142857142855,-0.06095622226909396,0.3830314071964187,-0.031937437529710275,True
1736,0.12698412698412698,0.42857142857142855,-0.06785102883761665,0.3881881355593738,-0.03702636665350811,True
1737,0.14285714285714285,0.42857142857142855,-0.0733711370397729,0.3853379763022624,-0.042471240735775476,True
1738,0.15873015873015872,0.42857142857142855,-0.07763477866749081,0.3758216625643604,-0.048056526174988776,True
1739,0.1746031746031746,0.42857142857142855,-0.08082631795831663,0.36121597366019814,-0.053596326356951954,True
1740,0.19047619047619047,0.42857142857142855,-0.08324312111507186,0.3434348238054337,-0.058946489818426616,True
1741,0.20634920634920634,0.42857142857142855,-0.08524880828677467,0.3244169624718882,-0.06403619541471656,True
1742,0.2222222222222222,0.42857142857142855,-0.08708738622111147,0.305390300478013,-0.06883326788752342,True
1743,0.23809523809523808,0.42857142857142855,-0.0888783910434883,0.2869142716987563,-0.07335245635003891,True
1744,0.25396825396825395,0.42857142857142855,-0.09066536861193664,0.2690983097891134,-0.07760077708913296,True
1745,0.2698412698412698,0.42857142857142855,-0.09244902837207288,0.2518457951628167,-0.08159351949431635,True
1746,0.2857142857142857,0.42857142857142855,-0.09420321507016405,0.23497532684301098,-0.08534393171424028,True
1747,0.30158730158730157,0.42857142857142855,-0.09590378177670646,0.21832635274570206,-0.08884575107464378,True
1748,0.31746031746031744,0.42857142857142855,-0.09753587229570655,0.20178696238685334,-0.0921229677096126,True
1749,0.3333333333333333,0.42857142857142855,-0.09909456446100381,0.1852901482155986,-0.09515632336362476,True
1750,0.3492063492063492,0.42857142857142855,-0.10058091100235696,0.16880397514434692,-0.09794835983655666,True
1751,0.36507936507936506,0.42857142857142855,-0.10200546237791921,0.15232244423124683,-0.10050006409125432,True
1752,0.38095238095238093,0.42857142857142855,-0.10337952230023192,0.13584596034669388,-0.10280733245651152,True
1753,0.3968253968253968,0.42857142857142855,-0.10471690826973543,0.11937790754311099,-0.10485815983398698,True
1754,0.4126984126984127,0.42857142857142855,-0.10602620507234665,0.10291580721875498,-0.10667659866203064,True
1755,0.42857142857142855,0.42857142857142855,-0.10732027598223974,0.08645993165307782,-0.10824784507724072,True
1756,0.4444444444444444,0.42857142857142855,-0.10860577474792145,0.07000291357125218,-0.10956230027487082,True
1757,0.4603174603174603,0.42857142857142855,-0.10988912766141368,0.053537282074595474,-0.11063612067897775,True
1758,0.47619047619047616,0.42857142857142855,-0.11117538982350508,0.03705558167221824,-0.1114625912319227,True
1759,0.49206349206349204,0.42857142857142855,-0.11246963578059324,0.020549589752762602,-0.11204123768744367,True
1760,0.5079365079365079,0.42857142857142855,-0.11377596856413395,0.004011362185842483,-0.11237357661574834,True
1761,0.5238095238095237,0.42857142857142855,-0.11509477958976566,-0.01257181830482303,-0.11246042884766633,True
1762,0.5396825396825397,0.42857142857142855,-0.11643155828147067,-0.029202827771469108,-0.1123069695964226,True
1763,0.5555555555555556,0.42857142857142855,-0.11778674741183973,-0.045888408793134376,-0.11190303457323705,True
1764,0.5714285714285714,0.42857142857142855,-0.119164741859585,-0.06263542090082241,-0.11126271588924062,True
1765,0.5873015873015872,0.42857142857142855,-0.12055239861136433,-0.07945695719645142,-0.11038139320846208,True
1766,0.6031746031746031,0.42857142857142855,-0.12197199774273676,-0.09635594408611052,-0.1092740858461662,True
1767,0.6190476190476191,0.42857142857142855,-0.1234067621108693,-0.11334699551165803,-0.10791934001946452,True
1768,0.6349206349206349,0.42857142857142855,-0.12485725880787947,-0.1304408133158785,-0.10633350287170704,True
1769,0.6507936507936507,0.42857142857142855,-0.1263077943122826,-0.14764911810250964,-0.10453097151850255,True
1770,0.6666666666666666,0.42857142857142855,-0.1277681351344632,-0.16498135094384503,-0.10248153400624946,True
1771,0.6825396825396826,0.42857142857142855,-0.12920815862690316,-0.18244545258477216,-0.10022109218082106,True
1772,0.6984126984126984,0.42857142857142855,-0.13061767923308942,-0.2000405482743609,-0.09772134596929857,True
1773,0.7142857142857142,0.42857142857142855,-0.13195395256547443,-0.21774845851977115,-0.0950064083273493,True
1774,0.7301587301587301,0.42857142857142855,-0.1331872086587055,-0.23553420517883658,-0.09207549967592228,True
1775,0.746031746031746,0.42857142857142855,-0.13424851342752522,-0.253319987882532,-0.08892990413291585,True
1776,0.7619047619047619,0.42857142857142855,-0.13509171630955155,-0.27100994104102116,-0.08556857298320647,True
1777,0.7777777777777777,0.42857142857142855,-0.13564291042063042,-0.2884845778812772,-0.08201691101991317,True
1778,0.7936507936507936,0.42857142857142855,-0.13595116800827606,-0.305760467940589,-0.07827283364645334,True
1779,0.8095238095238095,0.42857142857142855,-0.13619234522403176,-0.3231444511733041,-0.07434803354940224,True
1780,0.8253968253968254,0.42857142857142855,-0.13679271971537463,-0.341558669574685,-0.07023373224077975,True
1781,0.8412698412698412,0.42857142857142855,-0.1385076894543515,-0.3629527090197213,-0.06587903870814282,True
1782,0.8571428571428571,0.42857142857142855,-0.14230461723752838,-0.390396254798398,-0.06116078950452888,True
1783,0.873015873015873,0.42857142857142855,-0.14829350074648018,-0.42590839845378636,-0.05588174586909529,True
1784,0.8888888888888888,0.42857142857142855,-0.15454615241304187,-0.46680256944188453,-0.04987238788051921,True
1785,0.9047619047619047,0.42857142857142855,-0.15520706765242281,-0.4982905186789964,-0.043094540938907924,True
1786,0.9206349206349206,0.42857142857142855,-0.14343263015057123,-0.4975464333747821,-0.036173393418874676,True
1787,0.9365079365079365,0.42857142857142855,-0.11485251696363381,-0.43877576658219036,-0.03033434570904899,True
1788,0.9523809523809523,0.42857142857142855,-0.0738939713825993,-0.32124311492513763,-0.02697176202820871,True
1789,0.9682539682539681,0.42857142857142855,-0.03414580369589166,-0.17945789085308406,-0.02598549962172671,True
1790,0.9841269841269841,0.42857142857142855,-0.008200626905573695,-0.06130788533243416,-0.026298162914138862,True
1791,1.0,0.42857142857142855,-1.2553754479241151e-06,7.470552419558333e-05,-0.0268065397026108,True
1792,0.0,0.4444444444444444,-3.314242137214891e-07,6.780913958888052e-06,-0.019379579259642135,True
1793,0.015873015873015872,0.4444444444444444,-0.0012955217674143916,0.14695992829973645,-0.019520095207595466,True
1794,0.031746031746031744,0.4444444444444444,-0.006623736966355592,0.23259489615223233,-0.02008650799229662,True
1795,0.047619047619047616,0.4444444444444444,-0.015200506785983609,0.28405084070489883,-0.021323245659708546,True
1796,0.06349206349206349,0.4444444444444444,-0.0247407919172645,0.32229839396788035,-0.02336241968079317,True
1797,0.07936507936507936,0.4444444444444444,-0.034010318396439906,0.353507736001773,-0.02626873542313753,True
1798,0.09523809523809523,0.4444444444444444,-0.04226690610185556,0.3766526401601072,-0.0300320500775311,True
1799,0.1111111111111111,0.4444444444444444,-0.04934492059576514,0.39015705961567004,-0.03453531282135187,True
1800,0.12698412698412698,0.4444444444444444,-0.05515507942043304,0.3939737183418374,-0.03957825633533448,True
1801,0.14285714285714285,0.4444444444444444,-0.059859516479602054,0.38987473604496126,-0.04495180942397537,True
1802,0.15873015873015872,0.4444444444444444,-0.06355201511807555,0.37924675326547214,-0.050446064170903186,True
1803,0.1746031746031746,0.4444444444444444,-0.06639163104162521,0.3637965606358127,-0.05588596949164172,True
1804,0.19047619047619047,0.4444444444444444,-0.06867061476934054,0.34554668354609436,-0.06114402815766995,True
1805,0.20634920634920634,0.4444444444444444,-0.07064420459864365,0.3263054899163696,-0.0661457441327682,True
1806,0.2222222222222222,0.4444444444444444,-0.07248876065806334,0.3072019584611537,-0.07087147625919979,True
1807,0.23809523809523808,0.4444444444444444,-0.07428586301856548,0.28870279540074534,-0.07532712339072806,True
1808,0.25396825396825395,0.4444444444444444,-0.07606403470339296,0.27088043566279235,-0.07952420502805835,True
1809,0.2698412698412698,0.4444444444444444,-0.07781118959552864,0.2535981990968068,-0.08347817185630088,True
1810,0.2857142857142857,0.4444444444444444,-0.07951046769266368,0.2366776442259741,-0.08718740189066548,True
1811,0.30158730158730157,0.4444444444444444,-0.08114937434719764,0.21996439436107856,-0.09068267762700646,True
1812,0.31746031746031744,0.4444444444444444,-0.08271726768893253,0.20335326814148244,-0.093932440670055,True
1813,0.3333333333333333,0.4444444444444444,-0.08420843738241302,0.18678077570533558,-0.09695070324221942,True
1814,0.3492063492063492,0.4444444444444444,-0.08563763173098506,0.1702309625412297,-0.0997303074286359,True
1815,0.36507936507936506,0.4444444444444444,-0.08701428608504336,0.15369769895520655,-0.10227077344677142,True
1816,0.38095238095238093,0.4444444444444444,-0.08834894507186304,0.13718108099099602,-0.10456329544870703,True
1817,0.3968253968253968,0.4444444444444444,-0.08965929331414021,0.1206871964196537,-0.10662627016421218,True
1818,0.4126984126984127,0.4444444444444444,-0.0909510715002714,0.10420953598857084,-0.10843597541764752,True
1819,0.42857142857142855,0.4444444444444444,-0.09223568154376875,0.08774602149570603,-0.11000188101585982,True
1820,0.4444444444444444,0.4444444444444444,-0.09352066515817407,0.07128821094287353,-0.11131966682593193,True
1821,0.4603174603174603,0.4444444444444444,-0.09481306409335889,0.0548279274150574,-0.11239428257863956,True
1822,0.47619047619047616,0.4444444444444444,-0.09611842950234376,0.03835727110235342,-0.1132260336353732,True
1823,0.49206349206349204,0.4444444444444444,-0.09743730489912913,0.021864063342325903,-0.1137980066033882,True
1824,0.5079365079365079,0.4444444444444444,-0.09878044268331483,0.0053443048146042445,-0.1141347812109844,True
1825,0.5238095238095237,0.4444444444444444,-0.10013986312398541,-0.011220933656995618,-0.11423043963820904,True
1826,0.5396825396825397,0.4444444444444444,-0.10153278519383072,-0.027827992530735937,-0.11408047164652674,True
1827,0.5555555555555556,0.4444444444444444,-0.1029427409930753,-0.04449285220864592,-0.11367988115207267,True
1828,0.5714285714285714,0.4444444444444444,-0.1043930535330066,-0.06121378327788232,-0.1130534666856379,True
1829,0.5873015873015872,0.4444444444444444,-0.10586132160130766,-0.07801078357077093,-0.1121788353968814,True
1830,0.6031746031746031,0.4444444444444444,-0.10736956990209576,-0.09488512087425811,-0.11106912102874436,True
1831,0.6190476190476191,0.4444444444444444,-0.10889296466151652,-0.11185706788201683,-0.10973019513975255,True
1832,0.6349206349206349,0.4444444444444444,-0.11044219272034832,-0.12893468048120849,-0.10816508340516451,True
1833,0.6507936507936507,0.4444444444444444,-0.11200901712900393,-0.14613283995793497,-0.10635854240038113,True
1834,0.6666666666666666,0.4444444444444444,-0.11358824050419876,-0.16346559713277248,-0.10433869722459092,True
1835,0.6825396825396826,0.4444444444444444,-0.11516212358467477,-0.18094563317828058,-0.10209259034214153,True
1836,0.6984126984126984,0.4444444444444444,-0.11672210438572805,-0.19858039048265025,-0.09961952755692728,True
1837,0.7142857142857142,0.4444444444444444,-0.11822609583708588,-0.21636107695189208,-0.09693130370936782,True
1838,0.7301587301587301,0.4444444444444444,-0.11965638784225709,-0.2342721530968484,-0.09403313020966869,True
1839,0.746031746031746,0.4444444444444444,-0.1209477167752459,-0.2522418233930087,-0.09091953190603175,True
1840,0.7619047619047619,0.4444444444444444,-0.12202866912037841,-0.27017311980316916,-0.08761173982885406,True
1841,0.7777777777777777,0.4444444444444444,-0.12283739888914114,-0.2879249130135945,-0.0840986941496256,True
1842,0.7936507936507936,0.4444444444444444,-0.12337955118079669,-0.3054611755894719,-0.08041763400601307,True
1843,0.8095238095238095,0.4444444444444444,-0.12370619620123878,-0.3228593793376399,-0.07656285033022509,True
1844,0.8253968253968254,0.4444444444444444,-0.12413157470348521,-0.3407872372720105,-0.07254198739656942,True
1845,0.8412698412698412,0.4444444444444444,-0.1252540128159886,-0.3608067174149183,-0.06833124560071466,True
1846,0.8571428571428571,0.4444444444444444,-0.1280069218602127,-0.38589549876324686,-0.06384362513959235,True
1847,0.873015873015873,0.4444444444444444,-0.13307955452311201,-0.4193599183183199,-0.058905627711308625,True
1848,0.8888888888888888,0.4444444444444444,-0.13949768466032345,-0.461010210769269,-0.053272297182653215,True
1849,0.9047619047619047,0.4444444444444444,-0.1428921933126169,-0.5003357755516524,-0.04685308166964258,True
1850,0.9206349206349206,0.4444444444444444,-0.13624465470916985,-0.5139920760686933,-0.04002033863550312,True
1851,0.9365079365079365,0.4444444444444444,-0.11378929637872337,-0.4731494892937435,-0.033835748672566,True
1852,0.9523809523809523,0.4444444444444444,-0.07654111635457327,-0.3634487242618859,-0.029867970981599847,True
1853,0.9682539682539681,0.4444444444444444,-0.03697426268692313,-0.21447436344906826,-0.02849526470306542,True
1854,0.9841269841269841,0.4444444444444444,-0.009260150425210114,-0.07909167347299928,-0.028706250168748965,True
1855,1.0,0.4444444444444444,-1.6799977774229272e-07,-0.00014184575187825725,-0.0292605645795102,True
1856,0.0,0.4603174603174603,-2.477748949171045e-07,8.573083334180406e-06,-0.021834076039303117,True
1857,0.015873015873015872,0.4603174603174603,-0.0002559267779650489,0.14929035598913543,-0.021922551220901847,True
1858,0.031746031746031744,0.4603174603174603,-0.0035219892725691796,0.23894621733538526,-0.02246876941553031,True
1859,0.047619047619047616,0.4603174603174603,-0.009965469000048986,0.29252807915941315,-0.02370660616676855,True
1860,0.06349206349206349,0.4603174603174603,-0.017681613532899137,0.33092600277277695,-0.025752159394919268,True
1861,0.07936507936507936,0.4603174603174603,-0.025195837709831734,0.36157200807615963,-0.028661319889578603,True
1862,0.09523809523809523,0.4603174603174603,-0.03196633837198093,0.38374215946724294,-0.03240685174827387,True
1863,0.1111111111111111,0.4603174603174603,-0.03773466280830779,0.3960137876380555,-0.03686823619591591,True
1864,0.12698412698412698,0.4603174603174603,-0.04250330401540142,0.3987523096763103,-0.04184709688177192,True
1865,0.14285714285714285,0.4603174603174603,-0.04647471251152963,0.3937106314344433,-0.0471401185074198,True
1866,0.15873015873015872,0.4603174603174603,-0.049663133996380816,0.38225962317290846,-0.05254410009099091,True
1867,0.1746031746031746,0.4603174603174603,-0.05221651333285006,0.36621668994471396,-0.057894279826476734,True
1868,0.19047619047619047,0.4603174603174603,-0.05435616367699646,0.34759597283153876,-0.06305982175029572,True
1869,0.20634920634920634,0.4603174603174603,-0.0562773655176285,0.32817810923750534,-0.06798062727596578,True
1870,0.2222222222222222,0.4603174603174603,-0.058096748969445146,0.3090010479194083,-0.07263208361859122,True
1871,0.23809523809523808,0.4603174603174603,-0.059867711729609,0.2904731214897172,-0.0770353506792756,True
1872,0.25396825396825395,0.4603174603174603,-0.06159647023001266,0.2726156303184553,-0.08119061813817433,True
1873,0.2698412698412698,0.4603174603174603,-0.06328582323707495,0.25529478806848716,-0.08510395133506332,True
1874,0.2857142857142857,0.4603174603174603,-0.064906255648203,0.23831045777235457,-0.08879219928656103,True
1875,0.30158730158730157,0.4603174603174603,-0.06646328694711126,0.2215267924517511,-0.09226035904906524,True
1876,0.31746031746031744,0.4603174603174603,-0.06794431588642966,0.2048380175192596,-0.09548776847843223,True
1877,0.3333333333333333,0.4603174603174603,-0.06936623444236298,0.18820513253413046,-0.09849328879475126,True
1878,0.3492063492063492,0.4603174603174603,-0.07073047863581476,0.17160137589704358,-0.10126210495569485,True
1879,0.36507936507936506,0.4603174603174603,-0.07205240562241992,0.15502706809733138,-0.10379102302177252,True
1880,0.38095238095238093,0.4603174603174603,-0.0733425947451457,0.13848277961441027,-0.1060848885314115,True
1881,0.3968253968253968,0.4603174603174603,-0.07461527063353014,0.12196990937447783,-0.10813664439212956,True
1882,0.4126984126984127,0.4603174603174603,-0.07588070768220796,0.1054856069498026,-0.10994505227365788,True
1883,0.42857142857142855,0.4603174603174603,-0.07714855773664632,0.08902320276024749,-0.11151183292810787,True
1884,0.4444444444444444,0.4603174603174603,-0.07842660148543062,0.07257494980752137,-0.11282953275399184,True
1885,0.4603174603174603,0.4603174603174603,-0.07972084674810509,0.056128559804210346,-0.11389757134476738,True
1886,0.47619047619047616,0.4603174603174603,-0.08103835594752676,0.039678390756010214,-0.11473320137257194,True
1887,0.49206349206349204,0.4603174603174603,-0.08238103826214663,0.023210215286800617,-0.11531539733021148,True
1888,0.5079365079365079,0.4603174603174603,-0.08375259211630068,0.0067141879400325535,-0.11565796217357804,True
1889,0.5238095238095237,0.4603174603174603,-0.08515495210033408,-0.009821378104250158,-0.11575136289039717,True
1890,0.5396825396825397,0.4603174603174603,-0.08659741312062579,-0.026398536717218257,-0.1156028967980817,True
1891,0.5555555555555556,0.4603174603174603,-0.08807171664457474,-0.04302922911240604,-0.11521435676137004,True
1892,0.5714285714285714,0.4603174603174603,-0.08958971302386967,-0.05971784152351214,-0.11458427500690918,True
1893,0.5873015873015872,0.4603174603174603,-0.09113981031461915,-0.07648055999978583,-0.11371965195711872,True
1894,0.6031746031746031,0.4603174603174603,-0.09273868649274035,-0.09332219578595854,-0.11261206872862868,True
1895,0.6190476190476191,0.4603174603174603,-0.09435997793300469,-0.11026606208450014,-0.11128516610094681,True
1896,0.6349206349206349,0.4603174603174603,-0.09602506252975819,-0.12731697211744142,-0.10972504720135412,True
1897,0.6507936507936507,0.4603174603174603,-0.09770952890094968,-0.14449626083397102,-0.10793053109860964,True
1898,0.6666666666666666,0.4603174603174603,-0.09942024981794233,-0.16181919542132303,-0.10592974438846851,True
1899,0.6825396825396826,0.4603174603174603,-0.10114115149702722,-0.1793017519295805,-0.10369173563853024,True
1900,0.6984126984126984,0.4603174603174603,-0.1028504087470234,-0.19695834426235956,-0.1012432410249849,True
1901,0.7142857142857142,0.4603174603174603,-0.10454123585177001,-0.2147953231573271,-0.09858710983779291,True
1902,0.7301587301587301,0.4603174603174603,-0.10616979500538523,-0.23279876656426,-0.09571721231791963,True
1903,0.746031746031746,0.4603174603174603,-0.10767481550580928,-0.2509178821865036,-0.09265167455677897,True
1904,0.7619047619047619,0.4603174603174603,-0.10902478932331974,-0.26907327353971555,-0.08938010602181526,True
1905,0.7777777777777777,0.4603174603174603,-0.11014388552845163,-0.28713676896943513,-0.08592399654637718,True
1906,0.7936507936507936,0.4603174603174603,-0.11094178347439397,-0.3049425870761422,-0.08229702794804702,True
1907,0.8095238095238095,0.4603174603174603,-0.11147950373840476,-0.3225084399101951,-0.07850761939306558,True
1908,0.8253968253968254,0.4603174603174603,-0.11191957791118456,-0.3402247981205429,-0.07458514565408633,True
1909,0.8412698412698412,0.4603174603174603,-0.11276029275972645,-0.35939196269342033,-0.07048917647644741,True
1910,0.8571428571428571,0.4603174603174603,-0.11477309321254456,-0.38250802919956367,-0.06619674154723049,True
1911,0.873015873015873,0.4603174603174603,-0.11891025168507056,-0.4135720690844891,-0.06154931017299915,True
1912,0.8888888888888888,0.4603174603174603,-0.125026802852286,-0.4546518289762347,-0.0563356122177742,True
1913,0.9047619047619047,0.4603174603174603,-0.13016785868255842,-0.49950055639659036,-0.05031876829577949,True
1914,0.9206349206349206,0.4603174603174603,-0.1272176537085817,-0.5246295709158804,-0.04370355723944328,True
1915,0.9365079365079365,0.4603174603174603,-0.11041474928662053,-0.5018487048539587,-0.03740608554387915,True
1916,0.9523809523809523,0.4603174603174603,-0.0775399958975221,-0.40326813589216065,-0.03295317523021461,True
1917,0.9682539682539681,0.4603174603174603,-0.03910690075858977,-0.2506873749104855,-0.031176613927498584,True
1918,0.9841269841269841,0.4603174603174603,-0.010202060807506514,-0.09854925994884191,-0.031255753578653914,True
1919,1.0,0.4603174603174603,4.039719369862158e-06,0.00021239146626639242,-0.031848044128989145,True
1920,0.0,0.47619047619047616,9.176407534584718e-07,-3.22838259936728e-05,-0.024056422713733535,True
1921,0.015873015873015872,0.47619047619047616,0.0007388171128827301,0.14976151389371667,-0.024095648424949143,True
1922,0.031746031746031744,0.47619047619047616,-0.0004940959820141128,0.24292479918855608,-0.02461392680932988,True
1923,0.047619047619047616,0.47619047619047616,-0.004801611400834133,0.298844007187102,-0.025841659714875204,True
1924,0.06349206349206349,0.47619047619047616,-0.010590592339307155,0.33786436632554523,-0.02788915594529144,True
1925,0.07936507936507936,0.47619047619047616,-0.016396960855798594,0.36794736642453946,-0.030780331027871716,True
1926,0.09523809523809523,0.47619047619047616,-0.021637288721902962,0.38932786534254926,-0.034493588868966876,True
1927,0.1111111111111111,0.47619047619047616,-0.026135957673541033,0.40058273041394993,-0.03889481176649825,True
1928,0.12698412698412698,0.47619047619047616,-0.030012369141835454,0.4026192379639935,-0.043806775304661955,True
1929,0.14285714285714285,0.47619047619047616,-0.03324739395617028,0.3969471406990131,-0.049019065154380564,True
1930,0.15873015873015872,0.47619047619047616,-0.03597751100900955,0.3849460938787996,-0.05434429848912633,True
1931,0.1746031746031746,0.47619047619047616,-0.03825828162150356,0.36844807704547317,-0.05960829360865122,True
1932,0.19047619047619047,0.47619047619047616,-0.04026931259444834,0.3495515780395135,-0.06468288622685338,True
1933,0.20634920634920634,0.47619047619047616,-0.0421191481312397,0.33001028819161826,-0.0695305745346499,True
1934,0.2222222222222222,0.47619047619047616,-0.04388731361602564,0.310769220229547,-0.07412444828583953,True
1935,0.23809523809523808,0.47619047619047616,-0.045601397565462914,0.29219623912346077,-0.07847330585616158,True
1936,0.25396825396825395,0.47619047619047616,-0.04725524512093866,0.27428721272738976,-0.08259261760522381,True
1937,0.2698412698412698,0.47619047619047616,-0.04884620048099294,0.256899650689811,-0.08646954604697649,True
1938,0.2857142857142857,0.47619047619047616,-0.05037947155477839,0.23985353766359152,-0.09013277922444562,True
1939,0.30158730158730157,0.47619047619047616,-0.05183363435510016,0.222995863966943,-0.09357430702682903,True
1940,0.31746031746031744,0.47619047619047616,-0.053230775334724076,0.20624812258838077,-0.09679439802524323,True
1941,0.3333333333333333,0.47619047619047616,-0.05456479971835439,0.1895553562312261,-0.09978284733912636,True
1942,0.3492063492063492,0.47619047619047616,-0.055854198606559824,0.17290695236834097,-0.10254066702088545,True
1943,0.36507936507936506,0.47619047619047616,-0.057109419024524974,0.15630012060532664,-0.10506022261282183,True
1944,0.38095238095238093,0.47619047619047616,-0.05834705612574826,0.13973738778236264,-0.10735035588744392,True
1945,0.3968253968253968,0.47619047619047616,-0.05957477031348654,0.12321728528159526,-0.1093981065987547,True
1946,0.4126984126984127,0.47619047619047616,-0.06080678374298684,0.10673518097878067,-0.11119995795349658,True
1947,0.42857142857142855,0.47619047619047616,-0.062047188823481855,0.09028593323823966,-0.1127635928328565,True
1948,0.4444444444444444,0.47619047619047616,-0.0633103745504991,0.07385576577801845,-0.11408735235673588,True
1949,0.4603174603174603,0.47619047619047616,-0.06460056505103187,0.05743507064208444,-0.11516743180403043,True
1950,0.47619047619047616,0.47619047619047616,-0.06592362980637348,0.041014571445054084,-0.11598951037914178,True
1951,0.49206349206349204,0.47619047619047616,-0.06728270360923458,0.024578003532508937,-0.11658681821483143,True
1952,0.5079365079365079,0.47619047619047616,-0.06868176006421046,0.008118575914530262,-0.11692870986736448,True
1953,0.5238095238095237,0.47619047619047616,-0.07012462675523676,-0.008376527980440859,-0.11702599635740127,True
1954,0.5396825396825397,0.47619047619047616,-0.0716146482985468,-0.024913844500496746,-0.11688164961102286,True
1955,0.5555555555555556,0.47619047619047616,-0.07315341268564356,-0.04149857915660743,-0.11649153243118567,True
1956,0.5714285714285714,0.47619047619047616,-0.07473872724014799,-0.05814596672616395,-0.11586311904857084,True
1957,0.5873015873015872,0.47619047619047616,-0.07638058685822086,-0.07485973005555552,-0.1150022382596961,True
1958,0.6031746031746031,0.47619047619047616,-0.07807059983412651,-0.09166074854206059,-0.1139060083651703,True
1959,0.6190476190476191,0.47619047619047616,-0.07980207538727466,-0.10856329838884331,-0.11257523192130221,True
1960,0.6349206349206349,0.47619047619047616,-0.08159167407229266,-0.12557680026427104,-0.11101735257133352,True
1961,0.6507936507936507,0.47619047619047616,-0.08340736942723309,-0.14272805019242712,-0.10924525929579292,True
1962,0.6666666666666666,0.47619047619047616,-0.08525878545969634,-0.16002897471727365,-0.10724023243540146,True
1963,0.6825396825396826,0.47619047619047616,-0.08713602738265187,-0.17750255557747546,-0.10503119015284744,True
1964,0.6984126984126984,0.47619047619047616,-0.08901096091606732,-0.1951673760023989,-0.10260183272578079,True
1965,0.7142857142857142,0.47619047619047616,-0.09088356262879067,-0.21303515551321967,-0.09996133950712296,True
1966,0.7301587301587301,0.47619047619047616,-0.09270383938124176,-0.23110278285785782,-0.09712808901185915,True
1967,0.746031746031746,0.47619047619047616,-0.09446314660490113,-0.24934920895196075,-0.09409355916760014,True
1968,0.7619047619047619,0.47619047619047616,-0.0960821865614867,-0.26769273563574686,-0.0908676099516695,True
1969,0.7777777777777777,0.47619047619047616,-0.09746802851895131,-0.28599189172671763,-0.08746280132327074,True
1970,0.7936507936507936,0.47619047619047616,-0.09860929027284791,-0.3041287893230474,-0.08389586486792994,True
1971,0.8095238095238095,0.47619047619047616,-0.09943969611592912,-0.3219598367418199,-0.08017720481279798,True
1972,0.8253968253968254,0.47619047619047616,-0.10005926192375524,-0.3396936155414103,-0.07632654593122529,True
1973,0.8412698412698412,0.47619047619047616,-0.10081397910494438,-0.3582269957622108,-0.07236768332396697,True
1974,0.8571428571428571,0.47619047619047616,-0.10240976717175113,-0.3799378059382905,-0.06823393237385585,True
1975,0.873015873015873,0.47619047619047616,-0.10572635087629544,-0.40852286689646794,-0.06385870286943122,True
1976,0.8888888888888888,0.47619047619047616,-0.11132473078024574,-0.44814063975204815,-0.058983897427351606,True
1977,0.9047619047619047,0.47619047619047616,-0.1172312144928708,-0.49570014790512,-0.05342093338220925,True
1978,0.9206349206349206,0.47619047619047616,-0.11758028487780724,-0.5321652788614378,-0.04716951220396269,True
1979,0.9365079365079365,0.47619047619047616,-0.105392355502711,-0.525271974906765,-0.04092197674143529,True
1980,0.9523809523809523,0.47619047619047616,-0.0770681497140976,-0.440025776836795,-0.03612052769002294,True
1981,0.9682539682539681,0.47619047619047616,-0.040482155848771996,-0.28648009484597814,-0.03395598291267263,True
1982,0.9841269841269841,0.47619047619047616,-0.010950898539470217,-0.11924791341173739,-0.033891458387101454,True
1983,1.0,0.47619047619047616,-2.6110658538383936e-06,-3.2221471735018455e-05,-0.03450951016359011,True
1984,0.0,0.49206349206349204,-1.6568480626760278e-06,8.309312321078519e-05,-0.026016331763118006,True
1985,0.015873015873015872,0.49206349206349204,0.001676505935110869,0.1483799050228108,-0.02599103451096367,True
1986,0.031746031746031744,0.49206349206349204,0.0025592488743475606,0.2448662895924617,-0.026482823803329815,True
1987,0.047619047619047616,0.49206349206349204,0.00037048517632209894,0.3032797965442481,-0.027697225069870525,True
1988,0.06349206349206349,0.49206349206349204,-0.0034776284052826993,0.3429548742620404,-0.029728570364794205,True
1989,0.07936507936507936,0.49206349206349204,-0.007608269066682886,0.37274050930154085,-0.032593754113900614,True
1990,0.09523809523809523,0.49206349206349204,-0.011414091654092356,0.3934600789385703,-0.03625958908662383,True
1991,0.1111111111111111,0.49206349206349204,-0.014744943644014777,0.4043393147524591,-0.040614558157093555,True
1992,0.12698412698412698,0.49206349206349204,-0.0176297646241436,0.40582643941618707,-0.04545175801461424,True
1993,0.14285714285714285,0.49206349206349204,-0.020214866087983188,0.399648748143192,-0.0505798354171814,True
1994,0.15873015873015872,0.49206349206349204,-0.022491509269213797,0.38726532467475633,-0.05582494905598949,True
1995,0.1746031746031746,0.49206349206349204,-0.024517948580007772,0.3704632558278988,-0.061002304051443974,True
1996,0.19047619047619047,0.49206349206349204,-0.02637493740827979,0.35140538437031343,-0.06600145037195843,True
1997,0.20634920634920634,0.49206349206349204,-0.028138211202933697,0.33177409926307994,-0.07079907011505787,True
1998,0.2222222222222222,0.49206349206349204,-0.029829864274178716,0.31246830620687444,-0.07532953717014562,True
1999,0.23809523809523808,0.49206349206349204,-0.031455748208126286,0.29383146486042105,-0.07963904113382367,True
2000,0.25396825396825395,0.49206349206349204,-0.033012837104626144,0.27586261126464146,-0.08371627645836194,True
2001,0.2698412698412698,0.49206349206349204,-0.034504568386519725,0.25841044981575473,-0.08757310382586017,True
2002,0.2857142857142857,0.49206349206349204,-0.03592409713358719,0.24129241901695292,-0.09120908342356047,True
2003,0.30158730158730157,0.49206349206349204,-0.037274347416789755,0.22437163137279761,-0.09463118554286737,True
2004,0.31746031746031744,0.49206349206349204,-0.0385596169881893,0.2075611354268794,-0.09784083889914587,True
2005,0.3333333333333333,0.49206349206349204,-0.03980223817149809,0.19082111431090226,-0.10080800230407279,True
2006,0.3492063492063492,0.49206349206349204,-0.04100486788465937,0.1741382357024085,-0.10356142510082512,True
2007,0.36507936507936506,0.49206349206349204,-0.042186463707894556,0.15751073935503176,-0.10607882788859538,True
2008,0.38095238095238093,0.49206349206349204,-0.04336196984738823,0.14093799571939872,-0.1083527237702289,True
2009,0.3968253968253968,0.49206349206349204,-0.04452922283656857,0.12442086555668087,-0.1103967544507455,True
2010,0.4126984126984127,0.49206349206349204,-0.04571776746314744,0.10795132252526185,-0.1122109576396086,True
2011,0.42857142857142855,0.49206349206349204,-0.04692575839344868,0.09152110055574457,-0.11377380776053775,True
2012,0.4444444444444444,0.49206349206349204,-0.04816496902168744,0.07511946534783402,-0.11509079742157777,True
2013,0.4603174603174603,0.49206349206349204,-0.04944055585396923,0.058738771571294965,-0.11617221580872629,True
2014,0.47619047619047616,0.49206349206349204,-0.05076259716362912,0.04235697548172815,-0.1170125186194248,True
2015,0.49206349206349204,0.49206349206349204,-0.05213262216321247,0.025967255915675957,-0.11760243868290321,True
2016,0.5079365079365079,0.49206349206349204,-0.05355453355418142,0.009555873805532824,-0.11794667486226826,True
2017,0.5238095238095237,0.49206349206349204,-0.055033089450021534,-0.006888879209154705,-0.11804782770766811,True
2018,0.5396825396825397,0.49206349206349204,-0.05657132523297694,-0.02337155301732903,-0.11789966230404637,True
2019,0.5555555555555556,0.49206349206349204,-0.05817006601924043,-0.0399019001877679,-0.11751473843645596,True
2020,0.5714285714285714,0.49206349206349204,-0.05982975909765657,-0.05649141137757695,-0.1168918711892449,True
2021,0.5873015873015872,0.49206349206349204,-0.061554047491452296,-0.0731511680734338,-0.11602448561118557,True
2022,0.6031746031746031,0.49206349206349204,-0.06335037042647783,-0.08989328015274839,-0.1149391514329952,True
2023,0.6190476190476191,0.49206349206349204,-0.06520560201327742,-0.10673919734772713,-0.11360773609755537,True
2024,0.6349206349206349,0.49206349206349204,-0.06712015212760093,-0.12370568140982972,-0.11205269594908283,True
2025,0.6507936507936507,0.49206349206349204,-0.06907518180149468,-0.14081684446824197,-0.11029030778226698,True
2026,0.6666666666666666,0.49206349206349204,-0.07108094144756896,-0.1580846817317669,-0.10829353602126408,True
2027,0.6825396825396826,0.49206349206349204,-0.07311932358960194,-0.17553578555415147,-0.10608710400628887,True
2028,0.6984126984126984,0.49206349206349204,-0.07519327898321808,-0.19319243975862513,-0.10367986662978801,True
2029,0.7142857142857142,0.49206349206349204,-0.07725814043379038,-0.2110749860530673,-0.10105807648578494,True
2030,0.7301587301587301,0.49206349206349204,-0.07932035068754836,-0.2291936481976033,-0.09825335695186622,True
2031,0.746031746031746,0.49206349206349204,-0.08130484007634636,-0.24752513063136167,-0.09525159589850467,True
2032,0.7619047619047619,0.49206349206349204,-0.08318429301292107,-0.2660163379641976,-0.09206681971083548,True
2033,0.7777777777777777,0.49206349206349204,-0.08492372850967225,-0.2845708455200791,-0.08871462344729528,True
2034,0.7936507936507936,0.49206349206349204,-0.08638234243931223,-0.30298102847777253,-0.0852026636835765,True
2035,0.8095238095238095,0.49206349206349204,-0.08755028363982298,-0.32111138633131425,-0.0815549668289177,True
2036,0.8253968253968254,0.49206349206349204,-0.08846292301302217,-0.33899039862136787,-0.07779041403062122,True
2037,0.8412698412698412,0.49206349206349204,-0.08933880358157138,-0.3573007670802426,-0.0739239349878178,True
2038,0.8571428571428571,0.49206349206349204,-0.09071751006450883,-0.3778095363982239,-0.06995764329338407,True
2039,0.873015873015873,0.49206349206349204,-0.09355251468274843,-0.4045389294080231,-0.0657837521970748,True
2040,0.8888888888888888,0.49206349206349204,-0.09850124817394339,-0.441899998611824,-0.061273612629437375,True
2041,0.9047619047619047,0.49206349206349204,-0.10467654060026295,-0.49053739173608063,-0.05614647294321743,True
2042,0.9206349206349206,0.49206349206349204,-0.10737721220414852,-0.5356570721100129,-0.050299718981274666,True
2043,0.9365079365079365,0.49206349206349204,-0.09907918456021235,-0.5426819916354161,-0.04423277724600982,True
2044,0.9523809523809523,0.49206349206349204,-0.07521991950534078,-0.4726849751479904,-0.03926181190293866,True
2045,0.9682539682539681,0.49206349206349204,-0.04111427237637502,-0.3218635806111546,-0.036771289045081215,True
2046,0.9841269841269841,0.49206349206349204,-0.011533886140487296,-0.14082953593734268,-0.03654689713565997,True
2047,1.0,0.49206349206349204,-3.572492166462931e-07,-0.00013398053141996323,-0.03717758170252921,True
2048,0.0,0.5079365079365079,1.9963834149018964e-06,-9.905556659622058e-05,-0.02766762843027326,True
2049,0.015873015873015872,0.5079365079365079,0.002542769332576255,0.14561484638967245,-0.027602258224565298,True
2050,0.031746031746031744,0.5079365079365079,0.005378519938062325,0.24439169363684887,-0.02804819936233313,True
2051,0.047619047619047616,0.5079365079365079,0.0054921110982144705,0.3056165152679268,-0.029235270125532023,True
2052,0.06349206349206349,0.5079365079365079,0.0035450871649904715,0.34614461583733264,-0.031237692100716422,True
2053,0.07936507936507936,0.5079365079365079,0.0010812521833499485,0.37597674196691566,-0.03407545407337748,True
2054,0.09523809523809523,0.5079365079365079,-0.0012984519900866582,0.39649168283295966,-0.037699190307062584,True
2055,0.1111111111111111,0.5079365079365079,-0.0034509076636903106,0.40689513747264844,-0.041985415327457996,True
2056,0.12698412698412698,0.5079365079365079,-0.00547290652158703,0.4081485766211541,-0.046753379593768206,True
2057,0.14285714285714285,0.5079365079365079,-0.007395649009095807,0.40186003925910596,-0.051816002404914324,True
2058,0.15873015873015872,0.5079365079365079,-0.009230147694734913,0.38920641522704263,-0.056975242843897995,True
2059,0.1746031746031746,0.5079365079365079,-0.01096620776028255,0.37228181217874917,-0.062078471434077166,True
2060,0.19047619047619047,0.5079365079365079,-0.012664507847939807,0.3531572825421701,-0.06702952605203853,True
2061,0.20634920634920634,0.5079365079365079,-0.01431687383702074,0.3334541684347893,-0.07175155115659912,True
2062,0.2222222222222222,0.5079365079365079,-0.015906553207348368,0.31407796090847506,-0.07625499407118888,True
2063,0.23809523809523808,0.5079365079365079,-0.017430690839016386,0.2953739891395186,-0.0805219174053305,True
2064,0.25396825396825395,0.5079365079365079,-0.01887538021184813,0.2773323479252569,-0.08456796409464222,True
2065,0.2698412698412698,0.5079365079365079,-0.02023966674946348,0.25980147263080405,-0.08840285855617364,True
2066,0.2857142857142857,0.5079365079365079,-0.02153073078009443,0.2426116038205972,-0.09201912816790986,True
2067,0.30158730158730157,0.5079365079365079,-0.022759178794742863,0.22562883349511012,-0.09542549687083297,True
2068,0.31746031746031744,0.5079365079365079,-0.023933614453666145,0.2087680096715649,-0.09860612580925947,True
2069,0.3333333333333333,0.5079365079365079,-0.025065447307390312,0.1919921850233425,-0.1015847115938233,True
2070,0.3492063492063492,0.5079365079365079,-0.026179083203050176,0.17528483362189864,-0.10431758561338468,True
2071,0.36507936507936506,0.5079365079365079,-0.027270805568162807,0.15864612469121445,-0.1068319394588606,True
2072,0.38095238095238093,0.5079365079365079,-0.028369570906446775,0.1420748139626209,-0.10911077214052008,True
2073,0.3968253968253968,0.5079365079365079,-0.02947533218712487,0.12556953965368792,-0.11115597998871878,True
2074,0.4126984126984127,0.5079365079365079,-0.030607469984273144,0.10912275227750672,-0.11296638523995853,True
2075,0.42857142857142855,0.5079365079365079,-0.03176899885296363,0.09272722254496393,-0.11452869401247324,True
2076,0.4444444444444444,0.5079365079365079,-0.03297328647926071,0.07636867144507464,-0.11584816902464397,True
2077,0.4603174603174603,0.5079365079365079,-0.03422930006629042,0.06003120158057692,-0.1169362536019382,True
2078,0.47619047619047616,0.5079365079365079,-0.03554186464294688,0.043703211111856516,-0.11777628287135779,True
2079,0.49206349206349204,0.5079365079365079,-0.036916008653749346,0.027371368036897634,-0.11836871931589475,True
2080,0.5079365079365079,0.5079365079365079,-0.03835552123116318,0.011021326733880904,-0.1187161111356017,True
2081,0.5238095238095237,0.5079365079365079,-0.039865793865588244,-0.005358474332821299,-0.1188130789926992,True
2082,0.5396825396825397,0.5079365079365079,-0.04144933677776282,-0.021775640740251644,-0.11867079807308781,True
2083,0.5555555555555556,0.5079365079365079,-0.04310698435119575,-0.03823839578530017,-0.11829127221694632,True
2084,0.5714285714285714,0.5079365079365079,-0.044847745524211106,-0.054750220889793054,-0.11766188267406379,True
2085,0.5873015873015872,0.5079365079365079,-0.04666383551457418,-0.07133883205478837,-0.11679977446132568,True
2086,0.6031746031746031,0.5079365079365079,-0.048561847468995105,-0.08801205379458753,-0.11570466762521711,True
2087,0.6190476190476191,0.5079365079365079,-0.05054228387665173,-0.10478972715631076,-0.11437787109962481,True
2088,0.6349206349206349,0.5079365079365079,-0.05258854898398624,-0.12169721671478238,-0.11283404343786141,True
2089,0.6507936507936507,0.5079365079365079,-0.05470177806420626,-0.13874873465517562,-0.11105126243691248,True
2090,0.6666666666666666,0.5079365079365079,-0.05689003002049674,-0.15596656065994158,-0.10907298350340447,True
2091,0.6825396825396826,0.5079365079365079,-0.059110269685444985,-0.1733826277367376,-0.10687738833888086,True
2092,0.6984126984126984,0.5079365079365079,-0.06137394172308587,-0.19101578800590016,-0.10446813725406766,True
2093,0.7142857142857142,0.5079365079365079,-0.06365416145667474,-0.20889527245848105,-0.10187248310798774,True
2094,0.7301587301587301,0.5079365079365079,-0.06593110511655276,-0.22703363283263067,-0.0990821082615256,True
2095,0.746031746031746,0.5079365079365079,-0.06819389396161296,-0.24543540814466702,-0.09611797181238788,True
2096,0.7619047619047619,0.5079365079365079,-0.07038602518353806,-0.26405135363866244,-0.09296692786813708,True
2097,0.7777777777777777,0.5079365079365079,-0.07240499203044655,-0.28277047850421144,-0.0896564481724577,True
2098,0.7936507936507936,0.5079365079365079,-0.07424989880714508,-0.30146630143320147,-0.08620440150899217,True
2099,0.8095238095238095,0.5079365079365079,-0.07582056400928407,-0.3199031850509457,-0.08261705686181005,True
2100,0.8253968253968254,0.5079365079365079,-0.07707556955532398,-0.33802033475788434,-0.07894397410744554,True
2101,0.8412698412698412,0.5079365079365079,-0.07820991901513452,-0.35620687314478,-0.07517829201185391,True
2102,0.8571428571428571,0.5079365079365079,-0.07962455061527862,-0.37603058539726447,-0.0713335737356352,True
2103,0.873015873015873,0.5079365079365079,-0.08210260686864719,-0.4008137290537063,-0.0673844974027823,True
2104,0.8888888888888888,0.5079365079365079,-0.08656775110397474,-0.4360823408316107,-0.0631560347931791,True
2105,0.9047619047619047,0.5079365079365079,-0.09271989723268516,-0.48447110839229035,-0.05843054531305247,True
2106,0.9206349206349206,0.5079365079365079,-0.09695255987061312,-0.5355123734162729,-0.05301422638010853,True
2107,0.9365079365079365,0.5079365079365079,-0.0920819043665028,-0.5560165715930218,-0.04724709632948052,True
2108,0.9523809523809523,0.5079365079365079,-0.07249387246092331,-0.5022507287916222,-0.04225399975765158,True
2109,0.9682539682539681,0.5079365079365079,-0.04105054205080254,-0.35583306878429993,-0.03952056540357529,True
2110,0.9841269841269841,0.5079365079365079,-0.011959786909672834,-0.16362943860234624,-0.039142146735032225,True
2111,1.0,0.5079365079365079,1.1268081040077217e-06,0.0001629220603984606,-0.03977084587996213,True
2112,0.0,0.5238095238095237,-2.5027772646720966e-06,0.0001068052293287679,-0.02900105170590465,True
2113,0.015873015873015872,0.5238095238095237,0.0033230991775228757,0.14116112090853278,-0.028885320294640582,True
2114,0.031746031746031744,0.5238095238095237,0.008106081867005099,0.24163824577473614,-0.029278916677665627,True
2115,0.047619047619047616,0.5238095238095237,0.010306207376138165,0.3056284936814524,-0.030439410813623093,True
2116,0.06349206349206349,0.5238095238095237,0.010415355663180624,0.34766289655437743,-0.032415367238943435,True
2117,0.07936507936507936,0.5238095238095237,0.009610559834437073,0.3776817661467078,-0.035211696657051386,True
2118,0.09523809523809523,0.5238095238095237,0.00863207002992387,0.39808623613878796,-0.038781704000071075,True
2119,0.1111111111111111,0.5238095238095237,0.007574022098925728,0.40840355875478535,-0.043007643270993975,True
2120,0.12698412698412698,0.5238095238095237,0.006498524348024625,0.4097121469176931,-0.04770802777067608,True
2121,0.14285714285714285,0.5238095238095237,0.00527167726444821,0.4034380602040589,-0.052694061360433773,True
2122,0.15873015873015872,0.5238095238095237,0.0038925936176876777,0.3908256383542774,-0.05778985299816021,True
2123,0.1746031746031746,0.5238095238095237,0.002412277749317075,0.3739118169339177,-0.062843565613813,True
2124,0.19047619047619047,0.5238095238095237,0.0008951831946830155,0.35475374115691743,-0.06773088724917661,True
2125,0.20634920634920634,0.5238095238095237,-0.000618557131843404,0.3350175468556673,-0.0724132694927288,True
2126,0.2222222222222222,0.5238095238095237,-0.0020956634689028903,0.31558144862933324,-0.07688082615461868,True
2127,0.23809523809523808,0.5238095238095237,-0.003489164670743567,0.2967914124273786,-0.08111421057612934,True
2128,0.25396825396825395,0.5238095238095237,-0.004810323555918565,0.27866750024913506,-0.08514037635981482,True
2129,0.2698412698412698,0.5238095238095237,-0.0060405816930936915,0.2610598053188179,-0.08894671057144919,True
2130,0.2857142857142857,0.5238095238095237,-0.007200288552609506,0.24380299672380157,-0.09254679245742808,True
2131,0.30158730158730157,0.5238095238095237,-0.008288000166827954,0.22676076515833518,-0.09594115543586414,True
2132,0.31746031746031744,0.5238095238095237,-0.009340127091468307,0.20986013219894578,-0.09912250983781429,True
2133,0.3333333333333333,0.5238095238095237,-0.010359041541693703,0.19305567681855693,-0.10208008159474771,True
2134,0.3492063492063492,0.5238095238095237,-0.011358439265512948,0.17633472478395057,-0.1048221816643039,True
2135,0.36507936507936506,0.5238095238095237,-0.012359296962659501,0.15969442771415865,-0.10733014081662265,True
2136,0.38095238095238093,0.5238095238095237,-0.013373213827155355,0.14313293582551254,-0.10960485365467455,True
2137,0.3968253968253968,0.5238095238095237,-0.014401416067532249,0.1266500842285299,-0.11165273115202824,True
2138,0.4126984126984127,0.5238095238095237,-0.01546219560129322,0.11023847281220572,-0.11346083104288181,True
2139,0.42857142857142855,0.5238095238095237,-0.016569717523704133,0.09388384789031655,-0.11503021314017774,True
2140,0.4444444444444444,0.5238095238095237,-0.017731962127667984,0.07757387661449448,-0.11635953064904585,True
2141,0.4603174603174603,0.5238095238095237,-0.01895468034314623,0.06129861093463362,-0.11744494556978562,True
2142,0.47619047619047616,0.5238095238095237,-0.020247426057140087,0.04504074554221145,-0.11828894246407992,True
2143,0.49206349206349204,0.5238095238095237,-0.021616848885639705,0.028781739395013658,-0.11888503649444357,True
2144,0.5079365079365079,0.5238095238095237,-0.023067749658865332,0.0125097640680434,-0.11923004908069815,True
2145,0.5238095238095237,0.5238095238095237,-0.02460337623739059,-0.0037952542625716685,-0.11933168986299794,True
2146,0.5396825396825397,0.5238095238095237,-0.026231380968703342,-0.020129664063649723,-0.11919723443449996,True
2147,0.5555555555555556,0.5238095238095237,-0.027951973187172706,-0.036501009903447394,-0.11880547616263983,True
2148,0.5714285714285714,0.5238095238095237,-0.02976929187482035,-0.0529259830462714,-0.11817874383200103,True
2149,0.5873015873015872,0.5238095238095237,-0.031681622513751985,-0.06942546408700186,-0.1173202528425481,True
2150,0.6031746031746031,0.5238095238095237,-0.0336965700190155,-0.08600840742927854,-0.1162148890264577,True
2151,0.6190476190476191,0.5238095238095237,-0.03580042399256511,-0.10270666483711755,-0.11489066491908792,True
2152,0.6349206349206349,0.5238095238095237,-0.038001584123049784,-0.1195311152964622,-0.1133351944437894,True
2153,0.6507936507936507,0.5238095238095237,-0.04028188011300163,-0.13651051312510154,-0.11155901034304605,True
2154,0.6666666666666666,0.5238095238095237,-0.04262889553383578,-0.15367122439172812,-0.10957500735604417,True
2155,0.6825396825396826,0.5238095238095237,-0.045061876085749214,-0.17103043435071877,-0.10738458493482858,True
2156,0.6984126984126984,0.5238095238095237,-0.04753930015883371,-0.18862547444929822,-0.10498756468519004,True
2157,0.7142857142857142,0.5238095238095237,-0.050058166313254375,-0.20648308445170105,-0.10239953178026892,True
2158,0.7301587301587301,0.5238095238095237,-0.052599720683758025,-0.2246255510926094,-0.09962244590367533,True
2159,0.746031746031746,0.5238095238095237,-0.05514254481911011,-0.24306130928400568,-0.0966740643968394,True
2160,0.7619047619047619,0.5238095238095237,-0.05761544549589734,-0.2617634331398408,-0.0935626898042693,True
2161,0.7777777777777777,0.5238095238095237,-0.060011679487074476,-0.2806515184323806,-0.09029219356252857,True
2162,0.7936507936507936,0.5238095238095237,-0.06221460927273065,-0.29956051056409255,-0.08688731821612662,True
2163,0.8095238095238095,0.5238095238095237,-0.06418271241470466,-0.3182853983768697,-0.08336656064914276,True
2164,0.8253968253968254,0.5238095238095237,-0.0658727220955591,-0.3366680758604459,-0.07975989322589479,True
2165,0.8412698412698412,0.5238095238095237,-0.06736532697285198,-0.3549058596627935,-0.07608727790531251,True
2166,0.8571428571428571,0.5238095238095237,-0.06898530230339717,-0.37423412979515497,-0.07237300450810039,True
2167,0.873015873015873,0.5238095238095237,-0.07137319634215808,-0.39769049936495193,-0.06859476423534286,True
2168,0.8888888888888888,0.5238095238095237,-0.0754882343170512,-0.4306620104270196,-0.06464529156814972,True
2169,0.9047619047619047,0.5238095238095237,-0.08150974508138045,-0.47807609510052984,-0.06028423946775002,True
2170,0.9206349206349206,0.5238095238095237,-0.08681325423542288,-0.5334503466566511,-0.055323346960347346,True
2171,0.9365079365079365,0.5238095238095237,-0.08468016551436458,-0.5658522614909035,-0.049909421837162314,True
2172,0.9523809523809523,0.5238095238095237,-0.06894302221545251,-0.5276869490250488,-0.045016092551378006,True
2173,0.9682539682539681,0.5238095238095237,-0.04043039298127192,-0.38833211164021675,-0.04211117938259495,True
2174,0.9841269841269841,0.5238095238095237,-0.012158269262292607,-0.1855288987762033,-0.04159085360671847,True
2175,1.0,0.5238095238095237,-3.4513775581905958e-06,-8.325967578959809e-05,-0.04221229066872052,True
2176,0.0,0.5396825396825397,2.3578159789070286e-06,-5.584675649889099e-05,-0.030008418506391896,True
2177,0.015873015873015872,0.5396825396825397,0.003995855772850474,0.13519693158889876,-0.029840500710159295,True
2178,0.031746031746031744,0.5396825396825397,0.010578376905228159,0.23678598223617883,-0.030192167494961657,True
2179,0.047619047619047616,0.5396825396825397,0.015108895953122327,0.30376067076678503,-0.03130673468023122,True
2180,0.06349206349206349,0.5396825396825397,0.017146923996961577,0.34738547259731045,-0.03324641977391127,True
2181,0.07936507936507936,0.5396825396825397,0.017996354418660106,0.37789800309160854,-0.03599787827271695,True
2182,0.09523809523809523,0.5396825396825397,0.018378583446358752,0.3984558821812862,-0.03951250607495565,True
2183,0.1111111111111111,0.5396825396825397,0.018513715141390857,0.40900515062001996,-0.04367508856254633,True
2184,0.12698412698412698,0.5396825396825397,0.018272759003186097,0.41049475014611697,-0.048311906165197246,True
2185,0.14285714285714285,0.5396825396825397,0.01769115227838069,0.40445251813720995,-0.05323637377565751,True
2186,0.15873015873015872,0.5396825396825397,0.016797833315676865,0.3920430653696494,-0.058271142132177746,True
2187,0.1746031746031746,0.5396825396825397,0.015663279189420332,0.3752806075027137,-0.06326371316115229,True
2188,0.19047619047619047,0.5396825396825397,0.014348305080443042,0.3562035190905897,-0.06811288158580402,True
2189,0.20634920634920634,0.5396825396825397,0.012976943140234804,0.3364549218165754,-0.07277764849725887,True
2190,0.2222222222222222,0.5396825396825397,0.011633325984122946,0.31695898963879615,-0.07720058477027783,True
2191,0.23809523809523808,0.5396825396825397,0.010356239640036761,0.29809089048349935,-0.08141937410469174,True
2192,0.25396825396825395,0.5396825396825397,0.009183473458444433,0.2798695127240052,-0.08542177665937212,True
2193,0.2698412698412698,0.5396825396825397,0.008100928507835314,0.2621756890030061,-0.0892126957260745,True
2194,0.2857142857142857,0.5396825396825397,0.007084913880475598,0.24485081724060792,-0.09280144336658323,True
2195,0.30158730158730157,0.5396825396825397,0.006136119433645124,0.22775946366159766,-0.09618750720979768,True
2196,0.31746031746031744,0.5396825396825397,0.005223261727649781,0.21082394517997655,-0.09936176571494529,True
2197,0.3333333333333333,0.5396825396825397,0.0043354282017948565,0.19399970830839344,-0.10231050932851644,True
2198,0.3492063492063492,0.5396825396825397,0.0034524870082963386,0.17727568904511695,-0.10505409566967643,True
2199,0.36507936507936506,0.5396825396825397,0.0025661494351189402,0.16064418595425742,-0.10756141007939457,True
2200,0.38095238095238093,0.5396825396825397,0.0016593337373679022,0.14410615477676955,-0.1098382382128763,True
2201,0.3968253968253968,0.5396825396825397,0.0007116537737724671,0.12765372506622374,-0.11189088207187327,True
2202,0.4126984126984127,0.5396825396825397,-0.0002714749758472669,0.1112858092624673,-0.11370630828062969,True
2203,0.42857142857142855,0.5396825396825397,-0.0013139708655832123,0.09498518486546689,-0.1152841708124811,True
2204,0.4444444444444444,0.5396825396825397,-0.0024184339633381608,0.07874411129882186,-0.11661473355944967,True
2205,0.4603174603174603,0.5396825396825397,-0.0035996935327362346,0.06254043304247056,-0.11770244956700647,True
2206,0.47619047619047616,0.5396825396825397,-0.004865383542307821,0.0463617039402054,-0.11855269263169836,True
2207,0.49206349206349204,0.5396825396825397,-0.006222244801822534,0.03018923597293279,-0.1191519210900827,True
2208,0.5079365079365079,0.5396825396825397,-0.00767609138099969,0.014008582005336594,-0.11950383115390326,True
2209,0.5238095238095237,0.5396825396825397,-0.009234500831887938,-0.0022016643507042975,-0.11960553310570611,True
2210,0.5396825396825397,0.5396825396825397,-0.010901246483145794,-0.01843576601338373,-0.11945669460518407,True
2211,0.5555555555555556,0.5396825396825397,-0.012682720407900756,-0.034702018842570806,-0.1190734471727039,True
2212,0.5714285714285714,0.5396825396825397,-0.014580441161170927,-0.0510193484692742,-0.1184490226217861,True
2213,0.5873015873015872,0.5396825396825397,-0.016594617736451583,-0.06740706198722357,-0.11757650711703511,True
2214,0.6031746031746031,0.5396825396825397,-0.01872414716230388,-0.08388704917529288,-0.11647365444288725,True
2215,0.6190476190476191,0.5396825396825397,-0.02096891914455043,-0.10047939820286379,-0.11513612406615865,True
2216,0.6349206349206349,0.5396825396825397,-0.02331843494827098,-0.11721035136478211,-0.11357553178654801,True
2217,0.6507936507936507,0.5396825396825397,-0.025771086412922795,-0.13410123459544823,-0.11180119343836079,True
2218,0.6666666666666666,0.5396825396825397,-0.028321325715633554,-0.1511764998261668,-0.10980767978868487,True
2219,0.6825396825396826,0.5396825396825397,-0.030956042499632033,-0.1684655686053815,-0.10760370204842014,True
2220,0.6984126984126984,0.5396825396825397,-0.033674521533386036,-0.18600030140944168,-0.1052158502493828,True
2221,0.7142857142857142,0.5396825396825397,-0.036456464060334585,-0.20381318700236611,-0.10262361770114843,True
2222,0.7301587301587301,0.5396825396825397,-0.039265266335536154,-0.22193849058678394,-0.09986341469654159,True
2223,0.746031746031746,0.5396825396825397,-0.042086033319633315,-0.24038651164959002,-0.09693316831981273,True
2224,0.7619047619047619,0.5396825396825397,-0.044904181653142125,-0.259145081968049,-0.09384251843111599,True
2225,0.7777777777777777,0.5396825396825397,-0.04764569992055638,-0.2781416476742263,-0.09060227189540236,True
2226,0.7936507936507936,0.5396825396825397,-0.05026232015170139,-0.2972452876927025,-0.08724337747322601,True
2227,0.8095238095238095,0.5396825396825397,-0.052675503588951844,-0.3162265190389656,-0.08377724816819923,True
2228,0.8253968253968254,0.5396825396825397,-0.05484508012306961,-0.3348713503402991,-0.08023340782801158,True
2229,0.8412698412698412,0.5396825396825397,-0.056773157102592696,-0.353252559829031,-0.07664867367138108,True
2230,0.8571428571428571,0.5396825396825397,-0.05871416476466797,-0.3722762999588848,-0.07305818364794336,True
2231,0.873015873015873,0.5396825396825397,-0.06120623245241795,-0.3945612659716565,-0.06944427705792729,True
2232,0.8888888888888888,0.5396825396825397,-0.06516230432629279,-0.4256920708223305,-0.06570540600448685,True
2233,0.9047619047619047,0.5396825396825397,-0.07103015064209636,-0.47141704575048105,-0.0617129117165763,True
2234,0.9206349206349206,0.5396825396825397,-0.0770861578916442,-0.5296401327674715,-0.05718493627012168,True
2235,0.9365079365079365,0.5396825396825397,-0.07733972162906527,-0.5725117894088734,-0.05212559175936304,True
2236,0.9523809523809523,0.5396825396825397,-0.06486968382585277,-0.5493623000346933,-0.04742916904814848,True
2237,0.9682539682539681,0.5396825396825397,-0.039292950091682856,-0.4184529347896447,-0.04445256013573271,True
2238,0.9841269841269841,0.5396825396825397,-0.012176301012250933,-0.20827106179295307,-0.0438189510067214,True
2239,1.0,0.5396825396825397,1.5495788449721417e-06,9.055725337060916e-05,-0.04442327406056039,True
2240,0.0,0.5555555555555556,-3.503216875137077e-07,-7.225535741419623e-05,-0.030691324652082953,True
2241,0.015873015873015872,0.5555555555555556,0.0045549509310615355,0.12821641765173145,-0.030495194466345164,True
2242,0.031746031746031744,0.5555555555555556,0.012771001232069786,0.22989727531754423,-0.03079311751737691,True
2243,0.047619047619047616,0.5555555555555556,0.01945042592740651,0.29952861953092746,-0.031849844555075044,True
2244,0.06349206349206349,0.5555555555555556,0.023535897145565827,0.3451336452440388,-0.03373761166946973,True
2245,0.07936507936507936,0.5555555555555556,0.026035037172317286,0.3764895843044484,-0.03643986551746565,True
2246,0.09523809523809523,0.5555555555555556,0.027877655846619793,0.39757712434192627,-0.039896522357820284,True
2247,0.1111111111111111,0.5555555555555556,0.029085131259884413,0.4084870633237218,-0.043995840732046675,True
2248,0.12698412698412698,0.5555555555555556,0.029811778491845006,0.410434793795146,-0.048564996630480625,True
2249,0.14285714285714285,0.5555555555555556,0.02998913787381045,0.40493719263819794,-0.05342945234269956,True
2250,0.15873015873015872,0.5555555555555556,0.029577891292857615,0.3928642986851073,-0.05840716281885172,True
2251,0.1746031746031746,0.5555555555555556,0.028767470909664496,0.3764095773508275,-0.06337099521453232,True
2252,0.19047619047619047,0.5555555555555556,0.02768300209675852,0.3574719311912475,-0.06818751015139021,True
2253,0.20634920634920634,0.5555555555555556,0.026482773751925225,0.33775120622107974,-0.07281686763525025,True
2254,0.2222222222222222,0.5555555555555556,0.025283405048376287,0.31820450332666145,-0.07722353454156584,True
2255,0.23809523809523808,0.5555555555555556,0.02415936767058312,0.29923655056854165,-0.08142656747404753,True
2256,0.25396825396825395,0.5555555555555556,0.023121294817005488,0.28092437414217514,-0.08541443626954681,True
2257,0.2698412698412698,0.5555555555555556,0.022180581734473202,0.26314787342675555,-0.0891980428553385,True
2258,0.2857142857142857,0.5555555555555556,0.021330695923321766,0.24574896439525978,-0.09277750939292534,True
2259,0.30158730158730157,0.5555555555555556,0.020534099034358697,0.22861057869086987,-0.09615364475460073,True
2260,0.31746031746031744,0.5555555555555556,0.019775561195266272,0.21164674777831632,-0.09932019884531015,True
2261,0.3333333333333333,0.5555555555555556,0.019023078715225013,0.19481558844732794,-0.10228367216994799,True
2262,0.3492063492063492,0.5555555555555556,0.018269946311673974,0.17809419741372085,-0.10501253790110326,True
2263,0.36507936507936506,0.5555555555555556,0.017507662709986473,0.1614824618325566,-0.10752652547590526,True
2264,0.38095238095238093,0.5555555555555556,0.016706517838244773,0.14497508772944018,-0.1098207131748218,True
2265,0.3968253968253968,0.5555555555555556,0.015861973534033912,0.1285653196897002,-0.11186935680230885,True
2266,0.4126984126984127,0.5555555555555556,0.014969668583492846,0.11225249403811312,-0.11369384971206091,True
2267,0.42857142857142855,0.5555555555555556,0.01400991419275754,0.09602162049634431,-0.1152760254704851,True
2268,0.4444444444444444,0.5555555555555556,0.01296956862876795,0.07985455372829404,-0.11661531341573157,True
2269,0.4603174603174603,0.5555555555555556,0.011839972165971243,0.06373793173675603,-0.11771732011433411,True
2270,0.47619047619047616,0.5555555555555556,0.010612499019223016,0.04765813241471871,-0.11856236679820185,True
2271,0.49206349206349204,0.5555555555555556,0.009276831447975874,0.03158745998499533,-0.11916540304376265,True
2272,0.5079365079365079,0.5555555555555556,0.007827162070456768,0.015523003069475162,-0.11952216388229031,True
2273,0.5238095238095237,0.5555555555555556,0.006251613595333488,-0.0005673937974829955,-0.11962355923042398,True
2274,0.5396825396825397,0.5555555555555556,0.0045438234924860205,-0.01668114561095923,-0.11948510780060954,True
2275,0.5555555555555556,0.5555555555555556,0.0027036109896626994,-0.03282870968424623,-0.11909194206485793,True
2276,0.5714285714285714,0.5555555555555556,0.0007203823833990171,-0.04901010058086831,-0.11845016765745328,True
2277,0.5873015873015872,0.5555555555555556,-0.001387583132173345,-0.06528165224309075,-0.11757863369959175,True
2278,0.6031746031746031,0.5555555555555556,-0.0036384056126280043,-0.08163536261667423,-0.11647189719504449,True
2279,0.6190476190476191,0.5555555555555556,-0.0060259682624738044,-0.09810309401903113,-0.11511747440279328,True
2280,0.6349206349206349,0.5555555555555556,-0.008532492917502455,-0.11472152985101428,-0.1135531704284411,True
2281,0.6507936507936507,0.5555555555555556,-0.01117694974824938,-0.13149676752294653,-0.11176736483603895,True
2282,0.6666666666666666,0.5555555555555556,-0.013931785692169789,-0.14846924780492826,-0.10976167619277105,True
2283,0.6825396825396826,0.5555555555555556,-0.0167965122045846,-0.1656670477573748,-0.10755955982563764,True
2284,0.6984126984126984,0.5555555555555556,-0.019755069681599815,-0.18312319695131477,-0.10514960138231934,True
2285,0.7142857142857142,0.5555555555555556,-0.022801484407768986,-0.2008748414904539,-0.10256307561732285,True
2286,0.7301587301587301,0.5555555555555556,-0.025903475534208596,-0.2189584588071599,-0.09980488347850813,True
2287,0.746031746031746,0.5555555555555556,-0.029055349109498536,-0.2373913982998437,-0.09687859274855544,True
2288,0.7619047619047619,0.5555555555555556,-0.03222885831519204,-0.25617000969282,-0.09379404267004021,True
2289,0.7777777777777777,0.5555555555555556,-0.035359949099382296,-0.2752545098902113,-0.09059112729940663,True
2290,0.7936507936507936,0.5555555555555556,-0.03838540204159875,-0.2944951108718094,-0.08726059084408411,True
2291,0.8095238095238095,0.5555555555555556,-0.04126857593969921,-0.31369489578584225,-0.08384232751960331,True
2292,0.8253968253968254,0.5555555555555556,-0.043922520140164886,-0.3325844474270251,-0.08035892373846457,True
2293,0.8412698412698412,0.5555555555555556,-0.04637897129145636,-0.35113813727795073,-0.07685671758905907,True
2294,0.8571428571428571,0.5555555555555556,-0.04877307665631508,-0.37001359362536335,-0.07335837951888405,True
2295,0.873015873015873,0.5555555555555556,-0.051547400693487726,-0.3915197682168551,-0.06987966263089229,True
2296,0.8888888888888888,0.5555555555555556,-0.05549555904779444,-0.42073776114600786,-0.06636627046701571,True
2297,0.9047619047619047,0.5555555555555556,-0.06131808336479935,-0.46477720923003046,-0.06266000719464432,True
2298,0.9206349206349206,0.5555555555555556,-0.06784705241580946,-0.5243006302772888,-0.058528427200808766,True
2299,0.9365079365079365,0.5555555555555556,-0.07007147007376964,-0.576765647471406,-0.053934921844077555,True
2300,0.9523809523809523,0.5555555555555556,-0.060689427207612834,-0.5681455624885402,-0.04946481805087578,True
2301,0.9682539682539681,0.5555555555555556,-0.037946097451406965,-0.4470249351911721,-0.046468414041750825,True
2302,0.9841269841269841,0.5555555555555556,-0.012076639962535067,-0.2301825785069722,-0.04573930126928753,True
2303,1.0,0.5555555555555556,2.8611479096140807e-06,-0.000285018694736417,-0.046317294389873497,True
2304,0.0,0.5714285714285714,1.1436872181151564e-07,0.00010748361751750045,-0.03108425989951314,True
2305,0.015873015873015872,0.5714285714285714,0.004994471823664175,0.12011625865969149,-0.03085442857265822,True
2306,0.031746031746031744,0.5714285714285714,0.014720186908637104,0.22096137140263297,-0.031087693509045475,True
2307,0.047619047619047616,0.5714285714285714,0.02350485921351753,0.2930968341740651,-0.032077119858845975,True
2308,0.06349206349206349,0.5714285714285714,0.029647532049689427,0.3410800572662639,-0.03390807917027037,True
2309,0.07936507936507936,0.5714285714285714,0.03396470499917783,0.3737191855597335,-0.036547774220554025,True
2310,0.09523809523809523,0.5714285714285714,0.037099948202836956,0.39538299170731117,-0.03993932451885915,True
2311,0.1111111111111111,0.5714285714285714,0.03951371001259439,0.4070746450466508,-0.043971654638350656,True
2312,0.12698412698412698,0.5714285714285714,0.04116231298407696,0.4096467451946039,-0.04847736959217489,True
2313,0.14285714285714285,0.5714285714285714,0.04202310240696573,0.40467979376881613,-0.05327927103836977,True
2314,0.15873015873015872,0.5714285714285714,0.042183926630072976,0.3932650748430503,-0.058214415217055226,True
2315,0.1746031746031746,0.5714285714285714,0.04177149564924616,0.3772512984405837,-0.06314036606911005,True
2316,0.19047619047619047,0.5714285714285714,0.04093844915619408,0.35853606772404,-0.06793246525542818,True
2317,0.20634920634920634,0.5714285714285714,0.03993048444101772,0.33888819581601887,-0.0725404397880633,True
2318,0.2222222222222222,0.5714285714285714,0.038879069297873166,0.3193056840112142,-0.07694435896854047,True
2319,0.23809523809523808,0.5714285714285714,0.037890809762140466,0.300257503636832,-0.08112821585952004,True
2320,0.25396825396825395,0.5714285714285714,0.03701460589519976,0.2818284843996585,-0.08511227035876737,True
2321,0.2698412698412698,0.5714285714285714,0.036241304107412074,0.26395188004259607,-0.08888625735109262,True
2322,0.2857142857142857,0.5714285714285714,0.035542181714666936,0.2464881197022289,-0.09246432765490922,True
2323,0.30158730158730157,0.5714285714285714,0.03490620774058065,0.22930543739829673,-0.09583903829588349,True
2324,0.31746031746031744,0.5714285714285714,0.03429852364160516,0.2123203148470591,-0.09900651424955097,True
2325,0.3333333333333333,0.5714285714285714,0.03371072151425058,0.19548613041047883,-0.10196990261433349,True
2326,0.3492063492063492,0.5714285714285714,0.03310290503021122,0.17877968905206224,-0.10470583633667634,True
2327,0.36507936507936506,0.5714285714285714,0.03247548704118924,0.1621979751529545,-0.10723441052483665,True
2328,0.38095238095238093,0.5714285714285714,0.03180272731554595,0.14573265337676403,-0.10953251828925928,True
2329,0.3968253968253968,0.5714285714285714,0.031078234339933855,0.1293809342731602,-0.1115936691837327,True
2330,0.4126984126984127,0.5714285714285714,0.030283428450416056,0.11313286619895585,-0.11342471906937607,True
2331,0.42857142857142855,0.5714285714285714,0.029412436747950542,0.09698081542763434,-0.11501231430856167,True
2332,0.4444444444444444,0.5714285714285714,0.02844424967928399,0.08090075971234309,-0.11636621351008362,True
2333,0.4603174603174603,0.5714285714285714,0.027379736989404047,0.06489142700314932,-0.11747287673928385,True
2334,0.47619047619047616,0.5714285714285714,0.026197472790261,0.048920253221202775,-0.11832943777753534,True
2335,0.49206349206349204,0.5714285714285714,0.02489027712469058,0.03296807521267005,-0.11893743743535866,True
2336,0.5079365079365079,0.5714285714285714,0.02344944282785047,0.017025091572691425,-0.11928931259449187,True
2337,0.5238095238095237,0.5714285714285714,0.0218623949510594,0.0010764067191818105,-0.11940094371932751,True
2338,0.5396825396825397,0.5714285714285714,0.02012015894388258,-0.014885668873190396,-0.11925800354143136,True
2339,0.5555555555555556,0.5714285714285714,0.01822420882933497,-0.030885844195163204,-0.11886020857998243,True
2340,0.5714285714285714,0.5714285714285714,0.016164297561704736,-0.04692310391587241,-0.11821759726659085,True
2341,0.5873015873015872,0.5714285714285714,0.013956711167406715,-0.06304663189739088,-0.11733637232552047,True
2342,0.6031746031746031,0.5714285714285714,0.011576465054236318,-0.07924462163151853,-0.11620548213502735,True
2343,0.6190476190476191,0.5714285714285714,0.009054006056598589,-0.09558035357875103,-0.1148568236696428,True
2344,0.6349206349206349,0.5714285714285714,0.006376900719874897,-0.11205446928302694,-0.11326623614942162,True
2345,0.6507936507936507,0.5714285714285714,0.003546617169348309,-0.12869997771243347,-0.11146470528742272,True
2346,0.6666666666666666,0.5714285714285714,0.0005750729840951831,-0.1455462310631776,-0.10944525258220589,True
2347,0.6825396825396826,0.5714285714285714,-0.002532492845292796,-0.16262606558430076,-0.10722330537478789,True
2348,0.6984126984126984,0.5714285714285714,-0.005768822944484109,-0.17997415295780972,-0.10480256798071716,True
2349,0.7142857142857142,0.5714285714285714,-0.009093884383277243,-0.19764361481905335,-0.10220993943792571,True
2350,0.7301587301587301,0.5714285714285714,-0.012517403247629158,-0.21565693961635227,-0.09943669237526186,True
2351,0.746031746031746,0.5714285714285714,-0.016021808304345568,-0.23404792917824863,-0.09650763065806325,True
2352,0.7619047619047619,0.5714285714285714,-0.01953970754395203,-0.25282455987103325,-0.09343600135937623,True
2353,0.7777777777777777,0.5714285714285714,-0.02306006125101759,-0.2719371470315347,-0.09023195155666491,True
2354,0.7936507936507936,0.5714285714285714,-0.026564112773127705,-0.2912916023693401,-0.0869353380621169,True
2355,0.8095238095238095,0.5714285714285714,-0.02992123416492576,-0.3106350382622927,-0.08353834799968028,True
2356,0.8253968253968254,0.5714285714285714,-0.03313316463050234,-0.32976833365004354,-0.08011741882260072,True
2357,0.8412698412698412,0.5714285714285714,-0.03615126582381851,-0.34848169676424157,-0.07667338793650558,True
2358,0.8571428571428571,0.5714285714285714,-0.0390996674532405,-0.36730069073856897,-0.07326548610320789,True
2359,0.873015873015873,0.5714285714285714,-0.04226766820676066,-0.38821601980457277,-0.06990858145849363,True
2360,0.8888888888888888,0.5714285714285714,-0.04643732933740797,-0.41591247234054546,-0.06657594306391873,True
2361,0.9047619047619047,0.5714285714285714,-0.052306321012936974,-0.4581137474288564,-0.06313155799880607,True
2362,0.9206349206349206,0.5714285714285714,-0.05925815990764949,-0.5181751511921948,-0.059379023959147535,True
2363,0.9365079365079365,0.5714285714285714,-0.06295744320691396,-0.5776200324180595,-0.055172929872603305,True
2364,0.9523809523809523,0.5714285714285714,-0.0563997300482001,-0.5828485606909204,-0.05102333052130399,True
2365,0.9682539682539681,0.5714285714285714,-0.036212615679527785,-0.4726785146858055,-0.04808486415239979,True
2366,0.9841269841269841,0.5714285714285714,-0.011868733133799044,-0.2515121687988782,-0.04728040524399097,True
2367,1.0,0.5714285714285714,-1.0667108650275656e-06,0.0002716937953335202,-0.04783659121317824,True
2368,0.0,0.5873015873015872,-6.762181691701484e-09,-0.00012472500928486897,-0.03119579681579224,True
2369,0.015873015873015872,0.5873015873015872,0.0053081188523439495,0.1111293179983693,-0.0309382734277732,True
2370,0.031746031746031744,0.5873015873015872,0.016275788961477407,0.21004349376452314,-0.031110201741554464,True
2371,0.047619047619047616,0.5873015873015872,0.02711891044649751,0.28448051421832493,-0.03202065802608307,True
2372,0.06349206349206349,0.5873015873015872,0.035411382204516555,0.33519777204460555,-0.03377682967981018,True
2373,0.07936507936507936,0.5873015873015872,0.04132682116897811,0.3692380273368043,-0.03635107455093683,True
2374,0.09523809523809523,0.5873015873015872,0.0459991574791585,0.39194419686367027,-0.03966385855077272,True
2375,0.1111111111111111,0.5873015873015872,0.04958042110690478,0.404510252427706,-0.04361994889802041,True
2376,0.12698412698412698,0.5873015873015872,0.05215427223010891,0.40785272525730176,-0.048056816868166874,True
2377,0.14285714285714285,0.5873015873015872,0.05388200467643271,0.4038273873567782,-0.05279515864858244,True
2378,0.15873015873015872,0.5873015873015872,0.05464974810996575,0.393241352303963,-0.05769147467537406,True
2379,0.1746031746031746,0.5873015873015872,0.05463443983878273,0.37770901044778954,-0.06257528494633811,True
2380,0.19047619047619047,0.5873015873015872,0.05411402274547908,0.35937960104801453,-0.06735597814575732,True
2381,0.20634920634920634,0.5873015873015872,0.05330515655515456,0.3398498149233647,-0.07195425572319333,True
2382,0.2222222222222222,0.5873015873015872,0.05243446839547419,0.32025359837390704,-0.07635041383564846,True
2383,0.23809523809523808,0.5873015873015872,0.051603908413065704,0.30111189827713936,-0.08053152610602875,True
2384,0.25396825396825395,0.5873015873015872,0.05087203239971502,0.28257870220829284,-0.08451009478149318,True
2385,0.2698412698412698,0.5873015873015872,0.05024780341192718,0.26460755140236386,-0.08828527723721652,True
2386,0.2857142857142857,0.5873015873015872,0.04972644097615309,0.24706200710217885,-0.09186196107655918,True
2387,0.30158730158730157,0.5873015873015872,0.04926275112867577,0.22983292555467819,-0.0952392934107775,True
2388,0.31746031746031744,0.5873015873015872,0.04883289128338904,0.21282973253320642,-0.09841606667031852,True
2389,0.3333333333333333,0.5873015873015872,0.04840441209158521,0.19599898140633126,-0.1013752301431894,True
2390,0.3492063492063492,0.5873015873015872,0.047956831395189733,0.1793179319686045,-0.10413718662370895,True
2391,0.36507936507936506,0.5873015873015872,0.04747191438277841,0.1627712053293615,-0.10666196700326287,True
2392,0.38095238095238093,0.5873015873015872,0.04693942167756336,0.14635851302332176,-0.10897053480992606,True
2393,0.3968253968253968,0.5873015873015872,0.04634753343069816,0.13007603666199197,-0.11105806650369299,True
2394,0.4126984126984127,0.5873015873015872,0.045671331903724,0.11390991997988002,-0.11289819514936138,True
2395,0.42857142857142855,0.5873015873015872,0.04489977707310314,0.09784726844575296,-0.11450861416642043,True
2396,0.4444444444444444,0.5873015873015872,0.044020786524458136,0.0818729882165499,-0.11586549083444786,True
2397,0.4603174603174603,0.5873015873015872,0.043023605238074115,0.06597410328630454,-0.11697568802018993,True
2398,0.47619047619047616,0.5873015873015872,0.04189709969448874,0.05013426703116358,-0.11784853040149755,True
2399,0.49206349206349204,0.5873015873015872,0.0406280766616569,0.03433575331329826,-0.11846382595836596,True
2400,0.5079365079365079,0.5873015873015872,0.03920180529724051,0.018550312788651466,-0.11881871546471652,True
2401,0.5238095238095237,0.5873015873015872,0.03760801481673162,0.002759614224693425,-0.11892971852690401,True
2402,0.5396825396825397,0.5873015873015872,0.03583850005016348,-0.013045442329583594,-0.11878710158451398,True
2403,0.5555555555555556,0.5873015873015872,0.03388922262002403,-0.028870711951171732,-0.11838390757718584,True
2404,0.5714285714285714,0.5873015873015872,0.03176129055404131,-0.044751069476426486,-0.11773327218346914,True
2405,0.5873015873015872,0.5873015873015872,0.02945075897464709,-0.06069440962403419,-0.11684315307467487,True
2406,0.6031746031746031,0.5873015873015872,0.02695106612948066,-0.07672564257607555,-0.11569641895284445,True
2407,0.6190476190476191,0.5873015873015872,0.024285875296208688,-0.09289859005983277,-0.11432764192489325,True
2408,0.6349206349206349,0.5873015873015872,0.02142726365035422,-0.10920210939224645,-0.11272618844942546,True
2409,0.6507936507936507,0.5873015873015872,0.018406368982212717,-0.1256930481144073,-0.11089132958513116,True
2410,0.6666666666666666,0.5873015873015872,0.015193468698812539,-0.14237808282217085,-0.1088569927890765,True
2411,0.6825396825396826,0.5873015873015872,0.011847611524026141,-0.15932483073977238,-0.10661212488317379,True
2412,0.6984126984126984,0.5873015873015872,0.008353537581927077,-0.17655402801878403,-0.10417126587519794,True
2413,0.7142857142857142,0.5873015873015872,0.004704125197273217,-0.19410129216013824,-0.10155534862571974,True
2414,0.7301587301587301,0.5873015873015872,0.0009341183704158068,-0.21201626542957422,-0.09876285657069686,True
2415,0.746031746031746,0.5873015873015872,-0.002909235788486633,-0.23034150857506683,-0.09582587399722066,True
2416,0.7619047619047619,0.5873015873015872,-0.0068435576253526925,-0.24907663734302307,-0.09274379741299847,True
2417,0.7777777777777777,0.5873015873015872,-0.010809662253859828,-0.26819736208462214,-0.0895457472984802,True
2418,0.7936507936507936,0.5873015873015872,-0.014767626147504882,-0.2875897675821836,-0.08624361906294732,True
2419,0.8095238095238095,0.5873015873015872,-0.018659993383260295,-0.3070677995581179,-0.08288118348083037,True
2420,0.8253968253968254,0.5873015873015872,-0.02245826933149161,-0.32636276567820277,-0.07949036812547083,True
2421,0.8412698412698412,0.5873015873015872,-0.02607778750308069,-0.34523126393195075,-0.07609753342524807,True
2422,0.8571428571428571,0.5873015873015872,-0.02962595851931745,-0.3640444298058805,-0.07277234856033259,True
2423,0.873015873015873,0.5873015873015872,-0.03336921282625821,-0.3844418773669376,-0.06952653880810004,True
2424,0.8888888888888888,0.5873015873015872,-0.03783227576660228,-0.4108363057194747,-0.06635001161567797,True
2425,0.9047619047619047,0.5873015873015872,-0.043882811067298994,-0.4511350731086255,-0.0631447923977355,True
2426,0.9206349206349206,0.5873015873015872,-0.051261687654274024,-0.5112726247345749,-0.059707576270738645,True
2427,0.9365079365079365,0.5873015873015872,-0.05644894369604466,-0.5774054198290972,-0.05589174270442959,True
2428,0.9523809523809523,0.5873015873015872,-0.05191163750826939,-0.5952883464022851,-0.0520237238653126,True
2429,0.9682539682539681,0.5873015873015872,-0.034470897808493495,-0.4966301140472838,-0.04922122042724739,True
2430,0.9841269841269841,0.5873015873015872,-0.011541192021144427,-0.27224092562752017,-0.04840131703385267,True
2431,1.0,0.5873015873015872,6.669560588211168e-07,-0.0003075253678930263,-0.04892296421912009,True
2432,0.0,0.6031746031746031,-2.413903236467361e-07,7.406356469003449e-05,-0.03106176115689762,True
2433,0.015873015873015872,0.6031746031746031,0.005509698750104425,0.1015123081847763,-0.030782994289586006,True
2434,0.031746031746031744,0.6031746031746031,0.017514247027492,0.19757056033223047,-0.030894698309355043,True
2435,0.047619047619047616,0.6031746031746031,0.030195364212737805,0.273786090539323,-0.03171955019175604,True
2436,0.06349206349206349,0.6031746031746031,0.04052909957496965,0.32710800334277346,-0.033382625115717504,True
2437,0.07936507936507936,0.6031746031746031,0.048435272609806804,0.36325192722793603,-0.03586089221661512,True
2438,0.09523809523809523,0.6031746031746031,0.05452381459154314,0.3871943225350312,-0.03908973780938892,True
2439,0.1111111111111111,0.6031746031746031,0.059324915537535126,0.4008864348888661,-0.04295846566263061,True
2440,0.12698412698412698,0.6031746031746031,0.06294037484674687,0.40533318043724625,-0.047317914042261086,True
2441,0.14285714285714285,0.6031746031746031,0.06545602352088584,0.40224156102497083,-0.051994767896677806,True
2442,0.15873015873015872,0.6031746031746031,0.06690204643882271,0.3926078313327297,-0.0568364706150694,True
2443,0.1746031746031746,0.6031746031746031,0.06738345142667018,0.3778425798082308,-0.061695763106254665,True
2444,0.19047619047619047,0.6031746031746031,0.06719578261053578,0.35993298153103326,-0.06645377953075886,True
2445,0.20634920634920634,0.6031746031746031,0.06664683657984179,0.34062071253445136,-0.07104675334166877,True
2446,0.2222222222222222,0.6031746031746031,0.06595062322199273,0.32104389234975894,-0.07544317656484088,True
2447,0.23809523809523808,0.6031746031746031,0.06527993513418542,0.3018204058733623,-0.07962715084878041,True
2448,0.25396825396825395,0.6031746031746031,0.06470711950667522,0.2831702336003199,-0.08360831115793955,True
2449,0.2698412698412698,0.6031746031746031,0.06425637713842115,0.26508274247449176,-0.08738469597692748,True
2450,0.2857142857142857,0.6031746031746031,0.06389531824059069,0.24746220630192314,-0.09096668113084559,True
2451,0.30158730158730157,0.6031746031746031,0.0636085232909975,0.23018467537601908,-0.09435109998644166,True
2452,0.31746031746031744,0.6031746031746031,0.06335764629457476,0.21316368545375633,-0.09753624357932542,True
2453,0.3333333333333333,0.6031746031746031,0.06311086353956027,0.19634277177034565,-0.10051476098207819,True
2454,0.3492063492063492,0.6031746031746031,0.0628396065407255,0.17969138249880548,-0.10328240999991531,True
2455,0.36507936507936506,0.6031746031746031,0.06253331979831582,0.16319857631847648,-0.10582875819262987,True
2456,0.38095238095238093,0.6031746031746031,0.062152953429508585,0.14685035230119284,-0.10815639715766256,True
2457,0.3968253968253968,0.6031746031746031,0.06169294907601719,0.13064118810590752,-0.11025144342444654,True
2458,0.4126984126984127,0.6031746031746031,0.06114747897373368,0.11456905305905886,-0.1121193429932571,True
2459,0.42857142857142855,0.6031746031746031,0.06049151693591907,0.09861424542667678,-0.1137416572430288,True
2460,0.4444444444444444,0.6031746031746031,0.05971560167880279,0.08276884359357027,-0.11511494235447245,True
2461,0.4603174603174603,0.6031746031746031,0.05880074066991946,0.06700536466107433,-0.11624524538494166,True
2462,0.47619047619047616,0.6031746031746031,0.057734024966170985,0.05130508037008434,-0.11712090178703037,True
2463,0.49206349206349204,0.6031746031746031,0.056508227748666304,0.035664475359815435,-0.11774538824764567,True
2464,0.5079365079365079,0.6031746031746031,0.05510409025482366,0.020042310322363564,-0.11811098680399028,True
2465,0.5238095238095237,0.6031746031746031,0.05351115269021924,0.004435056116222192,-0.11822169018519893,True
2466,0.5396825396825397,0.6031746031746031,0.05172077841496392,-0.011167379607113097,-0.11807252747108539,True
2467,0.5555555555555556,0.6031746031746031,0.04972815772500523,-0.02680378001485368,-0.11766613654027828,True
2468,0.5714285714285714,0.6031746031746031,0.04753271954316482,-0.042492114968587555,-0.11701064553555798,True
2469,0.5873015873015872,0.6031746031746031,0.045130364176257355,-0.05824833288188701,-0.11609615301634134,True
2470,0.6031746031746031,0.6031746031746031,0.042510510315113256,-0.07408238547245534,-0.11494839559517499,True
2471,0.6190476190476191,0.6031746031746031,0.039692185184586296,-0.09005315164617464,-0.11354953258554092,True
2472,0.6349206349206349,0.6031746031746031,0.036649330740631154,-0.1061568156113308,-0.11191800868517823,True
2473,0.6507936507936507,0.6031746031746031,0.03342638994229763,-0.12246733612879993,-0.11007086600412375,True
2474,0.6666666666666666,0.6031746031746031,0.03000544950908305,-0.13898967140206436,-0.10800120354124544,True
2475,0.6825396825396826,0.6031746031746031,0.02637566227947373,-0.15575311533259123,-0.1057244605364366,True
2476,0.6984126984126984,0.6031746031746031,0.022575092348284025,-0.1728183073354407,-0.10325550219625243,True
2477,0.7142857142857142,0.6031746031746031,0.01860994509637435,-0.1902244153977045,-0.10060014481965181,True
2478,0.7301587301587301,0.6031746031746031,0.014512143006335748,-0.20802376092193436,-0.09778623913964184,True
2479,0.746031746031746,0.6031746031746031,0.01026050766716425,-0.2262420401210136,-0.09482350427019616,True
2480,0.7619047619047619,0.6031746031746031,0.005921430799296553,-0.2449037334325007,-0.09171697434332747,True
2481,0.7777777777777777,0.6031746031746031,0.0014768103197707718,-0.2639820097170174,-0.08850402517702188,True
2482,0.7936507936507936,0.6031746031746031,-0.002977791549091397,-0.2833925180913326,-0.08520767677087947,True
2483,0.8095238095238095,0.6031746031746031,-0.007436001866806864,-0.3029318886859575,-0.08184778977896166,True
2484,0.8253968253968254,0.6031746031746031,-0.011810026331149104,-0.3223388376533908,-0.07847717843091724,True
2485,0.8412698412698412,0.6031746031746031,-0.01611607291210188,-0.3413277261512825,-0.0751216986894686,True
2486,0.8571428571428571,0.6031746031746031,-0.020332782235284053,-0.36015746385092245,-0.07185448410283322,True
2487,0.873015873015873,0.6031746031746031,-0.024691792609991416,-0.38022716580942184,-0.06869455748881127,True
2488,0.8888888888888888,0.6031746031746031,-0.029681871916872785,-0.40550401163643873,-0.06565792060447856,True
2489,0.9047619047619047,0.6031746031746031,-0.036041742986941884,-0.44403240207694833,-0.0626572037189571,True
2490,0.9206349206349206,0.6031746031746031,-0.04380548608305206,-0.5035710077378408,-0.059534361858139234,True
2491,0.9365079365079365,0.6031746031746031,-0.049985670813545456,-0.5743392358176147,-0.05609131574677925,True
2492,0.9523809523809523,0.6031746031746031,-0.04785684685151491,-0.605427241652897,-0.05256208870487448,True
2493,0.9682539682539681,0.6031746031746031,-0.03274589044367473,-0.5185238703509968,-0.04987891877298895,True
2494,0.9841269841269841,0.6031746031746031,-0.011199423778128091,-0.2921972579144911,-0.04903899957522939,True
2495,1.0,0.6031746031746031,-5.349369979632864e-07,0.00028581633830333157,-0.0495319037770199,True
2496,0.0,0.6190476190476191,1.780303844360142e-06,4.5348952438532976e-05,-0.03072587596139728,True
2497,0.015873015873015872,0.6190476190476191,0.005562272427784321,0.09150481092962902,-0.030433880935436735,True
2498,0.031746031746031744,0.6190476190476191,0.0183526747433105,0.1837028792582251,-0.030479963000873033,True
2499,0.047619047619047616,0.6190476190476191,0.032801171912909974,0.2610669525037612,-0.031198964583910853,True
2500,0.06349206349206349,0.6190476190476191,0.04519373277488828,0.3172050489103996,-0.03275147942453517,True
2501,0.07936507936507936,0.6190476190476191,0.05492646930131623,0.3555710255388043,-0.03512436269777626,True
2502,0.09523809523809523,0.6190476190476191,0.06252629204862313,0.38097715335515925,-0.038249101841225625,True
2503,0.1111111111111111,0.6190476190476191,0.06864283291564172,0.3961347542898764,-0.04201545924652273,True
2504,0.12698412698412698,0.6190476190476191,0.07332526117319275,0.4018153254390935,-0.04628123511304217,True
2505,0.14285714285714285,0.6190476190476191,0.0767285977608209,0.39985560592233177,-0.050882588268547344,True
2506,0.15873015873015872,0.6190476190476191,0.0789186456407751,0.39136098521481916,-0.055666473742710804,True
2507,0.1746031746031746,0.6190476190476191,0.07998696718119311,0.37752759190142016,-0.060486548053842126,True
2508,0.19047619047619047,0.6190476190476191,0.08020747293826509,0.3602243682736508,-0.06523244915417044,True
2509,0.20634920634920634,0.6190476190476191,0.07992398002203771,0.3411691983841073,-0.06982078517710048,True
2510,0.2222222222222222,0.6190476190476191,0.07944393018102042,0.32165715491133395,-0.07421666585202237,True
2511,0.23809523809523808,0.6190476190476191,0.07893811066696317,0.302372145033635,-0.07841071650975483,True
2512,0.25396825396825395,0.6190476190476191,0.07852693147172778,0.2836082621776969,-0.0823907701491792,True
2513,0.2698412698412698,0.6190476190476191,0.07823217265278747,0.2654019842285485,-0.08618677075788331,True
2514,0.2857142857142857,0.6190476190476191,0.07805807907322854,0.24768542663284246,-0.0897713808179909,True
2515,0.30158730158730157,0.6190476190476191,0.07795047636569657,0.23035173265345862,-0.09317383049497407,True
2516,0.31746031746031744,0.6190476190476191,0.07789455166871873,0.21331030935042256,-0.09636693334492492,True
2517,0.3333333333333333,0.6190476190476191,0.07783991808263306,0.19650097404194414,-0.09937115716993881,True
2518,0.3492063492063492,0.6190476190476191,0.07775047030954443,0.17988437028940485,-0.10214697155661621,True
2519,0.36507936507936506,0.6190476190476191,0.07762862637035434,0.16345027809494433,-0.1047221612493795,True
2520,0.38095238095238093,0.6190476190476191,0.07742136415171984,0.14717778536972723,-0.10707620205917207,True
2521,0.3968253968253968,0.6190476190476191,0.07712801371836814,0.13106452110577277,-0.1091956745725542,True
2522,0.4126984126984127,0.6190476190476191,0.07672221244492725,0.11509647002934453,-0.11107410560283548,True
2523,0.42857142857142855,0.6190476190476191,0.07620238113273012,0.09927174492779467,-0.11271837173023892,True
2524,0.4444444444444444,0.6190476190476191,0.07553647293691447,0.08356018697428097,-0.11411722730608148,True
2525,0.4603174603174603,0.6190476190476191,0.07471311233207902,0.06794518264570618,-0.11526815211383573,True
2526,0.47619047619047616,0.6190476190476191,0.07372483348733355,0.052425697439275644,-0.11615552850892548,True
2527,0.49206349206349204,0.6190476190476191,0.07254770677271906,0.03694840477860147,-0.11679138947896814,True
2528,0.5079365079365079,0.6190476190476191,0.07117933402635758,0.02154196995760246,-0.11716644199171082,True
2529,0.5238095238095237,0.6190476190476191,0.0695943315458609,0.006121355416201956,-0.1172708849131858,True
2530,0.5396825396825397,0.6190476190476191,0.06779158540689985,-0.009262559822498257,-0.11712567236182853,True
2531,0.5555555555555556,0.6190476190476191,0.06576117059833507,-0.024688073375706363,-0.11671788436031062,True
2532,0.5714285714285714,0.6190476190476191,0.06349755831861226,-0.040143526248242925,-0.11604460691029433,True
2533,0.5873015873015872,0.6190476190476191,0.060995745239010794,-0.055661731239820884,-0.11511743808801612,True
2534,0.6031746031746031,0.6190476190476191,0.058266624242861734,-0.07129429085831417,-0.1139499419971406,True
2535,0.6190476190476191,0.6190476190476191,0.055291572113387255,-0.08703348006111022,-0.11252504367773293,True
2536,0.6349206349206349,0.6190476190476191,0.05208391745992835,-0.1029329638081345,-0.1108682590122627,True
2537,0.6507936507936507,0.6190476190476191,0.04864697633112461,-0.11902278505449246,-0.10898792893284023,True
2538,0.6666666666666666,0.6190476190476191,0.04496648924013411,-0.13532127994825452,-0.10687605181512015,True
2539,0.6825396825396826,0.6190476190476191,0.04108377873474415,-0.15189823444369532,-0.104563917813153,True
2540,0.6984126984126984,0.6190476190476191,0.03698035371276142,-0.16877539456096122,-0.10205263732525795,True
2541,0.7142857142857142,0.6190476190476191,0.03268695609026072,-0.1860122616034658,-0.09935957269583631,True
2542,0.7301587301587301,0.6190476190476191,0.02818848619138178,-0.20364185746116759,-0.09650010602621481,True
2543,0.746031746031746,0.6190476190476191,0.023548150198574237,-0.22172797147490306,-0.0934983194748465,True
2544,0.7619047619047619,0.6190476190476191,0.01874693238681769,-0.24027505108181282,-0.09036155759184154,True
2545,0.7777777777777777,0.6190476190476191,0.013841240551031902,-0.25927756356132015,-0.08712041084958978,True
2546,0.7936507936507936,0.6190476190476191,0.008860452468850755,-0.27864946007736724,-0.08380430022732703,True
2547,0.8095238095238095,0.6190476190476191,0.003799560366869179,-0.29818323650090556,-0.08042740330040563,True
2548,0.8253968253968254,0.6190476190476191,-0.0012393707693172627,-0.31765624671308373,-0.07706589553209564,True
2549,0.8412698412698412,0.6190476190476191,-0.006240903136199523,-0.33672679827228247,-0.07373496199278515,True
2550,0.8571428571428571,0.6190476190476191,-0.011219801558585173,-0.35553450325749303,-0.07050450396817372,True
2551,0.873015873015873,0.6190476190476191,-0.016321479725316355,-0.37531044049823237,-0.0674250694609293,True
2552,0.8888888888888888,0.6190476190476191,-0.021900858660658527,-0.39978328178011735,-0.0644867100119945,True
2553,0.9047619047619047,0.6190476190476191,-0.028707156053585724,-0.4367460878091522,-0.06165382060112612,True
2554,0.9206349206349206,0.6190476190476191,-0.03693845018785439,-0.49525331595667976,-0.05880128183323557,True
2555,0.9365079365079365,0.6190476190476191,-0.04428839354494415,-0.5703891117925963,-0.05571119425083887,True
2556,0.9523809523809523,0.6190476190476191,-0.044147812600237146,-0.6125855588201252,-0.052495369834941116,True
2557,0.9682539682539681,0.6190476190476191,-0.03098064862838285,-0.5385862579800323,-0.05001102655563686,True
2558,0.9841269841269841,0.6190476190476191,-0.01082909898268162,-0.31112111051794505,-0.04915539968241706,True
2559,1.0,0.6190476190476191,4.665064905424402e-07,-0.0002687293593713516,-0.04962458873927838,True
2560,0.0,0.6349206349206349,-1.4783556714538702e-06,-9.456081168957055e-05,-0.030217379544964777,True
2561,0.015873015873015872,0.6349206349206349,0.0055036046317648935,0.08128025194287347,-0.029920509029271125,True
2562,0.031746031746031744,0.6349206349206349,0.01878190529310191,0.16872015586622902,-0.029908661707815237,True
2563,0.047619047619047616,0.6349206349206349,0.03464424649589779,0.24627884152963364,-0.030516891555537027,True
2564,0.06349206349206349,0.6349206349206349,0.0491080155227626,0.3051283378183903,-0.03193170687328565,True
2565,0.07936507936507936,0.6349206349206349,0.06071525754619452,0.34604118715098897,-0.03417930133047638,True
2566,0.09523809523809523,0.6349206349206349,0.07002491922802942,0.3734324953882584,-0.03717043605870571,True
2567,0.1111111111111111,0.6349206349206349,0.07747563229872981,0.3901110954788001,-0.040811149225628056,True
2568,0.12698412698412698,0.6349206349206349,0.08323016843435302,0.3971893835009241,-0.04497009921857691,True
2569,0.14285714285714285,0.6349206349206349,0.0876139217974398,0.3965670634402318,-0.0494758881647179,True
2570,0.15873015873015872,0.6349206349206349,0.0906548249767245,0.38943897747657247,-0.054190659702990876,True
2571,0.1746031746031746,0.6349206349206349,0.09235781437820516,0.3766721240345151,-0.058971157611454425,True
2572,0.19047619047619047,0.6349206349206349,0.09306497991143142,0.36009755076525435,-0.06368827291727089,True
2573,0.20634920634920634,0.6349206349206349,0.09313345333167213,0.3414693822783697,-0.06827764187814293,True
2574,0.2222222222222222,0.6349206349206349,0.09288461456368378,0.3220688908404419,-0.07267203597791481,True
2575,0.23809523809523808,0.6349206349206349,0.0925868161067369,0.3027521024667072,-0.07687318571707315,True
2576,0.25396825396825395,0.6349206349206349,0.09233962985901255,0.2838729638758755,-0.08087839856815099,True
2577,0.2698412698412698,0.6349206349206349,0.0922228243363945,0.2655444848230627,-0.08467181584647263,True
2578,0.2857142857142857,0.6349206349206349,0.09221891225897628,0.2477239009133792,-0.0882825883826736,True
2579,0.30158730158730157,0.6349206349206349,0.09230122716562422,0.23032566531430126,-0.09169648223979837,True
2580,0.31746031746031744,0.6349206349206349,0.09244809331909247,0.21325872342340993,-0.09491484488201991,True
2581,0.3333333333333333,0.6349206349206349,0.09260229160465214,0.19646000972764,-0.0979352423887709,True
2582,0.3492063492063492,0.6349206349206349,0.09272527795168482,0.1798875676127173,-0.10075169530193127,True
2583,0.36507936507936506,0.6349206349206349,0.09279063407317448,0.16351611754298498,-0.10334579533438026,True
2584,0.38095238095238093,0.6349206349206349,0.09276910736016732,0.14732839280920348,-0.10571449751613839,True
2585,0.3968253968253968,0.6349206349206349,0.09266153421964284,0.13132576440895585,-0.10786898058462793,True
2586,0.4126984126984127,0.6349206349206349,0.0924239997273655,0.11548735084546775,-0.10978234867935674,True
2587,0.42857142857142855,0.6349206349206349,0.09203190583152022,0.09978434270920017,-0.11144918687199384,True
2588,0.4444444444444444,0.6349206349206349,0.09150310837824958,0.0842402073032018,-0.11287572615907585,True
2589,0.4603174603174603,0.6349206349206349,0.09078825110059575,0.068799618348251,-0.11404304544758555,True
2590,0.47619047619047616,0.6349206349206349,0.08988981402356509,0.05347432298657681,-0.11494991651533124,True
2591,0.49206349206349204,0.6349206349206349,0.0887725669293803,0.038185605725936676,-0.1155965117919017,True
2592,0.5079365079365079,0.6349206349206349,0.08744965514036905,0.02300045832358902,-0.11598539546268267,True
2593,0.5238095238095237,0.6349206349206349,0.08588178960504685,0.007807896967816949,-0.11609527305941546,True
2594,0.5396825396825397,0.6349206349206349,0.08407393117641847,-0.00734767594957038,-0.11594662606027092,True
2595,0.5555555555555556,0.6349206349206349,0.08201299605067544,-0.022517768554651825,-0.11553650938947936,True
2596,0.5714285714285714,0.6349206349206349,0.07969353974149676,-0.03773730722498209,-0.11485192387952765,True
2597,0.5873015873015872,0.6349206349206349,0.07710836747689472,-0.05301458376450232,-0.11390997563147105,True
2598,0.6031746031746031,0.6349206349206349,0.07425930367789267,-0.06838593913849014,-0.11270861933011589,True
2599,0.6190476190476191,0.6349206349206349,0.07113209256948612,-0.083861883073397,-0.11126147925433627,True
2600,0.6349206349206349,0.6349206349206349,0.0677481126366293,-0.09951468326137008,-0.10957696738278692,True
2601,0.6507936507936507,0.6349206349206349,0.06409154323304274,-0.11534860549132686,-0.10764840296187543,True
2602,0.6666666666666666,0.6349206349206349,0.060173609352673185,-0.13141169408384445,-0.10549349784000556,True
2603,0.6825396825396826,0.6349206349206349,0.05599818396832156,-0.14774576714848128,-0.10313752891477955,True
2604,0.6984126984126984,0.6349206349206349,0.05157734269407773,-0.16439824472557102,-0.10057384386280085,True
2605,0.7142857142857142,0.6349206349206349,0.04693870712673364,-0.1814296605257233,-0.09782825850359043,True
2606,0.7301587301587301,0.6349206349206349,0.042057070281972135,-0.19886883817910717,-0.09491745718337886,True
2607,0.746031746031746,0.6349206349206349,0.03698604100519638,-0.21677774489837942,-0.09185904483448754,True
2608,0.7619047619047619,0.6349206349206349,0.0317339238617449,-0.23517785947941805,-0.08867660358944628,True
2609,0.7777777777777777,0.6349206349206349,0.026309758246604753,-0.2540523033465501,-0.08538834872519091,True
2610,0.7936507936507936,0.6349206349206349,0.020729044997065557,-0.2733186681314035,-0.08202789374118952,True
2611,0.8095238095238095,0.6349206349206349,0.015085467824720075,-0.2928225673387212,-0.0786371020629185,True
2612,0.8253968253968254,0.6349206349206349,0.009373972460014554,-0.3122533203445347,-0.07524637107869793,True
2613,0.8412698412698412,0.6349206349206349,0.0036031142642624766,-0.3313614157076982,-0.07192600879378848,True
2614,0.8571428571428571,0.6349206349206349,-0.002197865740494174,-0.3501361854748482,-0.06871781295461639,True
2615,0.873015873015873,0.6349206349206349,-0.008079812386825359,-0.369697143357289,-0.0656854818551022,True
2616,0.8888888888888888,0.6349206349206349,-0.014441797300535388,-0.3933835329297506,-0.0628448876411648,True
2617,0.9047619047619047,0.6349206349206349,-0.021775727312784078,-0.4287876832155756,-0.06016745529304313,True
2618,0.9206349206349206,0.6349206349206349,-0.03054327250319589,-0.48636373726031645,-0.05751787434292312,True
2619,0.9365079365079365,0.6349206349206349,-0.03885729022917127,-0.5645674096128325,-0.05472513562627629,True
2620,0.9523809523809523,0.6349206349206349,-0.04044464030901804,-0.6180398949054166,-0.051807869947680316,True
2621,0.9682539682539681,0.6349206349206349,-0.029318948466135784,-0.5565359051374208,-0.04952465910741296,True
2622,0.9841269841269841,0.6349206349206349,-0.010453691716771525,-0.3293880590043445,-0.04872822150381772,True
2623,1.0,0.6349206349206349,-4.046914818379968e-07,0.00026815032065764,-0.04917867968125114,True
2624,0.0,0.6507936507936507,4.610526498710198e-07,9.746698972196965e-05,-0.0295803927924684,True
2625,0.015873015873015872,0.6507936507936507,0.005343530295213023,0.07119564553810752,-0.02928379945483353,True
2626,0.031746031746031744,0.6507936507936507,0.01880776025764695,0.15289012143367087,-0.029218804717397774,True
2627,0.047619047619047616,0.6507936507936507,0.03583367652217515,0.2297977919540791,-0.029708952233291428,True
2628,0.06349206349206349,0.6507936507936507,0.05216808012402388,0.2910308971122419,-0.030972710726633827,True
2629,0.07936507936507936,0.6507936507936507,0.06584697726704393,0.3348291473488413,-0.03305452721469948,True
2630,0.09523809523809523,0.6507936507936507,0.07681803531344508,0.36440145477881947,-0.035896382267439735,True
2631,0.1111111111111111,0.6507936507936507,0.08568422783851892,0.3828997799622652,-0.03939130089523558,True
2632,0.12698412698412698,0.6507936507936507,0.09268900830221674,0.3917117206771242,-0.04341228073775337,True
2633,0.14285714285714285,0.6507936507936507,0.09804105079845134,0.392388753659579,-0.047802705735132414,True
2634,0.15873015873015872,0.6507936507936507,0.10195965055350648,0.3866351130086085,-0.05242895342156771,True
2635,0.1746031746031746,0.6507936507936507,0.10446682287636083,0.37522429464075635,-0.05714910127406119,True
2636,0.19047619047619047,0.6507936507936507,0.10573059800671954,0.3595161607792222,-0.06183274311155009,True
2637,0.20634920634920634,0.6507936507936507,0.1062381532404985,0.34144302328571874,-0.06640699038842822,True
2638,0.2222222222222222,0.6507936507936507,0.10630120120446751,0.32226695145035666,-0.07081007023631006,True
2639,0.23809523809523808,0.6507936507936507,0.10619872125469472,0.3029496685035997,-0.0750219213623374,True
2640,0.25396825396825395,0.6507936507936507,0.10615003237005768,0.2839734050329675,-0.07903757526821081,True
2641,0.2698412698412698,0.6507936507936507,0.1062054991104014,0.26551468328382516,-0.08285662543933753,True
2642,0.2857142857142857,0.6507936507936507,0.10638805388815026,0.2475794768726654,-0.08648398891105259,True
2643,0.30158730158730157,0.6507936507936507,0.10668208284444601,0.23009792643029667,-0.0899219587688777,True
2644,0.31746031746031744,0.6507936507936507,0.10702814678071106,0.21299697480661012,-0.09317076367915811,True
2645,0.3333333333333333,0.6507936507936507,0.10739247455843241,0.19620481169141607,-0.09621311292516592,True
2646,0.3492063492063492,0.6507936507936507,0.1077404986099742,0.17967497358407322,-0.0990623272588105,True
2647,0.36507936507936506,0.6507936507936507,0.1080253014006673,0.1633768365919364,-0.1016938919400405,True
2648,0.38095238095238093,0.6507936507936507,0.1082186271680787,0.14729011181054477,-0.10410564608853573,True
2649,0.3968253968253968,0.6507936507936507,0.10829529241769559,0.1314010766560818,-0.10628037088322036,True
2650,0.4126984126984127,0.6507936507936507,0.10824284323955742,0.11570271223082494,-0.10823592941365318,True
2651,0.42857142857142855,0.6507936507936507,0.10802704543851754,0.10017144920421679,-0.10993752611699571,True
2652,0.4444444444444444,0.6507936507936507,0.10763594453888797,0.08479660453236217,-0.11138784173120972,True
2653,0.4603174603174603,0.6507936507936507,0.10704300701485056,0.06954772655156062,-0.11258181393006958,True
2654,0.47619047619047616,0.6507936507936507,0.10624305434514333,0.05442118615369538,-0.11351697774994238,True
2655,0.49206349206349204,0.6507936507936507,0.10521141876872661,0.03938145463368777,-0.11418119748049094,True
2656,0.5079365079365079,0.6507936507936507,0.10393679676120993,0.0244234206495905,-0.1145701468976482,True
2657,0.5238095238095237,0.6507936507936507,0.10240368697707732,0.009497292623035614,-0.11470530336843322,True
2658,0.5396825396825397,0.6507936507936507,0.1005959568705191,-0.005405436996289046,-0.11454783734377566,True
2659,0.5555555555555556,0.6507936507936507,0.09851060821143415,-0.020318417966482375,-0.11412560151016968,True
2660,0.5714285714285714,0.6507936507936507,0.09613505724376496,-0.03523654650858184,-0.1134351867676494,True
2661,0.5873015873015872,0.6507936507936507,0.09346634146185749,-0.0502351769308028,-0.11246919531493088,True
2662,0.6031746031746031,0.6507936507936507,0.09050141465088281,-0.06531905715885579,-0.11125155419719028,True
2663,0.6190476190476191,0.6507936507936507,0.08723791865746708,-0.0805324554742692,-0.10977221473608355,True
2664,0.6349206349206349,0.6507936507936507,0.08366880866148252,-0.0958923084121692,-0.10804012404939235,True
2665,0.6507936507936507,0.6507936507936507,0.07979272185705548,-0.11143797018003801,-0.10606203604875476,True
2666,0.6666666666666666,0.6507936507936507,0.07563229069624142,-0.12723452899638044,-0.10386841724721382,True
2667,0.6825396825396826,0.6507936507936507,0.07118168853356589,-0.14330818876230164,-0.1014484086077976,True
2668,0.6984126984126984,0.6507936507936507,0.0664390166658412,-0.15970171285316137,-0.09882590896880278,True
2669,0.7142857142857142,0.6507936507936507,0.06140664903587662,-0.17646454565036138,-0.0960155237235234,True
2670,0.7301587301587301,0.6507936507936507,0.05615343092628539,-0.19368981508882183,-0.09304374009944101,True
2671,0.746031746031746,0.6507936507936507,0.05062872093734922,-0.21137692904812452,-0.08991357149135687,True
2672,0.7619047619047619,0.6507936507936507,0.04487385591523529,-0.2295744839997275,-0.08666199522557796,True
2673,0.7777777777777777,0.6507936507936507,0.03890733695778049,-0.24827160051932756,-0.08331058606659009,True
2674,0.7936507936507936,0.6507936507936507,0.03277444996861816,-0.2673958025948942,-0.0798946535825317,True
2675,0.8095238095238095,0.6507936507936507,0.026445974231165785,-0.28677575470268685,-0.07645519547272332,True
2676,0.8253968253968254,0.6507936507936507,0.019977326121026012,-0.30612272764655496,-0.0730300346233115,True
2677,0.8412698412698412,0.6507936507936507,0.013408271874761334,-0.3251745013891746,-0.06968959438642902,True
2678,0.8571428571428571,0.6507936507936507,0.0067715576568478,-0.3438884118733301,-0.06648974010229428,True
2679,0.873015873015873,0.6507936507936507,-2.632370451657634e-05,-0.36322684629771534,-0.06348602932927117,True
2680,0.8888888888888888,0.6507936507936507,-0.007193932171827199,-0.38628937323660906,-0.06071827169819087,True
2681,0.9047619047619047,0.6507936507936507,-0.015258179473158518,-0.4203856992556041,-0.05816218812903686,True
2682,0.9206349206349206,0.6507936507936507,-0.024610263778168523,-0.4768608042303514,-0.05570107692601732,True
2683,0.9365079365079365,0.6507936507936507,-0.03380804122875031,-0.5573841877793243,-0.05318601147954938,True
2684,0.9523809523809523,0.6507936507936507,-0.03709629572130883,-0.6214319418503298,-0.05060791360261985,True
2685,0.9682539682539681,0.6507936507936507,-0.027908807217894894,-0.5725073241261858,-0.04849446956724375,True
2686,0.9841269841269841,0.6507936507936507,-0.010146164690204542,-0.3468275416274656,-0.047744447263537146,True
2687,1.0,0.6507936507936507,2.5195170383380146e-07,-0.00016280553066598514,-0.048184611341333,True
2688,0.0,0.6666666666666666,6.323635973797026e-08,-3.089170071420443e-05,-0.028853042628746377,True
2689,0.015873015873015872,0.6666666666666666,0.005080735993457695,0.06125055957779649,-0.028563695846404318,True
2690,0.031746031746031744,0.6666666666666666,0.018447027021001487,0.1366140138931393,-0.028451574241638168,True
2691,0.047619047619047616,0.6666666666666666,0.03627033455361195,0.21184769059263672,-0.028824241962431184,True
2692,0.06349206349206349,0.6666666666666666,0.05431345420247284,0.2749409863527381,-0.029915460203841643,True
2693,0.07936507936507936,0.6666666666666666,0.06996638649618601,0.32159470296679254,-0.03181166936120177,True
2694,0.09523809523809523,0.6666666666666666,0.08277049091157566,0.35374075812904915,-0.034466709504864204,True
2695,0.1111111111111111,0.6666666666666666,0.0931590993906192,0.37430083194101815,-0.03778248203963016,True
2696,0.12698412698412698,0.6666666666666666,0.10147368333789099,0.38501527270628616,-0.04163703746731954,True
2697,0.14285714285714285,0.6666666666666666,0.1079230864218417,0.3873117017994273,-0.045888036981978395,True
2698,0.15873015873015872,0.6666666666666666,0.11280920633028736,0.3830089241714937,-0.05039436740513401,True
2699,0.1746031746031746,0.6666666666666666,0.11616885505523081,0.37297505853171,-0.05502715558240463,True
2700,0.19047619047619047,0.6666666666666666,0.11817187960515756,0.3584439314514399,-0.05966680702190124,True
2701,0.20634920634920634,0.6666666666666666,0.11918248161560781,0.341024763268409,-0.06421730358469169,True
2702,0.2222222222222222,0.6666666666666666,0.11961034701491269,0.32217603387680105,-0.06862003756238337,True
2703,0.23809523809523808,0.6666666666666666,0.11979544789005005,0.3029282345029283,-0.07284325502786636,True
2704,0.25396825396825395,0.6666666666666666,0.11995691466716811,0.28388163563855895,-0.07687741135666343,True
2705,0.2698412698412698,0.6666666666666666,0.12021203742167037,0.26529452002566367,-0.08072093819168859,True
2706,0.2857142857142857,0.6666666666666666,0.12058371497545246,0.24723747384010705,-0.08437562371577365,True
2707,0.30158730158730157,0.6666666666666666,0.12108106987855247,0.22966326416239438,-0.08784649588594533,True
2708,0.31746031746031744,0.6666666666666666,0.12164974006234587,0.2125153707109262,-0.09112740201752498,True
2709,0.3333333333333333,0.6666666666666666,0.12224687441062214,0.19572401015025337,-0.0942077061718821,True
2710,0.3492063492063492,0.6666666666666666,0.12283015544868488,0.1792356985170693,-0.09709408328938329,True
2711,0.36507936507936506,0.6666666666666666,0.12334813918033614,0.16301542204748695,-0.09976788551339716,True
2712,0.38095238095238093,0.6666666666666666,0.12377296540751004,0.14703926032676037,-0.10221709195222546,True
2713,0.3968253968253968,0.6666666666666666,0.12406981583008313,0.13128536412717398,-0.10445012072879822,True
2714,0.4126984126984127,0.6666666666666666,0.12421252347209431,0.1157404119797146,-0.10643428525194398,True
2715,0.42857142857142855,0.6666666666666666,0.12417847054658099,0.10038486967662509,-0.1081759908741453,True
2716,0.4444444444444444,0.6666666666666666,0.12394931434516197,0.08520613827797142,-0.10966406727995426,True
2717,0.4603174603174603,0.6666666666666666,0.12350071821604583,0.07017829827512098,-0.11089030517774628,True
2718,0.47619047619047616,0.6666666666666666,0.12281560611118722,0.0552779459269732,-0.1118526083536111,True
2719,0.49206349206349204,0.6666666666666666,0.1218810817301281,0.0405047895475298,-0.1125360695071974,True
2720,0.5079365079365079,0.6666666666666666,0.12066808686845762,0.025784923346004202,-0.11294679797638274,True
2721,0.5238095238095237,0.6666666666666666,0.11917737721921293,0.011146401463066159,-0.11308242159491036,True
2722,0.5396825396825397,0.6666666666666666,0.11738481716091859,-0.0034461640767416996,-0.11293563823459628,True
2723,0.5555555555555556,0.6666666666666666,0.11528337383114662,-0.018079699261269153,-0.11250332787682903,True
2724,0.5714285714285714,0.6666666666666666,0.1128637751696232,-0.032688932943553614,-0.11180289669853823,True
2725,0.5873015873015872,0.6666666666666666,0.1101219076995502,-0.04738336599688801,-0.11082405824621223,True
2726,0.6031746031746031,0.6666666666666666,0.1070443793351063,-0.06214790713252751,-0.10956454268776196,True
2727,0.6190476190476191,0.6666666666666666,0.10363232809820339,-0.07702984682439662,-0.10804745736463983,True
2728,0.6349206349206349,0.6666666666666666,0.09988776922075884,-0.09207406329404032,-0.10627715936271974,True
2729,0.6507936507936507,0.6666666666666666,0.09579700187422427,-0.10730182627252223,-0.10425164719188093,True
2730,0.6666666666666666,0.6666666666666666,0.09138389567413388,-0.12278478395157194,-0.10199469069052815,True
2731,0.6825396825396826,0.6666666666666666,0.08662899942269128,-0.13853791115634806,-0.09950950777195988,True
2732,0.6984126984126984,0.6666666666666666,0.08156311724962186,-0.15464048238988767,-0.09681567066795693,True
2733,0.7142857142857142,0.6666666666666666,0.07617444475500326,-0.1711276540311458,-0.09393042261553888,True
2734,0.7301587301587301,0.6666666666666666,0.07048621459137082,-0.18806408443540903,-0.09087257492953991,True
2735,0.746031746031746,0.6666666666666666,0.06449539721550324,-0.20548881239020902,-0.08766070471342118,True
2736,0.7619047619047619,0.6666666666666666,0.05824539227591881,-0.2234477489754771,-0.08432673681536713,True
2737,0.7777777777777777,0.6666666666666666,0.05170824042531477,-0.24191006462186865,-0.08089051171233269,True
2738,0.7936507936507936,0.6666666666666666,0.04492938974579728,-0.26082292113583816,-0.07740023504602098,True
2739,0.8095238095238095,0.6666666666666666,0.03790518894458957,-0.28000001939877883,-0.07388539012279519,True
2740,0.8253968253968254,0.6666666666666666,0.030676913301208298,-0.2992046956773555,-0.07041213152251237,True
2741,0.8412698412698412,0.6666666666666666,0.023270801997662065,-0.318130116376488,-0.06703265747166987,True
2742,0.8571428571428571,0.6666666666666666,0.015690968153722194,-0.336712216554177,-0.06381384584098593,True
2743,0.873015873015873,0.6666666666666666,0.007920618908128285,-0.3558257245505277,-0.060825607705487846,True
2744,0.8888888888888888,0.6666666666666666,-0.00019515350238754603,-0.378358744136483,-0.058104959836535915,True
2745,0.9047619047619047,0.6666666666666666,-0.009024539271905484,-0.41136798895972676,-0.05564232324979501,True
2746,0.9206349206349206,0.6666666666666666,-0.01907752629670555,-0.4665728340715469,-0.05335051489916473,True
2747,0.9365079365079365,0.6666666666666666,-0.02925791765105062,-0.5491162726074165,-0.05108432454824758,True
2748,0.9523809523809523,0.6666666666666666,-0.03415869688960137,-0.6228918141490413,-0.04879233236451215,True
2749,0.9682539682539681,0.6666666666666666,-0.026705568803661477,-0.5879707643774122,-0.046911739110311934,True
2750,0.9841269841269841,0.6666666666666666,-0.00986610127416364,-0.36377382827974775,-0.04620437797055447,True
2751,1.0,0.6666666666666666,-2.2587731738147065e-07,0.00013108871048190667,-0.0466292010831382,True
2752,0.0,0.6825396825396826,1.9637742964094955e-07,-1.363727711724663e-05,-0.02806993586144316,True
2753,0.015873015873015872,0.6825396825396826,0.00473475517144519,0.05181971927063547,-0.027793853340721427,True
2754,0.031746031746031744,0.6825396825396826,0.017721913433231106,0.12025851483189484,-0.027643767970177938,True
2755,0.047619047619047616,0.6825396825396826,0.03596656375469898,0.19275863480426236,-0.027900188306606108,True
2756,0.06349206349206349,0.6825396825396826,0.055408263735978625,0.25689873678730984,-0.02881010527589623,True
2757,0.07936507936507936,0.6825396825396826,0.07300042730428917,0.30641330163255504,-0.030492223724630712,True
2758,0.09523809523809523,0.6825396825396826,0.08770330252137434,0.34135077907461514,-0.032927183234562736,True
2759,0.1111111111111111,0.6825396825396826,0.0997240420157719,0.3642326194069505,-0.036028150944706815,True
2760,0.12698412698412698,0.6825396825396826,0.10943379909816693,0.3770162621676729,-0.039682338573859686,True
2761,0.14285714285714285,0.6825396825396826,0.11708047847489353,0.3811056364724915,-0.043755016277880976,True
2762,0.15873015873015872,0.6825396825396826,0.12300591740446844,0.378352781395815,-0.048112781075647655,True
2763,0.1746031746031746,0.6825396825396826,0.12736648938781936,0.36990105099447396,-0.05263059291511628,True
2764,0.19047619047619047,0.6825396825396826,0.13020927282126593,0.3566494000346447,-0.05719561376008113,True
2765,0.20634920634920634,0.6825396825396826,0.13187762591507196,0.3401071043507094,-0.06170836908751048,True
2766,0.2222222222222222,0.6825396825396826,0.13278016079378524,0.3217235945209647,-0.06609989479095876,True
2767,0.23809523809523808,0.6825396825396826,0.13331910133555847,0.30264249216278977,-0.07033253828401174,True
2768,0.25396825396825395,0.6825396825396826,0.13374650574510724,0.28357044417684973,-0.07438699210343684,True
2769,0.2698412698412698,0.6825396825396826,0.134229036685689,0.2648719648351317,-0.07826235492778424,True
2770,0.2857142857142857,0.6825396825396826,0.13481686887459027,0.24668685688584727,-0.08195037114456757,True
2771,0.30158730158730157,0.6825396825396826,0.13553432388962242,0.22901060012027724,-0.08545813875866565,True
2772,0.31746031746031744,0.6825396825396826,0.1363327577242173,0.2118036777506466,-0.08877856241616529,True
2773,0.3333333333333333,0.6825396825396826,0.13717401975471752,0.1950022055734972,-0.09191037480112466,True
2774,0.3492063492063492,0.6825396825396826,0.1379985821968083,0.1785513514348543,-0.0948400966501272,True
2775,0.36507936507936506,0.6825396825396826,0.13877683128577895,0.1624131032676528,-0.09756765249984996,True
2776,0.38095238095238093,0.6825396825396826,0.13944770998512504,0.1465534707954459,-0.10007283435396341,True
2777,0.3968253968253968,0.6825396825396826,0.13997073734781224,0.13093971159846562,-0.10234267295669822,True
2778,0.4126984126984127,0.6825396825396826,0.14035393148957026,0.11558186289143933,-0.10438718411281554,True
2779,0.42857142857142855,0.6825396825396826,0.1405074286814564,0.10040964265433948,-0.10616782022346158,True
2780,0.4444444444444444,0.6825396825396826,0.140472884451788,0.08546255962829107,-0.10770386294644124,True
2781,0.4603174603174603,0.6825396825396826,0.14017471304655582,0.07065862410633802,-0.10896948464980061,True
2782,0.47619047619047616,0.6825396825396826,0.13963435854817996,0.05604018342740854,-0.10995970439927179,True
2783,0.49206349206349204,0.6825396825396826,0.1387999668460918,0.04151404113698438,-0.11067791224130231,True
2784,0.5079365079365079,0.6825396825396826,0.1376773472666968,0.027110126653861134,-0.11111361607507948,True
2785,0.5238095238095237,0.6825396825396826,0.1362337681341164,0.012771705433470976,-0.11124659360141613,True
2786,0.5396825396825397,0.6825396825396826,0.13446772995367154,-0.001520674310872374,-0.11111103831340831,True
2787,0.5555555555555556,0.6825396825396826,0.13236220281945676,-0.01579794150426756,-0.11068299672604273,True
2788,0.5714285714285714,0.6825396825396826,0.12990360592320027,-0.030087226786236577,-0.1099561280357683,True
2789,0.5873015873015872,0.6825396825396826,0.1270927014774061,-0.04443220647355196,-0.10895863456747254,True
2790,0.6031746031746031,0.6825396825396826,0.1239093462979178,-0.058832921201029474,-0.10767838357511535,True
2791,0.6190476190476191,0.6825396825396826,0.12036526546380118,-0.07338102957141637,-0.10612213476944854,True
2792,0.6349206349206349,0.6825396825396826,0.11644266167301934,-0.08806448301470397,-0.10429465909173785,True
2793,0.6507936507936507,0.6825396825396826,0.11214286518825917,-0.10293977589601354,-0.10221770876111576,True
2794,0.6666666666666666,0.6825396825396826,0.10746980770202963,-0.11805906525779204,-0.09989143079582345,True
2795,0.6825396825396826,0.6825396825396826,0.10242893962095984,-0.13347217308097512,-0.09733088181521346,True
2796,0.6984126984126984,0.6825396825396826,0.09702247006445847,-0.14922968750145676,-0.09455560826497512,True
2797,0.7142857142857142,0.6825396825396826,0.09126218481466775,-0.16539067514679495,-0.09158272826441655,True
2798,0.7301587301587301,0.6825396825396826,0.08513732521982603,-0.18199786895739054,-0.08842678095767717,True
2799,0.746031746031746,0.6825396825396826,0.07867679035520782,-0.19911532668485196,-0.08511656026982195,True
2800,0.7619047619047619,0.6825396825396826,0.0718849912775734,-0.2167674663551371,-0.08167749085638817,True
2801,0.7777777777777777,0.6825396825396826,0.06476053100702008,-0.23494458063374232,-0.07814475318726671,True
2802,0.7936507936507936,0.6825396825396826,0.057309957822040146,-0.2535663734369012,-0.07454969420720092,True
2803,0.8095238095238095,0.6825396825396826,0.049561259976075106,-0.27249113892015137,-0.07095075598357563,True
2804,0.8253968253968254,0.6825396825396826,0.04148528001750723,-0.2914320002119688,-0.06739204863610618,True
2805,0.8412698412698412,0.6825396825396826,0.033160815615532094,-0.31014521986928545,-0.06395134302157993,True
2806,0.8571428571428571,0.6825396825396826,0.024593831592151668,-0.32854984444739743,-0.060698495392535814,True
2807,0.873015873015873,0.6825396825396826,0.015781297703471177,-0.3474197759872176,-0.05770086910627974,True
2808,0.8888888888888888,0.6825396825396826,0.0066572443968178074,-0.36949607849567867,-0.05500930119984828,True
2809,0.9047619047619047,0.6825396825396826,-0.003089062442787641,-0.4015261577622398,-0.05262011876448476,True
2810,0.9206349206349206,0.6825396825396826,-0.013906322123091376,-0.45560236217336475,-0.05045740264341105,True
2811,0.9365079365079365,0.6825396825396826,-0.025045003388596748,-0.5394776246042914,-0.048400102617994815,True
2812,0.9523809523809523,0.6825396825396826,-0.03155418865715871,-0.62246722649449,-0.04636928007443446,True
2813,0.9682539682539681,0.6825396825396826,-0.025651570513218636,-0.6013916315057208,-0.04470375371558902,True
2814,0.9841269841269841,0.6825396825396826,-0.009668728841474333,-0.38016973673622134,-0.044092629782804926,True
2815,1.0,0.6825396825396826,-2.7708670165044288e-08,2.2935058845719215e-05,-0.0445151651582117,True
2816,0.0,0.6984126984126984,-3.276343234312975e-07,-2.9794289912199627e-05,-0.027262442942434018,True
2817,0.015873015873015872,0.6984126984126984,0.00432188416736099,0.04289972354761189,-0.027004374897684945,True
2818,0.031746031746031744,0.6984126984126984,0.016689866550022848,0.10422311199224345,-0.02682760823950745,True
2819,0.047619047619047616,0.6984126984126984,0.03492684715957889,0.17291501667479037,-0.02697633538820149,True
2820,0.06349206349206349,0.6984126984126984,0.05539913370247891,0.23721523508863834,-0.02770056878595054,True
2821,0.07936507936507936,0.6984126984126984,0.07478419720023363,0.28922918512882023,-0.02914369290675166,True
2822,0.09523809523809523,0.6984126984126984,0.09138626213198488,0.3270611489670962,-0.03132977389208558,True
2823,0.1111111111111111,0.6984126984126984,0.10517493195053704,0.3525856287339427,-0.0341746491676702,True
2824,0.12698412698412698,0.6984126984126984,0.11641854639582085,0.36765674401316606,-0.037581766353600284,True
2825,0.14285714285714285,0.6984126984126984,0.12536780949080856,0.37374396200173415,-0.041439520183924626,True
2826,0.15873015873015872,0.6984126984126984,0.13246650634408813,0.3727050143781954,-0.04560246250884696,True
2827,0.1746031746031746,0.6984126984126984,0.13787894139933493,0.36581403085690917,-0.04996893662083055,True
2828,0.19047619047619047,0.6984126984126984,0.14168949057422095,0.35398900673765654,-0.05443145450377284,True
2829,0.20634920634920634,0.6984126984126984,0.14417640354668598,0.33852342346084063,-0.05888082825936613,True
2830,0.2222222222222222,0.6984126984126984,0.14573306748414605,0.320816369556033,-0.06324657605918091,True
2831,0.23809523809523808,0.6984126984126984,0.1467070157788262,0.302005633635562,-0.06747692983101175,True
2832,0.25396825396825395,0.6984126984126984,0.14749020289586717,0.28298869051177616,-0.07155804589992845,True
2833,0.2698412698412698,0.6984126984126984,0.1482499992989034,0.2642168190269545,-0.07546207305730464,True
2834,0.2857142857142857,0.6984126984126984,0.14909762719793485,0.24590552936852245,-0.07919815086355944,True
2835,0.30158730158730157,0.6984126984126984,0.1500553884181026,0.22812164971090798,-0.08275342242485567,True
2836,0.31746031746031744,0.6984126984126984,0.15109712350622395,0.21084608785341796,-0.08612619338155462,True
2837,0.3333333333333333,0.6984126984126984,0.15218969702033872,0.19402585049496582,-0.0893125728484486,True
2838,0.3492063492063492,0.6984126984126984,0.1532919123035211,0.1776101618627047,-0.09230256773656045,True
2839,0.36507936507936506,0.6984126984126984,0.15433522953054835,0.16155454032576055,-0.09508240846439298,True
2840,0.38095238095238093,0.6984126984126984,0.15526556568299288,0.14581287469332574,-0.09765535161920989,True
2841,0.3968253968253968,0.6984126984126984,0.15605508819730454,0.13036577265564284,-0.09999082644316586,True
2842,0.4126984126984127,0.6984126984126984,0.1566691858353421,0.11518839807041482,-0.10208805930513383,True
2843,0.42857142857142855,0.6984126984126984,0.15706170779782863,0.10024784965305208,-0.10393260776522807,True
2844,0.4444444444444444,0.6984126984126984,0.15721270084668545,0.08552194816073187,-0.10551348179073582,True
2845,0.4603174603174603,0.6984126984126984,0.1571091035812428,0.07100595445530856,-0.10682451440692088,True
2846,0.47619047619047616,0.6984126984126984,0.1567107020139986,0.056648812184990585,-0.10785885983209122,True
2847,0.49206349206349204,0.6984126984126984,0.1560073543097139,0.042435734447031886,-0.10860873926267524,True
2848,0.5079365079365079,0.6984126984126984,0.15497972228162188,0.028358506009200927,-0.10905696739482344,True
2849,0.5238095238095237,0.6984126984126984,0.1536076701436234,0.014346848902875485,-0.10922708786549487,True
2850,0.5396825396825397,0.6984126984126984,0.15187614054951254,0.00040319207384870045,-0.10908713167725563,True
2851,0.5555555555555556,0.6984126984126984,0.14977500791340062,-0.01351901472925293,-0.10865068877054461,True
2852,0.5714285714285714,0.6984126984126984,0.14729530148443915,-0.027435379506284364,-0.10793187980058498,True
2853,0.5873015873015872,0.6984126984126984,0.144419807181109,-0.04139363763113597,-0.10690395122262555,True
2854,0.6031746031746031,0.6984126984126984,0.1411456967180004,-0.05542780985658996,-0.10558796181664107,True
2855,0.6190476190476191,0.6984126984126984,0.1374621760253341,-0.06955904048978964,-0.1039918882925627,True
2856,0.6349206349206349,0.6984126984126984,0.13337338082227534,-0.08385836588702172,-0.1021158501662556,True
2857,0.6507936507936507,0.6984126984126984,0.12886437625538055,-0.09833868987940665,-0.09996925446885695,True
2858,0.6666666666666666,0.6984126984126984,0.12394694468903213,-0.11307151599001922,-0.09757153853231655,True
2859,0.6825396825396826,0.6984126984126984,0.11860951265975374,-0.12808767276836067,-0.09492596745160806,True
2860,0.6984126984126984,0.6984126984126984,0.11287032696055074,-0.1434644081697418,-0.09206281030262861,True
2861,0.7142857142857142,0.6984126984126984,0.10671439014363063,-0.15923691062914436,-0.08897964799509818,True
2862,0.7301587301587301,0.6984126984126984,0.10016821315716476,-0.17548151314696897,-0.08571660235202883,True
2863,0.746031746031746,0.6984126984126984,0.09321242070731839,-0.19222977955975756,-0.08229187985454785,True
2864,0.7619047619047619,0.6984126984126984,0.08585045113186159,-0.20950879221132304,-0.0787282180411549,True
2865,0.7777777777777777,0.6984126984126984,0.07810355192090358,-0.22732319958556796,-0.07506959755790692,True
2866,0.7936507936507936,0.6984126984126984,0.06997369810820532,-0.24560149821256938,-0.07136184158374793,True
2867,0.8095238095238095,0.6984126984126984,0.0614051960740603,-0.2641513913476689,-0.06764163580322002,True
2868,0.8253968253968254,0.6984126984126984,0.05246597210948993,-0.28276557189699997,-0.06398444164290559,True
2869,0.8412698412698412,0.6984126984126984,0.04314910465515802,-0.3011794774378686,-0.06045959393979075,True
2870,0.8571428571428571,0.6984126984126984,0.03351636414792879,-0.3193174873163165,-0.05714519382651334,True
2871,0.873015873015873,0.6984126984126984,0.02359134109257428,-0.33792560599277455,-0.05412096780933871,True
2872,0.8888888888888888,0.6984126984126984,0.013362669017382896,-0.3596151407454471,-0.05143319847385323,True
2873,0.9047619047619047,0.6984126984126984,0.002628021605948253,-0.3908875634770939,-0.04909267484829074,True
2874,0.9206349206349206,0.6984126984126984,-0.009046205508915847,-0.4437699688335196,-0.047040695108533134,True
2875,0.9365079365079365,0.6984126984126984,-0.02116798698088351,-0.5286493247605292,-0.04516214397714218,True
2876,0.9523809523809523,0.6984126984126984,-0.029165207013269162,-0.6199012177418957,-0.04337002391020339,True
2877,0.9682539682539681,0.6984126984126984,-0.024940463944322516,-0.6136898900475322,-0.041931185787574723,True
2878,0.9841269841269841,0.6984126984126984,-0.009595870667640552,-0.39604295979333415,-0.041414101532839635,True
2879,1.0,0.6984126984126984,1.1301484614563888e-07,-0.00018514536607541494,-0.04184572712721313,True
2880,0.0,0.7142857142857142,2.988832085650452e-07,5.0819675490644515e-05,-0.026456394006623377,True
2881,0.015873015873015872,0.7142857142857142,0.003892352411354372,0.0349418642944343,-0.02621995398941107,True
2882,0.031746031746031744,0.7142857142857142,0.015384113745320348,0.08862499366908788,-0.026025365424516268,True
2883,0.047619047619047616,0.7142857142857142,0.03322718890287634,0.15289224256066805,-0.02608522223634619,True
2884,0.06349206349206349,0.7142857142857142,0.05430666921034391,0.21626236519671058,-0.026618001368817697,True
2885,0.07936507936507936,0.7142857142857142,0.07518689375735761,0.2701550202374255,-0.027811789889225596,True
2886,0.09523809523809523,0.7142857142857142,0.0937782728440826,0.3110669479312362,-0.029699034916569833,True
2887,0.1111111111111111,0.7142857142857142,0.10935941934297157,0.33933984483495816,-0.032256681071181875,True
2888,0.12698412698412698,0.7142857142857142,0.12221152392515458,0.3568608470315232,-0.03538208742272227,True
2889,0.14285714285714285,0.7142857142857142,0.1326567900333821,0.365205411740046,-0.038960574868149786,True
2890,0.15873015873015872,0.7142857142857142,0.14093873709948695,0.3658596908731932,-0.04289739658229148,True
2891,0.1746031746031746,0.7142857142857142,0.14754097751095563,0.36066097317603774,-0.047068992178801186,True
2892,0.19047619047619047,0.7142857142857142,0.1524992770407197,0.3504154616566729,-0.05137881952991598,True
2893,0.20634920634920634,0.7142857142857142,0.1559851574490589,0.33621328017735336,-0.05573958029670951,True
2894,0.2222222222222222,0.7142857142857142,0.1583041879343848,0.3192766672045038,-0.060053783028874264,True
2895,0.23809523809523808,0.7142857142857142,0.1598989151588975,0.300929031211613,-0.06428316279676811,True
2896,0.25396825396825395,0.7142857142857142,0.16114359802582212,0.2820639834480829,-0.06837862129743241,True
2897,0.2698412698412698,0.7142857142857142,0.16224276182337824,0.2632671479556649,-0.07231759421200243,True
2898,0.2857142857142857,0.7142857142857142,0.16339668503945537,0.2448714032457109,-0.07609665147845522,True
2899,0.30158730158730157,0.7142857142857142,0.16463726499585518,0.2269817841205989,-0.07971415510365437,True
2900,0.31746031746031744,0.7142857142857142,0.16596598704272558,0.20962584781192808,-0.0831580283920681,True
2901,0.3333333333333333,0.7142857142857142,0.16734267434121514,0.19277933302994787,-0.08641217377663128,True
2902,0.3492063492063492,0.7142857142857142,0.16872368669306345,0.17639108791492256,-0.08947359133399659,True
2903,0.36507936507936506,0.7142857142857142,0.17004163821458965,0.16041192689224876,-0.09233274543083717,True
2904,0.38095238095238093,0.7142857142857142,0.17124996019702865,0.14479597458241958,-0.09496559755419243,True
2905,0.3968253968253968,0.7142857142857142,0.17233411844199487,0.12952840017032724,-0.09738153669617353,True
2906,0.4126984126984127,0.7142857142857142,0.17319226051540323,0.11454261442917824,-0.09954328348776717,True
2907,0.42857142857142855,0.7142857142857142,0.17384311662466786,0.09984928633158206,-0.10146155327170296,True
2908,0.4444444444444444,0.7142857142857142,0.17421382957118156,0.08538472406786592,-0.10309868749035063,True
2909,0.4603174603174603,0.7142857142857142,0.1743072700296613,0.07115543683144512,-0.10446480638314629,True
2910,0.47619047619047616,0.7142857142857142,0.17408524776496925,0.057113375692324435,-0.10555038597549436,True
2911,0.49206349206349204,0.7142857142857142,0.1735243752966868,0.04323040573211992,-0.10633346897035384,True
2912,0.5079365079365079,0.7142857142857142,0.1726149120903077,0.029497410428082137,-0.10682748131928148,True
2913,0.5238095238095237,0.7142857142857142,0.17132283981337917,0.015850809854595024,-0.10700506773178262,True
2914,0.5396825396825397,0.7142857142857142,0.16964732768454086,0.0022980350993382203,-0.10688430298608399,True
2915,0.5555555555555556,0.7142857142857142,0.16756553488452022,-0.011226285126957121,-0.10645323137234423,True
2916,0.5714285714285714,0.7142857142857142,0.16506820746909104,-0.024759380874916536,-0.1057083276277963,True
2917,0.5873015873015872,0.7142857142857142,0.16214066255049867,-0.03827119168245183,-0.10466076518083106,True
2918,0.6031746031746031,0.7142857142857142,0.15878511928121852,-0.05189888010784019,-0.10332030651095646,True
2919,0.6190476190476191,0.7142857142857142,0.15498158328967873,-0.06560891721464372,-0.10167717909523684,True
2920,0.6349206349206349,0.7142857142857142,0.1507285666026459,-0.07947085048650533,-0.09974430780163883,True
2921,0.6507936507936507,0.7142857142857142,0.14602114203398409,-0.09352233794235193,-0.09753092770162844,True
2922,0.6666666666666666,0.7142857142857142,0.14085350867389274,-0.10780565412499278,-0.09505131891816032,True
2923,0.6825396825396826,0.7142857142857142,0.13523563546495856,-0.12239921347341043,-0.0923164042875136,True
2924,0.6984126984126984,0.7142857142857142,0.12914974773534324,-0.13732832669033662,-0.08934301061763741,True
2925,0.7142857142857142,0.7142857142857142,0.12261588778437593,-0.15268397496304212,-0.08614889542002115,True
2926,0.7301587301587301,0.7142857142857142,0.11562043467532894,-0.1684936524216697,-0.08275801527878894,True
2927,0.746031746031746,0.7142857142857142,0.10814272367408921,-0.18479869998091003,-0.0791974543342366,True
2928,0.7619047619047619,0.7142857142857142,0.10022209545646568,-0.20165654660084176,-0.07549572818677935,True
2929,0.7777777777777777,0.7142857142857142,0.09181928174623853,-0.21903430828377557,-0.07169668904714203,True
2930,0.7936507936507936,0.7142857142857142,0.08289806235290346,-0.236834058344482,-0.06783387102454137,True
2931,0.8095238095238095,0.7142857142857142,0.07352125446404573,-0.2549559799844665,-0.06398395896862158,True
2932,0.8253968253968254,0.7142857142857142,0.06364104519913814,-0.27313398878719597,-0.06020104461569896,True
2933,0.8412698412698412,0.7142857142857142,0.05325970685261809,-0.2911350242786085,-0.05656530559373521,True
2934,0.8571428571428571,0.7142857142857142,0.042497195360227065,-0.30895044843180147,-0.05317065948483874,True
2935,0.873015873015873,0.7142857142857142,0.03139682561478254,-0.3272679143053988,-0.05009410295739601,True
2936,0.8888888888888888,0.7142857142857142,0.019980077877589812,-0.348625754957589,-0.04739261171270396,True
2937,0.9047619047619047,0.7142857142857142,0.008155043560413184,-0.3793071821000289,-0.04507642327291411,True
2938,0.9206349206349206,0.7142857142857142,-0.004441876448607087,-0.4310824802397394,-0.043106322717635294,True
2939,0.9365079365079365,0.7142857142857142,-0.017576795947505483,-0.5166307207373338,-0.04137124365131189,True
2940,0.9523809523809523,0.7142857142857142,-0.027146689923269133,-0.6157818912335224,-0.0398081959397952,True
2941,0.9682539682539681,0.7142857142857142,-0.02450539840561662,-0.6244650826622338,-0.03858389123328881,True
2942,0.9841269841269841,0.7142857142857142,-0.009655161802681726,-0.4120114339016715,-0.038175272952875726,True
2943,1.0,0.7142857142857142,2.154739522732461e-07,0.00020418976956763045,-0.03862563706546493,True
2944,0.0,0.7301587301587301,-1.890538609205589e-07,-3.954418615345675e-05,-0.02567304421015633,True
2945,0.015873015873015872,0.7301587301587301,0.00340281206199783,0.027434462012883142,-0.025461209463264762,True
2946,0.031746031746031744,0.7301587301587301,0.013935772901716664,0.0742184691927296,-0.025260459126349107,True
2947,0.047619047619047616,0.7301587301587301,0.030933338487460563,0.13285775473375477,-0.025238027204993265,True
2948,0.06349206349206349,0.7301587301587301,0.05209746580417691,0.19434359006146582,-0.02560689175940672,True
2949,0.07936507936507936,0.7301587301587301,0.07414518257826315,0.2494284449389491,-0.02653452381960881,True
2950,0.09523809523809523,0.7301587301587301,0.0944339613533255,0.29294805315164824,-0.028120152336080794,True
2951,0.1111111111111111,0.7301587301587301,0.1119367810340329,0.3242034606566413,-0.030332944082193763,True
2952,0.12698412698412698,0.7301587301587301,0.12657990520397033,0.3444720959479018,-0.03311518026077143,True
2953,0.14285714285714285,0.7301587301587301,0.13855723834139894,0.35512555199180706,-0.03638152047288271,True
2954,0.15873015873015872,0.7301587301587301,0.14828557523461033,0.35784719588256925,-0.040019603932148505,True
2955,0.1746031746031746,0.7301587301587301,0.15613030624676108,0.3542889669424704,-0.043944888843608726,True
2956,0.19047619047619047,0.7301587301587301,0.1623209291563856,0.3456435733187597,-0.04806517110616101,True
2957,0.20634920634920634,0.7301587301587301,0.1669737559663187,0.3328297423429552,-0.05228981312793613,True
2958,0.2222222222222222,0.7301587301587301,0.17033666932986774,0.31697854884454235,-0.056532508247879906,True
2959,0.23809523809523808,0.7301587301587301,0.17271476365945856,0.29923161479609794,-0.06073344262444709,True
2960,0.25396825396825395,0.7301587301587301,0.17458209926452253,0.28066644229019166,-0.06483943969234479,True
2961,0.2698412698412698,0.7301587301587301,0.17619420666596847,0.2619463683017831,-0.06882548269668205,True
2962,0.2857142857142857,0.7301587301587301,0.17772874959298823,0.24349776187392225,-0.07266161969316447,True
2963,0.30158730158730157,0.7301587301587301,0.17932358287355293,0.22553282538742786,-0.07634305295765713,True
2964,0.31746031746031744,0.7301587301587301,0.18095708782204778,0.20811435041780393,-0.07986195451897635,True
2965,0.3333333333333333,0.7301587301587301,0.18264257211230311,0.19123909402436468,-0.08320400832186833,True
2966,0.3492063492063492,0.7301587301587301,0.18432892350206034,0.1748754727074597,-0.0863541944148212,True
2967,0.36507936507936506,0.7301587301587301,0.18596611081150147,0.15898066984485634,-0.08930195649914606,True
2968,0.38095238095238093,0.7301587301587301,0.18748171230669633,0.14350141066392416,-0.09202759449631029,True
2969,0.3968253968253968,0.7301587301587301,0.18884132461066774,0.12840411722421782,-0.09452501176543505,True
2970,0.4126984126984127,0.7301587301587301,0.1899927810496088,0.11364932733182899,-0.09677278987321325,True
2971,0.42857142857142855,0.7301587301587301,0.1908972020371703,0.09920154095708182,-0.09876394345975853,True
2972,0.4444444444444444,0.7301587301587301,0.19152006741517047,0.0850367393813581,-0.10047749578644993,True
2973,0.4603174603174603,0.7301587301587301,0.19183563802930828,0.0711328885302541,-0.10190706499691636,True
2974,0.47619047619047616,0.7301587301587301,0.1917899144721764,0.05740575219367615,-0.10304300086551688,True
2975,0.49206349206349204,0.7301587301587301,0.1914016750166731,0.043901346389973464,-0.10388317481010621,True
2976,0.5079365079365079,0.7301587301587301,0.19061691418268423,0.030536688314522744,-0.10440717186344395,True
2977,0.5238095238095237,0.7301587301587301,0.18942814907737612,0.017308637907210538,-0.10461303281607502,True
2978,0.5396825396825397,0.7301587301587301,0.187816958914737,0.004141516400873496,-0.10451004231947322,True
2979,0.5555555555555556,0.7301587301587301,0.1857698717997346,-0.008935261164733867,-0.10407950373541797,True
2980,0.5714285714285714,0.7301587301587301,0.1832688447990219,-0.02202170703591764,-0.10332687266652317,True
2981,0.5873015873015872,0.7301587301587301,0.18031098801486933,-0.03511123445771082,-0.10226752849862139,True
2982,0.6031746031746031,0.7301587301587301,0.1768780603199173,-0.048271218010905746,-0.10088676659736957,True
2983,0.6190476190476191,0.7301587301587301,0.17296063186674,-0.06150953130538362,-0.09919168261766441,True
2984,0.6349206349206349,0.7301587301587301,0.16855398299208832,-0.0748909095637436,-0.0971966149854377,True
2985,0.6507936507936507,0.7301587301587301,0.16365966139332186,-0.08847693590526351,-0.0949181155492203,True
2986,0.6666666666666666,0.7301587301587301,0.15826430531300414,-0.10229746189695349,-0.09235264946177957,True
2987,0.6825396825396826,0.7301587301587301,0.15235337076667776,-0.11639166970260433,-0.08951238593146321,True
2988,0.6984126984126984,0.7301587301587301,0.14592630974102577,-0.13082554638497942,-0.0864204214095925,True
2989,0.7142857142857142,0.7301587301587301,0.13900029119399518,-0.14569072373808425,-0.08310415153900244,True
2990,0.7301587301587301,0.7301587301587301,0.13155213597804033,-0.1610141406946541,-0.07957613903991398,True
2991,0.746031746031746,0.7301587301587301,0.12356689623492155,-0.1768326594795584,-0.07586107070902937,True
2992,0.7619047619047619,0.7301587301587301,0.11501348167716875,-0.19315568086882084,-0.07199853092785728,True
2993,0.7777777777777777,0.7301587301587301,0.10593772013773489,-0.2100161441854515,-0.06803433453812197,True
2994,0.7936507936507936,0.7301587301587301,0.09623644976481281,-0.22727920458789308,-0.06401082339264796,True
2995,0.8095238095238095,0.7301587301587301,0.08593207023323139,-0.24482397122625935,-0.059992978930305134,True
2996,0.8253968253968254,0.7301587301587301,0.0750296057498538,-0.2624656509646466,-0.0560612820534215,True
2997,0.8412698412698412,0.7301587301587301,0.06358576105194033,-0.2799986126292685,-0.052301549909187436,True
2998,0.8571428571428571,0.7301587301587301,0.051588658270064286,-0.29736885325495266,-0.048795336024249944,True
2999,0.873015873015873,0.7301587301587301,0.03920410252815993,-0.3153635900053133,-0.04564174554822979,True
3000,0.8888888888888888,0.7301587301587301,0.026521686101264243,-0.3364301613309155,-0.042904912026640575,True
3001,0.9047619047619047,0.7301587301587301,0.013513918883013147,-0.3665741985139726,-0.04059410307566419,True
3002,0.9206349206349206,0.7301587301587301,-5.661826722276175e-05,-0.41759167895056226,-0.038668942673669625,True
3003,0.9365079365079365,0.7301587301587301,-0.014228654101516806,-0.5033058171174094,-0.03704915064140462,True
3004,0.9523809523809523,0.7301587301587301,-0.025421353884469883,-0.6100166232462533,-0.03567850617534129,True
3005,0.9682539682539681,0.7301587301587301,-0.02443979252709735,-0.6346736831540416,-0.034668657075586834,True
3006,0.9841269841269841,0.7301587301587301,-0.00986192711986647,-0.4284251217101706,-0.034386601204234944,True
3007,1.0,0.7301587301587301,-4.2787973616358317e-07,-0.00013621243458475732,-0.034860136289055904,True
3008,0.0,0.746031746031746,1.9733413708852804e-08,5.320515518196177e-06,-0.02492723139430986,True
3009,0.015873015873015872,0.746031746031746,0.0029481593703336206,0.021091519144406323,-0.024740829365536253,True
3010,0.031746031746031744,0.746031746031746,0.012340253226358656,0.06073565337179102,-0.02454190957367768,True
3011,0.047619047619047616,0.746031746031746,0.02822037861645474,0.11371926479970307,-0.024463314313414742,True
3012,0.06349206349206349,0.746031746031746,0.04892569251322304,0.17206729611129692,-0.02467728144625655,True
3013,0.07936507936507936,0.746031746031746,0.07158438695062704,0.22724944831671265,-0.025354255596297122,True
3014,0.09523809523809523,0.746031746031746,0.09339443730287689,0.2730755316633137,-0.026602014205695,True
3015,0.1111111111111111,0.746031746031746,0.11273610689104492,0.30726118623160664,-0.028441048632319985,True
3016,0.12698412698412698,0.746031746031746,0.12918027266809357,0.3302741967232954,-0.03083524215869218,True
3017,0.14285714285714285,0.746031746031746,0.14291021346526028,0.343545817539505,-0.03371665072433943,True
3018,0.15873015873015872,0.746031746031746,0.15418932747935118,0.34845485521640657,-0.037011155881208284,True
3019,0.1746031746031746,0.746031746031746,0.1633928125594059,0.34659827845857055,-0.040630913753677694,True
3020,0.19047619047619047,0.746031746031746,0.17092039715171203,0.33954530337629,-0.04450317604913606,True
3021,0.20634920634920634,0.746031746031746,0.1769354250053591,0.32824718439086153,-0.0485410379591807,True
3022,0.2222222222222222,0.746031746031746,0.1815160206334392,0.3135955551072398,-0.0526735205637642,True
3023,0.23809523809523808,0.746031746031746,0.1849704037748279,0.29670782454563843,-0.056823204261729196,True
3024,0.25396825396825395,0.746031746031746,0.1876743151680133,0.2786224020552831,-0.06093022512259976,True
3025,0.2698412698412698,0.746031746031746,0.18994182265533993,0.2601174299433553,-0.06495187090657042,True
3026,0.2857142857142857,0.746031746031746,0.19203049337347025,0.2417151503966813,-0.06885763826422381,True
3027,0.30158730158730157,0.746031746031746,0.19404359423989173,0.22371748717948495,-0.07262484314425431,True
3028,0.31746031746031744,0.746031746031746,0.19608026565116538,0.20625783972492892,-0.0762380513993843,True
3029,0.3333333333333333,0.746031746031746,0.19812915974742693,0.18937115708215438,-0.07967800208047134,True
3030,0.3492063492063492,0.746031746031746,0.20016005070012194,0.1730415677781886,-0.08293064137327134,True
3031,0.36507936507936506,0.746031746031746,0.20212367436553264,0.1572269655831408,-0.08598841491366108,True
3032,0.38095238095238093,0.746031746031746,0.2039660384103507,0.1418874478513404,-0.08882228987826235,True
3033,0.3968253968253968,0.746031746031746,0.20565448105816284,0.1269937893306314,-0.09142075234675283,True
3034,0.4126984126984127,0.746031746031746,0.20708476585114896,0.11245622155536603,-0.0937629311716503,True
3035,0.42857142857142855,0.746031746031746,0.20828985122911134,0.09830363494108754,-0.0958493208172016,True
3036,0.4444444444444444,0.746031746031746,0.20916842808705852,0.08444836429857787,-0.09764386361438154,True
3037,0.4603174603174603,0.746031746031746,0.2097099379699829,0.07086195739664612,-0.09915634079636282,True
3038,0.47619047619047616,0.746031746031746,0.20988893328791533,0.05752684070886531,-0.10036366052684575,True
3039,0.49206349206349204,0.746031746031746,0.2096678651945044,0.04440518253769447,-0.10124407000822418,True
3040,0.5079365079365079,0.746031746031746,0.20903551319818992,0.03145162432017071,-0.10182070915961033,True
3041,0.5238095238095237,0.746031746031746,0.20796621874011392,0.01865255908791625,-0.10206729909546394,True
3042,0.5396825396825397,0.746031746031746,0.20643053098865588,0.0059277469892902454,-0.10196957522616415,True
3043,0.5555555555555556,0.746031746031746,0.20443838107028045,-0.00668104711048489,-0.10155804785982062,True
3044,0.5714285714285714,0.746031746031746,0.20195450928702754,-0.019310363813640246,-0.10080840999129205,True
3045,0.5873015873015872,0.746031746031746,0.19896982940800198,-0.03189686331414145,-0.09971632004580284,True
3046,0.6031746031746031,0.746031746031746,0.19547933652174776,-0.04456231657304963,-0.09830609298943535,True
3047,0.6190476190476191,0.746031746031746,0.1914667391013999,-0.05729366838557866,-0.09656977016779647,True
3048,0.6349206349206349,0.746031746031746,0.18692549653880153,-0.07017673304112348,-0.09451152963786245,True
3049,0.6507936507936507,0.746031746031746,0.18184553342223403,-0.08322889293353855,-0.09214871677155931,True
3050,0.6666666666666666,0.746031746031746,0.17621508114635545,-0.0965058912426869,-0.08948573319555266,True
3051,0.6825396825396826,0.746031746031746,0.17003237227817622,-0.1100756426623099,-0.08654289768594559,True
3052,0.6984126984126984,0.746031746031746,0.16328113983481765,-0.12398355651752781,-0.08332709739110877,True
3053,0.7142857142857142,0.746031746031746,0.15596482648176016,-0.1383022513608248,-0.07987235132081773,True
3054,0.7301587301587301,0.746031746031746,0.1480339270128373,-0.15303712543205888,-0.07618435210451378,True
3055,0.746031746031746,0.746031746031746,0.1395035785689818,-0.16827571792003646,-0.07230538554422554,True
3056,0.7619047619047619,0.746031746031746,0.13033233037386116,-0.18400854077404735,-0.06826748017379759,True
3057,0.7777777777777777,0.746031746031746,0.12051077235998511,-0.200235669615428,-0.06411935647288951,True
3058,0.7936507936507936,0.746031746031746,0.10997833577646912,-0.21684798708757816,-0.05990800693422474,True
3059,0.8095238095238095,0.746031746031746,0.09871745778559457,-0.23373091504222496,-0.05570811142794854,True
3060,0.8253968253968254,0.746031746031746,0.08674993413471317,-0.2507122609220424,-0.051603133936576055,True
3061,0.8412698412698412,0.746031746031746,0.07406413054255484,-0.2676113103979181,-0.04768162098824051,True
3062,0.8571428571428571,0.746031746031746,0.060804349921107816,-0.28450872402802563,-0.044050733918258755,True
3063,0.873015873015873,0.746031746031746,0.047074082615224624,-0.302138889928178,-0.04079866468655967,True
3064,0.8888888888888888,0.746031746031746,0.033051843893966044,-0.3229653186756459,-0.037997216697189744,True
3065,0.9047619047619047,0.746031746031746,0.018823298406953296,-0.3527638991284548,-0.035662848354852575,True
3066,0.9206349206349206,0.746031746031746,0.004163279406556424,-0.4030666139940715,-0.033755850432792556,True
3067,0.9365079365079365,0.746031746031746,-0.01108407979641498,-0.48876741318297484,-0.03221188889739684,True
3068,0.9523809523809523,0.746031746031746,-0.023932915375695658,-0.6022489931155998,-0.030992774656649777,True
3069,0.9682539682539681,0.746031746031746,-0.02471763183782305,-0.6440041520049096,-0.030182182240651806,True
3070,0.9841269841269841,0.746031746031746,-0.010282224657413276,-0.4449886835037064,-0.030029860753250932,True
3071,1.0,0.746031746031746,1.5636213872815185e-07,1.400999641361739e-05,-0.030544414740249746,True
3072,0.0,0.7619047619047619,8.931299911672868e-08,2.4203132864184402e-05,-0.024229512380229027,True
3073,0.015873015873015872,0.7619047619047619,0.002501922464669992,0.015547330027193964,-0.024068849268035052,True
3074,0.031746031746031744,0.7619047619047619,0.010714610114070017,0.04863809448046689,-0.02387969243629624,True
3075,0.047619047619047616,0.7619047619047619,0.02519460704358161,0.09563234489912227,-0.023760780572557573,True
3076,0.06349206349206349,0.7619047619047619,0.044926944948338814,0.14999778617251883,-0.023842866513278268,True
3077,0.07936507936507936,0.7619047619047619,0.06763491652335304,0.20425457039754072,-0.02428170572192278,True
3078,0.09523809523809523,0.7619047619047619,0.09050147455425332,0.2515888646669046,-0.025192521398006536,True
3079,0.1111111111111111,0.7619047619047619,0.11149360266094714,0.28842758214461967,-0.02662319628316675,True
3080,0.12698412698412698,0.7619047619047619,0.12977822077332826,0.31429865056143885,-0.028580294306371556,True
3081,0.14285714285714285,0.7619047619047619,0.145348011402833,0.3302566077786914,-0.031014495572187432,True
3082,0.15873015873015872,0.7619047619047619,0.15826407004557838,0.33737725885325026,-0.03390391134591234,True
3083,0.1746031746031746,0.7619047619047619,0.16909192608645413,0.3375316278966009,-0.03714772014776398,True
3084,0.19047619047619047,0.7619047619047619,0.17808790141272862,0.332066888802826,-0.040705233047260994,True
3085,0.20634920634920634,0.7619047619047619,0.18554686402293927,0.32225486223480876,-0.044514913877755,True
3086,0.2222222222222222,0.7619047619047619,0.1915945756581215,0.3089491353644361,-0.04848424182688062,True
3087,0.23809523809523808,0.7619047619047619,0.1963334926331571,0.2930779590282173,-0.05255447494243489,True
3088,0.25396825396825395,0.7619047619047619,0.2001750246548573,0.27570303644078514,-0.05664621021034119,True
3089,0.2698412698412698,0.7619047619047619,0.20333666219558824,0.25758040793459536,-0.06069869102732477,True
3090,0.2857142857142857,0.7619047619047619,0.20615353461132335,0.2393673685741102,-0.06467815819955408,True
3091,0.30158730158730157,0.7619047619047619,0.20877470024744493,0.22142880775877086,-0.06854345246833753,True
3092,0.31746031746031744,0.7619047619047619,0.2113102287911161,0.20398500866414643,-0.07226532512229018,True
3093,0.3333333333333333,0.7619047619047619,0.2138103352861901,0.18711762051979877,-0.07583303014879765,True
3094,0.3492063492063492,0.7619047619047619,0.21624455627333328,0.17083985792937886,-0.07921528522844844,True
3095,0.36507936507936506,0.7619047619047619,0.21857598648784793,0.15512645545190767,-0.08239087994667708,True
3096,0.38095238095238093,0.7619047619047619,0.2208007125965039,0.1399539100915973,-0.08535391031274159,True
3097,0.3968253968253968,0.7619047619047619,0.22280355931663756,0.12524798122159675,-0.08807304486518117,True
3098,0.4126984126984127,0.7619047619047619,0.22457782002284574,0.11098529131321741,-0.09053328614402628,True
3099,0.42857142857142855,0.7619047619047619,0.22607334051301664,0.09712592920971264,-0.09271860711500617,True
3100,0.4444444444444444,0.7619047619047619,0.22722454185560179,0.083588913051177,-0.09462171641390964,True
3101,0.4603174603174603,0.7619047619047619,0.228024357755814,0.07038369015980518,-0.09621800498334994,True
3102,0.47619047619047616,0.7619047619047619,0.22841360593777896,0.05742874807814443,-0.09748952345104356,True
3103,0.49206349206349204,0.7619047619047619,0.2284066395892222,0.04474698735732691,-0.09845998368477293,True
3104,0.5079365079365079,0.7619047619047619,0.22792875880494193,0.032225116006952916,-0.09907810473810692,True
3105,0.5238095238095237,0.7619047619047619,0.2269923066311881,0.01988666637182272,-0.0993654496135808,True
3106,0.5396825396825397,0.7619047619047619,0.22556211230099535,0.007662513453150051,-0.09930339613689974,True
3107,0.5555555555555556,0.7619047619047619,0.22362762937736544,-0.004471084710669991,-0.09889379443864965,True
3108,0.5714285714285714,0.7619047619047619,0.22117457576873742,-0.016588824501663442,-0.09814306014508091,True
3109,0.5873015873015872,0.7619047619047619,0.21818626380825148,-0.02864337404096961,-0.09704214492382991,True
3110,0.6031746031746031,0.7619047619047619,0.21465223160452335,-0.04079286713059565,-0.09559703494731797,True
3111,0.6190476190476191,0.7619047619047619,0.21055616458692833,-0.052979011189042254,-0.09381087696431313,True
3112,0.6349206349206349,0.7619047619047619,0.20588861523132382,-0.06528496307484868,-0.09169486505915568,True
3113,0.6507936507936507,0.7619047619047619,0.20063909557821666,-0.07777468192633492,-0.08924940779068664,True
3114,0.6666666666666666,0.7619047619047619,0.1947894359019287,-0.0904707835269546,-0.08649013193999808,True
3115,0.6825396825396826,0.7619047619047619,0.18833393041561544,-0.1034551277406636,-0.08342704273928396,True
3116,0.6984126984126984,0.7619047619047619,0.18125848005281328,-0.11677141405170413,-0.08008810253523556,True
3117,0.7142857142857142,0.7619047619047619,0.17354013010125466,-0.13047166777065172,-0.0764784312905565,True
3118,0.7301587301587301,0.7619047619047619,0.16513960713253464,-0.14457458845626503,-0.07262528999998635,True
3119,0.746031746031746,0.7619047619047619,0.15603608350878226,-0.15913127456510523,-0.06856552453193479,True
3120,0.7619047619047619,0.7619047619047619,0.14618311721867194,-0.17414325227476787,-0.06432679583368267,True
3121,0.7777777777777777,0.7619047619047619,0.13558515300322518,-0.18963222455769285,-0.059978298505654365,True
3122,0.7936507936507936,0.7619047619047619,0.12417103949062788,-0.205491702912281,-0.05556670853170294,True
3123,0.8095238095238095,0.7619047619047619,0.111857836323258,-0.22154985779718242,-0.05115523338963557,True
3124,0.8253968253968254,0.7619047619047619,0.09875279494357657,-0.23777675187578332,-0.046858811384353716,True
3125,0.8412698412698412,0.7619047619047619,0.08481964397195087,-0.2539678173122526,-0.04276218038599973,True
3126,0.8571428571428571,0.7619047619047619,0.07015904730808215,-0.27026383464608394,-0.03897214414635165,True
3127,0.873015873015873,0.7619047619047619,0.05503323850338153,-0.2875259547331554,-0.03559736020868547,True
3128,0.8888888888888888,0.7619047619047619,0.03961438895992169,-0.30815822103528184,-0.03270575801463421,True
3129,0.9047619047619047,0.7619047619047619,0.024080327379598254,-0.33778442818318954,-0.03031445946432686,True
3130,0.9206349206349206,0.7619047619047619,0.00831748837488153,-0.38760041049301475,-0.028387573916126032,True
3131,0.9365079365079365,0.7619047619047619,-0.0080552887811821,-0.4730054554221255,-0.026872432385206976,True
3132,0.9523809523809523,0.7619047619047619,-0.022577410207309648,-0.5922132206741618,-0.02575260038848299,True
3133,0.9682539682539681,0.7619047619047619,-0.025302158918925715,-0.6514168749372994,-0.025109122067884616,True
3134,0.9841269841269841,0.7619047619047619,-0.010961102721525942,-0.46187651274398345,-0.02509147602854173,True
3135,1.0,0.7619047619047619,4.230254671388178e-06,-2.6391909437772223e-05,-0.025675350523432547,True
3136,0.0,0.7777777777777777,-7.847040833229298e-08,-2.174006998435369e-05,-0.023585721692642333,True
3137,0.015873015873015872,0.7777777777777777,0.002073691157002161,0.010768841252991926,-0.023449799876783046,True
3138,0.031746031746031744,0.7777777777777777,0.009158748384085242,0.03814556606829902,-0.023276120223478313,True
3139,0.047619047619047616,0.7777777777777777,0.022008295218619446,0.0790222204389524,-0.023133786027169274,True
3140,0.06349206349206349,0.7777777777777777,0.0403533048470619,0.12890352331148877,-0.023121279587571646,True
3141,0.07936507936507936,0.7777777777777777,0.062414859771074555,0.18100554013726464,-0.023345514329487154,True
3142,0.09523809523809523,0.7777777777777777,0.08572472356476002,0.22882791992163304,-0.023920569158060817,True
3143,0.1111111111111111,0.7777777777777777,0.10806074733992527,0.2679135064940645,-0.02492077689928858,True
3144,0.12698412698412698,0.7777777777777777,0.12810720895951686,0.29654030852327234,-0.02638250861388936,True
3145,0.14285714285714285,0.7777777777777777,0.1454690176072008,0.31505003079477006,-0.028320274004829244,True
3146,0.15873015873015872,0.7777777777777777,0.16033047864601288,0.3247532804258992,-0.03070727410623196,True
3147,0.1746031746031746,0.7777777777777777,0.17287117648909045,0.32688393209218386,-0.033516997703309154,True
3148,0.19047619047619047,0.7777777777777777,0.183498654654398,0.32309724514590743,-0.0367072663435682,True
3149,0.20634920634920634,0.7777777777777777,0.19256562772144384,0.3147490429721733,-0.040218635278770024,True
3150,0.2222222222222222,0.7777777777777777,0.20016568716791247,0.30275478748555706,-0.04398958071579873,True
3151,0.23809523809523808,0.7777777777777777,0.20656595862575783,0.288136176059017,-0.04793339003449658,True
3152,0.25396825396825395,0.7777777777777777,0.21180007034299056,0.2716420094980223,-0.051985847634776934,True
3153,0.2698412698412698,0.7777777777777777,0.21616458377079723,0.2541195665323584,-0.05606866941497472,True
3154,0.2857142857142857,0.7777777777777777,0.2199541390407719,0.23625777247812024,-0.060116599985911776,True
3155,0.30158730158730157,0.7777777777777777,0.22340646858436713,0.21851882135599138,-0.0640945108536477,True
3156,0.31746031746031744,0.7777777777777777,0.2265925807113342,0.20117497024569078,-0.06795008531904993,True
3157,0.3333333333333333,0.7777777777777777,0.22964305852635636,0.18439101954450873,-0.07165275490113812,True
3158,0.3492063492063492,0.7777777777777777,0.23258831248946993,0.16821341172946894,-0.07518973216509087,True
3159,0.36507936507936506,0.7777777777777777,0.23538405394544804,0.15263862698937902,-0.07852357595199831,True
3160,0.38095238095238093,0.7777777777777777,0.2379798138010237,0.13763276448898473,-0.08161908299481514,True
3161,0.3968253968253968,0.7777777777777777,0.24038786536456336,0.12317309168926267,-0.08448547401970895,True
3162,0.4126984126984127,0.7777777777777777,0.24250719519169484,0.10918032821493048,-0.08708175340134032,True
3163,0.42857142857142855,0.7777777777777777,0.2443197688051776,0.0956300868413167,-0.08939908501061948,True
3164,0.4444444444444444,0.7777777777777777,0.24576203590612025,0.08245169692831111,-0.09140217849739522,True
3165,0.4603174603174603,0.7777777777777777,0.24684982798618169,0.06966933643080553,-0.09310926312226157,True
3166,0.47619047619047616,0.7777777777777777,0.24748009805036147,0.057130001962985434,-0.09448278702712715,True
3167,0.49206349206349204,0.7777777777777777,0.24767028452451378,0.04488212791477753,-0.09551566678937354,True
3168,0.5079365079365079,0.7777777777777777,0.24737391625985253,0.03283627242473974,-0.09620113813437933,True
3169,0.5238095238095237,0.7777777777777777,0.24659192736805052,0.021006952291571068,-0.09654436453166991,True
3170,0.5396825396825397,0.7777777777777777,0.2452650833686536,0.009272516449518096,-0.09650589492849804,True
3171,0.5555555555555556,0.7777777777777777,0.24341479136345182,-0.002330278277709881,-0.0961224046387361,True
3172,0.5714285714285714,0.7777777777777777,0.24101046013732388,-0.013865342102389317,-0.09537779955045372,True
3173,0.5873015873015872,0.7777777777777777,0.23802897278646004,-0.025394944896081333,-0.09426188339607877,True
3174,0.6031746031746031,0.7777777777777777,0.23446070183984988,-0.03693566274947873,-0.0927814518153195,True
3175,0.6190476190476191,0.7777777777777777,0.23029720674237378,-0.04854278444432879,-0.09095298433469168,True
3176,0.6349206349206349,0.7777777777777777,0.22552113607809593,-0.06027376063629567,-0.08877413249003727,True
3177,0.6507936507936507,0.7777777777777777,0.22010331632718552,-0.07212906185441838,-0.08624067786554447,True
3178,0.6666666666666666,0.7777777777777777,0.21405196027569176,-0.08422321255515738,-0.08338590801192024,True
3179,0.6825396825396826,0.7777777777777777,0.20732515848912422,-0.09654898508809315,-0.0802077396770516,True
3180,0.6984126984126984,0.7777777777777777,0.1999051887988389,-0.10918252265033507,-0.07672226092158087,True
3181,0.7142857142857142,0.7777777777777777,0.19176129863474525,-0.1221601134691467,-0.07295233295380743,True
3182,0.7301587301587301,0.7777777777777777,0.18285623620606645,-0.13553096977587106,-0.06892154652740644,True
3183,0.746031746031746,0.7777777777777777,0.17317387734375772,-0.14934066578125643,-0.0646748056811313,True
3184,0.7619047619047619,0.7777777777777777,0.16265374414625455,-0.16358482579083275,-0.060242052992691864,True
3185,0.7777777777777777,0.7777777777777777,0.1512114802674772,-0.1781928825460184,-0.05567127479988955,True
3186,0.7936507936507936,0.7777777777777777,0.1388186395240468,-0.1931268502632669,-0.05103068072652803,True
3187,0.8095238095238095,0.7777777777777777,0.12543316286345121,-0.20828387949995963,-0.0464008539177612,True
3188,0.8253968253968254,0.7777777777777777,0.11108841558626928,-0.2235810147301731,-0.0418853500665828,True
3189,0.8412698412698412,0.7777777777777777,0.09582177697780377,-0.23895704789341382,-0.0375883843114184,True
3190,0.8571428571428571,0.7777777777777777,0.07974966603347072,-0.25461401585254523,-0.03362023425113096,True
3191,0.873015873015873,0.7777777777777777,0.0631246879726877,-0.2714609880036565,-0.030089877378224807,True
3192,0.8888888888888888,0.7777777777777777,0.0462727177611871,-0.2919706358383636,-0.027073635312166878,True
3193,0.9047619047619047,0.7777777777777777,0.0293912872019505,-0.32161091469214304,-0.024584670278314538,True
3194,0.9206349206349206,0.7777777777777777,0.012465614347750884,-0.3709476017911946,-0.022595130332140195,True
3195,0.9365079365079365,0.7777777777777777,-0.00499407557935565,-0.4560266091647921,-0.02104907577029536,True
3196,0.9523809523809523,0.7777777777777777,-0.021254015816968654,-0.5797925741436304,-0.019961882742454647,True
3197,0.9682539682539681,0.7777777777777777,-0.026225363807097675,-0.6573013220334221,-0.01943547952333776,True
3198,0.9841269841269841,0.7777777777777777,-0.011913125162513282,-0.4803991958928764,-0.019554544372866325,True
3199,1.0,0.7777777777777777,-2.803027894945903e-06,3.645389611072255e-05,-0.020211180354305473,True
3200,0.0,0.7936507936507936,-2.133796738588984e-08,-6.789298422489773e-06,-0.022997486745385647,True
3201,0.015873015873015872,0.7936507936507936,0.001694344218393338,0.006813689617244768,-0.022884775155316252,True
3202,0.031746031746031744,0.7936507936507936,0.007625408320384954,0.028887181253353624,-0.022729836316769246,True
3203,0.047619047619047616,0.7936507936507936,0.018790491779792626,0.06415420262021354,-0.022579545532480386,True
3204,0.06349206349206349,0.7936507936507936,0.03530649631460543,0.10901614815754508,-0.022488976496536205,True
3205,0.07936507936507936,0.7936507936507936,0.05612952881897831,0.1581642650680518,-0.022530551039611792,True
3206,0.09523809523809523,0.7936507936507936,0.07921199900881067,0.2054746243523886,-0.022785332656440567,True
3207,0.1111111111111111,0.7936507936507936,0.10232524021621363,0.2459514699903052,-0.023344302242717458,True
3208,0.12698412698412698,0.7936507936507936,0.12382771485266583,0.27691693703880055,-0.024285784136871456,True
3209,0.14285714285714285,0.7936507936507936,0.14305694207115982,0.29808222647680366,-0.025646252960364234,True
3210,0.15873015873015872,0.7936507936507936,0.15980547853693552,0.3101375539386217,-0.027480663441584726,True
3211,0.1746031746031746,0.7936507936507936,0.17431016812754932,0.3144634593951357,-0.029777819204367444,True
3212,0.19047619047619047,0.7936507936507936,0.18678181906646868,0.3124067330447512,-0.03252473111100809,True
3213,0.20634920634920634,0.7936507936507936,0.19758139532076374,0.30550345835780796,-0.03568751267379755,True
3214,0.2222222222222222,0.7936507936507936,0.20701334126445747,0.29493717883225223,-0.03919728988826107,True
3215,0.23809523809523808,0.7936507936507936,0.2151863874310839,0.28155367441666573,-0.04298047637928773,True
3216,0.25396825396825395,0.7936507936507936,0.22207952422826502,0.2660800101602586,-0.04696285201742871,True
3217,0.2698412698412698,0.7936507936507936,0.22798664597899582,0.2493771823308803,-0.05105538958018523,True
3218,0.2857142857142857,0.7936507936507936,0.23310274078010315,0.23209497641164956,-0.05518034772489719,True
3219,0.30158730158730157,0.7936507936507936,0.237654454290478,0.2147448954503183,-0.05927690434669818,True
3220,0.31746031746031744,0.7936507936507936,0.241744660695249,0.19765527480814996,-0.06327694367574044,True
3221,0.3333333333333333,0.7936507936507936,0.24555320106739015,0.18105859619675127,-0.06715151786483971,True
3222,0.3492063492063492,0.7936507936507936,0.24914107091770546,0.16506148880575747,-0.07085835681964747,True
3223,0.36507936507936506,0.7936507936507936,0.25248661703685965,0.14968085571766584,-0.07436390415018303,True
3224,0.38095238095238093,0.7936507936507936,0.2555734194235504,0.1348956013715197,-0.07763974653642387,True
3225,0.3968253968253968,0.7936507936507936,0.2584124615350514,0.12069198862530368,-0.08067421538938953,True
3226,0.4126984126984127,0.7936507936507936,0.2609313185941841,0.10701700353129369,-0.0834240384658716,True
3227,0.42857142857142855,0.7936507936507936,0.26310233854048337,0.09381861077078149,-0.08588358217694578,True
3228,0.4444444444444444,0.7936507936507936,0.26488162129816506,0.08104333006395686,-0.08803020482011338,True
3229,0.4603174603174603,0.7936507936507936,0.2662434897845502,0.06866239776451766,-0.08984883699643385,True
3230,0.47619047619047616,0.7936507936507936,0.26713229645397385,0.05658291822227438,-0.09132189144904566,True
3231,0.49206349206349204,0.7936507936507936,0.26756028040976787,0.04483033743519746,-0.09245635529176105,True
3232,0.5079365079365079,0.7936507936507936,0.26745865198014396,0.033291903363458344,-0.0932177580745866,True
3233,0.5238095238095237,0.7936507936507936,0.26682572916402797,0.0219915630148885,-0.09360139692567325,True
3234,0.5396825396825397,0.7936507936507936,0.2656373832175735,0.010803312120982924,-0.09362739569924178,True
3235,0.5555555555555556,0.7936507936507936,0.2638780866720141,-0.0002315612698493329,-0.09326571967504985,True
3236,0.5714285714285714,0.7936507936507936,0.26151947472873915,-0.011193310295123599,-0.09251349203170905,True
3237,0.5873015873015872,0.7936507936507936,0.2585625511336686,-0.022128373354288217,-0.09139843032094312,True
3238,0.6031746031746031,0.7936507936507936,0.25497902409138096,-0.03305606169139219,-0.08989964488731667,True
3239,0.6190476190476191,0.7936507936507936,0.2507481557772801,-0.044038352369264365,-0.08801639322586872,True
3240,0.6349206349206349,0.7936507936507936,0.24586129198461357,-0.05511357843585009,-0.08577030227970961,True
3241,0.6507936507936507,0.7936507936507936,0.24029684807371893,-0.06631989653677908,-0.08316660167228765,True
3242,0.6666666666666666,0.7936507936507936,0.23402320798603987,-0.07770001588546158,-0.08020498156638833,True
3243,0.6825396825396826,0.7936507936507936,0.2270227005885177,-0.0893253984013774,-0.07690364145532293,True
3244,0.6984126984126984,0.7936507936507936,0.2192560668415389,-0.10121828618503471,-0.0732776322722958,True
3245,0.7142857142857142,0.7936507936507936,0.21068615746175262,-0.11342837493236728,-0.06934701850374352,True
3246,0.7301587301587301,0.7936507936507936,0.20126784439137993,-0.12597886210644754,-0.06514270725263889,True
3247,0.746031746031746,0.7936507936507936,0.1909396641181137,-0.13889713139424825,-0.060690177674874835,True
3248,0.7619047619047619,0.7936507936507936,0.17965755391213978,-0.15219217370511187,-0.056041296883702775,True
3249,0.7777777777777777,0.7936507936507936,0.16733438543886278,-0.165809206493117,-0.05124185066729641,True
3250,0.7936507936507936,0.7936507936507936,0.15393360599786524,-0.179715773036379,-0.0463682881844743,True
3251,0.8095238095238095,0.7936507936507936,0.1394044088509719,-0.19382171306628623,-0.04150306844609622,True
3252,0.8253968253968254,0.7936507936507936,0.12377455368464622,-0.20808791204653812,-0.03675309437334046,True
3253,0.8412698412698412,0.7936507936507936,0.10710445415098553,-0.22253309289929807,-0.032231432731566804,True
3254,0.8571428571428571,0.7936507936507936,0.08955645947319119,-0.23746424993794907,-0.02805680389064514,True
3255,0.873015873015873,0.7936507936507936,0.07145202795421794,-0.25391457163233455,-0.024340706953027414,True
3256,0.8888888888888888,0.7936507936507936,0.05313207482340356,-0.27437558032949494,-0.021157871212122783,True
3257,0.9047619047619047,0.7936507936507936,0.034906639554317616,-0.3040891713446114,-0.018523459135655052,True
3258,0.9206349206349206,0.7936507936507936,0.01678909571357995,-0.35323619447579585,-0.01640711974010032,True
3259,0.9365079365079365,0.7936507936507936,-0.0018209772136952645,-0.4375510768247562,-0.014760473640366234,True
3260,0.9523809523809523,0.7936507936507936,-0.019949593862015752,-0.5654794639868808,-0.01361993867144052,True
3261,0.9682539682539681,0.7936507936507936,-0.027501452369230996,-0.662780293936351,-0.013133274898181531,True
3262,0.9841269841269841,0.7936507936507936,-0.01320038650805759,-0.5004627507170589,-0.013353533786617725,True
3263,1.0,0.7936507936507936,3.363125539235645e-08,4.244114725060871e-05,-0.014098670677108727,True
3264,0.0,0.8095238095238095,-9.549527600191434e-08,9.107006733204192e-06,-0.02246332358782501,True
3265,0.015873015873015872,0.8095238095238095,0.0013768592338009385,0.0036072639483856594,-0.022371163716998294,True
3266,0.031746031746031744,0.8095238095238095,0.0062592401651943436,0.02121817983086728,-0.022239064287661543,True
3267,0.047619047619047616,0.8095238095238095,0.01566221349068892,0.05127254573352606,-0.022092456839083313,True
3268,0.06349206349206349,0.8095238095238095,0.030074207343002982,0.09111588546795153,-0.021951276513664846,True
3269,0.07936507936507936,0.8095238095238095,0.049021695142908564,0.13651603972616685,-0.021837095545888592,True
3270,0.09523809523809523,0.8095238095238095,0.07109263320245503,0.1821903526549162,-0.021797502377643833,True
3271,0.1111111111111111,0.8095238095238095,0.09429316991765009,0.2230774372186471,-0.021913303213744312,True
3272,0.12698412698412698,0.8095238095238095,0.116848781418937,0.25581238255893196,-0.022282219997724357,True
3273,0.14285714285714285,0.8095238095238095,0.13761304013935569,0.27910866789800726,-0.023048965545911283,True
3274,0.15873015873015872,0.8095238095238095,0.1563498502279775,0.293510612905742,-0.02423525107219135,True
3275,0.1746031746031746,0.8095238095238095,0.17290657711762172,0.2999727839958168,-0.02595681528366835,True
3276,0.19047619047619047,0.8095238095238095,0.18748247841914673,0.2998048234102922,-0.028193211100635114,True
3277,0.20634920634920634,0.8095238095238095,0.2003044690640625,0.29443229925682973,-0.0309373350414117,True
3278,0.2222222222222222,0.8095238095238095,0.2116778434781656,0.28518613278406657,-0.034138700561235594,True
3279,0.23809523809523808,0.8095238095238095,0.22181062007610883,0.273060646276583,-0.03771885624615589,True
3280,0.25396825396825395,0.8095238095238095,0.2306328349278052,0.2587443879017151,-0.04160390495355578,True
3281,0.2698412698412698,0.8095238095238095,0.23837402250196058,0.24302683193423444,-0.04568673200261827,True
3282,0.2857142857142857,0.8095238095238095,0.24516966043914923,0.22655160164736796,-0.04987811899474511,True
3283,0.30158730158730157,0.8095238095238095,0.2511678061831329,0.2098063301155342,-0.054096867363921795,True
3284,0.31746031746031744,0.8095238095238095,0.25647410485939737,0.19316927011230178,-0.058262480051610645,True
3285,0.3333333333333333,0.8095238095238095,0.26132852665030526,0.17693715086436101,-0.06232828307088244,True
3286,0.3492063492063492,0.8095238095238095,0.2657128551202673,0.1612228293765719,-0.06622222480098547,True
3287,0.36507936507936506,0.8095238095238095,0.2697945846497026,0.1461274607013063,-0.06993990239680199,True
3288,0.38095238095238093,0.8095238095238095,0.2735228534683395,0.13165926842575415,-0.07342152000166136,True
3289,0.3968253968253968,0.8095238095238095,0.2768466843160067,0.11775854150166637,-0.07662298335351564,True
3290,0.4126984126984127,0.8095238095238095,0.27986301283359105,0.10445403328115298,-0.07956983547322466,True
3291,0.42857142857142855,0.8095238095238095,0.28244023816293556,0.09164418977259221,-0.08219436587875138,True
3292,0.4444444444444444,0.8095238095238095,0.284588313116357,0.07930072852555307,-0.08449456298828215,True
3293,0.4603174603174603,0.8095238095238095,0.28626999615622784,0.06738090648438405,-0.08644838322860658,True
3294,0.47619047619047616,0.8095238095238095,0.28745110007732866,0.055806406530166906,-0.08804471791571997,True
3295,0.49206349206349204,0.8095238095238095,0.2881133936220393,0.04455250430770382,-0.08927608506988993,True
3296,0.5079365079365079,0.8095238095238095,0.28822969225987377,0.03358956979295673,-0.09012554575975476,True
3297,0.5238095238095237,0.8095238095238095,0.2877605372336448,0.022792807641739563,-0.09058492668621042,True
3298,0.5396825396825397,0.8095238095238095,0.28671722914319964,0.01222682028864191,-0.09065862819218898,True
3299,0.5555555555555556,0.8095238095238095,0.2850520131053115,0.001771012383508769,-0.09032542853234428,True
3300,0.5714285714285714,0.8095238095238095,0.2827660054842312,-0.008568402411877833,-0.08960287414687562,True
3301,0.5873015873015872,0.8095238095238095,0.27982896425833026,-0.018870578418702908,-0.08847580183264177,True
3302,0.6031746031746031,0.8095238095238095,0.2762222479996168,-0.029154310966631538,-0.08694697118728702,True
3303,0.6190476190476191,0.8095238095238095,0.2719368479010614,-0.03945253406098116,-0.08503505082586209,True
3304,0.6349206349206349,0.8095238095238095,0.2669441096821703,-0.049822895411669656,-0.08273324229583841,True
3305,0.6507936507936507,0.8095238095238095,0.26120562667985336,-0.060298018597967414,-0.08003932089753048,True
3306,0.6666666666666666,0.8095238095238095,0.2547169330212125,-0.07094544580641715,-0.07698465972343868,True
3307,0.6825396825396826,0.8095238095238095,0.2474183163922566,-0.08177926779246934,-0.07356060939847989,True
3308,0.6984126984126984,0.8095238095238095,0.23927898393587874,-0.09284074429116115,-0.06979428139412913,True
3309,0.7142857142857142,0.8095238095238095,0.2302572524933614,-0.10419120488760736,-0.06570751960623947,True
3310,0.7301587301587301,0.8095238095238095,0.2202671618460407,-0.11580847648327261,-0.06131637909240108,True
3311,0.746031746031746,0.8095238095238095,0.20926904491449236,-0.12773961403306344,-0.05666776199396843,True
3312,0.7619047619047619,0.8095238095238095,0.19716975138012244,-0.13994645558385124,-0.05179700387968652,True
3313,0.7777777777777777,0.8095238095238095,0.18392487131240878,-0.1524481745546375,-0.046769198483825034,True
3314,0.7936507936507936,0.8095238095238095,0.16946756711679697,-0.16518719087521913,-0.041656505201531024,True
3315,0.8095238095238095,0.8095238095238095,0.15375321370110231,-0.17811261350322974,-0.03654687667657931,True
3316,0.8253968253968254,0.8095238095238095,0.13680743243556606,-0.19122929834606417,-0.03154856863257968,True
3317,0.8412698412698412,0.8095238095238095,0.11870465447349894,-0.2046438758673361,-0.026780666221547345,True
3318,0.8571428571428571,0.8095238095238095,0.09971595308774499,-0.21882901522717643,-0.022370903307440522,True
3319,0.873015873015873,0.8095238095238095,0.08011163553050725,-0.23487815352473204,-0.01842539030933044,True
3320,0.8888888888888888,0.8095238095238095,0.06033143918006108,-0.2553749288874751,-0.015018969705625876,True
3321,0.9047619047619047,0.8095238095238095,0.04081788858856819,-0.2853837178903772,-0.012178683288640805,True
3322,0.9206349206349206,0.8095238095238095,0.02147150290651516,-0.3344324821540213,-0.009850648646368584,True
3323,0.9365079365079365,0.8095238095238095,0.001707355791131161,-0.4180070896369932,-0.008002982254627436,True
3324,0.9523809523809523,0.8095238095238095,-0.018249115757352934,-0.5483474026869238,-0.006680195780383467,True
3325,0.9682539682539681,0.8095238095238095,-0.02877721355504973,-0.6644073559849012,-0.006112610873893773,True
3326,0.9841269841269841,0.8095238095238095,-0.014864298995002098,-0.5220474627763552,-0.006383959112915437,True
3327,1.0,0.8095238095238095,-1.2729213273825657e-06,-0.0002858938441632303,-0.007240783992093084,True
3328,0.0,0.8253968253968254,-9.739100369239803e-08,-1.8172983936406592e-06,-0.021976154210750512,True
3329,0.015873015873015872,0.8253968253968254,0.0011086334737812518,0.0009565279140778973,-0.021902120650358497,True
3330,0.031746031746031744,0.8253968253968254,0.005020623396012577,0.014908918564786688,-0.021796335186852134,True
3331,0.047619047619047616,0.8253968253968254,0.012644068117974399,0.040461157983758,-0.021664999381281965,True
3332,0.06349206349206349,0.8253968253968254,0.02468621738927969,0.07549253080034014,-0.021490392442215265,True
3333,0.07936507936507936,0.8253968253968254,0.041248295003789084,0.11673362348195036,-0.02124532010987572,True
3334,0.09523809523809523,0.8253968253968254,0.061538330444882876,0.1597749587715417,-0.020929953304356964,True
3335,0.1111111111111111,0.8253968253968254,0.08402079212915477,0.1999254003536412,-0.020605842678773148,True
3336,0.12698412698412698,0.8253968253968254,0.10698651080273588,0.23350124665996472,-0.020405230151918374,True
3337,0.14285714285714285,0.8253968253968254,0.12906145135740363,0.25852239924011733,-0.02048816639995376,True
3338,0.15873015873015872,0.8253968253968254,0.14961585253494838,0.27493210164459636,-0.02099817813176132,True
3339,0.1746031746031746,0.8253968253968254,0.1682936768995709,0.2833308668303336,-0.02206003405986072,True
3340,0.19047619047619047,0.8253968253968254,0.18514211322946986,0.28503120413503596,-0.023729778774484248,True
3341,0.20634920634920634,0.8253968253968254,0.2002788599278136,0.2812921727750294,-0.02600121609891924,True
3342,0.2222222222222222,0.8253968253968254,0.21390872535310157,0.2734470543844731,-0.028843402562106706,True
3343,0.23809523809523808,0.8253968253968254,0.22606274766324136,0.2624871966762503,-0.03220256923969594,True
3344,0.25396825396825395,0.8253968253968254,0.23711304523340543,0.24942219893565543,-0.03595200973738554,True
3345,0.2698412698412698,0.8253968253968254,0.24696782729840794,0.23482967350601186,-0.040007313279059944,True
3346,0.2857142857142857,0.8253968253968254,0.2556311483076248,0.21926716421379255,-0.04425293130450374,True
3347,0.30158730158730157,0.8253968253968254,0.26343065345961136,0.20336299847946027,-0.04859441418198984,True
3348,0.31746031746031744,0.8253968253968254,0.270331370900988,0.1874109342687947,-0.05293636286862699,True
3349,0.3333333333333333,0.8253968253968254,0.2765069155096154,0.1717277419452656,-0.05720223373690067,True
3350,0.3492063492063492,0.8253968253968254,0.28205450470124555,0.15649545989515204,-0.06132856549316432,True
3351,0.36507936507936506,0.8253968253968254,0.2870320453301028,0.14181570633152094,-0.06525344825629162,True
3352,0.38095238095238093,0.8253968253968254,0.2915853568370958,0.12775648213491908,-0.06897015231864184,True
3353,0.3968253968253968,0.8253968253968254,0.29560933648031745,0.11428730884574555,-0.0723996122781588,True
3354,0.4126984126984127,0.8253968253968254,0.2991765921604747,0.10139807541277461,-0.07553772158194622,True
3355,0.42857142857142855,0.8253968253968254,0.30225900067239236,0.0890495290261365,-0.07835367020554788,True
3356,0.4444444444444444,0.8253968253968254,0.3048344895942467,0.07718515496506187,-0.08082473406980369,True
3357,0.4603174603174603,0.8253968253968254,0.30690001143628454,0.06577185118359874,-0.0829444340475042,True
3358,0.47619047619047616,0.8253968253968254,0.3083821813959409,0.054720519681516935,-0.08466328009298196,True
3359,0.49206349206349204,0.8253968253968254,0.30933003700691214,0.044041332236108066,-0.08601840440760299,True
3360,0.5079365079365079,0.8253968253968254,0.3096782414809272,0.033628512351908,-0.0869749978687297,True
3361,0.5238095238095237,0.8253968253968254,0.30940482391524515,0.02347191663214532,-0.08751425981312214,True
3362,0.5396825396825397,0.8253968253968254,0.30849201206000376,0.013506772167895286,-0.0876350093179714,True
3363,0.5555555555555556,0.8253968253968254,0.30694269444371314,0.0037268136047890373,-0.08735287436160726,True
3364,0.5714285714285714,0.8253968253968254,0.30471848631552134,-0.00600931104764563,-0.08665172958328207,True
3365,0.5873015873015872,0.8253968253968254,0.30180431688662235,-0.015576554613260235,-0.08552948709864373,True
3366,0.6031746031746031,0.8253968253968254,0.2981786920257706,-0.025189718501485315,-0.08399201500358397,True
3367,0.6190476190476191,0.8253968253968254,0.2938261027090507,-0.034762064920808806,-0.08204722159222431,True
3368,0.6349206349206349,0.8253968253968254,0.28870679351205136,-0.044399437592017414,-0.07968742099869014,True
3369,0.6507936507936507,0.8253968253968254,0.28278237501832965,-0.05407994422802975,-0.07692076005936836,True
3370,0.6666666666666666,0.8253968253968254,0.27604526970527066,-0.06393259185766338,-0.07376843208577355,True
3371,0.6825396825396826,0.8253968253968254,0.26842619191756173,-0.07390074605060627,-0.07023341663394242,True
3372,0.6984126984126984,0.8253968253968254,0.25987387938370876,-0.08405534346180527,-0.06632993718890608,True
3373,0.7142857142857142,0.8253968253968254,0.25034614015077994,-0.09442379522717352,-0.062087133653633164,True
3374,0.7301587301587301,0.8253968253968254,0.23975913476281732,-0.10501040886991624,-0.05752516407051531,True
3375,0.746031746031746,0.8253968253968254,0.22804529982329294,-0.1158225934684161,-0.05268179483594209,True
3376,0.7619047619047619,0.8253968253968254,0.21512175729906224,-0.1268636439291167,-0.04760375065120123,True
3377,0.7777777777777777,0.8253968253968254,0.2009158410218629,-0.13810842027931788,-0.042351284383610494,True
3378,0.7936507936507936,0.8253968253968254,0.1853656651105744,-0.14953068727148647,-0.03699657827579029,True
3379,0.8095238095238095,0.8253968253968254,0.16844003497846502,-0.16113345038648277,-0.03163438316305069,True
3380,0.8253968253968254,0.8253968253968254,0.1502083388302579,-0.17301476311717812,-0.02638144337536424,True
3381,0.8412698412698412,0.8253968253968254,0.13075261157268117,-0.18535615533805763,-0.021347155172118576,True
3382,0.8571428571428571,0.8253968253968254,0.11032663030540174,-0.19873231590242377,-0.01666389116515478,True
3383,0.873015873015873,0.8253968253968254,0.08933138558260942,-0.21441304410012668,-0.01243906653905406,True
3384,0.8888888888888888,0.8253968253968254,0.06820234528670979,-0.23496507938764682,-0.00874169965070631,True
3385,0.9047619047619047,0.8253968253968254,0.047354816133059814,-0.2653424074129342,-0.005588724092654275,True
3386,0.9206349206349206,0.8253968253968254,0.026824704971415446,-0.31450505420414315,-0.0029439879428908135,True
3387,0.9365079365079365,0.8253968253968254,0.005867815007314955,-0.3969821201978753,-0.0007613726572130654,True
3388,0.9523809523809523,0.8253968253968254,-0.015981846846663254,-0.5285249482930277,0.0008942326629876563,True
3389,0.9682539682539681,0.8253968253968254,-0.030109647899251316,-0.6642974050720206,0.001723583025700452,True
3390,0.9841269841269841,0.8253968253968254,-0.016979218115029837,-0.5458639521523504,0.0015127292111390567,True
3391,1.0,0.8253968253968254,-5.982593395570767e-07,-7.855390472990082e-05,0.0005311666302059134,True
3392,0.0,0.8412698412698412,8.993434783978492e-08,1.5151857090440212e-06,-0.02152343386418744,True
3393,0.015873015873015872,0.8412698412698412,0.0008892835836128135,-0.0011322219816344951,-0.0214671910700036,True
3394,0.031746031746031744,0.8412698412698412,0.0038602742617588125,0.010000088955544809,-0.021393236305095868,True
3395,0.047619047619047616,0.8412698412698412,0.009661110658626319,0.03192606161099756,-0.02128657675727521,True
3396,0.06349206349206349,0.8412698412698412,0.019080553440582817,0.06252935804670126,-0.021089901189735784,True
3397,0.07936507936507936,0.8412698412698412,0.032786637580500835,0.0994120323510381,-0.020725339294142595,True
3398,0.09523809523809523,0.8412698412698412,0.050637597802228096,0.13905548385749059,-0.02014802293636278,True
3399,0.1111111111111111,0.8412698412698412,0.07159606362583457,0.17731378185963256,-0.01938917481256289,True
3400,0.12698412698412698,0.8412698412698412,0.09424991638899828,0.21059861704662114,-0.018610675328147648,True
3401,0.14285714285714285,0.8412698412698412,0.11714016441925985,0.23653482091959133,-0.017984612642609272,True
3402,0.15873015873015872,0.8412698412698412,0.13916739847234716,0.25423510156871826,-0.017786357591019167,True
3403,0.1746031746031746,0.8412698412698412,0.1600239883403576,0.26441481623129626,-0.018125098938487245,True
3404,0.19047619047619047,0.8412698412698412,0.1792699072812234,0.26781498256869846,-0.019166473785012062,True
3405,0.20634920634920634,0.8412698412698412,0.1969167403190272,0.2657137380960866,-0.02093225137602412,True
3406,0.2222222222222222,0.8412698412698412,0.2130125445626107,0.25930580992959995,-0.023388251110620435,True
3407,0.23809523809523808,0.8412698412698412,0.22768179085664914,0.24970419438892522,-0.02647125443248608,True
3408,0.25396825396825395,0.8412698412698412,0.24106326328488187,0.237867000464876,-0.030071978827349993,True
3409,0.2698412698412698,0.8412698412698412,0.2531305542359752,0.22440404648604062,-0.03408445876589327,True
3410,0.2857142857142857,0.8412698412698412,0.264109134623995,0.21002120542663352,-0.03837550886275208,True
3411,0.30158730158730157,0.8412698412698412,0.2739005525721342,0.19508322076355544,-0.04283179563846435,True
3412,0.31746031746031744,0.8412698412698412,0.2826824167508307,0.1800225010282349,-0.04734820147513741,True
3413,0.3333333333333333,0.8412698412698412,0.2904957606394008,0.16510646556432534,-0.05182408287400283,True
3414,0.3492063492063492,0.8412698412698412,0.29750227239997795,0.1505634526666501,-0.05618684225466989,True
3415,0.36507936507936506,0.8412698412698412,0.30378809722838973,0.13652449396950778,-0.06037461985156926,True
3416,0.38095238095238093,0.8412698412698412,0.30935300245636166,0.12302026507910585,-0.06432425292170298,True
3417,0.3968253968253968,0.8412698412698412,0.3142739760923586,0.11009308996097625,-0.06799870354628886,True
3418,0.4126984126984127,0.8412698412698412,0.31855087997180664,0.09773456255436737,-0.07135034181542076,True
3419,0.42857142857142855,0.8412698412698412,0.32229998214096717,0.08594288680845603,-0.07439008381900705,True
3420,0.4444444444444444,0.8412698412698412,0.3253986358132209,0.07462746290689055,-0.07705063419541401,True
3421,0.4603174603174603,0.8412698412698412,0.3278916425303657,0.06376758641526688,-0.07933138426641206,True
3422,0.47619047619047616,0.8412698412698412,0.32980352946045,0.05335665147243562,-0.08123115849293316,True
3423,0.49206349206349204,0.8412698412698412,0.3310320669473003,0.04323190259319377,-0.08270176688708093,True
3424,0.5079365079365079,0.8412698412698412,0.3316543929044719,0.033488640659250536,-0.083770842686938,True
3425,0.5238095238095237,0.8412698412698412,0.33158274788865927,0.023956907667404236,-0.08440039956898168,True
3426,0.5396825396825397,0.8412698412698412,0.3308240745744256,0.014659948999655614,-0.08459398401884786,True
3427,0.5555555555555556,0.8412698412698412,0.32938794726720216,0.005540458654095967,-0.08436687304775232,True
3428,0.5714285714285714,0.8412698412698412,0.32723715598521463,-0.0034344573406493257,-0.08370400078575997,True
3429,0.5873015873015872,0.8412698412698412,0.3243285715471689,-0.012342223271808226,-0.0825920697660365,True
3430,0.6031746031746031,0.8412698412698412,0.32066385095358496,-0.02114795890157448,-0.08104979528904498,True
3431,0.6190476190476191,0.8412698412698412,0.31622463605540163,-0.029987377563367928,-0.07907855403405789,True
3432,0.6349206349206349,0.8412698412698412,0.3109502375493049,-0.03879821835142832,-0.07667366064960536,True
3433,0.6507936507936507,0.8412698412698412,0.3048158268572792,-0.04765672664630679,-0.073846688574061,True
3434,0.6666666666666666,0.8412698412698412,0.29779175944548947,-0.05659163394995985,-0.07061151740811869,True
3435,0.6825396825396826,0.8412698412698412,0.28980176218065307,-0.06563453201546239,-0.06697129385981335,True
3436,0.6984126984126984,0.8412698412698412,0.2808162411492914,-0.07479170161115521,-0.06295108196823154,True
3437,0.7142857142857142,0.8412698412698412,0.2707256514276478,-0.0840725032806243,-0.05856197495302421,True
3438,0.7301587301587301,0.8412698412698412,0.2595066687635744,-0.09352230798046998,-0.05384114437586424,True
3439,0.746031746031746,0.8412698412698412,0.24705521815095857,-0.10312774739611172,-0.04882284266887667,True
3440,0.7619047619047619,0.8412698412698412,0.2332812738077438,-0.1128494503817872,-0.04354806947499128,True
3441,0.7777777777777777,0.8412698412698412,0.21811802178048528,-0.12272723064797902,-0.03808347003399571,True
3442,0.7936507936507936,0.8412698412698412,0.20150721842555044,-0.13272855225006375,-0.032499927433011486,True
3443,0.8095238095238095,0.8412698412698412,0.18348453690693034,-0.14297491993661987,-0.026902382206258502,True
3444,0.8253968253968254,0.8412698412698412,0.1640427724696777,-0.15351997498626443,-0.021377525703841525,True
3445,0.8412698412698412,0.8412698412698412,0.14334601329172988,-0.164723358145454,-0.016058793123151137,True
3446,0.8571428571428571,0.8412698412698412,0.12170834282308846,-0.17731647130699224,-0.011064313572351788,True
3447,0.873015873015873,0.8412698412698412,0.09946685430271769,-0.19263490604975808,-0.0064863494823298295,True
3448,0.8888888888888888,0.8412698412698412,0.07710114017682068,-0.21332187256740226,-0.002389667901338369,True
3449,0.9047619047619047,0.8412698412698412,0.05506791602109203,-0.24409467400662083,0.0011849799453232093,True
3450,0.9206349206349206,0.8412698412698412,0.033306206215481395,-0.2933845236317946,0.004320280757719815,True
3451,0.9365079365079365,0.8412698412698412,0.011098675618550775,-0.3747650326940403,0.007027186592542887,True
3452,0.9523809523809523,0.8412698412698412,-0.012607331283096334,-0.5059759653930314,0.009231848887164388,True
3453,0.9682539682539681,0.8412698412698412,-0.030817772523749603,-0.6586916732125717,0.010574183335869587,True
3454,0.9841269841269841,0.8412698412698412,-0.0194942425143079,-0.5709918515915748,0.010604039371495875,True
3455,1.0,0.8412698412698412,3.833051998021122e-06,0.00021035212804254572,0.009491780295541903,True
3456,0.0,0.8571428571428571,3.12620577305994e-08,4.7423103234727975e-06,-0.021081345331395582,True
3457,0.015873015873015872,0.8571428571428571,0.0006388395747533916,-0.00266274097385228,-0.021047065082157916,True
3458,0.031746031746031744,0.8571428571428571,0.0025138115573587368,0.006561600494194876,-0.021015908318683604,True
3459,0.047619047619047616,0.8571428571428571,0.006216183025554621,0.025639813163879765,-0.020942432905710635,True
3460,0.06349206349206349,0.8571428571428571,0.012829212648838162,0.05253943340189835,-0.020725708099793714,True
3461,0.07936507936507936,0.8571428571428571,0.02332814272230445,0.08510439785052745,-0.020237447666214558,True
3462,0.09523809523809523,0.8571428571428571,0.038203392121476595,0.12071199531920722,-0.019392651863389926,True
3463,0.1111111111111111,0.8571428571428571,0.05701130362463338,0.15603408170512617,-0.018212742313831833,True
3464,0.12698412698412698,0.8571428571428571,0.07862824407619573,0.1877750593532156,-0.016833857949448843,True
3465,0.14285714285714285,0.8571428571428571,0.10171241651080401,0.21346743904089258,-0.01551128878442167,True
3466,0.15873015873015872,0.8571428571428571,0.12502962355789338,0.23194549447926477,-0.01455232267107968,True
3467,0.1746031746031746,0.8571428571428571,0.14780237150829584,0.2432682788220205,-0.014171186781761123,True
3468,0.19047619047619047,0.8571428571428571,0.1694554347775743,0.24806004379629837,-0.014560293959979678,True
3469,0.20634920634920634,0.8571428571428571,0.1897865819863997,0.2475094386914203,-0.015779072165324075,True
3470,0.2222222222222222,0.8571428571428571,0.2086697187818823,0.24257751295931673,-0.017819062667612982,True
3471,0.23809523809523808,0.8571428571428571,0.2260028238976314,0.23437507963876764,-0.02061749187574321,True
3472,0.25396825396825395,0.8571428571428571,0.24201480235644487,0.223848757374416,-0.02405283902774267,True
3473,0.2698412698412698,0.8571428571428571,0.2566452123876727,0.2116908901255609,-0.02800668791807612,True
3474,0.2857142857142857,0.8571428571428571,0.26992286210568156,0.198461682579409,-0.03233609487308789,True
3475,0.30158730158730157,0.8571428571428571,0.2821074155870347,0.1847416839807153,-0.0369097819016617,True
3476,0.31746031746031744,0.8571428571428571,0.29295205395456275,0.17072767691034382,-0.04159518784619092,True
3477,0.3333333333333333,0.8571428571428571,0.302731409743661,0.15680715109585397,-0.04629054207588436,True
3478,0.3492063492063492,0.8571428571428571,0.31147720890596525,0.14316810610324893,-0.05090054601311061,True
3479,0.36507936507936506,0.8571428571428571,0.31923958666086344,0.12993382528054262,-0.055340185075784365,True
3480,0.38095238095238093,0.8571428571428571,0.32613012239686806,0.11718686349393548,-0.059551294493891356,True
3481,0.3968253968253968,0.8571428571428571,0.33217005574073827,0.10496922363305312,-0.06347689197052413,True
3482,0.4126984126984127,0.8571428571428571,0.33745899223237513,0.09330637819626163,-0.06709029372771438,True
3483,0.42857142857142855,0.8571428571428571,0.34197068889283294,0.08215405249836569,-0.07034040704769866,True
3484,0.4444444444444444,0.8571428571428571,0.34579007063607237,0.07152504339139949,-0.07322464904850437,True
3485,0.4603174603174603,0.8571428571428571,0.3488558878556415,0.06133140582639263,-0.07569714780371208,True
3486,0.47619047619047616,0.8571428571428571,0.351206472217408,0.05155676427222812,-0.07775260766847769,True
3487,0.49206349206349204,0.8571428571428571,0.35285678456043856,0.042157265024995505,-0.07938487529802046,True
3488,0.5079365079365079,0.8571428571428571,0.3537529031447652,0.03307600276004403,-0.08056349723780476,True
3489,0.5238095238095237,0.8571428571428571,0.3539345704752747,0.024259567565626954,-0.08130392530661301,True
3490,0.5396825396825397,0.8571428571428571,0.35336485071376,0.015678750241244665,-0.08158937859152826,True
3491,0.5555555555555556,0.8571428571428571,0.35204200153923093,0.00729172616268594,-0.08142188914681457,True
3492,0.5714285714285714,0.8571428571428571,0.34993483503278155,-0.0009347123958669243,-0.08079439035913079,True
3493,0.5873015873015872,0.8571428571428571,0.3470484813988896,-0.009053082536418558,-0.07971750780014958,True
3494,0.6031746031746031,0.8571428571428571,0.34332166005344994,-0.017058874192247428,-0.07817904515422547,True
3495,0.6190476190476191,0.8571428571428571,0.3387361361666788,-0.025040239241930967,-0.07618452392768418,True
3496,0.6349206349206349,0.8571428571428571,0.3332805139270347,-0.03298219609169399,-0.07375074529195788,True
3497,0.6507936507936507,0.8571428571428571,0.32691430916254965,-0.040937793281809506,-0.07088082852814498,True
3498,0.6666666666666666,0.8571428571428571,0.31955581687619244,-0.04893177645526042,-0.06757409309402826,True
3499,0.6825396825396826,0.8571428571428571,0.3111723737776411,-0.05694111720805499,-0.06385117592109218,True
3500,0.6984126984126984,0.8571428571428571,0.30167787720296935,-0.06499058790837944,-0.05972326782829453,True
3501,0.7142857142857142,0.8571428571428571,0.29107079050780643,-0.07316785389325281,-0.05522367609720692,True
3502,0.7301587301587301,0.8571428571428571,0.2791875434273218,-0.08135636520730877,-0.050364935336654225,True
3503,0.746031746031746,0.8571428571428571,0.2659989397566781,-0.08963414965298495,-0.04519220557032691,True
3504,0.7619047619047619,0.8571428571428571,0.25141812545792913,-0.09798488651173971,-0.03975122849268795,True
3505,0.7777777777777777,0.8571428571428571,0.23538573950279415,-0.1064059562982502,-0.034097852683095335,True
3506,0.7936507936507936,0.8571428571428571,0.2178552603658467,-0.11492759568415259,-0.02830575749338828,True
3507,0.8095238095238095,0.8571428571428571,0.1988688651014103,-0.12370488529061666,-0.022466514550142938,True
3508,0.8253968253968254,0.8571428571428571,0.17847900108142944,-0.13292642904987245,-0.016680765800798168,True
3509,0.8412698412698412,0.8571428571428571,0.15684603110409231,-0.14300515043286602,-0.011044901734573951,True
3510,0.8571428571428571,0.8571428571428571,0.13426265021273331,-0.1547901982701791,-0.005680295707171012,True
3511,0.873015873015873,0.8571428571428571,0.11109337756895,-0.16976070085677078,-0.0006676418835693931,True
3512,0.8888888888888888,0.8571428571428571,0.08776210704097455,-0.19052489782005938,0.003942583394440183,True
3513,0.9047619047619047,0.8571428571428571,0.06462930157922696,-0.22165227335756724,0.008132501221521427,True
3514,0.9206349206349206,0.8571428571428571,0.04165150617288566,-0.2709512346272829,0.011967436394684318,True
3515,0.9365079365079365,0.8571428571428571,0.01809213009733477,-0.35116743650063936,0.015454354850685048,True
3516,0.9523809523809523,0.8571428571428571,-0.007658228332348774,-0.4804573303121527,0.018520850245470233,True
3517,0.9682539682539681,0.8571428571428571,-0.03061497315789195,-0.6489288674283296,0.02072122222462035,True
3518,0.9841269841269841,0.8571428571428571,-0.022397262321619524,-0.59958577454534,0.0212559646304107,True
3519,1.0,0.8571428571428571,8.338487293773882e-06,-4.097399583271483e-05,0.02003377589335582,True
3520,0.0,0.873015873015873,2.1537939017570528e-08,1.0446884439620902e-07,-0.020614569098991967,True
3521,0.015873015873015872,0.873015873015873,0.0001677062198459135,-0.0034194672552565492,-0.020617786982497867,True
3522,0.031746031746031744,0.873015873015873,0.00042889544082377364,0.004966310159547852,-0.02064447583914516,True
3523,0.047619047619047616,0.873015873015873,0.0015572468413840297,0.022124935105356874,-0.020609440456831093,True
3524,0.06349206349206349,0.873015873015873,0.004994889150180353,0.045780026253149905,-0.020363294685235726,True
3525,0.07936507936507936,0.873015873015873,0.012108567808812636,0.07415198417295772,-0.019735928168020906,True
3526,0.09523809523809523,0.873015873015873,0.023727096558430978,0.10524595273513533,-0.018608950532615406,True
3527,0.1111111111111111,0.873015873015873,0.03992558170533646,0.13662482554955274,-0.01698719990100033,True
3528,0.12698412698412698,0.873015873015873,0.06000088731967397,0.1655975471884766,-0.01502608221807132,True
3529,0.14285714285714285,0.873015873015873,0.08278073940087194,0.18988848935149508,-0.013014863780927447,True
3530,0.15873015873015872,0.873015873015873,0.10695945352173347,0.20812544846402556,-0.011308899761469758,True
3531,0.1746031746031746,0.873015873015873,0.1314339694758739,0.21992408443296332,-0.010216782798983054,True
3532,0.19047619047619047,0.873015873015873,0.15546528773334406,0.22578006100876982,-0.009947379141814492,True
3533,0.20634920634920634,0.873015873015873,0.17850259405201996,0.22647232476835913,-0.010622223087200408,True
3534,0.2222222222222222,0.873015873015873,0.200291163853103,0.22300967410361494,-0.012238504182732597,True
3535,0.23809523809523808,0.873015873015873,0.22066679116149626,0.2162939190497425,-0.014734030019808213,True
3536,0.25396825396825395,0.873015873015873,0.23950025244228243,0.2071515861853364,-0.018008522635450167,True
3537,0.2698412698412698,0.873015873015873,0.25690579616225134,0.1963975954517276,-0.0218967274736592,True
3538,0.2857142857142857,0.873015873015873,0.27289284997861796,0.18456894149032974,-0.026262674706337502,True
3539,0.30158730158730157,0.873015873015873,0.28738621032783485,0.17206721956640475,-0.030946593196156464,True
3540,0.31746031746031744,0.873015873015873,0.30058215085164586,0.15932234095105094,-0.03580417898179848,True
3541,0.3333333333333333,0.873015873015873,0.3124846615280697,0.1465693145084926,-0.04071279356119338,True
3542,0.3492063492063492,0.873015873015873,0.3231798763066388,0.1340285293387971,-0.04556853416733355,True
3543,0.36507936507936506,0.873015873015873,0.3326411585612995,0.1217825126139184,-0.05026477333075363,True
3544,0.38095238095238093,0.873015873015873,0.3411151101022022,0.11002132017351524,-0.05475027550787248,True
3545,0.3968253968253968,0.873015873015873,0.3485131115222643,0.09869265911410895,-0.058942796443405054,True
3546,0.4126984126984127,0.873015873015873,0.3549969709347896,0.08789514373548085,-0.06281530003891672,True
3547,0.42857142857142855,0.873015873015873,0.360442626849502,0.07754051691654881,-0.06629285129990038,True
3548,0.4444444444444444,0.873015873015873,0.36513925402291436,0.06772524431414692,-0.06940155220131115,True
3549,0.4603174603174603,0.873015873015873,0.3689210339513608,0.058293869433445236,-0.07207780534729587,True
3550,0.47619047619047616,0.873015873015873,0.3718749945951434,0.04931665952309503,-0.07431790304634298,True
3551,0.49206349206349204,0.873015873015873,0.3739962543723062,0.04065800730307964,-0.07610539179397466,True
3552,0.5079365079365079,0.873015873015873,0.37528977815192593,0.03235995383504907,-0.07742926775601117,True
3553,0.5238095238095237,0.873015873015873,0.375749440966245,0.024320708677550127,-0.07827876286511348,True
3554,0.5396825396825397,0.873015873015873,0.3754058872478562,0.016563009344405376,-0.07866419749243081,True
3555,0.5555555555555556,0.873015873015873,0.374213237585944,0.008938879632487292,-0.0785671644028348,True
3556,0.5714285714285714,0.873015873015873,0.3721825669425896,0.0015787801058416084,-0.07800083549311664,True
3557,0.5873015873015872,0.873015873015873,0.3692564444982628,-0.005749420982179961,-0.07694534795061508,True
3558,0.6031746031746031,0.873015873015873,0.3654845157755177,-0.012863572272074401,-0.07543522475875825,True
3559,0.6190476190476191,0.873015873015873,0.36077984092491217,-0.019960066439469605,-0.07344794454367941,True
3560,0.6349206349206349,0.873015873015873,0.35509195008871736,-0.026951585368511437,-0.0709916501832079,True
3561,0.6507936507936507,0.873015873015873,0.34844748426568495,-0.03395870028053,-0.06808704277008369,True
3562,0.6666666666666666,0.873015873015873,0.3407347040080507,-0.040867886598037695,-0.06473365736831106,True
3563,0.6825396825396826,0.873015873015873,0.3319499756150038,-0.04780294912317419,-0.06095090792744161,True
3564,0.6984126984126984,0.873015873015873,0.32199878277611044,-0.05471946870254089,-0.056750767050417344,True
3565,0.7142857142857142,0.873015873015873,0.31083947084914826,-0.061629848601681275,-0.05215812127126897,True
3566,0.7301587301587301,0.873015873015873,0.29835381159329505,-0.06853042895008739,-0.04719583826185401,True
3567,0.746031746031746,0.873015873015873,0.28454832947432557,-0.07543336954232586,-0.04190587053734018,True
3568,0.7619047619047619,0.873015873015873,0.26931836986764346,-0.08234148518091883,-0.036328483932442805,True
3569,0.7777777777777777,0.873015873015873,0.25263790621839227,-0.08929034962846544,-0.030520250389046145,True
3570,0.7936507936507936,0.873015873015873,0.23449164936112063,-0.09635426407760421,-0.024546707171848554,True
3571,0.8095238095238095,0.873015873015873,0.21490787413547166,-0.10367609080939269,-0.01848559647121904,True
3572,0.8253968253968254,0.873015873015873,0.19399490213610432,-0.11158630136724694,-0.012422867116541652,True
3573,0.8412698412698412,0.873015873015873,0.17189658919704146,-0.12058219777017443,-0.006451674744783423,True
3574,0.8571428571428571,0.873015873015873,0.14887008790152742,-0.13157960393026402,-0.0006504740012263287,True
3575,0.873015873015873,0.873015873015873,0.12521061067105288,-0.14612704932717743,0.0049144070198837864,True
3576,0.8888888888888888,0.873015873015873,0.10125648107798811,-0.1668509033358308,0.010206043619232974,True
3577,0.9047619047619047,0.873015873015873,0.07724203189183719,-0.19814302111026127,0.01523877090635633,True
3578,0.9206349206349206,0.873015873015873,0.05304338917894809,-0.24722414595469944,0.020059753795431554,True
3579,0.9365079365079365,0.873015873015873,0.027853826441922264,-0.3258247523362913,0.02471926793821479,True
3580,0.9523809523809523,0.873015873015873,-0.00019133865142384313,-0.4519377189467655,0.02911637768512646,True
3581,0.9682539682539681,0.873015873015873,-0.02848109025366616,-0.631674383014771,0.03265392403173745,True
3582,0.9841269841269841,0.873015873015873,-0.025499891003160996,-0.6287112767260243,0.03411274213679446,True
3583,1.0,0.873015873015873,1.4511900475267544e-08,-2.2764932144174305e-05,0.032855125737437284,True
3584,0.0,0.8888888888888888,-1.6739528682683074e-07,-2.987487918915004e-06,-0.02008182569316321,True
3585,0.015873015873015872,0.8888888888888888,-0.0008878461554996911,-0.00270011559533522,-0.020156891289845585,True
3586,0.031746031746031744,0.8888888888888888,-0.003362643126901431,0.006008740125488954,-0.02025989420727703,True
3587,0.047619047619047616,0.8888888888888888,-0.005712904882191399,0.02186382695723633,-0.020260390374143813,True
3588,0.06349206349206349,0.8888888888888888,-0.005874319306710064,0.04251335125237568,-0.019962798264644,True
3589,0.07936507936507936,0.8888888888888888,-0.0022897790093601637,0.06656916464399873,-0.0191572451322631,True
3590,0.09523809523809523,0.8888888888888888,0.006128611311675707,0.09272312231883277,-0.017713178223454546,True
3591,0.1111111111111111,0.8888888888888888,0.019748259308849863,0.119398357334895,-0.015642029239684788,True
3592,0.12698412698412698,0.8888888888888888,0.03812885903097568,0.14454644782794346,-0.013123250441955637,True
3593,0.14285714285714285,0.8888888888888888,0.06028239179728713,0.16619570983054535,-0.01046558305695144,True
3594,0.15873015873015872,0.8888888888888888,0.08495327113959726,0.18306992269975317,-0.00807064141678781,True
3595,0.1746031746031746,0.8888888888888888,0.11091846986290728,0.19460304541659637,-0.006292913971507989,True
3596,0.19047619047619047,0.8888888888888888,0.13710442956566068,0.20088023578365405,-0.0054169998606028395,True
3597,0.20634920634920634,0.8888888888888888,0.16287211410814367,0.20258497136720938,-0.005559480687298685,True
3598,0.2222222222222222,0.8888888888888888,0.1876426966163424,0.2003982963582616,-0.006771047937548627,True
3599,0.23809523809523808,0.8888888888888888,0.21101384405740084,0.19510604735323595,-0.008992075446241737,True
3600,0.25396825396825395,0.8888888888888888,0.23297626512938663,0.18753591744645373,-0.012090132025233619,True
3601,0.2698412698412698,0.8888888888888888,0.25331709553429554,0.17828977057624495,-0.015923003120589734,True
3602,0.2857142857142857,0.8888888888888888,0.2720962537089393,0.1679646002165252,-0.02031441299814895,True
3603,0.30158730158730157,0.8888888888888888,0.28921391232645627,0.15692603745478334,-0.0251045136763873,True
3604,0.31746031746031744,0.8888888888888888,0.3049119815826502,0.14562439035459224,-0.03012750434843036,True
3605,0.3333333333333333,0.8888888888888888,0.31907169506893507,0.13422016464664668,-0.035243347542016086,True
3606,0.3492063492063492,0.8888888888888888,0.3317871606370612,0.12293951298910236,-0.04033271847457831,True
3607,0.36507936507936506,0.8888888888888888,0.34326440358937826,0.11197048703112603,-0.04529820060999678,True
3608,0.38095238095238093,0.8888888888888888,0.35333542861619127,0.10128078248935196,-0.05003307952393622,True
3609,0.3968253968253968,0.8888888888888888,0.36228815863246716,0.09110334028076446,-0.054498817667465525,True
3610,0.4126984126984127,0.8888888888888888,0.37006561369816265,0.0812834717536237,-0.058616795542364895,True
3611,0.42857142857142855,0.8888888888888888,0.37678723259907404,0.07195553767643748,-0.06236268146268711,True
3612,0.4444444444444444,0.8888888888888888,0.38237161504728817,0.06303316265238937,-0.06567655644055538,True
3613,0.4603174603174603,0.8888888888888888,0.38704926843168935,0.05459430689368336,-0.06857077086132997,True
3614,0.47619047619047616,0.8888888888888888,0.39065766829288495,0.04642837932684351,-0.07098410859473396,True
3615,0.49206349206349204,0.8888888888888888,0.39341501345882657,0.03871761459616929,-0.0729510330013569,True
3616,0.5079365079365079,0.8888888888888888,0.3951710716644665,0.03125861571713025,-0.07441868763038238,True
3617,0.5238095238095237,0.8888888888888888,0.39596776964680863,0.024140242417320087,-0.07538829716251158,True
3618,0.5396825396825397,0.8888888888888888,0.39591352230774085,0.017200874353793874,-0.07588102661371153,True
3619,0.5555555555555556,0.8888888888888888,0.3948848947004161,0.01050578576033263,-0.07586763570896371,True
3620,0.5714285714285714,0.8888888888888888,0.39293842520200184,0.003996363750418103,-0.07536322323699711,True
3621,0.5873015873015872,0.8888888888888888,0.39005230899290205,-0.0023659512272145274,-0.07436762449724038,True
3622,0.6031746031746031,0.8888888888888888,0.38619647776493504,-0.008585884102092683,-0.07288113517477451,True
3623,0.6190476190476191,0.8888888888888888,0.38137222732394327,-0.014689272257635225,-0.07091514282833092,True
3624,0.6349206349206349,0.8888888888888888,0.37548750043238954,-0.020715121709544294,-0.06846173960209999,True
3625,0.6507936507936507,0.8888888888888888,0.3685980992076626,-0.026634287863246082,-0.06555054752770073,True
3626,0.6666666666666666,0.8888888888888888,0.36058712389122627,-0.03246243115634452,-0.06217634663577272,True
3627,0.6825396825396826,0.8888888888888888,0.35146293541667656,-0.038250419315780895,-0.058361762041833194,True
3628,0.6984126984126984,0.8888888888888888,0.341147856437807,-0.043980222610840856,-0.05411959650728798,True
3629,0.7142857142857142,0.8888888888888888,0.32957910218446507,-0.04961249244395844,-0.04947067339971655,True
3630,0.7301587301587301,0.8888888888888888,0.31672761690490087,-0.055215333880547,-0.044444781737361445,True
3631,0.746031746031746,0.8888888888888888,0.3025709078779376,-0.060726866617715855,-0.03907506886270868,True
3632,0.7619047619047619,0.8888888888888888,0.2870633065057113,-0.06623242269771322,-0.03340160103378078,True
3633,0.7777777777777777,0.8888888888888888,0.270171487311269,-0.07177262576796077,-0.027473074350946022,True
3634,0.7936507936507936,0.8888888888888888,0.25193704595730515,-0.07743504931895474,-0.021344634102185015,True
3635,0.8095238095238095,0.8888888888888888,0.23240522970974836,-0.08341860524077671,-0.015075346045972875,True
3636,0.8253968253968254,0.8888888888888888,0.2116374026408704,-0.09008685895677558,-0.008731092594040294,True
3637,0.8412698412698412,0.8888888888888888,0.1897793101683042,-0.09803804623782075,-0.0023803237276488007,True
3638,0.8571428571428571,0.8888888888888888,0.16700231530016627,-0.1082141249482082,0.0039379870513903716,True
3639,0.873015873015873,0.8888888888888888,0.1434622809324028,-0.12222220440358081,0.010172384000173808,True
3640,0.8888888888888888,0.8888888888888888,0.1193840458328614,-0.14265606229595204,0.016358369438508776,True
3641,0.9047619047619047,0.8888888888888888,0.09470660029570102,-0.1735920130153399,0.022516957268656202,True
3642,0.9206349206349206,0.8888888888888888,0.06923202791470008,-0.22195412529743552,0.028771817529331875,True
3643,0.9365079365079365,0.8888888888888888,0.042000719799362096,-0.29843385016935237,0.03516561578998789,True
3644,0.9523809523809523,0.8888888888888888,0.011072566890235273,-0.42019744203669424,0.041547219163355596,True
3645,0.9682539682539681,0.8888888888888888,-0.023207204442834955,-0.60561366517829,0.04710421882910836,True
3646,0.9841269841269841,0.8888888888888888,-0.02851650621584876,-0.6576867056576633,0.05010097838856432,True
3647,1.0,0.8888888888888888,1.300535495675599e-06,0.00014706729456127687,0.04893684580850734,True
3648,0.0,0.9047619047619047,8.354795814811717e-07,-2.7478242028537105e-05,-0.019459164774424463,True
3649,0.015873015873015872,0.9047619047619047,-0.003151402392779504,0.0009739649342982754,-0.01966952937132084,True
3650,0.031746031746031744,0.9047619047619047,-0.01027840233434717,0.011130159346373479,-0.01986341411394104,True
3651,0.047619047619047616,0.9047619047619047,-0.017447769543655886,0.02562476292822432,-0.01988242197000267,True
3652,0.06349206349206349,0.9047619047619047,-0.02175215536488674,0.04290354284631435,-0.019488751734299262,True
3653,0.07936507936507936,0.9047619047619047,-0.02152263335302697,0.062249708971686156,-0.018459702971464747,True
3654,0.09523809523809523,0.9047619047619047,-0.015866618022986605,0.08299624068844896,-0.016658888046508603,True
3655,0.1111111111111111,0.9047619047619047,-0.004414570796755284,0.10419275673119176,-0.014125624860163999,True
3656,0.12698412698412698,0.9047619047619047,0.012549160760691342,0.12458420675590258,-0.011065948786982567,True
3657,0.14285714285714285,0.9047619047619047,0.03413817486296426,0.14261142161802132,-0.007822997122218258,True
3658,0.15873015873015872,0.9047619047619047,0.05919104167169111,0.1571394595165185,-0.004828207319996708,True
3659,0.1746031746031746,0.9047619047619047,0.08641798019961618,0.16750532713321803,-0.002457173285348697,True
3660,0.19047619047619047,0.9047619047619047,0.11460018553071967,0.17363527812833218,-0.0010425279258501527,True
3661,0.20634920634920634,0.9047619047619047,0.14287466051081749,0.1758906066028233,-0.0007276329184786961,True
3662,0.2222222222222222,0.9047619047619047,0.17051750811012673,0.17477213273884273,-0.0015756120511753186,True
3663,0.23809523809523808,0.9047619047619047,0.1969775939355874,0.170880238519394,-0.0035390046055406034,True
3664,0.25396825396825395,0.9047619047619047,0.22198568976857364,0.16485123663775333,-0.006488696533000447,True
3665,0.2698412698412698,0.9047619047619047,0.24529622255970332,0.1572120848773078,-0.010265662081331142,True
3666,0.2857142857142857,0.9047619047619047,0.2670491558914417,0.1485763467925813,-0.014684509850494224,True
3667,0.30158730158730157,0.9047619047619047,0.28698181860203226,0.1392215056771715,-0.019575334846042507,True
3668,0.31746031746031744,0.9047619047619047,0.3052089692603541,0.12949596745739686,-0.02474925364606398,True
3669,0.3333333333333333,0.9047619047619047,0.3217448337990397,0.11963643129887731,-0.03006074870410211,True
3670,0.3492063492063492,0.9047619047619047,0.3366686088657892,0.10984974425220037,-0.035376484843821256,True
3671,0.36507936507936506,0.9047619047619047,0.3501183037470739,0.10026730898198867,-0.040581540027913046,True
3672,0.38095238095238093,0.9047619047619047,0.36198391327151846,0.09094314566450366,-0.04557405266062655,True
3673,0.3968253968253968,0.9047619047619047,0.3725399039419593,0.08199757203526466,-0.05029062497614065,True
3674,0.4126984126984127,0.9047619047619047,0.38171868450009716,0.07338765716430967,-0.054654272228030085,True
3675,0.42857142857142855,0.9047619047619047,0.3896872441357649,0.06525696468885608,-0.05863772794912605,True
3676,0.4444444444444444,0.9047619047619047,0.3963663009439929,0.05739044993401373,-0.062172784601163184,True
3677,0.4603174603174603,0.9047619047619047,0.40196185844174853,0.049990052052773466,-0.06526754090886569,True
3678,0.47619047619047616,0.9047619047619047,0.40641285013457834,0.04293002955431086,-0.06787924125814762,True
3679,0.49206349206349204,0.9047619047619047,0.4098230258402573,0.03617765603060008,-0.07000856109279054,True
3680,0.5079365079365079,0.9047619047619047,0.41212202016110044,0.029731392449707097,-0.07162440926347892,True
3681,0.5238095238095237,0.9047619047619047,0.4133625179378042,0.023566097473416786,-0.07272563388327384,True
3682,0.5396825396825397,0.9047619047619047,0.4136565910127561,0.017618898199050697,-0.07333122922341972,True
3683,0.5555555555555556,0.9047619047619047,0.4128671531595574,0.01189345606668938,-0.07341087332682444,True
3684,0.5714285714285714,0.9047619047619047,0.4110475192425459,0.006352973035591449,-0.07297630479277782,True
3685,0.5873015873015872,0.9047619047619047,0.40829220263995064,0.0009821155420335782,-0.07205284214806384,True
3686,0.6031746031746031,0.9047619047619047,0.4044531177294323,-0.004234557269085291,-0.0706139012294187,True
3687,0.6190476190476191,0.9047619047619047,0.39954848562947287,-0.00933699221408851,-0.06867308495331373,True
3688,0.6349206349206349,0.9047619047619047,0.39366340986254744,-0.014269544526004364,-0.06626010670388283,True
3689,0.6507936507936507,0.9047619047619047,0.3866656294826067,-0.01912368911593007,-0.06336056451123745,True
3690,0.6666666666666666,0.9047619047619047,0.3785475201824085,-0.023846939889453023,-0.05999057058244965,True
3691,0.6825396825396826,0.9047619047619047,0.3693277115460427,-0.028473057277439727,-0.056172967064030466,True
3692,0.6984126984126984,0.9047619047619047,0.3589550734007961,-0.032995060673091,-0.05191983934245356,True
3693,0.7142857142857142,0.9047619047619047,0.34740920128947467,-0.037426499011780204,-0.04725478116230501,True
3694,0.7301587301587301,0.9047619047619047,0.33468866260836966,-0.041734403609493154,-0.042199288860411605,True
3695,0.746031746031746,0.9047619047619047,0.32075459529364103,-0.045992450296548325,-0.036788706155006706,True
3696,0.7619047619047619,0.9047619047619047,0.3056174268051882,-0.05020963770776532,-0.03105449931928547,True
3697,0.7777777777777777,0.9047619047619047,0.28928674189655706,-0.05446604001895462,-0.025035190947157483,True
3698,0.7936507936507936,0.9047619047619047,0.2718089436025333,-0.058885166209361725,-0.018773356046378743,True
3699,0.8095238095238095,0.9047619047619047,0.2531889925348273,-0.06369285932164152,-0.012310123463865886,True
3700,0.8253968253968254,0.9047619047619047,0.23352901842639934,-0.06926420151380604,-0.005681170038333027,True
3701,0.8412698412698412,0.9047619047619047,0.2128348302584915,-0.07621413065193147,0.0010840386299653037,True
3702,0.8571428571428571,0.9047619047619047,0.19117967942032543,-0.08551278623920874,0.007986160633939917,True
3703,0.873015873015873,0.9047619047619047,0.16857088310817214,-0.09871099337509275,0.01505691365990166,True
3704,0.8888888888888888,0.9047619047619047,0.14492947118723565,-0.11830596608743955,0.022383614235252074,True
3705,0.9047619047619047,0.9047619047619047,0.11993799901376918,-0.14821792120786442,0.030060630929674047,True
3706,0.9206349206349206,0.9047619047619047,0.0930890624831276,-0.19488764038597664,0.03834851365515108,True
3707,0.9365079365079365,0.9047619047619047,0.06321947624225362,-0.26824316907799295,0.04723421282633524,True
3708,0.9523809523809523,0.9047619047619047,0.028314486876850918,-0.38430811686214295,0.05655960632248196,True
3709,0.9682539682539681,0.9047619047619047,-0.013286702557431527,-0.5696601688807974,0.06524857343529515,True
3710,0.9841269841269841,0.9047619047619047,-0.03073473921472913,-0.6815657917434674,0.07069520924157191,True
3711,1.0,0.9047619047619047,7.067538808152242e-08,0.0001451015551889182,0.06981241942416182,True
3712,0.0,0.9206349206349206,1.5503275342682764e-06,-4.3126936953192746e-05,-0.018811511739086993,True
3713,0.015873015873015872,0.9206349206349206,-0.0075189475258724894,0.010077542894497922,-0.019255398594306937,True
3714,0.031746031746031744,0.9206349206349206,-0.022067921423703788,0.022301065049659535,-0.01953910394802278,True
3715,0.047619047619047616,0.9206349206349206,-0.03552668794871569,0.03440517516655223,-0.01953992005300285,True
3716,0.06349206349206349,0.9206349206349206,-0.044369223302462735,0.04706786436552731,-0.018994380579616832,True
3717,0.07936507936507936,0.9206349206349206,-0.047232724515373824,0.06070752108400468,-0.017667661827668622,True
3718,0.09523809523809523,0.9206349206349206,-0.04358780727951576,0.07533985097208487,-0.015460995722261854,True
3719,0.1111111111111111,0.9206349206349206,-0.033444050034430434,0.0904476919111793,-0.012450737578262344,True
3720,0.12698412698412698,0.9206349206349206,-0.017195117014530154,0.10535572179375934,-0.008881162357605166,True
3721,0.14285714285714285,0.9206349206349206,0.004290696949943253,0.11894894006208817,-0.005127934405853434,True
3722,0.15873015873015872,0.9206349206349206,0.029893189403168114,0.13030975270262737,-0.0016297465968840876,True
3723,0.1746031746031746,0.9206349206349206,0.05829604799002764,0.13883587208637765,0.001200193438123914,True
3724,0.19047619047619047,0.9206349206349206,0.08828857316578667,0.14424883058765894,0.0030513845182963207,True
3725,0.20634920634920634,0.9206349206349206,0.1188193898382149,0.14661232328665375,0.0037223242347612442,True
3726,0.2222222222222222,0.9206349206349206,0.14904090850955365,0.14625046993087834,0.003152145083961707,True
3727,0.23809523809523808,0.9206349206349206,0.17833773268157044,0.1436056368144376,0.0013961525393478844,True
3728,0.25396825396825395,0.9206349206349206,0.20630887252908248,0.13913738379531518,-0.001418578208309546,True
3729,0.2698412698412698,0.9206349206349206,0.232633571136915,0.13325125118444212,-0.00515707270003899,True
3730,0.2857142857142857,0.9206349206349206,0.25718376000154863,0.12636164043535403,-0.009590568757551099,True
3731,0.30158730158730157,0.9206349206349206,0.2798664519533974,0.11879789977822706,-0.014560941407101742,True
3732,0.31746031746031744,0.9206349206349206,0.30067246761111704,0.11086700133672257,-0.019879941870295688,True
3733,0.3333333333333333,0.9206349206349206,0.31963653853676427,0.10275515673711665,-0.025367574168196922,True
3734,0.3492063492063492,0.9206349206349206,0.33673032840319056,0.09461130148984982,-0.03088366458957171,True
3735,0.36507936507936506,0.9206349206349206,0.35227075899885585,0.0866844768243132,-0.03631306283139318,True
3736,0.38095238095238093,0.9206349206349206,0.36596596915374363,0.07885185121939557,-0.04153210566916394,True
3737,0.3968253968253968,0.9206349206349206,0.37820288339047964,0.07138035333001948,-0.04648400373030792,True
3738,0.4126984126984127,0.9206349206349206,0.3888696747236779,0.06416433353278374,-0.051080372577804185,True
3739,0.42857142857142855,0.9206349206349206,0.3980531520486697,0.05727212668220597,-0.05526944526749522,True
3740,0.4444444444444444,0.9206349206349206,0.4059423648541681,0.05076748607788759,-0.059026627772349564,True
3741,0.4603174603174603,0.9206349206349206,0.41249234479557584,0.0445157917104581,-0.062305670721500096,True
3742,0.47619047619047616,0.9206349206349206,0.4178853772048367,0.03861653156136976,-0.06511040381660345,True
3743,0.49206349206349204,0.9206349206349206,0.42201267548050286,0.03299363495290153,-0.06739558341854456,True
3744,0.5079365079365079,0.9206349206349206,0.4249185211505383,0.027657962687789868,-0.06914737175405282,True
3745,0.5238095238095237,0.9206349206349206,0.4267716708195491,0.022558898900707034,-0.07038714795371043,True
3746,0.5396825396825397,0.9206349206349206,0.42752726477062697,0.017678541647376585,-0.0711003046019802,True
3747,0.5555555555555556,0.9206349206349206,0.4271803323345156,0.012993743115617342,-0.07128297217696553,True
3748,0.5714285714285714,0.9206349206349206,0.42578243587187264,0.008493192808988382,-0.07094586639325746,True
3749,0.5873015873015872,0.9206349206349206,0.42328363081210507,0.004154625451846882,-0.0700776579371886,True
3750,0.6031746031746031,0.9206349206349206,0.4197765840248069,-1.7277293990454323e-05,-0.06870406736338916,True
3751,0.6190476190476191,0.9206349206349206,0.4152331636111676,-0.0040560625333272,-0.06682384092957702,True
3752,0.6349206349206349,0.9206349206349206,0.4096522624974357,-0.007956848558106532,-0.06444505451934654,True
3753,0.6507936507936507,0.9206349206349206,0.4030565507458646,-0.011723398281240003,-0.06158438530828227,True
3754,0.6666666666666666,0.9206349206349206,0.3953993503620886,-0.015393418340177425,-0.05824198047567881,True
3755,0.6825396825396826,0.9206349206349206,0.3867323509538996,-0.01892485518373241,-0.05444850472243711,True
3756,0.6984126984126984,0.9206349206349206,0.3770512827796518,-0.022336038995422906,-0.05021126097494066,True
3757,0.7142857142857142,0.9206349206349206,0.36628306063811905,-0.02568980197114289,-0.045554815440996585,True
3758,0.7301587301587301,0.9206349206349206,0.3545751311753438,-0.028881894421922884,-0.04050376704399853,True
3759,0.746031746031746,0.9206349206349206,0.34182247933192417,-0.03204178723608769,-0.035079328052720696,True
3760,0.7619047619047619,0.9206349206349206,0.32813052844786555,-0.035181762586483804,-0.029310471667737748,True
3761,0.7777777777777777,0.9206349206349206,0.3134356309556414,-0.03835130507252588,-0.02322597761846954,True
3762,0.7936507936507936,0.9206349206349206,0.29782271796000137,-0.041734360831173975,-0.016848575205397773,True
3763,0.8095238095238095,0.9206349206349206,0.2812361840429716,-0.04555761607026593,-0.010200436291018649,True
3764,0.8253968253968254,0.9206349206349206,0.2637873974346818,-0.05011589932359731,-0.0032701704745448368,True
3765,0.8412698412698412,0.9206349206349206,0.2453207447080474,-0.056082434822073764,0.0039459176035878,True
3766,0.8571428571428571,0.9206349206349206,0.22575925539777578,-0.06429314939423864,0.01152626794823894,True
3767,0.873015873015873,0.9206349206349206,0.20494411658527467,-0.07630412360629761,0.019576685503659402,True
3768,0.8888888888888888,0.9206349206349206,0.18239549555197773,-0.09433698071747951,0.028301514527632816,True
3769,0.9047619047619047,0.9206349206349206,0.1574899907761923,-0.12212425174336153,0.03798943625554996,True
3770,0.9206349206349206,0.9206349206349206,0.1291793235848869,-0.1656129947059174,0.04899418693313102,True
3771,0.9365079365079365,0.9206349206349206,0.09578607899620348,-0.23407187839630858,0.0615283514978238,True
3772,0.9523809523809523,0.9206349206349206,0.05504936715276011,-0.34261718061061464,0.07535295719849368,True
3773,0.9682539682539681,0.9206349206349206,0.004200560457164153,-0.5211497539958491,0.08886557104144205,True
3774,0.9841269841269841,0.9206349206349206,-0.031224021806065084,-0.6971133034977738,0.09814895159751166,True
3775,1.0,0.9206349206349206,2.2126757801804585e-06,0.00011797367418653543,0.0980394870891622,True
3776,0.0,0.9365079365079365,-7.683404437088023e-06,7.713462817575212e-05,-0.018460657405868424,True
3777,0.015873015873015872,0.9365079365079365,-0.015374763274924723,0.028478952792688014,-0.01927681580053475,True
3778,0.031746031746031744,0.9365079365079365,-0.04074954556680311,0.04175046114671169,-0.019608723537683174,True
3779,0.047619047619047616,0.9365079365079365,-0.06164755318318214,0.04874495955898333,-0.019501535466663486,True
3780,0.06349206349206349,0.9365079365079365,-0.07483191419154621,0.05474070851601251,-0.018688116034557774,True
3781,0.07936507936507936,0.9365079365079365,-0.0799797366649586,0.06119949572665292,-0.01695288305872317,True
3782,0.09523809523809523,0.9365079365079365,-0.07733005988649798,0.06871809322566526,-0.014260709319382281,True
3783,0.1111111111111111,0.9365079365079365,-0.06741335519732346,0.07719706632694957,-0.01074701050236376,True
3784,0.12698412698412698,0.9365079365079365,-0.05093555865379215,0.0861621884659652,-0.006700176363829373,True
3785,0.14285714285714285,0.9365079365079365,-0.028909673460245575,0.09487422481012621,-0.002514558064132436,True
3786,0.15873015873015872,0.9365079365079365,-0.0024112255683485253,0.10257071367189832,0.0013655063229439763,True
3787,0.1746031746031746,0.9365079365079365,0.027259153574643268,0.10869656112864992,0.004529257081635176,True
3788,0.19047619047619047,0.9365079365079365,0.05887023605599079,0.11290351972542531,0.006674556830845586,True
3789,0.20634920634920634,0.9365079365079365,0.09138873338848584,0.11502315374807436,0.007595145137635895,True
3790,0.2222222222222222,0.9365079365079365,0.12385408592849374,0.11518869381703853,0.0072219394397125625,True
3791,0.23809523809523808,0.9365079365079365,0.15559881142743237,0.11363651126096168,0.005625067009710963,True
3792,0.25396825396825395,0.9365079365079365,0.18614513807666894,0.11062606037140418,0.002888210257709856,True
3793,0.2698412698412698,0.9365079365079365,0.215056858121089,0.10642952064096756,-0.0008155922372409081,True
3794,0.2857142857142857,0.9365079365079365,0.2422816183052356,0.10143989117063144,-0.0052737793958230255,True
3795,0.30158730158730157,0.9365079365079365,0.26753297371298934,0.09580929494260841,-0.010312628029275695,True
3796,0.31746031746031744,0.9365079365079365,0.29076584452245524,0.08978308499136603,-0.015741427553934373,True
3797,0.3333333333333333,0.9365079365079365,0.31205572050471053,0.0835726189312622,-0.021373697916936087,True
3798,0.3492063492063492,0.9365079365079365,0.3313852524493758,0.07730494103020878,-0.027061156573099338,True
3799,0.36507936507936506,0.9365079365079365,0.3488622052290185,0.07109231520224604,-0.03266915368011098,True
3800,0.38095238095238093,0.9365079365079365,0.36454564541863865,0.0650199561029336,-0.03809304904008025,True
3801,0.3968253968253968,0.9365079365079365,0.3784781302793356,0.059139095596119705,-0.04323913345026761,True
3802,0.4126984126984127,0.9365079365079365,0.39073733725967175,0.05349205838677447,-0.04803231031492915,True
3803,0.42857142857142855,0.9365079365079365,0.4014387142412723,0.04805007100998642,-0.052419000751414216,True
3804,0.4444444444444444,0.9365079365079365,0.41070257831623547,0.04293141657371309,-0.05636006928297046,True
3805,0.4603174603174603,0.9365079365079365,0.4184761177705149,0.038007845255895456,-0.059807220965332725,True
3806,0.47619047619047616,0.9365079365079365,0.42502432527887907,0.0333803427113009,-0.06277494835255067,True
3807,0.49206349206349204,0.9365079365079365,0.43023905129444584,0.02897290356260536,-0.06520757211018191,True
3808,0.5079365079365079,0.9365079365079365,0.43421450873687223,0.02480212841661335,-0.0670954972818233,True
3809,0.5238095238095237,0.9365079365079365,0.43705860778871797,0.020818835635830934,-0.06846015074892789,True
3810,0.5396825396825397,0.9365079365079365,0.43879913042526275,0.017066012338099852,-0.06928531611962249,True
3811,0.5555555555555556,0.9365079365079365,0.4393940655879245,0.013414212877345217,-0.06955320110769568,True
3812,0.5714285714285714,0.9365079365079365,0.43903146412832816,0.009995726934729776,-0.06930650631186336,True
3813,0.5873015873015872,0.9365079365079365,0.43760621002844136,0.006673827795215727,-0.06852050418317691,True
3814,0.6031746031746031,0.9365079365079365,0.4352734581579128,0.003520950713668175,-0.0672053133342879,True
3815,0.6190476190476191,0.9365079365079365,0.43187157027205986,0.0004653766054738176,-0.06539304599834429,True
3816,0.6349206349206349,0.9365079365079365,0.4275812011597214,-0.002447164814528881,-0.06307075402847193,True
3817,0.6507936507936507,0.9365079365079365,0.4224079073827924,-0.005260557886767331,-0.06024894303203161,True
3818,0.6666666666666666,0.9365079365079365,0.41635933161264244,-0.00794835865452694,-0.05695307578665876,True
3819,0.6825396825396826,0.9365079365079365,0.40937593188321214,-0.01053870462286518,-0.053196882653321335,True
3820,0.6984126984126984,0.9365079365079365,0.4016042907968844,-0.01303072218379726,-0.04899031819554032,True
3821,0.7142857142857142,0.9365079365079365,0.39294761328348143,-0.01543110324173329,-0.04436157257102796,True
3822,0.7301587301587301,0.9365079365079365,0.3834213673223692,-0.017744265826312798,-0.039328047495127215,True
3823,0.746031746031746,0.9365079365079365,0.37318160771193676,-0.020008612503056713,-0.03390656635088099,True
3824,0.7619047619047619,0.9365079365079365,0.36214809153269073,-0.02228714468011517,-0.028117618678727644,True
3825,0.7777777777777777,0.9365079365079365,0.3504056179340241,-0.02462266246799583,-0.021976843725518638,True
3826,0.7936507936507936,0.9365079365079365,0.3377600318867401,-0.027140830323773128,-0.015493015722478753,True
3827,0.8095238095238095,0.9365079365079365,0.32444314138946173,-0.03006823785345699,-0.008648451799230844,True
3828,0.8253968253968254,0.9365079365079365,0.31009953049607625,-0.03371988490340771,-0.001418914627812044,True
3829,0.8412698412698412,0.9365079365079365,0.294847849813501,-0.03861866252090582,0.006287140343457503,True
3830,0.8571428571428571,0.9365079365079365,0.27812729931336005,-0.04550129247824701,0.014600592874434576,True
3831,0.873015873015873,0.9365079365079365,0.2598317144840693,-0.05574164650079698,0.0237792512977663,True
3832,0.8888888888888888,0.9365079365079365,0.2389991617620072,-0.07133172585423592,0.034175015359526384,True
3833,0.9047619047619047,0.9365079365079365,0.21456868048102684,-0.0956084279232606,0.04631790527119108,True
3834,0.9206349206349206,0.9365079365079365,0.18466903571411405,-0.13375645533956948,0.060910188048200316,True
3835,0.9365079365079365,0.9365079365079365,0.14677470390486017,-0.19442108483029813,0.07858793633367107,True
3836,0.9523809523809523,0.9365079365079365,0.0976646428042715,-0.29223260661557343,0.09923306718439967,True
3837,0.9682539682539681,0.9365079365079365,0.03353262953843843,-0.45739655510747557,0.12051799411661958,True
3838,0.9841269841269841,0.9365079365079365,-0.027809017028824278,-0.6922728013689139,0.13619145865784493,True
3839,1.0,0.9365079365079365,7.003025103485607e-06,0.0004196756312697776,0.13754006588960754,True
3840,0.0,0.9523809523809523,-1.5563446385098039e-06,-6.013240458562574e-05,-0.01939375099749806,True
3841,0.015873015873015872,0.9523809523809523,-0.028679680722652614,0.061329881686644994,-0.020759819841925688,True
3842,0.031746031746031744,0.9523809523809523,-0.06734803841937342,0.07083689196238852,-0.020940453171203428,True
3843,0.047619047619047616,0.9523809523809523,-0.09419675203366189,0.06807610484437392,-0.02044887515322004,True
3844,0.06349206349206349,0.9523809523809523,-0.10918032499948324,0.06446984113132953,-0.019083999895018376,True
3845,0.07936507936507936,0.9523809523809523,-0.11432015949760888,0.06233248016166655,-0.01672862299292343,True
3846,0.09523809523809523,0.9523809523809523,-0.11083846388123887,0.061953578930031165,-0.01340582133724268,True
3847,0.1111111111111111,0.9523809523809523,-0.09999513132818667,0.06344475915337243,-0.009325456148567139,True
3848,0.12698412698412698,0.9523809523809523,-0.08262921160216134,0.0662676103446063,-0.0047978958056459535,True
3849,0.14285714285714285,0.9523809523809523,-0.05967315974567353,0.06990875497623053,-0.0002366834844950369,True
3850,0.15873015873015872,0.9523809523809523,-0.032241495555146535,0.07374327509664234,0.003928763182595119,True
3851,0.1746031746031746,0.9523809523809523,-0.0017070933648873031,0.0772405473902981,0.007322446769118053,True
3852,0.19047619047619047,0.9523809523809523,0.03112912969173673,0.07991658582485565,0.009630973495989,True
3853,0.20634920634920634,0.9523809523809523,0.06501022412918428,0.0815743320011786,0.010691987172853386,True
3854,0.2222222222222222,0.9523809523809523,0.0991642320403975,0.08203203848457283,0.010434721079202106,True
3855,0.23809523809523808,0.9523809523809523,0.13279389515692575,0.081372735421938,0.008910261313517836,True
3856,0.25396825396825395,0.9523809523809523,0.16540534873137214,0.07971414013871884,0.006221326560340517,True
3857,0.2698412698412698,0.9523809523809523,0.19654666173848995,0.07719225531175916,0.002536024510569188,True
3858,0.2857142857142857,0.9523809523809523,0.226094377925361,0.07402943528073569,-0.001951573928599863,True
3859,0.30158730158730157,0.9523809523809523,0.25366379041617504,0.07034847080255492,-0.007042148005953859,True
3860,0.31746031746031744,0.9523809523809523,0.2793306498146033,0.06631578101667052,-0.012548150188938333,True
3861,0.3333333333333333,0.9523809523809523,0.3030102183208956,0.06206979355879315,-0.01828761018842106,True
3862,0.3492063492063492,0.9523809523809523,0.3247884513751678,0.05778615430879804,-0.02410216305132532,True
3863,0.36507936507936506,0.9523809523809523,0.34455951058053386,0.05341352541560309,-0.0298503903680167,True
3864,0.38095238095238093,0.9523809523809523,0.36264927372929806,0.04915323480265067,-0.03541984553510999,True
3865,0.3968253968253968,0.9523809523809523,0.37874490947071343,0.04498802079729037,-0.04072068185281211,True
3866,0.4126984126984127,0.9523809523809523,0.3932294398790772,0.04095579007850831,-0.04566672554815727,True
3867,0.42857142857142855,0.9523809523809523,0.4062031360437809,0.03710547599652572,-0.0501991620624303,True
3868,0.4444444444444444,0.9523809523809523,0.4175334627822115,0.03340155707892418,-0.054281570436785345,True
3869,0.4603174603174603,0.9523809523809523,0.4274735671772024,0.029912965887713257,-0.057882962755655125,True
3870,0.47619047619047616,0.9523809523809523,0.43607987754747973,0.026582454730249255,-0.06096630603435552,True
3871,0.49206349206349204,0.9523809523809523,0.44360660003327945,0.02340512155470732,-0.06350709548424856,True
3872,0.5079365079365079,0.9523809523809523,0.44970250133751904,0.020407725968481557,-0.06552841693554683,True
3873,0.5238095238095237,0.9523809523809523,0.45483264445206584,0.017547895251263705,-0.06699049807006277,True
3874,0.5396825396825397,0.9523809523809523,0.4589585947967005,0.014801667038190521,-0.0678905602588614,True
3875,0.5555555555555556,0.9523809523809523,0.4619265960308378,0.012238599262394215,-0.06826684862628525,True
3876,0.5714285714285714,0.9523809523809523,0.4639589853645316,0.009752596419644498,-0.06808336191523458,True
3877,0.5873015873015872,0.9523809523809523,0.46511242896350047,0.007415705244956514,-0.06736987891471267,True
3878,0.6031746031746031,0.9523809523809523,0.4653439677426392,0.005178912536209554,-0.0661238670289652,True
3879,0.6190476190476191,0.9523809523809523,0.4645793484789639,0.003013734009093424,-0.06435749049059979,True
3880,0.6349206349206349,0.9523809523809523,0.46314201790740345,0.0009897663856279777,-0.06208486582300758,True
3881,0.6507936507936507,0.9523809523809523,0.4607478788071196,-0.0009768050637069038,-0.05931382627112129,True
3882,0.6666666666666666,0.9523809523809523,0.45760297920273313,-0.0028340477782473066,-0.05606301840845183,True
3883,0.6825396825396826,0.9523809523809523,0.45360197778185213,-0.004614433350518126,-0.0523467427607166,True
3884,0.6984126984126984,0.9523809523809523,0.44902292842709585,-0.006329609038089441,-0.048172120386181495,True
3885,0.7142857142857142,0.9523809523809523,0.44355946301023585,-0.007962125625807349,-0.04357209791411261,True
3886,0.7301587301587301,0.9523809523809523,0.4373632752554841,-0.009527928774781867,-0.03855735396651795,True
3887,0.746031746031746,0.9523809523809523,0.43051814097017227,-0.01106602027087476,-0.03314054676980978,True
3888,0.7619047619047619,0.9523809523809523,0.4230070691213748,-0.012613517824070487,-0.027334408438126675,True
3889,0.7777777777777777,0.9523809523809523,0.4147589577590038,-0.014211886830033679,-0.021143480506414906,True
3890,0.7936507936507936,0.9523809523809523,0.4058092388328946,-0.0159820096618704,-0.014553100563540542,True
3891,0.8095238095238095,0.9523809523809523,0.3960614155837936,-0.01807521772593535,-0.007526727920291004,True
3892,0.8253968253968254,0.9523809523809523,0.38538668584589125,-0.020745324902956417,1.5225456969223833e-05,True
3893,0.8412698412698412,0.9523809523809523,0.37364144879936717,-0.024405988661554794,0.0082200195653518,True
3894,0.8571428571428571,0.9523809523809523,0.3601240827032505,-0.029649300580500262,0.01730828118119999,True
3895,0.873015873015873,0.9523809523809523,0.34452755068241503,-0.0375341445342055,0.027687130466642503,True
3896,0.8888888888888888,0.9523809523809523,0.3256785309747816,-0.04963609795974852,0.03995548289961672,True
3897,0.9047619047619047,0.9523809523809523,0.3019072818092455,-0.06860952430256233,0.054996361052967686,True
3898,0.9206349206349206,0.9523809523809523,0.27058888656244046,-0.09892604707114482,0.07396537282870892,True
3899,0.9365079365079365,0.9523809523809523,0.22773555074120932,-0.14788343245776606,0.09840228350682785,True
3900,0.9523809523809523,0.9523809523809523,0.16779075068246158,-0.22922135543784422,0.12887598188577334,True
3901,0.9682539682539681,0.9523809523809523,0.08435364104214878,-0.3731100055619815,0.16320511648662064,True
3902,0.9841269841269841,0.9523809523809523,-0.016047221552974982,-0.6497296626176108,0.19103708445549386,True
3903,1.0,0.9523809523809523,5.420792791448162e-06,0.00042028189134800354,0.19552744577183703,True
3904,0.0,0.9682539682539681,2.2561462924306303e-05,-0.0006373369099543124,-0.024376612784999297,True
3905,0.015873015873015872,0.9682539682539681,-0.05190596860910845,0.11369111606623894,-0.02628600066296571,True
3906,0.031746031746031744,0.9682539682539681,-0.09716241689253098,0.10414085040092158,-0.02504421271726004,True
3907,0.047619047619047616,0.9682539682539681,-0.11522081897080594,0.08500223542462956,-0.023213553948513377,True
3908,0.06349206349206349,0.9682539682539681,-0.11884712186633686,0.07022419623829632,-0.020743286327024574,True
3909,0.07936507936507936,0.9682539682539681,-0.11365158311825195,0.059551240753415745,-0.017447389836718834,True
3910,0.09523809523809523,0.9682539682539681,-0.1019704945989173,0.05214895045391992,-0.013333887684034046,True
3911,0.1111111111111111,0.9682539682539681,-0.0857375418159462,0.04753674945167746,-0.008606841503116372,True
3912,0.12698412698412698,0.9682539682539681,-0.06517068550802925,0.04510078435227953,-0.0035827004429546004,True
3913,0.14285714285714285,0.9682539682539681,-0.040898875810628156,0.044279607472598535,0.0013401424174412056,True
3914,0.15873015873015872,0.9682539682539681,-0.013178372383785924,0.044583057375137826,0.005747766215228191,True
3915,0.1746031746031746,0.9682539682539681,0.016810710289567755,0.045450340646982355,0.009291686221147242,True
3916,0.19047619047619047,0.9682539682539681,0.0491937298324807,0.04649195241572025,0.011693458220909225,True
3917,0.20634920634920634,0.9682539682539681,0.08231400893398491,0.04732278902714622,0.012822536709311065,True
3918,0.2222222222222222,0.9682539682539681,0.11610575716290855,0.04777971000560664,0.012623792883414036,True
3919,0.23809523809523808,0.9682539682539681,0.15018968233960153,0.04772674196919869,0.011126000349827215,True
3920,0.25396825396825395,0.9682539682539681,0.18349289828485968,0.04712166963654233,0.008466676643391055,True
3921,0.2698412698412698,0.9682539682539681,0.21587916282965883,0.04601116033217047,0.004792204285760467,True
3922,0.2857142857142857,0.9682539682539681,0.2470366177751202,0.04448374847211998,0.00030078107846608624,True
3923,0.30158730158730157,0.9682539682539681,0.27667725227930406,0.04259043046538154,-0.0048156604654370876,True
3924,0.31746031746031744,0.9682539682539681,0.3043100071944879,0.0404312492147669,-0.010352206340218904,True
3925,0.3333333333333333,0.9682539682539681,0.33062133663704446,0.038077607882563,-0.016146848644054253,True
3926,0.3492063492063492,0.9682539682539681,0.3549730611140777,0.0356231539141008,-0.022028237112595904,True
3927,0.36507936507936506,0.9682539682539681,0.37787688128121466,0.03309803997415675,-0.027858208105329796,True
3928,0.38095238095238093,0.9682539682539681,0.3988937892455494,0.030572308329337272,-0.03351976535793343,True
3929,0.3968253968253968,0.9682539682539681,0.4181623875737188,0.028123352537184735,-0.0389157931619232,True
3930,0.4126984126984127,0.9682539682539681,0.4359110701551553,0.025662329897041494,-0.043962253466604796,True
3931,0.42857142857142855,0.9682539682539681,0.45207445313499567,0.023332587642477032,-0.048604737632186104,True
3932,0.4444444444444444,0.9682539682539681,0.46710178943874536,0.021108416749150934,-0.052784553980212555,True
3933,0.4603174603174603,0.9682539682539681,0.48037662020217003,0.018904548127015315,-0.0564734892826357,True
3934,0.47619047619047616,0.9682539682539681,0.49236576081064276,0.01688564259929572,-0.05965444956233502,True
3935,0.49206349206349204,0.9682539682539681,0.503189648233288,0.014918696315035576,-0.06228866927564363,True
3936,0.5079365079365079,0.9682539682539681,0.5127187834221473,0.013066333097552917,-0.0643812254649054,True
3937,0.5238095238095237,0.9682539682539681,0.5208326700882583,0.01131055153368084,-0.06592668771684827,True
3938,0.5396825396825397,0.9682539682539681,0.5283601353156573,0.009635350616588701,-0.06689094593800672,True
3939,0.5555555555555556,0.9682539682539681,0.5342922189663619,0.008064987272378843,-0.06732942697834203,True
3940,0.5714285714285714,0.9682539682539681,0.5393931304231407,0.006580809609554908,-0.06721045551688179,True
3941,0.5873015873015872,0.9682539682539681,0.5437468144960936,0.005180136362874055,-0.06653939670907714,True
3942,0.6031746031746031,0.9682539682539681,0.5467162035270611,0.0038074109257887016,-0.06534816183648602,True
3943,0.6190476190476191,0.9682539682539681,0.5490497751373866,0.002575568319128156,-0.06363218267752034,True
3944,0.6349206349206349,0.9682539682539681,0.550567065556631,0.0013579226929317219,-0.06139321495301868,True
3945,0.6507936507936507,0.9682539682539681,0.5510988723539714,0.00023156536704975375,-0.05866549117773906,True
3946,0.6666666666666666,0.9682539682539681,0.5507940583828721,-0.0008529084341530485,-0.05545020138748478,True
3947,0.6825396825396826,0.9682539682539681,0.5497666120830974,-0.001864080894213598,-0.05176499464853369,True
3948,0.6984126984126984,0.9682539682539681,0.5480790209957608,-0.002833418618470755,-0.04762183020764881,True
3949,0.7142857142857142,0.9682539682539681,0.5456295419254188,-0.003743767009635818,-0.043043042248984274,True
3950,0.7301587301587301,0.9682539682539681,0.5422949043577209,-0.004615806928792908,-0.038046691729936175,True
3951,0.746031746031746,0.9682539682539681,0.5384613855304082,-0.005469573934240459,-0.03263248251644148,True
3952,0.7619047619047619,0.9682539682539681,0.5339655009794751,-0.006321181523000688,-0.026810546786438537,True
3953,0.7777777777777777,0.9682539682539681,0.5287270404248854,-0.0072221859228243914,-0.020572890199097565,True
3954,0.7936507936507936,0.9682539682539681,0.5227114001175625,-0.008230417844152328,-0.013890869931142042,True
3955,0.8095238095238095,0.9682539682539681,0.5159504721747031,-0.0094547961941541,-0.006695678277152587,True
3956,0.8253968253968254,0.9682539682539681,0.5081395009710296,-0.011064337674325027,0.001124033536831968,True
3957,0.8412698412698412,0.9682539682539681,0.4992209832796083,-0.013312614892246813,0.009788157619748624,True
3958,0.8571428571428571,0.9682539682539681,0.4885147897517919,-0.01664485007927936,0.019610989243193173,True
3959,0.873015873015873,0.9682539682539681,0.4752910783885899,-0.021660553651960655,0.03115137576394154,True
3960,0.8888888888888888,0.9682539682539681,0.45835814442507106,-0.02947237304150159,0.04524859853142032,True
3961,0.9047619047619047,0.9682539682539681,0.43562327825344094,-0.04180327914454248,0.06319621176479738,True
3962,0.9206349206349206,0.9682539682539681,0.40372141197113925,-0.061603406711947035,0.08690694471313301,True
3963,0.9365079365079365,0.9682539682539681,0.35720996730328863,-0.09419751443403528,0.11906154001099506,True
3964,0.9523809523809523,0.9682539682539681,0.28702300053322594,-0.15086112479873304,0.1624039698104421,True
3965,0.9682539682539681,0.9682539682539681,0.17901973527622506,-0.2585830225024883,0.21796321578219607,True
3966,0.9841269841269841,0.9682539682539681,0.02027931324043348,-0.534570432812653,0.2729105652490758,True
3967,1.0,0.9682539682539681,0.00010398923028578856,0.0014358617718733422,0.287289333959806,True
3968,0.0,0.9841269841269841,0.0010526369807354393,0.00012917746827294864,-0.04392675205204154,True
3969,0.015873015873015872,0.9841269841269841,-0.09118536379502226,0.16821783917946945,-0.04060098757501768,True
3970,0.031746031746031744,0.9841269841269841,-0.05989088223293692,0.1036537520414043,-0.03069009375015852,True
3971,0.047619047619047616,0.9841269841269841,-0.00495190318737685,0.06837230446984477,-0.025702429533069546,True
3972,0.06349206349206349,0.9841269841269841,0.04585375473627552,0.048599826341124586,-0.021799588624486003,True
3973,0.07936507936507936,0.9841269841269841,0.09085222312948212,0.036285888579298826,-0.017713664252747622,True
3974,0.09523809523809523,0.9841269841269841,0.1299555583493835,0.028202480060256562,-0.013104838112753944,True
3975,0.1111111111111111,0.9841269841269841,0.16258001365894192,0.022922001123329674,-0.008047737714524019,True
3976,0.12698412698412698,0.9841269841269841,0.19241673773280352,0.019545500658217373,-0.002800346172010263,True
3977,0.14285714285714285,0.9841269841269841,0.2196203798180829,0.01753114751171402,0.0022638234749947058,True
3978,0.15873015873015872,0.9841269841269841,0.246208259412958,0.016489086259251197,0.006757415722049432,True
3979,0.1746031746031746,0.9841269841269841,0.27254536797822476,0.01608126848144149,0.010349077019779837,True
3980,0.19047619047619047,0.9841269841269841,0.29892193663508515,0.01603994999510209,0.012794621827142773,True
3981,0.20634920634920634,0.9841269841269841,0.3257361545940286,0.016146059212381773,0.013954655387174983,True
3982,0.2222222222222222,0.9841269841269841,0.3532827595027262,0.01626985859552865,0.013781503285926713,True
3983,0.23809523809523808,0.9841269841269841,0.3801145189348828,0.01627068323963592,0.01234374672928084,True
3984,0.25396825396825395,0.9841269841269841,0.40740610577305236,0.016134307622179978,0.00972718916502327,True
3985,0.2698412698412698,0.9841269841269841,0.4342440248653909,0.015835974933297657,0.00609503908030933,True
3986,0.2857142857142857,0.9841269841269841,0.46071552957614265,0.015337211562698336,0.0016388667171393706,True
3987,0.30158730158730157,0.9841269841269841,0.4858372632659914,0.014740336954640816,-0.0034562972690439973,True
3988,0.31746031746031744,0.9841269841269841,0.510319964947115,0.013986355621962676,-0.008994166061553326,True
3989,0.3333333333333333,0.9841269841269841,0.53344629435583,0.013159371687015968,-0.014796818937213026,True
3990,0.3492063492063492,0.9841269841269841,0.5551813721141363,0.012272661558707447,-0.020701446461535922,True
3991,0.36507936507936506,0.9841269841269841,0.5757056639913064,0.01137723017257804,-0.02656571046404772,True
3992,0.38095238095238093,0.9841269841269841,0.5945326278342034,0.010438534619990574,-0.0322733095529801,True
3993,0.3968253968253968,0.9841269841269841,0.6121347717083623,0.009515218653344818,-0.0377185536372422,True
3994,0.4126984126984127,0.9841269841269841,0.6281685583516472,0.008638291134770878,-0.042822845328835096,True
3995,0.42857142857142855,0.9841269841269841,0.6430208720454863,0.007758891748506342,-0.0475185626825123,True
3996,0.4444444444444444,0.9841269841269841,0.6564763708553504,0.006947951835401038,-0.05175597747732349,True
3997,0.4603174603174603,0.9841269841269841,0.6685236168021196,0.006161425425669739,-0.05550282005338631,True
3998,0.47619047619047616,0.9841269841269841,0.6791105444484559,0.0054156345985407655,-0.058741836967612086,True
3999,0.49206349206349204,0.9841269841269841,0.68862564307579,0.004692106967775288,-0.06144410015528314,True
4000,0.5079365079365079,0.9841269841269841,0.6971009073495937,0.0040526116890230455,-0.06358355007564352,True
4001,0.5238095238095237,0.9841269841269841,0.7045223384163743,0.003431444689968721,-0.06516346608001052,True
4002,0.5396825396825397,0.9841269841269841,0.7106566608722749,0.0028433173794120484,-0.06620459011391425,True
4003,0.5555555555555556,0.9841269841269841,0.7160346108779698,0.0023026990883882443,-0.06667542979918918,True
4004,0.5714285714285714,0.9841269841269841,0.7206170835679669,0.0018032922087953785,-0.06658547837905325,True
4005,0.5873015873015872,0.9841269841269841,0.7240185087174767,0.0013223108942394938,-0.06597601958450167,True
4006,0.6031746031746031,0.9841269841269841,0.7268078739114074,0.0008798776688295923,-0.06481638694043296,True
4007,0.6190476190476191,0.9841269841269841,0.7289295248487578,0.0004765604506137874,-0.0631236184114903,True
4008,0.6349206349206349,0.9841269841269841,0.7301869900705092,7.754178373395958e-05,-0.06092992439094996,True
4009,0.6507936507936507,0.9841269841269841,0.7307778503149718,-0.0002669550646827357,-0.058230598711599656,True
4010,0.6666666666666666,0.9841269841269841,0.7307282452808479,-0.0006090793815271392,-0.05504750875056834,True
4011,0.6825396825396826,0.9841269841269841,0.730049193713483,-0.0009195154220244872,-0.051392959371707486,True
4012,0.6984126984126984,0.9841269841269841,0.7287827492587577,-0.0012045254176397857,-0.04728351081881439,True
4013,0.7142857142857142,0.9841269841269841,0.7270707173026184,-0.0014785189266699908,-0.04272810117005168,True
4014,0.7301587301587301,0.9841269841269841,0.725008287418017,-0.0017342738697231125,-0.037738978592698216,True
4015,0.746031746031746,0.9841269841269841,0.7221320779627279,-0.001984310765841759,-0.03234134907405714,True
4016,0.7619047619047619,0.9841269841269841,0.7190493268044118,-0.002241604290939161,-0.026511800075061286,True
4017,0.7777777777777777,0.9841269841269841,0.71533739332788,-0.0025143273120621064,-0.020248780132384254,True
4018,0.7936507936507936,0.9841269841269841,0.7110149503489872,-0.002842916903126652,-0.013506190044853072,True
4019,0.8095238095238095,0.9841269841269841,0.706165459759728,-0.0032742354234308307,-0.0061962580719028175,True
4020,0.8253968253968254,0.9841269841269841,0.7006140085460514,-0.0038640066933946313,0.0018333268323017747,True
4021,0.8412698412698412,0.9841269841269841,0.6939247114611141,-0.004727356325876843,0.010826279080865633,True
4022,0.8571428571428571,0.9841269841269841,0.6857692640847546,-0.006052642746609521,0.021205901093526425,True
4023,0.873015873015873,0.9841269841269841,0.6751188574813068,-0.008085697741447776,0.033607536801234274,True
4024,0.8888888888888888,0.9841269841269841,0.660978049156857,-0.011258238375666777,0.04910335108909756,True
4025,0.9047619047619047,0.9841269841269841,0.641048758205411,-0.016328638963419306,0.06927673006108065,True
4026,0.9206349206349206,0.9841269841269841,0.6120746374467587,-0.02443264555073089,0.09667776729260415,True
4027,0.9365079365079365,0.9841269841269841,0.568225901963879,-0.037798091312786504,0.13516617624222835,True
4028,0.9523809523809523,0.9841269841269841,0.49885636776352305,-0.061379617841538024,0.19075728916780943,True
4029,0.9682539682539681,0.9841269841269841,0.3817544761384693,-0.11181750564785069,0.2727370137539651,True
4030,0.9841269841269841,0.9841269841269841,0.1558258426844971,-0.28876606788606113,0.39325016452203854,True
4031,1.0,0.9841269841269841,0.0002889685873614916,-8.256444724272928e-05,0.46619520135456616,True
4032,0.0,1.0,0.0,0.0,-0.421343138007747,True
4033,0.015873015873015872,1.0,0.9923107231112948,-0.00030979282372892977,-0.018177700910341776,True
4034,0.031746031746031744,1.0,1.0008211426996478,-0.00018687194805619493,-0.022143158136916963,True
4035,0.047619047619047616,1.0,1.0008110980909384,-3.079714696626959e-05,-0.020194342754065852,True
4036,0.06349206349206349,1.0,0.9996893440948698,-2.364020581674443e-05,-0.018077066285526737,True
4037,0.07936507936507936,1.0,0.9997699967786255,-9.967023015942233e-06,-0.01504044446917714,True
4038,0.09523809523809523,1.0,0.9996779888287342,-1.1163691728526007e-05,-0.011107137591158972,True
4039,0.1111111111111111,1.0,1.0000186597494276,-7.585369321855541e-06,-0.006502060559089961,True
4040,0.12698412698412698,1.0,0.9999098642745747,-3.752449031560973e-06,-0.0015788958127146001,True
4041,0.14285714285714285,1.0,1.000069902560275,-2.6356107214166242e-06,0.0032565580374428536,True
4042,0.15873015873015872,1.0,1.0002874287262078,1.8812412007024265e-06,0.007601069086230442,True
4043,0.1746031746031746,1.0,0.9999046579220063,-8.725830362202999e-07,0.011102376301020246,True
4044,0.19047619047619047,1.0,0.999842885466322,3.0694776428076883e-06,0.013511689546587059,True
4045,0.20634920634920634,1.0,1.0000324794249842,3.9784354802516405e-07,0.014658873999250997,True
4046,0.2222222222222222,1.0,1.000303424900976,1.4757685817242311e-06,0.014508239213644608,True
4047,0.23809523809523808,1.0,0.99981481825878,8.437369800918506e-07,0.013077156401610827,True
4048,0.25396825396825395,1.0,1.0000346062154228,1.3549023470227184e-06,0.010496904658198308,True
4049,0.2698412698412698,1.0,1.0000485094359357,7.976012137789254e-06,0.006885869489054314,True
4050,0.2857142857142857,1.0,1.0002109678366926,1.6560944103379303e-06,0.002444702133581796,True
4051,0.30158730158730157,1.0,0.9997933537529753,-2.1834810239416404e-06,-0.002636960558578096,True
4052,0.31746031746031744,1.0,0.9999986421758132,1.971129559462084e-06,-0.008177700101378593,True
4053,0.3333333333333333,1.0,0.9999521949371633,1.900719311400358e-06,-0.013992425152514998,True
4054,0.3492063492063492,1.0,1.000276890616738,7.445653431894643e-07,-0.019918126051168855,True
4055,0.36507936507936506,1.0,0.9998357214196277,-6.582712359627729e-07,-0.025811108334851434,True
4056,0.38095238095238093,1.0,1.0001245149251619,3.99945663891623e-06,-0.03155166961831449,True
4057,0.3968253968253968,1.0,1.0001225091409018,9.315563278829678e-08,-0.03702910649243046,True
4058,0.4126984126984127,1.0,0.9999343471950618,7.659060413140456e-07,-0.042170205373655914,True
4059,0.42857142857142855,1.0,0.9999562165761137,3.31098220331051e-06,-0.04691777567779295,True
4060,0.4444444444444444,1.0,1.0001501533668435,-1.7115898789858608e-06,-0.05119954643514903,True
4061,0.4603174603174603,1.0,0.999905258441015,-3.374672328918419e-07,-0.0549934482409113,True
4062,0.47619047619047616,1.0,1.0000479532032023,1.2657590801842746e-06,-0.058272221774334866,True
4063,0.49206349206349204,1.0,1.0000512742811885,-1.1691333901003662e-07,-0.060995104465493714,True
4064,0.5079365079365079,1.0,0.9999769228023541,-2.605645124901397e-07,-0.06318036258477229,True
4065,0.5238095238095237,1.0,1.0000195744277842,1.0150142317557036e-06,-0.0648068464742137,True
4066,0.5396825396825397,1.0,1.0000047046694005,-1.4580535739814324e-06,-0.06587689782362695,True
4067,0.5555555555555556,1.0,1.0000187324597416,-7.304182355876211e-07,-0.06637888376110183,True
4068,0.5714285714285714,1.0,1.0000003100450356,-4.915192773333948e-07,-0.06632149455915715,True
4069,0.5873015873015872,1.0,0.9999958652550552,-6.838797238504926e-07,-0.06573073432515604,True
4070,0.6031746031746031,1.0,0.9999907540137494,-1.1702942871724127e-07,-0.06460990569976748,True
4071,0.6190476190476191,1.0,0.9999979719322138,-1.1322554014316603e-06,-0.06295286927451739,True
4072,0.6349206349206349,1.0,0.9999664962025929,-5.531751133844825e-07,-0.060772335835532446,True
4073,0.6507936507936507,1.0,1.0000119073453906,-6.848173371587954e-07,-0.05810348081902324,True
4074,0.6666666666666666,1.0,0.9999687412827317,-6.277455976141588e-07,-0.054942092002639595,True
4075,0.6825396825396826,1.0,0.9999717159265868,-6.060983300032029e-07,-0.051308049717358854,True
4076,0.6984126984126984,1.0,0.9999625241248097,-5.278532762747752e-07,-0.047218825190442626,True
4077,0.7142857142857142,1.0,0.9999252153507755,-3.29541832374984e-07,-0.04268095319816839,True
4078,0.7301587301587301,1.0,0.9999939397907048,-5.239281570308597e-07,-0.037710802153808,True
4079,0.746031746031746,1.0,0.99996906760394,-3.7227039580424724e-07,-0.03232372522954919,True
4080,0.7619047619047619,1.0,0.9999280690199343,-2.350150308391646e-07,-0.026502816343046687,True
4081,0.7777777777777777,1.0,1.000016889273,-2.0514623307241163e-07,-0.020242308946733345,True
4082,0.7936507936507936,1.0,0.9999638463536008,-2.4048076111029216e-07,-0.013484927885947545,True
4083,0.8095238095238095,1.0,0.9999723635809635,-1.7381754316784692e-06,-0.0061452560422915765,True
4084,0.8253968253968254,1.0,0.9999320863470108,-8.29157468823499e-07,0.0019307849560067196,True
4085,0.8412698412698412,1.0,0.9999033998544301,-5.301658309904216e-07,0.01101444244787275,True
4086,0.8571428571428571,1.0,0.9999592246906327,-1.4423825390931972e-06,0.021521374564189767,True
4087,0.873015873015873,1.0,0.9999247777773321,-6.264536990402745e-07,0.034167810175358505,True
4088,0.8888888888888888,1.0,0.9998863407741421,2.284737605168465e-06,0.05000522630468084,True
4089,0.9047619047619047,1.0,0.9997851618740371,-8.572480083911323e-07,0.07077669139195772,True
4090,0.9206349206349206,1.0,0.9999508877577958,5.275163436518365e-06,0.09910229964760228,True
4091,0.9365079365079365,1.0,0.9998980926444712,1.2697373500444518e-05,0.13920069932802165,True
4092,0.9523809523809523,1.0,0.9993162673657044,9.692651735485437e-06,0.19818523140290376,True
4093,0.9682539682539681,1.0,1.0004268111717587,8.230730300790215e-05,0.29057950336483596,True
4094,0.9841269841269841,1.0,0.9896499903770868,-0.00014323138283555857,0.46855081146646516,True
4095,1.0,1.0,0.0,0.0,1.9168916854618363,True
