,x,y,u (m/s),v (m/s),p (Pa),mask
0,0.0,0.0,0.0,0.0,0.0,True
1,0.015873015873015872,0.0,-2.5607471771184236e-07,1.4685590120492903e-08,1.742794621252304e-05,True
2,0.031746031746031744,0.0,-1.1082818375968733e-06,-8.099110356227527e-09,9.658329715056588e-06,True
3,0.047619047619047616,0.0,4.0460131488878074e-08,-1.6002797385880483e-08,-4.9327235012564494e-05,True
4,0.06349206349206349,0.0,1.2066834408790496e-07,-1.4044123507917693e-09,-0.00015402533515349194,True
5,0.07936507936507936,0.0,8.444788355594441e-08,2.6254857531723232e-08,-0.00029461960933858575,True
6,0.09523809523809523,0.0,1.7563338094033688e-07,-4.851576871752181e-09,-0.0004627988747432719,True
7,0.1111111111111111,0.0,1.4316667204817855e-07,-1.621330540863712e-08,-0.00065212432262481,True
8,0.12698412698412698,0.0,8.088702014922176e-08,-7.380561856939339e-09,-0.0008584659102597073,True
9,0.14285714285714285,0.0,-1.635752779965629e-06,6.288128475252152e-09,-0.0010790265652193061,True
10,0.15873015873015872,0.0,-4.660635780476462e-06,4.152771933418205e-08,-0.0013120432193837375,True
11,0.1746031746031746,0.0,1.6034999257135668e-06,-1.8511840245979707e-08,-0.0015564864608335477,True
12,0.19047619047619047,0.0,6.785103388431746e-06,-8.076406167056879e-08,-0.0018110978121670702,True
13,0.20634920634920634,0.0,8.28490097246019e-07,-3.389521953868216e-08,-0.002074390295821147,True
14,0.2222222222222222,0.0,-5.681384549765884e-06,1.2905817475925255e-07,-0.0023445572328976367,True
15,0.23809523809523808,0.0,5.450613546289218e-06,-1.4095736651853167e-07,-0.0026191504227829347,True
16,0.25396825396825395,0.0,-1.190813746462389e-06,-7.429604762217835e-09,-0.0028944908639051367,True
17,0.2698412698412698,0.0,6.336803608839731e-06,-3.000176686354786e-08,-0.0031666474330361407,True
18,0.2857142857142857,0.0,-1.852211174914361e-06,2.7214184087929776e-07,-0.003430425043728323,True
19,0.30158730158730157,0.0,9.884979802883986e-06,-2.3416395936548451e-07,-0.003680834743744025,True
20,0.31746031746031744,0.0,1.2584842459197277e-06,5.469105320866538e-09,-0.003910562764981274,True
21,0.3333333333333333,0.0,2.9344045924775457e-06,-7.4228888857118965e-09,-0.004113259300671171,True
22,0.3492063492063492,0.0,-6.131713401140476e-06,1.3105844894312385e-07,-0.004281989450227383,True
23,0.36507936507936506,0.0,1.9897297350459847e-06,-2.826832520956297e-07,-0.004409940873476241,True
24,0.38095238095238093,0.0,-3.7232532609748064e-06,5.647593928691096e-08,-0.00448938993814774,True
25,0.3968253968253968,0.0,-1.4422851204601511e-05,-1.0062560760949936e-07,-0.00451397690455054,True
26,0.4126984126984127,0.0,2.0344243617151402e-05,1.4995017469050132e-07,-0.00448145052200771,True
27,0.42857142857142855,0.0,-1.792283687288872e-05,-1.3399273980809194e-07,-0.004386321417079656,True
28,0.4444444444444444,0.0,1.5365947291106877e-05,1.1827086914154135e-07,-0.004227657402262831,True
29,0.4603174603174603,0.0,-1.1399849376841177e-05,-1.047562106428389e-07,-0.004007073744487287,True
30,0.47619047619047616,0.0,7.275081734104143e-06,1.340529525081663e-07,-0.0037278450260382597,True
31,0.49206349206349204,0.0,-4.3574631419511056e-06,-1.1580508939774323e-08,-0.00339752081653921,True
32,0.5079365079365079,0.0,2.5218683773637984e-06,-1.483583856730299e-07,-0.00302320683506474,True
33,0.5238095238095237,0.0,-8.654879097959206e-06,2.857562698578093e-07,-0.002621522648536131,True
34,0.5396825396825397,0.0,1.2568799838989956e-05,-3.5143649309436054e-07,-0.0022063859554702367,True
35,0.5555555555555556,0.0,-1.6246379831497628e-05,2.8861023966648354e-07,-0.0017934106497817,True
36,0.5714285714285714,0.0,1.9197808753014282e-05,-2.8531182449850573e-07,-0.0014029278121910685,True
37,0.5873015873015872,0.0,-1.2758902801649664e-05,1.0160439190810692e-07,-0.0010528501723472553,True
38,0.6031746031746031,0.0,-5.1128480480901355e-06,8.892066474511114e-08,-0.0007591627801708731,True
39,0.6190476190476191,0.0,7.883182459783782e-07,-1.1077524981211714e-07,-0.0005412169728125459,True
40,0.6349206349206349,0.0,1.6187073304584827e-05,-5.432637683573943e-09,-0.00041299915285395285,True
41,0.6507936507936507,0.0,-2.6410948389351762e-05,-3.4747101618735614e-09,-0.00038017116216423197,True
42,0.6666666666666666,0.0,9.767439003789597e-06,9.001945405262484e-09,-0.00045169228202069706,True
43,0.6825396825396826,0.0,5.5078385947519595e-06,1.1515520111212813e-08,-0.0006271577972016116,True
44,0.6984126984126984,0.0,-1.5255467310946179e-05,-4.51872685104233e-08,-0.0009025737950589479,True
45,0.7142857142857142,0.0,2.358063333115812e-05,7.211354794580458e-08,-0.0012688350843976515,True
46,0.7301587301587301,0.0,-1.1059635126075937e-05,1.0461248538605555e-08,-0.0017142778299591571,True
47,0.746031746031746,0.0,-1.8169983244331667e-06,-5.2947399384113847e-08,-0.002220962367199377,True
48,0.7619047619047619,0.0,-8.959905785367653e-06,-1.2889033204567495e-07,-0.002772535272681048,True
49,0.7777777777777777,0.0,7.991784215616526e-06,6.548104849087544e-08,-0.003349140034730141,True
50,0.7936507936507936,0.0,2.1590082837370644e-06,2.1167638493242712e-08,-0.003932481726836249,True
51,0.8095238095238095,0.0,-2.080360678383959e-06,-1.1379474554368436e-08,-0.004504418435520229,True
52,0.8253968253968254,0.0,3.060891567705359e-07,3.0833804773988466e-08,-0.005049410273925806,True
53,0.8412698412698412,0.0,3.2885511972315313e-07,3.615056167578759e-08,-0.0055538147007058725,True
54,0.8571428571428571,0.0,2.2390859446771526e-06,-2.2936842296835078e-08,-0.006006425201949724,True
55,0.873015873015873,0.0,2.1434098459085873e-07,-4.14108028900623e-09,-0.00639909158457277,True
56,0.8888888888888888,0.0,6.086585128272876e-07,-7.383042304745791e-08,-0.00672575580993206,True
57,0.9047619047619047,0.0,-1.2642608003902876e-06,7.305430164216969e-11,-0.006981148187234175,True
58,0.9206349206349206,0.0,2.135973775508361e-06,7.004812341284312e-08,-0.007162611210269153,True
59,0.9365079365079365,0.0,-3.2546719907478104e-06,-1.6329343775828777e-08,-0.007268108773537656,True
60,0.9523809523809523,0.0,-6.433310195230915e-07,6.915031786052604e-08,-0.007298566957884982,True
61,0.9682539682539681,0.0,-2.1719954039670703e-06,-5.968926007661105e-08,-0.007261850052477908,True
62,0.9841269841269841,0.0,1.8522394965535563e-07,-9.322700982902618e-09,-0.007185039415638398,True
63,1.0,0.0,0.0,0.0,-0.0071462281550452,True
64,0.0,0.015873015873015872,2.042668178549898e-08,-2.600429396886469e-07,-1.7399209780995774e-05,True
65,0.015873015873015872,0.015873015873015872,0.00010279897916134456,-0.0001025493073839215,8.151714716510045e-11,True
66,0.031746031746031744,0.015873015873015872,0.00031795074648110523,-0.000139613713930646,-1.45591668531099e-05,True
67,0.047619047619047616,0.015873015873015872,0.0005315301342834471,-0.00011584621639834524,-6.914360744395313e-05,True
68,0.06349206349206349,0.015873015873015872,0.0006660119824000857,-5.986620152305276e-05,-0.0001619456219516535,True
69,0.07936507936507936,0.015873015873015872,0.0006818237517011976,1.0170401365402302e-05,-0.0002870285264869695,True
70,0.09523809523809523,0.015873015873015872,0.0005603908243403933,8.379520187696781e-05,-0.0004384261313414662,True
71,0.1111111111111111,0.015873015873015872,0.00030262921572244653,0.00015540909692021674,-0.0006109833291369639,True
72,0.12698412698412698,0.015873015873015872,-9.467577240807122e-05,0.0002251149361136126,-0.0008008418249366592,True
73,0.14285714285714285,0.015873015873015872,-0.0006205835680413315,0.00029147639873584706,-0.0010056625571188624,True
74,0.15873015873015872,0.015873015873015872,-0.0012753755476593112,0.00035559810072101843,-0.0012231647548203851,True
75,0.1746031746031746,0.015873015873015872,-0.0020539791454391933,0.0004188913456553778,-0.001452377176771743,True
76,0.19047619047619047,0.015873015873015872,-0.002951188653647827,0.00048077654008842546,-0.001691889693162993,True
77,0.20634920634920634,0.015873015873015872,-0.003977023835608001,0.0005447228816650649,-0.001940291094739515,True
78,0.2222222222222222,0.015873015873015872,-0.0051207246354965765,0.0006075076046514255,-0.002195648328677095,True
79,0.23809523809523808,0.015873015873015872,-0.0063845538860585836,0.0006697555808001098,-0.002455591851543384,True
80,0.25396825396825395,0.015873015873015872,-0.0077682696924101105,0.0007309082405158368,-0.002716961322747287,True
81,0.2698412698412698,0.015873015873015872,-0.009262624356347336,0.0007893795273216731,-0.0029760015639136586,True
82,0.2857142857142857,0.015873015873015872,-0.010858739162135922,0.0008408839351590413,-0.00322829803785568,True
83,0.30158730158730157,0.015873015873015872,-0.012548543169911575,0.0008856598223648531,-0.0034685445498416814,True
84,0.31746031746031744,0.015873015873015872,-0.014315152075974015,0.000923464086867449,-0.0036907509869222896,True
85,0.3333333333333333,0.015873015873015872,-0.01613241763077241,0.0009478729683346652,-0.003888988487397691,True
86,0.3492063492063492,0.015873015873015872,-0.017980658833722532,0.0009592126080202011,-0.004056342440586371,True
87,0.36507936507936506,0.015873015873015872,-0.01982410735497908,0.000949484381346456,-0.004187416637893848,True
88,0.38095238095238093,0.015873015873015872,-0.021582546581446007,0.0009263832888186306,-0.004273772672287529,True
89,0.3968253968253968,0.015873015873015872,-0.023343429096673786,0.0008754826226069277,-0.004312968329270167,True
90,0.4126984126984127,0.015873015873015872,-0.024937814899322834,0.0008058760227711701,-0.004297685666973728,True
91,0.42857142857142855,0.015873015873015872,-0.026366122399704647,0.0007163139177046707,-0.0042242241431908875,True
92,0.4444444444444444,0.015873015873015872,-0.027612536799991174,0.0005970558050100865,-0.004094069878663952,True
93,0.4603174603174603,0.015873015873015872,-0.0285912475349424,0.00045953298807350536,-0.003906730017883862,True
94,0.47619047619047616,0.015873015873015872,-0.029280668209764524,0.00030586000345750395,-0.003663990889969495,True
95,0.49206349206349204,0.015873015873015872,-0.02966148887750327,0.0001234790353917875,-0.0033752521383410145,True
96,0.5079365079365079,0.015873015873015872,-0.029686135432032985,-6.431041694316546e-05,-0.003045817678384103,True
97,0.5238095238095237,0.015873015873015872,-0.02935131796236892,-0.00026348197415690074,-0.0026899120783724,True
98,0.5396825396825397,0.015873015873015872,-0.02862185039478453,-0.0004658063180998091,-0.0023204851259862663,True
99,0.5555555555555556,0.015873015873015872,-0.027501873773964926,-0.0006679962420225441,-0.0019536626317895114,True
100,0.5714285714285714,0.015873015873015872,-0.026032375316250626,-0.0008583805554966063,-0.0016060474085416903,True
101,0.5873015873015872,0.015873015873015872,-0.02423422474854978,-0.0010314375515801896,-0.0012943140903151065,True
102,0.6031746031746031,0.015873015873015872,-0.022089626938766257,-0.0011855013602430791,-0.0010358286022085657,True
103,0.6190476190476191,0.015873015873015872,-0.019726159635880595,-0.001308816840628111,-0.0008457410040875728,True
104,0.6349206349206349,0.015873015873015872,-0.017171509014631516,-0.0014002001415927684,-0.0007367928857100071,True
105,0.6507936507936507,0.015873015873015872,-0.014389678607819695,-0.0014555557272829896,-0.0007167014239093144,True
106,0.6666666666666666,0.015873015873015872,-0.011651745725959426,-0.001470396355333576,-0.0007916716798167585,True
107,0.6825396825396826,0.015873015873015872,-0.008858929220744704,-0.0014458048436426702,-0.0009618465808483848,True
108,0.6984126984126984,0.015873015873015872,-0.006153910585317109,-0.0013824559348596473,-0.0012234136437750634,True
109,0.7142857142857142,0.015873015873015872,-0.003640235254546009,-0.0012873294733757178,-0.0015686400819551651,True
110,0.7301587301587301,0.015873015873015872,-0.001246221615822646,-0.0011516738006528207,-0.0019838993957373525,True
111,0.746031746031746,0.015873015873015872,0.000800150671831871,-0.0010011757698489465,-0.0024572922907788175,True
112,0.7619047619047619,0.015873015873015872,0.002560704671262401,-0.0008306457294902127,-0.002970424870846246,True
113,0.7777777777777777,0.015873015873015872,0.0040094676437316765,-0.0006450049975314432,-0.0035057257724811428,True
114,0.7936507936507936,0.015873015873015872,0.005100016051432394,-0.00045714148942825605,-0.004046504489459351,True
115,0.8095238095238095,0.015873015873015872,0.00584009984160745,-0.0002714182083834985,-0.004576085419435673,True
116,0.8253968253968254,0.015873015873015872,0.006241614007422823,-9.761544766295729e-05,-0.005081209103188705,True
117,0.8412698412698412,0.015873015873015872,0.006320075420978275,6.505886114636006e-05,-0.00554793554291358,True
118,0.8571428571428571,0.015873015873015872,0.00610840603668316,0.00020782065849331665,-0.0059673341568787786,True
119,0.873015873015873,0.015873015873015872,0.005649821824949879,0.00032703947413037233,-0.006332086977261456,True
120,0.8888888888888888,0.015873015873015872,0.0049785048302245175,0.0004226122589908566,-0.0066359491434601165,True
121,0.9047619047619047,0.015873015873015872,0.00414606001527836,0.0004908943445642046,-0.0068754815064663456,True
122,0.9206349206349206,0.015873015873015872,0.0032149576449800707,0.0005252202183440968,-0.00704884079022302,True
123,0.9365079365079365,0.015873015873015872,0.0022518704274498195,0.0005179487501740095,-0.007155857097651157,True
124,0.9523809523809523,0.015873015873015872,0.0013472819423024876,0.00045758525061437484,-0.007199564591300312,True
125,0.9682539682539681,0.015873015873015872,0.0006054484110616534,0.00033084136001282675,-0.007189320987119662,True
126,0.9841269841269841,0.015873015873015872,0.00013779684717427947,0.00013765961099101198,-0.007146280423131448,True
127,1.0,0.015873015873015872,1.2697632228523816e-09,1.144218149765835e-07,-0.00710738422191487,True
128,0.0,0.031746031746031744,-2.3606953862714517e-08,1.0842114785686205e-06,-9.088689945412051e-06,True
129,0.015873015873015872,0.031746031746031744,0.00013986964620974542,-0.0003179474926880471,1.4605317589406232e-05,True
130,0.031746031746031744,0.031746031746031744,0.00038896895406663576,-0.0003905204188787824,-9.94334377290148e-07,True
131,0.047619047619047616,0.031746031746031744,0.0005854066816675858,-0.00028830820712383163,-5.381044790856801e-05,True
132,0.06349206349206349,0.031746031746031744,0.0006282868408353848,-8.525191645583413e-05,-0.0001397065092784855,True
133,0.07936507936507936,0.031746031746031744,0.00045304461948204286,0.00016947186100534485,-0.0002539991670275237,True
134,0.09523809523809523,0.031746031746031744,4.056991455044058e-05,0.0004378121997730411,-0.00039211480424872496,True
135,0.1111111111111111,0.031746031746031744,-0.0006250893792608076,0.0007070761070398086,-0.0005500438961216742,True
136,0.12698412698412698,0.031746031746031744,-0.0015394427389536192,0.0009686301545729646,-0.0007247956326003502,True
137,0.14285714285714285,0.031746031746031744,-0.0026972166852502347,0.0012214884989876758,-0.0009141573950503091,True
138,0.15873015873015872,0.031746031746031744,-0.004092288938296904,0.0014677663061125055,-0.0011167750829755737,True
139,0.1746031746031746,0.031746031746031744,-0.005732701248362413,0.0017118367122621434,-0.001330835075761803,True
140,0.19047619047619047,0.031746031746031744,-0.0076175808432393955,0.00195764368995065,-0.0015557109075065479,True
141,0.20634920634920634,0.031746031746031744,-0.009699159762029312,0.002192557563846676,-0.0017901188105572004,True
142,0.2222222222222222,0.031746031746031744,-0.012024494927801931,0.0024301602985751774,-0.002032154195999874,True
143,0.23809523809523808,0.031746031746031744,-0.01457212587252776,0.0026632364948950852,-0.0022797331384854297,True
144,0.25396825396825395,0.031746031746031744,-0.017329636769318684,0.0028855835179445863,-0.002530103240162498,True
145,0.2698412698412698,0.031746031746031744,-0.020286377480164514,0.0030942871470273233,-0.0027798743466845746,True
146,0.2857142857142857,0.031746031746031744,-0.023396639361420116,0.0032768395548308884,-0.003024974157595007,True
147,0.30158730158730157,0.031746031746031744,-0.026689411240816124,0.003432531426817749,-0.0032605791728809916,True
148,0.31746031746031744,0.031746031746031744,-0.03005561819576394,0.003545818557179872,-0.003481527894108213,True
149,0.3333333333333333,0.031746031746031744,-0.033497258199947186,0.0036110461315643307,-0.0036819212778225778,True
150,0.3492063492063492,0.031746031746031744,-0.03693890041905323,0.0036210841773059222,-0.00385526323187915,True
151,0.36507936507936506,0.031746031746031744,-0.04036375457666876,0.0035625626479543464,-0.00399586233093024,True
152,0.38095238095238093,0.031746031746031744,-0.04360740778755632,0.003437362908414094,-0.0040970254114575284,True
153,0.3968253968253968,0.031746031746031744,-0.04674048442304135,0.0032218564981861143,-0.004154325483158484,True
154,0.4126984126984127,0.031746031746031744,-0.04952666145107274,0.0029488488907123823,-0.004160296278763932,True
155,0.42857142857142855,0.031746031746031744,-0.05207887574308176,0.00255619159697153,-0.004116138678151057,True
156,0.4444444444444444,0.031746031746031744,-0.054134694016742375,0.0021230005681257776,-0.004014488016374019,True
157,0.4603174603174603,0.031746031746031744,-0.05576769701296106,0.00158413683563889,-0.003860348158443287,True
158,0.47619047619047616,0.031746031746031744,-0.056841409859958995,0.0009924928552800568,-0.0036534824252344956,True
159,0.49206349206349204,0.031746031746031744,-0.057342847253508224,0.0003287491636977693,-0.003401544883818377,True
160,0.5079365079365079,0.031746031746031744,-0.05720827452488564,-0.0003622533031173652,-0.0031084741535792933,True
161,0.5238095238095237,0.031746031746031744,-0.05638268807509011,-0.0011038658017011177,-0.002789786626722639,True
162,0.5396825396825397,0.031746031746031744,-0.054943111488304816,-0.0018270600828081043,-0.002456419050760043,True
163,0.5555555555555556,0.031746031746031744,-0.05284667554083087,-0.0025394337657102194,-0.002122880965296688,True
164,0.5714285714285714,0.031746031746031744,-0.050093166019167204,-0.003228715833784594,-0.0018066758035645046,True
165,0.5873015873015872,0.031746031746031744,-0.0468120089459757,-0.0038345613321547644,-0.0015223544583906718,True
166,0.6031746031746031,0.031746031746031744,-0.042954395896635085,-0.004386375699992833,-0.0012883703136959636,True
167,0.6190476190476191,0.031746031746031744,-0.03868748828176009,-0.004825854080991545,-0.0011168667797005376,True
168,0.6349206349206349,0.031746031746031744,-0.03410956436679862,-0.0051466440790782775,-0.0010205343457022765,True
169,0.6507936507936507,0.031746031746031744,-0.02926905323047637,-0.005342293254155626,-0.0010088821262941514,True
170,0.6666666666666666,0.031746031746031744,-0.024303353631684482,-0.005402370113905091,-0.0010856718058077299,True
171,0.6825396825396826,0.031746031746031744,-0.019347613125966574,-0.005323796217038154,-0.0012522774015706738,True
172,0.6984126984126984,0.031746031746031744,-0.014519002116235226,-0.005113273157352193,-0.0015053967619026204,True
173,0.7142857142857142,0.031746031746031744,-0.00987428684447635,-0.004769678803072496,-0.0018359872168581919,True
174,0.7301587301587301,0.031746031746031744,-0.005653319360630939,-0.0043334398131213425,-0.0022333270758553773,True
175,0.746031746031746,0.031746031746031744,-0.001783117572387361,-0.003789223160255606,-0.0026825350551164463,True
176,0.7619047619047619,0.031746031746031744,0.001569257095934193,-0.0031782570838835606,-0.003168508197213906,True
177,0.7777777777777777,0.031746031746031744,0.004329914964597766,-0.0025399228253292646,-0.003674545838413191,True
178,0.7936507936507936,0.031746031746031744,0.006554967322576066,-0.001861608039399074,-0.004183599816159278,True
179,0.8095238095238095,0.031746031746031744,0.008136968812285452,-0.0012001547063601504,-0.004680816823039234,True
180,0.8253968253968254,0.031746031746031744,0.009160389774757974,-0.0005606168296405329,-0.005153368444583543,True
181,0.8412698412698412,0.031746031746031744,0.009596824509203577,2.9485228022799823e-05,-0.005589105171843374,True
182,0.8571428571428571,0.031746031746031744,0.00952683663821843,0.0005618259569566154,-0.005979902217226658,True
183,0.873015873015873,0.031746031746031744,0.00898774309213076,0.001014864948386212,-0.006318896363781063,True
184,0.8888888888888888,0.031746031746031744,0.008062237774160071,0.0013796749816674468,-0.00660192871497165,True
185,0.9047619047619047,0.031746031746031744,0.0068323231338407175,0.0016404835506129724,-0.0068263044681478365,True
186,0.9206349206349206,0.031746031746031744,0.005405331482946218,0.0017802220790091535,-0.006991231468669525,True
187,0.9365079365079365,0.031746031746031744,0.003893570018604623,0.0017735941229933677,-0.0070972531347868,True
188,0.9523809523809523,0.031746031746031744,0.0024399169979935752,0.001588283991931195,-0.0071471812960309565,True
189,0.9682539682539681,0.031746031746031744,0.0011976684158098332,0.001194168938108607,-0.00714651317883166,True
190,0.9841269841269841,0.031746031746031744,0.00033133550257974685,0.0006034433164983907,-0.007103396126723261,True
191,1.0,0.031746031746031744,7.56187708461906e-08,5.432116992631309e-07,-0.007030733540095032,True
192,0.0,0.047619047619047616,1.2555673749735427e-09,2.906149381667791e-07,5.3474845818208946e-05,True
193,0.015873015873015872,0.047619047619047616,0.00011014376125500203,-0.0005249468117843413,7.059251515119134e-05,True
194,0.031746031746031744,0.047619047619047616,0.0002601177342388769,-0.0005773930708487487,4.9610334976387036e-05,True
195,0.047619047619047616,0.047619047619047616,0.0002748265165383533,-0.00032059562221741823,-5.328884857821109e-06,True
196,0.06349206349206349,0.047619047619047616,4.652235227623852e-05,0.0001189903942813627,-8.910211251214976e-05,True
197,0.07936507936507936,0.047619047619047616,-0.0004833280110362244,0.0006493306878710898,-0.00019734842686698815,True
198,0.09523809523809523,0.047619047619047616,-0.0013483614596003746,0.0012164994777388999,-0.00032627677769779247,True
199,0.1111111111111111,0.047619047619047616,-0.0025515862130456187,0.0017836673874992303,-0.0004730862992354837,True
200,0.12698412698412698,0.047619047619047616,-0.004102725480134147,0.0023427388617922353,-0.0006354094681675271,True
201,0.14285714285714285,0.047619047619047616,-0.006001083501623806,0.002890711841414553,-0.0008117848222724775,True
202,0.15873015873015872,0.047619047619047616,-0.008229815236370385,0.0034242599753616064,-0.0010011897996606753,True
203,0.1746031746031746,0.047619047619047616,-0.01080032726260193,0.00395299167380788,-0.001202766864118606,True
204,0.19047619047619047,0.047619047619047616,-0.013685678615334648,0.00447214166300521,-0.0014159148778802328,True
205,0.20634920634920634,0.047619047619047616,-0.016925784430523644,0.0049919379329901705,-0.0016389993007309089,True
206,0.2222222222222222,0.047619047619047616,-0.020463618782439644,0.005498326671676378,-0.0018715103532351686,True
207,0.23809523809523808,0.047619047619047616,-0.024304668107083843,0.0059859589169475955,-0.002111186371961142,True
208,0.25396825396825395,0.047619047619047616,-0.02842467738261059,0.006447683657962888,-0.0023559351615183915,True
209,0.2698412698412698,0.047619047619047616,-0.03279589746177566,0.00686646343449169,-0.002602589642491683,True
210,0.2857142857142857,0.047619047619047616,-0.037354313539237315,0.007226797962872469,-0.00284738601224391,True
211,0.30158730158730157,0.047619047619047616,-0.04213646332438577,0.007517404330310991,-0.0030861769292714653,True
212,0.31746031746031744,0.047619047619047616,-0.04697982461354057,0.007711937203592708,-0.0033136638695884122,True
213,0.3333333333333333,0.047619047619047616,-0.051870674714019786,0.007797500182157557,-0.003524357261525986,True
214,0.3492063492063492,0.047619047619047616,-0.056730838051315624,0.00775593090012811,-0.0037121782681901598,True
215,0.36507936507936506,0.047619047619047616,-0.0614149047550631,0.007578083665121762,-0.0038698292326699254,True
216,0.38095238095238093,0.047619047619047616,-0.06594568799087513,0.007234084843703901,-0.0039932729742309355,True
217,0.3968253968253968,0.047619047619047616,-0.07011586251001627,0.006743863946246886,-0.0040740705309035875,True
218,0.4126984126984127,0.047619047619047616,-0.07391862410876811,0.006059693225851602,-0.00410934109742479,True
219,0.42857142857142855,0.047619047619047616,-0.07717493509608905,0.00523769388920394,-0.004092323770021052,True
220,0.4444444444444444,0.047619047619047616,-0.07985140355132908,0.0042448540011481555,-0.0040225261584851,True
221,0.4603174603174603,0.047619047619047616,-0.08187320261695963,0.003092087242158527,-0.0039001987554344673,True
222,0.47619047619047616,0.047619047619047616,-0.08311187969771508,0.0018337212500751476,-0.003723852877460496,True
223,0.49206349206349204,0.047619047619047616,-0.0835755264873313,0.0004487873350733586,-0.0035016862560581165,True
224,0.5079365079365079,0.047619047619047616,-0.08318679383573575,-0.0010189026977464103,-0.003238288584099738,True
225,0.5238095238095237,0.047619047619047616,-0.08194929722512666,-0.0024775051591098807,-0.002944499313492203,True
226,0.5396825396825397,0.047619047619047616,-0.07980176399383926,-0.004018462247702274,-0.002636408343698975,True
227,0.5555555555555556,0.047619047619047616,-0.0768588533032791,-0.005452512612087152,-0.002322788330483405,True
228,0.5714285714285714,0.047619047619047616,-0.07306333213448737,-0.006841323148204692,-0.0020241628136010727,True
229,0.5873015873015872,0.047619047619047616,-0.0685594926217382,-0.008088322347936477,-0.0017536679549588002,True
230,0.6031746031746031,0.047619047619047616,-0.0633662025771967,-0.009184690707439972,-0.0015294022060178107,True
231,0.6190476190476191,0.047619047619047616,-0.05762965115919562,-0.010070384706848394,-0.0013656929110554862,True
232,0.6349206349206349,0.047619047619047616,-0.051433713716216266,-0.010734624723865537,-0.001273354940289853,True
233,0.6507936507936507,0.047619047619047616,-0.044936975128251185,-0.011141717940584078,-0.0012640493948854281,True
234,0.6666666666666666,0.047619047619047616,-0.038254343839338435,-0.011280708822910646,-0.0013392214705427714,True
235,0.6825396825396826,0.047619047619047616,-0.03154641064529812,-0.011146889030140423,-0.0015020522359950241,True
236,0.6984126984126984,0.047619047619047616,-0.024959615288719567,-0.010745754837096052,-0.0017486333940465162,True
237,0.7142857142857142,0.047619047619047616,-0.0186743830291229,-0.010102751047360931,-0.0020708830198171635,True
238,0.7301587301587301,0.047619047619047616,-0.012733930628023731,-0.009225520710232315,-0.002456768832874964,True
239,0.746031746031746,0.047619047619047616,-0.00732053792294579,-0.00816351039389977,-0.002892495407130891,True
240,0.7619047619047619,0.047619047619047616,-0.002530326090229365,-0.006956848357766477,-0.0033626190803474816,True
241,0.7777777777777777,0.047619047619047616,0.0015663950817013709,-0.0056506877616014604,-0.003850257556037513,True
242,0.7936507936507936,0.047619047619047616,0.004916977029853409,-0.004290705540669684,-0.004339304147398654,True
243,0.8095238095238095,0.047619047619047616,0.007487301691721326,-0.0029326323860622843,-0.004815111538447386,True
244,0.8253968253968254,0.047619047619047616,0.009281302387282602,-0.0016150443780919188,-0.005264669184949896,True
245,0.8412698412698412,0.047619047619047616,0.010307159767623779,-0.0003898145046422205,-0.005677723404230591,True
246,0.8571428571428571,0.047619047619047616,0.010657950766065056,0.000735983277797482,-0.006046217254252389,True
247,0.873015873015873,0.047619047619047616,0.010355350021029382,0.0017046642757366439,-0.0063646443783211175,True
248,0.8888888888888888,0.047619047619047616,0.009510301650077628,0.0024934661036306724,-0.006630136679891034,True
249,0.9047619047619047,0.047619047619047616,0.00822420388684371,0.003070983409939675,-0.006840946923369378,True
250,0.9206349206349206,0.047619047619047616,0.006631608206934072,0.0033970534887165643,-0.006997230760629314,True
251,0.9365079365079365,0.047619047619047616,0.0048796109185790665,0.003435837651346934,-0.007099465548575049,True
252,0.9523809523809523,0.047619047619047616,0.003137069980776867,0.0031296648077494007,-0.007149181994193849,True
253,0.9682539682539681,0.047619047619047616,0.0015949454104178206,0.002437221182510461,-0.00714777800833929,True
254,0.9841269841269841,0.047619047619047616,0.00046033205017846656,0.0013505613986469782,-0.007094912253862396,True
255,1.0,0.047619047619047616,1.1576228275874516e-07,1.9431901569031783e-06,-0.006995610682984114,True
256,0.0,0.06349206349206349,-1.8805436942275934e-08,-2.868236648185239e-07,0.0001669453430253449,True
257,0.015873015873015872,0.06349206349206349,3.4384472816277316e-05,-0.0006274558209286123,0.00016724799697866966,True
258,0.031746031746031744,0.06349206349206349,-1.9570405628402887e-05,-0.0005612145225933941,0.00013394264655946586,True
259,0.047619047619047616,0.06349206349206349,-0.0003168330409409804,-5.5943304262809036e-05,7.209053653324436e-05,True
260,0.06349206349206349,0.06349206349206349,-0.0009529040258096787,0.0007060703612223845,-1.3729322185651e-05,True
261,0.07936507936507936,0.06349206349206349,-0.0019819798046019897,0.001601905609666086,-0.00011974815853333646,True
262,0.09523809523809523,0.06349206349206349,-0.0034243665597920472,0.002549204118521548,-0.0002431554197162151,True
263,0.1111111111111111,0.06349206349206349,-0.005299574555401857,0.0035103510620673934,-0.00038183136222301776,True
264,0.12698412698412698,0.06349206349206349,-0.007594018401116875,0.004455760395437886,-0.00053475385091627,True
265,0.14285714285714285,0.06349206349206349,-0.01031216382630429,0.005384172462233253,-0.0007010841987888508,True
266,0.15873015873015872,0.06349206349206349,-0.013454040007462986,0.006297985392904843,-0.0008804561222138146,True
267,0.1746031746031746,0.06349206349206349,-0.01703496085997884,0.007207405584282899,-0.0010724764584317426,True
268,0.19047619047619047,0.06349206349206349,-0.021021217886428783,0.008102049469267967,-0.0012772533506133718,True
269,0.20634920634920634,0.06349206349206349,-0.025400430552073024,0.008974697918204667,-0.0014939087336897083,True
270,0.2222222222222222,0.06349206349206349,-0.030163429839563535,0.009823955893334357,-0.0017220538346140978,True
271,0.23809523809523808,0.06349206349206349,-0.03530194736246284,0.010633861636863633,-0.001959841070098081,True
272,0.25396825396825395,0.06349206349206349,-0.04075843980493973,0.011382965615206263,-0.0022058035178287696,True
273,0.2698412698412698,0.06349206349206349,-0.04649832328298317,0.012048960749407804,-0.002457140883631397,True
274,0.2857142857142857,0.06349206349206349,-0.05246388361812165,0.012604515559073243,-0.0027104293619260853,True
275,0.30158730158730157,0.06349206349206349,-0.05857758283874452,0.013020421342261048,-0.002961371937402885,True
276,0.31746031746031744,0.06349206349206349,-0.06479098770866226,0.013271558768397064,-0.0032057039951552562,True
277,0.3333333333333333,0.06349206349206349,-0.07097475145549569,0.013325397939968533,-0.0034368365471453433,True
278,0.3492063492063492,0.06349206349206349,-0.07703839169460681,0.013159875212236773,-0.003648686377520695,True
279,0.36507936507936506,0.06349206349206349,-0.08286554557712562,0.01275901842021026,-0.0038339982362954146,True
280,0.38095238095238093,0.06349206349206349,-0.08841139280735227,0.012076775236823961,-0.003988539593326898,True
281,0.3968253968253968,0.06349206349206349,-0.09346016094887834,0.011158940752949719,-0.004101204525370202,True
282,0.4126984126984127,0.06349206349206349,-0.09798815274586435,0.00995290781685942,-0.004169908595455151,True
283,0.42857142857142855,0.06349206349206349,-0.10181584490332023,0.008485856479014248,-0.004186437473965549,True
284,0.4444444444444444,0.06349206349206349,-0.10492921331803909,0.006765499694830811,-0.004150855755275085,True
285,0.4603174603174603,0.06349206349206349,-0.10718165480072107,0.004831335375904539,-0.0040584557024506375,True
286,0.47619047619047616,0.06349206349206349,-0.10852807821877708,0.002689169231485782,-0.003913053503889913,True
287,0.49206349206349204,0.06349206349206349,-0.10891868230108917,0.00040791742662339123,-0.0037163061757748026,True
288,0.5079365079365079,0.06349206349206349,-0.10825969889221022,-0.0019930342376320276,-0.003473928805545866,True
289,0.5238095238095237,0.06349206349206349,-0.10663757869168833,-0.0044247324831878255,-0.00319947197832031,True
290,0.5396825396825397,0.06349206349206349,-0.10397662061045093,-0.006879147925489487,-0.002903672425392162,True
291,0.5555555555555556,0.06349206349206349,-0.10032904115098852,-0.009216823592252829,-0.0026007182060424827,True
292,0.5714285714285714,0.06349206349206349,-0.0957328667852651,-0.011453942383056368,-0.002307181030675256,True
293,0.5873015873015872,0.06349206349206349,-0.09028684167399775,-0.013474966503360634,-0.00203857257096811,True
294,0.6031746031746031,0.06349206349206349,-0.0840557286748118,-0.01524495241995383,-0.0018113653853028152,True
295,0.6190476190476191,0.06349206349206349,-0.07716453025248501,-0.016684634376850707,-0.0016429975398668752,True
296,0.6349206349206349,0.06349206349206349,-0.06969569005310404,-0.01777834322992034,-0.0015466952506336957,True
297,0.6507936507936507,0.06349206349206349,-0.06187530188197439,-0.018463546146207432,-0.0015276483701090918,True
298,0.6666666666666666,0.06349206349206349,-0.05380497314057813,-0.01873176454457149,-0.0015947579239033406,True
299,0.6825396825396826,0.06349206349206349,-0.04564989091156839,-0.018569832378404302,-0.0017497192969897091,True
300,0.6984126984126984,0.06349206349206349,-0.0375839105056568,-0.017986081087628506,-0.00198758961842964,True
301,0.7142857142857142,0.06349206349206349,-0.029752602189144006,-0.01700026003384602,-0.0022999575671274358,True
302,0.7301587301587301,0.06349206349206349,-0.02236196685938957,-0.01565705506856512,-0.0026777507109213856,True
303,0.746031746031746,0.06349206349206349,-0.015501313164553972,-0.013996598141514363,-0.003104548274584628,True
304,0.7619047619047619,0.06349206349206349,-0.009294090240582628,-0.012078588224032573,-0.003564383348441789,True
305,0.7777777777777777,0.06349206349206349,-0.003940255034778305,-0.010025402841119734,-0.004041155593022517,True
306,0.7936507936507936,0.06349206349206349,0.0006433586429115049,-0.007824603946582279,-0.004517552550614362,True
307,0.8095238095238095,0.06349206349206349,0.004292991574936548,-0.005620861902612061,-0.004979427200560921,True
308,0.8253968253968254,0.06349206349206349,0.007031314481310883,-0.003455012945506048,-0.005413510759106956,True
309,0.8412698412698412,0.06349206349206349,0.008871132959953947,-0.001405987279138604,-0.00581019287603418,True
310,0.8571428571428571,0.06349206349206349,0.009853588267010252,0.0004655653112435641,-0.0061621882399888386,True
311,0.873015873015873,0.06349206349206349,0.01004309034047644,0.0021010709552743314,-0.006464892384244793,True
312,0.8888888888888888,0.06349206349206349,0.009547310466533126,0.0034533960049852584,-0.006716152936008007,True
313,0.9047619047619047,0.06349206349206349,0.008482621945879612,0.004470331544047913,-0.006915308657398823,True
314,0.9206349206349206,0.06349206349206349,0.006994571949736919,0.005088792651534699,-0.007063173190197364,True
315,0.9365079365079365,0.06349206349206349,0.005250127213655812,0.005248974724975047,-0.007160315141360217,True
316,0.9523809523809523,0.06349206349206349,0.00343789921706696,0.004873602466089727,-0.0072072589179345585,True
317,0.9682539682539681,0.06349206349206349,0.0017757844105860691,0.0038901441352504618,-0.007202850774951243,True
318,0.9841269841269841,0.06349206349206349,0.0005199174677913693,0.002261043129710471,-0.007142875931892017,True
319,1.0,0.06349206349206349,-1.722338513161009e-08,-1.0931390353829258e-06,-0.007030499983058021,True
320,0.0,0.07936507936507936,8.550643881214127e-09,-1.0858448859195783e-07,0.0003227907304843571,True
321,0.015873015873015872,0.07936507936507936,-7.400996305691188e-05,-0.0005556259986924177,0.00029860281545225024,True
322,0.031746031746031744,0.07936507936507936,-0.0004096521886067678,-0.00023472165290478567,0.00024709807785276244,True
323,0.047619047619047616,0.07936507936507936,-0.0011246304353063812,0.0006306865752415948,0.00017378532112796274,True
324,0.06349206349206349,0.07936507936507936,-0.0022891757422886638,0.0018134310961124634,8.226247280507151e-05,True
325,0.07936507936507936,0.07936507936507936,-0.003931214096523578,0.0031559085526197354,-2.475194965879137e-05,True
326,0.09523809523809523,0.07936507936507936,-0.006067978063068956,0.004564953542923875,-0.0001456244769409645,True
327,0.1111111111111111,0.07936507936507936,-0.008703339572331,0.005987504307177686,-0.0002795056396934022,True
328,0.12698412698412698,0.07936507936507936,-0.011841235549326888,0.007401357268744624,-0.00042615505215153266,True
329,0.14285714285714285,0.07936507936507936,-0.015474297529749348,0.008795306000440054,-0.0005858513257310155,True
330,0.15873015873015872,0.07936507936507936,-0.019619128952689177,0.010178722901280406,-0.0007590385670024239,True
331,0.1746031746031746,0.07936507936507936,-0.024221935445473446,0.011527033879356234,-0.0009461822466245577,True
332,0.19047619047619047,0.07936507936507936,-0.029332406251637157,0.012865543972461771,-0.0011478819771489645,True
333,0.20634920634920634,0.07936507936507936,-0.034888623208176095,0.014162397517148286,-0.0013640291337807565,True
334,0.2222222222222222,0.07936507936507936,-0.04089508966369809,0.015414138528468171,-0.0015947910744853423,True
335,0.23809523809523808,0.07936507936507936,-0.04729509381919395,0.016584720321230876,-0.0018387292883324771,True
336,0.25396825396825395,0.07936507936507936,-0.05405706375754536,0.017652564466768824,-0.0020950606535258135,True
337,0.2698412698412698,0.07936507936507936,-0.06110182953061406,0.018572780574013233,-0.0023608981576706926,True
338,0.2857142857142857,0.07936507936507936,-0.06836719818732907,0.0193151095596811,-0.002633787387678377,True
339,0.30158730158730157,0.07936507936507936,-0.07577432190202085,0.019832924602784057,-0.0029096330619498524,True
340,0.31746031746031744,0.07936507936507936,-0.08317913210711002,0.020085593738920972,-0.0031818987034961705,True
341,0.3333333333333333,0.07936507936507936,-0.09051106748392837,0.02003785547171411,-0.003445741709471726,True
342,0.3492063492063492,0.07936507936507936,-0.09763789748411528,0.01966107884957111,-0.0036938468529756213,True
343,0.36507936507936506,0.07936507936507936,-0.10447827999442037,0.018908390835196066,-0.0039207899715866835,True
344,0.38095238095238093,0.07936507936507936,-0.1108212185147015,0.017801802740813343,-0.004114235414322654,True
345,0.3968253968253968,0.07936507936507936,-0.11661912825455648,0.01630368731422904,-0.004270042179729064,True
346,0.4126984126984127,0.07936507936507936,-0.12172494678580238,0.014418371429863325,-0.0043799707592980875,True
347,0.42857142857142855,0.07936507936507936,-0.12603708399878683,0.012180926999756215,-0.004437086630166376,True
348,0.4444444444444444,0.07936507936507936,-0.12950457018498263,0.009598606942207396,-0.004439012038283672,True
349,0.4603174603174603,0.07936507936507936,-0.13197182198685267,0.006712196656307313,-0.004380741661506577,True
350,0.47619047619047616,0.07936507936507936,-0.13338407384294085,0.0035695124224803636,-0.0042641206961605334,True
351,0.49206349206349204,0.07936507936507936,-0.13377460952773448,0.00023953231104151468,-0.004091818715999477,True
352,0.5079365079365079,0.07936507936507936,-0.1329955270115174,-0.0032356145607138074,-0.0038676037181066894,True
353,0.5238095238095237,0.07936507936507936,-0.13109957491460403,-0.006744203882361567,-0.0036046912967405164,True
354,0.5396825396825397,0.07936507936507936,-0.1280783759225228,-0.010261699552510056,-0.0033146142367710164,True
355,0.5555555555555556,0.07936507936507936,-0.12396553020809348,-0.013597694098583246,-0.0030118223321997503,True
356,0.5714285714285714,0.07936507936507936,-0.11878924235036332,-0.01684489773269158,-0.0027110354290209734,True
357,0.5873015873015872,0.07936507936507936,-0.11267233704120139,-0.01970568949115055,-0.0024326220251502614,True
358,0.6031746031746031,0.07936507936507936,-0.10562135486736747,-0.02227521362999462,-0.0021928205793989406,True
359,0.6190476190476191,0.07936507936507936,-0.09784693703811477,-0.02436917633042624,-0.002005603198134987,True
360,0.6349206349206349,0.07936507936507936,-0.08942966329300944,-0.025967048791967595,-0.001888933245880532,True
361,0.6507936507936507,0.07936507936507936,-0.08046778958725075,-0.02703681306252314,-0.001850213050151486,True
362,0.6666666666666666,0.07936507936507936,-0.07121043828539453,-0.02750220390655105,-0.0018986480263146178,True
363,0.6825396825396826,0.07936507936507936,-0.06179443753181638,-0.02737188741545208,-0.0020342329800902147,True
364,0.6984126984126984,0.07936507936507936,-0.052395019207898116,-0.026643638027802313,-0.0022554719336835135,True
365,0.7142857142857142,0.07936507936507936,-0.04319820258386964,-0.025344663563818867,-0.002554087080864057,True
366,0.7301587301587301,0.07936507936507936,-0.03438460027154277,-0.023528077164076146,-0.002918453151692026,True
367,0.746031746031746,0.07936507936507936,-0.02610916759802247,-0.021246723637848432,-0.0033345717399048775,True
368,0.7619047619047619,0.07936507936507936,-0.018508111446752976,-0.018585679986349343,-0.00378473800335465,True
369,0.7777777777777777,0.07936507936507936,-0.011775087452695225,-0.015673018022273517,-0.004252552036010902,True
370,0.7936507936507936,0.07936507936507936,-0.005922611362487608,-0.012558477119828021,-0.004719982971605517,True
371,0.8095238095238095,0.07936507936507936,-0.0010603577001807886,-0.009386059082107686,-0.005172241869111472,True
372,0.8253968253968254,0.07936507936507936,0.00277420117188992,-0.006252052862996395,-0.005596203849989678,True
373,0.8412698412698412,0.07936507936507936,0.0055968674276279965,-0.0032497057963041033,-0.005981848679962715,True
374,0.8571428571428571,0.07936507936507936,0.007419733128747327,-0.00048611058802511357,-0.006322263333857503,True
375,0.873015873015873,0.07936507936507936,0.008322092373554952,0.0019627943772430566,-0.006613465037867791,True
376,0.8888888888888888,0.07936507936507936,0.008402734880983816,0.004017783713397106,-0.006854027385174323,True
377,0.9047619047619047,0.07936507936507936,0.007776679872013336,0.005591983494876826,-0.007044156924313815,True
378,0.9206349206349206,0.07936507936507936,0.00661381144652536,0.0066185592113840765,-0.0071850079395063765,True
379,0.9365079365079365,0.07936507936507936,0.005081122364388835,0.00699471898096215,-0.007277823993958665,True
380,0.9523809523809523,0.07936507936507936,0.0033874043736208913,0.006623581630814332,-0.007322571285657132,True
381,0.9682539682539681,0.07936507936507936,0.001772282810970831,0.00540061718155804,-0.007317106411409066,True
382,0.9841269841269841,0.07936507936507936,0.0005223446244468705,0.003222394879826961,-0.007256140214998755,True
383,1.0,0.07936507936507936,1.8257966044706064e-08,-1.4906005522150672e-06,-0.007142721349214618,True
384,0.0,0.09523809523809523,1.5861230425835835e-08,-9.537074892546666e-07,0.0005106877653554159,True
385,0.015873015873015872,0.09523809523809523,-0.00020488689713979278,-0.0002589658763860493,0.0004565506686043355,True
386,0.031746031746031744,0.09523809523809523,-0.0008812985696347002,0.00048093047259596504,0.0003820461253606436,True
387,0.047619047619047616,0.09523809523809523,-0.0020978854912504065,0.0018363313046569996,0.000293648504182827,True
388,0.06349206349206349,0.09523809523809523,-0.0038827828861850225,0.0035391757278024744,0.0001934680668776056,True
389,0.07936507936507936,0.09523809523809523,-0.006237689196478675,0.005415752992106559,8.270786143089877e-05,True
390,0.09523809523809523,0.09523809523809523,-0.009154987182704577,0.0073546423398699,-3.850453920080992e-05,True
391,0.1111111111111111,0.09523809523809523,-0.012643947051412767,0.00931318911356723,-0.00017072185806776415,True
392,0.12698412698412698,0.09523809523809523,-0.0166830179532538,0.011252249560413761,-0.0003148411989091012,True
393,0.14285714285714285,0.09523809523809523,-0.021297517673632856,0.013180998643403259,-0.00047221761667615045,True
394,0.15873015873015872,0.09523809523809523,-0.026464854324343617,0.015085509662540362,-0.0006443669962400191,True
395,0.1746031746031746,0.09523809523809523,-0.032152228965058975,0.01694860712989165,-0.0008325280723692118,True
396,0.19047619047619047,0.09523809523809523,-0.038388179362336225,0.01878011240429047,-0.0010379371161053437,True
397,0.20634920634920634,0.09523809523809523,-0.04514253083520125,0.0205572620806351,-0.0012615421243777857,True
398,0.2222222222222222,0.09523809523809523,-0.05239049480759995,0.02225449815529551,-0.0015043297558226115,True
399,0.23809523809523808,0.09523809523809523,-0.06001621934057085,0.02380802748498316,-0.001764647697696047,True
400,0.25396825396825395,0.09523809523809523,-0.06803238469941643,0.02520190717720201,-0.0020430808157828983,True
401,0.2698412698412698,0.09523809523809523,-0.0763085970802312,0.026367558098101443,-0.0023361839188465105,True
402,0.2857142857142857,0.09523809523809523,-0.08476231212356052,0.027263970303295082,-0.002641250818579104,True
403,0.30158730158730157,0.09523809523809523,-0.09335834737709588,0.027833617081709998,-0.0029567920857020845,True
404,0.31746031746031744,0.09523809523809523,-0.10186396956110534,0.028024608730392624,-0.00327226402166541,True
405,0.3333333333333333,0.09523809523809523,-0.11022188159433383,0.02779259094267223,-0.0035843441818891445,True
406,0.3492063492063492,0.09523809523809523,-0.11829492037007779,0.02710295274624231,-0.0038841124377547304,True
407,0.36507936507936506,0.09523809523809523,-0.12594032043428596,0.025921035864663492,-0.004163780795572954,True
408,0.38095238095238093,0.09523809523809523,-0.13304943546227227,0.02425161584911565,-0.004412151156370276,True
409,0.3968253968253968,0.09523809523809523,-0.1394850514117931,0.022075021166515,-0.004622071380438708,True
410,0.4126984126984127,0.09523809523809523,-0.1451375924774742,0.019395442393504374,-0.0047849745403295224,True
411,0.42857142857142855,0.09523809523809523,-0.14988114659162524,0.016287243769597066,-0.0048904387470337,True
412,0.4444444444444444,0.09523809523809523,-0.1536942632294932,0.012709149807425742,-0.0049374998936687784,True
413,0.4603174603174603,0.09523809523809523,-0.15642700392994408,0.008777729870048729,-0.004918058249055785,True
414,0.47619047619047616,0.09523809523809523,-0.15802893681259905,0.004542411740759237,-0.004833747365984038,True
415,0.49206349206349204,0.09523809523809523,-0.15849163667647745,3.514102643685316e-05,-0.004686147926855198,True
416,0.5079365079365079,0.09523809523809523,-0.1577444438448806,-0.004579706119230343,-0.004477647550112505,True
417,0.5238095238095237,0.09523809523809523,-0.15576571391945002,-0.00927607987061197,-0.004222826065577498,True
418,0.5396825396825397,0.09523809523809523,-0.15258752503876016,-0.013934854452929114,-0.0039322157221863335,True
419,0.5555555555555556,0.09523809523809523,-0.14822897531442839,-0.01843788112735516,-0.003619300095519178,True
420,0.5714285714285714,0.09523809523809523,-0.14271366719455497,-0.022685096919003486,-0.0033033580009607555,True
421,0.5873015873015872,0.09523809523809523,-0.13612640813200821,-0.026581679324994428,-0.0030006782722052615,True
422,0.6031746031746031,0.09523809523809523,-0.1285441483421069,-0.03000841628707628,-0.0027319554411816185,True
423,0.6190476190476191,0.09523809523809523,-0.12006458291383991,-0.032886736014193486,-0.002513103850229381,True
424,0.6349206349206349,0.09523809523809523,-0.11082694614415403,-0.035127063497446064,-0.0023598766772554517,True
425,0.6507936507936507,0.09523809523809523,-0.10096816735923016,-0.03665992840250851,-0.002283978485458474,True
426,0.6666666666666666,0.09523809523809523,-0.09065881564835458,-0.03743490788409447,-0.002295308668541486,True
427,0.6825396825396826,0.09523809523809523,-0.08008180639811023,-0.03742426103717254,-0.0023970526826221283,True
428,0.6984126984126984,0.09523809523809523,-0.06945047082440284,-0.036629307027682925,-0.0025882702010716274,True
429,0.7142857142857142,0.09523809523809523,-0.058860294583570116,-0.03506484005357355,-0.0028581760852888563,True
430,0.7301587301587301,0.09523809523809523,-0.048682420799370386,-0.032815641585880954,-0.003200853377223201,True
431,0.746031746031746,0.09523809523809523,-0.0389572047203249,-0.029924612082451924,-0.003597970460809681,True
432,0.7619047619047619,0.09523809523809523,-0.02991494427402019,-0.026510128049436005,-0.004033403707219648,True
433,0.7777777777777777,0.09523809523809523,-0.02172344475662345,-0.022697053221184094,-0.004489376670106933,True
434,0.7936507936507936,0.09523809523809523,-0.014460450620694615,-0.018596996778198576,-0.0049471494301581076,True
435,0.8095238095238095,0.09523809523809523,-0.008268028596541351,-0.01438046265227781,-0.005391227309360001,True
436,0.8253968253968254,0.09523809523809523,-0.0031818130167786387,-0.010169102767980694,-0.005807570256688037,True
437,0.8412698412698412,0.09523809523809523,0.0007777146251286271,-0.0061044260322628205,-0.006185807692730055,True
438,0.8571428571428571,0.09523809523809523,0.0036345219681356965,-0.002306631034320398,-0.0065185902870010535,True
439,0.873015873015873,0.09523809523809523,0.005436491782665738,0.0010873155223586168,-0.006802628291627519,True
440,0.8888888888888888,0.09523809523809523,0.006285131350484448,0.00398188046632624,-0.0070363454349979745,True
441,0.9047619047619047,0.09523809523809523,0.006281563458111492,0.006239508854454917,-0.007220792046296564,True
442,0.9206349206349206,0.09523809523809523,0.005626829790793123,0.007794821905412082,-0.007357681688386413,True
443,0.9365079365079365,0.09523809523809523,0.004478227086188347,0.008494996759605562,-0.007448678168786391,True
444,0.9523809523809523,0.09523809523809523,0.0030577301719017097,0.008220829603573657,-0.007493867178969629,True
445,0.9682539682539681,0.09523809523809523,0.0016252833791703103,0.006823652109076272,-0.007491330472794526,True
446,0.9841269841269841,0.09523809523809523,0.00048356123852314755,0.004145638771360135,-0.007435853299689543,True
447,1.0,0.09523809523809523,1.841251077525228e-09,-2.768955222921699e-06,-0.00733075692875591,True
448,0.0,0.1111111111111111,1.374712261639819e-08,-1.4530793129035923e-06,0.0007193878151245998,True
449,0.015873015873015872,0.1111111111111111,-0.0003544560444102028,0.0003033042136706548,0.0006310499273103618,True
450,0.031746031746031744,0.1111111111111111,-0.0014257753239691603,0.0016641451653643083,0.0005297135917645188,True
451,0.047619047619047616,0.1111111111111111,-0.0032020875011246025,0.003641056624162345,0.00042384894030200786,True
452,0.06349206349206349,0.1111111111111111,-0.005675275026038132,0.0059680047896056646,0.0003128785205293445,True
453,0.07936507936507936,0.1111111111111111,-0.008806274263771141,0.008448406990743852,0.00019608980388124847,True
454,0.09523809523809523,0.1111111111111111,-0.012589765207267945,0.010998927972672495,7.168243646808362e-05,True
455,0.1111111111111111,0.1111111111111111,-0.016975308794803627,0.013538138544127309,-6.217128157137727e-05,True
456,0.12698412698412698,0.1111111111111111,-0.021982204224350464,0.01606837251917502,-0.0002080703487028653,True
457,0.14285714285714285,0.1111111111111111,-0.02760144700879819,0.01857791600786284,-0.00036852352350255277,True
458,0.15873015873015872,0.1111111111111111,-0.0338161491683204,0.021052597623395664,-0.0005457762929931128,True
459,0.1746031746031746,0.1111111111111111,-0.040625830518125995,0.023489820864147474,-0.0007424206440393991,True
460,0.19047619047619047,0.1111111111111111,-0.04799437782734376,0.02586034905720509,-0.0009603549034035084,True
461,0.20634920634920634,0.1111111111111111,-0.05593103237278198,0.028150164590761355,-0.0012018768999237854,True
462,0.2222222222222222,0.1111111111111111,-0.06432713217671926,0.03028992957655239,-0.0014670686389064223,True
463,0.23809523809523808,0.1111111111111111,-0.07318603432773588,0.03225247064495196,-0.0017576736332945023,True
464,0.25396825396825395,0.1111111111111111,-0.08238421093309461,0.03395967322384114,-0.0020722800200193865,True
465,0.2698412698412698,0.1111111111111111,-0.09183823759677381,0.035349753420813985,-0.002409332421749989,True
466,0.2857142857142857,0.1111111111111111,-0.10140463451023253,0.03635320209987425,-0.002763305019949427,True
467,0.30158730158730157,0.1111111111111111,-0.11101150519282818,0.036917541105157096,-0.0031324311034148893,True
468,0.31746031746031744,0.1111111111111111,-0.12054172309268774,0.03697271133086832,-0.0035108052122725052,True
469,0.3333333333333333,0.1111111111111111,-0.1298180983524538,0.036477318482620896,-0.003888354024963326,True
470,0.3492063492063492,0.1111111111111111,-0.13872249766384567,0.03538411767138036,-0.004258154172525894,True
471,0.36507936507936506,0.1111111111111111,-0.14713911895808512,0.033675135627692664,-0.004608337674840442,True
472,0.38095238095238093,0.1111111111111111,-0.15491778877463322,0.03137314851983882,-0.004925310567747648,True
473,0.3968253968253968,0.1111111111111111,-0.16195827260927517,0.028416067585258994,-0.005205774880501879,True
474,0.4126984126984127,0.1111111111111111,-0.16812619888919886,0.02488711018238017,-0.005433198251264802,True
475,0.42857142857142855,0.1111111111111111,-0.17337620951921742,0.020763475607661536,-0.0056026199815106875,True
476,0.4444444444444444,0.1111111111111111,-0.17757125162619772,0.016175046664232966,-0.005702054596667324,True
477,0.4603174603174603,0.1111111111111111,-0.18065750952740048,0.011124595380920642,-0.005729875281259403,True
478,0.47619047619047616,0.1111111111111111,-0.18256151715472763,0.005665791565465702,-0.005685194645413835,True
479,0.49206349206349204,0.1111111111111111,-0.18324831572252334,1.0738630490832641e-05,-0.005563639774878663,True
480,0.5079365079365079,0.1111111111111111,-0.18268672434153346,-0.005894660297328916,-0.005373474075000305,True
481,0.5238095238095237,0.1111111111111111,-0.18084174065703507,-0.011779668824427323,-0.0051239083548452104,True
482,0.5396825396825397,0.1111111111111111,-0.1777218539887012,-0.017755803251002976,-0.004827291071238803,True
483,0.5555555555555556,0.1111111111111111,-0.17331200777227163,-0.02339504647480787,-0.004499562148203734,True
484,0.5714285714285714,0.1111111111111111,-0.167684640794616,-0.028867818346377652,-0.004153325424372611,True
485,0.5873015873015872,0.1111111111111111,-0.16085228195184886,-0.03384422163489381,-0.0038144515262561506,True
486,0.6031746031746031,0.1111111111111111,-0.15289956706147795,-0.038295356736371244,-0.0034989762696435705,True
487,0.6190476190476191,0.1111111111111111,-0.14393259109882642,-0.0420673240624496,-0.0032272151905691528,True
488,0.6349206349206349,0.1111111111111111,-0.1340299650400003,-0.045078679118045896,-0.0030189051917291283,True
489,0.6507936507936507,0.1111111111111111,-0.12339925761115125,-0.0472139738986626,-0.002884082998849968,True
490,0.6666666666666666,0.1111111111111111,-0.11214374258455885,-0.04842400612207055,-0.0028370210310909613,True
491,0.6825396825396826,0.1111111111111111,-0.10048578791106973,-0.048656707579010666,-0.0028823701796528885,True
492,0.6984126984126984,0.1111111111111111,-0.08862700268557004,-0.04790212896578449,-0.0030206385262920637,True
493,0.7142857142857142,0.1111111111111111,-0.07673458704666751,-0.04618186549871818,-0.003244449668454577,True
494,0.7301587301587301,0.1111111111111111,-0.06509094500367041,-0.04354727156833031,-0.0035471298255605323,True
495,0.746031746031746,0.1111111111111111,-0.05387252301721133,-0.04009110729018386,-0.003911385378227435,True
496,0.7619047619047619,0.1111111111111111,-0.04329056745913829,-0.03592318743645171,-0.004321006896953874,True
497,0.7777777777777777,0.1111111111111111,-0.03354237265335135,-0.031211645094291616,-0.004756852110203587,True
498,0.7936507936507936,0.1111111111111111,-0.024753903090228,-0.026084511749801923,-0.005200038537168167,True
499,0.8095238095238095,0.1111111111111111,-0.017078436035912546,-0.020748626550680615,-0.005633546562737174,True
500,0.8253968253968254,0.1111111111111111,-0.010583756816063696,-0.015365412260890809,-0.006042198712823199,True
501,0.8412698412698412,0.1111111111111111,-0.005301766605931725,-0.010111167887010821,-0.006414903731536107,True
502,0.8571428571428571,0.1111111111111111,-0.0012777190715793306,-0.005190111451596345,-0.006743480429835384,True
503,0.873015873015873,0.1111111111111111,0.0016039136953734617,-0.0007015077326996796,-0.007024094143798784,True
504,0.8888888888888888,0.1111111111111111,0.0033737264639180416,0.003156532564648387,-0.007255233116722513,True
505,0.9047619047619047,0.1111111111111111,0.004174449277693674,0.006256415750425652,-0.007438295244654939,True
506,0.9206349206349206,0.1111111111111111,0.004163867164875201,0.00845436366209513,-0.007575252075500563,True
507,0.9365079365079365,0.1111111111111111,0.0035371431075074625,0.00960143369959558,-0.007668226096534258,True
508,0.9523809523809523,0.1111111111111111,0.0025213358664787295,0.009532881472407195,-0.007717891330965807,True
509,0.9682539682539681,0.1111111111111111,0.0013757936466815956,0.008057202827227597,-0.007722758780047689,True
510,0.9841269841269841,0.1111111111111111,0.0004155712910155131,0.00496686738482564,-0.007678329276611816,True
511,1.0,0.1111111111111111,2.5794737391705265e-09,-1.967933377319696e-06,-0.007588460378373859,True
512,0.0,0.12698412698412698,-2.156049809198203e-09,2.8188173867310467e-07,0.000936423928673409,True
513,0.015873015873015872,0.12698412698412698,-0.0005188887367850006,0.0011616618609396904,0.0008105643085106061,True
514,0.031746031746031744,0.12698412698412698,-0.0020147829738596094,0.003348825739135771,0.0006802027254687722,True
515,0.047619047619047616,0.12698412698412698,-0.00441150788050672,0.006114044730169618,0.000554734065448941,True
516,0.06349206349206349,0.12698412698412698,-0.007629728439044556,0.0091707873244571,0.00043132805287179735,True
517,0.07936507936507936,0.12698412698412698,-0.011593590272425257,0.012337980294107235,0.0003065475887973236,True
518,0.09523809523809523,0.12698412698412698,-0.016261215733459726,0.015535534351914258,0.00017638241533089892,True
519,0.1111111111111111,0.12698412698412698,-0.021603664920057216,0.01872405061921712,3.687053730178514e-05,True
520,0.12698412698412698,0.12698412698412698,-0.027599891658343034,0.021884262133533016,-0.00011568539306780857,True
521,0.14285714285714285,0.12698412698412698,-0.03423556441051513,0.025011738305051795,-0.00028524152858475294,True
522,0.15873015873015872,0.12698412698412698,-0.04152764774112616,0.028111113535163348,-0.0004757026464579665,True
523,0.1746031746031746,0.12698412698412698,-0.049439093378144346,0.031148744698192024,-0.0006899606329513995,True
524,0.19047619047619047,0.12698412698412698,-0.057935338786569514,0.03409244121607118,-0.0009315959258536433,True
525,0.20634920634920634,0.12698412698412698,-0.06700395687927026,0.03690260651223378,-0.0012027011764485821,True
526,0.2222222222222222,0.12698412698412698,-0.07655704034359648,0.039511586174329504,-0.0015054734483785004,True
527,0.23809523809523808,0.12698412698412698,-0.08652331183667754,0.04184899533131396,-0.0018398459802900064,True
528,0.25396825396825395,0.12698412698412698,-0.09682111204791229,0.0438456721015383,-0.002207891468583581,True
529,0.2698412698412698,0.12698412698412698,-0.1073436317752474,0.045417118440895216,-0.0026062811642173734,True
530,0.2857142857142857,0.12698412698412698,-0.11793901415407813,0.04648173544520293,-0.0030302786128642493,True
531,0.30158730158730157,0.12698412698412698,-0.1285270882459245,0.04697293890435652,-0.003475935065723373,True
532,0.31746031746031744,0.12698412698412698,-0.13892638391436737,0.046831432982804407,-0.00393362827916208,True
533,0.3333333333333333,0.12698412698412698,-0.1490288642803215,0.04599783301261264,-0.0043977669715990885,True
534,0.3492063492063492,0.12698412698412698,-0.1587116225143344,0.04444227867560108,-0.004855813957839013,True
535,0.36507936507936506,0.12698412698412698,-0.1678211188481894,0.042143379790398526,-0.005296073936316372,True
536,0.38095238095238093,0.12698412698412698,-0.1762444646814475,0.03909409888319362,-0.005706587205483874,True
537,0.3968253968253968,0.12698412698412698,-0.1838695212476198,0.03534555180235767,-0.006070666674051791,True
538,0.4126984126984127,0.12698412698412698,-0.19062845589992214,0.03085701237978247,-0.006383732262877512,True
539,0.42857142857142855,0.12698412698412698,-0.19636807506782644,0.025771276651281934,-0.006625762055082421,True
540,0.4444444444444444,0.12698412698412698,-0.20105851839926564,0.02002561700906659,-0.006797793843565263,True
541,0.4603174603174603,0.12698412698412698,-0.2045968058715088,0.013849894732000868,-0.0068816450234953485,True
542,0.47619047619047616,0.12698412698412698,-0.2069292376114344,0.007175611609075481,-0.006884840496991941,True
543,0.49206349206349204,0.12698412698412698,-0.20799327529282888,0.00028466686432889555,-0.00679743593394718,True
544,0.5079365079365079,0.12698412698412698,-0.20780541709127923,-0.006964948618098773,-0.0066295456229595266,True
545,0.5238095238095237,0.12698412698412698,-0.20626764239793574,-0.014155049883203527,-0.006384629033662312,True
546,0.5396825396825397,0.12698412698412698,-0.20337894104771165,-0.021388884496743418,-0.006080384142031306,True
547,0.5555555555555556,0.12698412698412698,-0.19913257120269887,-0.02838797504670682,-0.005728716264795397,True
548,0.5714285714285714,0.12698412698412698,-0.19358132790872037,-0.03513349991679501,-0.005342943665534358,True
549,0.5873015873015872,0.12698412698412698,-0.18669102879298394,-0.04127369962037822,-0.004956443208420308,True
550,0.6031746031746031,0.12698412698412698,-0.17857719067392594,-0.04692486845029513,-0.0045723803712867305,True
551,0.6190476190476191,0.12698412698412698,-0.16927477281123957,-0.05174814411907018,-0.0042263607617055755,True
552,0.6349206349206349,0.12698412698412698,-0.1589075289439319,-0.05563722196202544,-0.003941003020851389,True
553,0.6507936507936507,0.12698412698412698,-0.14759767200850368,-0.05857123486349072,-0.003718924514421839,True
554,0.6666666666666666,0.12698412698412698,-0.13551908617338432,-0.06038133775139093,-0.0035828288201548205,True
555,0.6825396825396826,0.12698412698412698,-0.12285024270705971,-0.0610121335801815,-0.0035431118526472612,True
556,0.6984126984126984,0.12698412698412698,-0.10977515255116672,-0.060448191615659445,-0.0035977455773937577,True
557,0.7142857142857142,0.12698412698412698,-0.09660082543539827,-0.058685306230100764,-0.003750414113800346,True
558,0.7301587301587301,0.12698412698412698,-0.08346734073574326,-0.05578180732416565,-0.003986149973912308,True
559,0.746031746031746,0.12698412698412698,-0.0706936051786337,-0.051825507812961975,-0.004296818454308623,True
560,0.7619047619047619,0.12698412698412698,-0.058486974744953985,-0.04695863523519084,-0.004662268049881705,True
561,0.7777777777777777,0.12698412698412698,-0.047042053909109434,-0.04133158130432974,-0.005063554897156489,True
562,0.7936507936507936,0.12698412698412698,-0.03661435394989903,-0.03516646052965685,-0.005482440726312456,True
563,0.8095238095238095,0.12698412698412698,-0.027272347792769252,-0.028628480835056477,-0.0058983587030285575,True
564,0.8253968253968254,0.12698412698412698,-0.019230953866629256,-0.022007400078458028,-0.006296606878116891,True
565,0.8412698412698412,0.12698412698412698,-0.012512838121031771,-0.015493856214353221,-0.006663207153560371,True
566,0.8571428571428571,0.12698412698412698,-0.007094711108231162,-0.009264438049306494,-0.006989425313832828,True
567,0.873015873015873,0.12698412698412698,-0.003004082470556619,-0.0035709281358016353,-0.0072699077555374095,True
568,0.8888888888888888,0.12698412698412698,-0.00015655726070802603,0.0014004457456065213,-0.007503029978380457,True
569,0.9047619047619047,0.12698412698412698,0.001572923584632949,0.00547122949207255,-0.007689524947247416,True
570,0.9206349206349206,0.12698412698412698,0.0023459838319733017,0.008466033002634038,-0.007831563818005751,True
571,0.9365079365079365,0.12698412698412698,0.002355223359038572,0.01019197531112576,-0.007931405302260119,True
572,0.9523809523809523,0.12698412698412698,0.0018329342352014508,0.010451819089669068,-0.007990102229759015,True
573,0.9682539682539681,0.12698412698412698,0.0010583701540087614,0.009023692179225294,-0.00800702833003254,True
574,0.9841269841269841,0.12698412698412698,0.00032983250700834715,0.00564156841525811,-0.007978575909529764,True
575,1.0,0.12698412698412698,2.5238933236842257e-10,1.994543416442941e-07,-0.007908162656968988,True
576,0.0,0.14285714285714285,-4.36522410518145e-08,5.8869082890415785e-06,0.0011478709696980409,True
577,0.015873015873015872,0.14285714285714285,-0.0006953167826159415,0.002342007915896402,0.000981962714993159,True
578,0.031746031746031744,0.14285714285714285,-0.0026493399043592213,0.00559468652073462,0.0008207457842328016,True
579,0.047619047619047616,0.14285714285714285,-0.005696544786806327,0.00929877686870725,0.0006748257728188517,True
580,0.06349206349206349,0.14285714285714285,-0.009683892011871484,0.013178066577948564,0.0005380256999811588,True
581,0.07936507936507936,0.14285714285714285,-0.014512664885572462,0.017107090623524605,0.0004032526747907817,True
582,0.09523809523809523,0.14285714285714285,-0.020105381733982592,0.021015742151403376,0.000264336656569636,True
583,0.1111111111111111,0.14285714285714285,-0.026403925742747022,0.024881174687963598,0.00011509378585659959,True
584,0.12698412698412698,0.14285714285714285,-0.03340861158956999,0.028717476382276584,-5.017998690307248e-05,True
585,0.14285714285714285,0.14285714285714285,-0.041069860370685905,0.0324998840251926,-0.00023612373292390004,True
586,0.15873015873015872,0.14285714285714285,-0.049425932063723345,0.0362521193702606,-0.00044920130085789116,True
587,0.1746031746031746,0.14285714285714285,-0.0583986784704166,0.039904890577404865,-0.0006918906758249544,True
588,0.19047619047619047,0.14285714285714285,-0.06798600706491921,0.04343186442904526,-0.0009691943901819601,True
589,0.20634920634920634,0.14285714285714285,-0.07813743810507945,0.046771207740876564,-0.001285862561028001,True
590,0.2222222222222222,0.14285714285714285,-0.08876282848272406,0.049829445118388174,-0.0016413038678089447,True
591,0.23809523809523808,0.14285714285714285,-0.09976715092374583,0.05252488941487645,-0.0020381789821830713,True
592,0.25396825396825395,0.14285714285714285,-0.11108768919270269,0.05477580884031783,-0.0024791883294168556,True
593,0.2698412698412698,0.14285714285714285,-0.12257253606351066,0.05647982537770394,-0.0029585285736062885,True
594,0.2857142857142857,0.14285714285714285,-0.13410575886771156,0.05754924653400209,-0.003475735248998125,True
595,0.30158730158730157,0.14285714285714285,-0.14554857317514114,0.05790801215065233,-0.004020628323534733,True
596,0.31746031746031744,0.14285714285714285,-0.15675299747487853,0.05751180248019265,-0.004579749341143862,True
597,0.3333333333333333,0.14285714285714285,-0.1676123584556069,0.056279387391790295,-0.0051542369682884455,True
598,0.3492063492063492,0.14285714285714285,-0.17798114823718655,0.05420307018775493,-0.005724174851636387,True
599,0.36507936507936506,0.14285714285714285,-0.18776747666730548,0.051230042384571295,-0.006282994856504575,True
600,0.38095238095238093,0.14285714285714285,-0.19679453892268362,0.04747209877487497,-0.006797402514991978,True
601,0.3968253968253968,0.14285714285714285,-0.20503528653991865,0.042825563908319784,-0.007275533696703087,True
602,0.4126984126984127,0.14285714285714285,-0.2123607706348446,0.037393386328856075,-0.0076907153779521165,True
603,0.42857142857142855,0.14285714285714285,-0.21865914013268897,0.03127592549222387,-0.008027039463774966,True
604,0.4444444444444444,0.14285714285714285,-0.22391223115039932,0.024402154670534002,-0.008286530046283868,True
605,0.4603174603174603,0.14285714285714285,-0.22796021180744053,0.01709221459385519,-0.008440768511906881,True
606,0.47619047619047616,0.14285714285714285,-0.23085608523923826,0.009160542464496806,-0.008506149090098595,True
607,0.49206349206349204,0.14285714285714285,-0.23245173653019216,0.0009200352075457792,-0.008464835486994912,True
608,0.5079365079365079,0.14285714285714285,-0.23274303555374737,-0.007552064967541198,-0.008322072180886837,True
609,0.5238095238095237,0.14285714285714285,-0.23166753786770428,-0.016184398077721495,-0.008088388636187455,True
610,0.5396825396825397,0.14285714285714285,-0.2291772700780061,-0.024753864819805016,-0.0077747429797513775,True
611,0.5555555555555556,0.14285714285714285,-0.22528724150186794,-0.03318343347805792,-0.007392151267856598,True
612,0.5714285714285714,0.14285714285714285,-0.21994541679450863,-0.041199589018687026,-0.0069651399506758796,True
613,0.5873015873015872,0.14285714285714285,-0.21322161390230046,-0.048803906981511894,-0.006505654160909808,True
614,0.6031746031746031,0.14285714285714285,-0.20512565235290492,-0.055667815281068206,-0.006042406137394049,True
615,0.6190476190476191,0.14285714285714285,-0.19569681713670745,-0.061705428748133215,-0.005598255915983847,True
616,0.6349206349206349,0.14285714285714285,-0.18500968074053856,-0.06672669547106352,-0.005198749941088728,True
617,0.6507936507936507,0.14285714285714285,-0.17320819600680648,-0.0705996330948922,-0.00486112555827069,True
618,0.6666666666666666,0.14285714285714285,-0.16044485157586286,-0.07319986186380299,-0.004602316301664123,True
619,0.6825396825396826,0.14285714285714285,-0.1468743062568297,-0.07442405626304346,-0.004439901904828358,True
620,0.6984126984126984,0.14285714285714285,-0.13273266518921759,-0.07421310330897145,-0.0043816981490087505,True
621,0.7142857142857142,0.14285714285714285,-0.11819304180657528,-0.07258333507153826,-0.004418499480358883,True
622,0.7301587301587301,0.14285714285714285,-0.10363931287887919,-0.06954307664786051,-0.004559798694204556,True
623,0.746031746031746,0.14285714285714285,-0.08923489336456768,-0.06519701855043401,-0.004783404715301247,True
624,0.7619047619047619,0.14285714285714285,-0.07531471645546148,-0.05969105332865623,-0.005078876585956852,True
625,0.7777777777777777,0.14285714285714285,-0.06207812014006948,-0.0531829423262608,-0.005424619481394484,True
626,0.7936507936507936,0.14285714285714285,-0.049836776664346966,-0.045951690228534695,-0.005801962835903257,True
627,0.8095238095238095,0.14285714285714285,-0.03879618784148274,-0.0382464639783111,-0.006190831125365087,True
628,0.8253968253968254,0.14285714285714285,-0.028988021554426226,-0.030260173913542066,-0.006570310714690365,True
629,0.8412698412698412,0.14285714285714285,-0.02061013367199774,-0.02233075743933904,-0.006927670928520729,True
630,0.8571428571428571,0.14285714285714285,-0.013692083835837756,-0.014707021290705963,-0.007251368585354788,True
631,0.873015873015873,0.14285714285714285,-0.008247327611709501,-0.007670764734609328,-0.007534311396954999,True
632,0.8888888888888888,0.14285714285714285,-0.004172702295080724,-0.001423102782812612,-0.007773458359364041,True
633,0.9047619047619047,0.14285714285714285,-0.00138660856700028,0.003785336069824346,-0.007968519635555194,True
634,0.9206349206349206,0.14285714285714285,0.00027256601789480957,0.007721977960441619,-0.00812111426338904,True
635,0.9365079365079365,0.14285714285714285,0.0010018371771034335,0.010162791512808822,-0.008233292833540016,True
636,0.9523809523809523,0.14285714285714285,0.0010561977334638737,0.010909020342713245,-0.00830611709333347,True
637,0.9682539682539681,0.14285714285714285,0.0007019604492324185,0.009665676120568036,-0.008339761900191736,True
638,0.9841269841269841,0.14285714285714285,0.0002361232715880967,0.006139236793811336,-0.008331070325564415,True
639,1.0,0.14285714285714285,-1.371831830996246e-08,8.197051080014138e-07,-0.008282265583388872,True
640,0.0,0.15873015873015872,-1.2525726652233553e-07,1.1842636644624937e-05,0.0013382515516294268,True
641,0.015873015873015872,0.15873015873015872,-0.0008787949478760289,0.0038554648117812983,0.0011307483613682964,True
642,0.031746031746031744,0.15873015873015872,-0.0032991533038219927,0.008393664716833076,0.0009382450966430017,True
643,0.047619047619047616,0.15873015873015872,-0.0070139245963369515,0.013200508022329544,0.0007710569674616541,True
644,0.06349206349206349,0.15873015873015872,-0.011801916507933203,0.018023771709804726,0.000619718597674579,True
645,0.07936507936507936,0.15873015873015872,-0.01750132806086836,0.0227762057672461,0.0004730786734387026,True
646,0.09523809523809523,0.15873015873015872,-0.02402944323723695,0.02745146815925389,0.0003216347701564954,True
647,0.1111111111111111,0.15873015873015872,-0.03127233757582575,0.03201645083418132,0.00015839015761449582,True
648,0.12698412698412698,0.15873015873015872,-0.039271561351149134,0.03655691367110646,-2.654155183804633e-05,True
649,0.14285714285714285,0.15873015873015872,-0.04795140072717454,0.04102913536439354,-0.00023803396804200985,True
650,0.15873015873015872,0.15873015873015872,-0.05729754466822798,0.045422847703584915,-0.00048278532063731326,True
651,0.1746031746031746,0.15873015873015872,-0.06732004122023116,0.049718385050539424,-0.0007670504348501081,True
652,0.19047619047619047,0.15873015873015872,-0.07791458536882197,0.053821400351856084,-0.0010952747440164366,True
653,0.20634920634920634,0.15873015873015872,-0.08908108559163716,0.05767276248188321,-0.0014715091846577478,True
654,0.2222222222222222,0.15873015873015872,-0.1006895556441604,0.06116045106297526,-0.0018993267788358812,True
655,0.23809523809523808,0.15873015873015872,-0.11268805887619926,0.06419438627708277,-0.002382211845231281,True
656,0.25396825396825395,0.15873015873015872,-0.12490680035426552,0.06665058227066883,-0.002915377478198314,True
657,0.2698412698412698,0.15873015873015872,-0.13725544907181608,0.06843649372284875,-0.003500972506599531,True
658,0.2857142857142857,0.15873015873015872,-0.1495968160806831,0.06946366245785009,-0.0041288004182804035,True
659,0.30158730158730157,0.15873015873015872,-0.16182311087922305,0.0696404708146337,-0.004798887517636,True
660,0.31746031746031744,0.15873015873015872,-0.1737451602193673,0.06892136708421022,-0.005491292044620366,True
661,0.3333333333333333,0.15873015873015872,-0.18526923065303855,0.06725771489038952,-0.006197953643510249,True
662,0.3492063492063492,0.15873015873015872,-0.1962978801333749,0.06457994778196643,-0.00691527205025956,True
663,0.36507936507936506,0.15873015873015872,-0.2066755216160236,0.06099241171236139,-0.0076002176852810206,True
664,0.38095238095238093,0.15873015873015872,-0.21632516259733953,0.056407642147026295,-0.008260346673546038,True
665,0.3968253968253968,0.15873015873015872,-0.22511239245380055,0.05087740357351662,-0.008872723196460425,True
666,0.4126984126984127,0.15873015873015872,-0.2330109666278552,0.04451050783909085,-0.009410561956985104,True
667,0.42857142857142855,0.15873015873015872,-0.23988610828629955,0.03732978802832696,-0.009866730816677743,True
668,0.4444444444444444,0.15873015873015872,-0.24571196862733216,0.029400310708245447,-0.01022689837278441,True
669,0.4603174603174603,0.15873015873015872,-0.2504011177673548,0.020843501111669015,-0.010477714233315878,True
670,0.47619047619047616,0.15873015873015872,-0.25386132351856655,0.011662994644410521,-0.010620655903134964,True
671,0.49206349206349204,0.15873015873015872,-0.256049751574364,0.0022083571142689244,-0.01063222594543871,True
672,0.5079365079365079,0.15873015873015872,-0.2569124063295426,-0.007713516813172048,-0.010533527587441478,True
673,0.5238095238095237,0.15873015873015872,-0.2563781234895282,-0.01767400508015099,-0.010315222708930743,True
674,0.5396825396825397,0.15873015873015872,-0.2544419262703893,-0.027675206846469385,-0.00999443166748845,True
675,0.5555555555555556,0.15873015873015872,-0.25102688851176536,-0.037514097529215286,-0.009582807584662241,True
676,0.5714285714285714,0.15873015873015872,-0.24614088002035744,-0.0470320558983581,-0.009097968336862126,True
677,0.5873015873015872,0.15873015873015872,-0.23979287708354488,-0.0560840950310818,-0.008555695374589788,True
678,0.6031746031746031,0.15873015873015872,-0.2318980435516013,-0.06438008174379042,-0.007991909728814367,True
679,0.6190476190476191,0.15873015873015872,-0.2225510002292562,-0.07177794352509208,-0.007425738345533104,True
680,0.6349206349206349,0.15873015873015872,-0.2117876771939834,-0.07811278993583812,-0.006880647843183559,True
681,0.6507936507936507,0.15873015873015872,-0.19970791803926743,-0.08310705830685682,-0.006395476111961581,True
682,0.6666666666666666,0.15873015873015872,-0.1864344647524883,-0.0867290165500272,-0.005974130087118535,True
683,0.6825396825396826,0.15873015873015872,-0.17214331436256897,-0.08875426410658958,-0.005649853282519625,True
684,0.6984126984126984,0.15873015873015872,-0.1570113149701595,-0.08915275232114458,-0.005423518706762932,True
685,0.7142857142857142,0.15873015873015872,-0.14132257455355116,-0.08782406074467555,-0.00531583567882051,True
686,0.7301587301587301,0.15873015873015872,-0.12530884442755436,-0.08484000296541916,-0.005310639457327334,True
687,0.746031746031746,0.15873015873015872,-0.10932212095381677,-0.08025653674315641,-0.005411428786255738,True
688,0.7619047619047619,0.15873015873015872,-0.09367487739975758,-0.07421899967417785,-0.005605122333046135,True
689,0.7777777777777777,0.15873015873015872,-0.07856437793686352,-0.0669150914770989,-0.005863646128383982,True
690,0.7936507936507936,0.15873015873015872,-0.06439718226899284,-0.05862407747223151,-0.006176174931701137,True
691,0.8095238095238095,0.15873015873015872,-0.051386516855599376,-0.04963402059399064,-0.006517939286447237,True
692,0.8253968253968254,0.15873015873015872,-0.039720421427020536,-0.040256118449086664,-0.00686813390285831,True
693,0.8412698412698412,0.15873015873015872,-0.02958294286624513,-0.03085005744582504,-0.007209531455015054,True
694,0.8571428571428571,0.15873015873015872,-0.02097932553596714,-0.021673779818634133,-0.0075281796640705705,True
695,0.873015873015873,0.15873015873015872,-0.01400335870839506,-0.013109429027104361,-0.007814415150209615,True
696,0.8888888888888888,0.15873015873015872,-0.008589735954913615,-0.005437415392228529,-0.008062785528368166,True
697,0.9047619047619047,0.15873015873015872,-0.004636981818569519,0.001061745236012179,-0.008271204678606932,True
698,0.9206349206349206,0.15873015873015872,-0.0019946213753332842,0.0061133137578058255,-0.008439927084199305,True
699,0.9365079365079365,0.15873015873015872,-0.0004490232732904916,0.00947729705820037,-0.008570079930420568,True
700,0.9523809523809523,0.15873015873015872,0.00022897066716139183,0.010845511280351812,-0.008662652157070993,True
701,0.9682539682539681,0.15873015873015872,0.00032547624681198686,0.009954923451336733,-0.008716940778899429,True
702,0.9841269841269841,0.15873015873015872,0.00013847397544287918,0.006456857070493347,-0.008730663172925129,True
703,1.0,0.15873015873015872,-3.6348082453281326e-08,1.54635291918737e-06,-0.008705534731697315,True
704,0.0,0.1746031746031746,1.0119103943581378e-07,-3.6011614353810068e-06,0.001490848964119555,True
705,0.015873015873015872,0.1746031746031746,-0.0010669563094166926,0.005729227880404423,0.0012406113986164712,True
706,0.031746031746031744,0.1746031746031746,-0.003965211032795324,0.011795500870412926,0.0010166040180003522,True
707,0.047619047619047616,0.1746031746031746,-0.008349222271369475,0.01784686218218535,0.0008284655268887833,True
708,0.06349206349206349,0.1746031746031746,-0.013925915009157653,0.023703676655106334,0.0006615037636253165,True
709,0.07936507936507936,0.1746031746031746,-0.020493726399883932,0.02934316367690209,0.0005009314247767332,True
710,0.09523809523809523,0.1746031746031746,-0.0279194997006939,0.03480011777872201,0.0003341188416908556,True
711,0.1111111111111111,0.1746031746031746,-0.03612114229470764,0.04012970586007659,0.00014962842372033232,True
712,0.12698412698412698,0.1746031746031746,-0.04505872095578592,0.04537226477919642,-6.172743256857048e-05,True
713,0.14285714285714285,0.1746031746031746,-0.054707837274897315,0.05054336976150265,-0.0003087132743865856,True
714,0.15873015873015872,0.1746031746031746,-0.0650259554116166,0.05560420331061191,-0.0005972929810118298,True
715,0.1746031746031746,0.1746031746031746,-0.0760007959431339,0.06052266276620771,-0.000936889613731696,True
716,0.19047619047619047,0.1746031746031746,-0.08756796188040265,0.0652037851929793,-0.0013319850124622259,True
717,0.20634920634920634,0.1746031746031746,-0.09964533600954927,0.06954209063879449,-0.001787945726754776,True
718,0.2222222222222222,0.1746031746031746,-0.1121673991095651,0.07343282012682333,-0.002308702976209311,True
719,0.23809523809523808,0.1746031746031746,-0.12498011714618201,0.07673946793531737,-0.002893702264631169,True
720,0.25396825396825395,0.1746031746031746,-0.13802278603544202,0.07936445593814546,-0.003546325598026627,True
721,0.2698412698412698,0.1746031746031746,-0.15114490203138264,0.08118384977232679,-0.004264852118578959,True
722,0.2857142857142857,0.1746031746031746,-0.1641709783880037,0.0821206762737639,-0.005026553171659879,True
723,0.30158730158730157,0.1746031746031746,-0.1770762069215131,0.08205744194989364,-0.005854390301187338,True
724,0.31746031746031744,0.1746031746031746,-0.18961553467567355,0.0809843976359507,-0.0067024424719052955,True
725,0.3333333333333333,0.1746031746031746,-0.2017389302785297,0.07883607785528525,-0.0075744222653598686,True
726,0.3492063492063492,0.1746031746031746,-0.21330590729862964,0.07559481286067155,-0.008451403760348374,True
727,0.36507936507936506,0.1746031746031746,-0.22422292829890372,0.07128434143612568,-0.00930981755444495,True
728,0.38095238095238093,0.1746031746031746,-0.23440077441431717,0.06590815266012132,-0.010134971434904614,True
729,0.3968253968253968,0.1746031746031746,-0.2437780930584515,0.0595468708485207,-0.010898377715699082,True
730,0.4126984126984127,0.1746031746031746,-0.2521952875802946,0.052213396473928496,-0.011590349504898775,True
731,0.42857142857142855,0.1746031746031746,-0.2596048473206892,0.04394151758091022,-0.012196561014597164,True
732,0.4444444444444444,0.1746031746031746,-0.265971648993029,0.03494174529585357,-0.012681507787453382,True
733,0.4603174603174603,0.1746031746031746,-0.27122149940919593,0.02518949901364708,-0.013049010946658128,True
734,0.47619047619047616,0.1746031746031746,-0.27531378226293385,0.014853504917008884,-0.013279730362845991,True
735,0.49206349206349204,0.1746031746031746,-0.2780869503599918,0.00401926985633943,-0.01337344216501146,True
736,0.5079365079365079,0.1746031746031746,-0.27957509885316545,-0.007171554391835615,-0.0133216209034447,True
737,0.5238095238095237,0.1746031746031746,-0.2797068680461942,-0.018574853504682846,-0.013130102296345864,True
738,0.5396825396825397,0.1746031746031746,-0.278357876505296,-0.030031605154887956,-0.01281064399572842,True
739,0.5555555555555556,0.1746031746031746,-0.2756437702274592,-0.04138923572964007,-0.012363974993471912,True
740,0.5714285714285714,0.1746031746031746,-0.271335790119911,-0.052435955282969245,-0.011818643588089803,True
741,0.5873015873015872,0.1746031746031746,-0.2654357941958649,-0.06297854289954123,-0.011194963498706361,True
742,0.6031746031746031,0.1746031746031746,-0.25799682515397826,-0.07276884354350645,-0.010515387533667065,True
743,0.6190476190476191,0.1746031746031746,-0.24901274983131508,-0.08174411601628939,-0.009797231204135039,True
744,0.6349206349206349,0.1746031746031746,-0.23842076033553686,-0.08952548662808224,-0.009083814248248704,True
745,0.6507936507936507,0.1746031746031746,-0.22634282560022276,-0.0958736358129785,-0.008410501063875277,True
746,0.6666666666666666,0.1746031746031746,-0.2128364740695602,-0.1007364571329244,-0.007786228034997985,True
747,0.6825396825396826,0.1746031746031746,-0.19806519821714783,-0.10383146307951088,-0.007248951526044484,True
748,0.6984126984126984,0.1746031746031746,-0.1821986480465662,-0.10505155906254532,-0.00681566392495587,True
749,0.7142857142857142,0.1746031746031746,-0.1654991204988924,-0.10432467976146785,-0.006496915173779933,True
750,0.7301587301587301,0.1746031746031746,-0.14821428825957622,-0.10160850589362316,-0.0063035144269185375,True
751,0.746031746031746,0.1746031746031746,-0.13071142863141338,-0.09697515724084602,-0.006234313715165772,True
752,0.7619047619047619,0.1746031746031746,-0.1132980319720586,-0.09055797148890729,-0.006275729527170978,True
753,0.7777777777777777,0.1746031746031746,-0.09633343254436737,-0.08256343721195342,-0.006413614907944769,True
754,0.7936507936507936,0.1746031746031746,-0.08016762848659748,-0.07327241268036964,-0.006629080124755286,True
755,0.8095238095238095,0.1746031746031746,-0.06513169748634534,-0.0630325411187998,-0.006900201180855005,True
756,0.8253968253968254,0.1746031746031746,-0.05142590202519231,-0.05217871393929515,-0.007201754786593655,True
757,0.8412698412698412,0.1746031746031746,-0.03932740510834041,-0.04115482952883233,-0.007515602842602022,True
758,0.8571428571428571,0.1746031746031746,-0.028918077420927977,-0.030320588272192604,-0.007822882863317789,True
759,0.873015873015873,0.1746031746031746,-0.020265997501592768,-0.020069567133768253,-0.008110734196068935,True
760,0.8888888888888888,0.1746031746031746,-0.013367433768704758,-0.010780504559115807,-0.008370120781467871,True
761,0.9047619047619047,0.1746031746031746,-0.008124032369589959,-0.002783102642622056,-0.008596036005452912,True
762,0.9206349206349206,0.1746031746031746,-0.004402942470187658,0.0035870798475385428,-0.008785898452639442,True
763,0.9365079365079365,0.1746031746031746,-0.001985223232597064,0.008032313006831653,-0.008939720817514997,True
764,0.9523809523809523,0.1746031746031746,-0.0006320264743576632,0.010236409319285877,-0.009056767820100278,True
765,0.9682539682539681,0.1746031746031746,-6.0653487401843844e-05,0.009867281473622746,-0.009136008932126138,True
766,0.9841269841269841,0.1746031746031746,4.0483977644947675e-05,0.006579374598232826,-0.009175023249262827,True
767,1.0,0.1746031746031746,1.1222763358264969e-08,-2.925187271412728e-07,-0.009173354949546415,True
768,0.0,0.19047619047619047,4.608608857766979e-09,1.0792287386550705e-05,0.0015864523200339277,True
769,0.015873015873015872,0.19047619047619047,-0.0012544725642724866,0.007950264087998732,0.0012944872538811338,True
770,0.031746031746031744,0.19047619047619047,-0.004637709376545593,0.015808973924234193,0.0010386728274158438,True
771,0.047619047619047616,0.19047619047619047,-0.009669831401008244,0.023229715465206104,0.0008299953341155897,True
772,0.06349206349206349,0.19047619047619047,-0.01601641329005032,0.030207104661179842,0.0006471445881473582,True
773,0.07936507936507936,0.19047619047619047,-0.02341839874658984,0.03678223298122501,0.00046989739441518285,True
774,0.09523809523809523,0.19047619047619047,-0.031738535399775995,0.04308506125755776,0.00028201046077589614,True
775,0.1111111111111111,0.19047619047619047,-0.04081343843493657,0.049152711638200404,7.20224130357161e-05,True
776,0.12698412698412698,0.19047619047619047,-0.050654443937529194,0.055120375716831795,-0.00017455751556571305,True
777,0.14285714285714285,0.19047619047619047,-0.06119840759778473,0.060978921648896935,-0.00046619969721749526,True
778,0.15873015873015872,0.19047619047619047,-0.07240897845082397,0.06670365957416297,-0.0008126097893893572,True
779,0.1746031746031746,0.19047619047619047,-0.08428743195133019,0.07224963524830837,-0.0012237887787285573,True
780,0.19047619047619047,0.19047619047619047,-0.09668751399917665,0.07746353069993024,-0.0017013178123769315,True
781,0.20634920634920634,0.19047619047619047,-0.10961083454788598,0.08227316839051976,-0.002258358765802788,True
782,0.2222222222222222,0.19047619047619047,-0.12288545574333017,0.08650790600862594,-0.0028905655768077312,True
783,0.23809523809523808,0.19047619047619047,-0.1364562519771141,0.0900631084005105,-0.0036037695005928356,True
784,0.25396825396825395,0.19047619047619047,-0.15018457689872725,0.09280026866234921,-0.004402042038075187,True
785,0.2698412698412698,0.19047619047619047,-0.1639470408059376,0.09461244067783295,-0.005271413467300101,True
786,0.2857142857142857,0.19047619047619047,-0.1775849994073296,0.09538286831234252,-0.006215388907392175,True
787,0.30158730158730157,0.19047619047619047,-0.19102097509495325,0.09506820999951622,-0.007210703037795424,True
788,0.31746031746031744,0.19047619047619047,-0.20407838776310622,0.0935940508576571,-0.008249333454501928,True
789,0.3333333333333333,0.19047619047619047,-0.21667745411030065,0.09094063085611195,-0.009312909235677916,True
790,0.3492063492063492,0.19047619047619047,-0.22869436250841998,0.08710456257631523,-0.010380230161827333,True
791,0.36507936507936506,0.19047619047619047,-0.24008474701512653,0.0820828813523814,-0.011436361032522309,True
792,0.38095238095238093,0.19047619047619047,-0.2506767258673191,0.07589227623816677,-0.012458584588620784,True
793,0.3968253968253968,0.19047619047619047,-0.2604445535699042,0.06866810643787924,-0.013406116449932297,True
794,0.4126984126984127,0.19047619047619047,-0.2692927564958592,0.06035683094716652,-0.014281869018653737,True
795,0.42857142857142855,0.19047619047619047,-0.2771822552495299,0.051125188703181126,-0.015044732498099943,True
796,0.4444444444444444,0.19047619047619047,-0.2840329210770663,0.04098234561986904,-0.01569161335454516,True
797,0.4603174603174603,0.19047619047619047,-0.28976432589418954,0.0300945466428201,-0.0161934015234954,True
798,0.47619047619047616,0.19047619047619047,-0.2943325638559323,0.018588609603748654,-0.016538127766661748,True
799,0.49206349206349204,0.19047619047619047,-0.29771119056066214,0.006424516440087132,-0.016729329611973816,True
800,0.5079365079365079,0.19047619047619047,-0.29982585976837506,-0.006029100291125561,-0.016740141356920885,True
801,0.5238095238095237,0.19047619047619047,-0.3006097511809759,-0.018819827421074565,-0.016588200338058804,True
802,0.5396825396825397,0.19047619047619047,-0.29997197635010003,-0.03172315806125228,-0.016275706313928252,True
803,0.5555555555555556,0.19047619047619047,-0.29788345206870576,-0.044565280655235226,-0.015810797398702586,True
804,0.5714285714285714,0.19047619047619047,-0.2943645790966126,-0.057157039844296716,-0.015203822831354175,True
805,0.5873015873015872,0.19047619047619047,-0.2892410437779345,-0.069265754742004,-0.014482639423591298,True
806,0.6031746031746031,0.19047619047619047,-0.2824886944252086,-0.08072747875541438,-0.01367028190746786,True
807,0.6190476190476191,0.19047619047619047,-0.2740015693934226,-0.09119233486708275,-0.012807198935489835,True
808,0.6349206349206349,0.19047619047619047,-0.2639947339741995,-0.10066109436359727,-0.011888536500815913,True
809,0.6507936507936507,0.19047619047619047,-0.25220290913830323,-0.10857820742251824,-0.010995498001815953,True
810,0.6666666666666666,0.19047619047619047,-0.23883719985790577,-0.1149135932158245,-0.010125920171343679,True
811,0.6825396825396826,0.19047619047619047,-0.2239428676945615,-0.11933687682262213,-0.00933072190186208,True
812,0.6984126984126984,0.19047619047619047,-0.20767842427207023,-0.12165376466377496,-0.008640868359473359,True
813,0.7142857142857142,0.19047619047619047,-0.19023636414447498,-0.12182230152241619,-0.008054570424316171,True
814,0.7301587301587301,0.19047619047619047,-0.1719421733275,-0.11967173953237926,-0.0076136667239148715,True
815,0.746031746031746,0.19047619047619047,-0.15310601046953942,-0.11525645302603159,-0.007316836561794214,True
816,0.7619047619047619,0.19047619047619047,-0.13405383101302462,-0.10868379232235756,-0.007152331153818881,True
817,0.7777777777777777,0.19047619047619047,-0.11529071835361698,-0.10017328135453446,-0.007122237693580128,True
818,0.7936507936507936,0.19047619047619047,-0.09710641921671324,-0.08999055145077028,-0.007197252367491639,True
819,0.8095238095238095,0.19047619047619047,-0.07994164287586683,-0.07851748811734835,-0.007363376058367475,True
820,0.8253968253968254,0.19047619047619047,-0.06409132077236324,-0.06616787087321888,-0.007590202917734538,True
821,0.8412698412698412,0.19047619047619047,-0.04991132042937799,-0.053457354154457626,-0.007859159564239441,True
822,0.8571428571428571,0.19047619047619047,-0.03749721214189385,-0.040786360477587144,-0.00814382035917325,True
823,0.873015873015873,0.19047619047619047,-0.027043361656004943,-0.02869969116875527,-0.008428336095784552,True
824,0.8888888888888888,0.19047619047619047,-0.018505742717968548,-0.017578090739078067,-0.008698108681676097,True
825,0.9047619047619047,0.19047619047619047,-0.011858362911462918,-0.007877249593524049,-0.008943954504846878,True
826,0.9206349206349206,0.19047619047619047,-0.00696851649882697,1.0452441615609879e-05,-0.009159460423559817,True
827,0.9365079365079365,0.19047619047619047,-0.003578577723696481,0.0057988999409857266,-0.009342976639720318,True
828,0.9523809523809523,0.19047619047619047,-0.001528792327653072,0.009006297339935184,-0.009488645047141203,True
829,0.9682539682539681,0.19047619047619047,-0.00044755802326248333,0.009393424834951737,-0.009597054875460862,True
830,0.9841269841269841,0.19047619047619047,-5.4253252614262296e-05,0.006515625829056613,-0.009663366274801487,True
831,1.0,0.19047619047619047,6.139241456620909e-08,5.50058009294867e-07,-0.009685501724151672,True
832,0.0,0.20634920634920634,5.443017550287073e-08,-7.796834538054314e-06,0.0016076255159028258,True
833,0.015873015873015872,0.20634920634920634,-0.0014356887860511277,0.010502775030153403,0.0012743782429176635,True
834,0.031746031746031744,0.20634920634920634,-0.005265253664439259,0.02033571476611745,0.0009894834770640632,True
835,0.047619047619047616,0.20634920634920634,-0.010939782011728898,0.029322206327927546,0.000759799734421734,True
836,0.06349206349206349,0.20634920634920634,-0.018030823526023414,0.03751508890183312,0.0005587161470948243,True
837,0.07936507936507936,0.20634920634920634,-0.026226044073013547,0.04506812358061027,0.0003625040209353325,True
838,0.09523809523809523,0.20634920634920634,-0.035343002809512025,0.05219113674913484,0.00015058220081525436,True
839,0.1111111111111111,0.20634920634920634,-0.04526976836413988,0.05904810397505724,-9.407689291033513e-05,True
840,0.12698412698412698,0.20634920634920634,-0.05593730894721848,0.06573443895704045,-0.0003848093831893537,True
841,0.14285714285714285,0.20634920634920634,-0.06731098379233984,0.07228985201578625,-0.0007348434988816461,True
842,0.15873015873015872,0.20634920634920634,-0.0793433828227783,0.0786663730535639,-0.001152107915846902,True
843,0.1746031746031746,0.20634920634920634,-0.09196287244914762,0.08477465848444622,-0.0016464065647410352,True
844,0.19047619047619047,0.20634920634920634,-0.1051412705456055,0.09052110833387446,-0.0022295895036231724,True
845,0.20634920634920634,0.20634920634920634,-0.11874678021094039,0.09573561709303276,-0.0028999701132683916,True
846,0.2222222222222222,0.20634920634920634,-0.13270932218486095,0.10029436184093309,-0.003671003358337254,True
847,0.23809523809523808,0.20634920634920634,-0.14689459062814458,0.10404040429927852,-0.004540002892132665,True
848,0.25396825396825395,0.20634920634920634,-0.1611839815791096,0.1068430710643308,-0.0055043224900577555,True
849,0.2698412698412698,0.20634920634920634,-0.1754482420631594,0.10857909163193452,-0.006564717636412961,True
850,0.2857142857142857,0.20634920634920634,-0.18955159063577814,0.10918645134163985,-0.007688214330104708,True
851,0.30158730158730157,0.20634920634920634,-0.20339066864998154,0.10853872803956457,-0.00890078368202976,True
852,0.31746031746031744,0.20634920634920634,-0.21683574122470045,0.10664007659100022,-0.010153952035804761,True
853,0.3333333333333333,0.20634920634920634,-0.22978197522172084,0.10344363877679036,-0.01144197505686936,True
854,0.3492063492063492,0.20634920634920634,-0.24212286861304444,0.09898472853252192,-0.012729311693329411,True
855,0.36507936507936506,0.20634920634920634,-0.25381059848842513,0.09322732682770546,-0.014014110190745626,True
856,0.38095238095238093,0.20634920634920634,-0.2647114805138581,0.08627590335585897,-0.015246140363581125,True
857,0.3968253968253968,0.20634920634920634,-0.27471281201495235,0.07812111775454435,-0.016418344926233196,True
858,0.4126984126984127,0.20634920634920634,-0.28389148246202994,0.06889983636002829,-0.0174917962002879,True
859,0.42857142857142855,0.20634920634920634,-0.29209138736411344,0.05864626333610451,-0.018450169593157806,True
860,0.4444444444444444,0.20634920634920634,-0.2992033198299738,0.04748065096935212,-0.0192663423013323,True
861,0.4603174603174603,0.20634920634920634,-0.3053391604926999,0.03550552245463842,-0.019922865613994322,True
862,0.47619047619047616,0.20634920634920634,-0.3103475882528284,0.02272649891837995,-0.020414818622621136,True
863,0.49206349206349204,0.20634920634920634,-0.31417525066403423,0.009523272137388924,-0.020700738182199037,True
864,0.5079365079365079,0.20634920634920634,-0.31680920752277547,-0.004310976692491597,-0.020806811213814568,True
865,0.5238095238095237,0.20634920634920634,-0.31822480866908975,-0.018381626334583376,-0.02070548940008746,True
866,0.5396825396825397,0.20634920634920634,-0.31834047363724965,-0.03266513632866457,-0.020411557918804033,True
867,0.5555555555555556,0.20634920634920634,-0.31700377312852085,-0.04693031973603206,-0.01993197259085865,True
868,0.5714285714285714,0.20634920634920634,-0.3142692409182541,-0.06102766124046653,-0.01927701791944037,True
869,0.5873015873015872,0.20634920634920634,-0.31003741474870533,-0.07474984502883897,-0.01846488708916129,True
870,0.6031746031746031,0.20634920634920634,-0.30422747641876435,-0.08784868818934835,-0.017520193719935812,True
871,0.6190476190476191,0.20634920634920634,-0.2967362167249224,-0.10015458145107466,-0.01646636966065851,True
872,0.6349206349206349,0.20634920634920634,-0.2873717722942266,-0.11114969842359602,-0.015366168272624983,True
873,0.6507936507936507,0.20634920634920634,-0.2763701163782563,-0.12090748336882702,-0.014209487011913742,True
874,0.6666666666666666,0.20634920634920634,-0.2635215441187231,-0.12888923810196,-0.013069877750338264,True
875,0.6825396825396826,0.20634920634920634,-0.24890305139669133,-0.13489361469428054,-0.011976570954188488,True
876,0.6984126984126984,0.20634920634920634,-0.23263783423045267,-0.13862930969990822,-0.010974770275757346,True
877,0.7142857142857142,0.20634920634920634,-0.2149181217017017,-0.14003043158596112,-0.010064832419382833,True
878,0.7301587301587301,0.20634920634920634,-0.19594113284261994,-0.13876399016041824,-0.009318438767151816,True
879,0.746031746031746,0.20634920634920634,-0.17604754905598805,-0.13489856351139334,-0.008724443797343261,True
880,0.7619047619047619,0.20634920634920634,-0.1556544954629147,-0.12847215558144137,-0.00830028102194254,True
881,0.7777777777777777,0.20634920634920634,-0.13513920866007093,-0.1196550222415239,-0.008034366849595763,True
882,0.7936507936507936,0.20634920634920634,-0.11502061793267146,-0.10874505967610143,-0.00792270198437292,True
883,0.8095238095238095,0.20634920634920634,-0.09572277059800884,-0.09613653892352064,-0.007938710662381138,True
884,0.8253968253968254,0.20634920634920634,-0.07769296337567375,-0.08231855977206444,-0.008060223995435498,True
885,0.8412698412698412,0.20634920634920634,-0.061298976912653555,-0.06784259131501383,-0.008258595437777731,True
886,0.8571428571428571,0.20634920634920634,-0.046800383915862886,-0.0532649705261052,-0.008505681049526155,True
887,0.873015873015873,0.20634920634920634,-0.03433940749551733,-0.03911055232373884,-0.008777108054520802,True
888,0.8888888888888888,0.20634920634920634,-0.024023936987747827,-0.025951886023108686,-0.009053921273476038,True
889,0.9047619047619047,0.20634920634920634,-0.015843451547093518,-0.014309774096933152,-0.009320102689258135,True
890,0.9206349206349206,0.20634920634920634,-0.009654485976356642,-0.004618798279197415,-0.009564992581755853,True
891,0.9365079365079365,0.20634920634920634,-0.005275066598463648,0.0026752307089255418,-0.009780512469414204,True
892,0.9523809523809523,0.20634920634920634,-0.0024313153273912195,0.007200647287921811,-0.009961255034710728,True
893,0.9682539682539681,0.20634920634920634,-0.0008363793363802307,0.008525646334572631,-0.010102066240095105,True
894,0.9841269841269841,0.20634920634920634,-0.0001483752557912224,0.00625492298560451,-0.01019799439837052,True
895,1.0,0.20634920634920634,4.1809222731689406e-09,1.9532782177316154e-07,-0.010243609370022503,True
896,0.0,0.2222222222222222,4.508999491117973e-07,-1.9599289388328137e-05,0.0015338821528170462,True
897,0.015873015873015872,0.2222222222222222,-0.001607444617500218,0.013389782323702613,0.0011618772210516201,True
898,0.031746031746031744,0.2222222222222222,-0.0058661706883697,0.025426102948731554,0.0008486239275209697,True
899,0.047619047619047616,0.2222222222222222,-0.012137008538295016,0.03609397838179596,0.0005981267191824203,True
900,0.06349206349206349,0.2222222222222222,-0.019908396999019338,0.04555773004058065,0.0003789870890507293,True
901,0.07936507936507936,0.2222222222222222,-0.0288394658018198,0.054135433867055376,0.00015925551622780472,True
902,0.09523809523809523,0.2222222222222222,-0.038704354422301246,0.06210978533665895,-8.190315832199075e-05,True
903,0.1111111111111111,0.2222222222222222,-0.049381226020469,0.06973088784246315,-0.0003673798421626646,True
904,0.12698412698412698,0.2222222222222222,-0.06079586712587348,0.07713319420179504,-0.0007122747852299843,True
905,0.14285714285714285,0.2222222222222222,-0.07289069386305677,0.08435076933590664,-0.0011298516230289924,True
906,0.15873015873015872,0.2222222222222222,-0.08562008646164616,0.09135010368466888,-0.0016334533524793974,True
907,0.1746031746031746,0.2222222222222222,-0.09893665156363199,0.09803289472656934,-0.002232828474607209,True
908,0.19047619047619047,0.2222222222222222,-0.11273458986563357,0.10424689755184818,-0.0029376229531625333,True
909,0.20634920634920634,0.2222222222222222,-0.12692640663642424,0.10983413836038396,-0.003746047851023168,True
910,0.2222222222222222,0.2222222222222222,-0.14141424530961888,0.11464818990478608,-0.004677168443201984,True
911,0.23809523809523808,0.2222222222222222,-0.1560743297692421,0.11853197143102082,-0.0057193653679395535,True
912,0.25396825396825395,0.2222222222222222,-0.17077966365435412,0.1213419414105618,-0.00688031425214974,True
913,0.2698412698412698,0.2222222222222222,-0.18541007528181008,0.12297410056501241,-0.008140335745557326,True
914,0.2857142857142857,0.2222222222222222,-0.19983072240185126,0.12331506751001195,-0.009505206958400155,True
915,0.30158730158730157,0.2222222222222222,-0.21394417139846666,0.12232845421635707,-0.010942974606614485,True
916,0.31746031746031744,0.2222222222222222,-0.22758865487611282,0.11995751518078207,-0.012438853780493827,True
917,0.3333333333333333,0.2222222222222222,-0.24073574601480105,0.11621614487759088,-0.01396781161977018,True
918,0.3492063492063492,0.2222222222222222,-0.2532220151542982,0.11106701854933933,-0.015515891457318715,True
919,0.36507936507936506,0.2222222222222222,-0.2649943346941162,0.10459628794039155,-0.017038181829055775,True
920,0.38095238095238093,0.2222222222222222,-0.2759812046726247,0.09677735788787051,-0.01852946802702808,True
921,0.3968253968253968,0.2222222222222222,-0.28613985063750186,0.08779691451014145,-0.019925699960599202,True
922,0.4126984126984127,0.2222222222222222,-0.2953575584203131,0.07761552655864282,-0.021228980056794612,True
923,0.42857142857142855,0.2222222222222222,-0.3036505250030863,0.0663730110988057,-0.022400538112634254,True
924,0.4444444444444444,0.2222222222222222,-0.31098704075224254,0.054217707210496416,-0.02340496413074703,True
925,0.4603174603174603,0.2222222222222222,-0.3172384956835166,0.04113586196945505,-0.024242076657756,True
926,0.47619047619047616,0.2222222222222222,-0.322511492538692,0.027351781981352165,-0.02487481502758244,True
927,0.49206349206349204,0.2222222222222222,-0.32670087452945085,0.012935573864362266,-0.025295681361900923,True
928,0.5079365079365079,0.2222222222222222,-0.32977973761213136,-0.002021757997703072,-0.025495568370659298,True
929,0.5238095238095237,0.2222222222222222,-0.3316821240560522,-0.0172743430532213,-0.02546155938367082,True
930,0.5396825396825397,0.2222222222222222,-0.33247951911053175,-0.03290673059913755,-0.025206580178932247,True
931,0.5555555555555556,0.2222222222222222,-0.33195314160236755,-0.04847491792238266,-0.024723403266584267,True
932,0.5714285714285714,0.2222222222222222,-0.33016649546533755,-0.06400979017720201,-0.024026385787715192,True
933,0.5873015873015872,0.2222222222222222,-0.32695791578772476,-0.07926980740853981,-0.02313225497923165,True
934,0.6031746031746031,0.2222222222222222,-0.32212072326900465,-0.09392994622449312,-0.022070562743133,True
935,0.6190476190476191,0.2222222222222222,-0.3157673876545743,-0.10789977860540462,-0.020852084375162287,True
936,0.6349206349206349,0.2222222222222222,-0.30769128367768844,-0.12084212068949686,-0.019516883127844692,True
937,0.6507936507936507,0.2222222222222222,-0.29767000697838186,-0.13234129397679367,-0.018117837449955966,True
938,0.6666666666666666,0.2222222222222222,-0.2857729897643891,-0.14215555474606725,-0.016687384552644853,True
939,0.6825396825396826,0.2222222222222222,-0.2719542180802369,-0.1500056915297166,-0.015260971375526282,True
940,0.6984126984126984,0.2222222222222222,-0.2562313076527003,-0.1555544272674682,-0.013886251874665214,True
941,0.7142857142857142,0.2222222222222222,-0.23865792322597057,-0.15841880777069126,-0.012626043425780943,True
942,0.7301587301587301,0.2222222222222222,-0.21952193825834282,-0.15847728012032042,-0.011501252124697188,True
943,0.746031746031746,0.2222222222222222,-0.19903586721699554,-0.15556575252177832,-0.01054527895618895,True
944,0.7619047619047619,0.2222222222222222,-0.17759155238212831,-0.14963823689699196,-0.009789214166436843,True
945,0.7777777777777777,0.2222222222222222,-0.15572739832762214,-0.14087014137214388,-0.009238290444721676,True
946,0.7936507936507936,0.2222222222222222,-0.13381634205700546,-0.12950660521751234,-0.008865942084601543,True
947,0.8095238095238095,0.2222222222222222,-0.1125142134064512,-0.11595353074408071,-0.008685454765554955,True
948,0.8253968253968254,0.2222222222222222,-0.09225610861355295,-0.10073310707228614,-0.008650140230153314,True
949,0.8412698412698412,0.2222222222222222,-0.07357590733050075,-0.08447768373753294,-0.008743436951767136,True
950,0.8571428571428571,0.2222222222222222,-0.05680829024851762,-0.06782951627650341,-0.008927164381108937,True
951,0.873015873015873,0.2222222222222222,-0.04223520127589191,-0.05146808029117461,-0.009170522488057756,True
952,0.8888888888888888,0.2222222222222222,-0.030023155335312975,-0.03608460109433847,-0.009446914445479604,True
953,0.9047619047619047,0.2222222222222222,-0.020121259845419,-0.022180347018053395,-0.009731712509852148,True
954,0.9206349206349206,0.2222222222222222,-0.01256262098774627,-0.010482710437630561,-0.010006239489787455,True
955,0.9365079365079365,0.2222222222222222,-0.007064980394584058,-0.0013546831571754968,-0.010258557561443787,True
956,0.9523809523809523,0.2222222222222222,-0.0033921692009888102,0.004710475489920791,-0.010477455237610947,True
957,0.9682539682539681,0.2222222222222222,-0.0012437372825184606,0.007234037563582926,-0.01065415061543725,True
958,0.9841269841269841,0.2222222222222222,-0.00024407362649532703,0.005803661077433046,-0.010782450784661132,True
959,1.0,0.2222222222222222,3.9443245871709525e-08,2.1333990336549568e-06,-0.01085267131133714,True
960,0.0,0.23809523809523808,-2.463944425432417e-07,-2.850921930661298e-06,0.001346946197420467,True
961,0.015873015873015872,0.23809523809523808,-0.0017650353800417807,0.016591391002656188,0.0009392581939669047,True
962,0.031746031746031744,0.23809523809523808,-0.006417739903801614,0.03104547342580638,0.0006002948954379108,True
963,0.047619047619047616,0.23809523809523808,-0.013219331930111846,0.04347663529977644,0.0003303154603824281,True
964,0.06349206349206349,0.23809523809523808,-0.021601481522024117,0.05426608333079804,9.139675572870136e-05,True
965,0.07936507936507936,0.23809523809523808,-0.031190079701526086,0.06388974415399441,-0.00015398919708424128,True
966,0.09523809523809523,0.23809523809523808,-0.04172757682932238,0.07273924190695352,-0.0004326469370916439,True
967,0.1111111111111111,0.23809523809523808,-0.053072820835644935,0.08112508501871689,-0.0007664545238213893,True
968,0.12698412698412698,0.23809523809523808,-0.06513215711611867,0.08921947597422958,-0.0011742248621420051,True
969,0.14285714285714285,0.23809523809523808,-0.0778395069036648,0.0970779432445731,-0.0016728205163742047,True
970,0.15873015873015872,0.23809523809523808,-0.09115264014502751,0.10466255627616533,-0.0022760436555134653,True
971,0.1746031746031746,0.23809523809523808,-0.10501931628776831,0.11186191115935869,-0.002992671966239563,True
972,0.19047619047619047,0.23809523809523808,-0.1193174257977634,0.11850195913200143,-0.003834119629674707,True
973,0.20634920634920634,0.23809523809523808,-0.13396842556512864,0.12441954704471185,-0.004804538659715028,True
974,0.2222222222222222,0.23809523809523808,-0.14884590895975974,0.1294391993085806,-0.005919048399335915,True
975,0.23809523809523808,0.23809523809523808,-0.16383853914178742,0.13340085886299424,-0.007163175528864186,True
976,0.25396825396825395,0.23809523809523808,-0.17881899518921998,0.13616705299420948,-0.008539839688308858,True
977,0.2698412698412698,0.23809523809523808,-0.19362579181313966,0.13761283180690875,-0.010033555596751459,True
978,0.2857142857142857,0.23809523809523808,-0.20821059685423862,0.13766483913880354,-0.011648216353924193,True
979,0.30158730158730157,0.23809523809523808,-0.22242267844602487,0.13628873509489278,-0.013335378545740375,True
980,0.31746031746031744,0.23809523809523808,-0.23609542756279084,0.1333795676361598,-0.015107263318550475,True
981,0.3333333333333333,0.23809523809523808,-0.24924003082413923,0.1290245323468265,-0.01691023233949447,True
982,0.3492063492063492,0.23809523809523808,-0.26165199007427714,0.12319334447012113,-0.018720552077152147,True
983,0.36507936507936506,0.23809523809523808,-0.2733732810732094,0.11593987082794201,-0.020520456671753888,True
984,0.38095238095238093,0.23809523809523808,-0.2842388181201013,0.10732659124264245,-0.02226091557713676,True
985,0.3968253968253968,0.23809523809523808,-0.29425353319086023,0.097435301738475,-0.0239171887892584,True
986,0.4126984126984127,0.23809523809523808,-0.3033747716033618,0.08635936051674571,-0.025454549838646253,True
987,0.42857142857142855,0.23809523809523808,-0.31152799367593975,0.07416402762144214,-0.02684837012075176,True
988,0.4444444444444444,0.23809523809523808,-0.31877341013591765,0.06097229126319251,-0.028071264600417516,True
989,0.4603174603174603,0.23809523809523808,-0.32513229710546127,0.04698336026906653,-0.029080636379211947,True
990,0.47619047619047616,0.23809523809523808,-0.3304348824571666,0.03211556763392137,-0.02988711336842311,True
991,0.49206349206349204,0.23809523809523808,-0.3347832238325861,0.01672010773727572,-0.030436921508712016,True
992,0.5079365079365079,0.23809523809523808,-0.3381885636934415,0.0007039720741998805,-0.03075095955964228,True
993,0.5238095238095237,0.23809523809523808,-0.3405682596140774,-0.015751741666203616,-0.03080385480930028,True
994,0.5396825396825397,0.23809523809523808,-0.3418756888701243,-0.03236407660027652,-0.030588668335907655,True
995,0.5555555555555556,0.23809523809523808,-0.3421863885491241,-0.04927187643952312,-0.03012236730571472,True
996,0.5714285714285714,0.23809523809523808,-0.34115450807293923,-0.06598466211016857,-0.029405007807631733,True
997,0.5873015873015872,0.23809523809523808,-0.33904887768343284,-0.08267221473807973,-0.028446069477847852,True
998,0.6031746031746031,0.23809523809523808,-0.335516039163766,-0.0988902711195709,-0.027269348303348515,True
999,0.6190476190476191,0.23809523809523808,-0.33041624176780826,-0.11443425141768682,-0.025904140727024693,True
1000,0.6349206349206349,0.23809523809523808,-0.3237306785558222,-0.12917896858928915,-0.02436228813393108,True
1001,0.6507936507936507,0.23809523809523808,-0.3151794603264875,-0.1425361805608619,-0.022713850201981134,True
1002,0.6666666666666666,0.23809523809523808,-0.3047012865737383,-0.15443082018068338,-0.020967675439715196,True
1003,0.6825396825396826,0.23809523809523808,-0.29214017613680043,-0.1642832140298423,-0.019200369597921322,True
1004,0.6984126984126984,0.23809523809523808,-0.27743338808789475,-0.17177976582576987,-0.017454196284650506,True
1005,0.7142857142857142,0.23809523809523808,-0.26065573846336976,-0.17656422510502867,-0.015781506671793774,True
1006,0.7301587301587301,0.23809523809523808,-0.2418783443146167,-0.17829796983998625,-0.014237570976164933,True
1007,0.746031746031746,0.23809523809523808,-0.2213544580160287,-0.17675115937560507,-0.012869018651451536,True
1008,0.7619047619047619,0.23809523809523808,-0.19939146079311565,-0.17177905870439758,-0.011716987560929537,True
1009,0.7777777777777777,0.23809523809523808,-0.17646747300272692,-0.16350897122065897,-0.010775103595502744,True
1010,0.7936507936507936,0.23809523809523808,-0.15313906346602904,-0.15205659416341213,-0.0100859004865941,True
1011,0.8095238095238095,0.23809523809523808,-0.12998828856605715,-0.13781676292880918,-0.00963838600943437,True
1012,0.8253968253968254,0.23809523809523808,-0.1076634913025001,-0.12138356155244281,-0.00940222400803413,True
1013,0.8412698412698412,0.23809523809523808,-0.08671462247836181,-0.10341890307321748,-0.009346106542268482,True
1014,0.8571428571428571,0.23809523809523808,-0.06769622630322446,-0.08473163599116314,-0.009438411751638459,True
1015,0.873015873015873,0.23809523809523808,-0.050838802717530884,-0.06597282107661806,-0.009628924414350317,True
1016,0.8888888888888888,0.23809523809523808,-0.03653315195791174,-0.048077904491477995,-0.009890991999055878,True
1017,0.9047619047619047,0.23809523809523808,-0.024877585274298147,-0.03180096445968705,-0.010187219155987802,True
1018,0.9206349206349206,0.23809523809523808,-0.015718687857349915,-0.017656534953390986,-0.01049286293655342,True
1019,0.9365079365079365,0.23809523809523808,-0.009019771971317113,-0.006430360636597369,-0.010782769893277465,True
1020,0.9523809523809523,0.23809523809523808,-0.0044312216951361595,0.0014945365722302739,-0.011042837022999193,True
1021,0.9682539682539681,0.23809523809523808,-0.0016744172464145785,0.005508281586889793,-0.01125956316792903,True
1022,0.9841269841269841,0.23809523809523808,-0.00034532084159563046,0.005148841058901036,-0.011423043147948515,True
1023,1.0,0.23809523809523808,-6.444418883352457e-08,-2.9851807209705077e-06,-0.01151917578843305,True
1024,0.0,0.25396825396825395,2.484776500520069e-08,-1.485287688380857e-06,0.0010278943721489895,True
1025,0.015873015873015872,0.25396825396825395,-0.001902656331719266,0.02006332785245872,0.000589953763915919,True
1026,0.031746031746031744,0.25396825396825395,-0.006895389130654187,0.03708458898128029,0.0002279734927710126,True
1027,0.047619047619047616,0.25396825396825395,-0.014166181800534071,0.05141472601262401,-6.0770955324234205e-05,True
1028,0.06349206349206349,0.25396825396825395,-0.02308906484825944,0.06359961098812755,-0.00032246455867118365,True
1029,0.07936507936507936,0.25396825396825395,-0.03324023163919849,0.07427838046485072,-0.0005976792520996509,True
1030,0.09523809523809523,0.25396825396825395,-0.044344950071920436,0.08398315490135574,-0.0009171612909622179,True
1031,0.1111111111111111,0.25396825396825395,-0.05624951927671932,0.09312120295620853,-0.0013093479710969776,True
1032,0.12698412698412698,0.25396825396825395,-0.06884435393822873,0.10189027537281105,-0.0017918497494739975,True
1033,0.14285714285714285,0.25396825396825395,-0.08206407442537837,0.11036361179952262,-0.002382489517353356,True
1034,0.15873015873015872,0.25396825396825395,-0.09585481643598932,0.11849975111073267,-0.0030966936280321924,True
1035,0.1746031746031746,0.25396825396825395,-0.11012274477066408,0.12616079600428162,-0.003949618516764794,True
1036,0.19047619047619047,0.25396825396825395,-0.12478282585486876,0.13317080082556498,-0.004947135856931729,True
1037,0.20634920634920634,0.25396825396825395,-0.1397306478491567,0.1393485629406741,-0.006100281734202969,True
1038,0.2222222222222222,0.25396825396825395,-0.15485120118719528,0.14450969134376826,-0.007409445310144154,True
1039,0.23809523809523808,0.25396825396825395,-0.170015917995416,0.14848788222285586,-0.008874536762633995,True
1040,0.25396825396825395,0.25396825396825395,-0.18509463416308627,0.15113855172775087,-0.010490377649079322,True
1041,0.2698412698412698,0.25396825396825395,-0.1999834134419528,0.15236620494476752,-0.012241138875288937,True
1042,0.2857142857142857,0.25396825396825395,-0.21452000806615426,0.15206337542718434,-0.01411647163126957,True
1043,0.30158730158730157,0.25396825396825395,-0.22859218200555484,0.15017295040019848,-0.0160996705047231,True
1044,0.31746031746031744,0.25396825396825395,-0.24215701430707517,0.14673634924164405,-0.018143506351417666,True
1045,0.3333333333333333,0.25396825396825395,-0.255060157718637,0.1417077061653439,-0.020235075247210615,True
1046,0.3492063492063492,0.25396825396825395,-0.26725107491386585,0.13514412623723937,-0.022335579903342496,True
1047,0.36507936507936506,0.25396825396825395,-0.278596593740961,0.1270659279761506,-0.024414225061684617,True
1048,0.38095238095238093,0.25396825396825395,-0.2891653183424722,0.1176075673888826,-0.02642975816549436,True
1049,0.3968253968253968,0.25396825396825395,-0.2988863773141631,0.1068787150165814,-0.02833493279126695,True
1050,0.4126984126984127,0.25396825396825395,-0.3076086766824069,0.09481388154734767,-0.03013673937156611,True
1051,0.42857142857142855,0.25396825396825395,-0.3155497739148326,0.08177288659811684,-0.031746188509383017,True
1052,0.4444444444444444,0.25396825396825395,-0.32256032070394675,0.06766283392866582,-0.03318013158647321,True
1053,0.4603174603174603,0.25396825396825395,-0.32859626474924936,0.05271632034557922,-0.03437804137279074,True
1054,0.47619047619047616,0.25396825396825395,-0.33390682664063565,0.03698185714406856,-0.03534940816897133,True
1055,0.49206349206349204,0.25396825396825395,-0.33832393451904935,0.02062384352861462,-0.036051126845552575,True
1056,0.5079365079365079,0.25396825396825395,-0.34174794657643504,0.0036997369916282274,-0.036475117717163205,True
1057,0.5238095238095237,0.25396825396825395,-0.34450561098783594,-0.013643627670752539,-0.03661845143222114,True
1058,0.5396825396825397,0.25396825396825395,-0.34628243646171547,-0.031312673552020776,-0.03647009577081771,True
1059,0.5555555555555556,0.25396825396825395,-0.34717951462001845,-0.049176863916571084,-0.036032301624641674,True
1060,0.5714285714285714,0.25396825396825395,-0.3471005638144648,-0.06710432521549889,-0.03530910438855867,True
1061,0.5873015873015872,0.25396825396825395,-0.3459424724774055,-0.08493469274716307,-0.034309590554022586,True
1062,0.6031746031746031,0.25396825396825395,-0.34364554164315814,-0.10251251036959864,-0.03304833240095374,True
1063,0.6190476190476191,0.25396825396825395,-0.3399002081470727,-0.11955171832491807,-0.031550885000807403,True
1064,0.6349206349206349,0.25396825396825395,-0.3348771716948387,-0.13594175201642245,-0.029834249968906438,True
1065,0.6507936507936507,0.25396825396825395,-0.3279813352641114,-0.15119439792800385,-0.02794786507247829,True
1066,0.6666666666666666,0.25396825396825395,-0.31924341333356904,-0.16505923535934078,-0.025923791567677466,True
1067,0.6825396825396826,0.25396825396825395,-0.3083966295601754,-0.17707806406235194,-0.023816310653369015,True
1068,0.6984126984126984,0.25396825396825395,-0.2953052324894112,-0.1868160821848602,-0.021680954889259484,True
1069,0.7142857142857142,0.25396825396825395,-0.27986957283838476,-0.19383858996923026,-0.019572931424465288,True
1070,0.7301587301587301,0.25396825396825395,-0.2620755039043859,-0.19758984625831322,-0.01758805569177904,True
1071,0.746031746031746,0.25396825396825395,-0.2421539648575374,-0.19792638143463154,-0.01574153511544767,True
1072,0.7619047619047619,0.25396825396825395,-0.2203005847311581,-0.1944590683092403,-0.014118831097483842,True
1073,0.7777777777777777,0.25396825396825395,-0.19692435028486024,-0.18714395327263478,-0.012745732516693246,True
1074,0.7936507936507936,0.25396825396825395,-0.17260887475630066,-0.17605240624197205,-0.0116711012175945,True
1075,0.8095238095238095,0.25396825396825395,-0.1480133560738802,-0.16155922804056613,-0.010888931965047335,True
1076,0.8253968253968254,0.25396825396825395,-0.1237634384094459,-0.14417685957026738,-0.01037204524979226,True
1077,0.8412698412698412,0.25396825396825395,-0.10062598051104411,-0.12464129433709019,-0.010111423010450087,True
1078,0.8571428571428571,0.25396825396825395,-0.07924953191700512,-0.10383407184625439,-0.010061873340840164,True
1079,0.873015873015873,0.25396825396825395,-0.060131545137927726,-0.08267470273249941,-0.010175263144260515,True
1080,0.8888888888888888,0.25396825396825395,-0.04364485350429572,-0.062108888486378605,-0.010403506767663663,True
1081,0.9047619047619047,0.25396825396825395,-0.03000014850543639,-0.04305174204364599,-0.010701960053272862,True
1082,0.9206349206349206,0.25396825396825395,-0.019195967876887533,-0.02627597618724281,-0.011031533247044539,True
1083,0.9365079365079365,0.25396825396825395,-0.011138509005927263,-0.012549926611027254,-0.011360881149882958,True
1084,0.9523809523809523,0.25396825396825395,-0.005568868814149042,-0.0024947690630354523,-0.011665158682620143,True
1085,0.9682539682539681,0.25396825396825395,-0.0021539928517869166,0.0032789641074893894,-0.01192474964954704,True
1086,0.9841269841269841,0.25396825396825395,-0.0004550934522126369,0.0042870638306820716,-0.01212628656910826,True
1087,1.0,0.25396825396825395,-1.9968332867510025e-08,-7.409768275586986e-07,-0.012251479309084535,True
1088,0.0,0.2698412698412698,-6.243184388290349e-07,1.8580253294917845e-05,0.0005632635752432053,True
1089,0.015873015873015872,0.2698412698412698,-0.002018921618107112,0.023771238305804982,9.864227581414203e-05,True
1090,0.031746031746031744,0.2698412698412698,-0.0072904355754382436,0.04350761027316287,-0.00028233467376084803,True
1091,0.047619047619047616,0.2698412698412698,-0.014948613370544385,0.05981988991241354,-0.0005895360344945007,True
1092,0.06349206349206349,0.2698412698412698,-0.0243158896929441,0.07343911726768065,-0.0008748391492207437,True
1093,0.07936507936507936,0.2698412698412698,-0.034930667115184555,0.08518621677212734,-0.0011836416826461694,True
1094,0.09523809523809523,0.2698412698412698,-0.04649683077119658,0.09573991887472642,-0.0015511635705736926,True
1095,0.1111111111111111,0.2698412698412698,-0.05884650439887431,0.1056028114684479,-0.002007508409788337,True
1096,0.12698412698412698,0.2698412698412698,-0.07186314848576301,0.11501414039195304,-0.0025718716140359903,True
1097,0.14285714285714285,0.2698412698412698,-0.08547356779284394,0.12407770707307678,-0.0032698270105427155,True
1098,0.15873015873015872,0.2698412698412698,-0.09958445367891483,0.13271502480176678,-0.0041167639983102355,True
1099,0.1746031746031746,0.2698412698412698,-0.11413160029815113,0.14077696076523522,-0.005111010947707644,True
1100,0.19047619047619047,0.2698412698412698,-0.1290161986977731,0.14810161588098517,-0.006280015607190416,True
1101,0.20634920634920634,0.2698412698412698,-0.14412361347946337,0.1544809645156398,-0.00762988371815972,True
1102,0.2222222222222222,0.2698412698412698,-0.15931461496300015,0.15970659213200578,-0.009154338620098313,True
1103,0.23809523809523808,0.2698412698412698,-0.17449285167729164,0.1636319537935773,-0.010858451701567622,True
1104,0.25396825396825395,0.2698412698412698,-0.18951563260354176,0.16610396999309812,-0.01273072159865799,True
1105,0.2698412698412698,0.2698412698412698,-0.20424666783615458,0.16701211236072358,-0.014755871728440144,True
1106,0.2857142857142857,0.2698412698412698,-0.2185468036524419,0.1662519663076672,-0.016929126540664526,True
1107,0.30158730158730157,0.2698412698412698,-0.23239874612274197,0.16388474594372038,-0.019185028302144656,True
1108,0.31746031746031744,0.2698412698412698,-0.24558014467295886,0.15978752304802257,-0.021532866313829457,True
1109,0.3333333333333333,0.2698412698412698,-0.2580970418685116,0.1540682699891354,-0.02391365847445604,True
1110,0.3492063492063492,0.2698412698412698,-0.2697387467373352,0.1466461809557429,-0.026324735543035452,True
1111,0.36507936507936506,0.2698412698412698,-0.2807006369705153,0.13782719841888988,-0.028668424981811914,True
1112,0.38095238095238093,0.2698412698412698,-0.2907196601053161,0.12748269086435865,-0.030961576853459127,True
1113,0.3968253968253968,0.2698412698412698,-0.2998275312147547,0.11582311093388463,-0.033128755520394064,True
1114,0.4126984126984127,0.2698412698412698,-0.3081294954863175,0.10294332099728981,-0.03516258227805235,True
1115,0.42857142857142855,0.2698412698412698,-0.31555075679733646,0.088977685195593,-0.037007335291565496,True
1116,0.4444444444444444,0.2698412698412698,-0.32210948808145484,0.07403622168251665,-0.03863587163005544,True
1117,0.4603174603174603,0.2698412698412698,-0.3278833297858929,0.05822690648142044,-0.040032564001522906,True
1118,0.47619047619047616,0.2698412698412698,-0.33281654953117845,0.04168124704156895,-0.04115716240215741,True
1119,0.49206349206349204,0.2698412698412698,-0.33708400481115197,0.024524510870677696,-0.0420031427478206,True
1120,0.5079365079365079,0.2698412698412698,-0.3406672413937419,0.006864941306983053,-0.04254807422021606,True
1121,0.5238095238095237,0.2698412698412698,-0.34347393711297003,-0.011274441283964444,-0.04278555816167288,True
1122,0.5396825396825397,0.2698412698412698,-0.3456042912911943,-0.029758437722940755,-0.04271041772450035,True
1123,0.5555555555555556,0.2698412698412698,-0.34702227093745897,-0.048408623667656275,-0.04231737427491503,True
1124,0.5714285714285714,0.2698412698412698,-0.3477054077441479,-0.06730438963875131,-0.041610612424789396,True
1125,0.5873015873015872,0.2698412698412698,-0.34745535998062155,-0.0860751025787999,-0.040595588448450744,True
1126,0.6031746031746031,0.2698412698412698,-0.34637891774794183,-0.10485519774286842,-0.03927634363880593,True
1127,0.6190476190476191,0.2698412698412698,-0.34410216719670833,-0.12318630168827523,-0.03768235272451422,True
1128,0.6349206349206349,0.2698412698412698,-0.3405275740634503,-0.14103120476944397,-0.03582070022940601,True
1129,0.6507936507936507,0.2698412698412698,-0.33548349849031345,-0.15798785314502745,-0.03373951625417877,True
1130,0.6666666666666666,0.2698412698412698,-0.3287486555633683,-0.17382575366616454,-0.031460851841682,True
1131,0.6825396825396826,0.2698412698412698,-0.3200090784215857,-0.18804599780490494,-0.029040258125555475,True
1132,0.6984126984126984,0.2698412698412698,-0.30887826526995465,-0.2000688878553325,-0.026546122442674798,True
1133,0.7142857142857142,0.2698412698412698,-0.2953527547432223,-0.20951019563359066,-0.02402575664246031,True
1134,0.7301587301587301,0.2698412698412698,-0.27931627586892666,-0.21587056324148968,-0.021541489884613938,True
1135,0.746031746031746,0.2698412698412698,-0.2605941386150873,-0.21843254844557325,-0.019210304513636145,True
1136,0.7619047619047619,0.2698412698412698,-0.23950492124431869,-0.21693559389121064,-0.017086651814945366,True
1137,0.7777777777777777,0.2698412698412698,-0.21636014823164573,-0.21118311612983698,-0.015214800187698566,True
1138,0.7936507936507936,0.2698412698412698,-0.1916370217586777,-0.2010348163438761,-0.013676301774357162,True
1139,0.8095238095238095,0.2698412698412698,-0.16603034145062742,-0.18678293853454514,-0.012476852682934221,True
1140,0.8253968253968254,0.2698412698412698,-0.14024879258513243,-0.16888399928562908,-0.0116106179168247,True
1141,0.8412698412698412,0.2698412698412698,-0.1151819134057782,-0.14808091409826216,-0.011084959523297118,True
1142,0.8571428571428571,0.2698412698412698,-0.09161209624910421,-0.12535122715830535,-0.010848939663847047,True
1143,0.873015873015873,0.2698412698412698,-0.0701267206008273,-0.10167024724137703,-0.01083612796123246,True
1144,0.8888888888888888,0.2698412698412698,-0.05142614696640579,-0.0783478051594211,-0.0110064323914969,True
1145,0.9047619047619047,0.2698412698412698,-0.035607713970487884,-0.05616650357584536,-0.011289114103081293,True
1146,0.9206349206349206,0.2698412698412698,-0.02305089456967518,-0.036498058052919134,-0.011636444718466995,True
1147,0.9365079365079365,0.2698412698412698,-0.013520471851537442,-0.01994777309363655,-0.012002608028573622,True
1148,0.9523809523809523,0.2698412698412698,-0.006857244749304538,-0.007397440395664045,-0.012351053019227329,True
1149,0.9682539682539681,0.2698412698412698,-0.0026936297527165344,0.0005075093720689996,-0.012658095345511855,True
1150,0.9841269841269841,0.2698412698412698,-0.0005771135433410044,0.0031947359473609486,-0.012902253081654,True
1151,1.0,0.2698412698412698,-2.1039379791278494e-07,-1.291065296476176e-06,-0.013059046411201094,True
1152,0.0,0.2857142857142857,2.3521302771251533e-08,1.7405093557273487e-05,-6.131166711916954e-05,True
1153,0.015873015873015872,0.2857142857142857,-0.0020990367740262098,0.027593546594452175,-0.0005429195540578974,True
1154,0.031746031746031744,0.2857142857142857,-0.007591182509300256,0.050261471496874315,-0.0009414383606225917,True
1155,0.047619047619047616,0.2857142857142857,-0.01554231782596749,0.06858539109975309,-0.0012666918528114683,True
1156,0.06349206349206349,0.2857142857142857,-0.025242713335466578,0.08363771892876345,-0.0015779561937911688,True
1157,0.07936507936507936,0.2857142857142857,-0.0362152784266567,0.09648519794400566,-0.0019223309416070344,True
1158,0.09523809523809523,0.2857142857142857,-0.04814321472249129,0.10792403954418942,-0.002348806882429014,True
1159,0.1111111111111111,0.2857142857142857,-0.06081895572916569,0.11847146968629002,-0.0028727700767256603,True
1160,0.12698412698412698,0.2857142857142857,-0.07413037156713088,0.12849120542741382,-0.0035306705784821256,True
1161,0.14285714285714285,0.2857142857142857,-0.08798156094803983,0.13807598723434336,-0.004343727801293804,True
1162,0.15873015873015872,0.2857142857142857,-0.102293371953142,0.14714892111070083,-0.005320550968853841,True
1163,0.1746031746031746,0.2857142857142857,-0.11697264392541945,0.15556900361370607,-0.0064832865954181735,True
1164,0.19047619047619047,0.2857142857142857,-0.13192960739898904,0.1631437837353115,-0.007840609935967536,True
1165,0.20634920634920634,0.2857142857142857,-0.14703236086788374,0.16964411103880828,-0.00939692224593246,True
1166,0.2222222222222222,0.2857142857142857,-0.16214545872754854,0.17486654093351414,-0.0111645992622452,True
1167,0.23809523809523808,0.2857142857142857,-0.1771550173171524,0.17864518464497492,-0.013121943664978814,True
1168,0.25396825396825395,0.2857142857142857,-0.191980911334735,0.18088526796525117,-0.01525014422737124,True
1169,0.2698412698412698,0.2857142857142857,-0.2063839381584431,0.18139015174900397,-0.017566100157258457,True
1170,0.2857142857142857,0.2857142857142857,-0.22033548640344014,0.1801709092270938,-0.020011809930109332,True
1171,0.30158730158730157,0.2857142857142857,-0.23366804357293083,0.17714826216671564,-0.022582692065820312,True
1172,0.31746031746031744,0.2857142857142857,-0.24635873059029145,0.17238203773864025,-0.025229332314277913,True
1173,0.3333333333333333,0.2857142857142857,-0.25824546247544833,0.16586466942854103,-0.027908704172220578,True
1174,0.3492063492063492,0.2857142857142857,-0.269319442137217,0.15767678031660454,-0.030598392200331934,True
1175,0.36507936507936506,0.2857142857142857,-0.27954654750166985,0.14794794489182067,-0.033229481245193086,True
1176,0.38095238095238093,0.2857142857142857,-0.2888001806705663,0.13666823486007992,-0.03579472634635079,True
1177,0.3968253968253968,0.2857142857142857,-0.29735515070488955,0.12419802126458332,-0.03820999153941393,True
1178,0.4126984126984127,0.2857142857142857,-0.3049409081464866,0.11045931393105844,-0.0404630716228214,True
1179,0.42857142857142855,0.2857142857142857,-0.31167383148451866,0.09560985676263123,-0.042527747835841116,True
1180,0.4444444444444444,0.2857142857142857,-0.31770052114200553,0.07990544728070297,-0.04434260041844907,True
1181,0.4603174603174603,0.2857142857142857,-0.32298369514779834,0.06336446340129485,-0.04590701218214781,True
1182,0.47619047619047616,0.2857142857142857,-0.32759118374273655,0.046154593729519425,-0.04717954624375995,True
1183,0.49206349206349204,0.2857142857142857,-0.331565287926559,0.02833408396228912,-0.04815580490679088,True
1184,0.5079365079365079,0.2857142857142857,-0.33494441846949863,0.00999809266439906,-0.0488208128870722,True
1185,0.5238095238095237,0.2857142857142857,-0.33780104847820347,-0.008736415698071332,-0.0491549195971196,True
1186,0.5396825396825397,0.2857142857142857,-0.340170028044471,-0.027803832269732646,-0.04915762923895233,True
1187,0.5555555555555556,0.2857142857142857,-0.34197461583050803,-0.047138199704628264,-0.04882121902779964,True
1188,0.5714285714285714,0.2857142857142857,-0.34324077548203874,-0.0666675128616706,-0.04814815973189851,True
1189,0.5873015873015872,0.2857142857142857,-0.34387218301789796,-0.08627921138053553,-0.047139151595070414,True
1190,0.6031746031746031,0.2857142857142857,-0.34379437127123047,-0.10588799171437356,-0.045801251393619506,True
1191,0.6190476190476191,0.2857142857142857,-0.3428278519012919,-0.12532551450781954,-0.04414304733441335,True
1192,0.6349206349206349,0.2857142857142857,-0.3408848538052215,-0.14443295801842548,-0.04218651419381262,True
1193,0.6507936507936507,0.2857142857142857,-0.3375843518838021,-0.16287362561783475,-0.039955825663959534,True
1194,0.6666666666666666,0.2857142857142857,-0.33282038018857957,-0.1804335178953967,-0.037478408281032834,True
1195,0.6825396825396826,0.2857142857142857,-0.32628155550812743,-0.19670159989948363,-0.03479775987640921,True
1196,0.6984126984126984,0.2857142857142857,-0.3176556398416508,-0.21121356072005365,-0.03195955162907292,True
1197,0.7142857142857142,0.2857142857142857,-0.3062666532162233,-0.22305518460933796,-0.029071853383162666,True
1198,0.7301587301587301,0.2857142857142857,-0.2925456092381744,-0.23218995387725105,-0.026138079143495026,True
1199,0.746031746031746,0.2857142857142857,-0.27574510768688615,-0.23745960800098748,-0.02330535936047349,True
1200,0.7619047619047619,0.2857142857142857,-0.25620876715498353,-0.23858520022201732,-0.02062977480776844,True
1201,0.7777777777777777,0.2857142857142857,-0.23397550075151743,-0.23495462327173372,-0.018221897947288335,True
1202,0.7936507936507936,0.2857142857142857,-0.20955406355970754,-0.2264273367084962,-0.01614743244767898,True
1203,0.8095238095238095,0.2857142857142857,-0.1835397007114863,-0.21302446614779308,-0.014463206543422907,True
1204,0.8253968253968254,0.2857142857142857,-0.1567736751631917,-0.19514781128312575,-0.013199454103159869,True
1205,0.8412698412698412,0.2857142857142857,-0.13006846396441699,-0.17347684004381567,-0.012320453795393514,True
1206,0.8571428571428571,0.2857142857142857,-0.1044587986688309,-0.1490280948673251,-0.011822526952399168,True
1207,0.873015873015873,0.2857142857142857,-0.0808040983635183,-0.12302955536421528,-0.011649749063223908,True
1208,0.8888888888888888,0.2857142857142857,-0.059742512667573106,-0.09670966943855142,-0.011719395164995238,True
1209,0.9047619047619047,0.2857142857142857,-0.041818116486450244,-0.0714198434904072,-0.011964950909417208,True
1210,0.9206349206349206,0.2857142857142857,-0.0272929897491381,-0.04839544013891127,-0.01231843202444834,True
1211,0.9365079365079365,0.2857142857142857,-0.016181376940059465,-0.028700091976963882,-0.012715277233551843,True
1212,0.9523809523809523,0.2857142857142857,-0.008276674121469912,-0.013197663172456674,-0.01311105215811441,True
1213,0.9682539682539681,0.2857142857142857,-0.0032914106295640465,-0.002821118344208843,-0.013466344538434786,True
1214,0.9841269841269841,0.2857142857142857,-0.0007272931354109381,0.0017688559099563917,-0.01375546247700028,True
1215,1.0,0.2857142857142857,2.7336769454263125e-08,-6.108068429996923e-06,-0.013950857572015666,True
1216,0.0,0.30158730158730157,5.590249959302329e-08,-1.6623991738018256e-05,-0.0008530688173172752,True
1217,0.015873015873015872,0.30158730158730157,-0.0021545687320566327,0.03171600633483653,-0.001346798036918032,True
1218,0.031746031746031744,0.30158730158730157,-0.007784035402979507,0.057197846152487894,-0.001757969357755292,True
1219,0.047619047619047616,0.30158730158730157,-0.01593386110775863,0.0776404962449334,-0.002100317281037371,True
1220,0.06349206349206349,0.30158730158730157,-0.02587244934758655,0.0942275158136064,-0.002439134221083092,True
1221,0.07936507936507936,0.30158730158730157,-0.03707826658732738,0.10811819737533342,-0.0028269589301102107,True
1222,0.09523809523809523,0.30158730158730157,-0.04922625468490253,0.1203489277439829,-0.0033064467838728484,True
1223,0.1111111111111111,0.30158730158730157,-0.062103069367107244,0.13158008818376252,-0.003914389823074987,True
1224,0.12698412698412698,0.30158730158730157,-0.07558123789056792,0.14216378460549178,-0.004670490355601195,True
1225,0.14285714285714285,0.30158730158730157,-0.08954813206876464,0.15222209017315746,-0.005605219815975129,True
1226,0.15873015873015872,0.30158730158730157,-0.10392446620574991,0.16169295832348252,-0.0067312966327871095,True
1227,0.1746031746031746,0.30158730158730157,-0.11859740700230363,0.17040428621003198,-0.00806902862855275,True
1228,0.19047619047619047,0.30158730158730157,-0.13348154312391164,0.1781490766074461,-0.00961643517181217,True
1229,0.20634920634920634,0.30158730158730157,-0.14842573346983243,0.18469316288832996,-0.011393448403858171,True
1230,0.2222222222222222,0.30158730158730157,-0.16332473179206997,0.18984971463211428,-0.013393829331392408,True
1231,0.23809523809523808,0.30158730158730157,-0.1780571086534951,0.19344582538819888,-0.015603507121936644,True
1232,0.25396825396825395,0.30158730158730157,-0.19244706017914626,0.19531023859656096,-0.018024723929465303,True
1233,0.2698412698412698,0.30158730158730157,-0.20636355038818488,0.19533746208246794,-0.02063126587708931,True
1234,0.2857142857142857,0.30158730158730157,-0.21978703212173306,0.19355852355595063,-0.02337464542980688,True
1235,0.30158730158730157,0.30158730158730157,-0.2325247075099761,0.1898838874134383,-0.026234140821265774,True
1236,0.31746031746031744,0.30158730158730157,-0.24446993973496306,0.18431733642562623,-0.029179817074064713,True
1237,0.3333333333333333,0.30158730158730157,-0.25563602039779,0.1769858077948114,-0.03215454197934489,True
1238,0.3492063492063492,0.30158730158730157,-0.26591394922484385,0.16793581265545066,-0.03511296442702396,True
1239,0.36507936507936506,0.30158730158730157,-0.2753374318949647,0.15730611869326233,-0.038023258920857325,True
1240,0.38095238095238093,0.30158730158730157,-0.28388922050264376,0.14524568345589692,-0.040813910879753744,True
1241,0.3968253968253968,0.30158730158730157,-0.2915130938451467,0.13182206075150513,-0.043465277884878036,True
1242,0.4126984126984127,0.30158730158730157,-0.29836341013056067,0.11726918227705752,-0.04593355623171372,True
1243,0.42857142857142855,0.30158730158730157,-0.3044369698278157,0.10170725693348019,-0.04817592470552477,True
1244,0.4444444444444444,0.30158730158730157,-0.3097368624094067,0.08524049032898671,-0.050163559958595096,True
1245,0.4603174603174603,0.30158730158730157,-0.3143846164163148,0.06802437825334019,-0.05187577025513982,True
1246,0.47619047619047616,0.30158730158730157,-0.31849982495440377,0.050200871472163094,-0.05329278417944229,True
1247,0.49206349206349204,0.30158730158730157,-0.3220703898598781,0.03184553044127,-0.05438454487591308,True
1248,0.5079365079365079,0.30158730158730157,-0.325206587242288,0.013036811505213849,-0.055150661405546704,True
1249,0.5238095238095237,0.30158730158730157,-0.327976167698168,-0.006137994666726692,-0.055574890625766885,True
1250,0.5396825396825397,0.30158730158730157,-0.3303715894746398,-0.02564239234962641,-0.055652365558502365,True
1251,0.5555555555555556,0.30158730158730157,-0.3324366274509274,-0.04541510404376544,-0.055378990940120026,True
1252,0.5714285714285714,0.30158730158730157,-0.33415035649981717,-0.06540807383225772,-0.054753254104066285,True
1253,0.5873015873015872,0.30158730158730157,-0.33547329335338366,-0.08557077008674321,-0.05377384974022268,True
1254,0.6031746031746031,0.30158730158730157,-0.33631914030870325,-0.1058261573824218,-0.05244421838826187,True
1255,0.6190476190476191,0.30158730158730157,-0.33656892432764957,-0.12607136385241868,-0.050771600060026484,True
1256,0.6349206349206349,0.30158730158730157,-0.33600942333439743,-0.14615988599026505,-0.04875969350079635,True
1257,0.6507936507936507,0.30158730158730157,-0.33453899705840917,-0.16592942882523584,-0.04643155932588764,True
1258,0.6666666666666666,0.30158730158730157,-0.33173515616014865,-0.18502969194962754,-0.04380795620717588,True
1259,0.6825396825396826,0.30158730158730157,-0.3273890032757575,-0.2031435137300021,-0.040926481758364726,True
1260,0.6984126984126984,0.30158730158730157,-0.3211708812042086,-0.21983028510299102,-0.037828020015719506,True
1261,0.7142857142857142,0.30158730158730157,-0.3125425125131059,-0.2343821713721829,-0.03458508878279935,True
1262,0.7301587301587301,0.30158730158730157,-0.30128476207185667,-0.24625052638964734,-0.03125838047650414,True
1263,0.746031746031746,0.30158730158730157,-0.28710378969442224,-0.25464817214679913,-0.027944058790112285,True
1264,0.7619047619047619,0.30158730158730157,-0.2695960166403918,-0.25861453535307577,-0.02476195990063482,True
1265,0.7777777777777777,0.30158730158730157,-0.24904080742582219,-0.2577349545396737,-0.02179310234027139,True
1266,0.7936507936507936,0.30158730158730157,-0.22566693251542783,-0.2514875685382765,-0.019149787535105954,True
1267,0.8095238095238095,0.30158730158730157,-0.19995723917527877,-0.23963095792320827,-0.016927616444151035,True
1268,0.8253968253968254,0.30158730158730157,-0.17274456723386172,-0.22248616389824047,-0.01514499128978554,True
1269,0.8412698412698412,0.30158730158730157,-0.144975934095275,-0.2005425619178391,-0.01386295175588221,True
1270,0.8571428571428571,0.30158730158730157,-0.11771397276089063,-0.17482139547319386,-0.013053555319638789,True
1271,0.873015873015873,0.30158730158730157,-0.09194375267108515,-0.14658702310713356,-0.01264004030137084,True
1272,0.8888888888888888,0.30158730158730157,-0.06865487248736066,-0.11738547575996808,-0.012572375078602926,True
1273,0.9047619047619047,0.30158730158730157,-0.048503203939664376,-0.08872164064211066,-0.0127494241306496,True
1274,0.9206349206349206,0.30158730158730157,-0.03193421885373032,-0.06209378289521639,-0.013089298340340838,True
1275,0.9365079365079365,0.30158730158730157,-0.019081083301500358,-0.03880036980547689,-0.013511834802504103,True
1276,0.9523809523809523,0.30158730158730157,-0.009895574201581393,-0.020125245128288845,-0.01395190988125456,True
1277,0.9682539682539681,0.30158730158730157,-0.003978092968333684,-0.006843444231955792,-0.014358704513421932,True
1278,0.9841269841269841,0.30158730158730157,-0.0008864415619860345,0.00011174809776288877,-0.014700421006327312,True
1279,1.0,0.30158730158730157,3.9629309982963014e-08,1.0420610529131127e-05,-0.014935356272772612,True
1280,0.0,0.31746031746031744,-8.222046895564862e-09,-5.7115544047101065e-06,-0.0018157130462254606,True
1281,0.015873015873015872,0.31746031746031744,-0.0021741240298034066,0.03574460850194529,-0.002315792871291878,True
1282,0.031746031746031744,0.31746031746031744,-0.007863722520789785,0.06428818824410328,-0.0027353091314776946,True
1283,0.047619047619047616,0.31746031746031744,-0.016105805345875086,0.08685350537658713,-0.0030940396723419454,True
1284,0.06349206349206349,0.31746031746031744,-0.026153410374870383,0.10491164396411483,-0.003460608351332368,True
1285,0.07936507936507936,0.31746031746031744,-0.03747945846155802,0.11990396247949635,-0.0038930004161228057,True
1286,0.09523809523809523,0.31746031746031744,-0.04973199047923723,0.1329488844268253,-0.004437220591846075,True
1287,0.1111111111111111,0.31746031746031744,-0.06268784240430465,0.14481484467354971,-0.005127355253912899,True
1288,0.12698412698412698,0.31746031746031744,-0.07619592018538926,0.15592161784186956,-0.0059934031968183685,True
1289,0.14285714285714285,0.31746031746031744,-0.0901547978872885,0.1664026067133797,-0.007053887458001246,True
1290,0.15873015873015872,0.31746031746031744,-0.10444593227490899,0.1761936920905475,-0.008336054725406541,True
1291,0.1746031746031746,0.31746031746031744,-0.11898105686293485,0.18512403610028058,-0.00984810133882816,True
1292,0.19047619047619047,0.31746031746031744,-0.1336265613516387,0.19296165194326098,-0.011608008356436933,True
1293,0.20634920634920634,0.31746031746031744,-0.14828101843264846,0.1994841854490533,-0.01360970966667672,True
1294,0.2222222222222222,0.31746031746031744,-0.16280728397412614,0.20448202520607503,-0.01585477133335155,True
1295,0.23809523809523808,0.31746031746031744,-0.1770497058580855,0.20775828430262544,-0.01833693889025004,True
1296,0.25396825396825395,0.31746031746031744,-0.190918374075431,0.20921579670352086,-0.021030136313299957,True
1297,0.2698412698412698,0.31746031746031744,-0.2042605169887149,0.20873831426172,-0.023911528125733196,True
1298,0.2857142857142857,0.31746031746031744,-0.21693755373054308,0.2062592324523395,-0.02695224377989978,True
1299,0.30158730158730157,0.31746031746031744,-0.22889045992480825,0.20181729142041285,-0.030107461782959224,True
1300,0.31746031746031744,0.31746031746031744,-0.24007497545468487,0.195482120410109,-0.03332923898350492,True
1301,0.3333333333333333,0.31746031746031744,-0.2503797000656521,0.18728555534045188,-0.03657567698768778,True
1302,0.3492063492063492,0.31746031746031744,-0.25979673525170655,0.17735859114101982,-0.03979639081651783,True
1303,0.36507936507936506,0.31746031746031744,-0.26830869236417304,0.16583712343316348,-0.04293505945168026,True
1304,0.38095238095238093,0.31746031746031744,-0.27593041842684557,0.15286166527688239,-0.04596174730870844,True
1305,0.3968253968253968,0.31746031746031744,-0.2827546144481132,0.1386510297456679,-0.04881461745274604,True
1306,0.4126984126984127,0.31746031746031744,-0.28871038880307115,0.12327996838492795,-0.05145847325825648,True
1307,0.42857142857142855,0.31746031746031744,-0.2939555852730413,0.10697676519886191,-0.05385891651947358,True
1308,0.4444444444444444,0.31746031746031744,-0.2985136517958837,0.08984576755730368,-0.05599525364466207,True
1309,0.4603174603174603,0.31746031746031744,-0.30257741166758206,0.07210333074268208,-0.057831321485126694,True
1310,0.47619047619047616,0.31746031746031744,-0.30609008805602034,0.05377046434902926,-0.05935274837698741,True
1311,0.49206349206349204,0.31746031746031744,-0.30922773680233046,0.035001547461810396,-0.06054473148466287,True
1312,0.5079365079365079,0.31746031746031744,-0.3120375088401726,0.015848873234008295,-0.061397301368922776,True
1313,0.5238095238095237,0.31746031746031744,-0.31459472334349403,-0.00362833509867786,-0.06189850946310215,True
1314,0.5396825396825397,0.31746031746031744,-0.31694499771831813,-0.023392939660962387,-0.06204706003218313,True
1315,0.5555555555555556,0.31746031746031744,-0.3191235277074459,-0.04341423890351537,-0.06183642928118447,True
1316,0.5714285714285714,0.31746031746031744,-0.32113554837131764,-0.06367412774162379,-0.06126592385002616,True
1317,0.5873015873015872,0.31746031746031744,-0.32295812259599066,-0.0841503367371973,-0.06033188469492922,True
1318,0.6031746031746031,0.31746031746031744,-0.32454892086179155,-0.10481449462596837,-0.05903726497150278,True
1319,0.6190476190476191,0.31746031746031744,-0.32574734138408956,-0.12559875257954037,-0.057372899929642215,True
1320,0.6349206349206349,0.31746031746031744,-0.3265155967745222,-0.14643389226593823,-0.055360030587524235,True
1321,0.6507936507936507,0.31746031746031744,-0.32654843957875745,-0.16714678381903114,-0.052993136048280744,True
1322,0.6666666666666666,0.31746031746031744,-0.32564955848655797,-0.18753413339821876,-0.05029469526809819,True
1323,0.6825396825396826,0.31746031746031744,-0.323411668330701,-0.20724103678943243,-0.04728301014481298,True
1324,0.6984126984126984,0.31746031746031744,-0.3194985253114184,-0.2258485423043004,-0.04399704409552952,True
1325,0.7142857142857142,0.31746031746031744,-0.3135928984367936,-0.2428563295790506,-0.04049034954137342,True
1326,0.7301587301587301,0.31746031746031744,-0.30517620924212036,-0.25752786574556874,-0.03683169772478709,True
1327,0.746031746031746,0.31746031746031744,-0.29375036894232504,-0.2689872504952273,-0.03311127556142656,True
1328,0.7619047619047619,0.31746031746031744,-0.2791307439848605,-0.27647975289701,-0.029418052482566046,True
1329,0.7777777777777777,0.31746031746031744,-0.2607960731534742,-0.2787107001271662,-0.02592451522689476,True
1330,0.7936507936507936,0.31746031746031744,-0.23924113499555788,-0.2754618103526063,-0.022686631583123697,True
1331,0.8095238095238095,0.31746031746031744,-0.21464493877989316,-0.26598873622037317,-0.01986897673249106,True
1332,0.8253968253968254,0.31746031746031744,-0.18770809376819522,-0.2502676760312204,-0.017549658514318202,True
1333,0.8412698412698412,0.31746031746031744,-0.1594263366436057,-0.2287522523689724,-0.015773139057585667,True
1334,0.8571428571428571,0.31746031746031744,-0.13092929957013347,-0.20230489475641408,-0.01455651818256413,True
1335,0.873015873015873,0.31746031746031744,-0.10341235562730025,-0.17226579451849855,-0.013854888726005111,True
1336,0.8888888888888888,0.31746031746031744,-0.0780052351659353,-0.14028517194474993,-0.013589703155189831,True
1337,0.9047619047619047,0.31746031746031744,-0.055658287370872556,-0.10819480238671576,-0.013663098269303954,True
1338,0.9206349206349206,0.31746031746031744,-0.0370077463334132,-0.0777799566833261,-0.013966923093744206,True
1339,0.9365079365079365,0.31746031746031744,-0.02234841958072839,-0.05063896586039525,-0.01440119900083674,True
1340,0.9523809523809523,0.31746031746031744,-0.011686999055058525,-0.0281940703553085,-0.01488147176527119,True
1341,0.9682539682539681,0.31746031746031744,-0.004759361292866642,-0.011643603514174875,-0.015342474869810947,True
1342,0.9841269841269841,0.31746031746031744,-0.0010769653989546031,-0.0019519233324476013,-0.015739102223149126,True
1343,1.0,0.31746031746031744,-8.889070612422253e-09,-1.2174583896607326e-06,-0.01602176699882274,True
1344,0.0,0.3333333333333333,-2.2397377321424277e-08,1.0810980244246996e-05,-0.002953279883866566,True
1345,0.015873015873015872,0.3333333333333333,-0.002159521488366409,0.03983146430127945,-0.0034497827767118595,True
1346,0.031746031746031744,0.3333333333333333,-0.00782665049459843,0.07140452891270649,-0.0038743729480889793,True
1347,0.047619047619047616,0.3333333333333333,-0.016051743073190725,0.09610781240863268,-0.004247804988048753,True
1348,0.06349206349206349,0.3333333333333333,-0.026093196576703382,0.11567623638380033,-0.0046431475106485836,True
1349,0.07936507936507936,0.3333333333333333,-0.03741095338814905,0.13174565627202556,-0.005123235452143939,True
1350,0.09523809523809523,0.3333333333333333,-0.049642209215509256,0.14557760102812817,-0.0057339765536417,True
1351,0.1111111111111111,0.3333333333333333,-0.06254285647784202,0.15804389048636916,-0.00651433939010366,True
1352,0.12698412698412698,0.3333333333333333,-0.07596183536704988,0.16962069720933476,-0.007488515072951423,True
1353,0.14285714285714285,0.3333333333333333,-0.08976333675914978,0.1804580807150018,-0.008686316377222478,True
1354,0.15873015873015872,0.3333333333333333,-0.10385553035598304,0.1905135512390889,-0.010122571738543586,True
1355,0.1746031746031746,0.3333333333333333,-0.11810294658877639,0.1995912754548385,-0.011820814987542843,True
1356,0.19047619047619047,0.3333333333333333,-0.1324064108810656,0.2074628052542967,-0.013782367454839739,True
1357,0.20634920634920634,0.3333333333333333,-0.14661533854700803,0.213875322787831,-0.016017636400988175,True
1358,0.2222222222222222,0.3333333333333333,-0.16062674939626043,0.2186274046012658,-0.018508361181217344,True
1359,0.23809523809523808,0.3333333333333333,-0.17430690824812484,0.22155479525444027,-0.02124470660917823,True
1360,0.25396825396825395,0.3333333333333333,-0.18748352353314715,0.22249143386793122,-0.024215464622245927,True
1361,0.2698412698412698,0.3333333333333333,-0.20004952305406296,0.22136261749231467,-0.0273807694258955,True
1362,0.2857142857142857,0.3333333333333333,-0.2119817793909216,0.2182205804655328,-0.030687331106967974,True
1363,0.30158730158730157,0.3333333333333333,-0.22307853281385542,0.21298201972372383,-0.034120650641426165,True
1364,0.31746031746031744,0.3333333333333333,-0.23333933749022645,0.20576961622505271,-0.037603014406211686,True
1365,0.3333333333333333,0.3333333333333333,-0.24274105333857357,0.19670478043416426,-0.04109739767355193,True
1366,0.3492063492063492,0.3333333333333333,-0.2511495805016587,0.18581606899141806,-0.04455983813696713,True
1367,0.36507936507936506,0.3333333333333333,-0.25876996716400885,0.17344406707537618,-0.04790909161057761,True
1368,0.38095238095238093,0.3333333333333333,-0.26546392108078654,0.1596128544784428,-0.0511214359934031,True
1369,0.3968253968253968,0.3333333333333333,-0.27133126604040153,0.14455666256055177,-0.054138061645910604,True
1370,0.4126984126984127,0.3333333333333333,-0.27645449272258027,0.12845883057936477,-0.05693892246280866,True
1371,0.42857142857142855,0.3333333333333333,-0.28089195179360205,0.11148721012646652,-0.05946953950681843,True
1372,0.4444444444444444,0.3333333333333333,-0.2847184521420779,0.09378871831786297,-0.06171200447100679,True
1373,0.4603174603174603,0.3333333333333333,-0.2881232277974896,0.07555950685398731,-0.06364118940482803,True
1374,0.47619047619047616,0.3333333333333333,-0.2910442879490593,0.05681585673924277,-0.06525593006323882,True
1375,0.49206349206349204,0.3333333333333333,-0.293757673605006,0.03776290110212297,-0.06651572460297554,True
1376,0.5079365079365079,0.3333333333333333,-0.29617121322757045,0.018359900231600616,-0.06744152811745636,True
1377,0.5238095238095237,0.3333333333333333,-0.29849126327948683,-0.00127798593598211,-0.06800130356250132,True
1378,0.5396825396825397,0.3333333333333333,-0.30070951068310237,-0.021164037883852495,-0.06821266830519088,True
1379,0.5555555555555556,0.3333333333333333,-0.3028951807512772,-0.04127640408236508,-0.06806078131569106,True
1380,0.5714285714285714,0.3333333333333333,-0.30506336350995067,-0.06162873680284658,-0.06755192132107665,True
1381,0.5873015873015872,0.3333333333333333,-0.3071904615674014,-0.0822192019001432,-0.06666614150965451,True
1382,0.6031746031746031,0.3333333333333333,-0.30930068301628716,-0.10305988122620316,-0.06542401721672648,True
1383,0.6190476190476191,0.3333333333333333,-0.311313540992627,-0.12414176269316085,-0.06381696439216619,True
1384,0.6349206349206349,0.3333333333333333,-0.31305648281469695,-0.14542014355413269,-0.06182466878323688,True
1385,0.6507936507936507,0.3333333333333333,-0.31437646156445503,-0.1667911532014607,-0.05946974418246527,True
1386,0.6666666666666666,0.3333333333333333,-0.3150439416373002,-0.188102107325976,-0.05675201707109923,True
1387,0.6825396825396826,0.3333333333333333,-0.3148337122211864,-0.2091501090625488,-0.053687517830470946,True
1388,0.6984126984126984,0.3333333333333333,-0.31324142885009404,-0.22949516913739254,-0.05029562301507623,True
1389,0.7142857142857142,0.3333333333333333,-0.30978296243561243,-0.24858270755297313,-0.046615380706906524,True
1390,0.7301587301587301,0.3333333333333333,-0.3040923719490353,-0.265814650284647,-0.042705940222432306,True
1391,0.746031746031746,0.3333333333333333,-0.29579692561206045,-0.28047032150640683,-0.038646008134538036,True
1392,0.7619047619047619,0.3333333333333333,-0.28417021791915736,-0.2913773202601644,-0.034540823859952365,True
1393,0.7777777777777777,0.3333333333333333,-0.2687463517202656,-0.2973000703307339,-0.030542680475069504,True
1394,0.7936507936507936,0.3333333333333333,-0.2497138727302696,-0.29764507438798454,-0.026737214790650082,True
1395,0.8095238095238095,0.3333333333333333,-0.22688562250163924,-0.29118084846141407,-0.02332880101333997,True
1396,0.8253968253968254,0.3333333333333333,-0.2010327161570725,-0.2778182339258568,-0.020406302400789177,True
1397,0.8412698412698412,0.3333333333333333,-0.17292254830194093,-0.25752033707865946,-0.01808499421470263,True
1398,0.8571428571428571,0.3333333333333333,-0.14377418791723295,-0.23107775113803442,-0.016395086178767806,True
1399,0.873015873015873,0.3333333333333333,-0.11491191016153872,-0.19976211562000554,-0.015326727067948555,True
1400,0.8888888888888888,0.3333333333333333,-0.08765775863592405,-0.1653333634094979,-0.014806579229901489,True
1401,0.9047619047619047,0.3333333333333333,-0.06318674527673422,-0.12982892733425594,-0.014726006316475988,True
1402,0.9206349206349206,0.3333333333333333,-0.042449762306539275,-0.09548056684494821,-0.014965343274335997,True
1403,0.9365079365079365,0.3333333333333333,-0.025894828604783565,-0.06414765537632362,-0.015395117328740585,True
1404,0.9523809523809523,0.3333333333333333,-0.01368530650511338,-0.03760016651936473,-0.015909997567463696,True
1405,0.9682539682539681,0.3333333333333333,-0.0056326070400296345,-0.01727820323445161,-0.016425373647192335,True
1406,0.9841269841269841,0.3333333333333333,-0.0012920485294095384,-0.0044112034000996884,-0.01688092059641807,True
1407,1.0,0.3333333333333333,-8.962745213757296e-08,-5.186249757120358e-06,-0.017216266451699797,True
1408,0.0,0.3492063492063492,-2.8278485255082763e-09,-1.2713958540331572e-05,-0.004257398789834356,True
1409,0.015873015873015872,0.3492063492063492,-0.0021065282846223074,0.04391428399813758,-0.004742814666771971,True
1410,0.031746031746031744,0.3492063492063492,-0.007668973311275934,0.07843047760341587,-0.00516841946875647,True
1411,0.047619047619047616,0.3492063492063492,-0.01576850597985858,0.10528487813526799,-0.005554101356319621,True
1412,0.06349206349206349,0.3492063492063492,-0.025677857517524896,0.12640041354079296,-0.005982643987711701,True
1413,0.07936507936507936,0.3492063492063492,-0.03687219932383238,0.14350843682580675,-0.0065085844866093,True
1414,0.09523809523809523,0.3492063492063492,-0.048949490909864335,0.1581012162619388,-0.007191742712904469,True
1415,0.1111111111111111,0.3492063492063492,-0.06168439207395001,0.17112998127590398,-0.008057694775225856,True
1416,0.12698412698412698,0.3492063492063492,-0.07487620675950007,0.18313680392865436,-0.009148326372260058,True
1417,0.14285714285714285,0.3492063492063492,-0.0884044115155464,0.194285379479066,-0.01048355380290272,True
1418,0.15873015873015872,0.3492063492063492,-0.10214029696817988,0.20452566141764827,-0.012086096125276025,True
1419,0.1746031746031746,0.3492063492063492,-0.11600205685285603,0.21369072373300618,-0.013961165897500289,True
1420,0.19047619047619047,0.3492063492063492,-0.1298138197046575,0.2214881783253283,-0.01612811674155369,True
1421,0.20634920634920634,0.3492063492063492,-0.1434934927317507,0.22773615642797265,-0.018578432689051606,True
1422,0.2222222222222222,0.3492063492063492,-0.15685756211488314,0.23217202207349302,-0.021318105825483987,True
1423,0.23809523809523808,0.3492063492063492,-0.16978633209247188,0.23460517515491802,-0.024317249255854472,True
1424,0.25396825396825395,0.3492063492063492,-0.1822348612428069,0.2350136007093954,-0.02753785995524132,True
1425,0.2698412698412698,0.3492063492063492,-0.19393519637504544,0.23317130839056407,-0.030971085511067243,True
1426,0.2857142857142857,0.3492063492063492,-0.20499585489257952,0.22927405545791793,-0.03453624735873144,True
1427,0.30158730158730157,0.3492063492063492,-0.2151795362755443,0.2232054749550293,-0.038214606642907094,True
1428,0.31746031746031744,0.3492063492063492,-0.2244789634955203,0.21509821019007552,-0.04194544516988193,True
1429,0.3333333333333333,0.3492063492063492,-0.23292060998613387,0.2051301577767934,-0.0456578762876909,True
1430,0.3492063492063492,0.3492063492063492,-0.24043141869952098,0.1933970996976438,-0.04930643718192985,True
1431,0.36507936507936506,0.3492063492063492,-0.24707385579639987,0.18011958930977418,-0.05284263305760364,True
1432,0.38095238095238093,0.3492063492063492,-0.2528198240074702,0.16543238515720046,-0.056217655961866016,True
1433,0.3968253968253968,0.3492063492063492,-0.2577828716639098,0.14958584869478417,-0.05937308026674249,True
1434,0.4126984126984127,0.3492063492063492,-0.26204447197121483,0.13277983517618955,-0.06227582470808426,True
1435,0.42857142857142855,0.3492063492063492,-0.26575578809787065,0.11524035096314575,-0.06490474539968612,True
1436,0.4444444444444444,0.3492063492063492,-0.2689201942941736,0.09705956882999436,-0.06723748382996701,True
1437,0.4603174603174603,0.3492063492063492,-0.2716716927002337,0.07840435128570118,-0.06922515538559962,True
1438,0.47619047619047616,0.3492063492063492,-0.27411625631375286,0.05938754439742828,-0.07089534896348318,True
1439,0.49206349206349204,0.3492063492063492,-0.27635044379076856,0.040097012708864156,-0.07221583719863613,True
1440,0.5079365079365079,0.3492063492063492,-0.2784225542007932,0.020568088077141788,-0.07317864808617773,True
1441,0.5238095238095237,0.3492063492063492,-0.2804962912122541,0.0008682237867310305,-0.07380129885366381,True
1442,0.5396825396825397,0.3492063492063492,-0.282531543776936,-0.019031315611269424,-0.0740584083884825,True
1443,0.5555555555555556,0.3492063492063492,-0.28463118689760514,-0.039121805826374326,-0.07395222304077233,True
1444,0.5714285714285714,0.3492063492063492,-0.2868241705218036,-0.05941672868265307,-0.07349406355524551,True
1445,0.5873015873015872,0.3492063492063492,-0.28914282786244844,-0.07996594386212856,-0.07268005819173186,True
1446,0.6031746031746031,0.3492063492063492,-0.2915345316594707,-0.1007934123840911,-0.07148969763992132,True
1447,0.6190476190476191,0.3492063492063492,-0.29399039621995005,-0.12192452427093298,-0.0699313677780097,True
1448,0.6349206349206349,0.3492063492063492,-0.2965231503944001,-0.1433863671791405,-0.06802017963955732,True
1449,0.6507936507936507,0.3492063492063492,-0.2988400690618683,-0.16512785409700034,-0.06571254513600748,True
1450,0.6666666666666666,0.3492063492063492,-0.3008530899689709,-0.1870812251164464,-0.06303129160975786,True
1451,0.6825396825396826,0.3492063492063492,-0.3022032200224299,-0.20903565818294215,-0.05997130110835589,True
1452,0.6984126984126984,0.3492063492063492,-0.3026847425700382,-0.23078461623466903,-0.05654700267833053,True
1453,0.7142857142857142,0.3492063492063492,-0.301689809981359,-0.25178883809418207,-0.05277814855545195,True
1454,0.7301587301587301,0.3492063492063492,-0.29873771247743786,-0.27141282809390727,-0.048719221445887896,True
1455,0.746031746031746,0.3492063492063492,-0.29316974355941167,-0.28876111513327785,-0.04442953428997384,True
1456,0.7619047619047619,0.3492063492063492,-0.2847691351404507,-0.3031394826620869,-0.0399956177709706,True
1457,0.7777777777777777,0.3492063492063492,-0.2726869457890065,-0.3130657672323972,-0.035555487703571094,True
1458,0.7936507936507936,0.3492063492063492,-0.25646840726621706,-0.3171777796747676,-0.03126294554701511,True
1459,0.8095238095238095,0.3492063492063492,-0.23634303446809335,-0.31475226631758046,-0.027238763368882438,True
1460,0.8253968253968254,0.3492063492063492,-0.21220166739492705,-0.30443240052593273,-0.023717851995624813,True
1461,0.8412698412698412,0.3492063492063492,-0.18500591423901386,-0.2862606396044855,-0.020803956236081996,True
1462,0.8571428571428571,0.3492063492063492,-0.15582809241914425,-0.2605917829377664,-0.01860312393871533,True
1463,0.873015873015873,0.3492063492063492,-0.12612971288069136,-0.22870462794643998,-0.017089385010913043,True
1464,0.8888888888888888,0.3492063492063492,-0.0973715154063996,-0.19228346338761318,-0.01624896630461818,True
1465,0.9047619047619047,0.3492063492063492,-0.07100770761080638,-0.15363885846341285,-0.01596649414832362,True
1466,0.9206349206349206,0.3492063492063492,-0.04816358747153751,-0.1151601272980194,-0.016099082683365764,True
1467,0.9365079365079365,0.3492063492063492,-0.029680447315108,-0.07938030024800521,-0.016504794730285474,True
1468,0.9523809523809523,0.3492063492063492,-0.01583190246386252,-0.0482985813113955,-0.017043019946491322,True
1469,0.9682539682539681,0.3492063492063492,-0.006593107852724212,-0.023825422013265662,-0.017610837060057234,True
1470,0.9841269841269841,0.3492063492063492,-0.0015362910055400354,-0.007340338427625448,-0.018131839633256104,True
1471,1.0,0.3492063492063492,2.3456833337024972e-07,-2.606852201342288e-06,-0.018525060167521746,True
1472,0.0,0.36507936507936506,-1.4664622964507445e-08,-6.085099875212623e-07,-0.005718787240335634,True
1473,0.015873015873015872,0.36507936507936506,-0.0020255885603380967,0.04782154147840423,-0.006190100620406418,True
1474,0.031746031746031744,0.36507936507936506,-0.007396452917145475,0.08527792914547278,-0.006609913996114,True
1475,0.047619047619047616,0.36507936507936506,-0.015259383419450477,0.11429051570907282,-0.007006818072294771,True
1476,0.06349206349206349,0.36507936507936506,-0.02493302630376998,0.1368673627506587,-0.007461154854446046,True
1477,0.07936507936507936,0.36507936507936506,-0.03585094940708355,0.15510733157805712,-0.008041591821163279,True
1478,0.09523809523809523,0.36507936507936506,-0.04767415535067026,0.1704264135216405,-0.008789933147377969,True
1479,0.1111111111111111,0.36507936507936506,-0.06009395643713613,0.18399052154970283,-0.009754264950067797,True
1480,0.12698412698412698,0.36507936507936506,-0.07295839521497943,0.19634953063424704,-0.010955140801658835,True
1481,0.14285714285714285,0.36507936507936506,-0.0860902694957099,0.2077398644064316,-0.012427017214039686,True
1482,0.15873015873015872,0.36507936507936506,-0.09937519641695061,0.2181026372097273,-0.014186190882953033,True
1483,0.1746031746031746,0.36507936507936506,-0.11269404806582474,0.22726796411646924,-0.01624714841076324,True
1484,0.19047619047619047,0.36507936507936506,-0.12590381861212668,0.23495057950271253,-0.018619394910721884,True
1485,0.20634920634920634,0.36507936507936506,-0.13889198962603697,0.24091767124966534,-0.021294172996757676,True
1486,0.2222222222222222,0.36507936507936506,-0.15156503135836574,0.24497948370066458,-0.024248864998172134,True
1487,0.23809523809523808,0.36507936507936506,-0.16373811572936395,0.2469485296935871,-0.027483082173475955,True
1488,0.25396825396825395,0.36507936507936506,-0.17526942072961058,0.2466491310590473,-0.030955090737536602,True
1489,0.2698412698412698,0.36507936507936506,-0.18617652885084057,0.2441836432337979,-0.034611926832633685,True
1490,0.2857142857142857,0.36507936507936506,-0.19625048240092424,0.23942417242561795,-0.03842316538672059,True
1491,0.30158730158730157,0.36507936507936506,-0.20547400885280065,0.23249076750528058,-0.04232911502789703,True
1492,0.31746031746031744,0.36507936507936506,-0.21386678960617198,0.2235418839178991,-0.04625606096368665,True
1493,0.3333333333333333,0.36507936507936506,-0.2212869190949216,0.2126116290127469,-0.050168805830744845,True
1494,0.3492063492063492,0.36507936507936506,-0.22780872165398874,0.19994428216930038,-0.0539947734583645,True
1495,0.36507936507936506,0.36507936507936506,-0.23353805031664113,0.18581981125362423,-0.057669095558231735,True
1496,0.38095238095238093,0.36507936507936506,-0.2384303831977906,0.17035879611537805,-0.06115429133829196,True
1497,0.3968253968253968,0.36507936507936506,-0.24258219182863427,0.15380636851495455,-0.06442084340043264,True
1498,0.4126984126984127,0.36507936507936506,-0.2461264502047476,0.13640644545920086,-0.06741215113470121,True
1499,0.42857142857142855,0.36507936507936506,-0.2491182010234789,0.11831339127652063,-0.0700976235874784,True
1500,0.4444444444444444,0.36507936507936506,-0.25166952140199755,0.09970769212379378,-0.07247401824172257,True
1501,0.4603174603174603,0.36507936507936506,-0.25390202784417604,0.08074086674353852,-0.07452477257477634,True
1502,0.47619047619047616,0.36507936507936506,-0.2558669816211777,0.06148386540814374,-0.07620923667740932,True
1503,0.49206349206349204,0.36507936507936506,-0.25773941780455745,0.04206059308015595,-0.07755588475031168,True
1504,0.5079365079365079,0.36507936507936506,-0.2595259343264106,0.022491122199943734,-0.07857331143674978,True
1505,0.5238095238095237,0.36507936507936506,-0.2613195286755291,0.002787867489801519,-0.07921610810524687,True
1506,0.5396825396825397,0.36507936507936506,-0.2631828536115462,-0.017039869590984417,-0.07951006739434952,True
1507,0.5555555555555556,0.36507936507936506,-0.26516964465492676,-0.03701509524031068,-0.07945236641612113,True
1508,0.5714285714285714,0.36507936507936506,-0.2673139557919121,-0.057173622843855895,-0.0790355563849867,True
1509,0.5873015873015872,0.36507936507936506,-0.26966561699552827,-0.07756192345308285,-0.07827549254994967,True
1510,0.6031746031746031,0.36507936507936506,-0.27221872775423944,-0.09822640251172554,-0.0771563188290595,True
1511,0.6190476190476191,0.36507936507936506,-0.27497086765570783,-0.11924374031578679,-0.07566690784483758,True
1512,0.6349206349206349,0.36507936507936506,-0.2778934773908476,-0.14065971448160505,-0.07382751921272435,True
1513,0.6507936507936507,0.36507936507936506,-0.2808943105458271,-0.16250056946906072,-0.07160065229425987,True
1514,0.6666666666666666,0.36507936507936506,-0.2838434412504632,-0.18474885614035882,-0.06899309413538313,True
1515,0.6825396825396826,0.36507936507936506,-0.2865368745502811,-0.207325924268013,-0.06600008655869975,True
1516,0.6984126984126984,0.36507936507936506,-0.28857825568732437,-0.23000008422082144,-0.06260212715967459,True
1517,0.7142857142857142,0.36507936507936506,-0.28965821776498546,-0.2524604727186356,-0.05884368174861501,True
1518,0.7301587301587301,0.36507936507936506,-0.2892771592802575,-0.27420527404657596,-0.05471849365801453,True
1519,0.746031746031746,0.36507936507936506,-0.28672509601069746,-0.29436786434148854,-0.05028616868256214,True
1520,0.7619047619047619,0.36507936507936506,-0.2811841108394964,-0.31175500909124054,-0.0456342620619356,True
1521,0.7777777777777777,0.36507936507936506,-0.27246071175241876,-0.32557511682747386,-0.040854575191528034,True
1522,0.7936507936507936,0.36507936507936506,-0.2596956118194361,-0.33409219773589305,-0.036114925097482896,True
1523,0.8095238095238095,0.36507936507936506,-0.24225613062832718,-0.3354880590667504,-0.03162202017601406,True
1524,0.8253968253968254,0.36507936507936506,-0.2206479201945011,-0.32916093801817436,-0.02750622220948013,True
1525,0.8412698412698412,0.36507936507936506,-0.1950875805736965,-0.3140440668781988,-0.02397869524170189,True
1526,0.8571428571428571,0.36507936507936506,-0.166680912882803,-0.2902900739826785,-0.021172659911920494,True
1527,0.873015873015873,0.36507936507936506,-0.1367218404380081,-0.25862319970439546,-0.019165606462483123,True
1528,0.8888888888888888,0.36507936507936506,-0.10688595459264325,-0.22080957413442123,-0.017942336390118097,True
1529,0.9047619047619047,0.36507936507936506,-0.0788984535177979,-0.179369800836959,-0.01740361007958661,True
1530,0.9206349206349206,0.36507936507936506,-0.05414737432872058,-0.1369861921960137,-0.017386249659907673,True
1531,0.9365079365079365,0.36507936507936506,-0.03367939261228704,-0.09642456192489347,-0.017737167631716347,True
1532,0.9523809523809523,0.36507936507936506,-0.018189319363806987,-0.06060509727404962,-0.018289111741572897,True
1533,0.9682539682539681,0.36507936507936506,-0.007655863427691395,-0.031418517669721716,-0.01890701958718334,True
1534,0.9841269841269841,0.36507936507936506,-0.0018009203829189128,-0.01074602226342604,-0.01949231402529016,True
1535,1.0,0.36507936507936506,2.874317650612465e-07,1.261888689696374e-06,-0.019950093193422988,True
1536,0.0,0.38095238095238093,3.914344376502665e-08,1.630956985274843e-05,-0.0073270267356071095,True
1537,0.015873015873015872,0.38095238095238093,-0.0019132371902482984,0.051542439464557256,-0.007774863483596308,True
1538,0.031746031746031744,0.38095238095238093,-0.0070064411449711345,0.09188973981983226,-0.008184108799713485,True
1539,0.047619047619047616,0.38095238095238093,-0.014530232235122922,0.12299510993404318,-0.008589387531711257,True
1540,0.06349206349206349,0.38095238095238093,-0.023832214241110435,0.14711228208323215,-0.009073847361839887,True
1541,0.07936507936507936,0.38095238095238093,-0.03439866773927017,0.16633401102892642,-0.009699311732123184,True
1542,0.09523809523809523,0.38095238095238093,-0.04582338455234077,0.1823923809526463,-0.01051994864423297,True
1543,0.1111111111111111,0.38095238095238093,-0.057845568513766536,0.19642538816147578,-0.011571417757500866,True
1544,0.12698412698412698,0.38095238095238093,-0.07022870515416658,0.20912192408326455,-0.012891209876728153,True
1545,0.14285714285714285,0.38095238095238093,-0.08285005139627678,0.220700114657367,-0.014497657108393883,True
1546,0.15873015873015872,0.38095238095238093,-0.09558773487695879,0.2311473195158883,-0.016407157662561532,True
1547,0.1746031746031746,0.38095238095238093,-0.10827635832121313,0.2402199219612277,-0.018641095522384698,True
1548,0.19047619047619047,0.38095238095238093,-0.12081309338541638,0.24773730977656033,-0.021198356311075105,True
1549,0.20634920634920634,0.38095238095238093,-0.1330769136805064,0.2534191219176687,-0.024072966776865316,True
1550,0.2222222222222222,0.38095238095238093,-0.1449005638389173,0.25701152466695715,-0.027255038639521906,True
1551,0.23809523809523808,0.38095238095238093,-0.15619370376542926,0.258380182735503,-0.030710040775363445,True
1552,0.25396825396825395,0.38095238095238093,-0.16685875812030515,0.25746005431152374,-0.034401846998125124,True
1553,0.2698412698412698,0.38095238095238093,-0.17676540339709404,0.25416344068911806,-0.0382870634378596,True
1554,0.2857142857142857,0.38095238095238093,-0.185885443484162,0.24857833745395513,-0.042308036936187295,True
1555,0.30158730158730157,0.38095238095238093,-0.19421672073507584,0.24083721692457577,-0.046399326127782387,True
1556,0.31746031746031744,0.38095238095238093,-0.20159122727807338,0.23092780987249897,-0.05051399992812331,True
1557,0.3333333333333333,0.38095238095238093,-0.20811510927695134,0.21913165664323778,-0.05456898385981933,True
1558,0.3492063492063492,0.38095238095238093,-0.21380539608836394,0.2056753141368509,-0.05852877954941976,True
1559,0.36507936507936506,0.38095238095238093,-0.21863545875844795,0.1906910682066205,-0.06232116184183559,True
1560,0.38095238095238093,0.38095238095238093,-0.22273190783409458,0.17449031410780494,-0.06589757185067573,True
1561,0.3968253968253968,0.38095238095238093,-0.2261619767705162,0.1572889943128588,-0.06921676472061314,True
1562,0.4126984126984127,0.38095238095238093,-0.2290431477103719,0.13933248846156654,-0.07226583298480259,True
1563,0.42857142857142855,0.38095238095238093,-0.23145074569834972,0.12079078250735148,-0.07500179980354806,True
1564,0.4444444444444444,0.38095238095238093,-0.23348640530823023,0.1018278918077785,-0.07738973853051431,True
1565,0.4603174603174603,0.38095238095238093,-0.23532217164922054,0.08262848369167133,-0.07945068311817403,True
1566,0.47619047619047616,0.38095238095238093,-0.23694443398877374,0.0632349986763153,-0.08118195870733974,True
1567,0.49206349206349204,0.38095238095238093,-0.23849563073894667,0.04373043060887528,-0.08254544920496663,True
1568,0.5079365079365079,0.38095238095238093,-0.24003586558161377,0.024144540705774837,-0.08354301909777115,True
1569,0.5238095238095237,0.38095238095238093,-0.24162445074641445,0.004508587339854731,-0.08421747048913004,True
1570,0.5396825396825397,0.38095238095238093,-0.24331978878611069,-0.01519802456477652,-0.08454213456198749,True
1571,0.5555555555555556,0.38095238095238093,-0.24518453955406252,-0.035014920491250996,-0.08450730027400122,True
1572,0.5714285714285714,0.38095238095238093,-0.24724056876775247,-0.05495858085708036,-0.08414537238361561,True
1573,0.5873015873015872,0.38095238095238093,-0.2495415194690804,-0.07512103271409347,-0.08342488372878257,True
1574,0.6031746031746031,0.38095238095238093,-0.2521107535108905,-0.09553699657568,-0.08236740038310518,True
1575,0.6190476190476191,0.38095238095238093,-0.25496792293447557,-0.11631593535253208,-0.08096520315301611,True
1576,0.6349206349206349,0.38095238095238093,-0.25809725392113647,-0.13753960991930475,-0.0791784286230465,True
1577,0.6507936507936507,0.38095238095238093,-0.26149389495343567,-0.15923429768930342,-0.07706857120616573,True
1578,0.6666666666666666,0.38095238095238093,-0.26502512416928853,-0.18151002770958813,-0.07454475163117551,True
1579,0.6825396825396826,0.38095238095238093,-0.2685814438629632,-0.2043266784315857,-0.07165760405613833,True
1580,0.6984126984126984,0.38095238095238093,-0.2718736434096138,-0.22759869034296354,-0.06834396154967642,True
1581,0.7142857142857142,0.38095238095238093,-0.2745497350563783,-0.25105121349274745,-0.06464716766778879,True
1582,0.7301587301587301,0.38095238095238093,-0.2762243149785099,-0.27434988727740744,-0.06054311501792427,True
1583,0.746031746031746,0.38095238095238093,-0.27613187969785963,-0.29666942015063436,-0.05608946523475564,True
1584,0.7619047619047619,0.38095238095238093,-0.2737492470073868,-0.31721270639389787,-0.051315710750086646,True
1585,0.7777777777777777,0.38095238095238093,-0.26798772754927963,-0.3343495961816379,-0.04633445501374007,True
1586,0.7936507936507936,0.38095238095238093,-0.25853834995857056,-0.3469865964955167,-0.04127306587358814,True
1587,0.8095238095238095,0.38095238095238093,-0.24487495296687478,-0.35353313170558937,-0.036294142624750454,True
1588,0.8253968253968254,0.38095238095238093,-0.22623261886764845,-0.35173317239598256,-0.03163763732667244,True
1589,0.8412698412698412,0.38095238095238093,-0.2028854694728779,-0.3403619747439021,-0.0275415654980405,True
1590,0.8571428571428571,0.38095238095238093,-0.17589749689182083,-0.31942194238799354,-0.02412605281825103,True
1591,0.873015873015873,0.38095238095238093,-0.14629829690017682,-0.28888121830919816,-0.021589656454282614,True
1592,0.8888888888888888,0.38095238095238093,-0.11595390460529398,-0.2505512512665255,-0.01991509311681176,True
1593,0.9047619047619047,0.38095238095238093,-0.08666320041456653,-0.2067727141463691,-0.019046859473777336,True
1594,0.9206349206349206,0.38095238095238093,-0.060178403693005776,-0.16063209645608695,-0.018839426170679272,True
1595,0.9365079365079365,0.38095238095238093,-0.03791939764270293,-0.11553208365973455,-0.01910532315152169,True
1596,0.9523809523809523,0.38095238095238093,-0.0206741362660923,-0.07441752484502218,-0.01965118662494346,True
1597,0.9682539682539681,0.38095238095238093,-0.008792230785543297,-0.04008481200594656,-0.020311675950023107,True
1598,0.9841269841269841,0.38095238095238093,-0.0020831876959309303,-0.014675117017942897,-0.02096421410971933,True
1599,1.0,0.38095238095238093,-3.7934618820037105e-07,-7.0205553909011816e-06,-0.021493512521282877,True
1600,0.0,0.3968253968253968,3.0531175750888286e-08,1.9891699430503132e-05,-0.009063363644640509,True
1601,0.015873015873015872,0.3968253968253968,-0.0017611704581252216,0.05505728415002466,-0.009475045244194744,True
1602,0.031746031746031744,0.3968253968253968,-0.006514815899116051,0.09811243885173872,-0.009870241323620112,True
1603,0.047619047619047616,0.3968253968253968,-0.013596584355734244,0.1312802298563612,-0.010283818245652094,True
1604,0.06349206349206349,0.3968253968253968,-0.022425179856766824,0.15685625963058933,-0.010796763047285805,True
1605,0.07936507936507936,0.3968253968253968,-0.03249384985892501,0.1771623169955859,-0.011469859139807519,True
1606,0.09523809523809523,0.3968253968253968,-0.043427891067405563,0.19391661416844921,-0.012356970393761232,True
1607,0.1111111111111111,0.3968253968253968,-0.05491869130197639,0.20842685900103092,-0.01349771923712938,True
1608,0.12698412698412698,0.3968253968253968,-0.06676776364872002,0.22140226792954906,-0.014920212990046847,True
1609,0.14285714285714285,0.3968253968253968,-0.07877583587009492,0.23310454835154878,-0.016657048435921334,True
1610,0.15873015873015872,0.3968253968253968,-0.09081145550576579,0.24351555072704636,-0.01872252641778113,True
1611,0.1746031746031746,0.3968253968253968,-0.10281691189183723,0.2525219798707211,-0.021114387373114052,True
1612,0.19047619047619047,0.3968253968253968,-0.11459075531569647,0.2597545904029439,-0.02384767106005398,True
1613,0.20634920634920634,0.3968253968253968,-0.12599354494514087,0.26504556338408114,-0.02691897003322685,True
1614,0.2222222222222222,0.3968253968253968,-0.13691439300415306,0.2681105086202739,-0.030302297050363185,True
1615,0.23809523809523808,0.3968253968253968,-0.14732206745986287,0.2688946960152011,-0.03395254179683056,True
1616,0.25396825396825395,0.3968253968253968,-0.15707577708435033,0.26730188765458984,-0.03784021838474676,True
1617,0.2698412698412698,0.3968253968253968,-0.1660706607861572,0.2632525910704047,-0.04190910450213123,True
1618,0.2857142857142857,0.3968253968253968,-0.17426643413950574,0.2568543137732468,-0.04610571284903636,True
1619,0.30158730158730157,0.3968253968253968,-0.18157995695028306,0.24817075572326738,-0.050371814220060616,True
1620,0.31746031746031744,0.3968253968253968,-0.1880886541251723,0.23743227282211213,-0.0546250982207518,True
1621,0.3333333333333333,0.3968253968253968,-0.19377897911487496,0.22483252773548626,-0.058811686622803894,True
1622,0.3492063492063492,0.3968253968253968,-0.1985883256898638,0.21048530326394957,-0.06285899197882294,True
1623,0.36507936507936506,0.3968253968253968,-0.20267400506282168,0.19477771191094004,-0.06673817029935566,True
1624,0.38095238095238093,0.3968253968253968,-0.2060595081439016,0.17788456558636698,-0.07037183753407213,True
1625,0.3968253968253968,0.3968253968253968,-0.20887348740308134,0.16011345186782544,-0.07374272109147585,True
1626,0.4126984126984127,0.3968253968253968,-0.21123622339231155,0.14169922755181688,-0.07680718139405907,True
1627,0.42857142857142855,0.3968253968253968,-0.2131687466404025,0.12277182910638354,-0.07954699939245093,True
1628,0.4444444444444444,0.3968253968253968,-0.21486757338450194,0.10358137832830597,-0.08196840801818714,True
1629,0.4603174603174603,0.3968253968253968,-0.21635005211011069,0.08417932072376999,-0.08402639455786093,True
1630,0.47619047619047616,0.3968253968253968,-0.21772034602109183,0.06468579604276324,-0.08573769300323493,True
1631,0.49206349206349204,0.3968253968253968,-0.21905263877788034,0.04515944157585885,-0.08710218754622005,True
1632,0.5079365079365079,0.3968253968253968,-0.2204090592952882,0.025619653508295055,-0.08812171567143011,True
1633,0.5238095238095237,0.3968253968253968,-0.22185683852482357,0.0060702617498519405,-0.08879392363442488,True
1634,0.5396825396825397,0.3968253968253968,-0.2234275361649151,-0.013487102186332702,-0.08911956035848824,True
1635,0.5555555555555556,0.3968253968253968,-0.22516498047980768,-0.033108513101768725,-0.08913214589953553,True
1636,0.5714285714285714,0.3968253968253968,-0.22712679084817727,-0.052832311919983825,-0.08879166602958007,True
1637,0.5873015873015872,0.3968253968253968,-0.22934329005801127,-0.07271954363971328,-0.08812146102387634,True
1638,0.6031746031746031,0.3968253968253968,-0.23186320037091238,-0.092859464490449,-0.08710791042986979,True
1639,0.6190476190476191,0.3968253968253968,-0.23469124335056943,-0.11330211936664081,-0.08577112183830672,True
1640,0.6349206349206349,0.3968253968253968,-0.2378690838613722,-0.13420136094402732,-0.08408525438851934,True
1641,0.6507936507936507,0.3968253968253968,-0.2413906681710732,-0.15564713517885065,-0.08204212455698318,True
1642,0.6666666666666666,0.3968253968253968,-0.24524353614163355,-0.17771083426851622,-0.07965582261752692,True
1643,0.6825396825396826,0.3968253968253968,-0.24929617144671376,-0.2004895015057921,-0.07685932894932766,True
1644,0.6984126984126984,0.3968253968253968,-0.2534416030029292,-0.22398879889099743,-0.07369003670129225,True
1645,0.7142857142857142,0.3968253968253968,-0.257358904413096,-0.24808037766677113,-0.0700871705260339,True
1646,0.7301587301587301,0.3968253968253968,-0.2606627887524228,-0.2724957987334278,-0.0660890744046431,True
1647,0.746031746031746,0.3968253968253968,-0.2627017191530955,-0.2966032404946044,-0.06166834839114858,True
1648,0.7619047619047619,0.3968253968253968,-0.26291003254693257,-0.31965919531576986,-0.05688475240011512,True
1649,0.7777777777777777,0.3968253968253968,-0.2603971657003655,-0.34037027116046725,-0.05178680119936341,True
1650,0.7936507936507936,0.3968253968253968,-0.25428585107893353,-0.35709480772302093,-0.046507982838432785,True
1651,0.8095238095238095,0.3968253968253968,-0.2437145900742714,-0.36784474584387145,-0.04121535656444428,True
1652,0.8253968253968254,0.3968253968253968,-0.2284664838461073,-0.3710626967261046,-0.036108352550759275,True
1653,0.8412698412698412,0.3968253968253968,-0.20817970600984806,-0.3646890409849446,-0.0314296704679752,True
1654,0.8571428571428571,0.3968253968253968,-0.18305091810378415,-0.34715287554902524,-0.02746216117370981,True
1655,0.873015873015873,0.3968253968253968,-0.15460017926642786,-0.3190031255424853,-0.024323783911700696,True
1656,0.8888888888888888,0.3968253968253968,-0.1242478505163069,-0.28094518116864,-0.022160114847063032,True
1657,0.9047619047619047,0.3968253968253968,-0.09411118390660406,-0.2355554319311695,-0.020907104014788076,True
1658,0.9206349206349206,0.3968253968253968,-0.06616014979810302,-0.18602119699914332,-0.020459752461662015,True
1659,0.9365079365079365,0.3968253968253968,-0.04212321106275585,-0.136115704436381,-0.020606449403106825,True
1660,0.9523809523809523,0.3968253968253968,-0.02321560648533663,-0.08963443627699652,-0.0211298126529228,True
1661,0.9682539682539681,0.3968253968253968,-0.00996551651776039,-0.04971944178064661,-0.021828657494047422,True
1662,0.9841269841269841,0.3968253968253968,-0.0023977524461597888,-0.019253450991432844,-0.022547881451569357,True
1663,1.0,0.3968253968253968,-1.229385529257584e-07,-2.1826405914085558e-05,-0.02315403857532669,True
1664,0.0,0.4126984126984127,-3.0794814376483e-08,-2.9936498364814344e-05,-0.010900523773502618,True
1665,0.015873015873015872,0.4126984126984127,-0.0015829907425084268,0.058291134646204175,-0.011275177535287444,True
1666,0.031746031746031744,0.4126984126984127,-0.005926483131293649,0.10389405733694022,-0.011652205784805351,True
1667,0.047619047619047616,0.4126984126984127,-0.012468474867558196,0.13905235589039114,-0.012070093429077878,True
1668,0.06349206349206349,0.4126984126984127,-0.020723033133879628,0.16613187787667077,-0.012603857389888727,True
1669,0.07936507936507936,0.4126984126984127,-0.03020361335085977,0.18742877046112488,-0.013323287982386148,True
1670,0.09523809523809523,0.4126984126984127,-0.040525330312451535,0.20488991125273232,-0.01427525493194221,True
1671,0.1111111111111111,0.4126984126984127,-0.051401491632899525,0.2198176342371553,-0.015499411395594303,True
1672,0.12698412698412698,0.4126984126984127,-0.06258807091483418,0.23302779807424506,-0.017026470306086252,True
1673,0.14285714285714285,0.4126984126984127,-0.07391175101503286,0.24482084221897424,-0.01888029363579859,True
1674,0.15873015873015872,0.4126984126984127,-0.08523465703232448,0.2552010547341733,-0.021076333151514824,True
1675,0.1746031746031746,0.4126984126984127,-0.09640251939237078,0.26400590639146276,-0.02362768109382854,True
1676,0.19047619047619047,0.4126984126984127,-0.10728485027880193,0.27092199487518037,-0.026534064895912247,True
1677,0.20634920634920634,0.4126984126984127,-0.11786904529633746,0.275819782851032,-0.029765522690857034,True
1678,0.2222222222222222,0.4126984126984127,-0.12791373728072555,0.27837752311801095,-0.03331699419843312,True
1679,0.23809523809523808,0.4126984126984127,-0.13741197437151598,0.27856824293497084,-0.03714282836944275,True
1680,0.25396825396825395,0.4126984126984127,-0.1461992135736645,0.2762207793271632,-0.041202834231990365,True
1681,0.2698412698412698,0.4126984126984127,-0.15423093261176488,0.271397420671541,-0.04544289217526433,True
1682,0.2857142857142857,0.4126984126984127,-0.16151002817969984,0.2641836363922417,-0.049786985280574604,True
1683,0.30158730158730157,0.4126984126984127,-0.16798310354699778,0.2547046529235998,-0.0541766397344894,True
1684,0.31746031746031744,0.4126984126984127,-0.17364089179280517,0.24314604167295226,-0.058548949033984186,True
1685,0.3333333333333333,0.4126984126984127,-0.1784539736585631,0.2296489756461371,-0.06282831476205386,True
1686,0.3492063492063492,0.4126984126984127,-0.18255636245444548,0.21458689327677866,-0.06695776099908919,True
1687,0.36507936507936506,0.4126984126984127,-0.18595275341925116,0.19815644359749773,-0.07087644943564554,True
1688,0.38095238095238093,0.4126984126984127,-0.18879924313347898,0.1807216666873925,-0.07454654481191414,True
1689,0.3968253968253968,0.4126984126984127,-0.19112505681182906,0.16246592977458807,-0.07793528070827206,True
1690,0.4126984126984127,0.4126984126984127,-0.19303347824563802,0.14362512296453875,-0.08100628548696488,True
1691,0.42857142857142855,0.4126984126984127,-0.19464393645424194,0.12442267611857442,-0.08375221077124237,True
1692,0.4444444444444444,0.4126984126984127,-0.19605049215328318,0.10501254856273935,-0.08615843204269959,True
1693,0.4603174603174603,0.4126984126984127,-0.19731272799202124,0.08548997034526085,-0.08820211045877031,True
1694,0.47619047619047616,0.4126984126984127,-0.19851884083257929,0.06594927279857679,-0.08989871180573064,True
1695,0.49206349206349204,0.4126984126984127,-0.1997199178579187,0.04643284838813225,-0.09126412186762098,True
1696,0.5079365079365079,0.4126984126984127,-0.20097274799510068,0.026958472504795626,-0.09228194859886821,True
1697,0.5238095238095237,0.4126984126984127,-0.20232615761347086,0.007529982109031111,-0.09294852484453803,True
1698,0.5396825396825397,0.4126984126984127,-0.20382022712938752,-0.01189508450598564,-0.09327968768129756,True
1699,0.5555555555555556,0.4126984126984127,-0.20546484469313922,-0.03131153052555757,-0.09330517445981407,True
1700,0.5714285714285714,0.4126984126984127,-0.2073414187239604,-0.05079566577180873,-0.09298478788511406,True
1701,0.5873015873015872,0.4126984126984127,-0.20946934553714147,-0.07040684819075751,-0.0923406335934026,True
1702,0.6031746031746031,0.4126984126984127,-0.2118672480689584,-0.09022664148555365,-0.09139546919778581,True
1703,0.6190476190476191,0.4126984126984127,-0.2146203832850483,-0.11035922373640449,-0.09010410084069308,True
1704,0.6349206349206349,0.4126984126984127,-0.21773600025564438,-0.13087839047068914,-0.0884957318402596,True
1705,0.6507936507936507,0.4126984126984127,-0.22123866280893756,-0.15192772852381212,-0.08655287839778614,True
1706,0.6666666666666666,0.4126984126984127,-0.22515444184693625,-0.17365542740992965,-0.08426127670784854,True
1707,0.6825396825396826,0.4126984126984127,-0.22946080511517541,-0.1961836216024348,-0.08158972184791663,True
1708,0.6984126984126984,0.4126984126984127,-0.23403389151713755,-0.21957292912521803,-0.07855926259601856,True
1709,0.7142857142857142,0.4126984126984127,-0.23871997777290196,-0.24388305676315636,-0.07510209029805284,True
1710,0.7301587301587301,0.4126984126984127,-0.2431709851340115,-0.2689249484778636,-0.07123718944762777,True
1711,0.746031746031746,0.4126984126984127,-0.24697108780626265,-0.2943774139034125,-0.06694287381808076,True
1712,0.7619047619047619,0.4126984126984127,-0.2492029047115352,-0.31930447771677695,-0.062210628087224995,True
1713,0.7777777777777777,0.4126984126984127,-0.24947762888504796,-0.34297874722855654,-0.05712027122262824,True
1714,0.7936507936507936,0.4126984126984127,-0.2465228812344152,-0.36350874793951987,-0.051743416658621824,True
1715,0.8095238095238095,0.4126984126984127,-0.23940694972607324,-0.37887391707167734,-0.04622364440614075,True
1716,0.8253968253968254,0.4126984126984127,-0.22774647958469446,-0.3873860504315579,-0.040757815432272325,True
1717,0.8412698412698412,0.4126984126984127,-0.21050745427319267,-0.38595147711878836,-0.03562599430752151,True
1718,0.8571428571428571,0.4126984126984127,-0.1880630091852759,-0.3731453342859703,-0.03108962569804696,True
1719,0.873015873015873,0.4126984126984127,-0.16135471748364014,-0.3483828873758717,-0.027362995448528483,True
1720,0.8888888888888888,0.4126984126984127,-0.13158952632346785,-0.3116211652018055,-0.024673960924773395,True
1721,0.9047619047619047,0.4126984126984127,-0.10107206713428546,-0.26541651711056147,-0.023012149516325207,True
1722,0.9206349206349206,0.4126984126984127,-0.07198087770683893,-0.21299711946523375,-0.022262842500639396,True
1723,0.9365079365079365,0.4126984126984127,-0.046379177832872,-0.15854006309663668,-0.0222513138250543,True
1724,0.9523809523809523,0.4126984126984127,-0.025858973003311702,-0.10653467241186147,-0.0227283907900112,True
1725,0.9682539682539681,0.4126984126984127,-0.011247187300995965,-0.060802562608828714,-0.02345066473441403,True
1726,0.9841269841269841,0.4126984126984127,-0.0027226234400106264,-0.024368418306524683,-0.024239214151413904,True
1727,1.0,0.4126984126984127,2.906157691330004e-07,2.547345667927451e-05,-0.024922523796681025,True
1728,0.0,0.42857142857142855,1.3990506331124326e-07,1.1694670839843653e-05,-0.012818688384115427,True
1729,0.015873015873015872,0.42857142857142855,-0.0013888614542407344,0.06112324774542007,-0.013151601604251514,True
1730,0.031746031746031744,0.42857142857142855,-0.005254008541526152,0.10912123657510961,-0.01350492277375381,True
1731,0.047619047619047616,0.42857142857142855,-0.011184495043933344,0.1462186893134535,-0.013920168194683903,True
1732,0.06349206349206349,0.42857142857142855,-0.01876526897904144,0.1747315389998368,-0.014476044919281323,True
1733,0.07936507936507936,0.42857142857142855,-0.02753466082732033,0.19706739836636566,-0.015237287307593798,True
1734,0.09523809523809523,0.42857142857142855,-0.03718178722009766,0.2151499450465371,-0.016249081527202214,True
1735,0.1111111111111111,0.42857142857142855,-0.04732513265535021,0.23049882921485051,-0.01755223596302896,True
1736,0.12698412698412698,0.42857142857142855,-0.05776709642839868,0.24391500052348306,-0.019174061610380044,True
1737,0.14285714285714285,0.42857142857142855,-0.06832643335381397,0.2557787559647351,-0.021135983895493846,True
1738,0.15873015873015872,0.42857142857142855,-0.07883119172923134,0.2660698781093008,-0.023456649736695867,True
1739,0.1746031746031746,0.42857142857142855,-0.08918390232551407,0.27464645145880034,-0.026138381273336828,True
1740,0.19047619047619047,0.42857142857142855,-0.0991960755665993,0.2812582535759364,-0.029185441597328016,True
1741,0.20634920634920634,0.42857142857142855,-0.10880972099036337,0.2856770987944564,-0.03257622949033638,True
1742,0.2222222222222222,0.42857142857142855,-0.11789351425393613,0.2876745292875465,-0.03628510912445354,True
1743,0.23809523809523808,0.42857142857142855,-0.12643160326966862,0.2871989041414094,-0.04026281205050637,True
1744,0.25396825396825395,0.42857142857142855,-0.13426921621165203,0.28415055717318033,-0.04447123862697299,True
1745,0.2698412698412698,0.42857142857142855,-0.14144482760263485,0.2786064610124911,-0.048835179787257633,True
1746,0.2857142857142857,0.42857142857142855,-0.14785213076291998,0.2706270799222351,-0.053301926974397035,True
1747,0.30158730158730157,0.42857142857142855,-0.15343583848680525,0.26028349037814397,-0.057794736092036864,True
1748,0.31746031746031744,0.42857142857142855,-0.1583198107662377,0.24795091548377393,-0.06224973026271176,True
1749,0.3333333333333333,0.42857142857142855,-0.16247192842449834,0.2337701114279922,-0.06659072983484912,True
1750,0.3492063492063492,0.42857142857142855,-0.16593457759307487,0.21802328828722836,-0.07076281791524586,True
1751,0.36507936507936506,0.42857142857142855,-0.16880044916160772,0.20102744542276774,-0.07471548684430174,True
1752,0.38095238095238093,0.42857142857142855,-0.1711539699597249,0.1830598487921137,-0.07840251750385042,True
1753,0.3968253968253968,0.42857142857142855,-0.17308966892211722,0.16438467316146804,-0.08177715168142718,True
1754,0.4126984126984127,0.42857142857142855,-0.17468676470641942,0.14522909845030255,-0.0848483694925408,True
1755,0.42857142857142855,0.42857142857142855,-0.17606930829752507,0.12581334033424746,-0.08758276824239813,True
1756,0.4444444444444444,0.42857142857142855,-0.17729094998687778,0.10624895253652335,-0.0899564913895927,True
1757,0.4603174603174603,0.42857142857142855,-0.17842702544574565,0.08665538859883243,-0.09199228268197526,True
1758,0.47619047619047616,0.42857142857142855,-0.17954630569137078,0.0671025757278698,-0.09368022880798137,True
1759,0.49206349206349204,0.42857142857142855,-0.1806853621357072,0.047622138967699665,-0.09502125257395976,True
1760,0.5079365079365079,0.42857142857142855,-0.18189653239880407,0.028234292290026233,-0.09602110675114911,True
1761,0.5238095238095237,0.42857142857142855,-0.18320662093012163,0.008917764324943376,-0.09668834677920048,True
1762,0.5396825396825397,0.42857142857142855,-0.1846502638717743,-0.010341639232265764,-0.0970336345723092,True
1763,0.5555555555555556,0.42857142857142855,-0.18626836221379947,-0.029580448371369802,-0.09704497259698784,True
1764,0.5714285714285714,0.42857142857142855,-0.1880761552808112,-0.04883886946635286,-0.09674654015460585,True
1765,0.5873015873015872,0.42857142857142855,-0.190124860919377,-0.06821982556964964,-0.0961302709007544,True
1766,0.6031746031746031,0.42857142857142855,-0.1924147393859166,-0.08771632211261529,-0.09522131770043701,True
1767,0.6190476190476191,0.42857142857142855,-0.19504348445362724,-0.10748282128100267,-0.09398185507664963,True
1768,0.6349206349206349,0.42857142857142855,-0.19803315518729298,-0.12761227974126288,-0.0924312105435058,True
1769,0.6507936507936507,0.42857142857142855,-0.20141493150499917,-0.14825530709069273,-0.09057936302634469,True
1770,0.6666666666666666,0.42857142857142855,-0.20527628804552217,-0.16954470720945594,-0.08837202388067726,True
1771,0.6825396825396826,0.42857142857142855,-0.20957957738421287,-0.19165413143187385,-0.08584293239814861,True
1772,0.6984126984126984,0.42857142857142855,-0.21434156184562564,-0.21475394940816733,-0.08292629564342353,True
1773,0.7142857142857142,0.42857142857142855,-0.21942925454284487,-0.23895578265456943,-0.07962960756587856,True
1774,0.7301587301587301,0.42857142857142855,-0.22462236072237035,-0.2642153962979124,-0.07593151196439166,True
1775,0.746031746031746,0.42857142857142855,-0.22955609707006558,-0.29037721255163024,-0.07179667865767272,True
1776,0.7619047619047619,0.42857142857142855,-0.23371131453200902,-0.31696372056372374,-0.06720876852681393,True
1777,0.7777777777777777,0.42857142857142855,-0.2361793272489857,-0.3429231095705748,-0.06220308717928124,True
1778,0.7936507936507936,0.42857142857142855,-0.2360400740660716,-0.3668127382435002,-0.05682541759852827,True
1779,0.8095238095238095,0.42857142857142855,-0.2322475441317603,-0.38662035852824084,-0.05119742359630591,True
1780,0.8253968253968254,0.42857142857142855,-0.22387061235072278,-0.39998459514309204,-0.04549985643437381,True
1781,0.8412698412698412,0.42857142857142855,-0.21022011169814506,-0.4043442850189794,-0.039982323883387946,True
1782,0.8571428571428571,0.42857142857142855,-0.19073794594418855,-0.39675109289394644,-0.03495937599563755,True
1783,0.873015873015873,0.42857142857142855,-0.16609536725562682,-0.37590681504659496,-0.03072527366156698,True
1784,0.8888888888888888,0.42857142857142855,-0.1377045063143836,-0.3419167109967799,-0.027455237444386875,True
1785,0.9047619047619047,0.42857142857142855,-0.10730504015177274,-0.2957909841882628,-0.02531985097166689,True
1786,0.9206349206349206,0.42857142857142855,-0.07749913659807631,-0.241285361574509,-0.024256854496238423,True
1787,0.9365079365079365,0.42857142857142855,-0.05059297099744935,-0.18269161555195843,-0.02404363551409719,True
1788,0.9523809523809523,0.42857142857142855,-0.028543675038747437,-0.12504655631721343,-0.024442871053891993,True
1789,0.9682539682539681,0.42857142857142855,-0.01251976200349498,-0.07284629331742765,-0.025174750283940155,True
1790,0.9841269841269841,0.42857142857142855,-0.0030762772192979688,-0.03026721241052432,-0.026025623052105408,True
1791,1.0,0.42857142857142855,-5.440619149669562e-07,3.0009419558900483e-05,-0.02678858003227523,True
1792,0.0,0.4444444444444444,8.033390864234656e-08,-1.754009981779651e-06,-0.014791041410397358,True
1793,0.015873015873015872,0.4444444444444444,-0.0011716539950077211,0.06359977440418157,-0.015075113634376767,True
1794,0.031746031746031744,0.4444444444444444,-0.004508696546971097,0.11380159359547723,-0.015400253969059587,True
1795,0.047619047619047616,0.4444444444444444,-0.009762634261853137,0.15266236039718062,-0.015812435848267675,True
1796,0.06349206349206349,0.4444444444444444,-0.016560857891812893,0.18260356270976635,-0.01638596859440758,True
1797,0.07936507936507936,0.4444444444444444,-0.024584396568629506,0.20588814617052523,-0.017181324300944174,True
1798,0.09523809523809523,0.4444444444444444,-0.033404798985787555,0.22470235603440128,-0.018248219258547523,True
1799,0.1111111111111111,0.4444444444444444,-0.04277213850070171,0.24047864062589686,-0.01961844315408068,True
1800,0.12698412698412698,0.4444444444444444,-0.052411932179879814,0.2540755545069164,-0.021323963067079208,True
1801,0.14285714285714285,0.4444444444444444,-0.062127535090794786,0.26591790690319095,-0.02338560128993487,True
1802,0.15873015873015872,0.4444444444444444,-0.07174979418143931,0.2760516219835804,-0.025817671323423864,True
1803,0.1746031746031746,0.4444444444444444,-0.08114256133793735,0.2843740284309866,-0.028625399049790643,True
1804,0.19047619047619047,0.4444444444444444,-0.09026898836736476,0.29063726307409743,-0.031792777289408505,True
1805,0.20634920634920634,0.4444444444444444,-0.09896029572083456,0.2945932631359808,-0.03530900597557546,True
1806,0.2222222222222222,0.4444444444444444,-0.10715534252511957,0.2960724341017711,-0.03913838549184559,True
1807,0.23809523809523808,0.4444444444444444,-0.11472514232818917,0.29496256088771433,-0.04324552364846451,True
1808,0.25396825396825395,0.4444444444444444,-0.12169730608245681,0.2912561858590853,-0.047562793827143145,True
1809,0.2698412698412698,0.4444444444444444,-0.1279469410224218,0.2849684524284872,-0.052040544516489096,True
1810,0.2857142857142857,0.4444444444444444,-0.133461566819666,0.27616181061460604,-0.05659788890742753,True
1811,0.30158730158730157,0.4444444444444444,-0.13836345478414855,0.26521523181097656,-0.06117080093158831,True
1812,0.31746031746031744,0.4444444444444444,-0.14253592309032181,0.2521408844810378,-0.06567762585720324,True
1813,0.3333333333333333,0.4444444444444444,-0.14602810725600607,0.23726483753330008,-0.07006291055906468,True
1814,0.3492063492063492,0.4444444444444444,-0.14894236509242087,0.22091601671856298,-0.07425966359361119,True
1815,0.36507936507936506,0.4444444444444444,-0.15135206451450542,0.20340376121762105,-0.07821971304021,True
1816,0.38095238095238093,0.4444444444444444,-0.1533157711041091,0.18498542134687432,-0.08189405380228283,True
1817,0.3968253968253968,0.4444444444444444,-0.15497813602603508,0.1660098917719759,-0.08528006599502401,True
1818,0.4126984126984127,0.4444444444444444,-0.15636836048433603,0.1466186412018006,-0.08832572710057315,True
1819,0.42857142857142855,0.4444444444444444,-0.1575937392048859,0.12703147848586513,-0.09103208465244685,True
1820,0.4444444444444444,0.4444444444444444,-0.1587172952168808,0.10737689596831604,-0.0933884513782165,True
1821,0.4603174603174603,0.4444444444444444,-0.1597969477686175,0.08775098442815975,-0.095400275733171,True
1822,0.47619047619047616,0.4444444444444444,-0.16088583757359912,0.0682137628212112,-0.09706936868567269,True
1823,0.49206349206349204,0.4444444444444444,-0.162029686178048,0.0487889860615033,-0.0983795404560358,True
1824,0.5079365079365079,0.4444444444444444,-0.16325152979839827,0.029496623391056406,-0.0993655640776453,True
1825,0.5238095238095237,0.4444444444444444,-0.1645658324826419,0.01028889995720814,-0.10003149721759994,True
1826,0.5396825396825397,0.4444444444444444,-0.1660189053373611,-0.008815669106030908,-0.10036998383833927,True
1827,0.5555555555555556,0.4444444444444444,-0.16762958652480048,-0.027899360755749433,-0.10038198536509009,True
1828,0.5714285714285714,0.4444444444444444,-0.1693966937142534,-0.04694946566864057,-0.1001041855338549,True
1829,0.5873015873015872,0.4444444444444444,-0.17138337073282509,-0.0660805841086155,-0.09950684969152936,True
1830,0.6031746031746031,0.4444444444444444,-0.1736070017087351,-0.08530348745831563,-0.09860979062072765,True
1831,0.6190476190476191,0.4444444444444444,-0.17611244556052313,-0.10476008764537824,-0.09741775596825726,True
1832,0.6349206349206349,0.4444444444444444,-0.17894377291696673,-0.12451488672595279,-0.09593319765211339,True
1833,0.6507936507936507,0.4444444444444444,-0.18219934950518954,-0.14473227616329806,-0.0941240527590255,True
1834,0.6666666666666666,0.4444444444444444,-0.18587867876278713,-0.165530859519942,-0.09202451721317023,True
1835,0.6825396825396826,0.4444444444444444,-0.19007366873094914,-0.18714744465389585,-0.08959448532745538,True
1836,0.6984126984126984,0.4444444444444444,-0.19481093307947012,-0.20977020595989784,-0.08681533825447188,True
1837,0.7142857142857142,0.4444444444444444,-0.20002417410651877,-0.23360940255183257,-0.0836684926360474,True
1838,0.7301587301587301,0.4444444444444444,-0.20562471944216396,-0.2587637178513995,-0.08014287751971255,True
1839,0.746031746031746,0.4444444444444444,-0.21132238197310096,-0.2852262676380343,-0.07618145584945425,True
1840,0.7619047619047619,0.4444444444444444,-0.21664322704014685,-0.31267754503130385,-0.07178541264857252,True
1841,0.7777777777777777,0.4444444444444444,-0.2208358798517724,-0.34031630414149094,-0.06691364187090007,True
1842,0.7936507936507936,0.4444444444444444,-0.2232380227518446,-0.3671553992418957,-0.06164401703569586,True
1843,0.8095238095238095,0.4444444444444444,-0.22244605940301163,-0.39094165002708603,-0.056018437849995495,True
1844,0.8253968253968254,0.4444444444444444,-0.2173611180351558,-0.40917630624350254,-0.05020458549914946,True
1845,0.8412698412698412,0.4444444444444444,-0.20716208200962105,-0.4191597378605063,-0.04442402738801291,True
1846,0.8571428571428571,0.4444444444444444,-0.19108971511344316,-0.4176084291504196,-0.03899515562457535,True
1847,0.873015873015873,0.4444444444444444,-0.16913960642256018,-0.40190480625183744,-0.03424026534157537,True
1848,0.8888888888888888,0.4444444444444444,-0.14234420114679694,-0.3711150818935297,-0.030485932743956577,True
1849,0.9047619047619047,0.4444444444444444,-0.11266313975351379,-0.3263254447161267,-0.027871496255016403,True
1850,0.9206349206349206,0.4444444444444444,-0.08251351795143122,-0.27035617158598096,-0.026406978595661098,True
1851,0.9365079365079365,0.4444444444444444,-0.054565136844321564,-0.20800094731661528,-0.025961560336856482,True
1852,0.9523809523809523,0.4444444444444444,-0.031135132185467432,-0.14480381184035182,-0.02625561510533978,True
1853,0.9682539682539681,0.4444444444444444,-0.01382492191730663,-0.08611014896243373,-0.026989318224958245,True
1854,0.9841269841269841,0.4444444444444444,-0.0034360911879484867,-0.036761037219075525,-0.027897834586835524,True
1855,1.0,0.4444444444444444,3.255954488397574e-08,-5.60892448638552e-05,-0.028742186852110205,True
1856,0.0,0.4603174603174603,-3.0334274825427927e-07,-3.93012095685973e-06,-0.016788396193257803,True
1857,0.015873015873015872,0.4603174603174603,-0.0009367234193283034,0.06568809048920987,-0.01702058692967252,True
1858,0.031746031746031744,0.4603174603174603,-0.003702911950405212,0.1178433430164186,-0.017314161325214676,True
1859,0.047619047619047616,0.4603174603174603,-0.00818441851537241,0.1584095841794743,-0.01771809998230566,True
1860,0.06349206349206349,0.4603174603174603,-0.014168888973939194,0.18963639672007743,-0.01830395637991729,True
1861,0.07936507936507936,0.4603174603174603,-0.021315532283612184,0.21401576763656222,-0.019128900206412877,True
1862,0.09523809523809523,0.4603174603174603,-0.029305661031048803,0.2334600504961764,-0.020240444598545754,True
1863,0.1111111111111111,0.4603174603174603,-0.037805804982319974,0.24959318924979035,-0.021672906596024107,True
1864,0.12698412698412698,0.4603174603174603,-0.046543321656490735,0.2633499952057088,-0.023454112854971256,True
1865,0.14285714285714285,0.4603174603174603,-0.05537523626296017,0.27515527957272995,-0.025599583401212715,True
1866,0.15873015873015872,0.4603174603174603,-0.06408492462021376,0.2851292516373218,-0.028123904656970518,True
1867,0.1746031746031746,0.4603174603174603,-0.07257687403883559,0.29319306640060266,-0.031027049871200585,True
1868,0.19047619047619047,0.4603174603174603,-0.08073420516690745,0.299075101602691,-0.03430119906658691,True
1869,0.20634920634920634,0.4603174603174603,-0.08845241073655925,0.30256480846438755,-0.03792571266736335,True
1870,0.2222222222222222,0.4603174603174603,-0.09563770909239322,0.30345818580282136,-0.041865366637218834,True
1871,0.23809523809523808,0.4603174603174603,-0.10235282444398328,0.3017848434235975,-0.046064313794246865,True
1872,0.25396825396825395,0.4603174603174603,-0.10841368826915383,0.29743450803471677,-0.05047768344746056,True
1873,0.2698412698412698,0.4603174603174603,-0.1138775584381454,0.2904811365402136,-0.05502505148767509,True
1874,0.2857142857142857,0.4603174603174603,-0.11863174834973574,0.28103695478164475,-0.05965142500701843,True
1875,0.30158730158730157,0.4603174603174603,-0.12279804270179724,0.26938427348560784,-0.06427552149896627,True
1876,0.31746031746031744,0.4603174603174603,-0.1262939156416696,0.25561756250494705,-0.06881624592107026,True
1877,0.3333333333333333,0.4603174603174603,-0.12927898215275785,0.24020401157883478,-0.07322158696921183,True
1878,0.3492063492063492,0.4603174603174603,-0.1317435843152624,0.2233554517014157,-0.0774259131099111,True
1879,0.36507936507936506,0.4603174603174603,-0.1337852945759811,0.20541545582759937,-0.08137827425555,True
1880,0.38095238095238093,0.4603174603174603,-0.1354798405977771,0.18668203471212597,-0.08505003353723041,True
1881,0.3968253968253968,0.4603174603174603,-0.13691257662191686,0.16742134416377913,-0.08840691800044341,True
1882,0.4126984126984127,0.4603174603174603,-0.1381630775929524,0.1478535217092424,-0.0914302713246233,True
1883,0.42857142857142855,0.4603174603174603,-0.13930016768488349,0.12815766153290756,-0.09411406866667284,True
1884,0.4444444444444444,0.4603174603174603,-0.14038639846797754,0.10845628087561067,-0.0964433552508475,True
1885,0.4603174603174603,0.4603174603174603,-0.14146746512451058,0.08883222762642402,-0.09842056072892442,True
1886,0.47619047619047616,0.4603174603174603,-0.1425796212104869,0.0693364092823904,-0.10006956298628777,True
1887,0.49206349206349204,0.4603174603174603,-0.1437602310301225,0.04998823714672776,-0.10137124314612474,True
1888,0.5079365079365079,0.4603174603174603,-0.14502111635468576,0.030780789534868732,-0.10234789720922051,True
1889,0.5238095238095237,0.4603174603174603,-0.14639125231035016,0.01169454930979068,-0.10299448394887609,True
1890,0.5396825396825397,0.4603174603174603,-0.14788520033084687,-0.007278584462605094,-0.10332432594251625,True
1891,0.5555555555555556,0.4603174603174603,-0.1495122723814659,-0.02620092559867033,-0.10334678949568733,True
1892,0.5714285714285714,0.4603174603174603,-0.1512964899042167,-0.04508287065639361,-0.10306234513848242,True
1893,0.5873015873015872,0.4603174603174603,-0.15325628915399828,-0.06400844712409025,-0.10248330459372877,True
1894,0.6031746031746031,0.4603174603174603,-0.1554309633107458,-0.08299107366689994,-0.1016007960553068,True
1895,0.6190476190476191,0.4603174603174603,-0.15783944777695563,-0.10216140948021035,-0.10044412480397726,True
1896,0.6349206349206349,0.4603174603174603,-0.16054918076747346,-0.12156063290455686,-0.098994504670302,True
1897,0.6507936507936507,0.4603174603174603,-0.16364518665119404,-0.14137187211106836,-0.09724212115217304,True
1898,0.6666666666666666,0.4603174603174603,-0.16712946128234388,-0.16168406371781321,-0.09522146626476856,True
1899,0.6825396825396826,0.4603174603174603,-0.17116282052828563,-0.18277113237525328,-0.09287172476803832,True
1900,0.6984126984126984,0.4603174603174603,-0.17575501935537907,-0.20485567641414518,-0.09020972888717424,True
1901,0.7142857142857142,0.4603174603174603,-0.18091338296841314,-0.22813184515086163,-0.08722107542421195,True
1902,0.7301587301587301,0.4603174603174603,-0.18663690404317831,-0.2529030558627921,-0.08385546018571013,True
1903,0.746031746031746,0.4603174603174603,-0.19271862438828066,-0.27927708464935913,-0.08009516905122048,True
1904,0.7619047619047619,0.4603174603174603,-0.19887649106678149,-0.307166886088621,-0.07589019328905423,True
1905,0.7777777777777777,0.4603174603174603,-0.2045456638114044,-0.336133617798431,-0.07123250198865565,True
1906,0.7936507936507936,0.4603174603174603,-0.2087486956146702,-0.3650149247732465,-0.06611095523457548,True
1907,0.8095238095238095,0.4603174603174603,-0.21053080039663122,-0.39219867421812077,-0.060571944105238015,True
1908,0.8253968253968254,0.4603174603174603,-0.2086745481028568,-0.4152374257790751,-0.05475584210317214,True
1909,0.8412698412698412,0.4603174603174603,-0.2015715965434031,-0.4302859895665795,-0.04883548214580155,True
1910,0.8571428571428571,0.4603174603174603,-0.18899616777620956,-0.4350261571919345,-0.043105722121414926,True
1911,0.873015873015873,0.4603174603174603,-0.17007904922791012,-0.4251964360966874,-0.03793351284161977,True
1912,0.8888888888888888,0.4603174603174603,-0.14558154777383694,-0.3990974200204467,-0.03365788833657809,True
1913,0.9047619047619047,0.4603174603174603,-0.1170027599286819,-0.3564510168775488,-0.03056701035548623,True
1914,0.9206349206349206,0.4603174603174603,-0.08697585656152865,-0.3001065207201059,-0.028720612102166455,True
1915,0.9365079365079365,0.4603174603174603,-0.058319014721089385,-0.23466536364792004,-0.027999639522017998,True
1916,0.9523809523809523,0.4603174603174603,-0.03368003679303891,-0.16603699726562074,-0.028161418618075792,True
1917,0.9682539682539681,0.4603174603174603,-0.015147931467793517,-0.10075230647938935,-0.028872810463402718,True
1918,0.9841269841269841,0.4603174603174603,-0.003804176522363093,-0.04395600920325999,-0.029834104716342683,True
1919,1.0,0.4603174603174603,1.4685440902377883e-06,7.816037568404318e-05,-0.030762134422284263,True
1920,0.0,0.47619047619047616,2.600803656890896e-07,8.490045854727637e-06,-0.018781923244420733,True
1921,0.015873015873015872,0.47619047619047616,-0.0006956219605908084,0.06732244110021358,-0.01896131808476001,True
1922,0.031746031746031744,0.47619047619047616,-0.002876030556187922,0.12111460601783672,-0.0192203495547958,True
1923,0.047619047619047616,0.47619047619047616,-0.006561974394838261,0.16319988533764368,-0.01961071251219309,True
1924,0.06349206349206349,0.47619047619047616,-0.011644212975347087,0.19583184239300086,-0.020202319090125473,True
1925,0.07936507936507936,0.47619047619047616,-0.017859846170405782,0.22115428786390817,-0.021050748892027557,True
1926,0.09523809523809523,0.47619047619047616,-0.02489929754075448,0.24130000964723894,-0.022200708286366395,True
1927,0.1111111111111111,0.47619047619047616,-0.03244395997531376,0.25776848173618755,-0.023685603400924998,True
1928,0.12698412698412698,0.47619047619047616,-0.040309833687834494,0.2716612485503785,-0.025524457595245232,True
1929,0.14285714285714285,0.47619047619047616,-0.04815374749639982,0.2834673897438706,-0.02774265759439925,True
1930,0.15873015873015872,0.47619047619047616,-0.05594435130914499,0.2933071796571123,-0.030341365745765347,True
1931,0.1746031746031746,0.47619047619047616,-0.06346983256148467,0.30109317844000044,-0.0333268820256685,True
1932,0.19047619047619047,0.47619047619047616,-0.07066716625071798,0.30655119507380313,-0.036682914161443696,True
1933,0.20634920634920634,0.47619047619047616,-0.07742690700853562,0.3095794872054696,-0.0403887816406179,True
1934,0.2222222222222222,0.47619047619047616,-0.08372399808905794,0.3099838392242537,-0.04440239943336105,True
1935,0.23809523809523808,0.47619047619047616,-0.08952102670487336,0.30772555547393354,-0.04867647985394798,True
1936,0.25396825396825395,0.47619047619047616,-0.09473626731776894,0.30280747747098996,-0.05315700235610472,True
1937,0.2698412698412698,0.47619047619047616,-0.09932579602465885,0.2951727625550536,-0.05776333985631362,True
1938,0.2857142857142857,0.47619047619047616,-0.1034186287718513,0.28516245915413696,-0.062426955846525384,True
1939,0.30158730158730157,0.47619047619047616,-0.10689355894052473,0.2728638014191785,-0.06707782586709307,True
1940,0.31746031746031744,0.47619047619047616,-0.10989036807591883,0.2586324035267172,-0.0716419629562191,True
1941,0.3333333333333333,0.47619047619047616,-0.11237491945607318,0.24269183575933675,-0.0760498342051964,True
1942,0.3492063492063492,0.47619047619047616,-0.11445313850673508,0.22541847549575786,-0.08024818084552392,True
1943,0.36507936507936506,0.47619047619047616,-0.11619112690911092,0.20712566751722228,-0.08418397619920145,True
1944,0.38095238095238093,0.47619047619047616,-0.11767035597538679,0.18813558373440617,-0.0878387109794553,True
1945,0.3968253968253968,0.47619047619047616,-0.11895775570891405,0.1686873719248746,-0.09117056809709873,True
1946,0.4126984126984127,0.47619047619047616,-0.12012573068720697,0.14900531393803884,-0.0941618940792174,True
1947,0.42857142857142855,0.47619047619047616,-0.12122857685721034,0.12925114030197007,-0.09681372082103687,True
1948,0.4444444444444444,0.47619047619047616,-0.12231289493209577,0.10953655424215496,-0.0991258535743074,True
1949,0.4603174603174603,0.47619047619047616,-0.12342190267051001,0.08994137573254644,-0.10109456559431797,True
1950,0.47619047619047616,0.47619047619047616,-0.12459776278886206,0.07051192815453763,-0.1027020536434578,True
1951,0.49206349206349204,0.47619047619047616,-0.1258308813679024,0.05123446283011216,-0.10400461403361763,True
1952,0.5079365079365079,0.47619047619047616,-0.12716782673273824,0.032127563005184455,-0.10496293180747703,True
1953,0.5238095238095237,0.47619047619047616,-0.1286116304185186,0.013160070546173804,-0.105600045983019,True
1954,0.5396825396825397,0.47619047619047616,-0.13016943992635618,-0.0056955932522454455,-0.1059255976511515,True
1955,0.5555555555555556,0.47619047619047616,-0.13185749970569086,-0.02446997849837248,-0.10593919760798286,True
1956,0.5714285714285714,0.47619047619047616,-0.13367741414220102,-0.04320921944707595,-0.10565481885258328,True
1957,0.5873015873015872,0.47619047619047616,-0.13565278849364168,-0.06194243859302961,-0.10508287217248134,True
1958,0.6031746031746031,0.47619047619047616,-0.13780336206348645,-0.08072737601210238,-0.10422205365466732,True
1959,0.6190476190476191,0.47619047619047616,-0.14017612670550494,-0.09964520289621737,-0.10307321223365544,True
1960,0.6349206349206349,0.47619047619047616,-0.14280113017757876,-0.11872885368814218,-0.10164810153992392,True
1961,0.6507936507936507,0.47619047619047616,-0.14573547586109548,-0.13814698724293473,-0.09995737034260418,True
1962,0.6666666666666666,0.47619047619047616,-0.14909212158715965,-0.15803787099639927,-0.09797024366490878,True
1963,0.6825396825396826,0.47619047619047616,-0.15289404236397414,-0.17856210133111064,-0.09571837733810282,True
1964,0.6984126984126984,0.47619047619047616,-0.15729004064960517,-0.20005286973581216,-0.09315585076546892,True
1965,0.7142857142857142,0.47619047619047616,-0.1623182912802462,-0.22273935834295233,-0.09027783163289844,True
1966,0.7301587301587301,0.47619047619047616,-0.1679740640097135,-0.2469562713959903,-0.08707092701061432,True
1967,0.746031746031746,0.47619047619047616,-0.17422241028152755,-0.2729192525175377,-0.08349449386980762,True
1968,0.7619047619047619,0.47619047619047616,-0.18083258628943466,-0.30078115793854565,-0.07950212497002652,True
1969,0.7777777777777777,0.47619047619047616,-0.18730659393982432,-0.3302875850059558,-0.07505203933703179,True
1970,0.7936507936507936,0.47619047619047616,-0.19309081836710593,-0.3608199313610836,-0.07015074791224525,True
1971,0.8095238095238095,0.47619047619047616,-0.19702159050431797,-0.3907761053733663,-0.06478162402449213,True
1972,0.8253968253968254,0.47619047619047616,-0.1977216000743772,-0.4176051253536747,-0.059032249546143285,True
1973,0.8412698412698412,0.47619047619047616,-0.1942295707479848,-0.438668279837109,-0.05308474375169369,True
1974,0.8571428571428571,0.47619047619047616,-0.18474547982797324,-0.44904345631736736,-0.04718124949195368,True
1975,0.873015873015873,0.47619047619047616,-0.16923950705789573,-0.44599778414758784,-0.041665453550898124,True
1976,0.8888888888888888,0.47619047619047616,-0.14711898570783657,-0.42485265686924184,-0.036981607555158474,True
1977,0.9047619047619047,0.47619047619047616,-0.12022228530601485,-0.3857235050708795,-0.03341152041246587,True
1978,0.9206349206349206,0.47619047619047616,-0.09076334018832109,-0.33003712352932846,-0.03113796799161766,True
1979,0.9365079365079365,0.47619047619047616,-0.06169892414775588,-0.26209097223308725,-0.030130043942455508,True
1980,0.9523809523809523,0.47619047619047616,-0.03609139153761633,-0.18846661878336063,-0.030133282004549785,True
1981,0.9682539682539681,0.47619047619047616,-0.016389870861210278,-0.11617702183557548,-0.030807388376172064,True
1982,0.9841269841269841,0.47619047619047616,-0.00415445535107453,-0.05180099450789647,-0.03181119372733471,True
1983,1.0,0.47619047619047616,-9.556705411854689e-07,-1.0529168131053644e-05,-0.032820305352764964,True
1984,0.0,0.49206349206349204,-3.757375565083841e-07,-5.429927361657549e-06,-0.020747799301404073,True
1985,0.015873015873015872,0.49206349206349204,-0.00045025510579963977,0.06846610566673358,-0.020869442789269423,True
1986,0.031746031746031744,0.49206349206349204,-0.001993453170476293,0.12372419153703276,-0.02109148750611521,True
1987,0.047619047619047616,0.49206349206349204,-0.004865065945561936,0.16719580039994297,-0.02146587522280839,True
1988,0.06349206349206349,0.49206349206349204,-0.00899267424132787,0.20106897204367433,-0.022057706890395462,True
1989,0.07936507936507936,0.49206349206349204,-0.014226812674579562,0.22735726703588074,-0.02292135531673815,True
1990,0.09523809523809523,0.49206349206349204,-0.02028957100769416,0.2481111779537718,-0.024098645973105137,True
1991,0.1111111111111111,0.49206349206349204,-0.026884824281481184,0.2650648413125006,-0.025621335264247456,True
1992,0.12698412698412698,0.49206349206349204,-0.03371408106102591,0.27911464154392396,-0.027511471680950642,True
1993,0.14285714285714285,0.49206349206349204,-0.04060429379226156,0.2908315115319343,-0.02978199060749115,True
1994,0.15873015873015872,0.49206349206349204,-0.04740937994807669,0.3005071532036311,-0.03244057148035441,True
1995,0.1746031746031746,0.49206349206349204,-0.05396632696032042,0.3079673248633311,-0.03548621095006042,True
1996,0.19047619047619047,0.49206349206349204,-0.06014093984531633,0.3130334393066497,-0.038905103029747964,True
1997,0.20634920634920634,0.49206349206349204,-0.0660151218221726,0.3156960123689359,-0.04266951045042281,True
1998,0.2222222222222222,0.49206349206349204,-0.07135968932299515,0.31555678532488607,-0.046738340251990695,True
1999,0.23809523809523808,0.49206349206349204,-0.07627258576224095,0.3127946471133167,-0.051063653554469006,True
2000,0.25396825396825395,0.49206349206349204,-0.08065936488929375,0.30729843813203583,-0.05558187042036415,True
2001,0.2698412698412698,0.49206349206349204,-0.08457496577206583,0.2992017549166428,-0.06022012168597717,True
2002,0.2857142857142857,0.49206349206349204,-0.08796576011038142,0.28862416347381964,-0.06490450218041069,True
2003,0.30158730158730157,0.49206349206349204,-0.09087729548184996,0.27583822597777885,-0.06956531183106628,True
2004,0.31746031746031744,0.49206349206349204,-0.09332832354834776,0.2611281549541602,-0.07413777277156633,True
2005,0.3333333333333333,0.49206349206349204,-0.09540832826821356,0.24476675986243857,-0.0785269651340985,True
2006,0.3492063492063492,0.49206349206349204,-0.09715746918751146,0.2271699904198884,-0.08271571179190133,True
2007,0.36507936507936506,0.49206349206349204,-0.09865399305561576,0.2086234946303542,-0.08663733018138974,True
2008,0.38095238095238093,0.49206349206349204,-0.09996879671512589,0.18943378662407606,-0.09025245981982791,True
2009,0.3968253968253968,0.49206349206349204,-0.10114373148630583,0.16985483285576544,-0.09355465908869556,True
2010,0.4126984126984127,0.49206349206349204,-0.10225989027990158,0.15011297637633,-0.09653950017217627,True
2011,0.42857142857142855,0.49206349206349204,-0.1033517149064884,0.13033744105901832,-0.09916713970950333,True
2012,0.4444444444444444,0.49206349206349204,-0.10446581910029108,0.11064753364343279,-0.10144563499726397,True
2013,0.4603174603174603,0.49206349206349204,-0.10563186047674375,0.09111019750156231,-0.10339095548085944,True
2014,0.47619047619047616,0.49206349206349204,-0.10686252600630237,0.07174224372466308,-0.10500422260972853,True
2015,0.49206349206349204,0.49206349206349204,-0.10818611908189162,0.05256472617237477,-0.10627729234008784,True
2016,0.5079365079365079,0.49206349206349204,-0.10961063116861598,0.03356010967886398,-0.10722380608624206,True
2017,0.5238095238095237,0.49206349206349204,-0.11114058943742082,0.014701947982646405,-0.10785418358777035,True
2018,0.5396825396825397,0.49206349206349204,-0.11278794966401474,-0.004032805542615962,-0.10816593412034922,True
2019,0.5555555555555556,0.49206349206349204,-0.11454976130051843,-0.02268421203079202,-0.10818025342242418,True
2020,0.5714285714285714,0.49206349206349204,-0.11643256216310145,-0.04128972582535738,-0.10790020773021583,True
2021,0.5873015873015872,0.49206349206349204,-0.11845855811383137,-0.05987662122429532,-0.10732033510046182,True
2022,0.6031746031746031,0.49206349206349204,-0.12062788371145368,-0.07847750032241245,-0.10647778148003778,True
2023,0.6190476190476191,0.49206349206349204,-0.12299489598814264,-0.09716119538700174,-0.1053379412439693,True
2024,0.6349206349206349,0.49206349206349204,-0.12558302660702825,-0.1159890213827385,-0.10393051442236265,True
2025,0.6507936507936507,0.49206349206349204,-0.12843055570663475,-0.1350770905793352,-0.10227398866249265,True
2026,0.6666666666666666,0.49206349206349204,-0.1316547157987122,-0.15454940107749152,-0.10033084565161342,True
2027,0.6825396825396826,0.49206349206349204,-0.13531963384584428,-0.17460860022191474,-0.09812337910531534,True
2028,0.6984126984126984,0.49206349206349204,-0.13949385094376127,-0.19544512080967774,-0.09565555590235003,True
2029,0.7142857142857142,0.49206349206349204,-0.14434174376135267,-0.21749504275327028,-0.09288011093238181,True
2030,0.7301587301587301,0.49206349206349204,-0.14984254072927392,-0.2409666569880204,-0.089821237008879,True
2031,0.746031746031746,0.49206349206349204,-0.1560718852397423,-0.26638129123483845,-0.08640375347338089,True
2032,0.7619047619047619,0.49206349206349204,-0.1628889821277899,-0.29393572282356534,-0.08260445397694988,True
2033,0.7777777777777777,0.49206349206349204,-0.1700102378023739,-0.3236277962443978,-0.0784028604976507,True
2034,0.7936507936507936,0.49206349206349204,-0.17678655087392073,-0.3550532071723263,-0.07372060449112271,True
2035,0.8095238095238095,0.49206349206349204,-0.18239235750606905,-0.38709232907866997,-0.06856957890609558,True
2036,0.8253968253968254,0.49206349206349204,-0.18559737980040802,-0.4176283501886424,-0.06298059943097836,True
2037,0.8412698412698412,0.49206349206349204,-0.18471911652153797,-0.443063354179865,-0.05708803223474302,True
2038,0.8571428571428571,0.49206349206349204,-0.1787478975191149,-0.45996417773805287,-0.05111066006453981,True
2039,0.873015873015873,0.49206349206349204,-0.16619229445172487,-0.4628888861890849,-0.04539348381428333,True
2040,0.8888888888888888,0.49206349206349204,-0.14722768681205003,-0.4485677461400655,-0.04031901050193038,True
2041,0.9047619047619047,0.49206349206349204,-0.12233289564050706,-0.4138481667266237,-0.03632068359872111,True
2042,0.9206349206349206,0.49206349206349204,-0.09379123140447154,-0.35972234985217405,-0.03364882358693253,True
2043,0.9365079365079365,0.49206349206349204,-0.06469253402819125,-0.2902191175390925,-0.03232720510577876,True
2044,0.9523809523809523,0.49206349206349204,-0.03835034741224854,-0.21199824928536573,-0.032150551463486145,True
2045,0.9682539682539681,0.49206349206349204,-0.017627327488794975,-0.1328942906007748,-0.032764654288612645,True
2046,0.9841269841269841,0.49206349206349204,-0.004505690286225341,-0.060268291490971834,-0.0338035162903668,True
2047,1.0,0.49206349206349204,-1.662265629544829e-07,-5.0788363560540054e-05,-0.03489186567402391,True
2048,0.0,0.5079365079365079,4.114942405210663e-07,2.3523618839673133e-06,-0.022657004257910878,True
2049,0.015873015873015872,0.5079365079365079,-0.00020269893082955424,0.06922116583975822,-0.022725954703518795,True
2050,0.031746031746031744,0.5079365079365079,-0.0011384999391542698,0.12551236940503183,-0.022907433970233333,True
2051,0.047619047619047616,0.5079365079365079,-0.003115094734553916,0.17027955541195158,-0.023258420756347063,True
2052,0.06349206349206349,0.5079365079365079,-0.006284527946920046,0.205223363817739,-0.023843660380233524,True
2053,0.07936507936507936,0.5079365079365079,-0.010483325800886054,0.23253762499479713,-0.02471542788293432,True
2054,0.09523809523809523,0.5079365079365079,-0.015508573625225305,0.25404072677893036,-0.025911509352519534,True
2055,0.1111111111111111,0.5079365079365079,-0.02105941509037666,0.27132898158907576,-0.0274615562233654,True
2056,0.12698412698412698,0.5079365079365079,-0.026918161829899003,0.2855130363734467,-0.029383707844633605,True
2057,0.14285714285714285,0.5079365079365079,-0.03284027060308937,0.2972515920648907,-0.031691658081112344,True
2058,0.15873015873015872,0.5079365079365079,-0.038645189068313414,0.3066936982068344,-0.0343905144096967,True
2059,0.1746031746031746,0.5079365079365079,-0.04417022893387915,0.3138590191353029,-0.03747702498290305,True
2060,0.19047619047619047,0.5079365079365079,-0.04943798291138574,0.31864347725863856,-0.04093473096222436,True
2061,0.20634920634920634,0.5079365079365079,-0.054313235945373406,0.32078089697290846,-0.04473376099888485,True
2062,0.2222222222222222,0.5079365079365079,-0.05879458633253117,0.32029832433908817,-0.048837159408890184,True
2063,0.23809523809523808,0.5079365079365079,-0.06285344851162518,0.3170454088561741,-0.05318810742846036,True
2064,0.25396825396825395,0.5079365079365079,-0.0664653692098876,0.3110794765123303,-0.05772428640868787,True
2065,0.2698412698412698,0.5079365079365079,-0.06963135467807971,0.302510654674889,-0.06237835637094717,True
2066,0.2857142857142857,0.5079365079365079,-0.07236876030579525,0.29146922992569646,-0.06706803593696517,True
2067,0.30158730158730157,0.5079365079365079,-0.07472876496712431,0.27826345280587517,-0.07172581204006523,True
2068,0.31746031746031744,0.5079365079365079,-0.07673012055378887,0.26313741898921733,-0.0762689027482935,True
2069,0.3333333333333333,0.5079365079365079,-0.07843507405115181,0.2465208901525671,-0.08066556673308975,True
2070,0.3492063492063492,0.5079365079365079,-0.0799133071835929,0.22865176341417592,-0.08481746458397336,True
2071,0.36507936507936506,0.5079365079365079,-0.08119574684395822,0.20992156414495627,-0.08871655360798465,True
2072,0.38095238095238093,0.5079365079365079,-0.08236827300361194,0.1906115724776233,-0.09231692743893398,True
2073,0.3968253968253968,0.5079365079365079,-0.08346896891698842,0.17097005772338103,-0.0955990302427006,True
2074,0.4126984126984127,0.5079365079365079,-0.08455103532034876,0.15120115025752665,-0.09855418593653262,True
2075,0.42857142857142855,0.5079365079365079,-0.08565335945757914,0.13144818194730706,-0.10115637518438252,True
2076,0.4444444444444444,0.5079365079365079,-0.08680481762107062,0.11181117271988396,-0.10341566942997082,True
2077,0.4603174603174603,0.5079365079365079,-0.08802094435667132,0.09233648679544404,-0.10535216061004071,True
2078,0.47619047619047616,0.5079365079365079,-0.08932544544743498,0.07305925191328369,-0.10694779459102999,True
2079,0.49206349206349204,0.5079365079365079,-0.09073385321792322,0.05398120049742306,-0.10820943250855787,True
2080,0.5079365079365079,0.5079365079365079,-0.0922471042389951,0.035082523526981026,-0.10914830314122115,True
2081,0.5238095238095237,0.5079365079365079,-0.09387414501772855,0.01633971441010377,-0.1097638219207643,True
2082,0.5396825396825397,0.5079365079365079,-0.09561374022951828,-0.0022837900999659573,-0.11007597386112503,True
2083,0.5555555555555556,0.5079365079365079,-0.09746053731719825,-0.02082341218145493,-0.11009288485753148,True
2084,0.5714285714285714,0.5079365079365079,-0.09943656013594486,-0.03929242454735171,-0.10980202667476491,True
2085,0.5873015873015872,0.5079365079365079,-0.10153135968357845,-0.05774165058375188,-0.10922872935345458,True
2086,0.6031746031746031,0.5079365079365079,-0.10377220387162377,-0.07619582800432691,-0.1083755631031834,True
2087,0.6190476190476191,0.5079365079365079,-0.1061741920146395,-0.09468792936970644,-0.10724733297957502,True
2088,0.6349206349206349,0.5079365079365079,-0.1087597553234687,-0.11329188832184106,-0.10586370494734386,True
2089,0.6507936507936507,0.5079365079365079,-0.1116139172170866,-0.13209094635514468,-0.10419701025364063,True
2090,0.6666666666666666,0.5079365079365079,-0.11474730034536701,-0.15115557249938028,-0.10230310480012259,True
2091,0.6825396825396826,0.5079365079365079,-0.11828684994076263,-0.1707416660989538,-0.10014521925868623,True
2092,0.6984126984126984,0.5079365079365079,-0.12234346798670956,-0.19106028933017713,-0.09771945173131706,True
2093,0.7142857142857142,0.5079365079365079,-0.12698512090080072,-0.21242232559634308,-0.095043979670287,True
2094,0.7301587301587301,0.5079365079365079,-0.13233776247386103,-0.2352348636218709,-0.09208182654855787,True
2095,0.746031746031746,0.5079365079365079,-0.1384294675656955,-0.2598443238063141,-0.08883375720038914,True
2096,0.7619047619047619,0.5079365079365079,-0.1452964430004345,-0.28677147152762383,-0.08522360740936617,True
2097,0.7777777777777777,0.5079365079365079,-0.1526752251463796,-0.3162506792729141,-0.08121314372835109,True
2098,0.7936507936507936,0.5079365079365079,-0.1602245299918211,-0.3481338964364422,-0.07679051076378028,True
2099,0.8095238095238095,0.5079365079365079,-0.16713754648619353,-0.3816410455810593,-0.07187907713496351,True
2100,0.8253968253968254,0.5079365079365079,-0.17225887044021984,-0.4149736495473163,-0.06652147962620744,True
2101,0.8412698412698412,0.5079365079365079,-0.17413660028769912,-0.4450720702907598,-0.06075282456504868,True
2102,0.8571428571428571,0.5079365079365079,-0.17097086376192222,-0.46726411982976135,-0.05479115475968133,True
2103,0.873015873015873,0.5079365079365079,-0.16193936266459436,-0.4774813333444073,-0.04894135129345062,True
2104,0.8888888888888888,0.5079365079365079,-0.14578379343333878,-0.46948912186270875,-0.04362252810169429,True
2105,0.9047619047619047,0.5079365079365079,-0.12320188884168333,-0.44008528301440186,-0.039255087333240374,True
2106,0.9206349206349206,0.5079365079365079,-0.09600220116676614,-0.38867454385354167,-0.036196076740950524,True
2107,0.9365079365079365,0.5079365079365079,-0.06722019548092341,-0.31861137509710147,-0.03454639088705569,True
2108,0.9523809523809523,0.5079365079365079,-0.04036967557877124,-0.23631585105469063,-0.034169198949170324,True
2109,0.9682539682539681,0.5079365079365079,-0.018782631802012797,-0.15049513923762337,-0.03471320663617324,True
2110,0.9841269841269841,0.5079365079365079,-0.004876970160675713,-0.06967978114674399,-0.03577347353939584,True
2111,1.0,0.5079365079365079,5.501957841011198e-07,6.280003574347262e-05,-0.036938358244093306,True
2112,0.0,0.5238095238095237,-4.2701209893261615e-07,5.877710022875224e-06,-0.02448766347786879,True
2113,0.015873015873015872,0.5238095238095237,3.949777220183477e-05,0.06947773813290137,-0.02450041866934949,True
2114,0.031746031746031744,0.5238095238095237,-0.0002651589008874081,0.12652218593378364,-0.02463746221721086,True
2115,0.047619047619047616,0.5238095238095237,-0.0014316592136864508,0.17231563544915202,-0.024965861004861634,True
2116,0.06349206349206349,0.5238095238095237,-0.0035606722779277277,0.20843937987013653,-0.02553813957961149,True
2117,0.07936507936507936,0.5238095238095237,-0.006700995699630277,0.23665731794144682,-0.026407728948000104,True
2118,0.09523809523809523,0.5238095238095237,-0.010650962429770516,0.25882964230634675,-0.02761075813656798,True
2119,0.1111111111111111,0.5238095238095237,-0.015189007899490039,0.2765132550765338,-0.02917381008030444,True
2120,0.12698412698412698,0.5238095238095237,-0.01996448900785819,0.2909081159478419,-0.03111597434285401,True
2121,0.14285714285714285,0.5238095238095237,-0.024810325766452708,0.3025986508902466,-0.03344610827336065,True
2122,0.15873015873015872,0.5238095238095237,-0.029612405482123908,0.31189251351587793,-0.03616715499731704,True
2123,0.1746031746031746,0.5238095238095237,-0.03424807408368446,0.3188366358150989,-0.03927415422547685,True
2124,0.19047619047619047,0.5238095238095237,-0.03853011201179825,0.3232293093361469,-0.04274885053423389,True
2125,0.20634920634920634,0.5238095238095237,-0.04246253596116467,0.325011561932191,-0.04656235823979671,True
2126,0.2222222222222222,0.5238095238095237,-0.04607535935721293,0.3241420419887871,-0.050676666502698225,True
2127,0.23809523809523808,0.5238095238095237,-0.049237968356272255,0.3204468249517989,-0.05503182907299315,True
2128,0.25396825396825395,0.5238095238095237,-0.05211791574080574,0.31411075307388,-0.05957054215783463,True
2129,0.2698412698412698,0.5238095238095237,-0.054596579561431866,0.3051092670233039,-0.0642121278062418,True
2130,0.2857142857142857,0.5238095238095237,-0.05675343651495423,0.29371582854625117,-0.06888982287944714,True
2131,0.30158730158730157,0.5238095238095237,-0.05856952501212188,0.28017605367403337,-0.07353097275430473,True
2132,0.31746031746031744,0.5238095238095237,-0.06015918872620602,0.2648139308411515,-0.07806628878543054,True
2133,0.3333333333333333,0.5238095238095237,-0.061528407907921606,0.24793528843519877,-0.08242433608654494,True
2134,0.3492063492063492,0.5238095238095237,-0.06273105754222062,0.22991675805737316,-0.08656849876782714,True
2135,0.36507936507936506,0.5238095238095237,-0.06383732428802333,0.21106551450286545,-0.09043965165206273,True
2136,0.38095238095238093,0.5238095238095237,-0.06488918548549016,0.19168851463155345,-0.09401214145535539,True
2137,0.3968253968253968,0.5238095238095237,-0.06591665093009118,0.17202941233526822,-0.0972751226415025,True
2138,0.4126984126984127,0.5238095238095237,-0.06696989517612534,0.15228257636831796,-0.10020323872509315,True
2139,0.42857142857142855,0.5238095238095237,-0.06807508515966887,0.13257471901956158,-0.10279531530387487,True
2140,0.4444444444444444,0.5238095238095237,-0.06925188681992121,0.11300289840264886,-0.10505089288529662,True
2141,0.4603174603174603,0.5238095238095237,-0.07052384509451202,0.09362339600448906,-0.10696656976296175,True
2142,0.47619047619047616,0.5238095238095237,-0.07189924877167725,0.0744518782943485,-0.10855297695929059,True
2143,0.49206349206349204,0.5238095238095237,-0.07338351885516194,0.05548225515866892,-0.10980823849132647,True
2144,0.5079365079365079,0.5238095238095237,-0.07498595547513577,0.03670093939460247,-0.1107351416981097,True
2145,0.5238095238095237,0.5238095238095237,-0.07670059263464024,0.018065663353214776,-0.11135007737416393,True
2146,0.5396825396825397,0.5238095238095237,-0.07853504861828735,-0.00044479755816932963,-0.11166753635784152,True
2147,0.5555555555555556,0.5238095238095237,-0.08048993925293517,-0.01885707716511915,-0.11166570173926733,True
2148,0.5714285714285714,0.5238095238095237,-0.08256420605725165,-0.037208873301968426,-0.11137635695353598,True
2149,0.5873015873015872,0.5238095238095237,-0.08475521929829678,-0.05553040263491657,-0.11080736174703386,True
2150,0.6031746031746031,0.5238095238095237,-0.08709194281255286,-0.0738320448791737,-0.1099431232161941,True
2151,0.6190476190476191,0.5238095238095237,-0.08956844775916441,-0.09216560212583284,-0.10882147070955422,True
2152,0.6349206349206349,0.5238095238095237,-0.09222865319225615,-0.11055585800095025,-0.107430159720307,True
2153,0.6507936507936507,0.5238095238095237,-0.09510501247976463,-0.12908699020584954,-0.10578348238998912,True
2154,0.6666666666666666,0.5238095238095237,-0.09825073448885677,-0.14787316810717152,-0.10389687052286734,True
2155,0.6825396825396826,0.5238095238095237,-0.10174470757805586,-0.1670135493520382,-0.101772704909491,True
2156,0.6984126984126984,0.5238095238095237,-0.10569342890927524,-0.18679438770645454,-0.09940150453100242,True
2157,0.7142857142857142,0.5238095238095237,-0.1102030142823983,-0.2075016956954928,-0.09679078642613201,True
2158,0.7301587301587301,0.5238095238095237,-0.11540511504737645,-0.22954812103094419,-0.09392227897161978,True
2159,0.746031746031746,0.5238095238095237,-0.12137805099173198,-0.25337579182238174,-0.09078790663237665,True
2160,0.7619047619047619,0.5238095238095237,-0.12817351208611655,-0.2795817195480701,-0.08734559636020324,True
2161,0.7777777777777777,0.5238095238095237,-0.13572501200751766,-0.3085230222323763,-0.08355103935840222,True
2162,0.7936507936507936,0.5238095238095237,-0.14369330004952333,-0.34037296311766924,-0.07934973056118275,True
2163,0.8095238095238095,0.5238095238095237,-0.15151396868463143,-0.37471750014853145,-0.07469904339521842,True
2164,0.8253968253968254,0.5238095238095237,-0.15816399730134523,-0.4101334005654257,-0.0695797070795897,True
2165,0.8412698412698412,0.5238095238095237,-0.16223415488796736,-0.4439021331352963,-0.06401108977374494,True
2166,0.8571428571428571,0.5238095238095237,-0.16203627155619457,-0.47175795582825275,-0.05815788478804702,True
2167,0.873015873015873,0.5238095238095237,-0.15591822676845407,-0.4881486336113227,-0.05228811457396615,True
2168,0.8888888888888888,0.5238095238095237,-0.1430710248760203,-0.4877728011288723,-0.046784128345277044,True
2169,0.9047619047619047,0.5238095238095237,-0.12297213245342543,-0.4643205661110753,-0.042119592030284606,True
2170,0.9206349206349206,0.5238095238095237,-0.09743879023658585,-0.4167726816355205,-0.03870465542501369,True
2171,0.9365079365079365,0.5238095238095237,-0.06928048829450946,-0.34701126461548626,-0.03674013755183179,True
2172,0.9523809523809523,0.5238095238095237,-0.04218461714170616,-0.26137844393886456,-0.03615271967031433,True
2173,0.9682539682539681,0.5238095238095237,-0.019848562693219732,-0.16896009056124692,-0.03660835637065567,True
2174,0.9841269841269841,0.5238095238095237,-0.005192389789217045,-0.07919953976177777,-0.03768466422154416,True
2175,1.0,0.5238095238095237,-1.4360849344318293e-06,-3.036184528666062e-05,-0.03891903674397483,True
2176,0.0,0.5396825396825397,3.500596102544213e-07,-3.0327160411979023e-06,-0.026217060129845572,True
2177,0.015873015873015872,0.5396825396825397,0.00026992640240741065,0.06925344864707474,-0.026173649111678965,True
2178,0.031746031746031744,0.5396825396825397,0.0005686273910118814,0.12680117069482832,-0.026270290364577273,True
2179,0.047619047619047616,0.5396825396825397,0.0003132801804968131,0.17351878352121383,-0.026567025703027658,True
2180,0.06349206349206349,0.5396825396825397,-0.0008298146514962902,0.21061630598143474,-0.027121393922795882,True
2181,0.07936507936507936,0.5396825396825397,-0.002889351066605833,0.23972567913047108,-0.02797956283223516,True
2182,0.09523809523809523,0.5396825396825397,-0.005762532857951164,0.2625662166159624,-0.02917824526660933,True
2183,0.1111111111111111,0.5396825396825397,-0.009157783694216215,0.28072187485501904,-0.03074198757929066,True
2184,0.12698412698412698,0.5396825396825397,-0.01294409005040178,0.2952726399778168,-0.0326874800750948,True
2185,0.14285714285714285,0.5396825396825397,-0.016835114037344275,0.306961712279589,-0.03502132964244283,True
2186,0.15873015873015872,0.5396825396825397,-0.020609729402528216,0.31609853338425403,-0.03774566462979321,True
2187,0.1746031746031746,0.5396825396825397,-0.024149045219699558,0.32274669327690914,-0.04085237445428867,True
2188,0.19047619047619047,0.5396825396825397,-0.027481530422605777,0.32684926047794366,-0.044323960240851126,True
2189,0.20634920634920634,0.5396825396825397,-0.03054884318261093,0.328391673485302,-0.04813657145698265,True
2190,0.2222222222222222,0.5396825396825397,-0.033255136775818456,0.32708452041272107,-0.05223542195370963,True
2191,0.23809523809523808,0.5396825396825397,-0.03570473384747977,0.32311994276348327,-0.056579034573975166,True
2192,0.25396825396825395,0.5396825396825397,-0.03777888190375062,0.3164088584235608,-0.061096769010546,True
2193,0.2698412698412698,0.5396825396825397,-0.03957320544599147,0.3070924746732238,-0.06571654095578311,True
2194,0.2857142857142857,0.5396825396825397,-0.04115589237782239,0.2954293193149559,-0.07037086648671563,True
2195,0.30158730158730157,0.5396825396825397,-0.04248881412891953,0.28165943603408566,-0.07498829570919352,True
2196,0.31746031746031744,0.5396825396825397,-0.04365995058073752,0.2660965745772163,-0.07949628429703856,True
2197,0.3333333333333333,0.5396825396825397,-0.04469665795380004,0.24905764446409684,-0.08382177280711123,True
2198,0.3492063492063492,0.5396825396825397,-0.045654031403640244,0.23095666762534356,-0.08794492558669204,True
2199,0.36507936507936506,0.5396825396825397,-0.04656980193636954,0.21205440985477436,-0.09179048958694193,True
2200,0.38095238095238093,0.5396825396825397,-0.047490502584892735,0.1926700165685883,-0.09534068833836812,True
2201,0.3968253968253968,0.5396825396825397,-0.04845036722191999,0.17303953290452012,-0.09859034757919134,True
2202,0.4126984126984127,0.5396825396825397,-0.04946780886954929,0.15334630381651462,-0.10150850849124414,True
2203,0.42857142857142855,0.5396825396825397,-0.0505680001021724,0.13371585380994216,-0.10409508736911127,True
2204,0.4444444444444444,0.5396825396825397,-0.05176913498487841,0.11424673857407205,-0.10633595606120393,True
2205,0.4603174603174603,0.5396825396825397,-0.05307948405574719,0.09497266722963292,-0.10824243469753729,True
2206,0.47619047619047616,0.5396825396825397,-0.054504519597145695,0.0759107342014194,-0.10982759902703355,True
2207,0.49206349206349204,0.5396825396825397,-0.0560546681828776,0.05705847284568462,-0.11107930429724248,True
2208,0.5079365079365079,0.5396825396825397,-0.057730111653238256,0.03839481190846966,-0.11200934741246338,True
2209,0.5238095238095237,0.5396825396825397,-0.05952979278921487,0.01988128128468524,-0.11262037885310879,True
2210,0.5396825396825397,0.5396825396825397,-0.06145802325662233,0.001496426897920578,-0.11291732617095623,True
2211,0.5555555555555556,0.5396825396825397,-0.06351458709039724,-0.016796963211304757,-0.11292482381023686,True
2212,0.5714285714285714,0.5396825396825397,-0.0656971438432953,-0.0350262762909209,-0.11263792251066725,True
2213,0.5873015873015872,0.5396825396825397,-0.06801046257730647,-0.05321046747176795,-0.11205184923972752,True
2214,0.6031746031746031,0.5396825396825397,-0.07046004913880743,-0.07137641067960375,-0.11119196172811162,True
2215,0.6190476190476191,0.5396825396825397,-0.07306076342104471,-0.08954463888515941,-0.11005668381607328,True
2216,0.6349206349206349,0.5396825396825397,-0.07582608181812969,-0.10775618465494913,-0.10866337166412679,True
2217,0.6507936507936507,0.5396825396825397,-0.07878783085183647,-0.12605798429015544,-0.10702675417342579,True
2218,0.6666666666666666,0.5396825396825397,-0.08200376320684993,-0.14453398231767353,-0.10514209767094003,True
2219,0.6825396825396826,0.5396825396825397,-0.08554395465807042,-0.16332909063145315,-0.10301965214254206,True
2220,0.6984126984126984,0.5396825396825397,-0.0894721199715076,-0.18261049067748897,-0.10068986370855802,True
2221,0.7142857142857142,0.5396825396825397,-0.09393620699254318,-0.20270801623026852,-0.09811841952175547,True
2222,0.7301587301587301,0.5396825396825397,-0.09902430269702239,-0.22402987550218117,-0.0953309676620192,True
2223,0.746031746031746,0.5396825396825397,-0.10487913835147664,-0.24707537795035953,-0.09229786282301898,True
2224,0.7619047619047619,0.5396825396825397,-0.11159177879504728,-0.27238565635047907,-0.08899561075958196,True
2225,0.7777777777777777,0.5396825396825397,-0.119175304651516,-0.3006248955439347,-0.08537096221736575,True
2226,0.7936507936507936,0.5396825396825397,-0.12742198599543936,-0.33209181579386643,-0.08139872013578073,True
2227,0.8095238095238095,0.5396825396825397,-0.13590506519695617,-0.36678024811021337,-0.07700136631221416,True
2228,0.8253968253968254,0.5396825396825397,-0.14377411958925343,-0.4037034984306644,-0.07214036446400632,True
2229,0.8412698412698412,0.5396825396825397,-0.14964657429749068,-0.44042011719502683,-0.06681882944698402,True
2230,0.8571428571428571,0.5396825396825397,-0.15203606783843218,-0.47328504903035534,-0.0611507136356063,True
2231,0.873015873015873,0.5396825396825397,-0.14902431649787243,-0.4964102055103523,-0.05533225737037992,True
2232,0.8888888888888888,0.5396825396825397,-0.13891162037474208,-0.5024864882088411,-0.04974188813845759,True
2233,0.9047619047619047,0.5396825396825397,-0.12176471775121334,-0.4865552711547352,-0.04484818827489674,True
2234,0.9206349206349206,0.5396825396825397,-0.098161023719523,-0.44376381754146227,-0.04111786915053572,True
2235,0.9365079365079365,0.5396825396825397,-0.07085437360053036,-0.3752316051174613,-0.03886222451722404,True
2236,0.9523809523809523,0.5396825396825397,-0.043757566762956966,-0.286889419442719,-0.03805303497463654,True
2237,0.9682539682539681,0.5396825396825397,-0.020858369308376395,-0.18834385853128202,-0.038408966143831075,True
2238,0.9841269841269841,0.5396825396825397,-0.005509160980416049,-0.08978002312932698,-0.03948949709262451,True
2239,1.0,0.5396825396825397,6.262005994950732e-07,3.890233776519936e-05,-0.040792792714465495,True
2240,0.0,0.5555555555555556,1.6268373444231436e-08,-8.54793827469167e-06,-0.02782646447233183,True
2241,0.015873015873015872,0.5555555555555556,0.00048678628023617683,0.06866202351277922,-0.02773620400381062,True
2242,0.031746031746031744,0.5555555555555556,0.0013531358992497,0.1263737439041202,-0.027791045591543304,True
2243,0.047619047619047616,0.5555555555555556,0.0019233170426780043,0.17370383759293936,-0.028052668884873053,True
2244,0.06349206349206349,0.5555555555555556,0.001783710078924336,0.21163575512038116,-0.028578277624683953,True
2245,0.07936507936507936,0.5555555555555556,0.0007808020676143152,0.24159384662303462,-0.02941680944071916,True
2246,0.09523809523809523,0.5555555555555556,-0.0009331236605701899,0.265206773817188,-0.03059978850571775,True
2247,0.1111111111111111,0.5555555555555556,-0.003297865921360673,0.2837695213866263,-0.032149676345729836,True
2248,0.12698412698412698,0.5555555555555556,-0.005960231255426257,0.29856637283844567,-0.03408214075191651,True
2249,0.14285714285714285,0.5555555555555556,-0.008741610941294454,0.31030526442414724,-0.036403607242018854,True
2250,0.15873015873015872,0.5555555555555556,-0.0115409756358745,0.3192810000926662,-0.03911084322816713,True
2251,0.1746031746031746,0.5555555555555556,-0.014168189743277326,0.3257786944591166,-0.04220152339881192,True
2252,0.19047619047619047,0.5555555555555556,-0.01654896832528426,0.3296127362980975,-0.04565064276627118,True
2253,0.20634920634920634,0.5555555555555556,-0.0186797341144512,0.3308107163604989,-0.04943383774164384,True
2254,0.2222222222222222,0.5555555555555556,-0.020537244756602062,0.3292351902645779,-0.05350294061980666,True
2255,0.23809523809523808,0.5555555555555556,-0.022109927167159683,0.3249761232297994,-0.05781234191560721,True
2256,0.25396825396825395,0.5555555555555556,-0.023505089521959774,0.31801402821293195,-0.062296591877600914,True
2257,0.2698412698412698,0.5555555555555556,-0.02468554811404785,0.30849497524927194,-0.06688545484094743,True
2258,0.2857142857142857,0.5555555555555556,-0.025647129788643398,0.2966173046123298,-0.07150195653822809,True
2259,0.30158730158730157,0.5555555555555556,-0.026493158165324784,0.28267833987498125,-0.07608105280652593,True
2260,0.31746031746031744,0.5555555555555556,-0.02724235795578985,0.2669889787265778,-0.08055074884921656,True
2261,0.3333333333333333,0.5555555555555556,-0.027963276128348837,0.24992717296800082,-0.08486723946610912,True
2262,0.3492063492063492,0.5555555555555556,-0.028671787591281903,0.23176215131913924,-0.08894547494339868,True
2263,0.36507936507936506,0.5555555555555556,-0.02939335811928469,0.21288230373871306,-0.09277379342669867,True
2264,0.38095238095238093,0.5555555555555556,-0.03018206117826633,0.19354957837230252,-0.09632574881821751,True
2265,0.3968253968253968,0.5555555555555556,-0.03105159036489408,0.17398130044219726,-0.09954856062508517,True
2266,0.4126984126984127,0.5555555555555556,-0.03201174645021363,0.1543789561047309,-0.1024614635979546,True
2267,0.42857142857142855,0.5555555555555556,-0.03308689155281964,0.13486124602853122,-0.10503835589882562,True
2268,0.4444444444444444,0.5555555555555556,-0.03428618637605303,0.11550246103651628,-0.10727945330836477,True
2269,0.4603174603174603,0.5555555555555556,-0.03561216891479572,0.09634779927060508,-0.10919639153755108,True
2270,0.47619047619047616,0.5555555555555556,-0.037075408426746746,0.0774235752727682,-0.1107679081292118,True
2271,0.49206349206349204,0.5555555555555556,-0.038672252983669345,0.05869950208517082,-0.11202018684217101,True
2272,0.5079365079365079,0.5555555555555556,-0.04041053004102218,0.04017256497197188,-0.11295410776891114,True
2273,0.5238095238095237,0.5555555555555556,-0.04228699316630089,0.02179594405390828,-0.113563410126815,True
2274,0.5396825396825397,0.5555555555555556,-0.04430158070722633,0.003537814701996446,-0.11387324358503301,True
2275,0.5555555555555556,0.5555555555555556,-0.04645414631392926,-0.014626573107315632,-0.11386861430835406,True
2276,0.5714285714285714,0.5555555555555556,-0.04875870813135456,-0.03270773214088659,-0.1135614326121108,True
2277,0.5873015873015872,0.5555555555555556,-0.05119036877784503,-0.05076600606260638,-0.11297778602665616,True
2278,0.6031746031746031,0.5555555555555556,-0.05378053099080809,-0.06878640838463523,-0.1121150064399796,True
2279,0.6190476190476191,0.5555555555555556,-0.056529950382117194,-0.08678970647658502,-0.11096187470156467,True
2280,0.6349206349206349,0.5555555555555556,-0.05943766661987413,-0.10482669121006773,-0.10956787519299628,True
2281,0.6507936507936507,0.5555555555555556,-0.0625545135716731,-0.1229051182108388,-0.10792359580860184,True
2282,0.6666666666666666,0.5555555555555556,-0.06590216783530078,-0.1411134987430718,-0.10603414728096958,True
2283,0.6825396825396826,0.5555555555555556,-0.0695360980847899,-0.15955663725351435,-0.1039299008761785,True
2284,0.6984126984126984,0.5555555555555556,-0.07354951035830924,-0.178428190845908,-0.10159614114599044,True
2285,0.7142857142857142,0.5555555555555556,-0.07802730986401056,-0.19797853761627116,-0.09906615208571305,True
2286,0.7301587301587301,0.5555555555555556,-0.08308882286616893,-0.21861086401817711,-0.09633199962617472,True
2287,0.746031746031746,0.5555555555555556,-0.08889268231387394,-0.2408283581089202,-0.09337641969225473,True
2288,0.7619047619047619,0.5555555555555556,-0.09556684982386589,-0.2652649314862597,-0.09017653475097218,True
2289,0.7777777777777777,0.5555555555555556,-0.10311659216235423,-0.29257471512985445,-0.0867290770393088,True
2290,0.7936507936507936,0.5555555555555556,-0.11152535080577161,-0.323450083828651,-0.08294024838860299,True
2291,0.8095238095238095,0.5555555555555556,-0.12046014913438466,-0.35804511528013055,-0.07878462647167514,True
2292,0.8253968253968254,0.5555555555555556,-0.12922295309515855,-0.3958549787912596,-0.07418511209408292,True
2293,0.8412698412698412,0.5555555555555556,-0.13671023510808783,-0.43509370803315844,-0.06914308503354151,True
2294,0.8571428571428571,0.5555555555555556,-0.1412379762102459,-0.4720456930975699,-0.06368304083763768,True
2295,0.873015873015873,0.5555555555555556,-0.1409171830504265,-0.501068011213089,-0.05799368503416865,True
2296,0.8888888888888888,0.5555555555555556,-0.13397889357035062,-0.5148345104041778,-0.052392311091324605,True
2297,0.9047619047619047,0.5555555555555556,-0.11952828242819154,-0.5059973367444219,-0.04736393671130196,True
2298,0.9206349206349206,0.5555555555555556,-0.09804367953597662,-0.46883045447883465,-0.04338626395491027,True
2299,0.9365079365079365,0.5555555555555556,-0.07198039531500916,-0.4028212508122064,-0.0408373682553005,True
2300,0.9523809523809523,0.5555555555555556,-0.04507117715302683,-0.31268669270726224,-0.03981810494041789,True
2301,0.9682539682539681,0.5555555555555556,-0.02172616638552202,-0.20803938260252908,-0.040065072451940714,True
2302,0.9841269841269841,0.5555555555555556,-0.005803043645093332,-0.10065142874059527,-0.0411419860312146,True
2303,1.0,0.5555555555555556,1.0304877139763098e-06,-0.0001239930537974834,-0.042504293703659005,True
2304,0.0,0.5714285714285714,-7.556739299722834e-08,1.56580430678427e-05,-0.029309073499090402,True
2305,0.015873015873015872,0.5714285714285714,0.0006875203896659395,0.06767036377615877,-0.02917182066765814,True
2306,0.031746031746031744,0.5714285714285714,0.0021057815061871136,0.12521056634967373,-0.02918077541753697,True
2307,0.047619047619047616,0.5714285714285714,0.003478902037082127,0.17295355344677232,-0.029403888386366973,True
2308,0.06349206349206349,0.5714285714285714,0.004319267364027168,0.21167193409433777,-0.029898345919213518,True
2309,0.07936507936507936,0.5714285714285714,0.004464960129563435,0.24250181740332408,-0.030705264642119205,True
2310,0.09523809523809523,0.5714285714285714,0.0037812555760477545,0.2667082750515208,-0.03186076291096782,True
2311,0.1111111111111111,0.5714285714285714,0.00256856773178664,0.2858145228061793,-0.03338327914731682,True
2312,0.12698412698412698,0.5714285714285714,0.0009759096311961484,0.3008538889356554,-0.03528633050139483,True
2313,0.14285714285714285,0.5714285714285714,-0.0008472403207404993,0.3125859549211474,-0.037577174409905316,True
2314,0.15873015873015872,0.5714285714285714,-0.002613256400258854,0.32150404019329026,-0.04025108123558361,True
2315,0.1746031746031746,0.5714285714285714,-0.004219557681759041,0.3278044039718176,-0.04330169089028547,True
2316,0.19047619047619047,0.5714285714285714,-0.005678415961987739,0.3314061004151036,-0.046708410885447735,True
2317,0.20634920634920634,0.5714285714285714,-0.006884975655735588,0.3323327254518038,-0.05044170558651084,True
2318,0.2222222222222222,0.5714285714285714,-0.00793334407819049,0.3305817228970543,-0.05446843615484008,True
2319,0.23809523809523808,0.5714285714285714,-0.008769151933376499,0.3260671360244622,-0.05872667881263024,True
2320,0.25396825396825395,0.5714285714285714,-0.00937519426505848,0.31892553024075804,-0.06315911741762237,True
2321,0.2698412698412698,0.5714285714285714,-0.009857009362364695,0.30922706848467385,-0.06769387170462271,True
2322,0.2857142857142857,0.5714285714285714,-0.010285026287031044,0.2972565106091328,-0.07227016223624375,True
2323,0.30158730158730157,0.5714285714285714,-0.010642283877542326,0.2832480131967734,-0.07680904223856717,True
2324,0.31746031746031744,0.5714285714285714,-0.010996671721764198,0.2675292325852565,-0.08124521979318422,True
2325,0.3333333333333333,0.5714285714285714,-0.011349091705714725,0.2504674782786634,-0.08552527718418947,True
2326,0.3492063492063492,0.5714285714285714,-0.011787534866861507,0.23234880241339811,-0.08958219419824981,True
2327,0.36507936507936506,0.5714285714285714,-0.012295371663880117,0.21355191164022447,-0.09340301531814627,True
2328,0.38095238095238093,0.5714285714285714,-0.012922029922857032,0.19430693013347597,-0.09693649914344202,True
2329,0.3968253968253968,0.5714285714285714,-0.013671088346366402,0.17485346358941573,-0.1001560653831341,True
2330,0.4126984126984127,0.5714285714285714,-0.014556617077234229,0.15536927326833996,-0.1030632810546545,True
2331,0.42857142857142855,0.5714285714285714,-0.01558194109090338,0.13598269057534118,-0.10563586113532707,True
2332,0.4444444444444444,0.5714285714285714,-0.01675566984291933,0.11675331770606988,-0.10788854545494181,True
2333,0.4603174603174603,0.5714285714285714,-0.018075518907843993,0.09775073714842396,-0.1098057190573722,True
2334,0.47619047619047616,0.5714285714285714,-0.0195496235377303,0.07896403516906378,-0.11138903149589718,True
2335,0.49206349206349204,0.5714285714285714,-0.021173081060859387,0.06038253648313999,-0.11264667982513626,True
2336,0.5079365079365079,0.5714285714285714,-0.022952194880276045,0.041996091393435575,-0.11357444179502967,True
2337,0.5238095238095237,0.5714285714285714,-0.024888204166288414,0.02376504690382424,-0.1141982235031263,True
2338,0.5396825396825397,0.5714285714285714,-0.02698320106064032,0.005664362161475308,-0.11450435362288122,True
2339,0.5555555555555556,0.5714285714285714,-0.029231151663168784,-0.012349100811614628,-0.11449630681291562,True
2340,0.5714285714285714,0.5714285714285714,-0.031648763038994436,-0.03028323835014772,-0.1141905439125966,True
2341,0.5873015873015872,0.5714285714285714,-0.034215668373426295,-0.04818608600219884,-0.11359770536265405,True
2342,0.6031746031746031,0.5714285714285714,-0.03696769886616061,-0.06603197233202998,-0.11270862104567214,True
2343,0.6190476190476191,0.5714285714285714,-0.039875514328982495,-0.08388455353690705,-0.11156546333028507,True
2344,0.6349206349206349,0.5714285714285714,-0.042970792388113146,-0.10172687570602626,-0.11014408258064691,True
2345,0.6507936507936507,0.5714285714285714,-0.04627241528825321,-0.11959906418869039,-0.10848644285428266,True
2346,0.6666666666666666,0.5714285714285714,-0.04980824176339355,-0.1375519480815517,-0.10658907424182554,True
2347,0.6825396825396826,0.5714285714285714,-0.05362531914586058,-0.15567881795876323,-0.1044742284744397,True
2348,0.6984126984126984,0.5714285714285714,-0.05779286810394729,-0.1741288162314009,-0.10214862966762071,True
2349,0.7142857142857142,0.5714285714285714,-0.06237207108052626,-0.19318298369496403,-0.09963983319418533,True
2350,0.7301587301587301,0.5714285714285714,-0.0675148393297985,-0.21317719674985816,-0.09693112668393448,True
2351,0.746031746031746,0.5714285714285714,-0.0733396696651263,-0.2345890378980022,-0.09403597896045,True
2352,0.7619047619047619,0.5714285714285714,-0.07998508870507084,-0.2581628586057388,-0.09093147474413675,True
2353,0.7777777777777777,0.5714285714285714,-0.08756831421666217,-0.28461844679621173,-0.08758533043564885,True
2354,0.7936507936507936,0.5714285714285714,-0.09605940582378475,-0.3145646999770684,-0.08399211403600154,True
2355,0.8095238095238095,0.5714285714285714,-0.10531713596652525,-0.34880163395936664,-0.08002236052487492,True
2356,0.8253968253968254,0.5714285714285714,-0.11478272112403404,-0.38697325603010024,-0.07570586096734552,True
2357,0.8412698412698412,0.5714285714285714,-0.12348881233143157,-0.4279127697942801,-0.07091989599500687,True
2358,0.8571428571428571,0.5714285714285714,-0.12994024047646263,-0.4684499452845356,-0.06572001947160012,True
2359,0.873015873015873,0.5714285714285714,-0.13204448509159766,-0.502819844921997,-0.060208964939045435,True
2360,0.8888888888888888,0.5714285714285714,-0.12807490480259326,-0.5239480852309877,-0.0546784877623044,True
2361,0.9047619047619047,0.5714285714285714,-0.11643347753955215,-0.5226954176955297,-0.04958360093271428,True
2362,0.9206349206349206,0.5714285714285714,-0.09731548257158133,-0.4922124500162577,-0.04541377152785981,True
2363,0.9365079365079365,0.5714285714285714,-0.07261049787635339,-0.42957502806499753,-0.04263129511132508,True
2364,0.9523809523809523,0.5714285714285714,-0.04616766134557423,-0.33853495405746054,-0.041391486049522315,True
2365,0.9682539682539681,0.5714285714285714,-0.02255320075473768,-0.22865576388843126,-0.04152446702712963,True
2366,0.9841269841269841,0.5714285714285714,-0.006098002314530706,-0.11210954843744628,-0.04258410379155011,True
2367,1.0,0.5714285714285714,-2.4480539299654474e-07,0.00012530049626701732,-0.0440064627592066,True
2368,0.0,0.5873015873015872,1.0541920863548018e-07,-1.9085406600357747e-05,-0.030647837360121416,True
2369,0.015873015873015872,0.5873015873015872,0.0008657080400815224,0.06628642840001561,-0.03046748776131264,True
2370,0.031746031746031744,0.5873015873015872,0.0027742759314235243,0.12335017990033098,-0.030434094421703816,True
2371,0.047619047619047616,0.5873015873015872,0.004917394750150598,0.171320118097517,-0.03061718557395569,True
2372,0.06349206349206349,0.5873015873015872,0.0067298234089704055,0.2107003177458367,-0.03107272791278504,True
2373,0.07936507936507936,0.5873015873015872,0.007829000652892755,0.24219493629165123,-0.031843379921194286,True
2374,0.09523809523809523,0.5873015873015872,0.00831570108501457,0.26712903041518754,-0.03295575513813974,True
2375,0.1111111111111111,0.5873015873015872,0.008188003948131168,0.28670811176965794,-0.034435451800304266,True
2376,0.12698412698412698,0.5873015873015872,0.007629358242278647,0.302008921816181,-0.036293900196746,True
2377,0.14285714285714285,0.5873015873015872,0.0069443470374433375,0.3138563963346904,-0.03853178349826774,True
2378,0.15873015873015872,0.5873015873015872,0.0061696691809556385,0.32276252603246175,-0.041155125655230496,True
2379,0.1746031746031746,0.5873015873015872,0.005481997148902506,0.3288451937577436,-0.044146156436999144,True
2380,0.19047619047619047,0.5873015873015872,0.004979454224765765,0.33229413028828775,-0.04749146119750295,True
2381,0.20634920634920634,0.5873015873015872,0.004612322199635948,0.33303491881374736,-0.051163701379018156,True
2382,0.2222222222222222,0.5873015873015872,0.004475708822416366,0.3310787026925042,-0.05511829619771546,True
2383,0.23809523809523808,0.5873015873015872,0.004456594123873564,0.3264079432334964,-0.059308664431516646,True
2384,0.25396825396825395,0.5873015873015872,0.004537170752443131,0.3191370627704737,-0.06367818768598635,True
2385,0.2698412698412698,0.5873015873015872,0.00467133347979045,0.3093755602136837,-0.06815862869025971,True
2386,0.2857142857142857,0.5873015873015872,0.004872561423199731,0.2973552122739548,-0.07267526652368914,True
2387,0.30158730158730157,0.5873015873015872,0.005032885401643232,0.2833514845591352,-0.07716685141499438,True
2388,0.31746031746031744,0.5873015873015872,0.00513505949365516,0.2676923989395206,-0.08156746270499136,True
2389,0.3333333333333333,0.5873015873015872,0.00512639393714606,0.2506752415042155,-0.08580556849895385,True
2390,0.3492063492063492,0.5873015873015872,0.004997779123238109,0.23269901970523083,-0.0898611065602852,True
2391,0.36507936507936506,0.5873015873015872,0.004714114606285228,0.21399555648721355,-0.09365036862253336,True
2392,0.38095238095238093,0.5873015873015872,0.004282969826550244,0.19489383522024142,-0.09717403683445543,True
2393,0.3968253968253968,0.5873015873015872,0.003694118707700939,0.1756033909084202,-0.10041032182079639,True
2394,0.4126984126984127,0.5873015873015872,0.0029243032938178672,0.15627725699475203,-0.10331576178028694,True
2395,0.42857142857142855,0.5873015873015872,0.0019815872990532643,0.1370409281329269,-0.10590965553149702,True
2396,0.4444444444444444,0.5873015873015872,0.000865394957846775,0.11797616078070745,-0.10815988394175717,True
2397,0.4603174603174603,0.5873015873015872,-0.00042223215493840003,0.09912759892216186,-0.11007877798759813,True
2398,0.47619047619047616,0.5873015873015872,-0.001879756992871173,0.08050346311043277,-0.11168321586000592,True
2399,0.49206349206349204,0.5873015873015872,-0.0035095107861838103,0.06210088304329883,-0.11295199529275228,True
2400,0.5079365079365079,0.5873015873015872,-0.005314115177958157,0.04388533587838636,-0.11388652856162823,True
2401,0.5238095238095237,0.5873015873015872,-0.007294341209066487,0.025817850939651932,-0.11451308250335483,True
2402,0.5396825396825397,0.5873015873015872,-0.009452598456003315,0.007875499520837064,-0.11482347744719168,True
2403,0.5555555555555556,0.5873015873015872,-0.01179352710808514,-0.009960544938617972,-0.11481306778074916,True
2404,0.5714285714285714,0.5873015873015872,-0.014315552410948005,-0.02773378644753388,-0.11450144986044458,True
2405,0.5873015873015872,0.5873015873015872,-0.017028722244316747,-0.045450374902874416,-0.11390238935120818,True
2406,0.6031746031746031,0.5873015873015872,-0.019940531090950304,-0.06311652378154871,-0.112998531031112,True
2407,0.6190476190476191,0.5873015873015872,-0.023030395780572446,-0.08078454616127385,-0.11183553329378461,True
2408,0.6349206349206349,0.5873015873015872,-0.026346095275118307,-0.09841992615431008,-0.11040664343337837,True
2409,0.6507936507936507,0.5873015873015872,-0.02986717950294256,-0.11607161232557955,-0.10871574000755403,True
2410,0.6666666666666666,0.5873015873015872,-0.033657510116611236,-0.13375638869363526,-0.10680990177683404,True
2411,0.6825396825396826,0.5873015873015872,-0.03769777952580672,-0.15159464875654882,-0.10467966529829319,True
2412,0.6984126984126984,0.5873015873015872,-0.04207342246730961,-0.1696999865714019,-0.10234682028444471,True
2413,0.7142857142857142,0.5873015873015872,-0.046867863015437036,-0.18826142305833196,-0.0998378742412907,True
2414,0.7301587301587301,0.5873015873015872,-0.052178676423780955,-0.20764538685948825,-0.09714570097541295,True
2415,0.746031746031746,0.5873015873015872,-0.05810194604534144,-0.22836665720732985,-0.09429099902158053,True
2416,0.7619047619047619,0.5873015873015872,-0.06482304811643919,-0.251026391120548,-0.0912525420751951,True
2417,0.7777777777777777,0.5873015873015872,-0.07244928512478425,-0.2764664239862123,-0.08801896272215803,True
2418,0.7936507936507936,0.5873015873015872,-0.08106884155719332,-0.3055955590679376,-0.08453832208400876,True
2419,0.8095238095238095,0.5873015873015872,-0.0905512534883733,-0.3390962305997331,-0.08078034964312467,True
2420,0.8253968253968254,0.5873015873015872,-0.1005708110659515,-0.37726958739004424,-0.07668836652468976,True
2421,0.8412698412698412,0.5873015873015872,-0.11025023209131331,-0.41931223707630116,-0.07215874949413052,True
2422,0.8571428571428571,0.5873015873015872,-0.11832138961842105,-0.4627385715743877,-0.06723655803528003,True
2423,0.873015873015873,0.5873015873015872,-0.12285804357764465,-0.5024753946453002,-0.06195662695111346,True
2424,0.8888888888888888,0.5873015873015872,-0.12150919554441751,-0.5302882631349192,-0.05655101586801787,True
2425,0.9047619047619047,0.5873015873015872,-0.11273899313809899,-0.5370919100609076,-0.0514370072637899,True
2426,0.9206349206349206,0.5873015873015872,-0.09600621032188303,-0.5136790792125386,-0.047136901863996244,True
2427,0.9365079365079365,0.5873015873015872,-0.072951075330148,-0.45557788313042485,-0.04413689937373196,True
2428,0.9523809523809523,0.5873015873015872,-0.04705533521171857,-0.3643961020601006,-0.04271484647126257,True
2429,0.9682539682539681,0.5873015873015872,-0.023276239574966915,-0.24950310878684173,-0.042728359675234445,True
2430,0.9841269841269841,0.5873015873015872,-0.006340334879390622,-0.12399064675715075,-0.043776180704247596,True
2431,1.0,0.5873015873015872,3.531180644246218e-08,-0.00014634695715272182,-0.04524404672536071,True
2432,0.0,0.6031746031746031,-1.0262102699213355e-07,1.3130787509664675e-05,-0.03183730043849303,True
2433,0.015873015873015872,0.6031746031746031,0.0010249623977526677,0.06456445853775743,-0.0316180599728837,True
2434,0.031746031746031744,0.6031746031746031,0.0033840981513231067,0.12089516935215538,-0.031545906895134715,True
2435,0.047619047619047616,0.6031746031746031,0.006206436802521472,0.16889873564877453,-0.03169096921696275,True
2436,0.06349206349206349,0.6031746031746031,0.00888157704988645,0.208663785219269,-0.03210035089159513,True
2437,0.07936507936507936,0.6031746031746031,0.011094343799344864,0.2408812312588885,-0.03281742743339042,True
2438,0.09523809523809523,0.6031746031746031,0.012615971585041663,0.2664526703601649,-0.033878855048979924,True
2439,0.1111111111111111,0.6031746031746031,0.013572862435537148,0.28652874232036185,-0.03530046461722696,True
2440,0.12698412698412698,0.6031746031746031,0.014125484887926303,0.3021819890216824,-0.03709513479196416,True
2441,0.14285714285714285,0.6031746031746031,0.014415384371756556,0.31414270405829053,-0.03926814272140394,True
2442,0.15873015873015872,0.6031746031746031,0.014651827751460967,0.32299572811278693,-0.04181629025407741,True
2443,0.1746031746031746,0.6031746031746031,0.014927042819638274,0.32900146778538947,-0.04473222397895316,True
2444,0.19047619047619047,0.6031746031746031,0.01532804158249978,0.3322589893700561,-0.0479952250756745,True
2445,0.20634920634920634,0.6031746031746031,0.01590852001606508,0.3328383536121043,-0.05157787723720535,True
2446,0.2222222222222222,0.6031746031746031,0.016567065111114145,0.33076000468351635,-0.055452934395199494,True
2447,0.23809523809523808,0.6031746031746031,0.017344256590089552,0.3259943148319507,-0.05956125591951404,True
2448,0.25396825396825395,0.6031746031746031,0.018176585087732643,0.3186614678131707,-0.06385175359059529,True
2449,0.2698412698412698,0.6031746031746031,0.019028498977053526,0.3088733597591638,-0.06825458938214705,True
2450,0.2857142857142857,0.6031746031746031,0.019792458641177364,0.29688969788840053,-0.07271409082247071,True
2451,0.30158730158730157,0.6031746031746031,0.020485558639593338,0.2829655986198283,-0.07715365046982174,True
2452,0.31746031746031744,0.6031746031746031,0.021051592246463424,0.2674173604243438,-0.0815121272746799,True
2453,0.3333333333333333,0.6031746031746031,0.021453422245634,0.25056650638289674,-0.08572829227936739,True
2454,0.3492063492063492,0.6031746031746031,0.021665313795932326,0.23273678279398927,-0.08975358238103655,True
2455,0.36507936507936506,0.6031746031746031,0.02168755321225826,0.21423618971772984,-0.09353848120789962,True
2456,0.38095238095238093,0.6031746031746031,0.021483080276636937,0.19531759513241684,-0.09706457923666938,True
2457,0.3968253968253968,0.6031746031746031,0.021067465493699606,0.17619903535938056,-0.10029448557690676,True
2458,0.4126984126984127,0.6031746031746031,0.020454245194446625,0.15706487759660384,-0.10322469948269831,True
2459,0.42857142857142855,0.6031746031746031,0.01963215379922169,0.13801770287936027,-0.1058265839246069,True
2460,0.4444444444444444,0.6031746031746031,0.018610314581532172,0.11914813096279339,-0.10809491128268041,True
2461,0.4603174603174603,0.6031746031746031,0.0173892455042965,0.10048180745236149,-0.11003976485761638,True
2462,0.47619047619047616,0.6031746031746031,0.01597295205837712,0.08203463289153655,-0.11164961400051944,True
2463,0.49206349206349204,0.6031746031746031,0.014362720688497503,0.06381341442445393,-0.11293396616090629,True
2464,0.5079365079365079,0.6031746031746031,0.012556171853599751,0.04577194264557172,-0.11388715427640737,True
2465,0.5238095238095237,0.6031746031746031,0.01054766959277591,0.027895478353706087,-0.11451896805036615,True
2466,0.5396825396825397,0.6031746031746031,0.008335235109037975,0.01016152952949699,-0.11482775478649995,True
2467,0.5555555555555556,0.6031746031746031,0.005915337342438006,-0.007481856729474078,-0.11481952416686429,True
2468,0.5714285714285714,0.6031746031746031,0.0032856809687901007,-0.025057884709426163,-0.11450832208226444,True
2469,0.5873015873015872,0.6031746031746031,0.0004402539931864079,-0.0425738596639555,-0.11388537104526991,True
2470,0.6031746031746031,0.6031746031746031,-0.002643656017096731,-0.06003465286987684,-0.11298698721859526,True
2471,0.6190476190476191,0.6031746031746031,-0.005940602554214811,-0.07747408523209481,-0.11179462204366804,True
2472,0.6349206349206349,0.6031746031746031,-0.009498061671433007,-0.09487048295011458,-0.11033732296525786,True
2473,0.6507936507936507,0.6031746031746031,-0.013272393279563968,-0.11229280403989689,-0.10863965381651819,True
2474,0.6666666666666666,0.6031746031746031,-0.017313105567635233,-0.12973482538491962,-0.10670109914762445,True
2475,0.6825396825396826,0.6031746031746031,-0.021667980728379287,-0.14724544763722713,-0.10454742986251911,True
2476,0.6984126984126984,0.6031746031746031,-0.026344812661559924,-0.16497004006827795,-0.10220032235616938,True
2477,0.7142857142857142,0.6031746031746031,-0.03141892559879643,-0.18310082976532568,-0.09966997421544574,True
2478,0.7301587301587301,0.6031746031746031,-0.036958190657591046,-0.2019734088845619,-0.09698516501813921,True
2479,0.746031746031746,0.6031746031746031,-0.04310040052117788,-0.22197047493817265,-0.09415174442087608,True
2480,0.7619047619047619,0.6031746031746031,-0.049983494959085176,-0.24384302587549567,-0.09114933882781702,True
2481,0.7777777777777777,0.6031746031746031,-0.05774283400859278,-0.2682956783401647,-0.08799158910844503,True
2482,0.7936507936507936,0.6031746031746031,-0.0664644686392631,-0.29638882827895996,-0.08463819187748696,True
2483,0.8095238095238095,0.6031746031746031,-0.07617966865176226,-0.32906449428228074,-0.08103475341706454,True
2484,0.8253968253968254,0.6031746031746031,-0.08659590681826251,-0.366871081692707,-0.07713587881271879,True
2485,0.8412698412698412,0.6031746031746031,-0.09713665460657085,-0.40960414591665567,-0.07285666892207492,True
2486,0.8571428571428571,0.6031746031746031,-0.1065343851667466,-0.4551411865523148,-0.06819250967112778,True
2487,0.873015873015873,0.6031746031746031,-0.1130029182979765,-0.49900156356950104,-0.06315166369793304,True
2488,0.8888888888888888,0.6031746031746031,-0.11438027413851937,-0.5337164843621068,-0.05792991950163381,True
2489,0.9047619047619047,0.6031746031746031,-0.10841795633034285,-0.5485629992956716,-0.05286406074509698,True
2490,0.9206349206349206,0.6031746031746031,-0.09423291370916441,-0.5332313757985205,-0.048495401925502446,True
2491,0.9365079365079365,0.6031746031746031,-0.07282370832226619,-0.48007919845155955,-0.045331974543007754,True
2492,0.9523809523809523,0.6031746031746031,-0.04775557916281342,-0.3898877984200342,-0.043718934701467545,True
2493,0.9682539682539681,0.6031746031746031,-0.02392527147175432,-0.2707177625675384,-0.043620118222627624,True
2494,0.9841269841269841,0.6031746031746031,-0.0065886041995692445,-0.13637396151688688,-0.044644832848437836,True
2495,1.0,0.6031746031746031,1.3078785668941893e-08,0.0001465768412071631,-0.04615983661616425,True
2496,0.0,0.6190476190476191,2.9745862374809664e-07,9.854895040291173e-06,-0.0328807693465701,True
2497,0.015873015873015872,0.6190476190476191,0.0011536915238861197,0.0625967891499645,-0.0326293750107987,True
2498,0.031746031746031744,0.6190476190476191,0.003904784533462623,0.11790563762611925,-0.032516802042262746,True
2499,0.047619047619047616,0.6190476190476191,0.007381872539110292,0.16566741810947352,-0.03261664684122257,True
2500,0.06349206349206349,0.6190476190476191,0.010881419218501692,0.20575931520026186,-0.032976778424963285,True
2501,0.07936507936507936,0.6190476190476191,0.01402329121656146,0.23851089102229894,-0.033636678863189835,True
2502,0.09523809523809523,0.6190476190476191,0.016566855973654447,0.264647133714395,-0.03463223023447184,True
2503,0.1111111111111111,0.6190476190476191,0.01861095634566767,0.2852884052752238,-0.0359809078398562,True
2504,0.12698412698412698,0.6190476190476191,0.020227642533138683,0.30127052884418404,-0.037693253836377796,True
2505,0.14285714285714285,0.6190476190476191,0.021549744480456746,0.31339950843974557,-0.039779246743372444,True
2506,0.15873015873015872,0.6190476190476191,0.022772826720941868,0.3222626131152952,-0.04223453327150491,True
2507,0.1746031746031746,0.6190476190476191,0.02404194846595677,0.3281663413577118,-0.04504690046631885,True
2508,0.19047619047619047,0.6190476190476191,0.02536383877295354,0.33132991941936135,-0.048210128110474544,True
2509,0.20634920634920634,0.6190476190476191,0.02678364019396285,0.33178983674279267,-0.05169450625762412,True
2510,0.2222222222222222,0.6190476190476191,0.02832235272878813,0.3295945451108453,-0.05546243596444751,True
2511,0.23809523809523808,0.6190476190476191,0.029874295221429138,0.3248014274249771,-0.05947888660112994,True
2512,0.25396825396825395,0.6190476190476191,0.031450828354812776,0.31742066478117165,-0.06367327540073608,True
2513,0.2698412698412698,0.6190476190476191,0.03298273625119013,0.307739855895183,-0.06800456052523236,True
2514,0.2857142857142857,0.6190476190476191,0.0344143525100396,0.295823325537238,-0.07238333530197333,True
2515,0.30158730158730157,0.6190476190476191,0.03567325460950223,0.2820643505125723,-0.07677268751187047,True
2516,0.31746031746031744,0.6190476190476191,0.036750903984633106,0.26667701362315743,-0.0810796383793035,True
2517,0.3333333333333333,0.6190476190476191,0.037608217251586244,0.2500598426931994,-0.08527518236440047,True
2518,0.3492063492063492,0.6190476190476191,0.0381823420322634,0.23242089408937014,-0.08927182831860382,True
2519,0.36507936507936506,0.6190476190476191,0.03854957421640827,0.2141719935919926,-0.09305997254478722,True
2520,0.38095238095238093,0.6190476190476191,0.03863307556594301,0.19549192191630502,-0.09659524116589979,True
2521,0.3968253968253968,0.6190476190476191,0.03846452119453717,0.17661066436375147,-0.09983888258196023,True
2522,0.4126984126984127,0.6190476190476191,0.03803760763414843,0.15768943088698634,-0.10277154700359419,True
2523,0.42857142857142855,0.6190476190476191,0.037388272724507475,0.1388757414036523,-0.1053955851587727,True
2524,0.4444444444444444,0.6190476190476191,0.03649564446467222,0.12021309139731225,-0.10769541226349684,True
2525,0.4603174603174603,0.6190476190476191,0.035373133362040586,0.10174962425584744,-0.10966846400430862,True
2526,0.47619047619047616,0.6190476190476191,0.034033280392873226,0.08352794027037998,-0.11129756004970144,True
2527,0.49206349206349204,0.6190476190476191,0.0324647812322927,0.06549524462705268,-0.11260164524552366,True
2528,0.5079365079365079,0.6190476190476191,0.03067930198453291,0.04768892103460031,-0.1135746082036872,True
2529,0.5238095238095237,0.6190476190476191,0.0286624508732542,0.030012303229216806,-0.11420541622111097,True
2530,0.5396825396825397,0.6190476190476191,0.026411289160642455,0.0125047424080139,-0.11452771864065615,True
2531,0.5555555555555556,0.6190476190476191,0.023921464222310992,-0.004919494948992415,-0.11452612473617343,True
2532,0.5714285714285714,0.6190476190476191,0.021183500754204054,-0.022247323311444044,-0.11420183596681899,True
2533,0.5873015873015872,0.6190476190476191,0.018187738992165338,-0.03950908051606722,-0.11357278337188792,True
2534,0.6031746031746031,0.6190476190476191,0.014945650232491595,-0.056748977947677935,-0.11265844152049916,True
2535,0.6190476190476191,0.6190476190476191,0.01142654502101681,-0.07392729033704201,-0.11144421109786237,True
2536,0.6349206349206349,0.6190476190476191,0.007639834463111286,-0.09108523391929708,-0.10996574653277968,True
2537,0.6507936507936507,0.6190476190476191,0.003577239213832021,-0.10823230773845528,-0.10823945598939871,True
2538,0.6666666666666666,0.6190476190476191,-0.0008003199995983833,-0.12536189611895637,-0.10626465289184495,True
2539,0.6825396825396826,0.6190476190476191,-0.005467760354402886,-0.14257752760495385,-0.10408363287966745,True
2540,0.6984126984126984,0.6190476190476191,-0.010494066414395955,-0.15994293503538343,-0.10170658384344045,True
2541,0.7142857142857142,0.6190476190476191,-0.01590478840130476,-0.17765562655927805,-0.09915739810730398,True
2542,0.7301587301587301,0.6190476190476191,-0.021804209625518812,-0.19596955427276275,-0.09645690813902,True
2543,0.746031746031746,0.6190476190476191,-0.028238061813593222,-0.21536245438811583,-0.09362236638801995,True
2544,0.7619047619047619,0.6190476190476191,-0.03537471358383439,-0.23640619873450353,-0.09065052052931354,True
2545,0.7777777777777777,0.6190476190476191,-0.04333198548006774,-0.25997985091572595,-0.08753866640060778,True
2546,0.7936507936507936,0.6190476190476191,-0.05223359953131975,-0.28706973001877245,-0.08426934662663012,True
2547,0.8095238095238095,0.6190476190476191,-0.06219000092344668,-0.31879961091233944,-0.080784955725104,True
2548,0.8253968253968254,0.6190476190476191,-0.07297716205051019,-0.35594798672162803,-0.077069925883496,True
2549,0.8412698412698412,0.6190476190476191,-0.08419303538301062,-0.3988742838014285,-0.073011604976446,True
2550,0.8571428571428571,0.6190476190476191,-0.09479225729990759,-0.44610691635427147,-0.06858663273680955,True
2551,0.873015873015873,0.6190476190476191,-0.10314185949491149,-0.4938513627826801,-0.0638099716718715,True
2552,0.8888888888888888,0.6190476190476191,-0.10674867772052324,-0.5341979164398752,-0.05876284180947605,True
2553,0.9047619047619047,0.6190476190476191,-0.10349330849960771,-0.5569300023742279,-0.05379608050629375,True
2554,0.9206349206349206,0.6190476190476191,-0.09199778072843243,-0.5503394432763746,-0.04941297181553902,True
2555,0.9365079365079365,0.6190476190476191,-0.07251346777224749,-0.5036696625013063,-0.046118505853442925,True
2556,0.9523809523809523,0.6190476190476191,-0.04830834044143358,-0.4151974233795,-0.04434956827732916,True
2557,0.9682539682539681,0.6190476190476191,-0.024524165474364232,-0.2923833331485801,-0.04414006923138173,True
2558,0.9841269841269841,0.6190476190476191,-0.006826257182504247,-0.14900570878091665,-0.04513350406784695,True
2559,1.0,0.6190476190476191,-4.928224117524625e-09,-0.00014346682254941343,-0.04669388122256681,True
2560,0.0,0.6349206349206349,-2.0531548621488175e-07,-2.066247801375157e-05,-0.0337711500005373,True
2561,0.015873015873015872,0.6349206349206349,0.001258179492134388,0.06037141799049463,-0.03349457062953597,True
2562,0.031746031746031744,0.6349206349206349,0.0043325240223725525,0.11444543592034258,-0.03334773012658811,True
2563,0.047619047619047616,0.6349206349206349,0.00834295086569556,0.16174763063870295,-0.03340438497784574,True
2564,0.06349206349206349,0.6349206349206349,0.012609659659412143,0.20193341124294242,-0.03370649796928551,True
2565,0.07936507936507936,0.6349206349206349,0.016610249965522236,0.23514197602597214,-0.03430379748661458,True
2566,0.09523809523809523,0.6349206349206349,0.020195220098894014,0.26185107000410934,-0.035215962532951894,True
2567,0.1111111111111111,0.6349206349206349,0.02326428579197526,0.2829402219902383,-0.03647314715638334,True
2568,0.12698412698412698,0.6349206349206349,0.025865713481831715,0.2992573397034809,-0.038091286471341086,True
2569,0.14285714285714285,0.6349206349206349,0.02823961275188419,0.3116117628714013,-0.04006669022407133,True
2570,0.15873015873015872,0.6349206349206349,0.030468074573571164,0.32055956948880415,-0.0424071924923825,True
2571,0.1746031746031746,0.6349206349206349,0.032638430607029235,0.32644448240688767,-0.04510842098032318,True
2572,0.19047619047619047,0.6349206349206349,0.03488725097052811,0.32948176877886765,-0.048146222776026044,True
2573,0.20634920634920634,0.6349206349206349,0.037208295317903144,0.3298921559770046,-0.051510766446014225,True
2574,0.2222222222222222,0.6349206349206349,0.03956116954777668,0.3276101844956495,-0.05516295602315027,True
2575,0.23809523809523808,0.6349206349206349,0.041989975636841786,0.3227906474361985,-0.05905570843293634,True
2576,0.25396825396825395,0.6349206349206349,0.0443370497638339,0.31552678167317655,-0.06315634494965913,True
2577,0.2698412698412698,0.6349206349206349,0.04659707852738099,0.30586872811372207,-0.06738263513993145,True
2578,0.2857142857142857,0.6349206349206349,0.04868861894418911,0.294159686560905,-0.07169512149255475,True
2579,0.30158730158730157,0.6349206349206349,0.05055000809665271,0.28058098023530637,-0.07601737907917752,True
2580,0.31746031746031744,0.6349206349206349,0.052194649996736196,0.2654560654465086,-0.08028313182862962,True
2581,0.3333333333333333,0.6349206349206349,0.05355326680918268,0.249091154303871,-0.08444033422487697,True
2582,0.3492063492063492,0.6349206349206349,0.05459760628082146,0.23177743944097515,-0.08843877632253505,True
2583,0.36507936507936506,0.6349206349206349,0.05532192799892722,0.2137796436821225,-0.09221819675042463,True
2584,0.38095238095238093,0.6349206349206349,0.05572833153359191,0.19536264888599758,-0.09574599504369899,True
2585,0.3968253968253968,0.6349206349206349,0.055869952034414035,0.1767747101848081,-0.09901529568390086,True
2586,0.4126984126984127,0.6349206349206349,0.05570334282833136,0.15813251873512363,-0.10198176156213935,True
2587,0.42857142857142855,0.6349206349206349,0.05523498505520549,0.139539074873065,-0.10462986545704754,True
2588,0.4444444444444444,0.6349206349206349,0.05453015494115173,0.12114166519156896,-0.10696426306630369,True
2589,0.4603174603174603,0.6349206349206349,0.053546356701439146,0.10292232851015895,-0.10896084030733245,True
2590,0.47619047619047616,0.6349206349206349,0.052316318062265416,0.08494631750385402,-0.11062047264789779,True
2591,0.49206349206349204,0.6349206349206349,0.0508159719291232,0.06713577756157327,-0.11194511870924734,True
2592,0.5079365079365079,0.6349206349206349,0.04907693443768835,0.049576145466989616,-0.11294463492553862,True
2593,0.5238095238095237,0.6349206349206349,0.04706644363100748,0.032145001008540876,-0.11359193960112757,True
2594,0.5396825396825397,0.6349206349206349,0.04479364468925837,0.014883611911884337,-0.11391978413377055,True
2595,0.5555555555555556,0.6349206349206349,0.042244894376100614,-0.002267665221158567,-0.11392655379244629,True
2596,0.5714285714285714,0.6349206349206349,0.03941585954813187,-0.019339541778767642,-0.11359873450386741,True
2597,0.5873015873015872,0.6349206349206349,0.03629094648066757,-0.03633704871714618,-0.11296233164829457,True
2598,0.6031746031746031,0.6349206349206349,0.03287041463090126,-0.05327964722049553,-0.11201871005299807,True
2599,0.6190476190476191,0.6349206349206349,0.029126702562846,-0.07015974324758303,-0.1107903451431461,True
2600,0.6349206349206349,0.6349206349206349,0.025084667782806415,-0.08702905612989921,-0.10929126955027955,True
2601,0.6507936507936507,0.6349206349206349,0.02071032990619718,-0.10385465704060512,-0.10752227248407145,True
2602,0.6666666666666666,0.6349206349206349,0.016002720287885075,-0.12067210519873763,-0.10551223836509763,True
2603,0.6825396825396826,0.6349206349206349,0.010946352803004347,-0.13753641237056122,-0.10329881108317218,True
2604,0.6984126984126984,0.6349206349206349,0.005519383661598206,-0.15452232617484854,-0.10088325269951662,True
2605,0.7142857142857142,0.6349206349206349,-0.00029604085421379623,-0.17181826864804686,-0.0983007474865897,True
2606,0.7301587301587301,0.6349206349206349,-0.00659424760171474,-0.18963319179666707,-0.09557613352247471,True
2607,0.746031746031746,0.6349206349206349,-0.013420345798629168,-0.20842223724106498,-0.09272336160014683,True
2608,0.7619047619047619,0.6349206349206349,-0.020889329464993285,-0.2287575078832454,-0.08975617602438289,True
2609,0.7777777777777777,0.6349206349206349,-0.029146645401332025,-0.2514443632217404,-0.08666937386472495,True
2610,0.7936507936507936,0.6349206349206349,-0.038331092968350106,-0.27749710437368097,-0.0834538396606043,True
2611,0.8095238095238095,0.6349206349206349,-0.04849991527347317,-0.30819189680043096,-0.08007589644500947,True
2612,0.8253968253968254,0.6349206349206349,-0.059652514134410646,-0.3446479072349206,-0.07647086714716826,True
2613,0.8412698412698412,0.6349206349206349,-0.07144108196907993,-0.38730825029303306,-0.07261260660643731,True
2614,0.8571428571428571,0.6349206349206349,-0.08305846147208583,-0.43560520498370464,-0.06840933663452686,True
2615,0.873015873015873,0.6349206349206349,-0.0929164614124836,-0.48619068023772555,-0.06385538946399952,True
2616,0.8888888888888888,0.6349206349206349,-0.09891310158171453,-0.532451539589494,-0.05903422983608179,True
2617,0.9047619047619047,0.6349206349206349,-0.0983328325246755,-0.5630999593770043,-0.05420089922920244,True
2618,0.9206349206349206,0.6349206349206349,-0.08935085273337116,-0.5648561609201477,-0.04982021757931385,True
2619,0.9365079365079365,0.6349206349206349,-0.07193092556582326,-0.5255849269594802,-0.046440231173625154,True
2620,0.9523809523809523,0.6349206349206349,-0.04874519007615887,-0.43995978699557264,-0.0445350022593015,True
2621,0.9682539682539681,0.6349206349206349,-0.02509713138197908,-0.31404630772032294,-0.044213025778924095,True
2622,0.9841269841269841,0.6349206349206349,-0.007063293974638705,-0.16217731109759045,-0.045180199182745705,True
2623,1.0,0.6349206349206349,-6.585395789092402e-08,0.0001550094382381651,-0.04678573177620767,True
2624,0.0,0.6507936507936507,1.578827626373685e-08,2.5341662784532535e-05,-0.034516555649375856,True
2625,0.015873015873015872,0.6507936507936507,0.0013346509257183073,0.05797358161701429,-0.034219019114403615,True
2626,0.031746031746031744,0.6507936507936507,0.004664439500966371,0.11057747897292768,-0.034042523687337865,True
2627,0.047619047619047616,0.6507936507936507,0.009134731001395507,0.1572200865008438,-0.03405548736633478,True
2628,0.06349206349206349,0.6507936507936507,0.014041718889143302,0.19736600414048128,-0.034300740881781616,True
2629,0.07936507936507936,0.6507936507936507,0.018893750396822884,0.23088244523381266,-0.034817610524268836,True
2630,0.09523809523809523,0.6507936507936507,0.023372507489645887,0.25807840403324855,-0.035641899254946305,True
2631,0.1111111111111111,0.6507936507936507,0.02741693136865066,0.2796424463302287,-0.03679473322819747,True
2632,0.12698412698412698,0.6507936507936507,0.031058736187611274,0.29633508146940846,-0.0382915295530756,True
2633,0.14285714285714285,0.6507936507936507,0.034400222922214944,0.3088479237012655,-0.0401392623037524,True
2634,0.15873015873015872,0.6507936507936507,0.037576830741566175,0.3178884683874291,-0.042348743196714694,True
2635,0.1746031746031746,0.6507936507936507,0.0407293055628405,0.32378495134909024,-0.044906429218344666,True
2636,0.19047619047619047,0.6507936507936507,0.04385551528061266,0.3267524947187825,-0.047808060407310095,True
2637,0.20634920634920634,0.6507936507936507,0.04709560434689866,0.3270837056436174,-0.051025655574300575,True
2638,0.2222222222222222,0.6507936507936507,0.05036118933131234,0.3248022061464935,-0.05453631965286856,True
2639,0.23809523809523808,0.6507936507936507,0.05353536344599596,0.3200079759568759,-0.058315862946642885,True
2640,0.25396825396825395,0.6507936507936507,0.05671469425097026,0.3128025872349662,-0.06229071006617893,True
2641,0.2698412698412698,0.6507936507936507,0.059722719024407955,0.30333062760116275,-0.06642190893470197,True
2642,0.2857142857142857,0.6507936507936507,0.06252522375723586,0.2918093601162421,-0.07064572146459136,True
2643,0.30158730158730157,0.6507936507936507,0.06509455952039596,0.2785035600409048,-0.07489551236188859,True
2644,0.31746031746031744,0.6507936507936507,0.06732975057929212,0.2636827098119188,-0.07911987433697755,True
2645,0.3333333333333333,0.6507936507936507,0.06921736390761084,0.24760701581897102,-0.0832417408187355,True
2646,0.3492063492063492,0.6507936507936507,0.07078115470169764,0.23064086548373694,-0.08722591833717326,True
2647,0.36507936507936506,0.6507936507936507,0.0719647922946676,0.21299077869553906,-0.0910111770508805,True
2648,0.38095238095238093,0.6507936507936507,0.07278629578030785,0.19492115102764787,-0.09456319519943605,True
2649,0.3968253968253968,0.6507936507936507,0.07324772228629335,0.1766247938602013,-0.09783914239878902,True
2650,0.4126984126984127,0.6507936507936507,0.07339715212962848,0.1582984900334659,-0.10084662218267426,True
2651,0.42857142857142855,0.6507936507936507,0.07320763740006149,0.14002290113570673,-0.10353294418860677,True
2652,0.4444444444444444,0.6507936507936507,0.07271017933305564,0.12189655040883507,-0.10589686039838882,True
2653,0.4603174603174603,0.6507936507936507,0.07190440415696493,0.10395225744119417,-0.10793074556168586,True
2654,0.47619047619047616,0.6507936507936507,0.07081267305777554,0.08623315735843126,-0.10963263223400678,True
2655,0.49206349206349204,0.6507936507936507,0.06942614808989604,0.0687234064692517,-0.11098900487075823,True
2656,0.5079365079365079,0.6507936507936507,0.06774822722584734,0.05142808915838906,-0.11199803121477189,True
2657,0.5238095238095237,0.6507936507936507,0.06577396364140416,0.034288949950747334,-0.1126896273404054,True
2658,0.5396825396825397,0.6507936507936507,0.0634903829373336,0.017309384786300654,-0.11301794228964995,True
2659,0.5555555555555556,0.6507936507936507,0.060895793488828835,0.0004444162083956633,-0.11302174481183133,True
2660,0.5714285714285714,0.6507936507936507,0.05797236566693119,-0.016293330990094303,-0.11270161518879843,True
2661,0.5873015873015872,0.6507936507936507,0.05471613778189694,-0.03297289884185042,-0.11204970899498314,True
2662,0.6031746031746031,0.6507936507936507,0.05111715744515606,-0.04958948727395907,-0.11110120074664975,True
2663,0.6190476190476191,0.6507936507936507,0.0471674084720014,-0.06615961212725567,-0.10984830242284314,True
2664,0.6349206349206349,0.6507936507936507,0.042848767805850105,-0.08267213168890036,-0.10830920316629788,True
2665,0.6507936507936507,0.6507936507936507,0.038149471576682414,-0.09913585834956974,-0.10650009022886238,True
2666,0.6666666666666666,0.6507936507936507,0.03309192458121554,-0.1156138381727458,-0.10446324453087832,True
2667,0.6825396825396826,0.6507936507936507,0.027645672060410464,-0.13210868835118167,-0.10219714913628863,True
2668,0.6984126984126984,0.6507936507936507,0.02178296123589854,-0.14869849572542038,-0.09973956188621677,True
2669,0.7142857142857142,0.6507936507936507,0.015469816656758418,-0.16552019842993126,-0.09711604373706387,True
2670,0.7301587301587301,0.6507936507936507,0.008739252918529831,-0.18287919431043997,-0.09435655291496059,True
2671,0.746031746031746,0.6507936507936507,0.0014423011777746984,-0.20107828800113203,-0.09147045029785897,True
2672,0.7619047619047619,0.6507936507936507,-0.006468426156840664,-0.22070689778715707,-0.08848531881913745,True
2673,0.7777777777777777,0.6507936507936507,-0.015111401870017173,-0.2425602484447697,-0.08540109680318482,True
2674,0.7936507936507936,0.6507936507936507,-0.024610759425087995,-0.2677365568920279,-0.08220847908707256,True
2675,0.8095238095238095,0.6507936507936507,-0.035101212526964555,-0.29735017998110264,-0.07889423371242103,True
2676,0.8253968253968254,0.6507936507936507,-0.04662008408755676,-0.33284678179552313,-0.07539624521519736,True
2677,0.8412698412698412,0.6507936507936507,-0.058932262082490174,-0.375055074461053,-0.07167587956760847,True
2678,0.8571428571428571,0.6507936507936507,-0.07139500078376795,-0.4238939027505979,-0.06765890288510054,True
2679,0.873015873015873,0.6507936507936507,-0.08269848686381176,-0.47691147605177575,-0.06331352375333996,True
2680,0.8888888888888888,0.6507936507936507,-0.09072019773584127,-0.5279785023200639,-0.058700503187659354,True
2681,0.9047619047619047,0.6507936507936507,-0.0928290815206474,-0.5664801998521639,-0.054018815852743915,True
2682,0.9206349206349206,0.6507936507936507,-0.08643747180220013,-0.5769940609975637,-0.049670636291157116,True
2683,0.9365079365079365,0.6507936507936507,-0.0710935047945017,-0.5455502209481514,-0.046233573309332254,True
2684,0.9523809523809523,0.6507936507936507,-0.04912451780686458,-0.4641173698132237,-0.04420444193290804,True
2685,0.9682539682539681,0.6507936507936507,-0.0256713924230796,-0.3360416083643525,-0.04377924917850111,True
2686,0.9841269841269841,0.6507936507936507,-0.007318066485854338,-0.17575727740765695,-0.04471457189600094,True
2687,1.0,0.6507936507936507,3.539606608936901e-08,-9.860964484898201e-05,-0.04637050793271359,True
2688,0.0,0.6666666666666666,6.008226708141696e-08,-8.892513730151607e-06,-0.03512302853307561,True
2689,0.015873015873015872,0.6666666666666666,0.0013842972011186402,0.055419123297842404,-0.03481140334545838,True
2690,0.031746031746031744,0.6666666666666666,0.004895207879823557,0.10640301433263231,-0.03460970093701191,True
2691,0.047619047619047616,0.6666666666666666,0.009720167772733044,0.15219532918563658,-0.034580572383333515,True
2692,0.06349206349206349,0.6666666666666666,0.015175255561439583,0.19210629338652166,-0.03476375510535704,True
2693,0.07936507936507936,0.6666666666666666,0.020731120660751952,0.22577066330634038,-0.03519692217852485,True
2694,0.09523809523809523,0.6666666666666666,0.026062661015904307,0.2533629146927471,-0.03591633256892923,True
2695,0.1111111111111111,0.6666666666666666,0.031029547940899346,0.27534210131833714,-0.03694646912947226,True
2696,0.12698412698412698,0.6666666666666666,0.03563782635530088,0.2923811496179169,-0.038304600694610426,True
2697,0.14285714285714285,0.6666666666666666,0.03995214894775466,0.3051594845381406,-0.040005307315229464,True
2698,0.15873015873015872,0.6666666666666666,0.044097445712444026,0.3142703676735946,-0.04205373212950211,True
2699,0.1746031746031746,0.6666666666666666,0.04817013043531486,0.32014708174139433,-0.04445017305620144,True
2700,0.19047619047619047,0.6666666666666666,0.05225144773922909,0.3231273183632647,-0.04718664305828069,True
2701,0.20634920634920634,0.6666666666666666,0.05635691674613121,0.3234058965750214,-0.050248207786331045,True
2702,0.2222222222222222,0.6666666666666666,0.0604720081297209,0.32112694235416905,-0.0536111101310629,True
2703,0.23809523809523808,0.6666666666666666,0.06455846697106286,0.31638402920487935,-0.057238607495742,True
2704,0.25396825396825395,0.6666666666666666,0.06854040931760326,0.3092990089223635,-0.0610888441866816,True
2705,0.2698412698412698,0.6666666666666666,0.07235991022785904,0.30002326107713134,-0.06510711441677512,True
2706,0.2857142857142857,0.6666666666666666,0.07589934477124753,0.2887538963817452,-0.0692413998909495,True
2707,0.30158730158730157,0.6666666666666666,0.07918316904376013,0.27576250651320316,-0.07342194826929221,True
2708,0.31746031746031744,0.6666666666666666,0.08209569256589205,0.2612861571167357,-0.07759293094986551,True
2709,0.3333333333333333,0.6666666666666666,0.08460946062689152,0.24559002284035703,-0.08168547581479356,True
2710,0.3492063492063492,0.6666666666666666,0.08674148210676443,0.22900644996060535,-0.08565529778137591,True
2711,0.36507936507936506,0.6666666666666666,0.08844056522458069,0.21174721451488349,-0.08944694940194582,True
2712,0.38095238095238093,0.6666666666666666,0.08972779670860406,0.1940589111334746,-0.09301169932854661,True
2713,0.3968253968253968,0.6666666666666666,0.09062268320478119,0.17615297851354328,-0.096337213158517,True
2714,0.4126984126984127,0.6666666666666666,0.09111625420464142,0.15816360586892056,-0.0993666038004656,True
2715,0.42857142857142855,0.6666666666666666,0.09123984549714075,0.14022431489474427,-0.10209668822567576,True
2716,0.4444444444444444,0.6666666666666666,0.09101101562738077,0.1224243919313621,-0.10450719401702291,True
2717,0.4603174603174603,0.6666666666666666,0.09043322682929557,0.10480409250528253,-0.10658529016719014,True
2718,0.47619047619047616,0.6666666666666666,0.08951911420177022,0.08738932697875694,-0.10832803544116701,True
2719,0.49206349206349204,0.6666666666666666,0.08827584566785725,0.07021204421389314,-0.10971870602043816,True
2720,0.5079365079365079,0.6666666666666666,0.08668631262734673,0.05319835484851458,-0.11076586608660237,True
2721,0.5238095238095237,0.6666666666666666,0.0847685757314139,0.036394613058859916,-0.11147109413813475,True
2722,0.5396825396825397,0.6666666666666666,0.08249785743693762,0.019766663571525112,-0.1118282649483372,True
2723,0.5555555555555556,0.6666666666666666,0.07987002807623625,0.0032217207204976134,-0.11183372070132319,True
2724,0.5714285714285714,0.6666666666666666,0.07687140038788823,-0.013161347997103544,-0.11151764931162213,True
2725,0.5873015873015872,0.6666666666666666,0.07349656745177487,-0.029490137254678233,-0.11086666524894254,True
2726,0.6031746031746031,0.6666666666666666,0.06971956454951672,-0.04572208254828277,-0.10988549604097814,True
2727,0.6190476190476191,0.6666666666666666,0.06553821414786491,-0.06189164652107254,-0.10860742023657532,True
2728,0.6349206349206349,0.6666666666666666,0.060949623872225835,-0.07801923666848418,-0.10704312789592493,True
2729,0.6507936507936507,0.6666666666666666,0.05592269817307988,-0.09408549484897806,-0.10520023977411673,True
2730,0.6666666666666666,0.6666666666666666,0.050485703604914424,-0.11015248902658818,-0.10311361959777078,True
2731,0.6825396825396826,0.6666666666666666,0.0445933055254893,-0.126213657740908,-0.10080017797204373,True
2732,0.6984126984126984,0.6666666666666666,0.03827158440828636,-0.14238054817670892,-0.09829067256288727,True
2733,0.7142857142857142,0.6666666666666666,0.031477572052527054,-0.15876276010313445,-0.09561575055633628,True
2734,0.7301587301587301,0.6666666666666666,0.024200957511169754,-0.17559864030348268,-0.09280232270629546,True
2735,0.746031746031746,0.6666666666666666,0.01638067346733169,-0.19322884729128284,-0.08987371406776253,True
2736,0.7619047619047619,0.6666666666666666,0.007983861602579766,-0.2122240234250693,-0.08685349815426725,True
2737,0.7777777777777777,0.6666666666666666,-0.0011285427694534137,-0.23330682268546596,-0.08374628397927698,True
2738,0.7936507936507936,0.6666666666666666,-0.01104146915981743,-0.25751771892780373,-0.08055994812318852,True
2739,0.8095238095238095,0.6666666666666666,-0.02191552050784277,-0.28617311750164215,-0.07726309999545339,True
2740,0.8253968253968254,0.6666666666666666,-0.03379009556864346,-0.3206303751389152,-0.07383531329041625,True
2741,0.8412698412698412,0.6666666666666666,-0.04658656083715836,-0.36217919703395157,-0.07021256327125007,True
2742,0.8571428571428571,0.6666666666666666,-0.059835451766534264,-0.4111732442479715,-0.06633622201720352,True
2743,0.873015873015873,0.6666666666666666,-0.07242625269853198,-0.4659811083028226,-0.06217379068575236,True
2744,0.8888888888888888,0.6666666666666666,-0.08238548589070231,-0.5213769305199332,-0.057739416984673456,True
2745,0.9047619047619047,0.6666666666666666,-0.08689756963766593,-0.5667412451275927,-0.05319915196129414,True
2746,0.9206349206349206,0.6666666666666666,-0.08327146117991861,-0.5867602901955756,-0.04891318426208591,True
2747,0.9365079365079365,0.6666666666666666,-0.07019135359169278,-0.5641851245318695,-0.045429029474517574,True
2748,0.9523809523809523,0.6666666666666666,-0.04945848961721718,-0.4876228035290033,-0.043294279190146355,True
2749,0.9682539682539681,0.6666666666666666,-0.026243262402371723,-0.3582012067514422,-0.04277620280880894,True
2750,0.9841269841269841,0.6666666666666666,-0.007559159951990381,-0.18961971914627448,-0.04368237215091745,True
2751,1.0,0.6666666666666666,-6.727979631548266e-09,8.557802753186282e-05,-0.045381108861959375,True
2752,0.0,0.6825396825396826,8.331945218718924e-08,-4.598402636189545e-06,-0.03559951266560058,True
2753,0.015873015873015872,0.6825396825396826,0.0014018772096224211,0.05281197503568284,-0.03528146139741043,True
2754,0.031746031746031744,0.6825396825396826,0.005017600085543641,0.10201699524148937,-0.035058788857307455,True
2755,0.047619047619047616,0.6825396825396826,0.01009501989450336,0.14677318252263555,-0.034989121000955116,True
2756,0.06349206349206349,0.6825396825396826,0.015972817241163496,0.18624552018818652,-0.03510723693277517,True
2757,0.07936507936507936,0.6825396825396826,0.022125433290775084,0.21994471424818512,-0.03545069616203276,True
2758,0.09523809523809523,0.6825396825396826,0.028201704752534876,0.2477921936388273,-0.03605243364491438,True
2759,0.1111111111111111,0.6825396825396826,0.03401667491531175,0.27011332001863503,-0.036942241163245355,True
2760,0.12698412698412698,0.6825396825396826,0.0395262463109894,0.28745781606287957,-0.038143079514398257,True
2761,0.14285714285714285,0.6825396825396826,0.044779770950791914,0.30045990473401113,-0.03967212220756476,True
2762,0.15873015873015872,0.6825396825396826,0.04986452218838809,0.30969566738419874,-0.041541356570003615,True
2763,0.1746031746031746,0.6825396825396826,0.054890054971809474,0.3156171959415755,-0.04375048291005812,True
2764,0.19047619047619047,0.6825396825396826,0.05989050953470669,0.31857621911348744,-0.04630287778641519,True
2765,0.20634920634920634,0.6825396825396826,0.0649050686136986,0.3188385763718957,-0.04918561988864435,True
2766,0.2222222222222222,0.6825396825396826,0.06990197209312841,0.3165671659340303,-0.05238053661946203,True
2767,0.23809523809523808,0.6825396825396826,0.07488259207598762,0.31190377201387515,-0.05584836855835581,True
2768,0.25396825396825395,0.6825396825396826,0.07972416031773122,0.3049624310784864,-0.05955815034400461,True
2769,0.2698412698412698,0.6825396825396826,0.0843885260886507,0.295925812975291,-0.06345630691808893,True
2770,0.2857142857142857,0.6825396825396826,0.08873826214097384,0.2849423968366284,-0.0674913233194928,True
2771,0.30158730158730157,0.6825396825396826,0.09279010048412074,0.2722927510081499,-0.07159464202334176,True
2772,0.31746031746031744,0.6825396825396826,0.09642616891678991,0.25819921367187415,-0.07571008157881323,True
2773,0.3333333333333333,0.6825396825396826,0.09964272170210708,0.24295056512010593,-0.07977636155778654,True
2774,0.3492063492063492,0.6825396825396826,0.10238444465428022,0.2267796856444025,-0.08373321421349086,True
2775,0.36507936507936506,0.6825396825396826,0.10469545359927389,0.2099826969882006,-0.087534573617755,True
2776,0.38095238095238093,0.6825396825396826,0.10651880939324639,0.19273248208960786,-0.09112912050344452,True
2777,0.3968253968253968,0.6825396825396826,0.10786048831972912,0.17521643097676293,-0.09447362542210314,True
2778,0.4126984126984127,0.6825396825396826,0.1088246313171609,0.15767426829392828,-0.0975586727762142,True
2779,0.42857142857142855,0.6825396825396826,0.10928891365190456,0.14009337524159265,-0.10032876833328493,True
2780,0.4444444444444444,0.6825396825396826,0.10940690133475506,0.12269405809701929,-0.10279620425215194,True
2781,0.4603174603174603,0.6825396825396826,0.10908643794395702,0.10541532457748705,-0.10492628562545522,True
2782,0.47619047619047616,0.6825396825396826,0.10840972022385802,0.0883923770273145,-0.10671111597295406,True
2783,0.49206349206349204,0.6825396825396826,0.10732954676404062,0.07153404674983224,-0.10815485246151475,True
2784,0.5079365079365079,0.6825396825396826,0.10587969132664937,0.054908803191100745,-0.10924682998684074,True
2785,0.5238095238095237,0.6825396825396826,0.1040300242304766,0.03846780109722709,-0.109962657417155,True
2786,0.5396825396825397,0.6825396825396826,0.10179543221716575,0.02219313455693456,-0.11034942178354293,True
2787,0.5555555555555556,0.6825396825396826,0.09915327095581286,0.006064196335596692,-0.11037942469649444,True
2788,0.5714285714285714,0.6825396825396826,0.09608528160248597,-0.009934035154569016,-0.1100487796691385,True
2789,0.5873015873015872,0.6825396825396826,0.09259548328281927,-0.025844642363395866,-0.10939600166322243,True
2790,0.6031746031746031,0.6825396825396826,0.08864757812495393,-0.041639515071447676,-0.10841265210904455,True
2791,0.6190476190476191,0.6825396825396826,0.0842549555147839,-0.05739679660417745,-0.10710947907891624,True
2792,0.6349206349206349,0.6825396825396826,0.0793822935234904,-0.07306492422260592,-0.10550306832461533,True
2793,0.6507936507936507,0.6825396825396826,0.0740290195739795,-0.08868456620253612,-0.10362650044555223,True
2794,0.6666666666666666,0.6825396825396826,0.06818978040117556,-0.10427587896003732,-0.101489693566935,True
2795,0.6825396825396826,0.6825396825396826,0.06186325681199039,-0.11987875515282073,-0.09912139095247552,True
2796,0.6984126984126984,0.6825396825396826,0.055043011364580355,-0.13556631303547811,-0.0965552533530912,True
2797,0.7142857142857142,0.6825396825396826,0.04772798580369569,-0.15146905675787214,-0.0938206125515868,True
2798,0.7301587301587301,0.6825396825396826,0.03987856466764903,-0.16777817855255314,-0.09094373361696471,True
2799,0.746031746031746,0.6825396825396826,0.03149656744182795,-0.18485790085757475,-0.08795663141343185,True
2800,0.7619047619047619,0.6825396825396826,0.022528126779717113,-0.2032175755033878,-0.08488086871109649,True
2801,0.7777777777777777,0.6825396825396826,0.012896308159690823,-0.22356276346136358,-0.0817350504173915,True
2802,0.7936507936507936,0.6825396825396826,0.0024864684284587406,-0.24692517097150635,-0.07851439800781665,True
2803,0.8095238095238095,0.6825396825396826,-0.0088019049827356,-0.2745806022118474,-0.07521702636505649,True
2804,0.8253968253968254,0.6825396825396826,-0.021113321202557794,-0.30802840319686275,-0.07180328297675244,True
2805,0.8412698412698412,0.6825396825396826,-0.03439539215673175,-0.3487373118692847,-0.0682352055762148,True
2806,0.8571428571428571,0.6825396825396826,-0.0483494708286405,-0.39750680721009674,-0.06445927276965079,True
2807,0.873015873015873,0.6825396825396826,-0.062087137208223245,-0.45353572180009266,-0.060423255577664106,True
2808,0.8888888888888888,0.6825396825396826,-0.07380841815415659,-0.5124967039323508,-0.056134280738225864,True
2809,0.9047619047619047,0.6825396825396826,-0.08077474273529928,-0.5646474708439776,-0.0517169999339588,True
2810,0.9206349206349206,0.6825396825396826,-0.07982062980197663,-0.5937544408337054,-0.047485244909768805,True
2811,0.9365079365079365,0.6825396825396826,-0.06911739436331446,-0.5807912533227836,-0.043968703318297275,True
2812,0.9523809523809523,0.6825396825396826,-0.04978404210685805,-0.5103860235844409,-0.041733758258328674,True
2813,0.9682539682539681,0.6825396825396826,-0.02686827807611459,-0.3804708228082051,-0.04111626892608992,True
2814,0.9841269841269841,0.6825396825396826,-0.00783170283011505,-0.2039284438981623,-0.0419951770638949,True
2815,1.0,0.6825396825396826,7.51508226769482e-09,1.585971594751127e-05,-0.043744127406734674,True
2816,0.0,0.6984126984126984,-8.796460218055346e-08,-1.062635363475317e-05,-0.03595614896399413,True
2817,0.015873015873015872,0.6984126984126984,0.0013897436690090785,0.05015657800071855,-0.035639053435674986,True
2818,0.031746031746031744,0.6984126984126984,0.005029700299460049,0.0975175497366599,-0.035401145376802216,True
2819,0.047619047619047616,0.6984126984126984,0.010242114583866648,0.1410704800830872,-0.035293502815260794,True
2820,0.06349206349206349,0.6984126984126984,0.016410682100896214,0.17995319995404735,-0.035346545042936314,True
2821,0.07936507936507936,0.6984126984126984,0.023032414989121754,0.2134892186175247,-0.035591076390653856,True
2822,0.09523809523809523,0.6984126984126984,0.029722605067551214,0.241454620054553,-0.03606601860752107,True
2823,0.1111111111111111,0.6984126984126984,0.036298101036439025,0.26404262635153525,-0.03679802823353644,True
2824,0.12698412698412698,0.6984126984126984,0.04265959827122208,0.2816262809934008,-0.03781569207613172,True
2825,0.14285714285714285,0.6984126984126984,0.04879652886629545,0.2948338428793391,-0.03915396220934635,True
2826,0.15873015873015872,0.6984126984126984,0.05483768886987194,0.30419491975207646,-0.04081188557935155,True
2827,0.1746031746031746,0.6984126984126984,0.06078129699583809,0.31013619447757856,-0.04281409872694711,True
2828,0.19047619047619047,0.6984126984126984,0.06668899749313179,0.31309943602529605,-0.04516639628733957,True
2829,0.20634920634920634,0.6984126984126984,0.07262639420576697,0.3133500968528145,-0.04784996895165183,True
2830,0.2222222222222222,0.6984126984126984,0.07858043542259843,0.3111089332412299,-0.0508498531447831,True
2831,0.23809523809523808,0.6984126984126984,0.0844187278199509,0.3065021655624868,-0.05415351409804076,True
2832,0.25396825396825395,0.6984126984126984,0.09018805711927243,0.2997588637662756,-0.057708866576920204,True
2833,0.2698412698412698,0.6984126984126984,0.09571439190140982,0.29094303845687086,-0.061477193084260424,True
2834,0.2857142857142857,0.6984126984126984,0.10097065055768306,0.28031830083310366,-0.06540344106516424,True
2835,0.30158730158730157,0.6984126984126984,0.10584398956452346,0.268050656808854,-0.0694278651273909,True
2836,0.31746031746031744,0.6984126984126984,0.11026183552546537,0.25438735075666824,-0.073489823313244,True
2837,0.3333333333333333,0.6984126984126984,0.11421490766583768,0.23959495308685946,-0.0775252816821091,True
2838,0.3492063492063492,0.6984126984126984,0.11769422813756074,0.22392955572716003,-0.08147178948432339,True
2839,0.36507936507936506,0.6984126984126984,0.1206406433737467,0.20760405266731802,-0.0852760837615295,True
2840,0.38095238095238093,0.6984126984126984,0.12307175733232346,0.19085009047431106,-0.08890488140979134,True
2841,0.3968253968253968,0.6984126984126984,0.12498610490258881,0.1738330674990051,-0.09229490510784112,True
2842,0.4126984126984127,0.6984126984126984,0.12641667933221878,0.1567257261953637,-0.09542317021584687,True
2843,0.42857142857142855,0.6984126984126984,0.12734875677297364,0.13962054329577853,-0.09825870974480509,True
2844,0.4444444444444444,0.6984126984126984,0.12781098000346974,0.1226112361124457,-0.10077689256526096,True
2845,0.4603174603174603,0.6984126984126984,0.1278415631347509,0.105789854442255,-0.10296409018483839,True
2846,0.47619047619047616,0.6984126984126984,0.1274170569508277,0.08914414087332818,-0.10480976110775891,True
2847,0.49206349206349204,0.6984126984126984,0.12655933175829254,0.07270773055586612,-0.10630311001525147,True
2848,0.5079365079365079,0.6984126984126984,0.1252640318806631,0.05650392275282842,-0.10742399224731967,True
2849,0.5238095238095237,0.6984126984126984,0.12353252487794712,0.04046379258843139,-0.10820231821302799,True
2850,0.5396825396825397,0.6984126984126984,0.12134660340203306,0.024618162288241673,-0.10860151239753989,True
2851,0.5555555555555556,0.6984126984126984,0.11870379840125425,0.008923498684701889,-0.10864123531729099,True
2852,0.5714285714285714,0.6984126984126984,0.1155985991312929,-0.006626999789637263,-0.10834317618484245,True
2853,0.5873015873015872,0.6984126984126984,0.11199599912097369,-0.022058689134873407,-0.10767785553065311,True
2854,0.6031746031746031,0.6984126984126984,0.10789413107144882,-0.03739294911329724,-0.10667640881806542,True
2855,0.6190476190476191,0.6984126984126984,0.10327320637679664,-0.052626284403537525,-0.10535572021678972,True
2856,0.6349206349206349,0.6984126984126984,0.09813129984277102,-0.0678045758811205,-0.1037214143537838,True
2857,0.6507936507936507,0.6984126984126984,0.09243944784919252,-0.08290555804322358,-0.10179651096230652,True
2858,0.6666666666666666,0.6984126984126984,0.08621434776787312,-0.09798900262828662,-0.09961183347154387,True
2859,0.6825396825396826,0.6984126984126984,0.079428966155708,-0.1130629065125706,-0.09718536533207868,True
2860,0.6984126984126984,0.6984126984126984,0.07211374112728063,-0.1282385827439104,-0.09456013786866634,True
2861,0.7142857142857142,0.6984126984126984,0.06423033089310755,-0.143596306816335,-0.09174947046635837,True
2862,0.7301587301587301,0.6984126984126984,0.055814873342899085,-0.1593851854509732,-0.0888020892850281,True
2863,0.746031746031746,0.6984126984126984,0.04682627713607024,-0.17589624049422764,-0.0857434080329967,True
2864,0.7619047619047619,0.6984126984126984,0.03723677151823951,-0.19362357577294992,-0.08259347175148102,True
2865,0.7777777777777777,0.6984126984126984,0.02701836189738705,-0.21328637954654722,-0.07937732528286053,True
2866,0.7936507936507936,0.6984126984126984,0.0160882444760763,-0.23585278599446893,-0.07610503018983789,True
2867,0.8095238095238095,0.6984126984126984,0.00428417757380327,-0.2625593690165894,-0.07275907944300564,True
2868,0.8253968253968254,0.6984126984126984,-0.008471689411165481,-0.294991659346891,-0.06932495875816652,True
2869,0.8412698412698412,0.6984126984126984,-0.02224877652108843,-0.334713393357815,-0.0657646633491565,True
2870,0.8571428571428571,0.6984126984126984,-0.0368634223603026,-0.3830103917419034,-0.0620232801074286,True
2871,0.873015873015873,0.6984126984126984,-0.05164629566133808,-0.4397139043488574,-0.05806521541852743,True
2872,0.8888888888888888,0.6984126984126984,-0.06500001760146157,-0.5015685208596858,-0.053861362108183035,True
2873,0.9047619047619047,0.6984126984126984,-0.07426790128738561,-0.5596821659487868,-0.04952711677741494,True
2874,0.9206349206349206,0.6984126984126984,-0.07612918214326408,-0.5981911211345239,-0.04533777332815553,True
2875,0.9365079365079365,0.6984126984126984,-0.06793762079293403,-0.5954816099523834,-0.04177911187803257,True
2876,0.9523809523809523,0.6984126984126984,-0.05010498022190441,-0.5320630812357229,-0.03943584652501924,True
2877,0.9682539682539681,0.6984126984126984,-0.027556305155767406,-0.4029440723882006,-0.03872613590762526,True
2878,0.9841269841269841,0.6984126984126984,-0.008144088828355,-0.21858949689358903,-0.03956820906345195,True
2879,1.0,0.6984126984126984,-1.3855362562771214e-07,-0.0001345750094064017,-0.04137913329857835,True
2880,0.0,0.7142857142857142,7.430805043353178e-08,2.022876982039772e-05,-0.0362079057891545,True
2881,0.015873015873015872,0.7142857142857142,0.001349435301283054,0.04760278275405916,-0.0358969925639884,True
2882,0.031746031746031744,0.7142857142857142,0.004925888588458191,0.0929599601226188,-0.03564994876233688,True
2883,0.047619047619047616,0.7142857142857142,0.010151420768039803,0.1352593135738926,-0.035509542415732925,True
2884,0.06349206349206349,0.7142857142857142,0.01647333797405181,0.17336177410833797,-0.03549369656690875,True
2885,0.07936507936507936,0.7142857142857142,0.023409519537874672,0.2065591610482762,-0.0356340780883151,True
2886,0.09523809523809523,0.7142857142857142,0.03061754972263246,0.23449541205345614,-0.03595997402164753,True
2887,0.1111111111111111,0.7142857142857142,0.037827910854719725,0.2572238695080562,-0.03652153278488905,True
2888,0.12698412698412698,0.7142857142857142,0.044942753028128786,0.2749983889455777,-0.03734226796989095,True
2889,0.14285714285714285,0.7142857142857142,0.051960455674416185,0.28831803363763064,-0.03844876735909165,True
2890,0.15873015873015872,0.7142857142857142,0.05885240666074725,0.2977449559077117,-0.039887050748866816,True
2891,0.1746031746031746,0.7142857142857142,0.06574360553983127,0.3037594183166869,-0.04165566285480622,True
2892,0.19047619047619047,0.7142857142857142,0.0726171633319383,0.3066900904381045,-0.0437711877539191,True
2893,0.20634920634920634,0.7142857142857142,0.07950352551104245,0.30695903827897386,-0.04623746474497659,True
2894,0.2222222222222222,0.7142857142857142,0.08636584052486156,0.3047002308729851,-0.049037764604731575,True
2895,0.23809523809523808,0.7142857142857142,0.09316287272108272,0.300231382028801,-0.05215789338515313,True
2896,0.25396825396825395,0.7142857142857142,0.09986098003184742,0.29364007281839566,-0.055549720500758765,True
2897,0.2698412698412698,0.7142857142857142,0.1062697243768012,0.2850706202068526,-0.05918725558185488,True
2898,0.2857142857142857,0.7142857142857142,0.11240934703815318,0.2747549274792154,-0.06300064843688671,True
2899,0.30158730158730157,0.7142857142857142,0.11818194456821825,0.26292052906765195,-0.06694047240953295,True
2900,0.31746031746031744,0.7142857142857142,0.12350844103687711,0.24976470257605268,-0.0709444624018606,True
2901,0.3333333333333333,0.7142857142857142,0.12829306096686532,0.23548395044337506,-0.07494660854132167,True
2902,0.3492063492063492,0.7142857142857142,0.1325401183678057,0.22034783706446487,-0.07888651082328968,True
2903,0.36507936507936506,0.7142857142857142,0.13620735419766733,0.2045679555540495,-0.08271253366967175,True
2904,0.38095238095238093,0.7142857142857142,0.13928032232225707,0.1883219010183157,-0.08635895343860829,True
2905,0.3968253968253968,0.7142857142857142,0.14186572710159323,0.17188201368797365,-0.089800114751459,True
2906,0.4126984126984127,0.7142857142857142,0.14381927552205567,0.15526071866808197,-0.09297917481854417,True
2907,0.42857142857142855,0.7142857142857142,0.14528631029336844,0.13868786792069274,-0.09588519002757336,True
2908,0.4444444444444444,0.7142857142857142,0.14617778760928835,0.12215944016748712,-0.09846330764129957,True
2909,0.4603174603174603,0.7142857142857142,0.1465816633404315,0.10580796115059295,-0.10071700213021868,True
2910,0.47619047619047616,0.7142857142857142,0.14648720998209872,0.08963851517102508,-0.10263015320237846,True
2911,0.49206349206349204,0.7142857142857142,0.1458825042791284,0.07366586708210227,-0.10417359734430957,True
2912,0.5079365079365079,0.7142857142857142,0.14479885211265772,0.057919218966983786,-0.10536503209215854,True
2913,0.5238095238095237,0.7142857142857142,0.14319817222554826,0.04235255452754576,-0.1061692374317583,True
2914,0.5396825396825397,0.7142857142857142,0.14110466646524403,0.02699906205407592,-0.10661308695256759,True
2915,0.5555555555555556,0.7142857142857142,0.13849025213760213,0.01180164250450162,-0.1066828108559527,True
2916,0.5714285714285714,0.7142857142857142,0.13534356869219932,-0.003261074639473732,-0.10637717075984003,True
2917,0.5873015873015872,0.7142857142857142,0.13164657059587961,-0.018128177587102737,-0.10571904395742542,True
2918,0.6031746031746031,0.7142857142857142,0.12740735485374816,-0.03294732342956883,-0.10471783225582156,True
2919,0.6190476190476191,0.7142857142857142,0.12258148366726004,-0.04763424397549004,-0.10337421287928696,True
2920,0.6349206349206349,0.7142857142857142,0.11716621282226183,-0.062241491678865335,-0.10170971270905749,True
2921,0.6507936507936507,0.7142857142857142,0.11114966959488656,-0.07677853319020488,-0.09974555132007493,True
2922,0.6666666666666666,0.7142857142857142,0.10452560461213134,-0.09126826719240165,-0.097509371141599,True
2923,0.6825396825396826,0.7142857142857142,0.09730282883163074,-0.10578222647974604,-0.09502492353657363,True
2924,0.6984126984126984,0.7142857142857142,0.0894647809564578,-0.12036216163330131,-0.09232546866069431,True
2925,0.7142857142857142,0.7142857142857142,0.08104146803308855,-0.1351688616162923,-0.08944130626977079,True
2926,0.7301587301587301,0.7142857142857142,0.07202367461419223,-0.1503813937597884,-0.08640881883728428,True
2927,0.746031746031746,0.7142857142857142,0.06239870201867846,-0.16629547743755307,-0.08326030886575843,True
2928,0.7619047619047619,0.7142857142857142,0.05219811539066703,-0.18343697272272036,-0.08001993469686557,True
2929,0.7777777777777777,0.7142857142857142,0.04136346150947688,-0.20243016040080922,-0.07671529260300068,True
2930,0.7936507936507936,0.7142857142857142,0.029809151193313215,-0.22420454728381037,-0.0733454338017714,True
2931,0.8095238095238095,0.7142857142857142,0.0174931135953451,-0.2500438662034327,-0.06992379039543134,True
2932,0.8253968253968254,0.7142857142857142,0.004242971876752562,-0.2814846141262416,-0.06642051562635866,True
2933,0.8412698412698412,0.7142857142857142,-0.010045620147019634,-0.3201988941057722,-0.0628046134202357,True
2934,0.8571428571428571,0.7142857142857142,-0.02527921996315311,-0.3677363289598675,-0.05904294934215501,True
2935,0.873015873015873,0.7142857142857142,-0.04099401563228682,-0.42462022970268254,-0.05508754616988001,True
2936,0.8888888888888888,0.7142857142857142,-0.055879141356175915,-0.4886890672242155,-0.050911226659495996,True
2937,0.9047619047619047,0.7142857142857142,-0.06738170064454403,-0.5520834492062899,-0.04660199187554747,True
2938,0.9206349206349206,0.7142857142857142,-0.07208040315016255,-0.5996773331764357,-0.04241614032161454,True
2939,0.9365079365079365,0.7142857142857142,-0.06654488062192278,-0.6076888817745818,-0.03878727180691744,True
2940,0.9523809523809523,0.7142857142857142,-0.05047577142733629,-0.553027598028617,-0.03632997969104858,True
2941,0.9682539682539681,0.7142857142857142,-0.028332548637988116,-0.4253984581339393,-0.03550402527190044,True
2942,0.9841269841269841,0.7142857142857142,-0.008504012913588557,-0.23394985948672756,-0.036314462909970445,True
2943,1.0,0.7142857142857142,3.874732079571775e-07,0.00015722776893210773,-0.038195692497790056,True
2944,0.0,0.7301587301587301,-4.834319285051958e-08,-1.648712001017501e-05,-0.03636547346214057,True
2945,0.015873015873015872,0.7301587301587301,0.001270771798379289,0.04504681793701156,-0.036070316854874454,True
2946,0.031746031746031744,0.7301587301587301,0.0047046064032158375,0.08856841242811161,-0.0358213251274535,True
2947,0.047619047619047616,0.7301587301587301,0.009802736145876581,0.12938522285483442,-0.035648263717168685,True
2948,0.06349206349206349,0.7301587301587301,0.01611765141824221,0.16661050760925297,-0.035566855950566426,True
2949,0.07936507936507936,0.7301587301587301,0.023217524430587732,0.19931233097129009,-0.03559451883241025,True
2950,0.09523809523809523,0.7301587301587301,0.03075133620271308,0.22703759540657964,-0.03577102292752593,True
2951,0.1111111111111111,0.7301587301587301,0.038493197479116024,0.24971245269161427,-0.03613178447154071,True
2952,0.12698412698412698,0.7301587301587301,0.04629534809272299,0.2675750189105154,-0.03672601418065439,True
2953,0.14285714285714285,0.7301587301587301,0.054071922289657987,0.2809414199566028,-0.03759321180456188,True
2954,0.15873015873015872,0.7301587301587301,0.06186586134884538,0.2904052143965267,-0.03876660108022769,True
2955,0.1746031746031746,0.7301587301587301,0.06966703084497274,0.29641623751409396,-0.040280550141427965,True
2956,0.19047619047619047,0.7301587301587301,0.07748221880987669,0.2993510575443109,-0.04214999968759728,True
2957,0.20634920634920634,0.7301587301587301,0.08532816057054514,0.29958603389405164,-0.0443793246833465,True
2958,0.2222222222222222,0.7301587301587301,0.09318899818948882,0.2973924060969142,-0.046958554808899614,True
2959,0.23809523809523808,0.7301587301587301,0.1009409718230845,0.2929907393210925,-0.04988482014288227,True
2960,0.25396825396825395,0.7301587301587301,0.10860676653251648,0.28656680966007625,-0.053106728233053124,True
2961,0.2698412698412698,0.7301587301587301,0.11606020131322294,0.27831220570998544,-0.056592120060963425,True
2962,0.2857142857142857,0.7301587301587301,0.12314711068205982,0.2683505852889703,-0.060293980652559254,True
2963,0.30158730158730157,0.7301587301587301,0.12986170065133149,0.25692659867681705,-0.06414485900312882,True
2964,0.31746031746031744,0.7301587301587301,0.13606052509531633,0.24424964054704684,-0.06809383892290863,True
2965,0.3333333333333333,0.7301587301587301,0.1417409442365961,0.23053215049919276,-0.07206752571486179,True
2966,0.3492063492063492,0.7301587301587301,0.14683486377969465,0.21597809488150713,-0.07600388996154091,True
2967,0.36507936507936506,0.7301587301587301,0.15132783359907884,0.20080816528311898,-0.07984416778783429,True
2968,0.38095238095238093,0.7301587301587301,0.15516579922444856,0.18517600163406642,-0.08353121428554003,True
2969,0.3968253968253968,0.7301587301587301,0.15839817161637035,0.16929278484081456,-0.08702054013908823,True
2970,0.4126984126984127,0.7301587301587301,0.16100465074314507,0.1532725452126245,-0.09026449337117509,True
2971,0.42857142857142855,0.7301587301587301,0.16301536645797374,0.13724248312346818,-0.093233601349899,True
2972,0.4444444444444444,0.7301587301587301,0.16442691330502618,0.12128633500748055,-0.09589002684466427,True
2973,0.4603174603174603,0.7301587301587301,0.16527279831009753,0.10548989460532948,-0.09821541172106418,True
2974,0.47619047619047616,0.7301587301587301,0.16551775934124754,0.0898120237185703,-0.10019206717147394,True
2975,0.49206349206349204,0.7301587301587301,0.16524329069752325,0.07439211845142868,-0.10181414085932407,True
2976,0.5079365079365079,0.7301587301587301,0.16438590241115367,0.05915676122747953,-0.10305528536898444,True
2977,0.5238095238095237,0.7301587301587301,0.16296747398872852,0.044148907591321535,-0.10391357501772513,True
2978,0.5396825396825397,0.7301587301587301,0.16098819779447995,0.029300256499886598,-0.10439971187110272,True
2979,0.5555555555555556,0.7301587301587301,0.15842586902588557,0.014683891144729283,-0.1044973151774671,True
2980,0.5714285714285714,0.7301587301587301,0.1552652237465584,0.0001978119615084197,-0.10421262374949888,True
2981,0.5873015873015872,0.7301587301587301,0.15151546355922507,-0.014124866558618642,-0.10357071855170415,True
2982,0.6031746031746031,0.7301587301587301,0.14713452897591467,-0.028330182694945208,-0.10255826685347683,True
2983,0.6190476190476191,0.7301587301587301,0.1421077825358764,-0.04239206193910745,-0.10119346356281946,True
2984,0.6349206349206349,0.7301587301587301,0.13643195446427375,-0.056360919859393524,-0.09949979078012006,True
2985,0.6507936507936507,0.7301587301587301,0.13011462775302843,-0.07028500098841788,-0.09750398002203363,True
2986,0.6666666666666666,0.7301587301587301,0.12312429201508351,-0.08415823386995097,-0.09521687780908604,True
2987,0.6825396825396826,0.7301587301587301,0.11544858064086602,-0.09801404164832678,-0.09266728463672354,True
2988,0.6984126984126984,0.7301587301587301,0.10710750867871238,-0.11195245264870068,-0.08989160866887207,True
2989,0.7142857142857142,0.7301587301587301,0.09814285229528447,-0.12614504565943999,-0.08692827121410582,True
2990,0.7301587301587301,0.7301587301587301,0.08854075661031312,-0.14075289039256705,-0.0838035823771449,True
2991,0.746031746031746,0.7301587301587301,0.07831279438153349,-0.15608871989648285,-0.08054801987852013,True
2992,0.7619047619047619,0.7301587301587301,0.06745293094539356,-0.17257786974612216,-0.07719581389168077,True
2993,0.7777777777777777,0.7301587301587301,0.05600212986941291,-0.19096159100050264,-0.0737716411605396,True
2994,0.7936507936507936,0.7301587301587301,0.04385176775933163,-0.2120078281612397,-0.07028322410003926,True
2995,0.8095238095238095,0.7301587301587301,0.03094810375629591,-0.23700508723372116,-0.06673182041375739,True
2996,0.8253968253968254,0.7301587301587301,0.017170399609666587,-0.267418316551391,-0.06311181113502991,True
2997,0.8412698412698412,0.7301587301587301,0.0023939946604979935,-0.3050991460190676,-0.05939483578746493,True
2998,0.8571428571428571,0.7301587301587301,-0.01345545005449493,-0.3517750624989126,-0.05552678120058858,True
2999,0.873015873015873,0.7301587301587301,-0.030050734562415533,-0.4084522403470016,-0.05148895739151588,True
3000,0.8888888888888888,0.7301587301587301,-0.046370538525619155,-0.47397325371825927,-0.04726760718615696,True
3001,0.9047619047619047,0.7301587301587301,-0.060140340725412425,-0.5422197904386937,-0.04291123861444194,True
3002,0.9206349206349206,0.7301587301587301,-0.06757223891097261,-0.5980422708609681,-0.038655862024010564,True
3003,0.9365079365079365,0.7301587301587301,-0.06495000477486304,-0.6175238329063313,-0.03492127835976875,True
3004,0.9523809523809523,0.7301587301587301,-0.05083695691088221,-0.5728063731878447,-0.03231514482102419,True
3005,0.9682539682539681,0.7301587301587301,-0.02921655598742309,-0.4481790640159825,-0.03135907692445018,True
3006,0.9841269841269841,0.7301587301587301,-0.00888790876437012,-0.24986912481830317,-0.032141571076567704,True
3007,1.0,0.7301587301587301,-4.627562579124038e-07,-0.00010763242646905338,-0.034088844445835036,True
3008,0.0,0.746031746031746,6.340781389140914e-09,2.449100401176449e-06,-0.036444305959493835,True
3009,0.015873015873015872,0.746031746031746,0.0011635068995435737,0.042742043504662174,-0.03617244196483763,True
3010,0.031746031746031744,0.746031746031746,0.004344906151738031,0.08432910852322471,-0.03592890230928041,True
3011,0.047619047619047616,0.746031746031746,0.00918241306021072,0.12373019476556568,-0.03573049258337288,True
3012,0.06349206349206349,0.746031746031746,0.015311624491340858,0.1598617678101005,-0.035577800735141024,True
3013,0.07936507936507936,0.746031746031746,0.022390474929396723,0.1918730274289988,-0.035487717793800826,True
3014,0.09523809523809523,0.746031746031746,0.0301099097992224,0.2192042928893823,-0.035492853636667314,True
3015,0.1111111111111111,0.746031746031746,0.038233396248644844,0.2416813831283634,-0.03564042413025567,True
3016,0.12698412698412698,0.746031746031746,0.046594539952257145,0.2594221313974996,-0.035984770456402096,True
3017,0.14285714285714285,0.746031746031746,0.055105653443164114,0.2727682597806747,-0.03657809669817625,True
3018,0.15873015873015872,0.746031746031746,0.06372316505082987,0.28219665787568826,-0.03747356979637317,True
3019,0.1746031746031746,0.746031746031746,0.07242567864194994,0.28812484027725704,-0.03870627581995209,True
3020,0.19047619047619047,0.746031746031746,0.0812018383976957,0.29101971940752347,-0.040305808738180106,True
3021,0.20634920634920634,0.746031746031746,0.09005956407921555,0.2912210817326628,-0.0422756961773348,True
3022,0.2222222222222222,0.746031746031746,0.09891542451692906,0.2890492875443224,-0.04462689955610015,True
3023,0.23809523809523808,0.746031746031746,0.10771633494651896,0.28473927810259236,-0.04734107469208158,True
3024,0.25396825396825395,0.746031746031746,0.11639290053032252,0.2784944971485917,-0.05038734246464721,True
3025,0.2698412698412698,0.746031746031746,0.12484049291587382,0.2704974695137885,-0.05372709500515273,True
3026,0.2857142857142857,0.746031746031746,0.13298574957583195,0.26092870329870393,-0.05730713438552373,True
3027,0.30158730158730157,0.746031746031746,0.14066630110094946,0.24996950570590323,-0.06107757232013226,True
3028,0.31746031746031744,0.746031746031746,0.1478644762747843,0.23782304915617122,-0.0649668798638715,True
3029,0.3333333333333333,0.746031746031746,0.15448250929553645,0.22467523345604953,-0.06891051539024245,True
3030,0.3492063492063492,0.746031746031746,0.16047569977351517,0.21073396692390858,-0.07284243087511748,True
3031,0.36507936507936506,0.746031746031746,0.1658357293471541,0.19621307576837907,-0.07670555326924457,True
3032,0.38095238095238093,0.746031746031746,0.17049948236257154,0.18124214371745015,-0.08043450194290402,True
3033,0.3968253968253968,0.746031746031746,0.174508087858698,0.16602893490774823,-0.08397695141569277,True
3034,0.4126984126984127,0.746031746031746,0.17777164666964054,0.15061320196474495,-0.08728672819068398,True
3035,0.42857142857142855,0.746031746031746,0.18044860526942286,0.1352540091473985,-0.09033311656468242,True
3036,0.4444444444444444,0.746031746031746,0.1824094062600087,0.11991009810235767,-0.09306594329944477,True
3037,0.4603174603174603,0.746031746031746,0.18374304132087682,0.10468986370145016,-0.09548008643950333,True
3038,0.47619047619047616,0.746031746031746,0.18444277397805903,0.08964790103468473,-0.09754112703902268,True
3039,0.49206349206349204,0.746031746031746,0.1844845182124035,0.07480392132777364,-0.09921854332294414,True
3040,0.5079365079365079,0.746031746031746,0.18392821119635797,0.06016378729307907,-0.10053617078958153,True
3041,0.5238095238095237,0.746031746031746,0.18273904609483835,0.045750495057112546,-0.1014624501597624,True
3042,0.5396825396825397,0.746031746031746,0.18088439997096395,0.031503190490583,-0.10197896869224359,True
3043,0.5555555555555556,0.746031746031746,0.17842714224972767,0.017511264488583887,-0.10212863655871743,True
3044,0.5714285714285714,0.746031746031746,0.17529900912861435,0.003628139321772969,-0.10187901417006687,True
3045,0.5873015873015872,0.746031746031746,0.17148639657419626,-0.010019569073494656,-0.10123742999981175,True
3046,0.6031746031746031,0.746031746031746,0.1670050378365643,-0.023567628142212926,-0.10023130625322778,True
3047,0.6190476190476191,0.746031746031746,0.1618192097001796,-0.036956101435263296,-0.09886311078662993,True
3048,0.6349206349206349,0.746031746031746,0.15591532979175252,-0.05025541542510228,-0.09714411283964244,True
3049,0.6507936507936507,0.746031746031746,0.14929284727570494,-0.06346107164581695,-0.09510621791649058,True
3050,0.6666666666666666,0.746031746031746,0.14193727132481004,-0.07661340891871188,-0.0927667576117152,True
3051,0.6825396825396826,0.746031746031746,0.13386517790807267,-0.08979246826151402,-0.09015886851710407,True
3052,0.6984126984126984,0.746031746031746,0.1250691512884441,-0.1030661114948544,-0.08730619131132782,True
3053,0.7142857142857142,0.746031746031746,0.11559387081058264,-0.11659699233897768,-0.08425284277081488,True
3054,0.7301587301587301,0.746031746031746,0.10541474081778295,-0.13053437499421372,-0.08101921639238317,True
3055,0.746031746031746,0.746031746031746,0.09459686227753253,-0.1452397470793049,-0.07764694338864289,True
3056,0.7619047619047619,0.746031746031746,0.08313916630868734,-0.16112283773041716,-0.07416294187367026,True
3057,0.7777777777777777,0.746031746031746,0.07106216383221925,-0.17882843226693232,-0.07059363656083653,True
3058,0.7936507936507936,0.746031746031746,0.058317113642256786,-0.1992206182619556,-0.06694475328872765,True
3059,0.8095238095238095,0.746031746031746,0.044839324163177235,-0.22340576199398735,-0.06322600349920465,True
3060,0.8253968253968254,0.746031746031746,0.030526594065867496,-0.2529337087437004,-0.05942763131677704,True
3061,0.8412698412698412,0.746031746031746,0.01520183263401064,-0.28951155955308433,-0.05552243489380558,True
3062,0.8571428571428571,0.746031746031746,-0.001223937554800169,-0.33508512985761807,-0.051489730261128325,True
3063,0.873015873015873,0.746031746031746,-0.018645844758353028,-0.3911565992866144,-0.047287619571922526,True
3064,0.8888888888888888,0.746031746031746,-0.03629505806783868,-0.4575278241025438,-0.04290724225699523,True
3065,0.9047619047619047,0.746031746031746,-0.05216324059882034,-0.5294680843876383,-0.03841139323425185,True
3066,0.9206349206349206,0.746031746031746,-0.0625711989276591,-0.5935225113569136,-0.03399786137357639,True
3067,0.9365079365079365,0.746031746031746,-0.06306724081029451,-0.6247821590859428,-0.03008780461910327,True
3068,0.9523809523809523,0.746031746031746,-0.051184690543175274,-0.5913316768500455,-0.027287824664211435,True
3069,0.9682539682539681,0.746031746031746,-0.03019987557509501,-0.47110592399008727,-0.026170284718493957,True
3070,0.9841269841269841,0.746031746031746,-0.009356523050912275,-0.2664457500451758,-0.026896963098202643,True
3071,1.0,0.746031746031746,1.2923061782189072e-07,1.1675038875255013e-05,-0.028928058327854476,True
3072,0.0,0.7619047619047619,4.05089768946403e-08,1.1553563450222123e-05,-0.03645917815153827,True
3073,0.015873015873015872,0.7619047619047619,0.0010155363892704976,0.04065368172274724,-0.036220354855634136,True
3074,0.031746031746031744,0.7619047619047619,0.0038343576685246276,0.0804458925257505,-0.03599066237593552,True
3075,0.047619047619047616,0.7619047619047619,0.00824904544025106,0.11838191954897834,-0.035770237769653435,True
3076,0.06349206349206349,0.7619047619047619,0.014002727105340628,0.15332270642554763,-0.035544589453587405,True
3077,0.07936507936507936,0.7619047619047619,0.020871942196844524,0.18446460634775871,-0.035326763253499587,True
3078,0.09523809523809523,0.7619047619047619,0.02859319008988541,0.2111810894407257,-0.03514716089391143,True
3079,0.1111111111111111,0.7619047619047619,0.03694237128356772,0.23320912646732928,-0.03505558016213762,True
3080,0.12698412698412698,0.7619047619047619,0.04575877464838003,0.250686859102476,-0.03512814878017611,True
3081,0.14285714285714285,0.7619047619047619,0.054923655184061504,0.26384524200244863,-0.03542013266940015,True
3082,0.15873015873015872,0.7619047619047619,0.06430181328874153,0.27306778971028955,-0.03601411045189277,True
3083,0.1746031746031746,0.7619047619047619,0.07393231532774437,0.2789007071751197,-0.03693760305561324,True
3084,0.19047619047619047,0.7619047619047619,0.08370190487164848,0.28167372246859423,-0.038240710125987044,True
3085,0.20634920634920634,0.7619047619047619,0.09356327861586981,0.28184607241978177,-0.03994892069609335,True
3086,0.2222222222222222,0.7619047619047619,0.10349058384185923,0.27965895705114124,-0.042051634290709745,True
3087,0.23809523809523808,0.7619047619047619,0.11333653512748693,0.2754331105162149,-0.044557003981180676,True
3088,0.25396825396825395,0.7619047619047619,0.12310530956842883,0.26937941398498705,-0.04741827704330988,True
3089,0.2698412698412698,0.7619047619047619,0.13260546619681268,0.26163928138879394,-0.0506107547421112,True
3090,0.2857142857142857,0.7619047619047619,0.14181076526422826,0.25246358669563523,-0.05407473649139906,True
3091,0.30158730158730157,0.7619047619047619,0.15056921321024297,0.2419865827384389,-0.05775697506973474,True
3092,0.31746031746031744,0.7619047619047619,0.1587815254022112,0.230377483636839,-0.06159168549010554,True
3093,0.3333333333333333,0.7619047619047619,0.16643056722613903,0.21787146425549755,-0.06551061351070855,True
3094,0.3492063492063492,0.7619047619047619,0.1734027446247392,0.2046021673764343,-0.06944578337753207,True
3095,0.36507936507936506,0.7619047619047619,0.17964496133511582,0.19073416330998738,-0.0733293934960317,True
3096,0.38095238095238093,0.7619047619047619,0.18523299081276637,0.17651265990575135,-0.07710158534048171,True
3097,0.3968253968253968,0.7619047619047619,0.19002400450398887,0.16197485806445977,-0.08070719446297459,True
3098,0.4126984126984127,0.7619047619047619,0.19408608333709512,0.14731074336460812,-0.0840909695703231,True
3099,0.42857142857142855,0.7619047619047619,0.19741918884371537,0.1326296048857831,-0.08721101955807124,True
3100,0.4444444444444444,0.7619047619047619,0.2000145403974038,0.11796075467220764,-0.09004085153740939,True
3101,0.4603174603174603,0.7619047619047619,0.20189870661469306,0.10343580801624329,-0.09253717581180722,True
3102,0.47619047619047616,0.7619047619047619,0.20303219532556857,0.08903194611339488,-0.09466911360950397,True
3103,0.49206349206349204,0.7619047619047619,0.203543524546433,0.07489282481319609,-0.09645635731164123,True
3104,0.5079365079365079,0.7619047619047619,0.20328714563992567,0.06089357275579125,-0.09783549176984715,True
3105,0.5238095238095237,0.7619047619047619,0.20236220181483824,0.04714570414191288,-0.09882909113612669,True
3106,0.5396825396825397,0.7619047619047619,0.20071724811360916,0.033597763558098806,-0.09941513037536244,True
3107,0.5555555555555556,0.7619047619047619,0.19836097991063542,0.020262781314404513,-0.09959750084639143,True
3108,0.5714285714285714,0.7619047619047619,0.19529151174100257,0.007078213094527654,-0.09938390612678698,True
3109,0.5873015873015872,0.7619047619047619,0.19148360818920016,-0.0058496385429580655,-0.09877494906448966,True
3110,0.6031746031746031,0.7619047619047619,0.18692617219690896,-0.01869615973933962,-0.09777391732121672,True
3111,0.6190476190476191,0.7619047619047619,0.18160306781105473,-0.03134444521983339,-0.09640024740021322,True
3112,0.6349206349206349,0.7619047619047619,0.17551265434832714,-0.043872637162279376,-0.09467210038963216,True
3113,0.6507936507936507,0.7619047619047619,0.16863498246989067,-0.05632645861516823,-0.09260028710127828,True
3114,0.6666666666666666,0.7619047619047619,0.16097248513017293,-0.06872036440955522,-0.09021551104007756,True
3115,0.6825396825396826,0.7619047619047619,0.15253117200626073,-0.081151491646436,-0.08754074428027445,True
3116,0.6984126984126984,0.7619047619047619,0.14334058259313562,-0.09371080112957454,-0.08461585952660959,True
3117,0.7142857142857142,0.7619047619047619,0.13339789681053982,-0.10652843469606835,-0.0814617501932523,True
3118,0.7301587301587301,0.7619047619047619,0.12272870660905236,-0.11979593796628807,-0.07811361892398205,True
3119,0.746031746031746,0.7619047619047619,0.11137222113461298,-0.13382769237062261,-0.07460617199738714,True
3120,0.7619047619047619,0.7619047619047619,0.09935120159224728,-0.14907399684470354,-0.0709598396528192,True
3121,0.7777777777777777,0.7619047619047619,0.08670442238011018,-0.16614172895823345,-0.06721407140098547,True
3122,0.7936507936507936,0.7619047619047619,0.07339936206121553,-0.1858392306915329,-0.06337189179486317,True
3123,0.8095238095238095,0.7619047619047619,0.05935539252548795,-0.20929187374444347,-0.059421438012654766,True
3124,0.8253968253968254,0.7619047619047619,0.04450712287444426,-0.23785811419712022,-0.055390324227255504,True
3125,0.8412698412698412,0.7619047619047619,0.028662605155115834,-0.27340099462120876,-0.05123132808594471,True
3126,0.8571428571428571,0.7619047619047619,0.011637678844190142,-0.3177918823865747,-0.04692010004732513,True
3127,0.873015873015873,0.7619047619047619,-0.006558591072677822,-0.37293072554084794,-0.042450792397551194,True
3128,0.8888888888888888,0.7619047619047619,-0.02546862433294835,-0.43942446205279,-0.03780937882330236,True
3129,0.9047619047619047,0.7619047619047619,-0.04341963858738929,-0.5142677829515384,-0.03304518800281623,True
3130,0.9206349206349206,0.7619047619047619,-0.05674877063522691,-0.5854846716910073,-0.028365100259721766,True
3131,0.9365079365079365,0.7619047619047619,-0.0607301839002576,-0.6289729544983097,-0.024174951921050517,True
3132,0.9523809523809523,0.7619047619047619,-0.05141010567910574,-0.6079739441589456,-0.02111093937546879,True
3133,0.9682539682539681,0.7619047619047619,-0.031295619348060154,-0.493938805374581,-0.019780781141949134,True
3134,0.9841269841269841,0.7619047619047619,-0.009922316680916235,-0.28370623593417926,-0.020424406044167783,True
3135,1.0,0.7619047619047619,3.381698453905026e-06,-8.78545468991996e-06,-0.022579598814969164,True
3136,0.0,0.7777777777777777,-5.427591627417739e-08,-1.0237903368469985e-05,-0.036425732971267874,True
3137,0.015873015873015872,0.7777777777777777,0.000815327613487917,0.03886626081686717,-0.03623177943720095,True
3138,0.031746031746031744,0.7777777777777777,0.0031593807399297757,0.07710171901664806,-0.03602540010351032,True
3139,0.047619047619047616,0.7777777777777777,0.006950822984471901,0.11355262784735744,-0.03578668215204588,True
3140,0.06349206349206349,0.7777777777777777,0.012139223357842083,0.14724913056369585,-0.035490029078768554,True
3141,0.07936507936507936,0.7777777777777777,0.018575625019313518,0.17729604365052773,-0.03513177336142533,True
3142,0.09523809523809523,0.7777777777777777,0.02609391158585521,0.20312379993213184,-0.03474501323119997,True
3143,0.1111111111111111,0.7777777777777777,0.03452420126857724,0.2245147452570877,-0.034395230952458784,True
3144,0.12698412698412698,0.7777777777777777,0.043677597306102434,0.24145717604188396,-0.03415956727695671,True
3145,0.14285714285714285,0.7777777777777777,0.05339286833522301,0.2541998086008024,-0.03412986947434643,True
3146,0.15873015873015872,0.7777777777777777,0.06356417101853314,0.26314782740846976,-0.0343803861905244,True
3147,0.1746031746031746,0.7777777777777777,0.0740763353997946,0.26870389106377274,-0.03498007488985788,True
3148,0.19047619047619047,0.7777777777777777,0.08484001868307572,0.27134310437239506,-0.03597993046854365,True
3149,0.20634920634920634,0.7777777777777777,0.09578045243956886,0.2713999281041163,-0.03740158174344226,True
3150,0.2222222222222222,0.7777777777777777,0.10676773807329246,0.26919043632921524,-0.03926391050632199,True
3151,0.23809523809523808,0.7777777777777777,0.11780235007226086,0.26504392309747493,-0.041539267109027236,True
3152,0.25396825396825395,0.7777777777777777,0.12868254680364535,0.25916506338117457,-0.044220916640087496,True
3153,0.2698412698412698,0.7777777777777777,0.13931836337712875,0.2517323373875125,-0.04726581672259294,True
3154,0.2857142857142857,0.7777777777777777,0.14960548939410803,0.24291547004243583,-0.050619039461095916,True
3155,0.30158730158730157,0.7777777777777777,0.1594943797955757,0.23294029479631964,-0.05421954710365513,True
3156,0.31746031746031744,0.7777777777777777,0.16878400493255794,0.22192043040413756,-0.05800619462571786,True
3157,0.3333333333333333,0.7777777777777777,0.17744162660985394,0.21002586652568894,-0.06190422129943172,True
3158,0.3492063492063492,0.7777777777777777,0.18546172833530955,0.19747804410135136,-0.06584537461067462,True
3159,0.36507936507936506,0.7777777777777777,0.19272834927364071,0.18438336705563044,-0.06976074815794772,True
3160,0.38095238095238093,0.7777777777777777,0.19915220716512824,0.17084900474298353,-0.07357773623858709,True
3161,0.3968253968253968,0.7777777777777777,0.2048640802169898,0.15712765646916196,-0.07724864425188242,True
3162,0.4126984126984127,0.7777777777777777,0.20973801565308783,0.14322887896220465,-0.0807121065233134,True
3163,0.42857142857142855,0.7777777777777777,0.2138252883442327,0.1293075547253449,-0.08392629208467595,True
3164,0.4444444444444444,0.7777777777777777,0.21705413904459844,0.11537665148824745,-0.08683445419278438,True
3165,0.4603174603174603,0.7777777777777777,0.2195844598069497,0.10165790421160954,-0.08943201157279615,True
3166,0.47619047619047616,0.7777777777777777,0.22127012719850805,0.08798859861764652,-0.09167073632416597,True
3167,0.49206349206349204,0.7777777777777777,0.22219171734322266,0.0745536556632124,-0.09353077894888182,True
3168,0.5079365079365079,0.7777777777777777,0.2223251711805669,0.06129281009185867,-0.0949988996757632,True
3169,0.5238095238095237,0.7777777777777777,0.22173284080799777,0.0483046572651469,-0.09607671422102135,True
3170,0.5396825396825397,0.7777777777777777,0.22029191071118598,0.035464084264485954,-0.0967167315225946,True
3171,0.5555555555555556,0.7777777777777777,0.21812012638881165,0.022880675755497622,-0.09696366215189857,True
3172,0.5714285714285714,0.7777777777777777,0.2151660908330466,0.010508329146855129,-0.0968005369771997,True
3173,0.5873015873015872,0.7777777777777777,0.21138820130889505,-0.0016923718514618691,-0.0962188279472952,True
3174,0.6031746031746031,0.7777777777777777,0.20679359604423547,-0.013702113262067543,-0.09523404079559057,True
3175,0.6190476190476191,0.7777777777777777,0.20139685800944904,-0.025564644679508558,-0.09386891964999097,True
3176,0.6349206349206349,0.7777777777777777,0.19517111918410793,-0.037318626735236005,-0.09213004876488728,True
3177,0.6507936507936507,0.7777777777777777,0.18808897438377367,-0.04893503408053821,-0.09002925662938688,True
3178,0.6666666666666666,0.7777777777777777,0.1801975623928886,-0.0605579008595754,-0.0876048524587736,True
3179,0.6825396825396826,0.7777777777777777,0.17147418779899748,-0.07218308695794035,-0.08487377580044261,True
3180,0.6984126984126984,0.7777777777777777,0.16193623967118106,-0.08394452020124255,-0.08186298830401365,True
3181,0.7142857142857142,0.7777777777777777,0.15161253262758104,-0.09598361289021501,-0.07860505819115804,True
3182,0.7301587301587301,0.7777777777777777,0.14053642882785938,-0.10853680681589599,-0.07512841322070825,True
3183,0.746031746031746,0.7777777777777777,0.12875503606997024,-0.12190099412895868,-0.07147234170154906,True
3184,0.7619047619047619,0.7777777777777777,0.11629650235501787,-0.13652571591992338,-0.06765570256570408,True
3185,0.7777777777777777,0.7777777777777777,0.1031486060394021,-0.15291644741067426,-0.0636939413354414,True
3186,0.7936507936507936,0.7777777777777777,0.08933376287297212,-0.17193706146477947,-0.05959990130839663,True
3187,0.8095238095238095,0.7777777777777777,0.074789636122225,-0.1946018549756193,-0.055376685100585674,True
3188,0.8253968253968254,0.7777777777777777,0.059424253130484286,-0.22231377024493756,-0.051024238666679114,True
3189,0.8412698412698412,0.7777777777777777,0.04305526108143956,-0.25673412960545755,-0.046522524533629886,True
3190,0.8571428571428571,0.7777777777777777,0.02545251734101325,-0.2998027373702284,-0.04184590086589761,True
3191,0.873015873015873,0.7777777777777777,0.0064775738237495845,-0.35370739362674547,-0.03697392830985137,True
3192,0.8888888888888888,0.7777777777777777,-0.013622433819740959,-0.4197575982021068,-0.03192658594043202,True
3193,0.9047619047619047,0.7777777777777777,-0.03360636430102269,-0.49648962564556237,-0.02674025466746508,True
3194,0.9206349206349206,0.7777777777777777,-0.05006434412863782,-0.5743254709333265,-0.021659218668290174,True
3195,0.9365079365079365,0.7777777777777777,-0.05760010336830252,-0.6291909471201046,-0.017068928504084837,True
3196,0.9523809523809523,0.7777777777777777,-0.05141991101610303,-0.622403444482649,-0.01362688514365161,True
3197,0.9682539682539681,0.7777777777777777,-0.03250284077334597,-0.5167022903890598,-0.012007533883158688,True
3198,0.9841269841269841,0.7777777777777777,-0.01054575187226814,-0.3019413869489913,-0.012567578924489476,True
3199,1.0,0.7777777777777777,-2.1667938831260903e-06,1.9075405919286322e-05,-0.014827952866710448,True
3200,0.0,0.7936507936507936,-3.413708605351596e-08,-2.764862573562425e-06,-0.0363597798866077,True
3201,0.015873015873015872,0.7936507936507936,0.0005535211131066097,0.037512628069713616,-0.036225626587786025,True
3202,0.031746031746031744,0.7936507936507936,0.0022398851559313577,0.0743812618660038,-0.036053855671181356,True
3203,0.047619047619047616,0.7936507936507936,0.005201925686581733,0.10945530368292057,-0.0357996815864587,True
3204,0.06349206349206349,0.7936507936507936,0.0095647842200854,0.14175897679037,-0.03541976669380165,True
3205,0.07936507936507936,0.7936507936507936,0.015347836203015434,0.17051305862961758,-0.03490440573641174,True
3206,0.09523809523809523,0.7936507936507936,0.02248277941576898,0.19521116406305783,-0.03428867092358922,True
3207,0.1111111111111111,0.7936507936507936,0.030829396595104305,0.21562974852349667,-0.03364941734617483,True
3208,0.12698412698412698,0.7936507936507936,0.04020308698225475,0.23179760263283689,-0.033087910599701134,True
3209,0.14285714285714285,0.7936507936507936,0.050433704340565065,0.24393403148737208,-0.032700010262206404,True
3210,0.15873015873015872,0.7936507936507936,0.06132018977706206,0.2523816425271087,-0.0325970309199661,True
3211,0.1746031746031746,0.7936507936507936,0.07273751979736864,0.2575820701700895,-0.032851663935544,True
3212,0.19047619047619047,0.7936507936507936,0.08453309605774763,0.25992832030342267,-0.03352773424356426,True
3213,0.20634920634920634,0.7936507936507936,0.09655702317370482,0.2598295731211317,-0.0346654650017566,True
3214,0.2222222222222222,0.7936507936507936,0.10872841862564757,0.2576068699945861,-0.036268055485689184,True
3215,0.23809523809523808,0.7936507936507936,0.12093932609348637,0.25351784960560547,-0.03832785710478421,True
3216,0.25396825396825395,0.7936507936507936,0.13298234005421242,0.2477865846305978,-0.04083472566087637,True
3217,0.2698412698412698,0.7936507936507936,0.14480875268053003,0.24064356518104943,-0.043736302357458914,True
3218,0.2857142857142857,0.7936507936507936,0.1562815955015069,0.23225235512452141,-0.04698195244450028,True
3219,0.30158730158730157,0.7936507936507936,0.16731095743898514,0.22278722302232032,-0.050509959299458396,True
3220,0.31746031746031744,0.7936507936507936,0.1777169737640238,0.21234924778363737,-0.054254199296013446,True
3221,0.3333333333333333,0.7936507936507936,0.1874968470186164,0.20115449178105524,-0.05813870281760508,True
3222,0.3492063492063492,0.7936507936507936,0.1965640125363491,0.1893306942529747,-0.06209097773901099,True
3223,0.36507936507936506,0.7936507936507936,0.2048339356784374,0.17701014528199102,-0.06603929908887715,True
3224,0.38095238095238093,0.7936507936507936,0.21226023976761843,0.1643081494059733,-0.06991408239333874,True
3225,0.3968253968253968,0.7936507936507936,0.2188917782124432,0.15140445404832348,-0.07365822807792935,True
3226,0.4126984126984127,0.7936507936507936,0.22461704888783007,0.1383432623171566,-0.07720364696354066,True
3227,0.42857142857142855,0.7936507936507936,0.22948914173972615,0.1252515745368872,-0.08050795418271975,True
3228,0.4444444444444444,0.7936507936507936,0.2334874641157345,0.11218782371209668,-0.08352428525114321,True
3229,0.4603174603174603,0.7936507936507936,0.23662927890035532,0.09924529322498724,-0.08621648704097433,True
3230,0.47619047619047616,0.7936507936507936,0.23888427373631815,0.08639643310810607,-0.08855030029323636,True
3231,0.49206349206349204,0.7936507936507936,0.24035040012664452,0.07379921421628455,-0.0905204121724698,True
3232,0.5079365079365079,0.7936507936507936,0.24092025294674943,0.06134748138860952,-0.09208278849269474,True
3233,0.5238095238095237,0.7936507936507936,0.24063888227063712,0.04916659320844055,-0.0932264773722634,True
3234,0.5396825396825397,0.7936507936507936,0.23954250480925676,0.03713621015457164,-0.0939668290563953,True
3235,0.5555555555555556,0.7936507936507936,0.23758419206929862,0.025373834538819875,-0.09427542550728599,True
3236,0.5714285714285714,0.7936507936507936,0.23474387042151795,0.013819088607480889,-0.09414911189996787,True
3237,0.5873015873015872,0.7936507936507936,0.23108549112857882,0.0024475304902112746,-0.09361905998899117,True
3238,0.6031746031746031,0.7936507936507936,0.22654925232593898,-0.008721732246270588,-0.09267057583147643,True
3239,0.6190476190476191,0.7936507936507936,0.22111408816307615,-0.01973280252834028,-0.09130930202331343,True
3240,0.6349206349206349,0.7936507936507936,0.21481944943878936,-0.030615264499811425,-0.0895661579567135,True
3241,0.6507936507936507,0.7936507936507936,0.2076563074510734,-0.04140096286655726,-0.08745607557972936,True
3242,0.6666666666666666,0.7936507936507936,0.1996112139516278,-0.05213944885521817,-0.08499190044576835,True
3243,0.6825396825396826,0.7936507936507936,0.19070387058056204,-0.06294077522793554,-0.08220100183969957,True
3244,0.6984126984126984,0.7936507936507936,0.18095616447800963,-0.07389294393567919,-0.07910975625763413,True
3245,0.7142857142857142,0.7936507936507936,0.17039465195347775,-0.08516651066009767,-0.07574507444164405,True
3246,0.7301587301587301,0.7936507936507936,0.15905260390705758,-0.09695972107610348,-0.0721368363414764,True
3247,0.746031746031746,0.7936507936507936,0.14696230508287284,-0.10960537109562689,-0.06830527761070146,True
3248,0.7619047619047619,0.7936507936507936,0.1341571632447558,-0.12350768957854463,-0.06427879989166045,True
3249,0.7777777777777777,0.7936507936507936,0.12065301678051929,-0.13923187896092526,-0.06006520873446787,True
3250,0.7936507936507936,0.7936507936507936,0.10644427648320244,-0.15754452676164546,-0.05567817665327394,True
3251,0.8095238095238095,0.7936507936507936,0.09148033194663126,-0.17944442731040558,-0.051111815760191574,True
3252,0.8253968253968254,0.7936507936507936,0.0756521921070635,-0.2062177603863845,-0.046363242567931985,True
3253,0.8412698412698412,0.7936507936507936,0.05877362598409015,-0.23948528930331564,-0.04141080217297188,True
3254,0.8571428571428571,0.7936507936507936,0.04058942266158064,-0.28121798454633984,-0.03622938406596136,True
3255,0.873015873015873,0.7936507936507936,0.020856921037767897,-0.33359277217125194,-0.03082753108981151,True
3256,0.8888888888888888,0.7936507936507936,-0.0004211578452964141,-0.39860405740981997,-0.025203738162568438,True
3257,0.9047619047619047,0.7936507936507936,-0.02238349746493686,-0.47615269689334383,-0.019442176223432903,True
3258,0.9206349206349206,0.7936507936507936,-0.042004841902717485,-0.5592950843378904,-0.013766634408506168,True
3259,0.9365079365079365,0.7936507936507936,-0.05370792802702937,-0.6261002798222994,-0.008608621141328581,True
3260,0.9523809523809523,0.7936507936507936,-0.05120135667743616,-0.6351103603769974,-0.004659045206935528,True
3261,0.9682539682539681,0.7936507936507936,-0.03378820102904902,-0.5397736450341019,-0.0026694183948473456,True
3262,0.9841269841269841,0.7936507936507936,-0.01126537747251566,-0.3212422075590909,-0.003078716988558708,True
3263,1.0,0.7936507936507936,-2.3715940582059273e-08,3.1563859135362796e-05,-0.005449118448583433,True
3264,0.0,0.8095238095238095,1.0490505569904503e-07,1.8573353720939512e-06,-0.03627963091960918,True
3265,0.015873015873015872,0.8095238095238095,0.00020735312643099847,0.03673487854645352,-0.03622561026832174,True
3266,0.031746031746031744,0.8095238095238095,0.0010260921214865644,0.07258830189570836,-0.03610209796433594,True
3267,0.047619047619047616,0.8095238095238095,0.0028848846881683082,0.1063665992946155,-0.03583390533404048,True
3268,0.06349206349206349,0.8095238095238095,0.006158247789473009,0.13719350802748057,-0.03536169400083573,True
3269,0.07936507936507936,0.8095238095238095,0.011034497650962411,0.16440534031236148,-0.03466595546540197,True
3270,0.09523809523809523,0.8095238095238095,0.017584709687618823,0.18764890064369363,-0.03379274118243784,True
3271,0.1111111111111111,0.8095238095238095,0.025703290409767435,0.20676382579720637,-0.03283212098070786,True
3272,0.12698412698412698,0.8095238095238095,0.03521035070016148,0.22179003106963727,-0.031899370313677594,True
3273,0.14285714285714285,0.8095238095238095,0.04586352846098603,0.23305040547861589,-0.031148121892184785,True
3274,0.15873015873015872,0.8095238095238095,0.057488708832528025,0.24077075427749908,-0.0306568716798339,True
3275,0.1746031746031746,0.8095238095238095,0.0698053162457653,0.24546462543056985,-0.030559379177533135,True
3276,0.19047619047619047,0.8095238095238095,0.08266476865938961,0.24744373790887653,-0.030905876728936084,True
3277,0.20634920634920634,0.8095238095238095,0.09586152659200876,0.24710105377693636,-0.031748375436818625,True
3278,0.2222222222222222,0.8095238095238095,0.1092380384080166,0.24477943756716314,-0.03310171411038461,True
3279,0.23809523809523808,0.8095238095238095,0.12268512836914902,0.24073638405325032,-0.03495193662437862,True
3280,0.25396825396825395,0.8095238095238095,0.1359651018509508,0.23519388287835846,-0.03728997007400398,True
3281,0.2698412698412698,0.8095238095238095,0.14902755021330677,0.22834748031931387,-0.040060703424365726,True
3282,0.2857142857142857,0.8095238095238095,0.16173156293994645,0.22038855269334887,-0.04320823683287688,True
3283,0.30158730158730157,0.8095238095238095,0.17395433315164532,0.21144777897264896,-0.04667433259622884,True
3284,0.31746031746031744,0.8095238095238095,0.1855328800379377,0.20165446145232768,-0.05038499203077423,True
3285,0.3333333333333333,0.8095238095238095,0.19647077028069382,0.19118715148932758,-0.0542640328936738,True
3286,0.3492063492063492,0.8095238095238095,0.20656846421288685,0.1800958219087903,-0.05823590940493488,True
3287,0.36507936507936506,0.8095238095238095,0.21593467126801433,0.16862818747997702,-0.06222701252953134,True
3288,0.38095238095238093,0.8095238095238095,0.22440754451273034,0.15682762426010075,-0.06616544197673699,True
3289,0.3968253968253968,0.8095238095238095,0.23188793791504175,0.14472667921024027,-0.06997448293185152,True
3290,0.4126984126984127,0.8095238095238095,0.23858131621144094,0.1326182061181884,-0.0736165978539031,True
3291,0.42857142857142855,0.8095238095238095,0.24427727479255024,0.12041648740162395,-0.07701788065034046,True
3292,0.4444444444444444,0.8095238095238095,0.24904922919966915,0.10826040913529689,-0.08013889803063005,True
3293,0.4603174603174603,0.8095238095238095,0.2528818748239203,0.09621081084122748,-0.08293702889827317,True
3294,0.47619047619047616,0.8095238095238095,0.25578140041537084,0.08427650495430523,-0.0853808442634693,True
3295,0.49206349206349204,0.8095238095238095,0.25777472080340663,0.07253109731268723,-0.08744872791414994,True
3296,0.5079365079365079,0.8095238095238095,0.25884955982958846,0.06101496496782211,-0.08911416544176606,True
3297,0.5238095238095237,0.8095238095238095,0.2589809707985449,0.049624489740719695,-0.09035643192263673,True
3298,0.5396825396825397,0.8095238095238095,0.25824147003203246,0.03853368341733857,-0.09117968564274001,True
3299,0.5555555555555556,0.8095238095238095,0.25655167318494004,0.027622094225387823,-0.09155747480847862,True
3300,0.5714285714285714,0.8095238095238095,0.2539796000127792,0.016955760141570103,-0.0915106297281756,True
3301,0.5873015873015872,0.8095238095238095,0.25047423061639296,0.006472100527246937,-0.09102304939591999,True
3302,0.6031746031746031,0.8095238095238095,0.24604183857911324,-0.0038135108492729423,-0.09010440868588268,True
3303,0.6190476190476191,0.8095238095238095,0.24072622836448374,-0.013918482619233216,-0.08877943158032954,True
3304,0.6349206349206349,0.8095238095238095,0.23449281853374473,-0.023892315737119727,-0.08704801171969627,True
3305,0.6507936507936507,0.8095238095238095,0.22733194599478596,-0.03377033679683286,-0.08491896273919237,True
3306,0.6666666666666666,0.8095238095238095,0.21928954827073924,-0.04364713086052945,-0.08242803404385764,True
3307,0.6825396825396826,0.8095238095238095,0.2103530164776808,-0.05357661828808405,-0.07958081246185274,True
3308,0.6984126984126984,0.8095238095238095,0.20056038400040666,-0.06368142576490643,-0.07640847210463234,True
3309,0.7142857142857142,0.8095238095238095,0.1899292897028965,-0.0741521158334374,-0.07293420205439226,True
3310,0.7301587301587301,0.8095238095238095,0.17849130514568604,-0.0851760532314997,-0.06917342452662682,True
3311,0.746031746031746,0.8095238095238095,0.16628863360159812,-0.09708277617873191,-0.06515383487066198,True
3312,0.7619047619047619,0.8095238095238095,0.15333122592587256,-0.11025194145369381,-0.06088350943128839,True
3313,0.7777777777777777,0.8095238095238095,0.13962942352862487,-0.1252686306951197,-0.056380458284609816,True
3314,0.7936507936507936,0.8095238095238095,0.12517454500035397,-0.14282876164945746,-0.051643248283624266,True
3315,0.8095238095238095,0.8095238095238095,0.10990379857848115,-0.16389840637941538,-0.04666176070868908,True
3316,0.8253968253968254,0.8095238095238095,0.09369290026134555,-0.189686871734683,-0.04142198744422794,True
3317,0.8412698412698412,0.8095238095238095,0.07634157038476255,-0.22174829845062408,-0.03589075812641998,True
3318,0.8571428571428571,0.8095238095238095,0.05757096203503723,-0.2619322472550888,-0.03008762231577857,True
3319,0.873015873015873,0.8095238095238095,0.03704760548537638,-0.3125455983269021,-0.02396702095284879,True
3320,0.8888888888888888,0.8095238095238095,0.014559978764809066,-0.3759278211206749,-0.017560067832130478,True
3321,0.9047619047619047,0.8095238095238095,-0.009280301536002839,-0.453268361297973,-0.011022662319901174,True
3322,0.9206349206349206,0.8095238095238095,-0.03223113900193907,-0.5403695813072439,-0.004527538268860265,True
3323,0.9365079365079365,0.8095238095238095,-0.04841574378492981,-0.6180919931433493,0.0014166646960642973,True
3324,0.9523809523809523,0.8095238095238095,-0.05031487790509169,-0.6437952314732482,0.006078150472434462,True
3325,0.9682539682539681,0.8095238095238095,-0.03507546242361884,-0.5617599176576327,0.008558318135365424,True
3326,0.9841269841269841,0.8095238095238095,-0.012099670979058494,-0.341470361729073,0.008349770206146622,True
3327,1.0,0.8095238095238095,-4.838879555128604e-07,-0.00020815138717502702,0.005840121164217052,True
3328,0.0,0.8253968253968254,-4.4334476722243075e-08,7.905293730208248e-08,-0.03620806706444071,True
3329,0.015873015873015872,0.8253968253968254,-0.00026556296900136065,0.03670085832976845,-0.03626234619844666,True
3330,0.031746031746031744,0.8253968253968254,-0.0006073275819705251,0.07198595288409464,-0.03620339527953602,True
3331,0.047619047619047616,0.8253968253968254,-0.00020867411091544006,0.10458404974250403,-0.0359187608863703,True
3332,0.06349206349206349,0.8253968253968254,0.0016353733604806664,0.13377335150962683,-0.03533106999715649,True
3333,0.07936507936507936,0.8253968253968254,0.005366390301297676,0.15915610368316582,-0.03442399599156822,True
3334,0.09523809523809523,0.8253968253968254,0.011150074961203191,0.18055556291513905,-0.03325331459733624,True
3335,0.1111111111111111,0.8253968253968254,0.018929001068714223,0.1979564304764596,-0.03193162409345411,True
3336,0.12698412698412698,0.8253968253968254,0.028510533247901912,0.21154779445898678,-0.030611903996751597,True
3337,0.14285714285714285,0.8253968253968254,0.039610801373472344,0.2215522693636292,-0.029445158424168668,True
3338,0.15873015873015872,0.8253968253968254,0.051953537538416576,0.22836961395482228,-0.028569069780470937,True
3339,0.1746031746031746,0.8253968253968254,0.0652335042876431,0.23230633485348737,-0.02810131487577229,True
3340,0.19047619047619047,0.8253968253968254,0.07919385051732447,0.23380630962441276,-0.028122508030333303,True
3341,0.20634920634920634,0.8253968253968254,0.09362636718970056,0.23316341868397475,-0.02867593759119794,True
3342,0.2222222222222222,0.8253968253968254,0.10831030857882755,0.23071009214524396,-0.029783551564026067,True
3343,0.23809523809523808,0.8253968253968254,0.12297396807826019,0.22669222143666987,-0.031451614769469116,True
3344,0.25396825396825395,0.8253968253968254,0.13760461723170078,0.2213430810924961,-0.033626284024837604,True
3345,0.2698412698412698,0.8253968253968254,0.15197067199713662,0.21483229760560604,-0.03627792065802105,True
3346,0.2857142857142857,0.8253968253968254,0.16588402914979117,0.2072808791797862,-0.03935195309476382,True
3347,0.30158730158730157,0.8253968253968254,0.1793505635487026,0.19891951503320504,-0.042764563016559065,True
3348,0.31746031746031744,0.8253968253968254,0.19215988609782694,0.18980320670826512,-0.04645467496351394,True
3349,0.3333333333333333,0.8253968253968254,0.20424126827911204,0.18007103933389676,-0.05033980732860473,True
3350,0.3492063492063492,0.8253968253968254,0.21551176186381443,0.16983540270857572,-0.054341888662478875,True
3351,0.36507936507936506,0.8253968253968254,0.22586739311192383,0.15917795983480204,-0.05837957101380722,True
3352,0.38095238095238093,0.8253968253968254,0.23541563960313325,0.14831240246796706,-0.06238582707730734,True
3353,0.3968253968253968,0.8253968253968254,0.2439262826429832,0.13719851524360088,-0.0662829726843756,True
3354,0.4126984126984127,0.8253968253968254,0.25148743184217404,0.1259967142016811,-0.0700128348527845,True
3355,0.42857142857142855,0.8253968253968254,0.25805861097283467,0.1147708402686995,-0.07351754984453855,True
3356,0.4444444444444444,0.8253968253968254,0.26362673027908967,0.10357310288771361,-0.07674630203509586,True
3357,0.4603174603174603,0.8253968253968254,0.2682367764572053,0.09249612483568834,-0.07966496963595204,True
3358,0.47619047619047616,0.8253968253968254,0.2717568709169783,0.0814879704427188,-0.08220975195467056,True
3359,0.49206349206349204,0.8253968253968254,0.27438846906527653,0.07072759470076656,-0.08439291342859546,True
3360,0.5079365079365079,0.8253968253968254,0.2760243252734448,0.06011607875909927,-0.08617220518540435,True
3361,0.5238095238095237,0.8253968253968254,0.2766549907717787,0.049724847762843846,-0.08751691143829003,True
3362,0.5396825396825397,0.8253968253968254,0.27629512021981806,0.03953924591142199,-0.08841856130363268,True
3363,0.5555555555555556,0.8253968253968254,0.2750227171213785,0.029617947918027278,-0.08889220289774753,True
3364,0.5714285714285714,0.8253968253968254,0.2727532668858761,0.01981022435838246,-0.0889128284282545,True
3365,0.5873015873015872,0.8253968253968254,0.26956345374937285,0.010338613528556131,-0.08849265344692207,True
3366,0.6031746031746031,0.8253968253968254,0.2653906927280125,0.0009451591697187556,-0.08762605275807604,True
3367,0.6190476190476191,0.8253968253968254,0.2603082163783757,-0.008224648377790623,-0.08633581278822225,True
3368,0.6349206349206349,0.8253968253968254,0.2542660615403127,-0.017294584637592304,-0.08461560119656233,True
3369,0.6507936507936507,0.8253968253968254,0.24731087796963905,-0.026244863344723382,-0.08248525238855241,True
3370,0.6666666666666666,0.8253968253968254,0.23943365706646932,-0.035245874343656045,-0.07996439552241116,True
3371,0.6825396825396826,0.8253968253968254,0.2306793479069878,-0.04428841135570259,-0.07706828952516832,True
3372,0.6984126984126984,0.8253968253968254,0.2210510487731691,-0.05354724145728085,-0.0738110014782995,True
3373,0.7142857142857142,0.8253968253968254,0.2105788545528797,-0.06318196897889122,-0.07021723295004634,True
3374,0.7301587301587301,0.8253968253968254,0.19928489743688504,-0.07341098925989792,-0.06629756488930813,True
3375,0.746031746031746,0.8253968253968254,0.18718735690131383,-0.0845241310603492,-0.0620666405076265,True
3376,0.7619047619047619,0.8253968253968254,0.1743047970681977,-0.0969464552830596,-0.05753161723968851,True
3377,0.7777777777777777,0.8253968253968254,0.16062917651747924,-0.11119240893955257,-0.05269324034069339,True
3378,0.7936507936507936,0.8253968253968254,0.14611130995867527,-0.1279207856212104,-0.04754014640032461,True
3379,0.8095238095238095,0.8253968253968254,0.13068114565910852,-0.14805864797303978,-0.04205422054982718,True
3380,0.8253968253968254,0.8253968253968254,0.11419982568931074,-0.17277996996717862,-0.03622493396481283,True
3381,0.8412698412698412,0.8253968253968254,0.09642168869855466,-0.20345578147114138,-0.030007177080185025,True
3382,0.8571428571428571,0.8253968253968254,0.07705803007651466,-0.24200036741258898,-0.02337180078327766,True
3383,0.873015873015873,0.8253968253968254,0.05570212262824334,-0.29056948711501324,-0.01634714137695936,True
3384,0.8888888888888888,0.8253968253968254,0.03198759257703843,-0.3517484189656478,-0.008956809596393885,True
3385,0.9047619047619047,0.8253968253968254,0.006057023799524577,-0.4278625473098095,-0.0013277507805323743,True
3386,0.9206349206349206,0.8253968253968254,-0.020228479087629682,-0.5173449480352573,0.00624779778896024,True
3387,0.9365079365079365,0.8253968253968254,-0.04147799873466113,-0.605207111536019,0.013244081468217681,True
3388,0.9523809523809523,0.8253968253968254,-0.048675014801674035,-0.6490720034531057,0.01881963508828227,True
3389,0.9682539682539681,0.8253968253968254,-0.03637752580518838,-0.583536967235669,0.02198917822615273,True
3390,0.9841269841269841,0.8253968253968254,-0.013077930289278856,-0.3632261892620695,0.02207518041291159,True
3391,1.0,0.8253968253968254,-2.589961247377767e-07,-5.385410633274839e-05,0.01941750303889545,True
3392,0.0,0.8412698412698412,-4.0059408511264676e-07,-4.103763840603934e-06,-0.03617644860577617,True
3393,0.015873015873015872,0.8412698412698412,-0.0009378627760654865,0.03772804350452162,-0.03638318827916897,True
3394,0.031746031746031744,0.8412698412698412,-0.002846272959948844,0.07298868584818362,-0.036406925795692234,True
3395,0.047619047619047616,0.8412698412698412,-0.004348381390110021,0.10452197779301715,-0.03609643349868198,True
3396,0.06349206349206349,0.8412698412698412,-0.004324749551830363,0.13183613997241733,-0.03535902294750683,True
3397,0.07936507936507936,0.8412698412698412,-0.0020069061184241075,0.15496928730704415,-0.03419068506539409,True
3398,0.09523809523809523,0.8412698412698412,0.0028783413245862593,0.17407150829073453,-0.03267436138078165,True
3399,0.1111111111111111,0.8412698412698412,0.010266007284076574,0.189305116576447,-0.030947323058120417,True
3400,0.12698412698412698,0.8412698412698412,0.019919251383047173,0.20102972511855677,-0.02920666494828325,True
3401,0.14285714285714285,0.8412698412698412,0.031506859980043336,0.20946427759402583,-0.027606805384686645,True
3402,0.15873015873015872,0.8412698412698412,0.04460533023678573,0.21503538614933865,-0.026341178537158595,True
3403,0.1746031746031746,0.8412698412698412,0.05893495659502444,0.21807255625105332,-0.025500143060026587,True
3404,0.19047619047619047,0.8412698412698412,0.07408472846923549,0.21892540319104573,-0.025200925080652352,True
3405,0.20634920634920634,0.8412698412698412,0.08978732355936306,0.21792507406162087,-0.025487590328463455,True
3406,0.2222222222222222,0.8412698412698412,0.10578891588880986,0.21531146262262846,-0.026375182058788815,True
3407,0.23809523809523808,0.8412698412698412,0.12186834748014272,0.21131722304162512,-0.027859602276618416,True
3408,0.25396825396825395,0.8412698412698412,0.13783363509010654,0.2061672769606392,-0.029899146455851427,True
3409,0.2698412698412698,0.8412698412698412,0.15348822935419565,0.19997289855312012,-0.032460486233397715,True
3410,0.2857142857142857,0.8412698412698412,0.16876722289572418,0.19294576493651563,-0.03546194751030662,True
3411,0.30158730158730157,0.8412698412698412,0.18345716296520306,0.18515304406297736,-0.0388448410147606,True
3412,0.31746031746031744,0.8412698412698412,0.19749409787438268,0.1767384095180899,-0.04252810089902658,True
3413,0.3333333333333333,0.8412698412698412,0.21073789692555236,0.16777929222218196,-0.0464327253115991,True
3414,0.3492063492063492,0.8412698412698412,0.22315404173541545,0.1584087904961725,-0.05047242487852067,True
3415,0.36507936507936506,0.8412698412698412,0.23467964004426242,0.14872682864986075,-0.05456951409666403,True
3416,0.38095238095238093,0.8412698412698412,0.24521694571611502,0.13877802530986041,-0.05864622420580255,True
3417,0.3968253968253968,0.8412698412698412,0.2547546640816724,0.12866915030132,-0.06263096609269646,True
3418,0.4126984126984127,0.8412698412698412,0.26321080001139124,0.11844628412422006,-0.06645297835756576,True
3419,0.42857142857142855,0.8412698412698412,0.27073168456753505,0.10827887595739943,-0.07006971808848862,True
3420,0.4444444444444444,0.8412698412698412,0.2771306642813163,0.09809261666903217,-0.07340844245678119,True
3421,0.4603174603174603,0.8412698412698412,0.2824791434895136,0.0879977503363417,-0.07643334993363562,True
3422,0.47619047619047616,0.8412698412698412,0.28684751209140247,0.07810603271873896,-0.07911679615071558,True
3423,0.49206349206349204,0.8412698412698412,0.2900785235056351,0.06825883552270558,-0.08140112850267779,True
3424,0.5079365079365079,0.8412698412698412,0.2923613013961925,0.05871132896929121,-0.0832919649591573,True
3425,0.5238095238095237,0.8412698412698412,0.2935617411739744,0.04928383787575042,-0.08474142146811735,True
3426,0.5396825396825397,0.8412698412698412,0.29374887209806144,0.04008869542664489,-0.08574455329554506,True
3427,0.5555555555555556,0.8412698412698412,0.29297784350358513,0.03111467596270076,-0.08631084051468331,True
3428,0.5714285714285714,0.8412698412698412,0.2912257900374574,0.022360497777824707,-0.0864229455888555,True
3429,0.5873015873015872,0.8412698412698412,0.2884459531129342,0.013763287697820028,-0.08606508938542799,True
3430,0.6031746031746031,0.8412698412698412,0.28474882675360785,0.005399447919626572,-0.08526142908136959,True
3431,0.6190476190476191,0.8412698412698412,0.280058667450333,-0.0028753092713548582,-0.0840087886485371,True
3432,0.6349206349206349,0.8412698412698412,0.2744525806361735,-0.010990981511676027,-0.08231393249819588,True
3433,0.6507936507936507,0.8412698412698412,0.26792076117454544,-0.01905120699367266,-0.08018822964657762,True
3434,0.6666666666666666,0.8412698412698412,0.26048582354633976,-0.02711737962162317,-0.07764878786987389,True
3435,0.6825396825396826,0.8412698412698412,0.2521623912777948,-0.035301922340152815,-0.07469928405515427,True
3436,0.6984126984126984,0.8412698412698412,0.2429716367219045,-0.043694037097925895,-0.07136213544993496,True
3437,0.7142857142857142,0.8412698412698412,0.23294853064509735,-0.05248516166748984,-0.06763726835950302,True
3438,0.7301587301587301,0.8412698412698412,0.22206333286491842,-0.06189331322320394,-0.06354488004410723,True
3439,0.746031746031746,0.8412698412698412,0.21035752327343457,-0.07221485856899106,-0.05908395218875114,True
3440,0.7619047619047619,0.8412698412698412,0.197813720554033,-0.08378929944133837,-0.054245900640881806,True
3441,0.7777777777777777,0.8412698412698412,0.1844021824841347,-0.09718491888337541,-0.04902503356618689,True
3442,0.7936507936507936,0.8412698412698412,0.1700599931656341,-0.1129977616462762,-0.04339005578753758,True
3443,0.8095238095238095,0.8412698412698412,0.15466501803294905,-0.13214372903509924,-0.037337995732395345,True
3444,0.8253968253968254,0.8412698412698412,0.13802147864470934,-0.1555673969069263,-0.03079217714111582,True
3445,0.8412698412698412,0.8412698412698412,0.11990921512077489,-0.1847632346026202,-0.023716290617439385,True
3446,0.8571428571428571,0.8412698412698412,0.09994256753013216,-0.22139051207335853,-0.016111260485689255,True
3447,0.873015873015873,0.8412698412698412,0.07766370111227773,-0.26755920390640225,-0.007927418737372283,True
3448,0.8888888888888888,0.8412698412698412,0.052560714617544996,-0.3259685571110562,0.0007797162039428183,True
3449,0.9047619047619047,0.8412698412698412,0.024551396593868013,-0.3998213404363878,0.009756693820862883,True
3450,0.9206349206349206,0.8412698412698412,-0.0053838611934179425,-0.4899828619737757,0.0188072968371147,True
3451,0.9365079365079365,0.8412698412698412,-0.032170065505417636,-0.5862337749329767,0.027214734552732104,True
3452,0.9523809523809523,0.8412698412698412,-0.045607666318858965,-0.6482856476784382,0.03401746928402562,True
3453,0.9682539682539681,0.8412698412698412,-0.03750132932762237,-0.603198626771087,0.03810339857211658,True
3454,0.9841269841269841,0.8412698412698412,-0.014221846235846061,-0.38595437066216354,0.03860918168736174,True
3455,1.0,0.8412698412698412,1.9753527989582207e-06,0.00013679096753096084,0.0357806767493301,True
3456,0.0,0.8571428571428571,3.1267273817175233e-07,-1.8639116842161684e-05,-0.03623707696699398,True
3457,0.015873015873015872,0.8571428571428571,-0.001891203817612533,0.0402104128439186,-0.03665904620106688,True
3458,0.031746031746031744,0.8571428571428571,-0.0059944736772757,0.07614225667898279,-0.03678723183651797,True
3459,0.047619047619047616,0.8571428571428571,-0.010031161170827415,0.10659839121135588,-0.03642462855102624,True
3460,0.06349206349206349,0.8571428571428571,-0.012209068115396888,0.13170326768628163,-0.03548440733421123,True
3461,0.07936507936507936,0.8571428571428571,-0.011536755316716996,0.15200717500518102,-0.0339830500224771,True
3462,0.09523809523809523,0.8571428571428571,-0.007617045977678274,0.16820225152272955,-0.032052520161337326,True
3463,0.1111111111111111,0.8571428571428571,-0.0005695216287052782,0.18079221566493767,-0.02988046952280247,True
3464,0.12698412698412698,0.8571428571428571,0.00926532693770198,0.19014005724421063,-0.02766949502766519,True
3465,0.14285714285714285,0.8571428571428571,0.021442136186278528,0.19665781146341255,-0.02563365417396648,True
3466,0.15873015873015872,0.8571428571428571,0.035459323945155205,0.20075538097835383,-0.02396217251824845,True
3467,0.1746031746031746,0.8571428571428571,0.0508988381034517,0.20269988479422513,-0.022774192917089545,True
3468,0.19047619047619047,0.8571428571428571,0.06733012533280944,0.2027855282982008,-0.022178512148765848,True
3469,0.20634920634920634,0.8571428571428571,0.08438971631822897,0.20134359759630485,-0.022215756002439666,True
3470,0.2222222222222222,0.8571428571428571,0.10182289292640624,0.1985164013387136,-0.02290903855380666,True
3471,0.23809523809523808,0.8571428571428571,0.11928417820408219,0.1945675862508644,-0.024239467644113822,True
3472,0.25396825396825395,0.8571428571428571,0.13666441731045897,0.18961749036514167,-0.026171021607603356,True
3473,0.2698412698412698,0.8571428571428571,0.1537153606416861,0.1838199200523599,-0.02865235917147732,True
3474,0.2857142857142857,0.8571428571428571,0.17027458254825584,0.17727106496519915,-0.031618550409199586,True
3475,0.30158730158730157,0.8571428571428571,0.18631787604606836,0.17014946068834838,-0.034984525023317045,True
3476,0.31746031746031744,0.8571428571428571,0.20156943551588816,0.1624595216217075,-0.03867659507752677,True
3477,0.3333333333333333,0.8571428571428571,0.2160403925225997,0.1543494116572196,-0.042608800283600104,True
3478,0.3492063492063492,0.8571428571428571,0.22962419366775189,0.1458911003938273,-0.04669950039775929,True
3479,0.36507936507936506,0.8571428571428571,0.24223187683499123,0.13715105494553062,-0.05086223462220825,True
3480,0.38095238095238093,0.8571428571428571,0.25384534735351283,0.1282116651253842,-0.055016561929147056,True
3481,0.3968253968253968,0.8571428571428571,0.26439355294018585,0.11912827224037115,-0.05909003785626215,True
3482,0.4126984126984127,0.8571428571428571,0.27390840742455824,0.1100074068852526,-0.06301973316778703,True
3483,0.42857142857142855,0.8571428571428571,0.2822995828213621,0.10084759647500238,-0.06673530845887755,True
3484,0.4444444444444444,0.8571428571428571,0.28965528702990967,0.0917818981456912,-0.07019588217733369,True
3485,0.4603174603174603,0.8571428571428571,0.2958743281052559,0.08276615729373434,-0.07333952666663723,True
3486,0.47619047619047616,0.8571428571428571,0.3010111539193592,0.07387952071149997,-0.07613195186964393,True
3487,0.49206349206349204,0.8571428571428571,0.3050976277195964,0.06516214060516369,-0.0785458481794908,True
3488,0.5079365079365079,0.8571428571428571,0.30807437247202346,0.05660328507418074,-0.08053834150192961,True
3489,0.5238095238095237,0.8571428571428571,0.3100286911068238,0.04822473011404463,-0.0821044800792419,True
3490,0.5396825396825397,0.8571428571428571,0.3109437694622605,0.04004471759751522,-0.08322014931913922,True
3491,0.5555555555555556,0.8571428571428571,0.31084713348356485,0.03206640234279688,-0.08387958949940082,True
3492,0.5714285714285714,0.8571428571428571,0.3097514900306395,0.024286925727361054,-0.08407072642475964,True
3493,0.5873015873015872,0.8571428571428571,0.307674573678967,0.01668234807619023,-0.08380035207502225,True
3494,0.6031746031746031,0.8571428571428571,0.3046528581058902,0.00926893327677517,-0.08305776401526262,True
3495,0.6190476190476191,0.8571428571428571,0.3006565514588578,0.001955282123647277,-0.08184477554529941,True
3496,0.6349206349206349,0.8571428571428571,0.2957601099835428,-0.005240701966854752,-0.080181316252033,True
3497,0.6507936507936507,0.8571428571428571,0.2899399280296637,-0.012398002960407368,-0.07806908344661151,True
3498,0.6666666666666666,0.8571428571428571,0.28322540000762686,-0.019602888029866067,-0.07550606220789587,True
3499,0.6825396825396826,0.8571428571428571,0.275658075477218,-0.026896752246640492,-0.07250962661260207,True
3500,0.6984126984126984,0.8571428571428571,0.26725280435460896,-0.034429566775228265,-0.06907843385918568,True
3501,0.7142857142857142,0.8571428571428571,0.2579297711549229,-0.042395978474206,-0.065231076312402,True
3502,0.7301587301587301,0.8571428571428571,0.24780674601606273,-0.05094709126262846,-0.060947459817683854,True
3503,0.746031746031746,0.8571428571428571,0.23680146457709197,-0.06040486704952203,-0.05623040182689077,True
3504,0.7619047619047619,0.8571428571428571,0.22490079606109034,-0.07112894528761793,-0.05106148311121484,True
3505,0.7777777777777777,0.8571428571428571,0.21202308546389917,-0.08355594088531183,-0.04541222785198825,True
3506,0.7936507936507936,0.8571428571428571,0.1980913235730141,-0.09830895138361326,-0.03923502958668953,True
3507,0.8095238095238095,0.8571428571428571,0.1829080546818556,-0.1161874049218229,-0.03249928138678306,True
3508,0.8253968253968254,0.8571428571428571,0.1662866251366387,-0.13820989477489037,-0.025131185848188492,True
3509,0.8412698412698412,0.8571428571428571,0.1478760618039633,-0.16555659902247513,-0.017047349461155926,True
3510,0.8571428571428571,0.8571428571428571,0.12729065909046322,-0.19992751699238628,-0.008240329222155816,True
3511,0.873015873015873,0.8571428571428571,0.10400204494595991,-0.24335110375515367,0.001360130131391558,True
3512,0.8888888888888888,0.8571428571428571,0.07738459642761765,-0.2984742073603962,0.011664070528608014,True
3513,0.9047619047619047,0.8571428571428571,0.04699711964290108,-0.3689363589749012,0.022453426668554825,True
3514,0.9206349206349206,0.8571428571428571,0.013243293983533412,-0.4578644827694234,0.033386317962254164,True
3515,0.9365079365079365,0.8571428571428571,-0.019559063278486607,-0.560242213659108,0.043650916660398956,True
3516,0.9523809523809523,0.8571428571428571,-0.04086336528845105,-0.6416145674560806,0.05211833301042029,True
3517,0.9682539682539681,0.8571428571428571,-0.038346471226898694,-0.6208365659237691,0.057448372129958986,True
3518,0.9841269841269841,0.8571428571428571,-0.015530776293601042,-0.410625763989489,0.058521243588996144,True
3519,1.0,0.8571428571428571,5.03878377988732e-06,-2.219684441452097e-05,0.05550568412941466,True
3520,0.0,0.873015873015873,9.367479313835144e-08,-1.9370046852103668e-06,-0.03648383973074591,True
3521,0.015873015873015872,0.873015873015873,-0.0032914950228590924,0.044785051679219624,-0.03721549609896717,True
3522,0.031746031746031744,0.873015873015873,-0.010481795570315448,0.08222383561250886,-0.037469885556365747,True
3523,0.047619047619047616,0.873015873015873,-0.017810973651667616,0.11144854452756067,-0.03700266585866849,True
3524,0.06349206349206349,0.873015873015873,-0.022654647952658993,0.13366214202400276,-0.03576637809712118,True
3525,0.07936507936507936,0.873015873015873,-0.023726509548729197,0.1504199943447618,-0.03384188741454929,True
3526,0.09523809523809523,0.873015873015873,-0.02069965254642811,0.16296935260549775,-0.031411923982737844,True
3527,0.1111111111111111,0.873015873015873,-0.013812137140953692,0.17221378847468083,-0.028719573571539793,True
3528,0.12698412698412698,0.873015873015873,-0.0035693013251408626,0.1787320967442197,-0.026014525921768422,True
3529,0.14285714285714285,0.873015873015873,0.009427084393346594,0.18298655006892148,-0.02353064921805655,True
3530,0.15873015873015872,0.873015873015873,0.024553846629864005,0.18533784254305852,-0.021464248488382145,True
3531,0.1746031746031746,0.873015873015873,0.041270319040313086,0.18602464997906926,-0.019955140691207227,True
3532,0.19047619047619047,0.873015873015873,0.05910316727892693,0.1852860076901441,-0.019087976814714466,True
3533,0.20634920634920634,0.873015873015873,0.07762715184053838,0.18331740804609198,-0.01891649612503189,True
3534,0.2222222222222222,0.873015873015873,0.09651416970503686,0.18030805248039175,-0.019442747073975836,True
3535,0.23809523809523808,0.873015873015873,0.11549865275259269,0.17638277442427916,-0.020650920140991607,True
3536,0.25396825396825395,0.873015873015873,0.13431446135916922,0.17166147135177043,-0.02250848311715703,True
3537,0.2698412698412698,0.873015873015873,0.15278661553503506,0.16628269150124714,-0.02493771892250499,True
3538,0.2857142857142857,0.873015873015873,0.17076942837958745,0.16032452734588337,-0.027881210503201446,True
3539,0.30158730158730157,0.873015873015873,0.18806235034103314,0.15384295463792633,-0.031257589905311634,True
3540,0.31746031746031744,0.873015873015873,0.20461957228141767,0.14695525287004754,-0.03497399519137567,True
3541,0.3333333333333333,0.873015873015873,0.22032386948975044,0.1397183993636161,-0.03894711506620202,True
3542,0.3492063492063492,0.873015873015873,0.23511303118943386,0.1322105385428048,-0.04309507197895051,True
3543,0.36507936507936506,0.873015873015873,0.2488591519891075,0.12444513093002402,-0.047327383312639554,True
3544,0.38095238095238093,0.873015873015873,0.26162822575096,0.11657868766192347,-0.051567943930935646,True
3545,0.3968253968253968,0.873015873015873,0.2732784238150213,0.10857066457274436,-0.05573528471879873,True
3546,0.4126984126984127,0.873015873015873,0.2838740840283612,0.10055777253115036,-0.059768699450184044,True
3547,0.42857142857142855,0.873015873015873,0.2932596962858388,0.0924698048468293,-0.06358791302311043,True
3548,0.4444444444444444,0.873015873015873,0.30164723428105683,0.08452706768945784,-0.06716079619293656,True
3549,0.4603174603174603,0.873015873015873,0.3088536490105326,0.07659465641270145,-0.07042250736772009,True
3550,0.47619047619047616,0.873015873015873,0.31499750638738194,0.06883055865647643,-0.07333476421079399,True
3551,0.49206349206349204,0.873015873015873,0.32000714358709426,0.06115140721596326,-0.07586362545984693,True
3552,0.5079365079365079,0.873015873015873,0.3239701220227529,0.053669126022063536,-0.07797816713310135,True
3553,0.5238095238095237,0.873015873015873,0.32684483624576005,0.046328368165676696,-0.07964974683572767,True
3554,0.5396825396825397,0.873015873015873,0.3287476064693185,0.03921598727790421,-0.08087650303220197,True
3555,0.5555555555555556,0.873015873015873,0.3295415911844418,0.03219640561212799,-0.08162941274276764,True
3556,0.5714285714285714,0.873015873015873,0.32946698840405736,0.025455605483057978,-0.08191706645672203,True
3557,0.5873015873015872,0.873015873015873,0.3282869394310818,0.018749332088844956,-0.08170787099181107,True
3558,0.6031746031746031,0.873015873015873,0.32629503848459807,0.012309705791018512,-0.08104070039271108,True
3559,0.6190476190476191,0.873015873015873,0.32329340280946145,0.005910591748934668,-0.07988274830493888,True
3560,0.6349206349206349,0.873015873015873,0.31945343698520395,-0.00037775957045274784,-0.07824278436960806,True
3561,0.6507936507936507,0.873015873015873,0.3146553780161215,-0.006682464732943663,-0.07613491157478142,True
3562,0.6666666666666666,0.873015873015873,0.30907646252899834,-0.01297203439120643,-0.0735540889408741,True
3563,0.6825396825396826,0.873015873015873,0.3025812768177874,-0.01941977349344855,-0.07050720603828196,True
3564,0.6984126984126984,0.873015873015873,0.29524597992562035,-0.02611028955166979,-0.06698812761434007,True
3565,0.7142857142857142,0.873015873015873,0.28703764491162803,-0.033189587204205846,-0.06299639569335777,True
3566,0.7301587301587301,0.873015873015873,0.27798779869084345,-0.040892968680343734,-0.05850843558883977,True
3567,0.746031746031746,0.873015873015873,0.2679755339079407,-0.04942777497349672,-0.05351947383324385,True
3568,0.7619047619047619,0.873015873015873,0.2569909428319112,-0.05915999998659602,-0.047986124297242166,True
3569,0.7777777777777777,0.873015873015873,0.24491942093107552,-0.07051400497159048,-0.04186629296181208,True
3570,0.7936507936507936,0.873015873015873,0.23161112537036313,-0.08404821592726747,-0.03509529802983073,True
3571,0.8095238095238095,0.873015873015873,0.21688477113333765,-0.100485802757743,-0.02757928315481765,True
3572,0.8253968253968254,0.873015873015873,0.20037366824862266,-0.12072083251801961,-0.019269112725351183,True
3573,0.8412698412698412,0.873015873015873,0.18177248270690927,-0.1459699784744519,-0.010037260040115303,True
3574,0.8571428571428571,0.873015873015873,0.16056719006020262,-0.1776785109836276,0.00022172649073160493,True
3575,0.873015873015873,0.873015873015873,0.13613355077044306,-0.21778108754320508,0.011527169765036436,True
3576,0.8888888888888888,0.873015873015873,0.10777300399975484,-0.2689712232067963,0.023823667063392662,True
3577,0.9047619047619047,0.873015873015873,0.07476169927293103,-0.33502918698126416,0.03689017969366105,True
3578,0.9206349206349206,0.873015873015873,0.036980568437248756,-0.4207181348728576,0.050224273685299435,True
3579,0.9365079365079365,0.873015873015873,-0.002630242002727489,-0.5264632689741342,0.0629914159837353,True
3580,0.9523809523809523,0.873015873015873,-0.033424044334453513,-0.6260579857578576,0.07379163309447806,True
3581,0.9682539682539681,0.873015873015873,-0.03865491818953933,-0.6343785550321297,0.08083070635699595,True
3582,0.9841269841269841,0.873015873015873,-0.017118700068179594,-0.43659900999200846,0.08272738706624085,True
3583,1.0,0.873015873015873,4.6074100512993254e-08,-1.1869924494662854e-05,0.07953720601537106,True
3584,0.0,0.8888888888888888,-5.493288740258196e-07,-1.6941791353898764e-05,-0.037092608532084806,True
3585,0.015873015873015872,0.8888888888888888,-0.005419030486118006,0.052461188001731274,-0.03828455166711702,True
3586,0.031746031746031744,0.8888888888888888,-0.016966322446547603,0.09226856415147842,-0.03866648861273591,True
3587,0.047619047619047616,0.8888888888888888,-0.02851629636590901,0.119691583785882,-0.03798952961614397,True
3588,0.06349206349206349,0.8888888888888888,-0.03636365558291907,0.13794872350718115,-0.036310397026884274,True
3589,0.07936507936507936,0.8888888888888888,-0.03910171231309134,0.14999170605106846,-0.03380911047236342,True
3590,0.09523809523809523,0.8888888888888888,-0.03660954710106587,0.1579766375021708,-0.03076403156598708,True
3591,0.1111111111111111,0.8888888888888888,-0.029434032023465742,0.16325958323477632,-0.027488776484637135,True
3592,0.12698412698412698,0.8888888888888888,-0.018370533636427152,0.16653920427277127,-0.024265702578415232,True
3593,0.14285714285714285,0.8888888888888888,-0.0041814071793877675,0.16819913608145146,-0.021335645524844554,True
3594,0.15873015873015872,0.8888888888888888,0.01235148866092689,0.16859711363586313,-0.018899896459135253,True
3595,0.1746031746031746,0.8888888888888888,0.030601857065219888,0.167898223493294,-0.01709139383449563,True
3596,0.19047619047619047,0.8888888888888888,0.05000894806915476,0.1662434296437907,-0.016001450364695,True
3597,0.20634920634920634,0.8888888888888888,0.07015025221044151,0.16375952299416202,-0.015653428955466318,True
3598,0.2222222222222222,0.8888888888888888,0.09064976385284428,0.1605364381331431,-0.01605988164550001,True
3599,0.23809523809523808,0.8888888888888888,0.11115194385660204,0.15666952207899543,-0.01718989568426265,True
3600,0.25396825396825395,0.8888888888888888,0.13151092045815463,0.15224254717371602,-0.01899108360174433,True
3601,0.2698412698412698,0.8888888888888888,0.15146415149456247,0.14731072413041355,-0.021404343408409573,True
3602,0.2857142857142857,0.8888888888888888,0.17086699354462745,0.14195572614125868,-0.024346576001178927,True
3603,0.30158730158730157,0.8888888888888888,0.18956189888569355,0.13619977279031462,-0.027744523359488293,True
3604,0.31746031746031744,0.8888888888888888,0.20749451919361142,0.13015617023191425,-0.031497988260694304,True
3605,0.3333333333333333,0.8888888888888888,0.22451116529682558,0.12382557923883267,-0.035523782617946476,True
3606,0.3492063492063492,0.8888888888888888,0.2405742394048457,0.11727255046037947,-0.039736470988733064,True
3607,0.36507936507936506,0.8888888888888888,0.2556570755234381,0.11059590293755522,-0.04404392611685577,True
3608,0.38095238095238093,0.8888888888888888,0.2695986147621478,0.10373255857867603,-0.04836427586608723,True
3609,0.3968253968253968,0.8888888888888888,0.2825596578622931,0.09687546331540131,-0.052628865890283025,True
3610,0.4126984126984127,0.8888888888888888,0.2943108815400128,0.08992603135287389,-0.056755771981673885,True
3611,0.42857142857142855,0.8888888888888888,0.30500016977538585,0.0830256754788683,-0.060691311005947816,True
3612,0.4444444444444444,0.8888888888888888,0.3145258751602575,0.07612571593080565,-0.06436327641690237,True
3613,0.4603174603174603,0.8888888888888888,0.3230291372335895,0.06938512888303736,-0.06774028296636252,True
3614,0.47619047619047616,0.8888888888888888,0.3302803682356125,0.06262148694479036,-0.07075565702309958,True
3615,0.49206349206349204,0.8888888888888888,0.33658938348474504,0.056099228960436884,-0.07340406023948076,True
3616,0.5079365079365079,0.8888888888888888,0.3417283358119193,0.04963840551107299,-0.0756278161912631,True
3617,0.5238095238095237,0.8888888888888888,0.34592747783551725,0.04337897920879514,-0.07740139522383764,True
3618,0.5396825396825397,0.8888888888888888,0.3489901706514324,0.037226031747778686,-0.07873186251036639,True
3619,0.5555555555555556,0.8888888888888888,0.35112997125087,0.03124531002843888,-0.0795785672793421,True
3620,0.5714285714285714,0.8888888888888888,0.35229895566000896,0.025418458076225545,-0.0799456007890739,True
3621,0.5873015873015872,0.8888888888888888,0.35251290054783396,0.019717717502546882,-0.07982398011023491,True
3622,0.6031746031746031,0.8888888888888888,0.35181626813147715,0.014144754633898506,-0.07920751655020675,True
3623,0.6190476190476191,0.8888888888888888,0.35021326960540206,0.008672447151761914,-0.07810098356522764,True
3624,0.6349206349206349,0.8888888888888888,0.34773304004195466,0.003228848478368783,-0.07648680763855582,True
3625,0.6507936507936507,0.8888888888888888,0.3443799630065933,-0.0021667053416294002,-0.0743892753290486,True
3626,0.6666666666666666,0.8888888888888888,0.3402044510955907,-0.00760953005725472,-0.0717862535006074,True
3627,0.6825396825396826,0.8888888888888888,0.3351155082265286,-0.013198062189973879,-0.06868533481857211,True
3628,0.6984126984126984,0.8888888888888888,0.32915687427034157,-0.019032347680794606,-0.06507206873572657,True
3629,0.7142857142857142,0.8888888888888888,0.3223644190667241,-0.025227619735219874,-0.060926092037368054,True
3630,0.7301587301587301,0.8888888888888888,0.3146195710929189,-0.03201319244374846,-0.05622994712995196,True
3631,0.746031746031746,0.8888888888888888,0.30588323432881437,-0.039541675682539586,-0.050945706786142846,True
3632,0.7619047619047619,0.8888888888888888,0.29602003599404575,-0.04817128303029011,-0.0450307150559928,True
3633,0.7777777777777777,0.8888888888888888,0.28495958647260583,-0.058314278878929614,-0.03840611570726352,True
3634,0.7936507936507936,0.8888888888888888,0.27249843319908185,-0.07043218285487984,-0.03097371844696213,True
3635,0.8095238095238095,0.8888888888888888,0.25833415936905985,-0.08514181710629384,-0.022625939834847158,True
3636,0.8253968253968254,0.8888888888888888,0.24208832088061102,-0.10327892270983231,-0.013247917768507388,True
3637,0.8412698412698412,0.8888888888888888,0.22335225854726318,-0.12595390797683606,-0.002683652287653475,True
3638,0.8571428571428571,0.8888888888888888,0.20150766615681628,-0.1544500834248464,0.009229859265449007,True
3639,0.873015873015873,0.8888888888888888,0.17586404811497544,-0.1907290386704037,0.02251381822980634,True
3640,0.8888888888888888,0.8888888888888888,0.14554495318263555,-0.23722261027377675,0.03724370251628327,True
3641,0.9047619047619047,0.8888888888888888,0.10960641572492724,-0.29776278268582085,0.05307863645060871,True
3642,0.9206349206349206,0.8888888888888888,0.06731267265435782,-0.37815583845258394,0.06960024131664393,True
3643,0.9365079365079365,0.8888888888888888,0.020192557802837352,-0.48377611643587776,0.0857433762480807,True
3644,0.9523809523809523,0.8888888888888888,-0.021940349174679935,-0.5994007810650502,0.09976913644625042,True
3645,0.9682539682539681,0.8888888888888888,-0.03793684615574313,-0.641480122287554,0.10926277436736788,True
3646,0.9841269841269841,0.8888888888888888,-0.019100881155898607,-0.46431693369149746,0.11238669967091093,True
3647,1.0,0.8888888888888888,5.316526556671595e-07,7.47917221085916e-05,0.10899963291265138,True
3648,0.0,0.9047619047619047,1.0321380714688679e-06,-8.393923867821034e-05,-0.038419199978443196,True
3649,0.015873015873015872,0.9047619047619047,-0.008734743186054352,0.06476653478485843,-0.04029888075546374,True
3650,0.031746031746031744,0.9047619047619047,-0.02639829805459839,0.10761432029658383,-0.04075919049636655,True
3651,0.047619047619047616,0.9047619047619047,-0.04311883691923906,0.1318150143972833,-0.03964869066732887,True
3652,0.06349206349206349,0.9047619047619047,-0.05390699626103246,0.1442783316853529,-0.03726755182841647,True
3653,0.07936507936507936,0.9047619047619047,-0.05763299378237126,0.1502454634855727,-0.03398593715533465,True
3654,0.09523809523809523,0.9047619047619047,-0.05479064280431098,0.1526910873259427,-0.030182596468993333,True
3655,0.1111111111111111,0.9047619047619047,-0.04647172136207025,0.15332693360285235,-0.026232976996726904,True
3656,0.12698412698412698,0.9047619047619047,-0.033804720756687466,0.15294724454130293,-0.02245902735192777,True
3657,0.14285714285714285,0.9047619047619047,-0.017836131322159835,0.15183693103236037,-0.019087679095787895,True
3658,0.15873015873015872,0.9047619047619047,0.0006035348149689004,0.1501917883236635,-0.016319803660722956,True
3659,0.1746031746031746,0.9047619047619047,0.020774233690394075,0.14805260610733673,-0.01425662986241124,True
3660,0.19047619047619047,0.9047619047619047,0.042069036791732274,0.14548886499819533,-0.012985124343124908,True
3661,0.20634920634920634,0.9047619047619047,0.06403256494601392,0.14250761737915923,-0.012512410894484592,True
3662,0.2222222222222222,0.9047619047619047,0.0863230589967154,0.1391220939906555,-0.01283708271677608,True
3663,0.23809523809523808,0.9047619047619047,0.10856571943314137,0.13536346530817892,-0.013921102593419946,True
3664,0.25396825396825395,0.9047619047619047,0.1305676173800195,0.13125472024027462,-0.01570627685508567,True
3665,0.2698412698412698,0.9047619047619047,0.1521073130043385,0.126810986932689,-0.018122886964592036,True
3666,0.2857142857142857,0.9047619047619047,0.1731207781718979,0.12210766224568503,-0.021087953355741054,True
3667,0.30158730158730157,0.9047619047619047,0.19340644157588754,0.11713526287258973,-0.024522120571436587,True
3668,0.31746031746031744,0.9047619047619047,0.21282105542673188,0.11193691819809207,-0.028322645473501017,True
3669,0.3333333333333333,0.9047619047619047,0.23132611966591374,0.1065413612033725,-0.03240655052808899,True
3670,0.3492063492063492,0.9047619047619047,0.24889144107560626,0.10099600924421405,-0.03668458714362887,True
3671,0.36507936507936506,0.9047619047619047,0.26539308341979445,0.09534728303229353,-0.04106463076184357,True
3672,0.38095238095238093,0.9047619047619047,0.28085810985713955,0.08958362817637333,-0.0454695078548657,True
3673,0.3968253968253968,0.9047619047619047,0.2952421934857569,0.0838036069727459,-0.04981904956285152,True
3674,0.4126984126984127,0.9047619047619047,0.3084659007505967,0.0779683719894514,-0.05403794643989605,True
3675,0.42857142857142855,0.9047619047619047,0.3207227842131489,0.07221897120629085,-0.058068449877221304,True
3676,0.4444444444444444,0.9047619047619047,0.33167097066941864,0.06640234127485937,-0.06183822581973476,True
3677,0.4603174603174603,0.9047619047619047,0.3416608634633715,0.06073149430724336,-0.06531221781176166,True
3678,0.47619047619047616,0.9047619047619047,0.350550230228445,0.05513106568342686,-0.06843439970166787,True
3679,0.49206349206349204,0.9047619047619047,0.3582992687950631,0.04962500985090367,-0.0711808972920497,True
3680,0.5079365079365079,0.9047619047619047,0.3650407555261352,0.04422864510063043,-0.073502369367211,True
3681,0.5238095238095237,0.9047619047619047,0.37080027806244026,0.03896565259520661,-0.07537418222407702,True
3682,0.5396825396825397,0.9047619047619047,0.3754594881165952,0.033829678276664034,-0.07679853195826941,True
3683,0.5555555555555556,0.9047619047619047,0.37922088065266746,0.028818335711799467,-0.07773075129355098,True
3684,0.5714285714285714,0.9047619047619047,0.38204937613796724,0.023923217381355718,-0.0781670661973765,True
3685,0.5873015873015872,0.9047619047619047,0.38385597905382934,0.019162639967675688,-0.07812455503179873,True
3686,0.6031746031746031,0.9047619047619047,0.3848189024015609,0.014489858496854838,-0.07756293885702721,True
3687,0.6190476190476191,0.9047619047619047,0.38488972814310674,0.00986912643376817,-0.07648533815335729,True
3688,0.6349206349206349,0.9047619047619047,0.38405408699419186,0.005352107745550633,-0.0749135344148145,True
3689,0.6507936507936507,0.9047619047619047,0.38232743190016,0.0008016892114287293,-0.07281485299623983,True
3690,0.6666666666666666,0.9047619047619047,0.3798071496353237,-0.003791166979805719,-0.07018349020661066,True
3691,0.6825396825396826,0.9047619047619047,0.37635647944647815,-0.008505297539318274,-0.0670217531312275,True
3692,0.6984126984126984,0.9047619047619047,0.3720149549523203,-0.013437537786136254,-0.0633041105462663,True
3693,0.7142857142857142,0.9047619047619047,0.3667088658490934,-0.018713993590175566,-0.059011415003764535,True
3694,0.7301587301587301,0.9047619047619047,0.360498003423897,-0.024471923750728573,-0.054086360495789555,True
3695,0.746031746031746,0.9047619047619047,0.3531051037227109,-0.030936552242916235,-0.04850684635868228,True
3696,0.7619047619047619,0.9047619047619047,0.3445089625444318,-0.038355661766200366,-0.04218800169186813,True
3697,0.7777777777777777,0.9047619047619047,0.33454676950636575,-0.04708079620033954,-0.03503122469735206,True
3698,0.7936507936507936,0.9047619047619047,0.3229895345654492,-0.057536150952189516,-0.026908606718993363,True
3699,0.8095238095238095,0.9047619047619047,0.3094534141530724,-0.07026348181465321,-0.0176903993022512,True
3700,0.8253968253968254,0.9047619047619047,0.29357675642932557,-0.0859824524337307,-0.007164569399050821,True
3701,0.8412698412698412,0.9047619047619047,0.2747694068250546,-0.10564860702577121,0.004837274525195588,True
3702,0.8571428571428571,0.9047619047619047,0.2523513560415089,-0.13047292956611836,0.018547778002265848,True
3703,0.873015873015873,0.9047619047619047,0.22545686283742553,-0.1621185275351165,0.03414039567164495,True
3704,0.8888888888888888,0.9047619047619047,0.19302825422731132,-0.20295739729496592,0.0516947350447614,True
3705,0.9047619047619047,0.9047619047619047,0.1538858260857685,-0.25677126234196,0.07095671776734071,True
3706,0.9206349206349206,0.9047619047619047,0.10663745844732975,-0.329674997351398,0.09158426928506927,True
3707,0.9365079365079365,0.9047619047619047,0.051491172760098285,-0.43102368583098316,0.11220485745329424,True
3708,0.9523809523809523,0.9047619047619047,-0.004065334148440679,-0.5582133564930152,0.13081249778263457,True
3709,0.9682539682539681,0.9047619047619047,-0.035499141641653874,-0.6396065177003025,0.14414364841999122,True
3710,0.9841269841269841,0.9047619047619047,-0.021704404791477287,-0.493326354616166,0.14926737428199566,True
3711,1.0,0.9047619047619047,-9.682076388467005e-08,6.683517075702772e-05,0.14559252214705404,True
3712,0.0,0.9206349206349206,1.6656344574075318e-06,-8.206467901635689e-05,-0.0411779723379641,True
3713,0.015873015873015872,0.9206349206349206,-0.01396382066814141,0.08399973817834964,-0.04409122175654852,True
3714,0.031746031746031744,0.9206349206349206,-0.04003232132837615,0.12976385771958868,-0.04443289219708429,True
3715,0.047619047619047616,0.9206349206349206,-0.062210804706322814,0.14794519329822708,-0.04244769502596753,True
3716,0.06349206349206349,0.9206349206349206,-0.07471647299873582,0.15187612999109346,-0.038914982630044635,True
3717,0.07936507936507936,0.9206349206349206,-0.07752927718940174,0.14982671530812322,-0.034510825361925235,True
3718,0.09523809523809523,0.9206349206349206,-0.07237648251723015,0.14575617268080607,-0.0297543187495462,True
3719,0.1111111111111111,0.9206349206349206,-0.06122700413999161,0.14128465697440126,-0.025033530272436565,True
3720,0.12698412698412698,0.9206349206349206,-0.04554380440717619,0.13705110320350733,-0.020674086838257024,True
3721,0.14285714285714285,0.9206349206349206,-0.026640532403144936,0.133132752802782,-0.016878729273445386,True
3722,0.15873015873015872,0.9206349206349206,-0.005416131721230926,0.1294918142336686,-0.013805519567466864,True
3723,0.1746031746031746,0.9206349206349206,0.01726622951629456,0.12604757867611563,-0.01154120160917005,True
3724,0.19047619047619047,0.9206349206349206,0.04089574969092554,0.12267659970963432,-0.010127189701054215,True
3725,0.20634920634920634,0.9206349206349206,0.06512494916630801,0.11928477114124313,-0.009578305847646388,True
3726,0.2222222222222222,0.9206349206349206,0.0895581047348585,0.11581522446570255,-0.009867459974643906,True
3727,0.23809523809523808,0.9206349206349206,0.1138367346233438,0.11223260733904426,-0.010940050123243611,True
3728,0.25396825396825395,0.9206349206349206,0.13770101405353619,0.1085150410006758,-0.012727191893169815,True
3729,0.2698412698412698,0.9206349206349206,0.16120430274633307,0.10463672192090928,-0.015173409762743027,True
3730,0.2857142857142857,0.9206349206349206,0.18385947152248427,0.10060475863585808,-0.018165012024899587,True
3731,0.30158730158730157,0.9206349206349206,0.205854096418777,0.09641963051708156,-0.02163735136372919,True
3732,0.31746031746031744,0.9206349206349206,0.22708554248038043,0.09210518376725878,-0.025495801340567482,True
3733,0.3333333333333333,0.9206349206349206,0.2473075732937905,0.08766638527240676,-0.02963676169184004,True
3734,0.3492063492063492,0.9206349206349206,0.2665849947308388,0.08310517193134226,-0.03397720620136242,True
3735,0.36507936507936506,0.9206349206349206,0.2847976609394713,0.07853008599886209,-0.03842557601987209,True
3736,0.38095238095238093,0.9206349206349206,0.30191593381845233,0.073822561094613,-0.04289915097547072,True
3737,0.3968253968253968,0.9206349206349206,0.3180247921829197,0.06914743933610393,-0.04732561529816334,True
3738,0.4126984126984127,0.9206349206349206,0.3329840909530485,0.06442977183410925,-0.051626209867335376,True
3739,0.42857142857142855,0.9206349206349206,0.3469241660957251,0.0597162802351162,-0.0557328755203171,True
3740,0.4444444444444444,0.9206349206349206,0.35980422622893216,0.05508742965579745,-0.059592394578378054,True
3741,0.4603174603174603,0.9206349206349206,0.3714646607543902,0.05045660076131545,-0.06314758831694067,True
3742,0.47619047619047616,0.9206349206349206,0.38203729212143156,0.045939074755448624,-0.06636783241376229,True
3743,0.49206349206349204,0.9206349206349206,0.3915818957666691,0.04148053569166926,-0.06919589207951252,True
3744,0.5079365079365079,0.9206349206349206,0.4002023045881468,0.037118997104713,-0.0715937309447924,True
3745,0.5238095238095237,0.9206349206349206,0.40768164233259063,0.03286538327679143,-0.07355628283929139,True
3746,0.5396825396825397,0.9206349206349206,0.4141470103139589,0.028717990857580554,-0.07505351992112301,True
3747,0.5555555555555556,0.9206349206349206,0.41965156318679264,0.02467152675625956,-0.07606369259537785,True
3748,0.5714285714285714,0.9206349206349206,0.4241596517225592,0.020733340217134508,-0.07658116279373907,True
3749,0.5873015873015872,0.9206349206349206,0.42781264706229677,0.016876460849346204,-0.07657835455997056,True
3750,0.6031746031746031,0.9206349206349206,0.4304971323316837,0.013118573196545944,-0.07606887740187417,True
3751,0.6190476190476191,0.9206349206349206,0.4322600986085708,0.009416175207030914,-0.07503637293146179,True
3752,0.6349206349206349,0.9206349206349206,0.4331381031985574,0.005753708096592791,-0.07347208131553229,True
3753,0.6507936507936507,0.9206349206349206,0.4330840200006831,0.002105436000408472,-0.07137415893496692,True
3754,0.6666666666666666,0.9206349206349206,0.43218227008332655,-0.0016153392212841472,-0.06871354924070515,True
3755,0.6825396825396826,0.9206349206349206,0.4303142529959381,-0.00541485366544722,-0.06549283627568894,True
3756,0.6984126984126984,0.9206349206349206,0.42754500837631937,-0.00939337839542947,-0.06166981408128944,True
3757,0.7142857142857142,0.9206349206349206,0.4236988892259155,-0.013707104436612381,-0.05722422515660272,True
3758,0.7301587301587301,0.9206349206349206,0.41882678326153977,-0.01836156213173024,-0.05209205901552043,True
3759,0.746031746031746,0.9206349206349206,0.41276311841373314,-0.023644021790820195,-0.04621043742142578,True
3760,0.7619047619047619,0.9206349206349206,0.4054215294614527,-0.029734343100346342,-0.0394771186963557,True
3761,0.7777777777777777,0.9206349206349206,0.3964738414559642,-0.03685434012617851,-0.03178949634485749,True
3762,0.7936507936507936,0.9206349206349206,0.3857610018812424,-0.045433127035834034,-0.0229766978376407,True
3763,0.8095238095238095,0.9206349206349206,0.37287398183868087,-0.055953751272195776,-0.012865996320127398,True
3764,0.8253968253968254,0.9206349206349206,0.3573317008685892,-0.06883634752402024,-0.0011743663656591245,True
3765,0.8412698412698412,0.9206349206349206,0.33852619738951345,-0.08508677250733336,0.012320463712133627,True
3766,0.8571428571428571,0.9206349206349206,0.3156089858154765,-0.10556173447077981,0.027956990034345923,True
3767,0.873015873015873,0.9206349206349206,0.2876188308297285,-0.13190965599476656,0.0460120877592225,True
3768,0.8888888888888888,0.9206349206349206,0.2532175271713768,-0.1661378989792148,0.06669910706853692,True
3769,0.9047619047619047,0.9206349206349206,0.21085381588009727,-0.21175506356660873,0.09004517920081072,True
3770,0.9206349206349206,0.9206349206349206,0.15863626728502497,-0.2750356967925102,0.11566828287103006,True
3771,0.9365079365079365,0.9206349206349206,0.09497553622768692,-0.36733315484714013,0.14239371447916313,True
3772,0.9523809523809523,0.9206349206349206,0.023806315948822675,-0.49919445606796725,0.16781790751493209,True
3773,0.9682539682539681,0.9206349206349206,-0.029039756332243937,-0.6213433432304509,0.18738816985489312,True
3774,0.9841269841269841,0.9206349206349206,-0.025250341718425027,-0.5240686408346599,0.1960295222125881,True
3775,1.0,0.9206349206349206,1.227203911229626e-06,5.7450101692049855e-05,0.19220632229850987,True
3776,0.0,0.9365079365079365,-9.327620066428906e-06,0.00011103792143686563,-0.04688908759217212,True
3777,0.015873015873015872,0.9365079365079365,-0.022633072771506835,0.11379345186920065,-0.05136278614377544,True
3778,0.031746031746031744,0.9365079365079365,-0.059461264460941,0.15949690186424267,-0.050881278308692525,True
3779,0.047619047619047616,0.9365079365079365,-0.08479837989114583,0.16582068535063013,-0.046969884911658495,True
3780,0.06349206349206349,0.9365079365079365,-0.09438243027497789,0.15744831230183068,-0.041501238083679434,True
3781,0.07936507936507936,0.9365079365079365,-0.09146022642410667,0.14560856954861637,-0.03548362618166557,True
3782,0.09523809523809523,0.9365079365079365,-0.07989334766064109,0.13442880566256554,-0.02951439801746155,True
3783,0.1111111111111111,0.9365079365079365,-0.06260600033671672,0.12495196248695824,-0.023934002209409385,True
3784,0.12698412698412698,0.9365079365079365,-0.041405278280924704,0.11719335760400808,-0.01897472115123112,True
3785,0.14285714285714285,0.9365079365079365,-0.017835698648575867,0.11087294991974211,-0.014777006400618431,True
3786,0.15873015873015872,0.9365079365079365,0.007522933335797877,0.10562763850360207,-0.011445018792027065,True
3787,0.1746031746031746,0.9365079365079365,0.03384903024374225,0.1011714339236642,-0.009025717732143534,True
3788,0.19047619047619047,0.9365079365079365,0.06050136824629653,0.09726192815754321,-0.007521792263735914,True
3789,0.20634920634920634,0.9365079365079365,0.08752599845479139,0.09368287517498783,-0.006930064454341985,True
3790,0.2222222222222222,0.9365079365079365,0.11446530690727277,0.09031189400210243,-0.0072089125136440245,True
3791,0.23809523809523808,0.9365079365079365,0.14081938663785795,0.08704892433255676,-0.008280897873092507,True
3792,0.25396825396825395,0.9365079365079365,0.1668605546545582,0.08381793153912495,-0.01009896870250232,True
3793,0.2698412698412698,0.9365079365079365,0.1922793943427641,0.08055799449691776,-0.012574689391107332,True
3794,0.2857142857142857,0.9365079365079365,0.21681729794995014,0.07728326930059295,-0.015608580928106922,True
3795,0.30158730158730157,0.9365079365079365,0.24056234802171292,0.07393742532733415,-0.01912360801200999,True
3796,0.31746031746031744,0.9365079365079365,0.2635487344117853,0.07052039411487196,-0.023028424679887874,True
3797,0.3333333333333333,0.9365079365079365,0.28548504473313135,0.0670488748315905,-0.027220349101591546,True
3798,0.3492063492063492,0.9365079365079365,0.3064758895423212,0.063521269177074,-0.0316139428058163,True
3799,0.36507936507936506,0.9365079365079365,0.3263170918711837,0.05995317268799947,-0.03611761048884599,True
3800,0.38095238095238093,0.9365079365079365,0.3450794908690814,0.05636060106735326,-0.040652468947746934,True
3801,0.3968253968253968,0.9365079365079365,0.36283148614421534,0.05275309831747717,-0.045139246135399075,True
3802,0.4126984126984127,0.9365079365079365,0.37957441045562207,0.04914974425686781,-0.04950269175170212,True
3803,0.42857142857142855,0.9365079365079365,0.39500980477487674,0.04553436083707299,-0.05367831605060496,True
3804,0.4444444444444444,0.9365079365079365,0.4095020443081045,0.04199959050441572,-0.057606570427442993,True
3805,0.4603174603174603,0.9365079365079365,0.42286491083318806,0.03845972063617681,-0.061227708367350954,True
3806,0.47619047619047616,0.9365079365079365,0.4349623151545764,0.035019401936531636,-0.0645202643643084,True
3807,0.49206349206349204,0.9365079365079365,0.44610529771745844,0.031625382570540705,-0.06741787108822697,True
3808,0.5079365079365079,0.9365079365079365,0.45630089948275004,0.028311386007493663,-0.06988606310098722,True
3809,0.5238095238095237,0.9365079365079365,0.4652411092392619,0.025068902605831885,-0.07191984048533326,True
3810,0.5396825396825397,0.9365079365079365,0.4732129951181575,0.021948343279154924,-0.07348480230801378,True
3811,0.5555555555555556,0.9365079365079365,0.48021151968630804,0.018849797780366186,-0.07454672705977801,True
3812,0.5714285714285714,0.9365079365079365,0.4861853380712891,0.015906744620959413,-0.07512417703226235,True
3813,0.5873015873015872,0.9365079365079365,0.49118363780851954,0.012993849316177765,-0.07517892867033257,True
3814,0.6031746031746031,0.9365079365079365,0.4953578332634611,0.010179617744074805,-0.07469959923144909,True
3815,0.6190476190476191,0.9365079365079365,0.49835567968497735,0.007386449508765274,-0.07370784802379236,True
3816,0.6349206349206349,0.9365079365079365,0.5005228435619621,0.00464676463927649,-0.07216359202420201,True
3817,0.6507936507936507,0.9365079365079365,0.5018159538108649,0.0018980140645905629,-0.07005228121025432,True
3818,0.6666666666666666,0.9365079365079365,0.502152282504598,-0.0008679104649916287,-0.06736904055934417,True
3819,0.6825396825396826,0.9365079365079365,0.5014759436187192,-0.003723088667769414,-0.06409198756230142,True
3820,0.6984126984126984,0.9365079365079365,0.49988044010286187,-0.006719643456181728,-0.06017222920421186,True
3821,0.7142857142857142,0.9365079365079365,0.49717456136688504,-0.009938272887868145,-0.0555805444080708,True
3822,0.7301587301587301,0.9365079365079365,0.4933136188407975,-0.013470531456576073,-0.0502521410493052,True
3823,0.746031746031746,0.9365079365079365,0.48825205858645665,-0.017452213418496225,-0.04408755416310314,True
3824,0.7619047619047619,0.9365079365079365,0.48179627486885923,-0.022083032027860276,-0.036982947966934174,True
3825,0.7777777777777777,0.9365079365079365,0.4737186602816958,-0.02751571516203064,-0.0287824024615084,True
3826,0.7936507936507936,0.9365079365079365,0.46366388905750777,-0.03404163835123159,-0.01932349146396896,True
3827,0.8095238095238095,0.9365079365079365,0.4513476249072333,-0.04201150233816074,-0.008325495696903546,True
3828,0.8253968253968254,0.9365079365079365,0.4361598955733099,-0.051935697802835364,0.0044464320263892885,True
3829,0.8412698412698412,0.9365079365079365,0.4174896844983038,-0.06437428946285081,0.019403899972731162,True
3830,0.8571428571428571,0.9365079365079365,0.3943518891551626,-0.08011471909189422,0.03689587272387823,True
3831,0.873015873015873,0.9365079365079365,0.3656858781520996,-0.10041523238394492,0.05744098189570979,True
3832,0.8888888888888888,0.9365079365079365,0.3299126637789121,-0.12709685732755188,0.08141700394989738,True
3833,0.9047619047619047,0.9365079365079365,0.2850987916063911,-0.16326933899428342,0.1091488484767201,True
3834,0.9206349206349206,0.9365079365079365,0.22854803481504624,-0.21443225669078306,0.14070980165073002,True
3835,0.9365079365079365,0.9365079365079365,0.15687256739190317,-0.29241253386673555,0.1754342343882404,True
3836,0.9523809523809523,0.9365079365079365,0.06893562494029183,-0.41803590966749676,0.2110060374579372,True
3837,0.9682539682539681,0.9365079365079365,-0.014030468867048607,-0.5782623073224141,0.24147805430995153,True
3838,0.9841269841269841,0.9365079365079365,-0.030112528005524927,-0.5541496585464529,0.25734407638289264,True
3839,1.0,0.9365079365079365,4.01884663838471e-06,0.00021619784624778084,0.25360699823427124,True
3840,0.0,0.9523809523809523,-3.2157797638693342e-06,-7.384144919641685e-05,-0.05910042078404921,True
3841,0.015873015873015872,0.9523809523809523,-0.03793098240726774,0.15949444940224677,-0.06586345148608459,True
3842,0.031746031746031744,0.9523809523809523,-0.08453785389987507,0.19378493893424467,-0.061978661295971973,True
3843,0.047619047619047616,0.9523809523809523,-0.10191136551828923,0.17782207151411253,-0.053618062133144524,True
3844,0.06349206349206349,0.9523809523809523,-0.09579281510558486,0.15291340212185955,-0.04475105861920186,True
3845,0.07936507936507936,0.9523809523809523,-0.07718151032513274,0.13105309331507217,-0.036531089455766164,True
3846,0.09523809523809523,0.9523809523809523,-0.05156655687657433,0.11378308812783332,-0.029144775686634122,True
3847,0.1111111111111111,0.9523809523809523,-0.02305204330271676,0.10071250336506654,-0.022697656222497538,True
3848,0.12698412698412698,0.9523809523809523,0.007038077478950281,0.09081219649339778,-0.017203169932332337,True
3849,0.14285714285714285,0.9523809523809523,0.03786202239057155,0.08324818839027451,-0.01269967850843732,True
3850,0.15873015873015872,0.9523809523809523,0.06871691698647389,0.07738450823261665,-0.009199332604168914,True
3851,0.1746031746031746,0.9523809523809523,0.09899508408593927,0.07269748644197398,-0.0066888148029400725,True
3852,0.19047619047619047,0.9523809523809523,0.1291804486967342,0.06883921129978632,-0.005163071133118434,True
3853,0.20634920634920634,0.9523809523809523,0.15859850809997908,0.06553567195843994,-0.004568636911288393,True
3854,0.2222222222222222,0.9523809523809523,0.18757534321908567,0.06261144726597435,-0.004864470042899318,True
3855,0.23809523809523808,0.9523809523809523,0.21571008999492094,0.05991536658849023,-0.005971718894626144,True
3856,0.25396825396825395,0.9523809523809523,0.24312551927219556,0.05736944734570789,-0.007823849575957957,True
3857,0.2698412698412698,0.9523809523809523,0.2697161856040294,0.054890040482082,-0.010333583073048599,True
3858,0.2857142857142857,0.9523809523809523,0.29539629653119615,0.05246048114497859,-0.013411217787725223,True
3859,0.30158730158730157,0.9523809523809523,0.3200409355995837,0.05002171337863296,-0.016964080270909218,True
3860,0.31746031746031744,0.9523809523809523,0.3437749463394738,0.04757334026658326,-0.02090373270242616,True
3861,0.3333333333333333,0.9523809523809523,0.3665051833217773,0.045105638627624525,-0.0251358169171569,True
3862,0.3492063492063492,0.9523809523809523,0.388083626869757,0.04264911883880798,-0.02956842002030329,True
3863,0.36507936507936506,0.9523809523809523,0.40870621046974326,0.040135889082356185,-0.03411578745114036,True
3864,0.38095238095238093,0.9523809523809523,0.4282662513844607,0.03764920555356187,-0.03869391697240129,True
3865,0.3968253968253968,0.9523809523809523,0.4464756960530523,0.035142518220495654,-0.04322637304549811,True
3866,0.4126984126984127,0.9523809523809523,0.4637241151943359,0.03264446985133419,-0.04763792030557926,True
3867,0.42857142857142855,0.9523809523809523,0.47994488144059255,0.030184029906740788,-0.051861295365405895,True
3868,0.4444444444444444,0.9523809523809523,0.49488089066703955,0.027725415231557575,-0.055841707072148423,True
3869,0.4603174603174603,0.9523809523809523,0.508640586374554,0.025331478066642394,-0.059529878456894586,True
3870,0.47619047619047616,0.9523809523809523,0.5213626889636314,0.022973865191195614,-0.06286927337856758,True
3871,0.49206349206349204,0.9523809523809523,0.5330947632242714,0.02067008473824693,-0.0658145474036242,True
3872,0.5079365079365079,0.9523809523809523,0.5435735670075345,0.01842476497250941,-0.06836012990671157,True
3873,0.5238095238095237,0.9523809523809523,0.5530521982132949,0.016244445414026552,-0.07044736216833902,True
3874,0.5396825396825397,0.9523809523809523,0.5615642095581871,0.01411411770563705,-0.07205309857245906,True
3875,0.5555555555555556,0.9523809523809523,0.5689001647472677,0.012082128067080656,-0.07319115992894168,True
3876,0.5714285714285714,0.9523809523809523,0.5753492691834943,0.010076676467404181,-0.07380813913428695,True
3877,0.5873015873015872,0.9523809523809523,0.5807776480350507,0.008160896484389446,-0.0739127229450755,True
3878,0.6031746031746031,0.9523809523809523,0.5852719565362847,0.006289736417429854,-0.0734821735843699,True
3879,0.6190476190476191,0.9523809523809523,0.5888440627491817,0.004426608072845782,-0.07250790941409951,True
3880,0.6349206349206349,0.9523809523809523,0.591458894610578,0.00263823550886051,-0.07097913231505486,True
3881,0.6507936507936507,0.9523809523809523,0.5931587146195446,0.0008181382574946077,-0.06887559414307258,True
3882,0.6666666666666666,0.9523809523809523,0.5939147232551012,-0.0009996914595637298,-0.06617882038688451,True
3883,0.6825396825396826,0.9523809523809523,0.5937074422973881,-0.0028818869402008037,-0.06286036246996461,True
3884,0.6984126984126984,0.9523809523809523,0.5925937666672636,-0.004866674341508684,-0.05886340127581364,True
3885,0.7142857142857142,0.9523809523809523,0.5903794487238753,-0.007001582128601874,-0.05415694661117458,True
3886,0.7301587301587301,0.9523809523809523,0.5870425891498049,-0.009347849242267522,-0.04865638783808969,True
3887,0.746031746031746,0.9523809523809523,0.5824937151661692,-0.012015238564741097,-0.042257826486242475,True
3888,0.7619047619047619,0.9523809523809523,0.5765596984682123,-0.015122448943975885,-0.03483346450952462,True
3889,0.7777777777777777,0.9523809523809523,0.5689827922758864,-0.018783925274274894,-0.026217784211751295,True
3890,0.7936507936507936,0.9523809523809523,0.5595036605230357,-0.02321581617501003,-0.016189297936463627,True
3891,0.8095238095238095,0.9523809523809523,0.547705328183994,-0.02864479284307234,-0.004475605559206481,True
3892,0.8253968253968254,0.9523809523809523,0.5330687200617334,-0.035377198558092716,0.009269889319573165,True
3893,0.8412698412698412,0.9523809523809523,0.5149109389741551,-0.04384296983914177,0.02548561009778967,True
3894,0.8571428571428571,0.9523809523809523,0.4922401098658156,-0.05459767262812344,0.044635286681314626,True
3895,0.873015873015873,0.9523809523809523,0.46390582383257484,-0.06852443327724066,0.06738643610943673,True
3896,0.8888888888888888,0.9523809523809523,0.42821218609553297,-0.08693060954479459,0.09443558406197186,True
3897,0.9047619047619047,0.9523809523809523,0.3828283340535059,-0.11221591572285523,0.12655740910833094,True
3898,0.9206349206349206,0.9523809523809523,0.3243616036178631,-0.14916081367860973,0.16444197645730702,True
3899,0.9365079365079365,0.9523809523809523,0.24756560627914564,-0.20775959791199639,0.2087560598378512,True
3900,0.9523809523809523,0.9523809523809523,0.14505930422888735,-0.31247930252135636,0.2586024461097951,True
3901,0.9682539682539681,0.9523809523809523,0.023250466013859463,-0.4919445588388028,0.30882218155719005,True
3902,0.9841269841269841,0.9523809523809523,-0.035761490103063856,-0.5767884648283738,0.34197300919638923,True
3903,1.0,0.9523809523809523,3.6826639909873674e-07,0.00020476789109618256,0.3400372246795747,True
3904,0.0,0.9682539682539681,6.328591777544078e-05,-0.0008360530135273509,-0.08833696662449293,True
3905,0.015873015873015872,0.9682539682539681,-0.06712210832794432,0.22560652972447184,-0.09649682758613037,True
3906,0.031746031746031744,0.9682539682539681,-0.09883619471337769,0.211972551589373,-0.0782834989345016,True
3907,0.047619047619047616,0.9682539682539681,-0.0709455826743248,0.16191557031455356,-0.0600418558554983,True
3908,0.06349206349206349,0.9682539682539681,-0.024239110389400548,0.12276056750473131,-0.0463481114076114,True
3909,0.07936507936507936,0.9682539682539681,0.024958918930404257,0.09591257058036222,-0.035824481590354416,True
3910,0.09523809523809523,0.9682539682539681,0.07214264591188982,0.07763967566495888,-0.02737111036716983,True
3911,0.1111111111111111,0.9682539682539681,0.115286224729145,0.06501558588824798,-0.02044373271416079,True
3912,0.12698412698412698,0.9682539682539681,0.15512916089917747,0.05611367419809181,-0.014770444028489373,True
3913,0.14285714285714285,0.9682539682539681,0.19200784125133927,0.04971715038390252,-0.010232801312624488,True
3914,0.15873015873015872,0.9682539682539681,0.22652218533383855,0.04498236997556049,-0.006766878262935706,True
3915,0.1746031746031746,0.9682539682539681,0.25887920235646916,0.04137908241675318,-0.004326755141442323,True
3916,0.19047619047619047,0.9682539682539681,0.2897918206914701,0.0385413532001952,-0.0028768893793890866,True
3917,0.20634920634920634,0.9682539682539681,0.31896735387670655,0.036225201510285555,-0.0023573459278829006,True
3918,0.2222222222222222,0.9682539682539681,0.3469683551375162,0.03424188643914617,-0.0027147987679428187,True
3919,0.23809523809523808,0.9682539682539681,0.37390065050811233,0.032514728101337854,-0.00388848359342094,True
3920,0.25396825396825395,0.9682539682539681,0.39967904747917704,0.03091128792851273,-0.005790224894720284,True
3921,0.2698412698412698,0.9682539682539681,0.42446026474089604,0.02940024217585109,-0.008345635946884018,True
3922,0.2857142857142857,0.9682539682539681,0.44812028264043724,0.02795916226574393,-0.011464802145274363,True
3923,0.30158730158730157,0.9682539682539681,0.47083971467421665,0.02653708527161408,-0.015058480968326545,True
3924,0.31746031746031744,0.9682539682539681,0.49229556610427894,0.025115419402150195,-0.01902799660391161,True
3925,0.3333333333333333,0.9682539682539681,0.5129163152773905,0.023709867067136507,-0.023294694588512747,True
3926,0.3492063492063492,0.9682539682539681,0.5323446222933303,0.02230303673174291,-0.027760800564350267,True
3927,0.36507936507936506,0.9682539682539681,0.5509146118173073,0.020902401307124112,-0.032344088543755305,True
3928,0.38095238095238093,0.9682539682539681,0.5682956297206947,0.019495765550900993,-0.03695928895897072,True
3929,0.3968253968253968,0.9682539682539681,0.5844495677031235,0.0181226802327134,-0.041530909217834214,True
3930,0.4126984126984127,0.9682539682539681,0.5997933840613067,0.016719918872018777,-0.04598380402459012,True
3931,0.42857142857142855,0.9682539682539681,0.6138771007919402,0.015365545425285688,-0.050256883793728835,True
3932,0.4444444444444444,0.9682539682539681,0.6269538522629037,0.014057534610258075,-0.05428370019339859,True
3933,0.4603174603174603,0.9682539682539681,0.6391029917325842,0.012709220753133629,-0.058014543150520285,True
3934,0.47619047619047616,0.9682539682539681,0.6499723237813864,0.011452684901184328,-0.0614105051409611,True
3935,0.49206349206349204,0.9682539682539681,0.6599939499973085,0.010203460588640537,-0.064415733096397,True
3936,0.5079365079365079,0.9682539682539681,0.6689742415383149,0.009002637115239747,-0.06700939912464604,True
3937,0.5238095238095237,0.9682539682539681,0.6769216786869671,0.007831394972690541,-0.06916083675925154,True
3938,0.5396825396825397,0.9682539682539681,0.684050770687976,0.006711077494770612,-0.07081964033443891,True
3939,0.5555555555555556,0.9682539682539681,0.6901309592202417,0.0056261293291058724,-0.07201200114183832,True
3940,0.5714285714285714,0.9682539682539681,0.6953408615823202,0.004588447468104864,-0.07268877039700787,True
3941,0.5873015873015872,0.9682539682539681,0.6997206701655733,0.003600603154375305,-0.07283304809387547,True
3942,0.6031746031746031,0.9682539682539681,0.703278211197639,0.0025894928664707247,-0.0724533503257949,True
3943,0.6190476190476191,0.9682539682539681,0.7059103181040207,0.0016719583906880456,-0.0715233557138039,True
3944,0.6349206349206349,0.9682539682539681,0.7078487118356606,0.0007253703555591038,-0.07001543769695304,True
3945,0.6507936507936507,0.9682539682539681,0.7089121090901357,-0.0001967449864511897,-0.06793388055449434,True
3946,0.6666666666666666,0.9682539682539681,0.7091977546171773,-0.0011514100431859037,-0.0652400533818877,True
3947,0.6825396825396826,0.9682539682539681,0.7086557435855307,-0.0021210703999072268,-0.06190114462616367,True
3948,0.6984126984126984,0.9682539682539681,0.7072990788892465,-0.0031580890107974196,-0.05786623648149008,True
3949,0.7142857142857142,0.9682539682539681,0.7050252264659927,-0.004274246332464515,-0.05308145661002104,True
3950,0.7301587301587301,0.9682539682539681,0.7017492485256248,-0.005521447315338159,-0.04747348519522507,True
3951,0.746031746031746,0.9682539682539681,0.6974255782850497,-0.006953125026239603,-0.04091130000332531,True
3952,0.7619047619047619,0.9682539682539681,0.6918699252970393,-0.008619522113823684,-0.033261861392653476,True
3953,0.7777777777777777,0.9682539682539681,0.6848553627972805,-0.010613497862011836,-0.02434482568204397,True
3954,0.7936507936507936,0.9682539682539681,0.6761116882941687,-0.013033488455752192,-0.013926806518265248,True
3955,0.8095238095238095,0.9682539682539681,0.6652967217821047,-0.016001253633319182,-0.0016924543767793125,True
3956,0.8253968253968254,0.9682539682539681,0.6518758499416959,-0.01970908261998929,0.012718658067496252,True
3957,0.8412698412698412,0.9682539682539681,0.6352968729952114,-0.024341179948256672,0.029820331777544968,True
3958,0.8571428571428571,0.9682539682539681,0.614609854868005,-0.03030679155870615,0.050167880655615754,True
3959,0.873015873015873,0.9682539682539681,0.5887209040957294,-0.03796188789823449,0.07454375338940292,True
3960,0.8888888888888888,0.9682539682539681,0.5560089026908878,-0.04820116648756646,0.10390416286563718,True
3961,0.9047619047619047,0.9682539682539681,0.5141054409399272,-0.06244907965956658,0.13950319950454135,True
3962,0.9206349206349206,0.9682539682539681,0.4592408076610381,-0.08366118521259626,0.18304950057596595,True
3963,0.9365079365079365,0.9682539682539681,0.38495310487235374,-0.11883699835636352,0.2369889179722317,True
3964,0.9523809523809523,0.9682539682539681,0.2780739953778786,-0.18791969114610568,0.3043691003021479,True
3965,0.9682539682539681,0.9682539682539681,0.1184246035106052,-0.3426352200408019,0.38796224300061516,True
3966,0.9841269841269841,0.9682539682539681,-0.032686815177312874,-0.56016665057431,0.4673656830607031,True
3967,1.0,0.9682539682539681,8.182068437823903e-05,0.0010638238921047967,0.477429911670987,True
3968,0.0,0.9841269841269841,0.0007167381968242289,0.00021786379869481967,-0.1879321247308467,True
3969,0.015873015873015872,0.9841269841269841,-0.08793101084837551,0.2606958840491103,-0.15781409117645853,True
3970,0.031746031746031744,0.9841269841269841,0.04731639493798719,0.14243708064762675,-0.08587982601528733,True
3971,0.047619047619047616,0.9841269841269841,0.17901857332550836,0.08275169505139174,-0.055584952641708874,True
3972,0.06349206349206349,0.9841269841269841,0.27466556165282136,0.05362367043030871,-0.040032514108416885,True
3973,0.07936507936507936,0.9841269841269841,0.34554316429719195,0.03783808264157131,-0.0298816666466689,True
3974,0.09523809523809523,0.9841269841269841,0.4001915309294293,0.028485388718181077,-0.022183841971765324,True
3975,0.1111111111111111,0.9841269841269841,0.44319633614895876,0.022609577835688194,-0.015976470904785597,True
3976,0.12698412698412698,0.9841269841269841,0.47907335179653426,0.01877159994368902,-0.010900492165469943,True
3977,0.14285714285714285,0.9841269841269841,0.509728360716527,0.01612299757905302,-0.0068297182552936,True
3978,0.15873015873015872,0.9841269841269841,0.5368439561390357,0.014257588154004384,-0.003728516055894517,True
3979,0.1746031746031746,0.9841269841269841,0.5612841386821301,0.012893293201456496,-0.0015730748561571793,True
3980,0.19047619047619047,0.9841269841269841,0.5836330212982117,0.011849216865057266,-0.00033794942833287664,True
3981,0.20634920634920634,0.9841269841269841,0.6044503495133476,0.011015240409468021,1.1034759153886196e-05,True
3982,0.2222222222222222,0.9841269841269841,0.6240050883389653,0.010336656748309922,-0.0004855353414554188,True
3983,0.23809523809523808,0.9841269841269841,0.642227674118932,0.009730129652557368,-0.0017562034253711517,True
3984,0.25396825396825395,0.9841269841269841,0.6596471043291537,0.009186558930719579,-0.0037445228226908986,True
3985,0.2698412698412698,0.9841269841269841,0.675990316687,0.008695767644862896,-0.006372476727815189,True
3986,0.2857142857142857,0.9841269841269841,0.6918891403129356,0.008191635874361261,-0.009547991045744851,True
3987,0.30158730158730157,0.9841269841269841,0.7063776872786546,0.00774690941884029,-0.01319877930983875,True
3988,0.31746031746031744,0.9841269841269841,0.7205034185322341,0.007277691062632126,-0.017224297016477753,True
3989,0.3333333333333333,0.9841269841269841,0.7336890950678424,0.006823661228179705,-0.021540905139625272,True
3990,0.3492063492063492,0.9841269841269841,0.7460777683006229,0.006370810644632045,-0.026058892743905115,True
3991,0.36507936507936506,0.9841269841269841,0.757621304307177,0.005938619395797728,-0.030694803349065033,True
3992,0.38095238095238093,0.9841269841269841,0.7684678357651382,0.005486195404815619,-0.035364914328314026,True
3993,0.3968253968253968,0.9841269841269841,0.7785641215501073,0.005046129179506176,-0.0399923394996694,True
3994,0.4126984126984127,0.9841269841269841,0.7877512586032351,0.004626519419133159,-0.04450710513788994,True
3995,0.42857142857142855,0.9841269841269841,0.7963631254309969,0.004199238423263939,-0.048837729412662165,True
3996,0.4444444444444444,0.9841269841269841,0.8040995703270605,0.0037994546397062934,-0.05292728645868881,True
3997,0.4603174603174603,0.9841269841269841,0.8111368483370194,0.0034005929393991136,-0.0567227039211473,True
3998,0.47619047619047616,0.9841269841269841,0.8174236027695393,0.0030124292036236974,-0.060185602768122286,True
3999,0.49206349206349204,0.9841269841269841,0.8231172176326873,0.002626307333910219,-0.06326704006337473,True
4000,0.5079365079365079,0.9841269841269841,0.8280243326828871,0.0022808934914913775,-0.06592483578506574,True
4001,0.5238095238095237,0.9841269841269841,0.832361447487658,0.0019360495020124104,-0.06813023665471589,True
4002,0.5396825396825397,0.9841269841269841,0.8360464817053516,0.00160163174697569,-0.06988111716332589,True
4003,0.5555555555555556,0.9841269841269841,0.8391466878665854,0.0012881886809697732,-0.07112756526857499,True
4004,0.5714285714285714,0.9841269841269841,0.8416757325707749,0.0009924798143645275,-0.07185447943108103,True
4005,0.5873015873015872,0.9841269841269841,0.843641048713727,0.0006990232513175857,-0.07207989144091047,True
4006,0.6031746031746031,0.9841269841269841,0.8450883722333219,0.000420570361172053,-0.07175112641243585,True
4007,0.6190476190476191,0.9841269841269841,0.846018231832154,0.00015642163628295125,-0.07085952816813908,True
4008,0.6349206349206349,0.9841269841269841,0.8464620640353315,-0.00012010695986490043,-0.06940889845768662,True
4009,0.6507936507936507,0.9841269841269841,0.8463772130853535,-0.00037604914129106906,-0.06736161618284797,True
4010,0.6666666666666666,0.9841269841269841,0.8458102708664929,-0.0006537011765663883,-0.06469784307024991,True
4011,0.6825396825396826,0.9841269841269841,0.844723940859533,-0.0009376029357509194,-0.0613796969574217,True
4012,0.6984126984126984,0.9841269841269841,0.8430989527200626,-0.0012375333967106438,-0.05736081628304004,True
4013,0.7142857142857142,0.9841269841269841,0.8409009454577877,-0.001577583064050733,-0.05256734838529359,True
4014,0.7301587301587301,0.9841269841269841,0.8381083326427496,-0.001959938711235495,-0.04690716491136012,True
4015,0.746031746031746,0.9841269841269841,0.8345136900579524,-0.0024002014677039774,-0.04030881735896382,True
4016,0.7619047619047619,0.9841269841269841,0.8301356723878751,-0.002931314698134146,-0.03257170828197285,True
4017,0.7777777777777777,0.9841269841269841,0.8247537801558402,-0.0035535677556731426,-0.02354547187944364,True
4018,0.7936507936507936,0.9841269841269841,0.8180933809286852,-0.004327692406760596,-0.012975674325445864,True
4019,0.8095238095238095,0.9841269841269841,0.8099555680459123,-0.005298826632159746,-0.0005349618632160635,True
4020,0.8253968253968254,0.9841269841269841,0.8000692291782454,-0.006485742034515944,0.014173836194927467,True
4021,0.8412698412698412,0.9841269841269841,0.7878701441990419,-0.007974847204182593,0.031633173245445165,True
4022,0.8571428571428571,0.9841269841269841,0.7727818403689287,-0.009901297282794277,0.052511163098385,True
4023,0.873015873015873,0.9841269841269841,0.7538794527073911,-0.012373992624807161,0.07759176817853954,True
4024,0.8888888888888888,0.9841269841269841,0.7301873128318801,-0.01567581545752025,0.1080360907654456,True
4025,0.9047619047619047,0.9841269841269841,0.6996036217010239,-0.020367305731093414,0.1453737957863055,True
4026,0.9206349206349206,0.9841269841269841,0.6593565571559439,-0.02746723053419447,0.1920517846664983,True
4027,0.9365079365079365,0.9841269841269841,0.603633454732296,-0.03963715351786239,0.25219252494546746,True
4028,0.9523809523809523,0.9841269841269841,0.5191742262489724,-0.06475022196460659,0.33397708647504315,True
4029,0.9682539682539681,0.9841269841269841,0.36835592959592456,-0.13489110209924499,0.45598744592196583,True
4030,0.9841269841269841,0.9841269841269841,0.06673455222442301,-0.3809774422364156,0.6587021147409086,True
4031,1.0,0.9841269841269841,0.00047287224837391827,-0.00034109268745929254,0.7697013349659544,True
4032,0.0,1.0,0.0,0.0,-2.6683274816201292,True
4033,0.015873015873015872,1.0,0.9913528794478984,-0.0008359553660324601,-0.07624301373880508,True
4034,0.031746031746031744,1.0,1.0009560979449488,-0.00022263736589262173,-0.04701477755149073,True
4035,0.047619047619047616,1.0,1.0005780513200286,-6.0199239280656166e-05,-0.032588507086369865,True
4036,0.06349206349206349,1.0,0.999825466044616,-3.804497642861431e-05,-0.025456019184049508,True
4037,0.07936507936507936,1.0,0.999866389702453,-2.2182252334447556e-05,-0.019850412696977737,True
4038,0.09523809523809523,1.0,0.9998155896855665,-1.9758795059538987e-05,-0.014826580113636736,True
4039,0.1111111111111111,1.0,1.0000544715123083,-1.5335226586346618e-05,-0.01027901568090814,True
4040,0.12698412698412698,1.0,0.9999676149593505,-1.1061323024134793e-05,-0.0062849857816623675,True
4041,0.14285714285714285,1.0,1.0000832052225357,-9.825304759695524e-06,-0.0029530116502200342,True
4042,0.15873015873015872,1.0,1.000219041137575,-6.588205099194324e-06,-0.0003645727089817619,True
4043,0.1746031746031746,1.0,0.9999601525504267,-7.1917235933909096e-06,0.001420656753646926,True
4044,0.19047619047619047,1.0,0.999912812972768,-3.8555425821040684e-06,0.00238370583893734,True
4045,0.20634920634920634,1.0,1.0000314622981268,-6.0384532646892965e-06,0.002518373078352906,True
4046,0.2222222222222222,1.0,1.0001717096387952,-5.54430718743094e-06,0.0018580817008918853,True
4047,0.23809523809523808,1.0,0.9999090375199823,-4.85212124560927e-06,0.0004380539940412069,True
4048,0.25396825396825395,1.0,1.0000178231207646,-4.545561981519163e-06,-0.001666053694227098,True
4049,0.2698412698412698,1.0,1.0000158095884435,-1.029678071046689e-06,-0.0044039351477894815,True
4050,0.2857142857142857,1.0,1.0000927763047522,-3.841386283017976e-06,-0.007682639106663533,True
4051,0.30158730158730157,1.0,0.9999044697918914,-5.230050264528493e-06,-0.011421330470697504,True
4052,0.31746031746031744,1.0,0.9999939446123538,-3.0267478165092565e-06,-0.0155405689703624,True
4053,0.3333333333333333,1.0,0.9999718054290395,-2.7525224108329054e-06,-0.019947491318537763,True
4054,0.3492063492063492,1.0,1.0001223141638462,-3.0501256976831034e-06,-0.024555488742383787,True
4055,0.36507936507936506,1.0,0.9999144606885044,-3.3232572572952463e-06,-0.029278944437646583,True
4056,0.38095238095238093,1.0,1.0000532676777867,-9.46946790919535e-07,-0.03403843699683183,True
4057,0.3968253968253968,1.0,1.0000540157499742,-2.4639797628885135e-06,-0.03875199787913473,True
4058,0.4126984126984127,1.0,0.9999602414370942,-1.845233773642137e-06,-0.043350400434248544,True
4059,0.42857142857142855,1.0,0.9999711992825812,-3.561085378666148e-07,-0.047774195713786015,True
4060,0.4444444444444444,1.0,1.0000733781611468,-2.5989389966698627e-06,-0.05194932900861784,True
4061,0.4603174603174603,1.0,0.9999425358360625,-1.6278175295649539e-06,-0.05583352241511701,True
4062,0.47619047619047616,1.0,1.0000220127163157,-6.394866244639471e-07,-0.059378131053806564,True
4063,0.49206349206349204,1.0,1.0000273239612185,-1.1424440994499736e-06,-0.0625269618786807,True
4064,0.5079365079365079,1.0,0.9999830237197438,-9.102979996638981e-07,-0.06526674027105431,True
4065,0.5238095238095237,1.0,1.0000101623133075,-1.0084351143214295e-07,-0.06755657264548108,True
4066,0.5396825396825397,1.0,1.0000034284586157,-1.1834274298642303e-06,-0.06937481684941474,True
4067,0.5555555555555556,1.0,1.0000128236181123,-6.698528103264653e-07,-0.07068953699015704,True
4068,0.5714285714285714,1.0,1.0000053427998554,-3.8939758447566e-07,-0.07148458677712355,True
4069,0.5873015873015872,1.0,0.9999984269731877,-2.721814433405375e-07,-0.07176272735596292,True
4070,0.6031746031746031,1.0,1.0000004139886698,1.8600531688175009e-07,-0.07150649263518917,True
4071,0.6190476190476191,1.0,1.0000026895894158,-3.5249918716305054e-07,-0.07068324692956214,True
4072,0.6349206349206349,1.0,0.9999887473549344,1.1655335860527198e-07,-0.06927632627022755,True
4073,0.6507936507936507,1.0,1.0000127441802373,2.5809636319444706e-07,-0.067290690672248,True
4074,0.6666666666666666,1.0,0.9999895849807171,3.0212175072450296e-07,-0.06467931052280838,True
4075,0.6825396825396826,1.0,0.9999915552786223,4.4274992136343335e-07,-0.06141227880983128,True
4076,0.6984126984126984,1.0,0.9999892576993606,5.475015885304275e-07,-0.05744657143084085,True
4077,0.7142857142857142,1.0,0.9999590443415161,8.558424396135088e-07,-0.052705767301681576,True
4078,0.7301587301587301,1.0,1.0000125586681488,9.542467368127402e-07,-0.04710928740963505,True
4079,0.746031746031746,1.0,0.999993487430795,1.2809073990371296e-06,-0.0405687642452418,True
4080,0.7619047619047619,1.0,0.9999506277079063,1.5589327077916672e-06,-0.032904226785820244,True
4081,0.7777777777777777,1.0,1.0000562509885815,2.232071933438119e-06,-0.023964340362451455,True
4082,0.7936507936507936,1.0,0.9999932872979943,2.381500222497201e-06,-0.013475963183703863,True
4083,0.8095238095238095,1.0,0.9999785276245255,7.921498826104141e-07,-0.0011429496672057675,True
4084,0.8253968253968254,1.0,0.9999502823225926,2.8146158857257442e-06,0.013413664320651216,True
4085,0.8412698412698412,1.0,0.999921624609472,4.389540153004279e-06,0.030709112901375575,True
4086,0.8571428571428571,1.0,0.999981549867745,4.405655433592455e-06,0.0513368153224575,True
4087,0.873015873015873,1.0,0.9999652185040906,7.1726559707251755e-06,0.07617845488877582,True
4088,0.8888888888888888,1.0,0.9999493082431399,1.2436329817772908e-05,0.10627137385727964,True
4089,0.9047619047619047,1.0,0.999867589046866,1.2015219564322806e-05,0.14325028706347737,True
4090,0.9206349206349206,1.0,1.0000311329600486,2.0058248610508834e-05,0.18949213520467967,True
4091,0.9365079365079365,1.0,1.00002436724466,3.2610864635031474e-05,0.24926215572106958,True
4092,0.9523809523809523,1.0,0.9996250211596268,3.920678097432431e-05,0.3312172604658466,True
4093,0.9682539682539681,1.0,1.0009209719100436,0.0001584325851031456,0.4573070455456607,True
4094,0.9841269841269841,1.0,0.9882052429182222,0.0006168175614044558,0.6983636948358201,True
4095,1.0,1.0,0.0,0.0,4.383494285703628,True
