,x,y,u (m/s),v (m/s),p (Pa),mask
0,0.0,0.0,0.0,0.0,0.0,True
1,0.015873015873015872,0.0,-3.225149625301359e-07,2.1910208620664586e-08,2.014437927027735e-05,True
2,0.031746031746031744,0.0,-1.6563477188854955e-06,6.175089470901006e-10,2.4621768746163345e-05,True
3,0.047619047619047616,0.0,-1.7343041717744427e-08,-1.6239483282054456e-08,-1.964569714111984e-05,True
4,0.06349206349206349,0.0,2.6284061953221167e-07,-1.9237994910860657e-09,-0.00011179628149551705,True
5,0.07936507936507936,0.0,4.4904498968810733e-07,3.092409752658559e-08,-0.0002441711178879861,True
6,0.09523809523809523,0.0,-3.712073177578858e-08,-3.7132269212123183e-09,-0.00040923790615903183,True
7,0.1111111111111111,0.0,2.5877990033577784e-07,-2.8169323519788224e-09,-0.0006006601677071368,True
8,0.12698412698412698,0.0,7.95382286294359e-08,-6.712510006549418e-09,-0.0008142887967073773,True
9,0.14285714285714285,0.0,-1.459459413056056e-06,1.1680403900302835e-08,-0.0010473197213859333,True
10,0.15873015873015872,0.0,-4.534163958709426e-06,5.441061334692995e-08,-0.0012982224916284078,True
11,0.1746031746031746,0.0,1.6758028855278314e-06,-2.411610849705913e-08,-0.001566492237546919,True
12,0.19047619047619047,0.0,7.366817934033598e-06,-1.0445555209467091e-07,-0.0018515501128957773,True
13,0.20634920634920634,0.0,9.8157697650729e-07,-4.1510395320209254e-08,-0.0021526303988762367,True
14,0.2222222222222222,0.0,-6.712182712211799e-06,1.6565713896080333e-07,-0.002468752884336564,True
15,0.23809523809523808,0.0,6.585449274286571e-06,-1.8143435848217402e-07,-0.0027978532557455917,True
16,0.25396825396825395,0.0,-1.471165291987888e-06,-7.910120535098504e-09,-0.0031364873501937463,True
17,0.2698412698412698,0.0,8.052325734176037e-06,-4.718468760484089e-08,-0.00348072553208661,True
18,0.2857142857142857,0.0,-2.4687303063519814e-06,3.55905939201289e-07,-0.0038245923728195915,True
19,0.30158730158730157,0.0,1.3364645910388895e-05,-3.369067742314284e-07,-0.00416200574850734,True
20,0.31746031746031744,0.0,1.734651861299004e-06,7.331395260904437e-09,-0.004483929345464791,True
21,0.3333333333333333,0.0,4.114106766124953e-06,-1.2334131148379544e-08,-0.004781667171441549,True
22,0.3492063492063492,0.0,-8.685754736808983e-06,1.88665887967364e-07,-0.005045378984504967,True
23,0.36507936507936506,0.0,3.148735804443116e-06,-4.0318982079066394e-07,-0.005264937630599673,True
24,0.38095238095238093,0.0,-5.014066404899734e-06,8.468095878359266e-08,-0.005428726608835381,True
25,0.3968253968253968,0.0,-2.1932553219513652e-05,-1.2036858202215783e-07,-0.005526094010849074,True
26,0.4126984126984127,0.0,3.1414439923948664e-05,1.888911406780984e-07,-0.005551574724401089,True
27,0.42857142857142855,0.0,-2.79536819983371e-05,-1.71669447503308e-07,-0.0054952654911247225,True
28,0.4444444444444444,0.0,2.4825429520640724e-05,1.5826398631047174e-07,-0.0053533854875227336,True
29,0.4603174603174603,0.0,-1.8812799995362177e-05,-1.395151808979087e-07,-0.0051252101162515456,True
30,0.47619047619047616,0.0,1.2918167326968257e-05,1.7079331828991932e-07,-0.004812990336870368,True
31,0.49206349206349204,0.0,-6.9668555650130805e-06,9.440731366945673e-09,-0.0044247526489535295,True
32,0.5079365079365079,0.0,2.390477178248766e-06,-2.3400326817654912e-07,-0.003968402958004453,True
33,0.5238095238095237,0.0,-1.1039995683221936e-05,4.4704673922857046e-07,-0.0034660677317557807,True
34,0.5396825396825397,0.0,1.6630477049217235e-05,-5.497634033561146e-07,-0.002935591954357712,True
35,0.5555555555555556,0.0,-2.2781120868771214e-05,4.5377010396888776e-07,-0.0023993104930687768,True
36,0.5714285714285714,0.0,2.728179615618162e-05,-4.4939134203680853e-07,-0.001885227208403336,True
37,0.5873015873015872,0.0,-1.8469126953338262e-05,1.6020821357809602e-07,-0.001419295675615223,True
38,0.6031746031746031,0.0,-7.627196832210074e-06,1.3095602587505895e-07,-0.0010245116757290626,True
39,0.6190476190476191,0.0,1.1133931246702077e-06,-1.6586041766449955e-07,-0.0007281316786891689,True
40,0.6349206349206349,0.0,2.381008008810936e-05,-6.248544028769863e-09,-0.0005499245758610443,True
41,0.6507936507936507,0.0,-3.865990600540983e-05,-1.648433002764436e-08,-0.0004976406397948606,True
42,0.6666666666666666,0.0,1.4186744145015759e-05,1.8964997811526455e-08,-0.0005824479535667166,True
43,0.6825396825396826,0.0,7.906601403326072e-06,2.1320190253403524e-08,-0.000802165413590137,True
44,0.6984126984126984,0.0,-2.146205826274124e-05,-8.349971254952622e-08,-0.0011489882079581066,True
45,0.7142857142857142,0.0,3.275201509813774e-05,1.3856086122326128e-07,-0.0016078249621141504,True
46,0.7301587301587301,0.0,-1.4970829245970047e-05,-1.1836088599977786e-08,-0.0021598580820831243,True
47,0.746031746031746,0.0,-2.349979657082992e-06,-7.233378189891649e-08,-0.0027789870563027616,True
48,0.7619047619047619,0.0,-1.082751370131075e-05,-1.8047498256127042e-07,-0.0034411936508757803,True
49,0.7777777777777777,0.0,9.06295781105418e-06,9.495668787245259e-08,-0.004119602579059198,True
50,0.7936507936507936,0.0,2.0621093225646502e-06,3.0374711485278036e-08,-0.004790535820978118,True
51,0.8095238095238095,0.0,-1.2015297170623416e-06,-2.3558317560426925e-08,-0.005432171266714442,True
52,0.8253968253968254,0.0,1.9830531511585598e-07,2.9992862151208376e-08,-0.006027757088682637,True
53,0.8412698412698412,0.0,4.1597617824597916e-07,7.02150824228234e-08,-0.00656379196882955,True
54,0.8571428571428571,0.0,3.964671596905424e-06,-2.1411809404425475e-08,-0.007031222586180734,True
55,0.873015873015873,0.0,3.4587236046568024e-07,-5.229727171941197e-09,-0.007425359687820765,True
56,0.8888888888888888,0.0,8.183298007535572e-07,-1.0404908784785672e-07,-0.0077442211432751425,True
57,0.9047619047619047,0.0,-1.8072992556999567e-06,-2.236603154165526e-09,-0.007986742551905924,True
58,0.9206349206349206,0.0,2.916954083729751e-06,1.0141503168517822e-07,-0.008154150458734875,True
59,0.9365079365079365,0.0,-4.3413218784526165e-06,-2.59301353811285e-08,-0.008247394649177498,True
60,0.9523809523809523,0.0,-8.553261174477994e-07,8.992388272096129e-08,-0.008269157976102226,True
61,0.9682539682539681,0.0,-2.8135902253843946e-06,-7.880463942668587e-08,-0.008227843752304446,True
62,0.9841269841269841,0.0,2.3431303330934742e-07,-1.2052465689143679e-08,-0.008150000423558196,True
63,1.0,0.0,0.0,0.0,-0.0081118782841735,True
64,0.0,0.015873015873015872,3.05446224068724e-08,-3.5079072746599943e-07,-2.0123179266002518e-05,True
65,0.015873015873015872,0.015873015873015872,0.00014068437522763124,-0.00014040257197526755,7.882671379964426e-09,True
66,0.031746031746031744,0.015873015873015872,0.0004687092954432811,-0.0002180966163073348,-5.984086228759435e-06,True
67,0.047619047619047616,0.015873015873015872,0.0008466955219457064,-0.00021504868128454507,-5.0258037579855805e-05,True
68,0.06349206349206349,0.015873015873015872,0.001165646108938698,-0.00016285970039823586,-0.00013419343487205214,True
69,0.07936507936507936,0.015873015873015872,0.0013615662838781955,-8.48400120773098e-05,-0.000253696565642776,True
70,0.09523809523809523,0.015873015873015872,0.0013977074179771743,3.733213191474187e-06,-0.0004036600042250766,True
71,0.1111111111111111,0.015873015873015872,0.0012652727885411053,9.417315112698814e-05,-0.0005792306193707586,True
72,0.12698412698412698,0.015873015873015872,0.0009548397293943992,0.00018491749286392173,-0.0007767035944674713,True
73,0.14285714285714285,0.015873015873015872,0.0004727954065978078,0.00027312775046883005,-0.0009939145405207853,True
74,0.15873015873015872,0.015873015873015872,-0.00018109676531831174,0.0003604395183721857,-0.0012288579782082439,True
75,0.1746031746031746,0.015873015873015872,-0.0010066727090507026,0.00044806294457934453,-0.0014811311900178043,True
76,0.19047619047619047,0.015873015873015872,-0.0019998160041812783,0.0005358658908532114,-0.0017499222748417666,True
77,0.20634920634920634,0.015873015873015872,-0.003178216424463715,0.0006286333417810366,-0.0020345992837287673,True
78,0.2222222222222222,0.015873015873015872,-0.004532097970083789,0.0007227271493688357,-0.0023338090657915086,True
79,0.23809523809523808,0.015873015873015872,-0.006070173716254739,0.0008191436616152361,-0.0026457100175543403,True
80,0.25396825396825395,0.015873015873015872,-0.007797755119689636,0.0009172512664628302,-0.002967413132952372,True
81,0.2698412698412698,0.015873015873015872,-0.009708597083107505,0.0010147466348758782,-0.0032950548634861866,True
82,0.2857142857142857,0.015873015873015872,-0.011793323124950465,0.0011055106404639708,-0.0036235806849374856,True
83,0.30158730158730157,0.015873015873015872,-0.014046676417312812,0.0011893416122104358,-0.003946734069637818,True
84,0.31746031746031744,0.015873015873015872,-0.016450378096207044,0.0012651708428324474,-0.004257006369762104,True
85,0.3333333333333333,0.015873015873015872,-0.018967159472845198,0.0013233237249838069,-0.0045461934339436575,True
86,0.3492063492063492,0.015873015873015872,-0.021571618049247294,0.0013633208083035481,-0.004804673616122879,True
87,0.36507936507936506,0.015873015873015872,-0.024209251271068197,0.0013729031189080457,-0.005023968628952297,True
88,0.38095238095238093,0.015873015873015872,-0.02676659847980326,0.0013608194761706189,-0.005191855487291589,True
89,0.3968253968253968,0.015873015873015872,-0.029361908311841586,0.0013083382728729573,-0.005302389660179469,True
90,0.4126984126984127,0.015873015873015872,-0.031750151625757034,0.001224688856763422,-0.005344114932288893,True
91,0.42857142857142855,0.015873015873015872,-0.03392445550995833,0.00110855685742379,-0.005309372087407789,True
92,0.4444444444444444,0.015873015873015872,-0.03585460649034423,0.0009455074529893311,-0.005197133704624288,True
93,0.4603174603174603,0.015873015873015872,-0.03740741489441596,0.0007509473903961499,-0.005004873839179888,True
94,0.47619047619047616,0.015873015873015872,-0.03854471835657419,0.0005284569152890531,-0.004732258230873025,True
95,0.49206349206349204,0.015873015873015872,-0.03923337111117905,0.0002596321889262264,-0.004389841931729675,True
96,0.5079365079365079,0.015873015873015872,-0.03939451887834676,-2.093727857195168e-05,-0.003984189761740205,True
97,0.5238095238095237,0.015873015873015872,-0.03902168337917345,-0.00032134240888689923,-0.0035331568883632818,True
98,0.5396825396825397,0.015873015873015872,-0.03805599520170828,-0.0006284637673443346,-0.0030541199395943642,True
99,0.5555555555555556,0.015873015873015872,-0.036502343106477736,-0.000936173819672339,-0.0025697335915380497,True
100,0.5714285714285714,0.015873015873015872,-0.034424056310379605,-0.0012261527881499697,-0.002103924839243272,True
101,0.5873015873015872,0.015873015873015872,-0.031853129384981985,-0.001488631523418518,-0.0016806566577144259,True
102,0.6031746031746031,0.015873015873015872,-0.028769274273329856,-0.0017199336140262356,-0.0013247305385511315,True
103,0.6190476190476191,0.015873015873015872,-0.025362352041199424,-0.0019009026048579548,-0.0010584676916061896,True
104,0.6349206349206349,0.015873015873015872,-0.02168333531062692,-0.0020296822510475292,-0.0008998185608563983,True
105,0.6507936507936507,0.015873015873015872,-0.01769699172072828,-0.00209875968132838,-0.0008592333386316875,True
106,0.6666666666666666,0.015873015873015872,-0.013794765645352668,-0.0021033771902217962,-0.0009448717938743756,True
107,0.6825396825396826,0.015873015873015872,-0.00985384203879611,-0.00204422401486114,-0.0011550830836636176,True
108,0.6984126984126984,0.015873015873015872,-0.006084535099187349,-0.0019246459875161804,-0.0014825806490687038,True
109,0.7142857142857142,0.015873015873015872,-0.002636494282110543,-0.0017578490416924578,-0.0019141959482463348,True
110,0.7301587301587301,0.015873015873015872,0.0005778710112893692,-0.0015310041201996958,-0.0024290051253430135,True
111,0.746031746031746,0.015873015873015872,0.003252426308171782,-0.0012876899444753292,-0.0030082146354290795,True
112,0.7619047619047619,0.015873015873015872,0.005473198241537388,-0.0010207982365317719,-0.0036258009869377106,True
113,0.7777777777777777,0.015873015873015872,0.007214654703554749,-0.0007402790525690327,-0.004257739484410351,True
114,0.7936507936507936,0.015873015873015872,0.008428559587333687,-0.00046641647503856294,-0.004882283537337013,True
115,0.8095238095238095,0.015873015873015872,0.009142906545317884,-0.00020641976188503664,-0.00547945977127915,True
116,0.8253968253968254,0.015873015873015872,0.009397805149125851,2.5817069257467695e-05,-0.0060347893567912515,True
117,0.8412698412698412,0.015873015873015872,0.009226022392438402,0.00023257430531412838,-0.006534396391255323,True
118,0.8571428571428571,0.015873015873015872,0.008694475375945802,0.00040404768421377563,-0.00697135617982666,True
119,0.873015873015873,0.015873015873015872,0.007873447756739744,0.000537966135412398,-0.0073413377367391956,True
120,0.8888888888888888,0.015873015873015872,0.00681559606091523,0.0006374361468140002,-0.007641638215440378,True
121,0.9047619047619047,0.015873015873015872,0.005592646766167373,0.0007008169834827188,-0.00787257654863046,True
122,0.9206349206349206,0.015873015873015872,0.004284863451754248,0.0007226570137484037,-0.00803565441174626,True
123,0.9365079365079365,0.015873015873015872,0.002972599929507854,0.0006951176918728597,-0.008133319003769842,True
124,0.9523809523809523,0.015873015873015872,0.0017646953410267471,0.0006041570913385247,-0.008170190925914277,True
125,0.9682539682539681,0.015873015873015872,0.0007872812892154483,0.00043175618285010153,-0.008156146138685946,True
126,0.9841269841269841,0.015873015873015872,0.00017734339329255426,0.00017682511415240148,-0.008111957238592317,True
127,1.0,0.015873015873015872,1.8514728596602152e-09,1.4443360458463146e-07,-0.008073698877637992,True
128,0.0,0.031746031746031744,-5.1579687675170054e-08,1.6278772441630913e-06,-2.4314454410167068e-05,True
129,0.015873015873015872,0.031746031746031744,0.00021931897706512773,-0.00046951497912395805,6.034596896097474e-06,True
130,0.031746031746031744,0.031746031746031744,0.0006621355558120989,-0.0006621387754779956,-8.489908228109296e-07,True
131,0.047619047619047616,0.031746031746031744,0.00111662484115068,-0.0006207427800980478,-4.516680722395909e-05,True
132,0.06349206349206349,0.031746031746031744,0.0014389964076135739,-0.0004262281051809829,-0.00012449380418053387,True
133,0.07936507936507936,0.031746031746031744,0.0015287136767068424,-0.00014141184398213318,-0.00023527329810050325,True
134,0.09523809523809523,0.031746031746031744,0.0013396814577215934,0.00018212862074450147,-0.0003734380017034186,True
135,0.1111111111111111,0.031746031746031744,0.0008368910076786125,0.0005224637679264523,-0.0005352377106351017,True
136,0.12698412698412698,0.031746031746031744,1.241392594502733e-05,0.0008644387615584625,-0.0007178152088740961,True
137,0.14285714285714285,0.031746031746031744,-0.0011366802446356444,0.0012037910163284705,-0.0009191868938685836,True
138,0.15873015873015872,0.031746031746031744,-0.0026125865590716463,0.001541419279203331,-0.0011384253977792572,True
139,0.1746031746031746,0.031746031746031744,-0.004428501826715962,0.0018840161675011497,-0.0013741822895181987,True
140,0.19047619047619047,0.031746031746031744,-0.006596174343280967,0.002236715830890099,-0.0016266552414785258,True
141,0.20634920634920634,0.031746031746031744,-0.009059218166467944,0.002583324864805164,-0.0018952164473255255,True
142,0.2222222222222222,0.031746031746031744,-0.01188779680293677,0.0029437029701579165,-0.0021787366171156087,True
143,0.23809523809523808,0.031746031746031744,-0.015062966028741038,0.0033083232306355377,-0.002475732581530427,True
144,0.25396825396825395,0.031746031746031744,-0.018574949601597675,0.003668922729370647,-0.0027836969624531346,True
145,0.2698412698412698,0.031746031746031744,-0.022418670185750722,0.004020382566902239,-0.0030993952054599806,True
146,0.2857142857142857,0.031746031746031744,-0.02653537272607259,0.004343257867317609,-0.003418245598661173,True
147,0.30158730158730157,0.031746031746031744,-0.030970036889975544,0.00463650665607577,-0.003734599173214373,True
148,0.31746031746031744,0.031746031746031744,-0.035573491320893366,0.004873030814361046,-0.004041918986047605,True
149,0.3333333333333333,0.031746031746031744,-0.04034657534059427,0.005043723898409292,-0.004332253766656318,True
150,0.3492063492063492,0.031746031746031744,-0.045182285436908554,0.005134314163764031,-0.004596538317422628,True
151,0.36507936507936506,0.031746031746031744,-0.050049542723091964,0.005124401401842312,-0.0048260184061847565,True
152,0.38095238095238093,0.031746031746031744,-0.054709854411676785,0.005010374867036103,-0.005010137968569995,True
153,0.3968253968253968,0.031746031746031744,-0.05925153611160245,0.004760360329473298,-0.005141085125581575,True
154,0.4126984126984127,0.031746031746031744,-0.06333701287497262,0.0044141994460006485,-0.005206713135997254,True
155,0.42857142857142855,0.031746031746031744,-0.06710450777646323,0.003886436332251857,-0.005205468792127438,True
156,0.4444444444444444,0.031746031746031744,-0.07018530863279925,0.0032848486048824475,-0.00512553516157148,True
157,0.4603174603174603,0.031746031746031744,-0.07266268715415118,0.0025192199904267524,-0.004970397310483517,True
158,0.47619047619047616,0.031746031746031744,-0.07434178549118815,0.0016644826185234552,-0.0047377052056551735,True
159,0.49206349206349204,0.031746031746031744,-0.07519550379532318,0.0006947913738854861,-0.004435829929404694,True
160,0.5079365079365079,0.031746031746031744,-0.07513001722142076,-0.0003232943222438649,-0.004069216067133096,True
161,0.5238095238095237,0.031746031746031744,-0.07406147422803178,-0.00142105097752804,-0.003657056068670819,True
162,0.5396825396825397,0.031746031746031744,-0.07210477983639396,-0.0024954452288592785,-0.0032156892466269466,True
163,0.5555555555555556,0.031746031746031744,-0.06919785063201953,-0.0035540362384286414,-0.0027651001973021112,True
164,0.5714285714285714,0.031746031746031744,-0.06534610389923332,-0.004574945331093747,-0.00233011772533255,True
165,0.5873015873015872,0.031746031746031744,-0.06073288916942235,-0.005468280423721684,-0.001933147573544005,True
166,0.6031746031746031,0.031746031746031744,-0.055308968930589814,-0.006270601062229683,-0.0016001622555540998,True
167,0.6190476190476191,0.031746031746031744,-0.0493101478803924,-0.0068972657738274965,-0.0013500139457704187,True
168,0.6349206349206349,0.031746031746031744,-0.042889665444561506,-0.007335950339844789,-0.0012010193272500845,True
169,0.6507936507936507,0.031746031746031744,-0.036129971022887696,-0.007575950465452415,-0.0011663323671953995,True
170,0.6666666666666666,0.031746031746031744,-0.02923656803848836,-0.00760351871140725,-0.0012505882357062282,True
171,0.6825396825396826,0.031746031746031744,-0.022408084594494032,-0.007416825731541624,-0.001454347537401692,True
172,0.6984126984126984,0.031746031746031744,-0.015820147705151586,-0.007029405421669547,-0.0017708755515418511,True
173,0.7142857142857142,0.031746031746031744,-0.00956355030052936,-0.006444517947186447,-0.0021852285880342988,True
174,0.7301587301587301,0.031746031746031744,-0.003960972093848589,-0.0057319197412948105,-0.0026798520882927624,True
175,0.746031746031746,0.031746031746031744,0.0010756510786752251,-0.0048724237759375354,-0.003232553553279754,True
176,0.7619047619047619,0.031746031746031744,0.0053271213321390955,-0.003935620872616169,-0.0038208247609340055,True
177,0.7777777777777777,0.031746031746031744,0.00871077125202154,-0.0029851559174945658,-0.004421507365116518,True
178,0.7936507936507936,0.031746031746031744,0.01131497364449248,-0.0020071687757157787,-0.005012751153945409,True
179,0.8095238095238095,0.031746031746031744,0.01301617826331219,-0.0010861936180251899,-0.005576092407915294,True
180,0.8253968253968254,0.031746031746031744,0.01395913519930344,-0.00022935774639884634,-0.006097993819577893,True
181,0.8412698412698412,0.031746031746031744,0.014125951176319974,0.0005275680593853206,-0.006566209434717437,True
182,0.8571428571428571,0.031746031746031744,0.013651373207587456,0.001178566503145788,-0.00697480655353552,True
183,0.873015873015873,0.031746031746031744,0.012604619658962764,0.001703142474180931,-0.0073197236976527335,True
184,0.8888888888888888,0.031746031746031744,0.011109358291504556,0.002099065800639969,-0.007600328298934113,True
185,0.9047619047619047,0.031746031746031744,0.009280932306201879,0.0023568878824354383,-0.007817469698126378,True
186,0.9206349206349206,0.031746031746031744,0.007258906827858486,0.002463815194858711,-0.007973539409908414,True
187,0.9365079365079365,0.031746031746031744,0.0051823789054667975,0.002394022624079724,-0.008071536140227747,True
188,0.9523809523809523,0.031746031746031744,0.0032260776508964634,0.0021092612621185724,-0.008115732458235655,True
189,0.9682539682539681,0.031746031746031744,0.0015759643256297018,0.0015687218767009904,-0.008112035050336676,True
190,0.9841269841269841,0.031746031746031744,0.00043444488725758156,0.0007854126002150451,-0.008068178432139608,True
191,1.0,0.031746031746031744,1.009913417385437e-07,7.022326069545809e-07,-0.007996313324224015,True
192,0.0,0.047619047619047616,-5.898933921536881e-10,4.939811749919456e-07,2.263524887017945e-05,True
193,0.015873015873015872,0.047619047619047616,0.00021149683711538144,-0.0008422746417873015,5.139817553458939e-05,True
194,0.031746031746031744,0.047619047619047616,0.0005972633073921412,-0.0011077687836630703,4.128065597002459e-05,True
195,0.047619047619047616,0.047619047619047616,0.0009102691214763453,-0.0009507562065547224,-5.1919800431374965e-06,True
196,0.06349206349206349,0.047619047619047616,0.000990417438982192,-0.000515061076551266,-8.346299418986606e-05,True
197,0.07936507936507936,0.047619047619047616,0.0007369416320839376,8.432630941325281e-05,-0.00018948528534414434,True
198,0.09523809523809523,0.047619047619047616,8.472582210081396e-05,0.0007718717867921392,-0.0003195578590309173,True
199,0.1111111111111111,0.047619047619047616,-0.0009933498588667517,0.0014924874303896302,-0.0004708389916282457,True
200,0.12698412698412698,0.047619047619047616,-0.002525479092677352,0.0022281359401383955,-0.000641016797932567,True
201,0.14285714285714285,0.047619047619047616,-0.004526908109682709,0.002969633682988357,-0.0008288522341829214,True
202,0.15873015873015872,0.047619047619047616,-0.006988664995384569,0.0037095680985889793,-0.0010337756812827648,True
203,0.1746031746031746,0.047619047619047616,-0.009937515257309687,0.004459842090200578,-0.0012556189726230748,True
204,0.19047619047619047,0.047619047619047616,-0.013350444590602847,0.005214165116984928,-0.00149464466700864,True
205,0.20634920634920634,0.047619047619047616,-0.017286649534283913,0.005989867889367309,-0.0017499822136332346,True
206,0.2222222222222222,0.047619047619047616,-0.02168685268162964,0.006766075960185751,-0.002022232273752995,True
207,0.23809523809523808,0.047619047619047616,-0.026563469251688506,0.007536744993859924,-0.0023097334775939323,True
208,0.25396825396825395,0.047619047619047616,-0.03189495527993723,0.008290017145385261,-0.0026111380063807916,True
209,0.2698412698412698,0.047619047619047616,-0.037646592918147925,0.009000082273597235,-0.0029233694413644254,True
210,0.2857142857142857,0.047619047619047616,-0.04373488768395143,0.009639731732007429,-0.0032425026731707283,True
211,0.30158730158730157,0.047619047619047616,-0.05020714797238504,0.010193032140551275,-0.0035637540959271917,True
212,0.31746031746031744,0.047619047619047616,-0.05683822288774814,0.010611783829630283,-0.0038804566861014196,True
213,0.3333333333333333,0.047619047619047616,-0.06360085299573703,0.010874984343114388,-0.004185215372143731,True
214,0.3492063492063492,0.047619047619047616,-0.07037794606554917,0.010950750577158967,-0.004469481147404105,True
215,0.36507936507936506,0.047619047619047616,-0.07695781089009403,0.010819095153894202,-0.00472212939187936,True
216,0.38095238095238093,0.047619047619047616,-0.0833531493976675,0.010437626924295411,-0.004936217874209096,True
217,0.3968253968253968,0.047619047619047616,-0.08927353868798893,0.009827829558660284,-0.005098175501110624,True
218,0.4126984126984127,0.047619047619047616,-0.0946851248684282,0.008921266678163493,-0.0052017613996073785,True
219,0.42857142857142855,0.047619047619047616,-0.09934541727074143,0.0077962738303506635,-0.005234987285657399,True
220,0.4444444444444444,0.047619047619047616,-0.10318864112368845,0.006407119181760341,-0.005194349285258075,True
221,0.4603174603174603,0.047619047619047616,-0.10610930619181888,0.004771554341386197,-0.005077400565097561,True
222,0.47619047619047616,0.047619047619047616,-0.10792911006055844,0.002967458731838366,-0.004879861576337623,True
223,0.49206349206349204,0.047619047619047616,-0.10865620852648136,0.0009703813828463444,-0.004610824848115125,True
224,0.5079365079365079,0.047619047619047616,-0.10818822944488188,-0.0011533762434902106,-0.0042754591404559165,True
225,0.5238095238095237,0.047619047619047616,-0.10653003984722867,-0.0032712469577820666,-0.0038880065232700157,True
226,0.5396825396825397,0.047619047619047616,-0.10360660548157181,-0.005504427963302545,-0.003469497669279229,True
227,0.5555555555555556,0.047619047619047616,-0.09957532565106139,-0.007583328932666915,-0.0030348354850748363,True
228,0.5714285714285714,0.047619047619047616,-0.09436900890719911,-0.009586343899440354,-0.002612195074216515,True
229,0.5873015873015872,0.047619047619047616,-0.0881854418204652,-0.011374863745540238,-0.0022223698168592687,True
230,0.6031746031746031,0.047619047619047616,-0.08106527698449456,-0.012928552361722728,-0.0018917738810803532,True
231,0.6190476190476191,0.047619047619047616,-0.07320987426330117,-0.014159432831504667,-0.0016424479520667327,True
232,0.6349206349206349,0.047619047619047616,-0.06474819263527383,-0.015049769342473051,-0.0014900542844850134,True
233,0.6507936507936507,0.047619047619047616,-0.05590405535923589,-0.015546233038741426,-0.0014517298289336471,True
234,0.6666666666666666,0.047619047619047616,-0.04684309926591214,-0.015636884072484952,-0.0015287568671758405,True
235,0.6825396825396826,0.047619047619047616,-0.03779623836728639,-0.01531698478465876,-0.0017244105060446237,True
236,0.6984126984126984,0.047619047619047616,-0.028971903760212383,-0.014600869011179473,-0.0020312108360544005,True
237,0.7142857142857142,0.047619047619047616,-0.02061944822922599,-0.013535490606209384,-0.0024352770963265444,True
238,0.7301587301587301,0.047619047619047616,-0.012808515464119105,-0.012140343149001968,-0.002917355485332161,True
239,0.746031746031746,0.047619047619047616,-0.005782040758932868,-0.010500425615366408,-0.0034559260203884433,True
240,0.7619047619047619,0.047619047619047616,0.00033046863664941965,-0.008684892368311192,-0.004028030847489615,True
241,0.7777777777777777,0.047619047619047616,0.005444297727353135,-0.0067700841530185475,-0.004609957097873369,True
242,0.7936507936507936,0.047619047619047616,0.009503044555883976,-0.0048301229366668015,-0.005180359701820558,True
243,0.8095238095238095,0.047619047619047616,0.01248116319610939,-0.0029495020482439827,-0.005721335558076026,True
244,0.8253968253968254,0.047619047619047616,0.01440642187372071,-0.0011838901494281733,-0.0062184984972871,True
245,0.8412698412698412,0.047619047619047616,0.015314993671365058,0.00039884435847978083,-0.006662141383382576,True
246,0.8571428571428571,0.047619047619047616,0.015356570524791587,0.0017965330844680492,-0.007046342278817026,True
247,0.873015873015873,0.047619047619047616,0.014580589694978743,0.0029451576264846696,-0.007368586507379207,True
248,0.8888888888888888,0.047619047619047616,0.013151079800428754,0.003832215057262166,-0.0076297489534241595,True
249,0.9047619047619047,0.047619047619047616,0.011211125334403845,0.00443535200053908,-0.007831743377733786,True
250,0.9206349206349206,0.047619047619047616,0.008939254387810154,0.0047217195087076195,-0.007978056186474718,True
251,0.9365079365079365,0.047619047619047616,0.0065213874261377,0.004656041316910404,-0.008071557712849144,True
252,0.9523809523809523,0.047619047619047616,0.0041668097812226496,0.00417220483444422,-0.008115288179495118,True
253,0.9682539682539681,0.047619047619047616,0.0021102499948031004,0.0032159648016746884,-0.008110966243697096,True
254,0.9841269841269841,0.047619047619047616,0.0006079209397995838,0.001770169302050789,-0.008057607442670483,True
255,1.0,0.047619047619047616,1.5370442263029128e-07,2.564560863770995e-06,-0.00795898217975857,True
256,0.0,0.06349206349206349,-2.593868860169194e-08,-6.985752307692222e-07,0.00012220341907844928,True
257,0.015873015873015872,0.06349206349206349,0.00014024265025565399,-0.0011332679550369637,0.0001389458633517082,True
258,0.031746031746031744,0.06349206349206349,0.000325108378775808,-0.0013718183888000873,0.00011917679589489744,True
259,0.047619047619047616,0.06349206349206349,0.00031685257185254536,-0.0009924585498966004,6.657985780925577e-05,True
260,0.06349206349206349,0.06349206349206349,-3.886823925281765e-05,-0.00021197544033120432,-1.4036438673409063e-05,True
261,0.07936507936507936,0.06349206349206349,-0.0008414506997221584,0.000813478860860827,-0.00011858090235168857,True
262,0.09523809523809523,0.06349206349206349,-0.0021453494736917273,0.001970732652653477,-0.00024385565027103056,True
263,0.1111111111111111,0.06349206349206349,-0.003999312642223207,0.0032006303415527135,-0.00038744322364577904,True
264,0.12698412698412698,0.06349206349206349,-0.0064112108969898995,0.004454303891670027,-0.000548211850338899,True
265,0.14285714285714285,0.06349206349206349,-0.009404546999031075,0.005721965069249597,-0.000725549289330376,True
266,0.15873015873015872,0.06349206349206349,-0.012996706083237509,0.0070020886220072765,-0.0009196397308136873,True
267,0.1746031746031746,0.06349206349206349,-0.01722201196897119,0.008307348928316704,-0.0011309153424302477,True
268,0.19047619047619047,0.06349206349206349,-0.022052255838223466,0.009622045806931094,-0.001360622009009745,True
269,0.20634920634920634,0.06349206349206349,-0.027478988495142118,0.010937081659671145,-0.0016089507767527498,True
270,0.2222222222222222,0.06349206349206349,-0.0335043571724358,0.012249406328848123,-0.0018769106242382005,True
271,0.23809523809523808,0.06349206349206349,-0.04011924267342502,0.01353711910087694,-0.0021634992408287096,True
272,0.25396825396825395,0.06349206349206349,-0.04725506920518546,0.014764263445364018,-0.002468363644180698,True
273,0.2698412698412698,0.06349206349206349,-0.05486300556759085,0.015894886587622465,-0.002789142587726805,True
274,0.2857142857142857,0.06349206349206349,-0.06286047213321927,0.016883419232665463,-0.003122368835211058,True
275,0.30158730158730157,0.06349206349206349,-0.07113397215591939,0.017680218172381832,-0.003463103816468124,True
276,0.31746031746031744,0.06349206349206349,-0.07960626683737439,0.01824183149383944,-0.0038064584110224075,True
277,0.3333333333333333,0.06349206349206349,-0.08808595314347714,0.01851409253165096,-0.00414286857849106,True
278,0.3492063492063492,0.06349206349206349,-0.0964355846535472,0.018457784782489814,-0.004463935337098844,True
279,0.36507936507936506,0.06349206349206349,-0.1044826631224918,0.018045521859055683,-0.004758284067732623,True
280,0.38095238095238093,0.06349206349206349,-0.11214033589341618,0.017210687521978157,-0.005018624948996757,True
281,0.3968253968253968,0.06349206349206349,-0.11912638634417641,0.016014898495799398,-0.005226766733306487,True
282,0.4126984126984127,0.06349206349206349,-0.12538145383609964,0.014384873967121705,-0.0053779266114824835,True
283,0.42857142857142855,0.06349206349206349,-0.13066360634137075,0.01235855783853116,-0.005457886103498818,True
284,0.4444444444444444,0.06349206349206349,-0.13495736932816382,0.009955819715720285,-0.005463110628133549,True
285,0.4603174603174603,0.06349206349206349,-0.13806601574930524,0.007232290911714273,-0.0053849505210455265,True
286,0.47619047619047616,0.06349206349206349,-0.1399314056392006,0.004202510915557344,-0.005225685165450139,True
287,0.49206349206349204,0.06349206349206349,-0.14049762532875779,0.000967957238010823,-0.004986034514170129,True
288,0.5079365079365079,0.06349206349206349,-0.13964125358267973,-0.0024390994498559317,-0.004672605934911073,True
289,0.5238095238095237,0.06349206349206349,-0.13748833104058855,-0.005890334849542722,-0.004302995615580833,True
290,0.5396825396825397,0.06349206349206349,-0.13394408615113523,-0.009368269759146224,-0.0038919492825570797,True
291,0.5555555555555556,0.06349206349206349,-0.12907384052508583,-0.012675720839897518,-0.0034612286590809662,True
292,0.5714285714285714,0.06349206349206349,-0.122943371213826,-0.01582675024833571,-0.003034183561287447,True
293,0.5873015873015872,0.06349206349206349,-0.11567612218538716,-0.01865910273702864,-0.002634992683578067,True
294,0.6031746031746031,0.06349206349206349,-0.10736483529324539,-0.021117438564049625,-0.0022881797723073465,True
295,0.6190476190476191,0.06349206349206349,-0.09817275241784383,-0.02308556307014622,-0.0020207134940383445,True
296,0.6349206349206349,0.06349206349206349,-0.08822770070639069,-0.024534795471853763,-0.001851906599519467,True
297,0.6507936507936507,0.06349206349206349,-0.07781271213252501,-0.025384093205476264,-0.001790134003435663,True
298,0.6666666666666666,0.06349206349206349,-0.06708349000232988,-0.025616222081592633,-0.0018476856301698605,True
299,0.6825396825396826,0.06349206349206349,-0.056269163999008276,-0.025215835566897292,-0.0020259237928930657,True
300,0.6984126984126984,0.06349206349206349,-0.045606911609412,-0.02420340770855479,-0.002316005035057343,True
301,0.7142857142857142,0.06349206349206349,-0.03529787242497546,-0.022617410945384664,-0.0027037947956429563,True
302,0.7301587301587301,0.06349206349206349,-0.025628973284467657,-0.02053290144387346,-0.0031739507691783252,True
303,0.746031746031746,0.06349206349206349,-0.01672302544218447,-0.018023510866374045,-0.003700959817477316,True
304,0.7619047619047619,0.06349206349206349,-0.008745218937729357,-0.015190056081304332,-0.004260957984616597,True
305,0.7777777777777777,0.06349206349206349,-0.001961822945681365,-0.012220848200549047,-0.00483075950571917,True
306,0.7936507936507936,0.06349206349206349,0.0037498730241230537,-0.009112576439250787,-0.005387170695872997,True
307,0.8095238095238095,0.06349206349206349,0.008182090620564023,-0.0060768480555002825,-0.0059124460786931675,True
308,0.8253968253968254,0.06349206349206349,0.011384554537757106,-0.003175663610730216,-0.006391642183731085,True
309,0.8412698412698412,0.06349206349206349,0.013395365099772714,-0.0005135558126051457,-0.006815828497570869,True
310,0.8571428571428571,0.06349206349206349,0.014291038080788479,0.0018369015467261595,-0.0071798468443164684,True
311,0.873015873015873,0.06349206349206349,0.01417754432215788,0.0038144301857095182,-0.0074824053032967715,True
312,0.8888888888888888,0.06349206349206349,0.01321449720504962,0.00538018751093775,-0.007725315325678768,True
313,0.9047619047619047,0.06349206349206349,0.011566421070501227,0.0064916464210984,-0.007911861284273784,True
314,0.9206349206349206,0.06349206349206349,0.009428301835698158,0.007094230038491068,-0.008046492230421368,True
315,0.9365079365079365,0.06349206349206349,0.007016007715282016,0.007129464233844944,-0.008132368052615116,True
316,0.9523809523809523,0.06349206349206349,0.004566182112757654,0.006510998470058695,-0.008171690835492938,True
317,0.9682539682539681,0.06349206349206349,0.002349735652788887,0.005144948419407301,-0.008163601764118905,True
318,0.9841269841269841,0.06349206349206349,0.0006869222173657814,0.002973774781373252,-0.00810306235125132,True
319,1.0,0.06349206349206349,-2.244032676115996e-08,-1.4474929186386894e-06,-0.007991458369925554,True
320,0.0,0.07936507936507936,9.2577513780641e-09,1.9203041388295722e-07,0.00026904617100094257,True
321,0.015873015873015872,0.07936507936507936,2.0919071992226502e-05,-0.0012425898157211956,0.00026539977946301376,True
322,0.031746031746031744,0.07936507936507936,-0.00010836458158893717,-0.0013018656432739158,0.00023000229645736081,True
323,0.047619047619047616,0.07936507936507936,-0.0005897788448105565,-0.0005688145029393003,0.00016704418273514002,True
324,0.06349206349206349,0.07936507936507936,-0.001553571352319303,0.0006773266860422664,8.084885676198847e-05,True
325,0.07936507936507936,0.07936507936507936,-0.0030719278522943305,0.002233702635089972,-2.507532361644199e-05,True
326,0.09523809523809523,0.07936507936507936,-0.005199381649650991,0.003970282302604476,-0.00014835125800207496,True
327,0.1111111111111111,0.07936507936507936,-0.007970975679282143,0.005805146893791111,-0.00028758991053974835,True
328,0.12698412698412698,0.07936507936507936,-0.011418533583053704,0.007696315211260498,-0.0004423587452212816,True
329,0.14285714285714285,0.07936507936507936,-0.015556497236185785,0.009617946799541281,-0.0006131793687426721,True
330,0.15873015873015872,0.07936507936507936,-0.020426640199725225,0.011575894431218654,-0.0008012166488812682,True
331,0.1746031746031746,0.07936507936507936,-0.025974101191421458,0.013530175071962035,-0.0010079724661238713,True
332,0.19047619047619047,0.07936507936507936,-0.03228007242639686,0.015515454398569514,-0.001235599659246894,True
333,0.20634920634920634,0.07936507936507936,-0.03927045512498771,0.01748381305515212,-0.0014854450236948065,True
334,0.2222222222222222,0.07936507936507936,-0.04696065705256869,0.01942842067672845,-0.0017595494177426517,True
335,0.23809523809523808,0.07936507936507936,-0.05527294745385051,0.02129339540408641,-0.0020576212655195264,True
336,0.25396825396825395,0.07936507936507936,-0.06416572968294078,0.023041114997238925,-0.0023805609772053504,True
337,0.2698412698412698,0.07936507936507936,-0.0735217025389698,0.02459868736394193,-0.0027258500754011095,True
338,0.2857142857142857,0.07936507936507936,-0.08324780400584895,0.025912210891895864,-0.00309182797399862,True
339,0.30158730158730157,0.07936507936507936,-0.09321720689947852,0.026905524558953862,-0.003473817275378657,True
340,0.31746031746031744,0.07936507936507936,-0.10322142186893662,0.027510599794648618,-0.003862789245077486,True
341,0.3333333333333333,0.07936507936507936,-0.11314415133049327,0.027670285124631083,-0.004252287679212762,True
342,0.3492063492063492,0.07936507936507936,-0.12279241704053817,0.027337570980682544,-0.004631440161314697,True
343,0.36507936507936506,0.07936507936507936,-0.13203294140561467,0.026444182963971163,-0.004991691209133468,True
344,0.38095238095238093,0.07936507936507936,-0.14059424663197662,0.02502174972436564,-0.005312819937242352,True
345,0.3968253968253968,0.07936507936507936,-0.14839187493624953,0.023019768926859595,-0.00558750536263631,True
346,0.4126984126984127,0.07936507936507936,-0.15523571544852696,0.020450269138310256,-0.0058011112655485305,True
347,0.42857142857142855,0.07936507936507936,-0.16100171141002492,0.01736866664746558,-0.005940704341575129,True
348,0.4444444444444444,0.07936507936507936,-0.16562952062382633,0.013793226356797271,-0.00600002281751083,True
349,0.4603174603174603,0.07936507936507936,-0.1689215899399921,0.009783442316382921,-0.005969590580370644,True
350,0.47619047619047616,0.07936507936507936,-0.17082027241783296,0.005413855376807139,-0.005848997777306129,True
351,0.49206349206349204,0.07936507936507936,-0.1713833216555888,0.0007832421151542099,-0.005640197149950471,True
352,0.5079365079365079,0.07936507936507936,-0.1704216328316527,-0.004045313329794586,-0.005347501436954798,True
353,0.5238095238095237,0.07936507936507936,-0.16800703441964152,-0.0089186255404849,-0.004987546610118922,True
354,0.5396825396825397,0.07936507936507936,-0.16413969638530448,-0.01379582064223433,-0.0045764901779741934,True
355,0.5555555555555556,0.07936507936507936,-0.15883887096151092,-0.018419103780281054,-0.0041366634315159355,True
356,0.5714285714285714,0.07936507936507936,-0.15217661014767597,-0.022902862981308718,-0.003687850760888567,True
357,0.5873015873015872,0.07936507936507936,-0.14425456305116172,-0.02684569356309456,-0.003263035251942574,True
358,0.6031746031746031,0.07936507936507936,-0.13512192029274592,-0.0303612357120293,-0.0028849537789224266,True
359,0.6190476190476191,0.07936507936507936,-0.12500981501449812,-0.033202092813364684,-0.0025765936944518947,True
360,0.6349206349206349,0.07936507936507936,-0.11403543611698182,-0.03532556104552578,-0.0023650448654374935,True
361,0.6507936507936507,0.07936507936507936,-0.10233675746353225,-0.036685339031113574,-0.002260670230377299,True
362,0.6666666666666666,0.07936507936507936,-0.09022225892366631,-0.037174314904388286,-0.002278504244694794,True
363,0.6825396825396826,0.07936507936507936,-0.07788692154816092,-0.03680583435236036,-0.0024172571726197643,True
364,0.6984126984126984,0.07936507936507936,-0.06557180335823264,-0.03558087016051902,-0.0026734972889313506,True
365,0.7142857142857142,0.07936507936507936,-0.053531668296355674,-0.03354802416459861,-0.003033515908462715,True
366,0.7301587301587301,0.07936507936507936,-0.0420173761873936,-0.03079551860143364,-0.0034785456485279457,True
367,0.746031746031746,0.07936507936507936,-0.031246523972434704,-0.02741510995693188,-0.003986258783088415,True
368,0.7619047619047619,0.07936507936507936,-0.021405052465882573,-0.023545947847351825,-0.0045301938678255285,True
369,0.7777777777777777,0.07936507936507936,-0.012756779283913762,-0.019386499525118724,-0.005086466068501311,True
370,0.7936507936507936,0.07936507936507936,-0.005313776137186129,-0.015026187467871986,-0.005630025550867357,True
371,0.8095238095238095,0.07936507936507936,0.0007837371057346859,-0.010676669136078945,-0.006142336874951062,True
372,0.8253968253968254,0.07936507936507936,0.005498101757245612,-0.006479570301158627,-0.006607970949556948,True
373,0.8412698412698412,0.07936507936507936,0.008867162207789476,-0.0025610811879462052,-0.007017186972121695,True
374,0.8571428571428571,0.07936507936507936,0.010924571249100484,0.0009438286754767861,-0.007365127586071971,True
375,0.873015873015873,0.07936507936507936,0.011794677957661768,0.0039532261515708165,-0.007651260010087629,True
376,0.8888888888888888,0.07936507936507936,0.011624300184775033,0.006390078605864796,-0.007878350031547052,True
377,0.9047619047619047,0.07936507936507936,0.010577338483462621,0.008173225171056826,-0.008050911583038587,True
378,0.9206349206349206,0.07936507936507936,0.008883939030126468,0.009248243986843086,-0.008173907436791259,True
379,0.9365079365079365,0.07936507936507936,0.006762075990935884,0.009511093633142289,-0.008251713949207384,True
380,0.9523809523809523,0.07936507936507936,0.0044780194765471504,0.008854138181459522,-0.008286118202815286,True
381,0.9682539682539681,0.07936507936507936,0.0023326904564714523,0.007145916944047254,-0.008275454477795841,True
382,0.9841269841269841,0.07936507936507936,0.0006859985416029258,0.004241209912909984,-0.008213573930248536,True
383,1.0,0.07936507936507936,2.4689600916416916e-08,-1.9538715076911413e-06,-0.008101486396891263,True
384,0.0,0.09523809523809523,1.7920589999792418e-08,-5.122882906196901e-07,0.00045509355665886375,True
385,0.015873015873015872,0.09523809523809523,-0.00013417988784426117,-0.0010928374739892323,0.00042468724227480263,True
386,0.031746031746031744,0.09523809523809523,-0.0006686398288958811,-0.0007801537642813437,0.00036852092447385923,True
387,0.047619047619047616,0.09523809523809523,-0.0017491191221146289,0.0004631424102086474,0.00029166821982583194,True
388,0.06349206349206349,0.09523809523809523,-0.0034582056362781654,0.0022986759537384754,0.0001971762457336737,True
389,0.07936507936507936,0.09523809523809523,-0.005840095481877147,0.004500083176404199,8.732275509972336e-05,True
390,0.09523809523809523,0.09523809523809523,-0.008922053660231506,0.006909772462348587,-3.686938421538461e-05,True
391,0.1111111111111111,0.09523809523809523,-0.012751690984199801,0.009457050557970933,-0.0001752441202899098,True
392,0.12698412698412698,0.09523809523809523,-0.017331679645544724,0.012073100876222908,-0.00032851113868853486,True
393,0.14285714285714285,0.09523809523809523,-0.022721976722422144,0.014756526900387323,-0.0004983924641185592,True
394,0.15873015873015872,0.09523809523809523,-0.0289158126936977,0.017476277400330337,-0.0006873504710905842,True
395,0.1746031746031746,0.09523809523809523,-0.03588596166272753,0.02019874452367577,-0.0008980134657460299,True
396,0.19047619047619047,0.09523809523809523,-0.04368102335066089,0.022933481673446075,-0.0011336282157204144,True
397,0.20634920634920634,0.09523809523809523,-0.05226739099182257,0.02564250164738784,-0.0013972824284618254,True
398,0.2222222222222222,0.09523809523809523,-0.06161375772912449,0.028282965376302854,-0.0016924865935010022,True
399,0.23809523809523808,0.09523809523809523,-0.07155757398254191,0.03075242250715222,-0.0020186915814358565,True
400,0.25396825396825395,0.09523809523809523,-0.08210497921203169,0.03301976815128423,-0.0023792193757405035,True
401,0.2698412698412698,0.09523809523809523,-0.09306443151847381,0.03497330351237969,-0.0027706597079213495,True
402,0.2857142857142857,0.09523809523809523,-0.10430843120507718,0.036541933938032733,-0.003190811698395221,True
403,0.30158730158730157,0.09523809523809523,-0.11575538746448155,0.03763312558276292,-0.0036393703120816833,True
404,0.31746031746031744,0.09523809523809523,-0.1270892017700202,0.03816456771752001,-0.0041003019544204235,True
405,0.3333333333333333,0.09523809523809523,-0.13820509652497381,0.038067638493862334,-0.004569659153631617,True
406,0.3492063492063492,0.09523809523809523,-0.14891130324066204,0.03729432541376399,-0.005033395020154055,True
407,0.36507936507936506,0.09523809523809523,-0.15900794644158658,0.03579689441298153,-0.005479275771818554,True
408,0.38095238095238093,0.09523809523809523,-0.16836453000589668,0.0335945851548148,-0.005888098571835198,True
409,0.3968253968253968,0.09523809523809523,-0.17679548112278298,0.030663078414776678,-0.0062482608537752,True
410,0.4126984126984127,0.09523809523809523,-0.18417282909358976,0.027021502122705134,-0.006544400481786009,True
411,0.42857142857142855,0.09523809523809523,-0.1903558834263868,0.022779049860172786,-0.006758425529708469,True
412,0.4444444444444444,0.09523809523809523,-0.19532754958072915,0.01789424300228074,-0.006886236512768915,True
413,0.4603174603174603,0.09523809523809523,-0.19891586698250668,0.01252698132500882,-0.0069136322417023685,True
414,0.47619047619047616,0.09523809523809523,-0.2010656571988805,0.00674944775310095,-0.006840179298197295,True
415,0.49206349206349204,0.09523809523809523,-0.20178625691611973,0.0006113220127632286,-0.006666266237828978,True
416,0.5079365079365079,0.09523809523809523,-0.2009819929522574,-0.005673000673070114,-0.006394174013451534,True
417,0.5238095238095237,0.09523809523809523,-0.19863024561992554,-0.012062635457354072,-0.006042129163563977,True
418,0.5396825396825397,0.09523809523809523,-0.19476773922109192,-0.01840055438756995,-0.0056248184577412244,True
419,0.5555555555555556,0.09523809523809523,-0.18940446880083808,-0.02452888589971705,-0.005162318415345254,True
420,0.5714285714285714,0.09523809523809523,-0.18255487634334533,-0.030308767236620376,-0.004682474158325339,True
421,0.5873015873015872,0.09523809523809523,-0.17431527351597365,-0.03561037568552268,-0.0042098173904347135,True
422,0.6031746031746031,0.09523809523809523,-0.16476101224800346,-0.04026458442900355,-0.003775974514374462,True
423,0.6190476190476191,0.09523809523809523,-0.1540062593869958,-0.044158401445065845,-0.0034051773597995913,True
424,0.6349206349206349,0.09523809523809523,-0.1422152883065477,-0.04716040501080369,-0.003122154580612129,True
425,0.6507936507936507,0.09523809523809523,-0.12955496780858614,-0.04916760647644351,-0.0029452375781955343,True
426,0.6666666666666666,0.09523809523809523,-0.11624527021875113,-0.050101673899827226,-0.0028897974377415617,True
427,0.6825396825396826,0.09523809523809523,-0.10252641055755495,-0.04992079463540932,-0.0029607870412457675,True
428,0.6984126984126984,0.09523809523809523,-0.08868625705075739,-0.04862695460328267,-0.003156612435465822,True
429,0.7142857142857142,0.09523809523809523,-0.074868976881741,-0.04625179529718097,-0.003458925780251861,True
430,0.7301587301587301,0.09523809523809523,-0.06157272269576481,-0.042919321579717576,-0.003860297481030899,True
431,0.746031746031746,0.09523809523809523,-0.04887295576560587,-0.03871305086061245,-0.004330193730499359,True
432,0.7619047619047619,0.09523809523809523,-0.037088503157200955,-0.03381770035562628,-0.004845074487021454,True
433,0.7777777777777777,0.09523809523809523,-0.026453188056076857,-0.02843105810855841,-0.005378682891141761,True
434,0.7936507936507936,0.09523809523809523,-0.01707548210737459,-0.022731455623620212,-0.005904511050086268,True
435,0.8095238095238095,0.09523809523809523,-0.00914572767577833,-0.016971698448676582,-0.006402486576334847,True
436,0.8253968253968254,0.09523809523809523,-0.002703007838105162,-0.01133179562324304,-0.006855340295156763,True
437,0.8412698412698412,0.09523809523809523,0.0022361243066065877,-0.00600625063582718,-0.00725241339373214,True
438,0.8571428571428571,0.09523809523809523,0.005719947863822519,-0.0011497760765948122,-0.007587811303694838,True
439,0.873015873015873,0.09523809523809523,0.007826766472746556,0.0030769032670118508,-0.007861842484580014,True
440,0.8888888888888888,0.09523809523809523,0.008709013777792499,0.006575790925956645,-0.008076847469004923,True
441,0.9047619047619047,0.09523809523809523,0.008512665338300389,0.00920542225874213,-0.00823855180942822,True
442,0.9206349206349206,0.09523809523809523,0.007511199073491445,0.01091922878349522,-0.00835272335922418,True
443,0.9365079365079365,0.09523809523809523,0.005913549174252203,0.011554655604012748,-0.008424479001078119,True
444,0.9523809523809523,0.09523809523809523,0.004005335217479903,0.01098275260484559,-0.00845613517885994,True
445,0.9682539682539681,0.09523809523809523,0.0021166144016789034,0.009018766294144505,-0.008446439322299399,True
446,0.9841269841269841,0.09523809523809523,0.0006272339104212645,0.005448236479205117,-0.008389503808937158,True
447,1.0,0.09523809523809523,4.116085430189364e-09,-3.5764176469867494e-06,-0.008286664775552685,True
448,0.0,0.1111111111111111,1.6332642085902468e-08,-1.2621863293980373e-06,0.0006705638776621776,True
449,0.015873015873015872,0.1111111111111111,-0.00032034275998792935,-0.0006196080147870211,0.0006081517985374817,True
450,0.031746031746031744,0.1111111111111111,-0.0013450533562600303,0.00030910424653074676,0.0005269929836332633,True
451,0.047619047619047616,0.1111111111111111,-0.0031184786198373005,0.0022246163893492902,0.0004338308026485994,True
452,0.06349206349206349,0.1111111111111111,-0.005679361613989124,0.004780425069624839,0.0003290709506055946,True
453,0.07936507936507936,0.1111111111111111,-0.009023071221790645,0.007716499515031865,0.00021295773224499733,True
454,0.09523809523809523,0.1111111111111111,-0.01318662088149301,0.01091170967822776,8.469160902122555e-05,True
455,0.1111111111111111,0.1111111111111111,-0.01814475409127979,0.01423902925523107,-5.6935371719197005e-05,True
456,0.12698412698412698,0.1111111111111111,-0.02395842748047911,0.01768069920290216,-0.00021439711135900732,True
457,0.14285714285714285,0.1111111111111111,-0.030645384481321595,0.021200561504170618,-0.00039080408216571306,True
458,0.15873015873015872,0.1111111111111111,-0.03820416288527847,0.02476108330572979,-0.0005896808118978419,True
459,0.1746031746031746,0.1111111111111111,-0.04664944662944514,0.028344700339404928,-0.0008156549318537013,True
460,0.19047619047619047,0.1111111111111111,-0.055940615244766276,0.03189774965845511,-0.001072995008939494,True
461,0.20634920634920634,0.1111111111111111,-0.06608727624667117,0.03539125263490476,-0.001367295300281722,True
462,0.2222222222222222,0.1111111111111111,-0.07693889550569072,0.03871133849905382,-0.0017006335642317334,True
463,0.23809523809523808,0.1111111111111111,-0.08848229188641586,0.04180802692006287,-0.002078272170735628,True
464,0.25396825396825395,0.1111111111111111,-0.10053302016135014,0.044552562331087016,-0.002500217184912227,True
465,0.2698412698412698,0.1111111111111111,-0.11295446902945118,0.046842325512979614,-0.0029662072289150182,True
466,0.2857142857142857,0.1111111111111111,-0.12553612426873717,0.04856716816746944,-0.0034690653913514776,True
467,0.30158730158730157,0.1111111111111111,-0.1381521478542746,0.04964162770171011,-0.004007838136552039,True
468,0.31746031746031744,0.1111111111111111,-0.15062361629623072,0.049964443490015824,-0.004574035169519864,True
469,0.3333333333333333,0.1111111111111111,-0.1627141069104448,0.04947877030035415,-0.005151997944686809,True
470,0.3492063492063492,0.1111111111111111,-0.17425613545939247,0.04812417487887624,-0.005730974110797459,True
471,0.36507936507936506,0.1111111111111111,-0.18511044370782836,0.04589178893150362,-0.006291320799252015,True
472,0.38095238095238093,0.1111111111111111,-0.19510536990430086,0.042825425996990525,-0.006810670605300726,True
473,0.3968253968253968,0.1111111111111111,-0.20410096586956478,0.038851145956980214,-0.007283392700625619,True
474,0.4126984126984127,0.1111111111111111,-0.21196895123082315,0.034098730854312816,-0.007681560052092321,True
475,0.42857142857142855,0.1111111111111111,-0.2186681329230618,0.02855412018430978,-0.007995814533818448,True
476,0.4444444444444444,0.1111111111111111,-0.22405351596350037,0.02239219977183257,-0.008205589617120358,True
477,0.4603174603174603,0.1111111111111111,-0.22806899699318028,0.015626010458951387,-0.008306655413598856,True
478,0.47619047619047616,0.1111111111111111,-0.2306405975391667,0.008332254796588182,-0.008294813774761057,True
479,0.49206349206349204,0.1111111111111111,-0.23173229648464172,0.0007765597336661822,-0.00816155832253843,True
480,0.5079365079365079,0.1111111111111111,-0.23131273032465258,-0.007101657041615939,-0.007917782320020874,True
481,0.5238095238095237,0.1111111111111111,-0.22931592502720516,-0.014967132563205546,-0.0075732201212953204,True
482,0.5396825396825397,0.1111111111111111,-0.225776108411967,-0.022951163294702173,-0.007144878127768497,True
483,0.5555555555555556,0.1111111111111111,-0.22059619374224507,-0.030515641687687833,-0.006656213232124588,True
484,0.5714285714285714,0.1111111111111111,-0.21391256743952547,-0.03786812693219114,-0.006123877276550741,True
485,0.5873015873015872,0.1111111111111111,-0.20566035622853385,-0.04457724048806871,-0.005587188485441922,True
486,0.6031746031746031,0.1111111111111111,-0.19594509682346684,-0.05059372691008693,-0.005069713439763993,True
487,0.6190476190476191,0.1111111111111111,-0.18486357686352037,-0.05570238260407894,-0.0046031311311475285,True
488,0.6349206349206349,0.1111111111111111,-0.17249680170143586,-0.059776530569482324,-0.004217406665471651,True
489,0.6507936507936507,0.1111111111111111,-0.15908855042176973,-0.06264954037299016,-0.003930315596404103,True
490,0.6666666666666666,0.1111111111111111,-0.1447625581422471,-0.06423604749582291,-0.003763411812270027,True
491,0.6825396825396826,0.1111111111111111,-0.12980235662195352,-0.06445358487699454,-0.003725666751796918,True
492,0.6984126984126984,0.1111111111111111,-0.11447656933676952,-0.0632815926013299,-0.0038185198929083985,True
493,0.7142857142857142,0.1111111111111111,-0.09902333314600976,-0.06075309985200482,-0.0040303263327991145,True
494,0.7301587301587301,0.1111111111111111,-0.08382758372337039,-0.05694472836575678,-0.004351689908470708,True
495,0.746031746031746,0.1111111111111111,-0.0691518865753377,-0.05200396893688544,-0.004756089177734144,True
496,0.7619047619047619,0.1111111111111111,-0.05529671688900256,-0.046106712676364583,-0.0052188362004027605,True
497,0.7777777777777777,0.1111111111111111,-0.04254927779156489,-0.039511086616046034,-0.005712332770110949,True
498,0.7936507936507936,0.1111111111111111,-0.03108696473270944,-0.0324254495886427,-0.006208580671819477,True
499,0.8095238095238095,0.1111111111111111,-0.021125561446600185,-0.025156394575608032,-0.0066851559143439486,True
500,0.8253968253968254,0.1111111111111111,-0.012752358155603116,-0.01794429956650201,-0.007122292031794943,True
501,0.8412698412698412,0.1111111111111111,-0.006004985010590749,-0.011034114263102579,-0.007507818418827046,True
502,0.8571428571428571,0.1111111111111111,-0.0009293825013733955,-0.0046968688218873,-0.007834036048715642,True
503,0.873015873015873,0.1111111111111111,0.0026430470093933194,0.0009550411139358509,-0.008099940812402166,True
504,0.8888888888888888,0.1111111111111111,0.004770734293277701,0.005689985296998738,-0.008307786012336706,True
505,0.9047619047619047,0.1111111111111111,0.0056562065294350535,0.00938327983380774,-0.008463617217322462,True
506,0.9206349206349206,0.1111111111111111,0.005519422750138093,0.011891770147254416,-0.008573602186715197,True
507,0.9365079365079365,0.1111111111111111,0.004622033083126108,0.01306451035125901,-0.00864352157145509,True
508,0.9523809523809523,0.1111111111111111,0.0032602533424455913,0.01271982505918131,-0.008676516361492631,True
509,0.9682539682539681,0.1111111111111111,0.0017643074702806004,0.010625484794433985,-0.008672175168497873,True
510,0.9841269841269841,0.1111111111111111,0.000529324135829231,0.006507159828746421,-0.00862560386205545,True
511,1.0,0.1111111111111111,4.89404916465833e-09,-2.487577618745868e-06,-0.00853890860624676,True
512,0.0,0.12698412698412698,-2.6962917357923757e-09,2.845779464456862e-07,0.0009035806898332618,True
513,0.015873015873015872,0.12698412698412698,-0.0005329583423907288,0.00022900048278855597,0.0008047976573052679,True
514,0.031746031746031744,0.12698412698412698,-0.0021023221062313117,0.002031576629597052,0.0006960309183701264,True
515,0.047619047619047616,0.12698412698412698,-0.004664382834698285,0.004822644199110435,0.0005844694395099514,True
516,0.06349206349206349,0.12698412698412698,-0.00816635150060188,0.00822857940148785,0.00046778717769109014,True
517,0.07936507936507936,0.12698412698412698,-0.012559858690061836,0.012006627112462186,0.00034323568392155004,True
518,0.09523809523809523,0.12698412698412698,-0.01784007159080463,0.016037045230820557,0.0002075841473147243,True
519,0.1111111111111111,0.12698412698412698,-0.024015693744226525,0.020244348953810436,5.7322514921443074e-05,True
520,0.12698412698412698,0.12698412698412698,-0.03109800293875615,0.024573835367957902,-0.00011136038122029711,True
521,0.14285714285714285,0.12698412698412698,-0.03909978853208972,0.028990211955509233,-0.0003032833472463546,True
522,0.15873015873015872,0.12698412698412698,-0.04806222326052245,0.033474956039454336,-0.00052446587069671,True
523,0.1746031746031746,0.12698412698412698,-0.057945860814841786,0.037957869629197706,-0.0007801892892981653,True
524,0.19047619047619047,0.12698412698412698,-0.06870660797633811,0.04237292371000526,-0.0010773466100133773,True
525,0.20634920634920634,0.12698412698412698,-0.08031423701788952,0.04664850433114343,-0.0014216276617082199,True
526,0.2222222222222222,0.12698412698412698,-0.09263759502510374,0.05066729860890992,-0.0018185118376405117,True
527,0.23809523809523808,0.12698412698412698,-0.10555707293437185,0.05431246317434443,-0.0022703852289375466,True
528,0.25396825396825395,0.12698412698412698,-0.11893282196482875,0.057464518760612676,-0.002782886558483275,True
529,0.2698412698412698,0.12698412698412698,-0.1325935287640068,0.05999138252944875,-0.003352706280627763,True
530,0.2857142857142857,0.12698412698412698,-0.1463159852140055,0.06176751608857782,-0.003973671755797838,True
531,0.30158730158730157,0.12698412698412698,-0.1599687183526982,0.06269842570946621,-0.004640657963265011,True
532,0.31746031746031744,0.12698412698412698,-0.17330971453807317,0.0627040062471084,-0.005338724546378758,True
533,0.3333333333333333,0.12698412698412698,-0.186182913904508,0.061710376368620874,-0.006059296446836196,True
534,0.3492063492063492,0.12698412698412698,-0.19844233645098458,0.059696574500844486,-0.006781996215605757,True
535,0.36507936507936506,0.12698412698412698,-0.2099051828383096,0.056651090077453725,-0.007487758515542442,True
536,0.38095238095238093,0.12698412698412698,-0.22044819645171726,0.05258624279897321,-0.008156924443838733,True
537,0.3968253968253968,0.12698412698412698,-0.2299680756842511,0.04758948377353163,-0.008762240456715777,True
538,0.4126984126984127,0.12698412698412698,-0.23838928839941922,0.041627180238732034,-0.009295544932581326,True
539,0.42857142857142855,0.12698412698412698,-0.24556719213793327,0.03489169427405768,-0.009724267722372596,True
540,0.4444444444444444,0.12698412698412698,-0.2514693945812987,0.02732073112061045,-0.010048542038730573,True
541,0.4603174603174603,0.12698412698412698,-0.25601320891224255,0.01920043601650125,-0.010238568133632322,True
542,0.47619047619047616,0.12698412698412698,-0.2591254493829677,0.01045468712822869,-0.010303484426378772,True
543,0.49206349206349204,0.12698412698412698,-0.2607499357183974,0.0014220631426686955,-0.010226219071070726,True
544,0.5079365079365079,0.12698412698412698,-0.26091355719823756,-0.008062197532664359,-0.010020883330561885,True
545,0.5238095238095237,0.12698412698412698,-0.25947923185238675,-0.017503623207905696,-0.009687028467030614,True
546,0.5396825396825397,0.12698412698412698,-0.2564318512336988,-0.027017734397413208,-0.00924955065170551,True
547,0.5555555555555556,0.12698412698412698,-0.2517329900061328,-0.036264939890692696,-0.008724782467656407,True
548,0.5714285714285714,0.12698412698412698,-0.24545486765081473,-0.04521985447230324,-0.008130269494963793,True
549,0.5873015873015872,0.12698412698412698,-0.2374454834354907,-0.05342591983800526,-0.007515199269158031,True
550,0.6031746031746031,0.12698412698412698,-0.22790630541100998,-0.06102478152903173,-0.00688313979733316,True
551,0.6190476190476191,0.12698412698412698,-0.2167675759583875,-0.06755960249925616,-0.006288427485844963,True
552,0.6349206349206349,0.12698412698412698,-0.2041451543688394,-0.07286114636666512,-0.005766808793434262,True
553,0.6507936507936507,0.12698412698412698,-0.1902151948576267,-0.07689117458994746,-0.0053223913721272345,True
554,0.6666666666666666,0.12698412698412698,-0.1751364302155213,-0.079392337495708,-0.0049931501737522236,True
555,0.6825396825396826,0.12698412698412698,-0.15912257833382912,-0.08026366515547413,-0.004796802060038064,True
556,0.6984126984126984,0.12698412698412698,-0.14242351726025698,-0.079472079327581,-0.004731664880074797,True
557,0.7142857142857142,0.12698412698412698,-0.12543365702242332,-0.07699234183280902,-0.004807440086391298,True
558,0.7301587301587301,0.12698412698412698,-0.10837587987591381,-0.07291570897350244,-0.0050000672954468315,True
559,0.746031746031746,0.12698412698412698,-0.09168817499966772,-0.06736877098634268,-0.005299524936201877,True
560,0.7619047619047619,0.12698412698412698,-0.07568790234166847,-0.06057376585824939,-0.005675640958111117,True
561,0.7777777777777777,0.12698412698412698,-0.060665295674258005,-0.05276824244038652,-0.006100388755544392,True
562,0.7936507936507936,0.12698412698412698,-0.046986057548016394,-0.0442913910844986,-0.006547711558916495,True
563,0.8095238095238095,0.12698412698412698,-0.03476247358066304,-0.035403921391363245,-0.006987989229367781,True
564,0.8253968253968254,0.12698412698412698,-0.02429158224681293,-0.02652523281702448,-0.007402543670153135,True
565,0.8412698412698412,0.12698412698412698,-0.01560033882872932,-0.017929558555050257,-0.0077733491154568166,True
566,0.8571428571428571,0.12698412698412698,-0.008649248891691393,-0.00985365275804572,-0.008091289495223272,True
567,0.873015873015873,0.12698412698412698,-0.003458502142750418,-0.0026189652817208368,-0.008352585798773076,True
568,0.8888888888888888,0.12698412698412698,0.0001010389274364808,0.003560786837571887,-0.008558949654938369,True
569,0.9047619047619047,0.12698412698412698,0.0022140809092058536,0.00849472808669118,-0.008714975149775686,True
570,0.9206349206349206,0.12698412698412698,0.0031079728242333357,0.012004500844944312,-0.008827037407602689,True
571,0.9365079365079365,0.12698412698412698,0.003045979672848927,0.01388838124685016,-0.008901005677882034,True
572,0.9523809523809523,0.12698412698412698,0.0023344227279933055,0.013930943323602311,-0.008940601300702563,True
573,0.9682539682539681,0.12698412698412698,0.001331915550416831,0.011868219945950255,-0.008946452498492024,True
574,0.9841269841269841,0.12698412698412698,0.0004106158131249436,0.007361223183361956,-0.008914965647987312,True
575,1.0,0.12698412698412698,8.011168200137805e-11,2.461389240077913e-07,-0.008848189964984921,True
576,0.0,0.14285714285714285,-5.707841026039096e-08,6.44520492017598e-06,0.001139776807950243,True
577,0.015873015873015872,0.14285714285714285,-0.000768285606614305,0.0014985139716456328,0.0010010724774631074,True
578,0.031746031746031744,0.14285714285714285,-0.0029400618618093863,0.004478855584290974,0.0008625784615953219,True
579,0.047619047619047616,0.14285714285714285,-0.006345946785630666,0.00833023946722525,0.0007317269522449309,True
580,0.06349206349206349,0.14285714285714285,-0.01083385612097029,0.012697959350764386,0.0006020277510789876,True
581,0.07936507936507936,0.14285714285714285,-0.016328934295758046,0.017411012732741444,0.00046648145982283766,True
582,0.09523809523809523,0.14285714285714285,-0.022785647016607284,0.02236146158370699,0.00031921800239715416,True
583,0.1111111111111111,0.14285714285714285,-0.030181175826797912,0.027490417539742087,0.00015426675072082848,True
584,0.12698412698412698,0.14285714285714285,-0.03855737346727992,0.03277748256001721,-3.475919134516714e-05,True
585,0.14285714285714285,0.14285714285714285,-0.04788005694061436,0.03814678653020246,-0.00025359517889399143,True
586,0.15873015873015872,0.14285714285714285,-0.058214550215882586,0.04359516570696851,-0.0005120822144233469,True
587,0.1746031746031746,0.14285714285714285,-0.0694619313495794,0.04899003893035376,-0.0008149895518688472,True
588,0.19047619047619047,0.14285714285714285,-0.08160843831374272,0.054267151613887656,-0.0011719289710857934,True
589,0.20634920634920634,0.14285714285714285,-0.09456656260589319,0.05931095713457084,-0.0015925346462207569,True
590,0.2222222222222222,0.14285714285714285,-0.10819173916353553,0.06396807918051822,-0.0020784069911716314,True
591,0.23809523809523808,0.14285714285714285,-0.12232777472977667,0.06809839899875932,-0.002635790998906688,True
592,0.25396825396825395,0.14285714285714285,-0.13684739837654336,0.071566750306479,-0.0032713901186029373,True
593,0.2698412698412698,0.14285714285714285,-0.15152963622564575,0.07422154635838331,-0.0039772362476453915,True
594,0.2857142857142857,0.14285714285714285,-0.1661873782031325,0.07593182766276023,-0.004753703313332974,True
595,0.30158730158730157,0.14285714285714285,-0.18063475242530133,0.07660434523088838,-0.0055848982763993015,True
596,0.31746031746031744,0.14285714285714285,-0.19469147501069495,0.07619586645194336,-0.006449302297636573,True
597,0.3333333333333333,0.14285714285714285,-0.20819007622592095,0.07460417830980924,-0.007348630391813384,True
598,0.3492063492063492,0.14285714285714285,-0.22098344836657713,0.07185185181563729,-0.00825063755791603,True
599,0.36507936507936506,0.14285714285714285,-0.23295800715985326,0.06789555629083718,-0.009144244978144993,True
600,0.38095238095238093,0.14285714285714285,-0.2439758501861537,0.06291136528190266,-0.00997672239040598,True
601,0.3968253968253968,0.14285714285714285,-0.2539680403384088,0.056782551579599064,-0.01075993067353526,True
602,0.4126984126984127,0.14285714285714285,-0.2628450228275506,0.04966549549206997,-0.01145181566998426,True
603,0.42857142857142855,0.14285714285714285,-0.2705051486619192,0.04169346955095335,-0.012026893013803375,True
604,0.4444444444444444,0.14285714285714285,-0.2769203045621032,0.03279656071463919,-0.012486994128801011,True
605,0.4603174603174603,0.14285714285714285,-0.2819736756479792,0.02335449220606787,-0.01278775421051762,True
606,0.47619047619047616,0.14285714285714285,-0.28569533215066906,0.013159677695167965,-0.012951872945128645,True
607,0.49206349206349204,0.14285714285714285,-0.28795489410090974,0.0025726231320280088,-0.012950797367205748,True
608,0.5079365079365079,0.14285714285714285,-0.28875112513369927,-0.008320512410070209,-0.01279044326583065,True
609,0.5238095238095237,0.14285714285714285,-0.28799515830501654,-0.019437982464587108,-0.012481641984670404,True
610,0.5396825396825397,0.14285714285714285,-0.2856146746750883,-0.030523366355967745,-0.012036992299603646,True
611,0.5555555555555556,0.14285714285714285,-0.2816185890558685,-0.041482184678403235,-0.011471865668779424,True
612,0.5714285714285714,0.14285714285714285,-0.27588144856496166,-0.05198634247277536,-0.010818020051700825,True
613,0.5873015873015872,0.14285714285714285,-0.2684949247618652,-0.06202567667450292,-0.010092763584269093,True
614,0.6031746031746031,0.14285714285714285,-0.2593876156328228,-0.07118887948474195,-0.009336669470742277,True
615,0.6190476190476191,0.14285714285714285,-0.24855865097445765,-0.07934046284684981,-0.008583103547207155,True
616,0.6349206349206349,0.14285714285714285,-0.2360329190173259,-0.08621014485548842,-0.00787102259917461,True
617,0.6507936507936507,0.14285714285714285,-0.22195158774444168,-0.09159612796917165,-0.007228835471960763,True
618,0.6666666666666666,0.14285714285714285,-0.2064600696208443,-0.09529841065224763,-0.006685193837438273,True
619,0.6825396825396826,0.14285714285714285,-0.1897040332913554,-0.09713611093296239,-0.006269682502947713,True
620,0.6984126984126984,0.14285714285714285,-0.17196702617244217,-0.09699347033566064,-0.005998869564816283,True
621,0.7142857142857142,0.14285714285714285,-0.15350367817505528,-0.09488162659896518,-0.005860289680773109,True
622,0.7301587301587301,0.14285714285714285,-0.13478689860897852,-0.09077439598140051,-0.005875651601489541,True
623,0.746031746031746,0.14285714285714285,-0.11609797226290756,-0.0848345786780602,-0.0060107212106595255,True
624,0.7619047619047619,0.14285714285714285,-0.0979105026267337,-0.07727148393623945,-0.006252983354675485,True
625,0.7777777777777777,0.14285714285714285,-0.08053938060373904,-0.06833772290590677,-0.006569908837670203,True
626,0.7936507936507936,0.14285714285714285,-0.06444962562666254,-0.05845140843962397,-0.0069360863483743495,True
627,0.8095238095238095,0.14285714285714285,-0.04994629632833541,-0.04799848468135473,-0.00732182796235073,True
628,0.8253968253968254,0.14285714285714285,-0.03709960238968668,-0.03728023918895432,-0.007696692805105541,True
629,0.8412698412698412,0.14285714285714285,-0.026183536712513764,-0.02677774903862512,-0.008045146103990613,True
630,0.8571428571428571,0.14285714285714285,-0.01723260505755924,-0.016836588850545536,-0.008352505454591689,True
631,0.873015873015873,0.14285714285714285,-0.01025107597489863,-0.007822373084718663,-0.0086116156374904,True
632,0.8888888888888888,0.14285714285714285,-0.005082338582418058,2.8207923516086778e-05,-0.008821073938565188,True
633,0.9047619047619047,0.14285714285714285,-0.0015976658136132769,0.006430645297748929,-0.008983961830484248,True
634,0.9206349206349206,0.14285714285714285,0.00043937540051921,0.011135352960378958,-0.009105065232674904,True
635,0.9365079365079365,0.14285714285714285,0.001301889016206747,0.013908625342989653,-0.00918991541690862,True
636,0.9523809523809523,0.14285714285714285,0.0013290129262101466,0.014540245045447077,-0.009242178210245247,True
637,0.9682539682539681,0.14285714285714285,0.0008671383657048588,0.012683748190795251,-0.009263297199090643,True
638,0.9841269841269841,0.14285714285714285,0.00028711327318891585,0.00797814980108586,-0.009250411223694957,True
639,1.0,0.14285714285714285,-1.5512766017139705e-08,1.0249708072239625e-06,-0.00920486966123578,True
640,0.0,0.15873015873015872,-1.6699033808525246e-07,1.37244397417158e-05,0.001362074704044024,True
641,0.015873015873015872,0.15873015873015872,-0.0010190184106597473,0.0032170011037842288,0.001180980402194657,True
642,0.031746031746031744,0.15873015873015872,-0.0038170876983263384,0.007656912982878998,0.0010119925839435669,True
643,0.047619047619047616,0.15873015873015872,-0.008101251292749276,0.012771447477429336,0.0008610012458373398,True
644,0.06349206349206349,0.15873015873015872,-0.013625853143841786,0.01824183699275096,0.0007168282057484855,True
645,0.07936507936507936,0.15873015873015872,-0.020235782080735242,0.023962241031727508,0.0005674645424990325,True
646,0.09523809523809523,0.15873015873015872,-0.027884696039596077,0.029904485323823563,0.0004029819472830165,True
647,0.1111111111111111,0.15873015873015872,-0.03648234001545406,0.03598539807170432,0.0002164881663124657,True
648,0.12698412698412698,0.15873015873015872,-0.0461261866773199,0.04226982937016443,-3.7904867948033817e-06,True
649,0.14285714285714285,0.15873015873015872,-0.056746627766032016,0.048639220628827126,-0.0002641257687232107,True
650,0.15873015873015872,0.15873015873015872,-0.06833399805504894,0.05502515189117482,-0.0005747007585237689,True
651,0.1746031746031746,0.15873015873015872,-0.08089397327947158,0.06135592368341593,-0.0009465722901851311,True
652,0.19047619047619047,0.15873015873015872,-0.09427332946311626,0.06745562815074041,-0.0013881166731731385,True
653,0.20634920634920634,0.15873015873015872,-0.10843650000405645,0.07321257551607037,-0.0019088252757961759,True
654,0.2222222222222222,0.15873015873015872,-0.12318047622841818,0.07843558523321136,-0.0025159645899230487,True
655,0.23809523809523808,0.15873015873015872,-0.1383902139592466,0.08297582190667208,-0.0032176062950617815,True
656,0.25396825396825395,0.15873015873015872,-0.15382013550313936,0.08664839642225737,-0.004007072679616776,True
657,0.2698412698412698,0.15873015873015872,-0.16931021142252306,0.08931476531560957,-0.004888932784667551,True
658,0.2857142857142857,0.15873015873015872,-0.1846758231745686,0.09086638281079405,-0.00584718177279292,True
659,0.30158730158730157,0.15873015873015872,-0.19974662858255843,0.09118656634779518,-0.006881586438319767,True
660,0.31746031746031744,0.15873015873015872,-0.21431359947811468,0.09024591829362051,-0.007959672351937374,True
661,0.3333333333333333,0.15873015873015872,-0.22825768010082176,0.08800773470190204,-0.009068088767954492,True
662,0.3492063492063492,0.15873015873015872,-0.24144505207708264,0.08440901178512183,-0.01019980810227055,True
663,0.36507936507936506,0.15873015873015872,-0.25379336290782933,0.0796355040739715,-0.011288158637169447,True
664,0.38095238095238093,0.15873015873015872,-0.26516535820627823,0.07358898937672038,-0.01234324722357561,True
665,0.3968253968253968,0.15873015873015872,-0.2754430037047856,0.06636633922252629,-0.013328742017651878,True
666,0.4126984126984127,0.15873015873015872,-0.28467416006410323,0.058129623040433676,-0.014205088506810383,True
667,0.42857142857142855,0.15873015873015872,-0.29269479731262893,0.04891411813034164,-0.014959541021438708,True
668,0.4444444444444444,0.15873015873015872,-0.2995223513036839,0.03881156913153412,-0.015570834699191906,True
669,0.4603174603174603,0.15873015873015872,-0.305088930785338,0.02796780706764677,-0.016018396411408408,True
670,0.47619047619047616,0.15873015873015872,-0.3092751597429624,0.016388642305155444,-0.01630109021337217,True
671,0.49206349206349204,0.15873015873015872,-0.3121386236528378,0.004463093862499321,-0.01638529432739325,True
672,0.5079365079365079,0.15873015873015872,-0.3135345029726486,-0.008023407254501467,-0.016298431425319976,True
673,0.5238095238095237,0.15873015873015872,-0.3134611663063215,-0.020609445898003058,-0.01602267671729356,True
674,0.5396825396825397,0.15873015873015872,-0.311877821994465,-0.03329224586391818,-0.015579827302447917,True
675,0.5555555555555556,0.15873015873015872,-0.3086736137806269,-0.045852161190558544,-0.014983484028930842,True
676,0.5714285714285714,0.15873015873015872,-0.30383350506646506,-0.058103265654532055,-0.014256104954211432,True
677,0.5873015873015872,0.15873015873015872,-0.29734809061824913,-0.06987810986084153,-0.013418102506023995,True
678,0.6031746031746031,0.15873015873015872,-0.28899438870765093,-0.08081619479740652,-0.012516379765860503,True
679,0.6190476190476191,0.15873015873015872,-0.27884910453829354,-0.09072158597772298,-0.01157978479268524,True
680,0.6349206349206349,0.15873015873015872,-0.26689047830732915,-0.09936443511701387,-0.010641566175896667,True
681,0.6507936507936507,0.15873015873015872,-0.253098759191931,-0.1063374722842743,-0.009761879160646626,True
682,0.6666666666666666,0.15873015873015872,-0.23763296213534654,-0.11156621080825015,-0.008949176324622504,True
683,0.6825396825396826,0.15873015873015872,-0.22058254883483555,-0.11468809842830854,-0.008258488399997753,True
684,0.6984126984126984,0.15873015873015872,-0.20217309050687773,-0.11562231137549453,-0.007695468379540644,True
685,0.7142857142857142,0.15873015873015872,-0.18268725133810942,-0.11416208248896005,-0.007299496337450027,True
686,0.7301587301587301,0.15873015873015872,-0.16248692855772512,-0.11039157507805258,-0.007050034368714051,True
687,0.746031746031746,0.15873015873015872,-0.1420206495011629,-0.10434966495390471,-0.006959550642229936,True
688,0.7619047619047619,0.15873015873015872,-0.12175058289327766,-0.09623829550639074,-0.007011734266131052,True
689,0.7777777777777777,0.15873015873015872,-0.10202948704172919,-0.08635661470014212,-0.00716495686402146,True
690,0.7936507936507936,0.15873015873015872,-0.08343884712018475,-0.07511255584772795,-0.0074069173318092475,True
691,0.8095238095238095,0.15873015873015872,-0.0663334164191165,-0.06295763129966257,-0.007700666660826134,True
692,0.8253968253968254,0.15873015873015872,-0.05101263168575393,-0.05036763613094908,-0.008015823382247479,True
693,0.8412698412698412,0.15873015873015872,-0.037749945230364054,-0.03787129816902972,-0.008328221362639682,True
694,0.8571428571428571,0.15873015873015872,-0.0265631280766748,-0.02583792422247054,-0.008618377346882082,True
695,0.873015873015873,0.15873015873015872,-0.017568076686781803,-0.014781204893983194,-0.008874330492391034,True
696,0.8888888888888888,0.15873015873015872,-0.010658374328475157,-0.005049162346808483,-0.00909023737635876,True
697,0.9047619047619047,0.15873015873015872,-0.005673644478227499,0.0030331436995142983,-0.009265451031013507,True
698,0.9206349206349206,0.15873015873015872,-0.002388423231366929,0.00916538856839157,-0.0094026388000838,True
699,0.9365079365079365,0.15873015873015872,-0.000501087603113959,0.013098149083404521,-0.009505506082908795,True
700,0.9523809523809523,0.15873015873015872,0.0003040062824236479,0.014492128028618937,-0.009577038273013982,True
701,0.9682539682539681,0.15873015873015872,0.0004006037245623207,0.013053011555022365,-0.009617841597421444,True
702,0.9841269841269841,0.15873015873015872,0.00016600452208328213,0.008365454786444907,-0.00962591454506456,True
703,1.0,0.15873015873015872,-4.421640122878126e-08,1.8268120734573818e-06,-0.009602364892078242,True
704,0.0,0.1746031746031746,1.3113414559846008e-07,-4.3602534797451805e-06,0.0015509461305002986,True
705,0.015873015873015872,0.1746031746031746,-0.0012816187294274906,0.005426023562704427,0.0013255443613084017,True
706,0.031746031746031744,0.1746031746031746,-0.004730784344857101,0.011638810750737043,0.0011256739631800591,True
707,0.047619047619047616,0.1746031746031746,-0.009904403962317994,0.01818461944940654,0.0009546764866376614,True
708,0.06349206349206349,0.1746031746031746,-0.016455150059935416,0.024862134372861826,0.0007943186314342214,True
709,0.07936507936507936,0.1746031746031746,-0.024178051063713426,0.03165882323996173,0.0006276843743135721,True
710,0.09523809523809523,0.1746031746031746,-0.03296686445668085,0.038604200795903466,0.0004410321202379898,True
711,0.1111111111111111,0.1746031746031746,-0.04277685545749827,0.045723014642711654,0.00022185275238835288,True
712,0.12698412698412698,0.1746031746031746,-0.05360101308798812,0.05299653955397343,-4.0799396124831864e-05,True
713,0.14285714285714285,0.1746031746031746,-0.06543132014030141,0.06036827545947092,-0.0003587753916492386,True
714,0.15873015873015872,0.1746031746031746,-0.07821579527625291,0.06771251389863212,-0.0007414770836117799,True
715,0.1746031746031746,0.1746031746031746,-0.09191954057043439,0.0749220295716823,-0.0012047399850754054,True
716,0.19047619047619047,0.1746031746031746,-0.10642960798047182,0.0818148111961901,-0.0017577332290626714,True
717,0.20634920634920634,0.1746031746031746,-0.12159964391526364,0.08820140687649142,-0.002410905250207071,True
718,0.2222222222222222,0.1746031746031746,-0.13729776698180432,0.09390616459751426,-0.0031728111717262823,True
719,0.23809523809523808,0.1746031746031746,-0.1532903585283468,0.09871871588356364,-0.004043326464622442,True
720,0.25396825396825395,0.1746031746031746,-0.1694484712720357,0.10249378158608158,-0.005029153863635939,True
721,0.2698412698412698,0.1746031746031746,-0.18554750689017613,0.10506202172456654,-0.006126980817902547,True
722,0.2857142857142857,0.1746031746031746,-0.20139416976520155,0.10635548058486387,-0.00730038457829101,True
723,0.30158730158730157,0.1746031746031746,-0.2168609546418437,0.10621038992325717,-0.008583884964159894,True
724,0.31746031746031744,0.1746031746031746,-0.23174455974504246,0.10468326652181233,-0.009904303288608321,True
725,0.3333333333333333,0.1746031746031746,-0.2459471943911976,0.10171129074571372,-0.011265974494085066,True
726,0.3492063492063492,0.1746031746031746,-0.2593248292390942,0.09731429243001022,-0.012637870088495162,True
727,0.36507936507936506,0.1746031746031746,-0.2718093420679198,0.0915673296910204,-0.013983444767624057,True
728,0.38095238095238093,0.1746031746031746,-0.283312212469888,0.0845082963614271,-0.015279140447382182,True
729,0.3968253968253968,0.1746031746031746,-0.2938332107367192,0.0762724496301052,-0.01648365789518783,True
730,0.4126984126984127,0.1746031746031746,-0.3031818645694917,0.06688612549803993,-0.01757997402922777,True
731,0.42857142857142855,0.1746031746031746,-0.31132906069197663,0.05641678508718577,-0.018546155881230753,True
732,0.4444444444444444,0.1746031746031746,-0.31836584781858535,0.0451257235857092,-0.01933420699412896,True
733,0.4603174603174603,0.1746031746031746,-0.32417865783693217,0.03298675221203488,-0.019946880743585225,True
734,0.47619047619047616,0.1746031746031746,-0.32880915178702946,0.020191825268402734,-0.02035779777367228,True
735,0.49206349206349204,0.1746031746031746,-0.33206076530125317,0.00682419306850952,-0.020562478397434223,True
736,0.5079365079365079,0.1746031746031746,-0.3340457056683491,-0.006966524183770388,-0.020550899400419317,True
737,0.5238095238095237,0.1746031746031746,-0.33469568344695666,-0.021040581230685584,-0.020326292175023377,True
738,0.5396825396825397,0.1746031746031746,-0.3338470924342126,-0.035238470372509316,-0.01989941272773774,True
739,0.5555555555555556,0.1746031746031746,-0.331689880400362,-0.04940468485485259,-0.019275027417449065,True
740,0.5714285714285714,0.1746031746031746,-0.327860962172532,-0.06331853949549648,-0.01848105809186558,True
741,0.5873015873015872,0.1746031746031746,-0.3223239858613464,-0.07676252680047137,-0.01754345834324098,True
742,0.6031746031746031,0.1746031746031746,-0.3150902406504242,-0.08945045106631734,-0.016492556674233518,True
743,0.6190476190476191,0.1746031746031746,-0.3061131433605759,-0.10128876506537697,-0.015350179157053898,True
744,0.6349206349206349,0.1746031746031746,-0.2951476188412879,-0.11180199186891927,-0.014172458628751244,True
745,0.6507936507936507,0.1746031746031746,-0.2822072205529092,-0.12063135514594168,-0.013013796449231655,True
746,0.6666666666666666,0.1746031746031746,-0.2673377116720814,-0.12766280644640404,-0.011888680589085208,True
747,0.6825396825396826,0.1746031746031746,-0.25057637501197016,-0.13245900877976938,-0.010858353236606092,True
748,0.6984126984126984,0.1746031746031746,-0.2320591574018294,-0.1347976475307951,-0.009954613312690768,True
749,0.7142857142857142,0.1746031746031746,-0.21206766246720918,-0.13450951849130052,-0.009202374325077967,True
750,0.7301587301587301,0.1746031746031746,-0.190868713214697,-0.13145804051302745,-0.00862605505076765,True
751,0.746031746031746,0.1746031746031746,-0.1689477050673321,-0.1256861079867652,-0.008233868641467022,True
752,0.7619047619047619,0.1746031746031746,-0.14676407643737946,-0.11736018840850063,-0.00801149979704108,True
753,0.7777777777777777,0.1746031746031746,-0.12485985435278377,-0.10676689920599335,-0.007943234111542125,True
754,0.7936507936507936,0.1746031746031746,-0.10378484787437121,-0.0943243187366601,-0.008004307378822113,True
755,0.8095238095238095,0.1746031746031746,-0.08407145655913341,-0.08056467601778478,-0.008163689464705026,True
756,0.8253968253968254,0.1746031746031746,-0.06607165237814523,-0.06601474612854669,-0.008383318369577163,True
757,0.8412698412698412,0.1746031746031746,-0.05021018248702526,-0.051336004478979576,-0.00863721787522136,True
758,0.8571428571428571,0.1746031746031746,-0.03663107252043049,-0.037058651294917845,-0.008897102185642325,True
759,0.873015873015873,0.1746031746031746,-0.025431467055764812,-0.0237299376955864,-0.009144477638579293,True
760,0.8888888888888888,0.1746031746031746,-0.016592111276018357,-0.011841821105510617,-0.00936721358340879,True
761,0.9047619047619047,0.1746031746031746,-0.009955168927379228,-0.0017901871319107449,-0.009559180464400718,True
762,0.9206349206349206,0.1746031746031746,-0.005311995498447467,0.006044968355822777,-0.009718343801737738,True
763,0.9365079365079365,0.1746031746031746,-0.002344560700296771,0.01134722341763949,-0.009845943604129737,True
764,0.9523809523809523,0.1746031746031746,-0.0007176701984332706,0.013776655161828962,-0.009942475946117812,True
765,0.9682539682539681,0.1746031746031746,-5.206833497751014e-05,0.012965671048072216,-0.010007623628325465,True
766,0.9841269841269841,0.1746031746031746,5.260556565256401e-05,0.008518168721347225,-0.01003910444059995,True
767,1.0,0.1746031746031746,1.202273238641907e-08,-3.530343877167246e-07,-0.010036230352088204,True
768,0.0,0.19047619047619047,-1.0199964748638512e-08,1.3567813435237285e-05,0.0016832120563723865,True
769,0.015873015873015872,0.19047619047619047,-0.001546874139971512,0.00811992922022448,0.0014140108412859253,True
770,0.031746031746031744,0.19047619047619047,-0.005662785702811905,0.016444959227495455,0.001182752693314374,True
771,0.047619047619047616,0.19047619047619047,-0.011702247010420807,0.024570215648782114,0.0009917859795239427,True
772,0.06349206349206349,0.19047619047619047,-0.0192562290158192,0.03254372853976406,0.0008141058641772755,True
773,0.07936507936507936,0.19047619047619047,-0.02804414998531474,0.04046508550380034,0.0006255701540417119,True
774,0.09523809523809523,0.19047619047619047,-0.03795952923101568,0.04848746625357925,0.0004076784184085106,True
775,0.1111111111111111,0.19047619047619047,-0.0488580991763412,0.05659732853625961,0.0001481824010715487,True
776,0.12698412698412698,0.19047619047619047,-0.06079641235750787,0.06488062747666551,-0.00017112470681014805,True
777,0.14285714285714285,0.19047619047619047,-0.07371232380345576,0.07322165485047223,-0.0005619156564870547,True
778,0.15873015873015872,0.19047619047619047,-0.08755255475687822,0.08149199735507424,-0.0010391730284190018,True
779,0.1746031746031746,0.19047619047619047,-0.10228509511705333,0.08955187226799463,-0.0016205552682178996,True
780,0.19047619047619047,0.19047619047619047,-0.11769488826312,0.0971292004719263,-0.002309479420355474,True
781,0.20634920634920634,0.19047619047619047,-0.13371739307729122,0.10407364676952405,-0.0031293718000844793,True
782,0.2222222222222222,0.19047619047619047,-0.15010380767742817,0.11012660191142197,-0.004073863494300672,True
783,0.23809523809523808,0.19047619047619047,-0.16672678034731142,0.11512636365602473,-0.005153300760859291,True
784,0.25396825396825395,0.19047619047619047,-0.1833605734200831,0.11887392279962919,-0.0063730482752688885,True
785,0.2698412698412698,0.19047619047619047,-0.1998471317864379,0.1212566177363798,-0.007710323848114492,True
786,0.2857142857142857,0.19047619047619047,-0.2159466632356447,0.1221277350756862,-0.009167225156958442,True
787,0.30158730158730157,0.19047619047619047,-0.2315932070061744,0.1214905965507295,-0.010707052719015729,True
788,0.31746031746031744,0.19047619047619047,-0.24656108663320148,0.11928039142853496,-0.012313153515972192,True
789,0.3333333333333333,0.19047619047619047,-0.2607745294294175,0.11552511984750885,-0.013955890066646144,True
790,0.3492063492063492,0.19047619047619047,-0.2741144875840308,0.11026807971626057,-0.015601427797335511,True
791,0.36507936507936506,0.19047619047619047,-0.28654309720279414,0.10355252956978907,-0.01722565783912816,True
792,0.38095238095238093,0.19047619047619047,-0.29788780645561685,0.09543665114004825,-0.01879190715346371,True
793,0.3968253968253968,0.19047619047619047,-0.30823548801126777,0.08613186309265604,-0.02024583896731634,True
794,0.4126984126984127,0.19047619047619047,-0.3174320416555432,0.0755949870713522,-0.02158566658154811,True
795,0.42857142857142855,0.19047619047619047,-0.3255698099440922,0.06405371037550027,-0.02275855595785957,True
796,0.4444444444444444,0.19047619047619047,-0.33254910912532865,0.05153176455880804,-0.023757257627655872,True
797,0.4603174603174603,0.19047619047619047,-0.3383896865382509,0.038218569480749524,-0.024544773078155238,True
798,0.47619047619047616,0.19047619047619047,-0.3431075569147183,0.024255013726269623,-0.02510394178305341,True
799,0.49206349206349204,0.19047619047619047,-0.3466615949160129,0.009604603132284948,-0.02543951791763522,True
800,0.5079365079365079,0.19047619047619047,-0.349110612534216,-0.005380702025686557,-0.02551949043790789,True
801,0.5238095238095237,0.19047619047619047,-0.35034533823424346,-0.020760458138837846,-0.025359737608403765,True
802,0.5396825396825397,0.19047619047619047,-0.35029839441776256,-0.036323266142060585,-0.024960328126349726,True
803,0.5555555555555556,0.19047619047619047,-0.34894256732389767,-0.05191015109926042,-0.02433163736295171,True
804,0.5714285714285714,0.19047619047619047,-0.34631763422275164,-0.06734946340775998,-0.023486107248613233,True
805,0.5873015873015872,0.19047619047619047,-0.34214337472506784,-0.08240836168073407,-0.022449913986432243,True
806,0.6031746031746031,0.19047619047619047,-0.3363368756557819,-0.09690709882899128,-0.021249548820773716,True
807,0.6190476190476191,0.19047619047619047,-0.3286207719748689,-0.11044321093139971,-0.019931862787834216,True
808,0.6349206349206349,0.19047619047619047,-0.31930208046510233,-0.12300882653415995,-0.018497846622146853,True
809,0.6507936507936507,0.19047619047619047,-0.30770782577409006,-0.13387622047295916,-0.017043954921917133,True
810,0.6666666666666666,0.19047619047619047,-0.29410769936991366,-0.14296656314767708,-0.015575880184850024,True
811,0.6825396825396826,0.19047619047619047,-0.27832255224612185,-0.14976084765326175,-0.014167609825140945,True
812,0.6984126984126984,0.19047619047619047,-0.26039911085888545,-0.15390147239705873,-0.012871300324656342,True
813,0.7142857142857142,0.19047619047619047,-0.24056462168864928,-0.15525551989391342,-0.011693974372236147,True
814,0.7301587301587301,0.19047619047619047,-0.21903537323601824,-0.15344561655088926,-0.010710988039629256,True
815,0.746031746031746,0.19047619047619047,-0.19621242803125277,-0.14845178304754583,-0.009932994073089473,True
816,0.7619047619047619,0.19047619047619047,-0.1725684801622891,-0.14037467395130573,-0.009352703624388637,True
817,0.7777777777777777,0.19047619047619047,-0.148785073408405,-0.12945340169363756,-0.008985943109606062,True
818,0.7936507936507936,0.19047619047619047,-0.12538451303948056,-0.11609308562680219,-0.008792572962927639,True
819,0.8095238095238095,0.19047619047619047,-0.10304673282825354,-0.10084726769045883,-0.00875721882081147,True
820,0.8253968253968254,0.19047619047619047,-0.08230180304082528,-0.08437300236380914,-0.008834469950709354,True
821,0.8412698412698412,0.19047619047619047,-0.06371279187146336,-0.06744463798747942,-0.008997821239374027,True
822,0.8571428571428571,0.19047619047619047,-0.04748502425498945,-0.05068406330961608,-0.009205196719396803,True
823,0.873015873015873,0.19047619047619047,-0.03390916508233819,-0.03486788643921927,-0.009433174018297089,True
824,0.8888888888888888,0.19047619047619047,-0.022929581070628834,-0.0205145624929784,-0.00965884015634604,True
825,0.9047619047619047,0.19047619047619047,-0.014488466142868403,-0.008201378083841965,-0.00986888557553417,True
826,0.9206349206349206,0.19047619047619047,-0.008372381692316468,0.001614544898768155,-0.010054539502023483,True
827,0.9365079365079365,0.19047619047619047,-0.004207589614851133,0.008635056238440901,-0.010213546015764253,True
828,0.9523809523809523,0.19047619047619047,-0.001744180166071844,0.012318565574598171,-0.010339756271908349,True
829,0.9682539682539681,0.19047619047619047,-0.00048364411775406375,0.012428259140543817,-0.010433745241537073,True
830,0.9841269841269841,0.19047619047619047,-4.9775096532636645e-05,0.008460526913480884,-0.01049031270009654,True
831,1.0,0.19047619047619047,5.6769959142419195e-08,4.730598643122059e-07,-0.010507332275775482,True
832,0.0,0.20634920634920634,7.893690161744583e-08,-9.940920127596094e-06,0.0017366498526667558,True
833,0.015873015873015872,0.20634920634920634,-0.0018054160984079116,0.01128249396219268,0.001423779167960948,True
834,0.031746031746031744,0.20634920634920634,-0.006539892435775964,0.02195797450190801,0.001163793324177829,True
835,0.047619047619047616,0.20634920634920634,-0.013439059997837078,0.03188848042373167,0.0009519258046729392,True
836,0.06349206349206349,0.20634920634920634,-0.021958310463849422,0.041258509492903266,0.0007530068436467906,True
837,0.07936507936507936,0.20634920634920634,-0.031751010239108576,0.0503377806907478,0.0005381332988426252,True
838,0.09523809523809523,0.20634920634920634,-0.04265612579388754,0.059387361935852694,0.0002834665375820143,True
839,0.1111111111111111,0.20634920634920634,-0.05459580842869989,0.06854300716872141,-3.083839623570122e-05,True
840,0.12698412698412698,0.20634920634920634,-0.06752364314549746,0.07780852561546661,-0.0004213922201547815,True
841,0.14285714285714285,0.20634920634920634,-0.08140513186050857,0.08710532682384478,-0.0009068920791458547,True
842,0.15873015873015872,0.20634920634920634,-0.09616546404487591,0.09625153990620436,-0.001500213008964959,True
843,0.1746031746031746,0.20634920634920634,-0.11167878750305943,0.10502943311025746,-0.0022172866999269616,True
844,0.19047619047619047,0.20634920634920634,-0.12784933614547417,0.11323729001536235,-0.003078859413671915,True
845,0.20634920634920634,0.20634920634920634,-0.14447306689315395,0.12060352975778509,-0.004083044815519061,True
846,0.2222222222222222,0.20634920634920634,-0.16138673854519375,0.12691793888268466,-0.005251298665032726,True
847,0.23809523809523808,0.20634920634920634,-0.1783835109162896,0.13196484041305775,-0.006578332241606238,True
848,0.25396825396825395,0.20634920634920634,-0.19527973282171404,0.13558053610391346,-0.008058072572249128,True
849,0.2698412698412698,0.20634920634920634,-0.21187442093675318,0.13761811501417281,-0.009688031307812425,True
850,0.2857142857142857,0.20634920634920634,-0.2280508959468192,0.13806843279237188,-0.011415807485593442,True
851,0.30158730158730157,0.20634920634920634,-0.2435757501914282,0.13676425065659845,-0.013273683718061955,True
852,0.31746031746031744,0.20634920634920634,-0.25838764290705457,0.13380894156009376,-0.015186920857150525,True
853,0.3333333333333333,0.20634920634920634,-0.2723399620756673,0.12918280384425157,-0.01714210740829205,True
854,0.3492063492063492,0.20634920634920634,-0.2853754262519284,0.12299907892495263,-0.019085966022347675,True
855,0.36507936507936506,0.20634920634920634,-0.2974054732155163,0.11525445911760664,-0.0210109636504403,True
856,0.38095238095238093,0.20634920634920634,-0.3084012165703265,0.10614268869211543,-0.0228466695507261,True
857,0.3968253968253968,0.20634920634920634,-0.31822479637437756,0.09568158803880611,-0.024578269730750026,True
858,0.4126984126984127,0.20634920634920634,-0.3270884912408942,0.0840933191469492,-0.026159929382200676,True
859,0.42857142857142855,0.20634920634920634,-0.3348518738792919,0.07143424810501829,-0.02756593817440093,True
860,0.4444444444444444,0.20634920634920634,-0.34148250402978503,0.057852457110403904,-0.028760972472406995,True
861,0.4603174603174603,0.20634920634920634,-0.3471842964328189,0.04348275048407307,-0.029730471369327837,True
862,0.47619047619047616,0.20634920634920634,-0.3518090495679105,0.02834185997173838,-0.030461944397651514,True
863,0.49206349206349204,0.20634920634920634,-0.3554784798350228,0.012772309645547717,-0.030913097993303756,True
864,0.5079365079365079,0.20634920634920634,-0.3580990269668072,-0.0034015823918213217,-0.031108907694793124,True
865,0.5238095238095237,0.20634920634920634,-0.35979903827465465,-0.019854759451557454,-0.031023207035362693,True
866,0.5396825396825397,0.20634920634920634,-0.3604738277461143,-0.036572314751305575,-0.03066811852565393,True
867,0.5555555555555556,0.20634920634920634,-0.3599778466909596,-0.05336696151740697,-0.03004645513542904,True
868,0.5714285714285714,0.20634920634920634,-0.3583821881721833,-0.07011791300230512,-0.029172717833266082,True
869,0.5873015873015872,0.20634920634920634,-0.35555165624936624,-0.08664737643096311,-0.028063329479646872,True
870,0.6031746031746031,0.20634920634920634,-0.3513463430125849,-0.10273298324132854,-0.026742331209919715,True
871,0.6190476190476191,0.20634920634920634,-0.345583805162802,-0.11819521568199984,-0.025231345612717566,True
872,0.6349206349206349,0.20634920634920634,-0.3377985974422725,-0.13246488284687433,-0.02359628973576256,True
873,0.6507936507936507,0.20634920634920634,-0.3282957553104741,-0.14557174775114748,-0.02183629386349335,True
874,0.6666666666666666,0.20634920634920634,-0.3165053861656004,-0.15683038377927125,-0.020033078001764057,True
875,0.6825396825396826,0.20634920634920634,-0.30236259311573854,-0.16588587306583777,-0.01823065994039677,True
876,0.6984126984126984,0.20634920634920634,-0.28579118837243817,-0.17224339911516898,-0.016498576024938056,True
877,0.7142857142857142,0.20634920634920634,-0.26699577994792606,-0.1757278143462969,-0.01484937666927228,True
878,0.7301587301587301,0.20634920634920634,-0.24587519772097088,-0.17567950528698892,-0.01339641130531107,True
879,0.746031746031746,0.20634920634920634,-0.2228858628814027,-0.17207590722765329,-0.012142877844690272,True
880,0.7619047619047619,0.20634920634920634,-0.19848624088034655,-0.164820098167309,-0.011132475856339566,True
881,0.7777777777777777,0.20634920634920634,-0.1732286213213848,-0.1540754200363196,-0.010362097260890603,True
882,0.7936507936507936,0.20634920634920634,-0.1478545902423925,-0.14019236823865144,-0.009840275935985318,True
883,0.8095238095238095,0.20634920634920634,-0.12308786509237354,-0.12375425550710338,-0.009534474053635259,True
884,0.8253968253968254,0.20634920634920634,-0.09967002957163279,-0.1054966238519387,-0.00941610471069007,True
885,0.8412698412698412,0.20634920634920634,-0.07824844684543085,-0.08627956425226564,-0.009442607079568618,True
886,0.8571428571428571,0.20634920634920634,-0.059293000701331894,-0.06696685206892126,-0.00956977116591735,True
887,0.873015873015873,0.20634920634920634,-0.0430703856911869,-0.04834922771738748,-0.009758339580247502,True
888,0.8888888888888888,0.20634920634920634,-0.02975587849793276,-0.031237696989803405,-0.009978100032646552,True
889,0.9047619047619047,0.20634920634920634,-0.019327133082077983,-0.016321973848415952,-0.010203890636951924,True
890,0.9206349206349206,0.20634920634920634,-0.011561353941738075,-0.0041279506694075875,-0.01041888483632999,True
891,0.9365079365079365,0.20634920634920634,-0.006172171663407418,0.004838388527551759,-0.010611381482526957,True
892,0.9523809523809523,0.20634920634920634,-0.00275649139765898,0.010185159274082508,-0.01077395985541338,True
893,0.9682539682539681,0.20634920634920634,-0.0009036918385128086,0.01144476823493256,-0.010900057354853242,True
894,0.9841269841269841,0.20634920634920634,-0.00014654671135594,0.00819017561630964,-0.010983733599438269,True
895,1.0,0.20634920634920634,4.010896280630402e-09,1.2975130845781402e-07,-0.01101966262607005,True
896,0.0,0.2222222222222222,6.038676654515598e-07,-2.5355323127207046e-05,0.0016852473353757569,True
897,0.015873015873015872,0.2222222222222222,-0.0020513009730173254,0.014916569487467005,0.0013312858671808453,True
898,0.031746031746031744,0.2222222222222222,-0.007379477272599402,0.028236240115841794,0.001043044747471704,True
899,0.047619047619047616,0.2222222222222222,-0.01507304988610074,0.04010105464286668,0.0008095375235834062,True
900,0.06349206349206349,0.2222222222222222,-0.02446859434002514,0.05091031491036404,0.0005882307924014745,True
901,0.07936507936507936,0.2222222222222222,-0.03517985428811509,0.0611844660211048,0.00033947223789700424,True
902,0.09523809523809523,0.2222222222222222,-0.04699602856048068,0.07127963129446241,3.9122468661952294e-05,True
903,0.1111111111111111,0.2222222222222222,-0.05982557945151165,0.0814258625469866,-0.0003402867294901744,True
904,0.12698412698412698,0.2222222222222222,-0.0736126080465445,0.09164490541902334,-0.0008180326560417829,True
905,0.14285714285714285,0.2222222222222222,-0.08828833994512011,0.10181863271596105,-0.0014128957140470899,True
906,0.15873015873015872,0.2222222222222222,-0.10376763895119527,0.11175733777667331,-0.002145630815767973,True
907,0.1746031746031746,0.2222222222222222,-0.11994304253128849,0.12121826241547043,-0.003032911510053076,True
908,0.19047619047619047,0.2222222222222222,-0.13662558400527627,0.1299137657478601,-0.004089781307143148,True
909,0.20634920634920634,0.2222222222222222,-0.15366162339534334,0.1375965056028889,-0.0053142835017510924,True
910,0.2222222222222222,0.2222222222222222,-0.17084195969602378,0.14402172269371433,-0.006733994370618876,True
911,0.23809523809523808,0.2222222222222222,-0.18799292829675884,0.14900055774512885,-0.008329063417179238,True
912,0.25396825396825395,0.2222222222222222,-0.20489596353605385,0.1523451293098663,-0.010106333423715762,True
913,0.2698412698412698,0.2222222222222222,-0.22141049261106846,0.15397786074744738,-0.01203166564657967,True
914,0.2857142857142857,0.2222222222222222,-0.23731634098753243,0.15377570109036778,-0.01410628597058659,True
915,0.30158730158730157,0.2222222222222222,-0.25253787994573235,0.1517783205278823,-0.016278708066973173,True
916,0.31746031746031744,0.2222222222222222,-0.2668812108684495,0.14796786665011102,-0.01851930195885363,True
917,0.3333333333333333,0.2222222222222222,-0.2803437159017786,0.14244080036230006,-0.02078934754198099,True
918,0.3492063492063492,0.2222222222222222,-0.29273225673946046,0.13520166766420644,-0.023061309944456872,True
919,0.36507936507936506,0.2222222222222222,-0.3040919321381471,0.12644387953645383,-0.02527286907964161,True
920,0.38095238095238093,0.2222222222222222,-0.3143269790133811,0.11618753811657345,-0.02741030476100042,True
921,0.3968253968253968,0.2222222222222222,-0.3235816428102312,0.10472699314961093,-0.02939595603759252,True
922,0.4126984126984127,0.2222222222222222,-0.3317067939391551,0.09204481903786402,-0.03122513655063567,True
923,0.42857142857142855,0.2222222222222222,-0.33883858171170933,0.078342219063319,-0.03285646636000871,True
924,0.4444444444444444,0.2222222222222222,-0.34507060591906424,0.06380380587120867,-0.03425017970955795,True
925,0.4603174603174603,0.2222222222222222,-0.35025939020219193,0.04842195723202812,-0.03540101412799329,True
926,0.47619047619047616,0.2222222222222222,-0.3546678405807321,0.03243412840755205,-0.036278290193892095,True
927,0.49206349206349204,0.2222222222222222,-0.35822257216389536,0.01589104698323546,-0.03687160027685469,True
928,0.5079365079365079,0.2222222222222222,-0.36094948874356314,-0.0011306033405622826,-0.03717233227574372,True
929,0.5238095238095237,0.2222222222222222,-0.3628747660021035,-0.018459055668753527,-0.03716749760854204,True
930,0.5396825396825397,0.2222222222222222,-0.36405441523995874,-0.03615050292858116,-0.036874595157401366,True
931,0.5555555555555556,0.2222222222222222,-0.36434899497519785,-0.05389561605340441,-0.03627930106229459,True
932,0.5714285714285714,0.2222222222222222,-0.3638142653772699,-0.07173020816384447,-0.035398663303655604,True
933,0.5873015873015872,0.2222222222222222,-0.3622708503775783,-0.08947273755686674,-0.03424326225867067,True
934,0.6031746031746031,0.2222222222222222,-0.359454079644868,-0.10686688743858717,-0.03283470318724106,True
935,0.6190476190476191,0.2222222222222222,-0.35547828074897103,-0.12383735462048347,-0.031189657966403862,True
936,0.6349206349206349,0.2222222222222222,-0.3499864893968529,-0.14005278311678662,-0.029342981739889556,True
937,0.6507936507936507,0.2222222222222222,-0.34255076027101466,-0.1550694839748904,-0.027341715040372857,True
938,0.6666666666666666,0.2222222222222222,-0.33305623507229803,-0.16853888753854981,-0.02522901242635687,True
939,0.6825396825396826,0.2222222222222222,-0.3212650019925437,-0.1800554883064236,-0.023045085770926392,True
940,0.6984126984126984,0.2222222222222222,-0.306934168621151,-0.18907521884299072,-0.020852460566388908,True
941,0.7142857142857142,0.2222222222222222,-0.28980834207735184,-0.19493303999980033,-0.018739303544184745,True
942,0.7301587301587301,0.2222222222222222,-0.2700999842668249,-0.1972971538846459,-0.016756155352000514,True
943,0.746031746031746,0.2222222222222222,-0.24788353565749396,-0.19574369191544203,-0.014965733015571242,True
944,0.7619047619047619,0.2222222222222222,-0.22348915181704565,-0.1899753773959451,-0.013436834104560678,True
945,0.7777777777777777,0.2222222222222222,-0.19759492164185338,-0.1800660183724272,-0.012203509325888146,True
946,0.7936507936507936,0.2222222222222222,-0.17082226937314088,-0.16630732759060277,-0.01124206913657628,True
947,0.8095238095238095,0.2222222222222222,-0.14405096448624521,-0.14913573823379356,-0.010592815858923936,True
948,0.8253968253968254,0.2222222222222222,-0.11812696186165328,-0.12938684185704677,-0.01019246476600072,True
949,0.8412698412698412,0.2222222222222222,-0.09391125722247189,-0.1079906913372114,-0.010021986178369052,True
950,0.8571428571428571,0.2222222222222222,-0.0720550834286445,-0.08597829998249952,-0.01002194780763165,True
951,0.873015873015873,0.2222222222222222,-0.053067440493697625,-0.06439573038975663,-0.010143295928055846,True
952,0.8888888888888888,0.2222222222222222,-0.03725651824527715,-0.04426787123097044,-0.010341752496008766,True
953,0.9047619047619047,0.2222222222222222,-0.02457624413834245,-0.026297569835602913,-0.010576500191842725,True
954,0.9206349206349206,0.2222222222222222,-0.015049481114248609,-0.011429983277865366,-0.01081884515061609,True
955,0.9365079365079365,0.2222222222222222,-0.00825842522040965,-6.674744969360934e-05,-0.011048777564527195,True
956,0.9523809523809523,0.2222222222222222,-0.0038379395155314503,0.007242818740949717,-0.011250467472259737,True
957,0.9682539682539681,0.2222222222222222,-0.0013422848937560854,0.00998410973658907,-0.011412093229184126,True
958,0.9841269841269841,0.2222222222222222,-0.0002436047883726224,0.007720245418729584,-0.011525522171453884,True
959,1.0,0.2222222222222222,3.6608322569202524e-08,1.8303368695328425e-06,-0.011581141867716912,True
960,0.0,0.23809523809523808,-3.2209136311995137e-07,-3.92745556438102e-06,0.0015052686723546216,True
961,0.015873015873015872,0.23809523809523808,-0.0022761857719715067,0.018993395901985583,0.001113495853622148,True
962,0.031746031746031744,0.23809523809523808,-0.008147011993965326,0.03522559991437908,0.0007995755325490117,True
963,0.047619047619047616,0.23809523809523808,-0.01654170748096974,0.04910921696063003,0.0005449212140469586,True
964,0.06349206349206349,0.23809523809523808,-0.026713292835130704,0.06140032628973659,0.0002976735723796898,True
965,0.07936507936507936,0.23809523809523808,-0.03822996917724233,0.07286514883165167,1.0566356806327448e-05,True
966,0.09523809523809523,0.23809523809523808,-0.05084079511418735,0.08401329014208839,-0.00034820871913161935,True
967,0.1111111111111111,0.23809523809523808,-0.06443180805698344,0.09512330988584367,-0.0008049488959250941,True
968,0.12698412698412698,0.23809523809523808,-0.07891893353706897,0.10623342935815991,-0.0013836527649217444,True
969,0.14285714285714285,0.23809523809523808,-0.09421569825137209,0.1172171292859499,-0.0021080583486139557,True
970,0.15873015873015872,0.23809523809523808,-0.11023047387503374,0.12785231952079434,-0.002999991870009855,True
971,0.1746031746031746,0.23809523809523808,-0.12684537881998753,0.13786926498298888,-0.004074204235613272,True
972,0.19047619047619047,0.23809523809523808,-0.14384819701239868,0.1469467031268734,-0.005346810902944835,True
973,0.20634920634920634,0.23809523809523808,-0.1610804548813645,0.15482557775733446,-0.006823657383089045,True
974,0.2222222222222222,0.23809523809523808,-0.17830647293796809,0.16123527277461946,-0.008523473814042776,True
975,0.23809523809523808,0.23809523809523808,-0.1953705557575458,0.16600122760278269,-0.010420439119875639,True
976,0.25396825396825395,0.23809523809523808,-0.21206635278615427,0.16896180251786716,-0.012511921294030894,True
977,0.2698412698412698,0.23809523809523808,-0.2281925955049796,0.17001186067129517,-0.014766783556500915,True
978,0.2857142857142857,0.23809523809523808,-0.24362969753415267,0.16909967608100893,-0.017182590703605578,True
979,0.30158730158730157,0.23809523809523808,-0.2582805422809829,0.1662952749150797,-0.01968336830653835,True
980,0.31746031746031744,0.23809523809523808,-0.2718752268462838,0.16149631950766355,-0.022271016626829895,True
981,0.3333333333333333,0.23809523809523808,-0.2845332010018724,0.1549399723345772,-0.024872476940209897,True
982,0.3492063492063492,0.23809523809523808,-0.2960581696987779,0.1466565226621395,-0.027445002613458894,True
983,0.36507936507936506,0.23809523809523808,-0.30652901854107584,0.1367950400768221,-0.029962814350387744,True
984,0.38095238095238093,0.23809523809523808,-0.31588631687643093,0.12551247981731722,-0.03235922598438194,True
985,0.3968253968253968,0.23809523809523808,-0.32420202711666507,0.11296339481733599,-0.03460463836013608,True
986,0.4126984126984127,0.23809523809523808,-0.33152271815453294,0.09930519252077795,-0.0366591992466633,True
987,0.42857142857142855,0.23809523809523808,-0.33784379810662407,0.08464699322735562,-0.038492450767867906,True
988,0.4444444444444444,0.23809523809523808,-0.3433139376433668,0.06915698174986477,-0.04008100402083465,True
989,0.4603174603174603,0.23809523809523808,-0.34808226582261115,0.05302132837482672,-0.041391092320393764,True
990,0.47619047619047616,0.23809523809523808,-0.35197148394303257,0.03619851427423386,-0.04241832864961974,True
991,0.49206349206349204,0.23809523809523808,-0.35526139860639216,0.01895582202361459,-0.04312839985626343,True
992,0.5079365079365079,0.23809523809523808,-0.35792623437597343,0.0012410994642018342,-0.04353972742605663,True
993,0.5238095238095237,0.23809523809523808,-0.35999391772586037,-0.016834966088632823,-0.043629060504744105,True
994,0.5396825396825397,0.23809523809523808,-0.3614990162537727,-0.03511985024716281,-0.04339150306994314,True
995,0.5555555555555556,0.23809523809523808,-0.36247434028227227,-0.05367632675196642,-0.04284692396814353,True
996,0.5714285714285714,0.23809523809523808,-0.3626593013417989,-0.07225419009687428,-0.04197897624121313,True
997,0.5873015873015872,0.23809523809523808,-0.362293550057345,-0.09093474119135798,-0.04081172190310271,True
998,0.6031746031746031,0.23809523809523808,-0.3610198432216235,-0.10945224586145275,-0.03935000816241674,True
999,0.6190476190476191,0.23809523809523808,-0.3586520526302812,-0.12763927737859332,-0.03761465372554403,True
1000,0.6349206349206349,0.23809523809523808,-0.3551424183024528,-0.1453854046578338,-0.03561705276085762,True
1001,0.6507936507936507,0.23809523809523808,-0.350038555233027,-0.1621876749983507,-0.03341687876515256,True
1002,0.6666666666666666,0.23809523809523808,-0.34318080200929346,-0.1778772182651771,-0.031021376717315165,True
1003,0.6825396825396826,0.23809523809523808,-0.3340977269546307,-0.19180721496812927,-0.02850702225514176,True
1004,0.6984126984126984,0.23809523809523808,-0.32243186381292865,-0.20345349398961193,-0.025920733804887783,True
1005,0.7142857142857142,0.23809523809523808,-0.30795106694732477,-0.21220040390371037,-0.023331672884897882,True
1006,0.7301587301587301,0.23809523809523808,-0.29042111688977845,-0.2173812499611021,-0.020821233227018808,True
1007,0.746031746031746,0.23809523809523808,-0.2698899844427399,-0.21844154486111653,-0.01847492295786412,True
1008,0.7619047619047619,0.23809523809523808,-0.24650250112083777,-0.21489543013040155,-0.016375663392429924,True
1009,0.7777777777777777,0.23809523809523808,-0.22086412760501037,-0.20673535447297026,-0.01454654117229788,True
1010,0.7936507936507936,0.23809523809523808,-0.1935170799011473,-0.19382042113616588,-0.013077755907368649,True
1011,0.8095238095238095,0.23809523809523808,-0.16532126411901366,-0.17656503582637342,-0.011980454776933632,True
1012,0.8253968253968254,0.23809523809523808,-0.13735301484043183,-0.1558027841181749,-0.011229808412239816,True
1013,0.8412698412698412,0.23809523809523808,-0.11057625467417836,-0.13252569248536628,-0.010788439925686977,True
1014,0.8571428571428571,0.23809523809523808,-0.0859630998496328,-0.1079806864242982,-0.01061244076428146,True
1015,0.873015873015873,0.23809523809523808,-0.06405371682728404,-0.08325519873724088,-0.010621225909337059,True
1016,0.8888888888888888,0.23809523809523808,-0.045502242768852945,-0.05974530643457036,-0.01077138484780385,True
1017,0.9047619047619047,0.23809523809523808,-0.030517416738664208,-0.03856267611442274,-0.011001471516157631,True
1018,0.9206349206349206,0.23809523809523808,-0.018909115183744232,-0.020408364393588597,-0.011268354919948775,True
1019,0.9365079365079365,0.23809523809523808,-0.010586987902852112,-0.006275649116595136,-0.011534678206081915,True
1020,0.9523809523809523,0.23809523809523808,-0.005033295226902545,0.003431041513184004,-0.011777659778742544,True
1021,0.9682539682539681,0.23809523809523808,-0.0018166185286310997,0.00803011017360803,-0.011978754983504954,True
1022,0.9841269841269841,0.23809523809523808,-0.00034892758392500873,0.0070346377531110066,-0.01212478307548561,True
1023,1.0,0.23809523809523808,-6.239156792534323e-08,-2.7039102513195814e-06,-0.012201567515909314,True
1024,0.0,0.25396825396825395,3.305494321805618e-08,-1.960879916593632e-06,0.0011720995848170921,True
1025,0.015873015873015872,0.25396825396825395,-0.0024702848100785317,0.023449607160127905,0.0007487658915486837,True
1026,0.031746031746031744,0.25396825396825395,-0.008803272771934231,0.04278374274035731,0.00041158832342895913,True
1027,0.047619047619047616,0.25396825396825395,-0.0178088838774798,0.05882960873836614,0.00013547859479671264,True
1028,0.06349206349206349,0.25396825396825395,-0.028652219627974516,0.07265947946260022,-0.00014318451906884108,True
1029,0.07936507936507936,0.25396825396825395,-0.04083755554639956,0.08529952203634085,-0.0004757021682576657,True
1030,0.09523809523809523,0.25396825396825395,-0.054092266802038796,0.09744404992491673,-0.0008989279102685932,True
1031,0.1111111111111111,0.25396825396825395,-0.068281926695793,0.10947068479637898,-0.0014478857935392893,True
1032,0.12698412698412698,0.25396825396825395,-0.0833007172751754,0.12140995073397412,-0.002145025381773949,True
1033,0.14285714285714285,0.25396825396825395,-0.09905596821856376,0.1331246706344328,-0.0030155507560471633,True
1034,0.15873015873015872,0.25396825396825395,-0.11543586198089974,0.14436512894221118,-0.004082921096885401,True
1035,0.1746031746031746,0.25396825396825395,-0.13226289559614116,0.15480486100746496,-0.00536904686206927,True
1036,0.19047619047619047,0.25396825396825395,-0.14936972505350654,0.1641288763863955,-0.006881943752190971,True
1037,0.20634920634920634,0.25396825396825395,-0.16655490809261933,0.17204806581537188,-0.008634636452294443,True
1038,0.2222222222222222,0.25396825396825395,-0.1836251252586809,0.17831698558497583,-0.01062227398899692,True
1039,0.23809523809523808,0.25396825396825395,-0.2003745815239906,0.1827366226603931,-0.012836781780625526,True
1040,0.25396825396825395,0.25396825396825395,-0.21660808462029266,0.1851612125334405,-0.015260635344873505,True
1041,0.2698412698412698,0.25396825396825395,-0.2321875243518404,0.18553910166963505,-0.017861421436438357,True
1042,0.2857142857142857,0.25396825396825395,-0.2469008697500793,0.18379710379422196,-0.020611107792651705,True
1043,0.30158730158730157,0.25396825396825395,-0.26061327598014206,0.1799516017252579,-0.02347277856190023,True
1044,0.31746031746031744,0.25396825396825395,-0.2733580326194623,0.17418349043433087,-0.026378395453081762,True
1045,0.3333333333333333,0.25396825396825395,-0.284969983992253,0.16651641612578436,-0.02929662167040558,True
1046,0.3492063492063492,0.25396825396825395,-0.2954776826612538,0.15713274205401448,-0.032172646251712324,True
1047,0.36507936507936506,0.25396825396825395,-0.30480726441328915,0.14614590769755187,-0.03495910842733376,True
1048,0.38095238095238093,0.25396825396825395,-0.31313254584836236,0.13380969227242484,-0.03761076634926617,True
1049,0.3968253968253968,0.25396825396825395,-0.32048841595769545,0.12029960900501566,-0.04007594283605006,True
1050,0.4126984126984127,0.25396825396825395,-0.32671091070900565,0.10560809730639033,-0.04234522633974481,True
1051,0.42857142857142855,0.25396825396825395,-0.33224452331865945,0.09015342726376709,-0.04435346961798876,True
1052,0.4444444444444444,0.25396825396825395,-0.336911151455347,0.07387376782877869,-0.046104364900295146,True
1053,0.4603174603174603,0.25396825396825395,-0.34084593831545856,0.05699069352512931,-0.04754445654915824,True
1054,0.47619047619047616,0.25396825396825395,-0.34428002160877735,0.03958383786411925,-0.048701966243104966,True
1055,0.49206349206349204,0.25396825396825395,-0.3471915947450416,0.0217585149800263,-0.04953172830590322,True
1056,0.5079365079365079,0.25396825396825395,-0.3495418312439685,0.003542589170915136,-0.05002223863453815,True
1057,0.5238095238095237,0.25396825396825395,-0.35166686381933,-0.014964860038155553,-0.050200785681256556,True
1058,0.5396825396825397,0.25396825396825395,-0.3533523579911264,-0.03374566818207836,-0.05003629813325572,True
1059,0.5555555555555556,0.25396825396825395,-0.3547181573113163,-0.05274613089348668,-0.049542177900673466,True
1060,0.5714285714285714,0.25396825396825395,-0.3557026694196735,-0.07191655190068758,-0.048717035080077055,True
1061,0.5873015873015872,0.25396825396825395,-0.3562273584079729,-0.09119704982578114,-0.04756360300840431,True
1062,0.6031746031746031,0.25396825396825395,-0.35622606888707964,-0.11050697866196568,-0.04609179587565352,True
1063,0.6190476190476191,0.25396825396825395,-0.3553831874272762,-0.1296733013985946,-0.044304684716993774,True
1064,0.6349206349206349,0.25396825396825395,-0.35381242270671925,-0.14862038643524642,-0.042231174971223084,True
1065,0.6507936507936507,0.25396825396825395,-0.3508600531618347,-0.166960274195323,-0.03988028282695892,True
1066,0.6666666666666666,0.25396825396825395,-0.3464509155719546,-0.1844468098130871,-0.03729000269516539,True
1067,0.6825396825396826,0.25396825396825395,-0.34015453080338875,-0.20061495538565555,-0.034503064285026044,True
1068,0.6984126984126984,0.25396825396825395,-0.33157147426871886,-0.21492098452640487,-0.03157364712825121,True
1069,0.7142857142857142,0.25396825396825395,-0.3202536583577355,-0.2267121239701813,-0.02855751820788092,True
1070,0.7301587301587301,0.25396825396825395,-0.3056175710094715,-0.2349908719118872,-0.025568458182354998,True
1071,0.746031746031746,0.25396825396825395,-0.2877424976337313,-0.2393109367972064,-0.02265139925353308,True
1072,0.7619047619047619,0.25396825396825395,-0.26643579990213423,-0.23879949589668864,-0.019939142456541,True
1073,0.7777777777777777,0.25396825396825395,-0.24202495984588956,-0.23307490745340695,-0.01750448538452207,True
1074,0.7936507936507936,0.25396825396825395,-0.21501241311243935,-0.221835204021813,-0.015457066147172063,True
1075,0.8095238095238095,0.25396825396825395,-0.18629720728941324,-0.20537239208418767,-0.013829025118302465,True
1076,0.8253968253968254,0.25396825396825395,-0.15688497506984078,-0.18432010835654813,-0.012610238669609263,True
1077,0.8412698412698412,0.25396825396825395,-0.12794516565798905,-0.15963480182151019,-0.011810806302068525,True
1078,0.8571428571428571,0.25396825396825395,-0.10065031682981711,-0.13268082575621673,-0.01137394094456189,True
1079,0.873015873015873,0.25396825396825395,-0.07596105240223908,-0.10493199542976549,-0.011227490305139707,True
1080,0.8888888888888888,0.25396825396825395,-0.05460779877109575,-0.07789172718839925,-0.011294001669699783,True
1081,0.9047619047619047,0.25396825396825395,-0.03701939172931378,-0.0529626587266144,-0.011499293581684838,True
1082,0.9206349206349206,0.25396825396825395,-0.023254238566089627,-0.03126245471860586,-0.01177802693772179,True
1083,0.9365079365079365,0.25396825396825395,-0.013175730186942639,-0.01380454139431121,-0.012079746257576374,True
1084,0.9523809523809523,0.25396825396825395,-0.0063847451340888536,-0.001328113830323413,-0.01236607275625658,True
1085,0.9682539682539681,0.25396825396825395,-0.0023664441017120226,0.0054853488921089546,-0.012609158457701114,True
1086,0.9841269841269841,0.25396825396825395,-0.0004688981498152546,0.006123176353624103,-0.012790783775298093,True
1087,1.0,0.25396825396825395,-2.0162358260048595e-08,-7.136314736019521e-07,-0.012892350563155634,True
1088,0.0,0.2698412698412698,-8.242528661126683e-07,2.4494795782100534e-05,0.0006682935839931555,True
1089,0.015873015873015872,0.2698412698412698,-0.002630007586211375,0.028230271367584433,0.0002173726586619697,True
1090,0.031746031746031744,0.2698412698412698,-0.009333281536836551,0.050847633504109285,-0.00013912775108239768,True
1091,0.047619047619047616,0.2698412698412698,-0.018830030697891072,0.06913792917040222,-0.0004377225056967001,True
1092,0.06349206349206349,0.2698412698412698,-0.0302086498062599,0.08452308778680975,-0.0007504143606890079,True
1093,0.07936507936507936,0.2698412698412698,-0.04292155911705543,0.09832199460352048,-0.001134701523413567,True
1094,0.09523809523809523,0.2698412698412698,-0.056667840750126645,0.11142460164384423,-0.0016330131358777045,True
1095,0.1111111111111111,0.2698412698412698,-0.07129159506815388,0.12429490679086833,-0.0022827757724041453,True
1096,0.12698412698412698,0.2698412698412698,-0.08667558477102245,0.13698275029556586,-0.003108352108144625,True
1097,0.14285714285714285,0.2698412698412698,-0.1027023322912924,0.14934658151952596,-0.004145795719476063,True
1098,0.15873015873015872,0.2698412698412698,-0.11921106147444155,0.16106064654826485,-0.005416709215682577,True
1099,0.1746031746031746,0.2698412698412698,-0.13608057900983653,0.1718035201707179,-0.006918666418203183,True
1100,0.19047619047619047,0.2698412698412698,-0.15309210510330756,0.18124704070097994,-0.008688368318327654,True
1101,0.20634920634920634,0.2698412698412698,-0.170039967484845,0.1890807592998252,-0.010728851560162176,True
1102,0.2222222222222222,0.2698412698412698,-0.1867166991928647,0.19504833344485975,-0.013021877315227252,True
1103,0.23809523809523808,0.2698412698412698,-0.20293814851061046,0.19897922855156522,-0.01556474690328657,True
1104,0.25396825396825395,0.2698412698412698,-0.21851074926366423,0.20073925817065885,-0.01832671288309216,True
1105,0.2698412698412698,0.2698412698412698,-0.23325641406469802,0.20026604358639424,-0.021272863120185507,True
1106,0.2857142857142857,0.2698412698412698,-0.24698255073297173,0.1975061618068976,-0.02437678702702575,True
1107,0.30158730158730157,0.2698412698412698,-0.2597848103851401,0.1927067347188017,-0.027548501272373516,True
1108,0.31746031746031744,0.2698412698412698,-0.2713757896320385,0.18578103433505658,-0.030775723140295298,True
1109,0.3333333333333333,0.2698412698412698,-0.28188826977728637,0.17701768748453206,-0.033982011010753405,True
1110,0.3492063492063492,0.2698412698412698,-0.29110196591871784,0.1664078926096369,-0.03714132199352877,True
1111,0.36507936507936506,0.2698412698412698,-0.29942728609692504,0.15444805896340275,-0.04016127136525884,True
1112,0.38095238095238093,0.2698412698412698,-0.30655851207061324,0.141040349154763,-0.043035215514622874,True
1113,0.3968253968253968,0.2698412698412698,-0.31270388295874224,0.12650774358371725,-0.045689896937750496,True
1114,0.4126984126984127,0.2698412698412698,-0.3179859154087072,0.11100717262165771,-0.04812520858932747,True
1115,0.42857142857142855,0.2698412698412698,-0.32247268466509726,0.09472002687689139,-0.05028664446369567,True
1116,0.4444444444444444,0.2698412698412698,-0.3262679387538722,0.0777802778148484,-0.05215435018562788,True
1117,0.4603174603174603,0.2698412698412698,-0.3294993941170729,0.060314086115867874,-0.05372366089739835,True
1118,0.47619047619047616,0.2698412698412698,-0.33223357552478155,0.042419300529561214,-0.054960863880916824,True
1119,0.49206349206349204,0.2698412698412698,-0.33465952053950815,0.024195043090250733,-0.055879509777202345,True
1120,0.5079365079365079,0.2698412698412698,-0.3368372677634587,0.005687855914884452,-0.05646453611269591,True
1121,0.5238095238095237,0.2698412698412698,-0.3387403621411499,-0.013104810036248934,-0.05670463063503103,True
1122,0.5396825396825397,0.2698412698412698,-0.340486437261911,-0.032136293586248796,-0.05660889692933526,True
1123,0.5555555555555556,0.2698412698412698,-0.342105160390417,-0.051366018349208696,-0.056175110924945766,True
1124,0.5714285714285714,0.2698412698412698,-0.34358649616227455,-0.07083720232353537,-0.055403079156271774,True
1125,0.5873015873015872,0.2698412698412698,-0.3448131863242965,-0.0904525946376829,-0.054289667628162994,True
1126,0.6031746031746031,0.2698412698412698,-0.34587267376372655,-0.11026829635555559,-0.05284278973122614,True
1127,0.6190476190476191,0.2698412698412698,-0.34643251384203944,-0.1301053934139524,-0.05106451760056393,True
1128,0.6349206349206349,0.2698412698412698,-0.34639340025184495,-0.14991270006602916,-0.048950768755982796,True
1129,0.6507936507936507,0.2698412698412698,-0.3454906886685524,-0.1694477771077432,-0.04653505881252135,True
1130,0.6666666666666666,0.2698412698412698,-0.34345446759945963,-0.18848589991040635,-0.04382299382636666,True
1131,0.6825396825396826,0.2698412698412698,-0.33985784361322235,-0.20660688920745993,-0.04084743321427951,True
1132,0.6984126984126984,0.2698412698412698,-0.3341290050999889,-0.22320771404446413,-0.03765920547238329,True
1133,0.7142857142857142,0.2698412698412698,-0.32604900702775347,-0.2378042682217067,-0.03431286647213775,True
1134,0.7301587301587301,0.2698412698412698,-0.3151113452531315,-0.24963545611553606,-0.030870539283559154,True
1135,0.746031746031746,0.2698412698412698,-0.3004554611098432,-0.2574385540827305,-0.02745607778477682,True
1136,0.7619047619047619,0.2698412698412698,-0.28202661587988637,-0.26044889673786237,-0.024169617813721626,True
1137,0.7777777777777777,0.2698412698412698,-0.2599196768132606,-0.25802418405942,-0.021104789861919274,True
1138,0.7936507936507936,0.2698412698412698,-0.23431047218366366,-0.24943597368814846,-0.018417828173479197,True
1139,0.8095238095238095,0.2698412698412698,-0.20602972687866156,-0.23473756496033507,-0.016170333400837008,True
1140,0.8253968253968254,0.2698412698412698,-0.1760561106256012,-0.21431265176620468,-0.01439917057006975,True
1141,0.8412698412698412,0.2698412698412698,-0.14562096367207025,-0.18895948867958404,-0.013155530635061068,True
1142,0.8571428571428571,0.2698412698412698,-0.11611587080890064,-0.16013735271515797,-0.012387452477370421,True
1143,0.873015873015873,0.2698412698412698,-0.08871273193145963,-0.12944597111463169,-0.012003048465853103,True
1144,0.8888888888888888,0.2698412698412698,-0.06461304768041115,-0.0988809316140708,-0.011943159165486664,True
1145,0.9047619047619047,0.2698412698412698,-0.04422333802231414,-0.06980301625897592,-0.01208984936318626,True
1146,0.9206349206349206,0.2698412698412698,-0.02816544090339896,-0.04421412505678584,-0.01236684026232142,True
1147,0.9365079365079365,0.2698412698412698,-0.01616369507169338,-0.02298230886831715,-0.01269711319091427,True
1148,0.9523809523809523,0.2698412698412698,-0.007966729959857928,-0.0072356104479578,-0.013024911575900265,True
1149,0.9682539682539681,0.2698412698412698,-0.0030113466429988593,0.002284224278469332,-0.013314135878908631,True
1150,0.9841269841269841,0.2698412698412698,-0.0006095814211598944,0.004946602021364753,-0.013536161946680222,True
1151,1.0,0.2698412698412698,-2.2494230029791663e-07,-1.5782336125944026e-06,-0.013665768504450468,True
1152,0.0,0.2857142857142857,3.18446966770201e-08,2.309859549037832e-05,-2.4190464824034878e-05,True
1153,0.015873015873015872,0.2857142857142857,-0.0027356222332935295,0.033170095204120585,-0.0004913624983931845,True
1154,0.031746031746031744,0.2857142857142857,-0.009719092401834729,0.05933108695181783,-0.0008662924961399697,True
1155,0.047619047619047616,0.2857142857142857,-0.019570706478995323,0.07988471714755309,-0.0011882668694848302,True
1156,0.06349206349206349,0.2857142857142857,-0.03132950275376738,0.09680283338417753,-0.0015391537059083452,True
1157,0.07936507936507936,0.2857142857142857,-0.04442324573285658,0.111761405846729,-0.001978909257187064,True
1158,0.09523809523809523,0.2857142857142857,-0.05851088476970898,0.12582112560376935,-0.0025681234540426666,True
1159,0.1111111111111111,0.2857142857142857,-0.073404371241205,0.13944869390518197,-0.0033232797605924776,True
1160,0.12698412698412698,0.2857142857142857,-0.08897010581009207,0.15279771419207408,-0.004292469987023981,True
1161,0.14285714285714285,0.2857142857142857,-0.10506534687333069,0.1656750698742931,-0.005504866578656897,True
1162,0.15873015873015872,0.2857142857142857,-0.12155365072799527,0.1777495817724757,-0.006971877863521832,True
1163,0.1746031746031746,0.2857142857142857,-0.1382423461691138,0.18866612441300232,-0.008722627035108373,True
1164,0.19047619047619047,0.2857142857142857,-0.15495014835203896,0.19808686326818362,-0.010764742939205383,True
1165,0.20634920634920634,0.2857142857142857,-0.17145910885132842,0.2056869823508783,-0.013095132588270362,True
1166,0.2222222222222222,0.2857142857142857,-0.18752704187497593,0.21119253003434202,-0.0157179902490342,True
1167,0.23809523809523808,0.2857142857142857,-0.2030063030126136,0.21447013875041693,-0.018589029758124313,True
1168,0.25396825396825395,0.2857142857142857,-0.2177882696976681,0.21548505368868875,-0.021670025704760006,True
1169,0.2698412698412698,0.2857142857142857,-0.23152183000569207,0.21402407704388124,-0.024957149951374553,True
1170,0.2857142857142857,0.2857142857142857,-0.24426513882014145,0.2102896761742495,-0.028362166775163695,True
1171,0.30158730158730157,0.2857142857142857,-0.25582567255790234,0.20427942743507166,-0.03185761067373611,True
1172,0.31746031746031744,0.2857142857142857,-0.26627282717862355,0.19623376418569677,-0.035373338201838286,True
1173,0.3333333333333333,0.2857142857142857,-0.27552515056159976,0.18628013744498212,-0.038841887259621524,True
1174,0.3492063492063492,0.2857142857142857,-0.28361008714018987,0.17461519472018472,-0.042230845184542815,True
1175,0.36507936507936506,0.2857142857142857,-0.29063334237752253,0.16150838589201283,-0.04546287736781917,True
1176,0.38095238095238093,0.2857142857142857,-0.29649730554489095,0.14703359214771816,-0.0485145726919814,True
1177,0.3968253968253968,0.2857142857142857,-0.3016281796944234,0.13165516390874243,-0.05133343847548317,True
1178,0.4126984126984127,0.2857142857142857,-0.3058331826925782,0.11535052776683166,-0.05388469307280343,True
1179,0.42857142857142855,0.2857142857142857,-0.3093015078286772,0.09834070934293948,-0.05615589244940341,True
1180,0.4444444444444444,0.2857142857142857,-0.31229686957266,0.08086556275268464,-0.05811538483317794,True
1181,0.4603174603174603,0.2857142857142857,-0.3148090073794627,0.06295531242934642,-0.05976196158168461,True
1182,0.47619047619047616,0.2857142857142857,-0.31701398979505857,0.044743656089575576,-0.06107261797148494,True
1183,0.49206349206349204,0.2857142857142857,-0.3189621342493682,0.02626172848114794,-0.062051705663017855,True
1184,0.5079365079365079,0.2857142857142857,-0.32074400460227787,0.007562738882513457,-0.06269460084243503,True
1185,0.5238095238095237,0.2857142857142857,-0.32246072403306003,-0.01133950935306144,-0.0629975642909216,True
1186,0.5396825396825397,0.2857142857142857,-0.32417581354762093,-0.030434308938419627,-0.06296568594905391,True
1187,0.5555555555555556,0.2857142857142857,-0.32588134909551525,-0.049735086090653455,-0.06258873027626148,True
1188,0.5714285714285714,0.2857142857142857,-0.3276182100788015,-0.06925895983196392,-0.06187421097713838,True
1189,0.5873015873015872,0.2857142857142857,-0.32935753302152726,-0.08900717300181556,-0.06081725182706684,True
1190,0.6031746031746031,0.2857142857142857,-0.3310653656797941,-0.10899459241817502,-0.05941911326079812,True
1191,0.6190476190476191,0.2857142857142857,-0.3326238663648161,-0.12918297825349365,-0.05767363610010098,True
1192,0.6349206349206349,0.2857142857142857,-0.33394443499617915,-0.14953782156843326,-0.05559365262602272,True
1193,0.6507936507936507,0.2857142857142857,-0.33469365816938196,-0.1698859075265839,-0.05316922073039641,True
1194,0.6666666666666666,0.2857142857142857,-0.33469142597016166,-0.19007098363158853,-0.050415865457797034,True
1195,0.6825396825396826,0.2857142857142857,-0.3335356428964534,-0.2097648147130912,-0.047349406495476455,True
1196,0.6984126984126984,0.2857142857142857,-0.33080774270259017,-0.22854842577126597,-0.04399019360286911,True
1197,0.7142857142857142,0.2857142857142857,-0.32559074730959353,-0.24550752183894756,-0.04040493179087243,True
1198,0.7301587301587301,0.2857142857142857,-0.31815755836645626,-0.2604608798004001,-0.03663840812533786,True
1199,0.746031746031746,0.2857142857142857,-0.30721881201364903,-0.271946641737259,-0.0327985678514604,True
1200,0.7619047619047619,0.2857142857142857,-0.29255762192181656,-0.27911369069842534,-0.02897586594785755,True
1201,0.7777777777777777,0.2857142857142857,-0.2735723298965099,-0.2806016399438435,-0.025316116448760747,True
1202,0.7936507936507936,0.2857142857142857,-0.25045367679045777,-0.27564614363021156,-0.02196404333643131,True
1203,0.8095238095238095,0.2857142857142857,-0.22363942376943416,-0.2637139108092982,-0.019053899665941895,True
1204,0.8253968253968254,0.2857142857142857,-0.1940454072667195,-0.24484755584232876,-0.016694903263903355,True
1205,0.8412698412698412,0.2857142857142857,-0.16293264690699508,-0.21981304146169006,-0.014890866512871428,True
1206,0.8571428571428571,0.2857142857142857,-0.13178209048621997,-0.1898134917514751,-0.013680786985214768,True
1207,0.873015873015873,0.2857142857142857,-0.10212780141004504,-0.1566996058327833,-0.013005249091870077,True
1208,0.8888888888888888,0.2857142857142857,-0.07526348089274949,-0.12251256468897376,-0.012745911745434258,True
1209,0.9047619047619047,0.2857142857142857,-0.05223980946089752,-0.08941493403654849,-0.012798194026818454,True
1210,0.9206349206349206,0.2857142857142857,-0.0336331100448349,-0.0593567545698486,-0.013049957300807904,True
1211,0.9365079365079365,0.2857142857142857,-0.019564182576727415,-0.03392486802331511,-0.013396939020045406,True
1212,0.9523809523809523,0.2857142857142857,-0.009754146672081949,-0.014290250950695743,-0.013766883697058542,True
1213,0.9682539682539681,0.2857142857142857,-0.0037495315073837634,-0.0016088813035243434,-0.014102419400080862,True
1214,0.9841269841269841,0.2857142857142857,-0.0007909806505233441,0.00337295504105451,-0.014367628758075415,True
1215,1.0,0.2857142857142857,3.153460510203528e-08,-6.109872543664978e-06,-0.014532897637345754,True
1216,0.0,0.30158730158730157,6.637411514079423e-08,-2.2006750376083588e-05,-0.0009136083991367404,True
1217,0.015873015873015872,0.30158730158730157,-0.0028000801084631013,0.03848439765321263,-0.0013914215667211098,True
1218,0.031746031746031744,0.30158730158730157,-0.009941302509490865,0.06803486532272138,-0.0017801873147107454,True
1219,0.047619047619047616,0.30158730158730157,-0.020011565863629,0.09096044621711732,-0.0021257768369239843,True
1220,0.06349206349206349,0.30158730158730157,-0.032014081384158524,0.10949049556465082,-0.0025186055518258313,True
1221,0.07936507936507936,0.30158730158730157,-0.04531693133510624,0.12552031383501336,-0.003024499627055474,True
1222,0.09523809523809523,0.30158730158730157,-0.05956976172174995,0.14039562215781212,-0.003695674962673907,True
1223,0.1111111111111111,0.30158730158730157,-0.07455270576101561,0.15473375293652378,-0.004577449019944115,True
1224,0.12698412698412698,0.30158730158730157,-0.09012845145137818,0.16864170899346598,-0.005694660018350576,True
1225,0.14285714285714285,0.30158730158730157,-0.106124128258343,0.18192661931304124,-0.007087852974230646,True
1226,0.15873015873015872,0.30158730158730157,-0.12239477343493449,0.19425086120706636,-0.008773335190208335,True
1227,0.1746031746031746,0.30158730158730157,-0.13872886517010596,0.20521175720003387,-0.010774356667903143,True
1228,0.19047619047619047,0.30158730158730157,-0.1549721661320226,0.21447865399541774,-0.01308134459241,True
1229,0.20634920634920634,0.30158730158730157,-0.17085560870182515,0.22169645915816738,-0.015708211789623967,True
1230,0.2222222222222222,0.30158730158730157,-0.18620700962725473,0.2266601154331366,-0.018631609630300423,True
1231,0.23809523809523808,0.30158730158730157,-0.2008574802529248,0.2292248176245363,-0.021814780941689673,True
1232,0.25396825396825395,0.30158730158730157,-0.2145589580414484,0.2292392924195892,-0.02523544918351754,True
1233,0.2698412698412698,0.30158730158730157,-0.2271860669477528,0.22671291166549812,-0.028836461868600862,True
1234,0.2857142857142857,0.30158730158730157,-0.2387853784030604,0.22186552964037212,-0.032545010609721606,True
1235,0.30158730158730157,0.30158730158730157,-0.24918844143963517,0.21472501117009876,-0.036311023189991305,True
1236,0.31746031746031744,0.30158730158730157,-0.25834548154563125,0.2054458219589104,-0.04007917399868489,True
1237,0.3333333333333333,0.30158730158730157,-0.2663647998094506,0.19432659500640526,-0.04378076659549503,True
1238,0.3492063492063492,0.30158730158730157,-0.2732215367748891,0.18154403182279033,-0.04735385472277589,True
1239,0.36507936507936506,0.30158730158730157,-0.27901472401618344,0.1673549035091412,-0.050764476493411224,True
1240,0.38095238095238093,0.30158730158730157,-0.283872416506841,0.15203474307639614,-0.05394360668362038,True
1241,0.3968253968253968,0.30158730158730157,-0.28781651642370015,0.13573303469358217,-0.056867811369441294,True
1242,0.4126984126984127,0.30158730158730157,-0.29108634858576177,0.11873859857936506,-0.05951711138248774,True
1243,0.42857142857142855,0.30158730158730157,-0.2937753161067966,0.10120025767102238,-0.06185926617925093,True
1244,0.4444444444444444,0.30158730158730157,-0.29598314818735016,0.0832453163504951,-0.06387424933867146,True
1245,0.4603174603174603,0.30158730158730157,-0.2978547575353041,0.06499927467103188,-0.06556283230624711,True
1246,0.47619047619047616,0.30158730158730157,-0.29952345222839916,0.04655226896572482,-0.06692611172180161,True
1247,0.49206349206349204,0.30158730158730157,-0.3010496702012738,0.02793230939198754,-0.06794294730743777,True
1248,0.5079365079365079,0.30158730158730157,-0.3025250805633009,0.009174385482288147,-0.06862702783384009,True
1249,0.5238095238095237,0.30158730158730157,-0.3040345338801295,-0.009721666730624289,-0.06897597328442291,True
1250,0.5396825396825397,0.30158730158730157,-0.30560568005176103,-0.028769010600737065,-0.06898703041229273,True
1251,0.5555555555555556,0.30158730158730157,-0.3072967182279998,-0.04799287651610034,-0.06866425728229616,True
1252,0.5714285714285714,0.30158730158730157,-0.3091257598744986,-0.06742233080694333,-0.06800691666980757,True
1253,0.5873015873015872,0.30158730158730157,-0.31111061257746214,-0.08710049791629938,-0.06701290345343676,True
1254,0.6031746031746031,0.30158730158730157,-0.31322744753423853,-0.10705634111028223,-0.06567970450504032,True
1255,0.6190476190476191,0.30158730158730157,-0.3154328992904279,-0.12731824936243147,-0.06400533265150196,True
1256,0.6349206349206349,0.30158730158730157,-0.317623980464043,-0.1478830485557878,-0.06197589182525499,True
1257,0.6507936507936507,0.30158730158730157,-0.31968232153167586,-0.16870332874982033,-0.059602812956994954,True
1258,0.6666666666666666,0.30158730158730157,-0.3213116135600372,-0.18965576973859313,-0.05686947101490157,True
1259,0.6825396825396826,0.30158730158730157,-0.32220845445939345,-0.21051153688889349,-0.05379051513174231,True
1260,0.6984126984126984,0.30158730158730157,-0.3219754893651701,-0.23093549066775007,-0.0503741696786894,True
1261,0.7142857142857142,0.30158730158730157,-0.3199118681415297,-0.250281796918528,-0.04664471668080323,True
1262,0.7301587301587301,0.30158730158730157,-0.3155583703552531,-0.2679035549969678,-0.04265504461515075,True
1263,0.746031746031746,0.30158730158730157,-0.3083584553756619,-0.28291500847275897,-0.038490786612846446,True
1264,0.7619047619047619,0.30158730158730157,-0.2974027273149123,-0.2939656671151562,-0.03425996756230904,True
1265,0.7777777777777777,0.30158730158730157,-0.2822826156568408,-0.2999153734536197,-0.030076475098673058,True
1266,0.7936507936507936,0.30158730158730157,-0.26250949684273633,-0.2993114308280468,-0.026105840828473593,True
1267,0.8095238095238095,0.30158730158730157,-0.23815600582018603,-0.29109965100662083,-0.022534400545554105,True
1268,0.8253968253968254,0.30158730158730157,-0.21008908220328842,-0.2751620511556808,-0.019468852004844064,True
1269,0.8412698412698412,0.30158730158730157,-0.17926372150462908,-0.251491839316365,-0.01706582424773531,True
1270,0.8571428571428571,0.30158730158730157,-0.14724674017292647,-0.22123909880012063,-0.015354269087664567,True
1271,0.873015873015873,0.30158730158730157,-0.11577546249650325,-0.1862774387312795,-0.014265674604176942,True
1272,0.8888888888888888,0.30158730158730157,-0.08651949078708951,-0.1488916566552641,-0.01374780766487961,True
1273,0.9047619047619047,0.30158730158730157,-0.06083367345996392,-0.11160380233639272,-0.01365112643320371,True
1274,0.9206349206349206,0.30158730158730157,-0.039640432526856006,-0.07683650989445376,-0.013843664556144252,True
1275,0.9365079365079365,0.30158730158730157,-0.023310139698726723,-0.04662605708727411,-0.0141948350380941,True
1276,0.9523809523809523,0.30158730158730157,-0.011828839298851233,-0.022807011241177733,-0.014601275817442895,True
1277,0.9682539682539681,0.30158730158730157,-0.004618215732608682,-0.006384588090622754,-0.014985367480739633,True
1278,0.9841269841269841,0.30158730158730157,-0.00098913627859365,0.001505917776845153,-0.01530144234723586,True
1279,1.0,0.30158730158730157,4.778602179967497e-08,1.0984509043084428e-05,-0.015503875228445919,True
1280,0.0,0.31746031746031744,-1.5081115461187994e-08,-7.492659511591155e-06,-0.0020031713262928163,True
1281,0.015873015873015872,0.31746031746031744,-0.002810183290683653,0.04366404805516861,-0.0024852346759184347,True
1282,0.031746031746031744,0.31746031746031744,-0.009993028283524117,0.07689885641964771,-0.0028836343888309214,True
1283,0.047619047619047616,0.31746031746031744,-0.020132055589879162,0.10218644546628235,-0.003253167894391789,True
1284,0.06349206349206349,0.31746031746031744,-0.03220762171584568,0.1222441576733143,-0.003688428053017284,True
1285,0.07936507936507936,0.31746031746031744,-0.04556826967159977,0.1393701524907118,-0.004262295586168234,True
1286,0.09523809523809523,0.31746031746031744,-0.059824034886088805,0.15504473676086708,-0.005030635996916352,True
1287,0.1111111111111111,0.31746031746031744,-0.07474192861467328,0.16999331345946803,-0.00603480063329877,True
1288,0.12698412698412698,0.31746031746031744,-0.09014372938424117,0.1843618308374706,-0.007312771401062772,True
1289,0.14285714285714285,0.31746031746031744,-0.10588405328740502,0.19795240455820146,-0.008888073461112807,True
1290,0.15873015873015872,0.31746031746031744,-0.12175639828421157,0.21038507555957425,-0.010793991357728829,True
1291,0.1746031746031746,0.31746031746031744,-0.13759522298913573,0.22127413108755514,-0.013035583981677762,True
1292,0.19047619047619047,0.31746031746031744,-0.1531607098871368,0.23022019930684562,-0.015625334592354937,True
1293,0.20634920634920634,0.31746031746031744,-0.16828636256378143,0.236945446349463,-0.018539969132489918,True
1294,0.2222222222222222,0.31746031746031744,-0.1827558317625679,0.24121268060101297,-0.021761633622302875,True
1295,0.23809523809523808,0.31746031746031744,-0.19635713982014788,0.24285021076866112,-0.025256864891600908,True
1296,0.25396825396825395,0.31746031746031744,-0.20899807961007177,0.241876598003132,-0.02897031855825171,True
1297,0.2698412698412698,0.31746031746031744,-0.22053690283978902,0.23830044425306746,-0.03284705402487582,True
1298,0.2857142857142857,0.31746031746031744,-0.23087536002448894,0.23221398890208403,-0.03682638264415141,True
1299,0.30158730158730157,0.31746031746031744,-0.24002895850557526,0.22384584720490366,-0.04083826050484368,True
1300,0.31746031746031744,0.31746031746031744,-0.24802363706936809,0.21343149276353257,-0.04481691677507185,True
1301,0.3333333333333333,0.31746031746031744,-0.2548251630746444,0.20115031092270785,-0.04869920966655723,True
1302,0.3492063492063492,0.31746031746031744,-0.26051914181589014,0.187285883799107,-0.052428152862057806,True
1303,0.36507936507936506,0.31746031746031744,-0.2652039919016241,0.1721144656514943,-0.05594649994949389,True
1304,0.38095238095238093,0.31746031746031744,-0.26898791389725046,0.15588667802797945,-0.05922769068792575,True
1305,0.3968253968253968,0.31746031746031744,-0.2720650884434261,0.13889599614568526,-0.06223115266268813,True
1306,0.4126984126984127,0.31746031746031744,-0.27449321726778025,0.12128859801424317,-0.06492272053816274,True
1307,0.42857142857142855,0.31746031746031744,-0.2764656375995539,0.10328074600326734,-0.06729703184756351,True
1308,0.4444444444444444,0.31746031746031744,-0.27807297929024566,0.08498644934129798,-0.06934443348845103,True
1309,0.4603174603174603,0.31746031746031744,-0.2794870291699188,0.06653147138311377,-0.07106250666610589,True
1310,0.47619047619047616,0.31746031746031744,-0.2807384591122431,0.047945227100869035,-0.07243685606080767,True
1311,0.49206349206349204,0.31746031746031744,-0.2819490442627889,0.02928037342210313,-0.07347877523084044,True
1312,0.5079365079365079,0.31746031746031744,-0.2831770287164038,0.010543373011132132,-0.07418751017174488,True
1313,0.5238095238095237,0.31746031746031744,-0.2844871613993938,-0.008276228270522037,-0.07456351706426056,True
1314,0.5396825396825397,0.31746031746031744,-0.28592376068547837,-0.027197970325328235,-0.07461211255846893,True
1315,0.5555555555555556,0.31746031746031744,-0.2875314747035041,-0.04625955927582021,-0.07433332278237037,True
1316,0.5714285714285714,0.31746031746031744,-0.28934219566551245,-0.06550284295309135,-0.07372886782025227,True
1317,0.5873015873015872,0.31746031746031744,-0.2913820634677794,-0.08498297431741747,-0.07279582549330196,True
1318,0.6031746031746031,0.31746031746031744,-0.293663906627179,-0.10475420753424061,-0.07153483230161119,True
1319,0.6190476190476191,0.31746031746031744,-0.2961724909013472,-0.12487788218754639,-0.06992673222541869,True
1320,0.6349206349206349,0.31746031746031744,-0.2988796649750781,-0.14539201699268814,-0.06798774931539471,True
1321,0.6507936507936507,0.31746031746031744,-0.30168147675715706,-0.16632101761305992,-0.06568933575965484,True
1322,0.6666666666666666,0.31746031746031744,-0.3044315300898866,-0.18763118960650166,-0.0630348528319376,True
1323,0.6825396825396826,0.31746031746031744,-0.3068431183136325,-0.2091941857227826,-0.0600057125190886,True
1324,0.6984126984126984,0.31746031746031744,-0.3085527290332648,-0.23075656444647316,-0.056606025441973636,True
1325,0.7142857142857142,0.31746031746031744,-0.30911213119263087,-0.2519169901604266,-0.05285452518669381,True
1326,0.7301587301587301,0.31746031746031744,-0.3078228415410154,-0.27198012313710895,-0.04877011379094978,True
1327,0.746031746031746,0.31746031746031744,-0.3038977547059613,-0.2899768556044379,-0.04440672237567987,True
1328,0.7619047619047619,0.31746031746031744,-0.29686168445591876,-0.30498178536210513,-0.03985457720727831,True
1329,0.7777777777777777,0.31746031746031744,-0.2855938121166574,-0.3152170862082814,-0.03526861626793906,True
1330,0.7936507936507936,0.31746031746031744,-0.2698706488997235,-0.31958382632887344,-0.030754569881904822,True
1331,0.8095238095238095,0.31746031746031744,-0.24898105679750546,-0.31612505930373896,-0.026540351948124024,True
1332,0.8253968253968254,0.31746031746031744,-0.22329603963844272,-0.30396087457889,-0.02281503732334482,True
1333,0.8412698412698412,0.31746031746031744,-0.19378987773406578,-0.28294167864174874,-0.019733944493260214,True
1334,0.8571428571428571,0.31746031746031744,-0.1618431374108632,-0.25365877703312634,-0.017409484204755965,True
1335,0.873015873015873,0.31746031746031744,-0.12928270458183533,-0.21776920194543053,-0.015849690086926896,True
1336,0.8888888888888888,0.31746031746031744,-0.09805022397707508,-0.1777147540749385,-0.014982538607411026,True
1337,0.9047619047619047,0.31746031746031744,-0.0699152750404562,-0.13642404988330006,-0.01467879506853479,True
1338,0.9206349206349206,0.31746031746031744,-0.0461810405161354,-0.09685022633605704,-0.014773289453885157,True
1339,0.9365079365079365,0.31746031746031744,-0.027544981154991228,-0.06159251810356386,-0.015104748434201317,True
1340,0.9523809523809523,0.31746031746031744,-0.01414477067555429,-0.03281001930012009,-0.015537938881968118,True
1341,0.9682539682539681,0.31746031746031744,-0.005620609857787098,-0.01216316339080724,-0.01597206558284909,True
1342,0.9841269841269841,0.31746031746031744,-0.001230978255441083,-0.000870636599987335,-0.01634128661294743,True
1343,1.0,0.31746031746031744,-1.0590494173482406e-08,-1.317877589778572e-06,-0.016589511229032156,True
1344,0.0,0.3333333333333333,-2.517623969055168e-08,1.404327913942114e-05,-0.003295097934543596,True
1345,0.015873015873015872,0.3333333333333333,-0.0027676711506186705,0.04888248066653621,-0.0037701411516451798,True
1346,0.031746031746031744,0.3333333333333333,-0.009871072589798007,0.08574537614360535,-0.004175405959438158,True
1347,0.047619047619047616,0.3333333333333333,-0.019927542473237907,0.11340422446428494,-0.004567874862607814,True
1348,0.06349206349206349,0.3333333333333333,-0.031921184894526604,0.13501229887951469,-0.005047530320165482,True
1349,0.07936507936507936,0.3333333333333333,-0.045172902931232474,0.15317878547282268,-0.0056928733395870635,True
1350,0.09523809523809523,0.3333333333333333,-0.059272386464114826,0.16958308259194885,-0.006559167044945545,True
1351,0.1111111111111111,0.3333333333333333,-0.07395257192902203,0.18505698008469462,-0.007693598488269011,True
1352,0.12698412698412698,0.3333333333333333,-0.0890401007962538,0.1997854587905733,-0.00912581654022981,True
1353,0.14285714285714285,0.3333333333333333,-0.10434000062595011,0.21354994329036417,-0.010892372600940692,True
1354,0.15873015873015872,0.3333333333333333,-0.11969118092620538,0.22599623650439954,-0.013008869136392582,True
1355,0.1746031746031746,0.3333333333333333,-0.13485875649013468,0.23667490885964249,-0.015496479450695483,True
1356,0.19047619047619047,0.3333333333333333,-0.14967061971151882,0.24522836323213246,-0.018342855494259305,True
1357,0.20634920634920634,0.3333333333333333,-0.16388436936634926,0.2513159744821234,-0.021540609554867536,True
1358,0.2222222222222222,0.3333333333333333,-0.1773618563425478,0.2547698971679552,-0.025043008712954982,True
1359,0.23809523809523808,0.3333333333333333,-0.18992918140208734,0.25548495383395264,-0.028811626254953565,True
1360,0.25396825396825395,0.3333333333333333,-0.20140162294456934,0.25339589919266486,-0.03280003502296069,True
1361,0.2698412698412698,0.3333333333333333,-0.21172706179173842,0.24861934490415505,-0.03693348460650543,True
1362,0.2857142857142857,0.3333333333333333,-0.22095659441505752,0.24142185765864269,-0.041134083735697824,True
1363,0.30158730158730157,0.3333333333333333,-0.22891668773264925,0.23184443548842731,-0.04535342240837907,True
1364,0.31746031746031744,0.3333333333333333,-0.23571961517650794,0.22022864778687826,-0.04949786181918018,True
1365,0.3333333333333333,0.3333333333333333,-0.24141225220425552,0.20684853866838906,-0.05351995188433878,True
1366,0.3492063492063492,0.3333333333333333,-0.24598150671658336,0.1918989486910565,-0.05735760941673184,True
1367,0.36507936507936506,0.3333333333333333,-0.2497368191946015,0.17586571816218172,-0.06095958970147964,True
1368,0.38095238095238093,0.3333333333333333,-0.25266418791215295,0.15888132188966372,-0.0642918871972056,True
1369,0.3968253968253968,0.3333333333333333,-0.25496240357322547,0.14124926535410107,-0.06732008927408815,True
1370,0.4126984126984127,0.3333333333333333,-0.2567651311488374,0.12317107987735855,-0.07004300432605828,True
1371,0.42857142857142855,0.3333333333333333,-0.2582063643786092,0.10480900850738763,-0.07242848470753967,True
1372,0.4444444444444444,0.3333333333333333,-0.2593948160597778,0.0862822037435546,-0.07447665553987323,True
1373,0.4603174603174603,0.3333333333333333,-0.26046171989405537,0.0676824022298762,-0.0761935259992908,True
1374,0.47619047619047616,0.3333333333333333,-0.2614325951041727,0.049042729861320765,-0.07757513062569223,True
1375,0.49206349206349204,0.3333333333333333,-0.26244809051770535,0.030387510136530634,-0.07862226998380467,True
1376,0.5079365079365079,0.3333333333333333,-0.26349370922690873,0.011728565668238414,-0.07934258537363008,True
1377,0.5238095238095237,0.3333333333333333,-0.2646714003046348,-0.006979542417508833,-0.07973437150316379,True
1378,0.5396825396825397,0.3333333333333333,-0.26598650036944255,-0.025736005851259208,-0.0798104590825461,True
1379,0.5555555555555556,0.3333333333333333,-0.2674963899395227,-0.04461000628239394,-0.07956774539907205,True
1380,0.5714285714285714,0.3333333333333333,-0.2692167035939986,-0.06360531402674682,-0.07901113875751963,True
1381,0.5873015873015872,0.3333333333333333,-0.27120997970969,-0.08284179815946002,-0.07812715091976133,True
1382,0.6031746031746031,0.3333333333333333,-0.27347670676128705,-0.10233822033708542,-0.07693390896574065,True
1383,0.6190476190476191,0.3333333333333333,-0.27604506157333264,-0.12218511696621022,-0.0754204984311165,True
1384,0.6349206349206349,0.3333333333333333,-0.27893491628263395,-0.1424704899621262,-0.07355795405000522,True
1385,0.6507936507936507,0.3333333333333333,-0.28208736613499596,-0.16325968930209636,-0.07135538011980296,True
1386,0.6666666666666666,0.3333333333333333,-0.2854236484075346,-0.18458020702828,-0.06879433427706884,True
1387,0.6825396825396826,0.3333333333333333,-0.28881200278301317,-0.20642432059661214,-0.0658706709022104,True
1388,0.6984126984126984,0.3333333333333333,-0.2919451265866403,-0.22867226429638962,-0.06255971434330318,True
1389,0.7142857142857142,0.3333333333333333,-0.2943687654836841,-0.25100488178310565,-0.05885211970119013,True
1390,0.7301587301587301,0.3333333333333333,-0.29554811509629747,-0.2729172677590902,-0.05476545303370468,True
1391,0.746031746031746,0.3333333333333333,-0.29485438229943106,-0.29369562085586454,-0.05033670297454601,True
1392,0.7619047619047619,0.3333333333333333,-0.29125259721694297,-0.3120635225411194,-0.04561067733650424,True
1393,0.7777777777777777,0.3333333333333333,-0.28383688713231775,-0.3264912122063789,-0.04072193749441557,True
1394,0.7936507936507936,0.3333333333333333,-0.27230803243217655,-0.3358604607948391,-0.035792224601742875,True
1395,0.8095238095238095,0.3333333333333333,-0.25536290597385697,-0.3376047770985771,-0.031036233560961985,True
1396,0.8253968253968254,0.3333333333333333,-0.23309114263294717,-0.3304244427657089,-0.02665677564238228,True
1397,0.8412698412698412,0.3333333333333333,-0.20583774139710015,-0.3131901506031342,-0.022897358152807017,True
1398,0.8571428571428571,0.3333333333333333,-0.17492913445348932,-0.286144944395963,-0.01991399008605696,True
1399,0.873015873015873,0.3333333333333333,-0.14212093397076325,-0.25049674865991306,-0.017791752249159586,True
1400,0.8888888888888888,0.3333333333333333,-0.10953335008925114,-0.20863021293730663,-0.016497839256492695,True
1401,0.9047619047619047,0.3333333333333333,-0.0792637742835186,-0.1637091636291699,-0.01590990209894516,True
1402,0.9206349206349206,0.3333333333333333,-0.053112916631397084,-0.11935011690593132,-0.01585896521828969,True
1403,0.9365079365079365,0.3333333333333333,-0.032121887013632736,-0.07870074296493411,-0.016141811793772495,True
1404,0.9523809523809523,0.3333333333333333,-0.016732707816361294,-0.04455327222536964,-0.016590283619954644,True
1405,0.9682539682539681,0.3333333333333333,-0.0067479273991139805,-0.01902505519633941,-0.017072086490188737,True
1406,0.9841269841269841,0.3333333333333333,-0.0015068371752922443,-0.0037561731232926823,-0.01749796183680176,True
1407,1.0,0.3333333333333333,-1.0441125746159182e-07,-5.81867456946268e-06,-0.017797054296733377,True
1408,0.0,0.3492063492063492,-9.578166517216932e-09,-1.635494632054144e-05,-0.004776036733043634,True
1409,0.015873015873015872,0.3492063492063492,-0.002668064710335558,0.05404858468030388,-0.005235867674364633,True
1410,0.031746031746031744,0.3492063492063492,-0.009575011325684259,0.09441793428543739,-0.005644069045020983,True
1411,0.047619047619047616,0.3492063492063492,-0.019401605532464287,0.12445705133138911,-0.006057247175560365,True
1412,0.06349206349206349,0.3492063492063492,-0.031144568056969416,0.14763555696026237,-0.006587111610089337,True
1413,0.07936507936507936,0.3492063492063492,-0.04414646026599038,0.1667787065883978,-0.0073004471627962945,True
1414,0.09523809523809523,0.3492063492063492,-0.05792357258208603,0.18384619384359052,-0.008270029360484365,True
1415,0.1111111111111111,0.3492063492063492,-0.07224039113826626,0.1997664714686137,-0.00952532182332641,True
1416,0.12698412698412698,0.3492063492063492,-0.0868442905616078,0.21476071290596113,-0.011117834427629088,True
1417,0.14285714285714285,0.3492063492063492,-0.10157322670062002,0.22861140348411,-0.013069612388371713,True
1418,0.15873015873015872,0.3492063492063492,-0.11622132294348554,0.24092396504968241,-0.015403054893854061,True
1419,0.1746031746031746,0.3492063492063492,-0.13064113575636505,0.25131662774439,-0.018114392950310296,True
1420,0.19047619047619047,0.3492063492063492,-0.14456144015499603,0.259319914901114,-0.0212078831229197,True
1421,0.20634920634920634,0.3492063492063492,-0.15784168253154376,0.26473248972514307,-0.024651435847280863,True
1422,0.2222222222222222,0.3492063492063492,-0.17023356132321577,0.2672799901411541,-0.028420690394444646,True
1423,0.23809523809523808,0.3492063492063492,-0.18163178282714273,0.26690139392929113,-0.0324476085685813,True
1424,0.25396825396825395,0.3492063492063492,-0.192026034048738,0.26377009114373895,-0.036663903904661316,True
1425,0.2698412698412698,0.3492063492063492,-0.20117035206978126,0.2577848726705327,-0.04101565009490186,True
1426,0.2857142857142857,0.3492063492063492,-0.20926469824138372,0.24941204720766907,-0.045407315423754875,True
1427,0.30158730158730157,0.3492063492063492,-0.2161210696716198,0.23866719980485734,-0.04978134837367866,True
1428,0.31746031746031744,0.3492063492063492,-0.2218266781628629,0.22589293912218872,-0.05406240600602138,True
1429,0.3333333333333333,0.3492063492063492,-0.22651640472552714,0.21146609492994492,-0.058179085006178057,True
1430,0.3492063492063492,0.3492063492063492,-0.2302411073721621,0.19564985485302439,-0.06207893205229041,True
1431,0.36507936507936506,0.3492063492063492,-0.23316655756942362,0.1787952934359974,-0.06572794981790367,True
1432,0.38095238095238093,0.3492063492063492,-0.23538912711831372,0.16114516573204923,-0.06908502746162284,True
1433,0.3968253968253968,0.3492063492063492,-0.23710684259744,0.14299751067355781,-0.07212081726640478,True
1434,0.4126984126984127,0.3492063492063492,-0.23845283317281935,0.12454691099001634,-0.07482578413778235,True
1435,0.42857142857142855,0.3492063492063492,-0.23955024505844796,0.10594431016336814,-0.0772076943096856,True
1436,0.4444444444444444,0.3492063492063492,-0.24047226062048999,0.08727075075500143,-0.07925465881602875,True
1437,0.4603174603174603,0.3492063492063492,-0.24133540771229633,0.06859805222219444,-0.0809466368902329,True
1438,0.47619047619047616,0.3492063492063492,-0.2421763397359295,0.049959718605617306,-0.0823225260654529,True
1439,0.49206349206349204,0.3492063492063492,-0.24306594300389026,0.03135953947448499,-0.08336823946917647,True
1440,0.5079365079365079,0.3492063492063492,-0.24403887581244474,0.012788530541321,-0.08408278898282974,True
1441,0.5238095238095237,0.3492063492063492,-0.24512327194430097,-0.005783587645092473,-0.08449814133948784,True
1442,0.5396825396825397,0.3492063492063492,-0.2463602896304927,-0.02437341727304959,-0.08458850613049011,True
1443,0.5555555555555556,0.3492063492063492,-0.24778644798790977,-0.04304494568155887,-0.08436650503207854,True
1444,0.5714285714285714,0.3492063492063492,-0.24941235965163097,-0.0618101532275424,-0.08384258123400173,True
1445,0.5873015873015872,0.3492063492063492,-0.2512806219490099,-0.08077001317904636,-0.08301906280841904,True
1446,0.6031746031746031,0.3492063492063492,-0.25344619326195567,-0.09997917333352163,-0.0818749694783362,True
1447,0.6190476190476191,0.3492063492063492,-0.2559300483834717,-0.11951397641619572,-0.08041831972531648,True
1448,0.6349206349206349,0.3492063492063492,-0.25874244376775746,-0.1394357282123129,-0.07866363195596744,True
1449,0.6507936507936507,0.3492063492063492,-0.261949176518893,-0.15991457147703522,-0.07655751955437479,True
1450,0.6666666666666666,0.3492063492063492,-0.2655007913247325,-0.18100053986976952,-0.07411231278189047,True
1451,0.6825396825396826,0.3492063492063492,-0.26931882499129006,-0.20277842415978858,-0.07129827094403399,True
1452,0.6984126984126984,0.3492063492063492,-0.2732724433822945,-0.22523725915979356,-0.0681098400474534,True
1453,0.7142857142857142,0.3492063492063492,-0.277030093075654,-0.24826146467416743,-0.06451540833900207,True
1454,0.7301587301587301,0.3492063492063492,-0.2800990819079632,-0.2714752009542948,-0.060518532967058836,True
1455,0.746031746031746,0.3492063492063492,-0.28175445962708057,-0.29419304730123674,-0.05611067622425972,True
1456,0.7619047619047619,0.3492063492063492,-0.2813709774829652,-0.31559190629256234,-0.051346543808079154,True
1457,0.7777777777777777,0.3492063492063492,-0.2777124937286226,-0.33402767333907857,-0.046288699150252015,True
1458,0.7936507936507936,0.3492063492063492,-0.2698688521674444,-0.34776478322824345,-0.04107584118592054,True
1459,0.8095238095238095,0.3492063492063492,-0.25745279685974265,-0.3553729773161271,-0.03586946621132027,True
1460,0.8253968253968254,0.3492063492063492,-0.2390603649240541,-0.35372426263754203,-0.030931965364405546,True
1461,0.8412698412698412,0.3492063492063492,-0.21495693359316245,-0.34144334187545394,-0.026513217556372957,True
1462,0.8571428571428571,0.3492063492063492,-0.1859080135095744,-0.3177428645081434,-0.02287754165275156,True
1463,0.873015873015873,0.3492063492063492,-0.15377610602111697,-0.2836917488524282,-0.02012109350136062,True
1464,0.8888888888888888,0.3492063492063492,-0.12054660259517436,-0.24106847904441575,-0.01832244265634374,True
1465,0.9047619047619047,0.3492063492063492,-0.08866493122558468,-0.19326816934260985,-0.017383951840481207,True
1466,0.9206349206349206,0.3492063492063492,-0.06025546318848513,-0.14418837876592858,-0.017120342712524578,True
1467,0.9365079365079365,0.3492063492063492,-0.0369555321725741,-0.09796910413174466,-0.017321487288259555,True
1468,0.9523809523809523,0.3492063492063492,-0.019500774411823924,-0.05795921882492117,-0.017765780200513063,True
1469,0.9682539682539681,0.3492063492063492,-0.007988509094700438,-0.027068387020176686,-0.018290354349290657,True
1470,0.9841269841269841,0.3492063492063492,-0.0018210249896524438,-0.0072477312153604164,-0.018778910291085193,True
1471,1.0,0.3492063492063492,2.625595619385958e-07,-2.692553579065617e-06,-0.019133831983100254,True
1472,0.0,0.36507936507936506,-5.470326253689387e-08,-1.4970519527470856e-07,-0.006430862763196884,True
1473,0.015873015873015872,0.36507936507936506,-0.0025262165985430497,0.05892712666940664,-0.006872239723493825,True
1474,0.031746031746031744,0.36507936507936506,-0.009115133000343292,0.10278756238653135,-0.007276386249993887,True
1475,0.047619047619047616,0.36507936507936506,-0.018561988931867716,0.13521143783120995,-0.007709762455668154,True
1476,0.06349206349206349,0.36507936507936506,-0.029931493312689197,0.15987058601441667,-0.008279719683518257,True
1477,0.07936507936507936,0.36507936507936506,-0.0424836137802427,0.18005075978790525,-0.009071372684407684,True
1478,0.09523809523809523,0.36507936507936506,-0.05582820839604656,0.19771671787858117,-0.01013239467558603,True
1479,0.1111111111111111,0.36507936507936506,-0.06959412698924676,0.21400362807741793,-0.011521043325059365,True
1480,0.12698412698412698,0.36507936507936506,-0.08361744060769571,0.22915488588395186,-0.01325987311780598,True
1481,0.14285714285714285,0.36507936507936506,-0.0976503863153826,0.24298274932779382,-0.015388119878952958,True
1482,0.15873015873015872,0.36507936507936506,-0.11152125444617926,0.25508382086381187,-0.017917336371857943,True
1483,0.1746031746031746,0.36507936507936506,-0.12503221900248657,0.2650460067707974,-0.020851374615043064,True
1484,0.19047619047619047,0.36507936507936506,-0.13796985372801351,0.2724372175489041,-0.02417874534990342,True
1485,0.20634920634920634,0.36507936507936506,-0.15017933337658884,0.2770127189795344,-0.027860962333958125,True
1486,0.2222222222222222,0.36507936507936506,-0.16155518694900398,0.2786690612109072,-0.03184235882641757,True
1487,0.23809523809523808,0.36507936507936506,-0.1718893157781293,0.2773090039515898,-0.03608553296476793,True
1488,0.25396825396825395,0.36507936507936506,-0.1811004022938643,0.27295714252631936,-0.040505795236508386,True
1489,0.2698412698412698,0.36507936507936506,-0.18926376979986084,0.26595740152906183,-0.04502528161430219,True
1490,0.2857142857142857,0.36507936507936506,-0.19622266566507204,0.2563406732959736,-0.049572909736171865,True
1491,0.30158730158730157,0.36507936507936506,-0.20204680084567322,0.2444507899609939,-0.05406923538183443,True
1492,0.31746031746031744,0.36507936507936506,-0.20685484634808007,0.2306699990251979,-0.05843460027103638,True
1493,0.3333333333333333,0.36507936507936506,-0.21063813354230573,0.21522738123317148,-0.06261472830137331,True
1494,0.3492063492063492,0.36507936507936506,-0.21358423211398575,0.1985491439555987,-0.0665528359083818,True
1495,0.36507936507936506,0.36507936507936506,-0.21589089356300392,0.18102915691083035,-0.0702101692797015,True
1496,0.38095238095238093,0.36507936507936506,-0.21763218250393865,0.16287326033637295,-0.07355674770808551,True
1497,0.3968253968253968,0.36507936507936506,-0.2189596179892992,0.14433816690812906,-0.07658924049723698,True
1498,0.4126984126984127,0.36507936507936506,-0.22001644627478018,0.12562395439571222,-0.07928400086274422,True
1499,0.42857142857142855,0.36507936507936506,-0.22090191273843668,0.10684652864773751,-0.08163052882338633,True
1500,0.4444444444444444,0.36507936507936506,-0.22169650599313656,0.08809257655980728,-0.08364697961577416,True
1501,0.4603174603174603,0.36507936507936506,-0.2224662634255764,0.06940443323256044,-0.08533814477658566,True
1502,0.47619047619047616,0.36507936507936506,-0.22328006531492578,0.05080275575830572,-0.0866783104849042,True
1503,0.49206349206349204,0.36507936507936506,-0.22414938430437684,0.03227011292446382,-0.0877111700477413,True
1504,0.5079365079365079,0.36507936507936506,-0.22509178239008457,0.013802111041127725,-0.08844530372044487,True
1505,0.5238095238095237,0.36507936507936506,-0.2261658495668747,-0.0046367171224993035,-0.08885056263249773,True
1506,0.5396825396825397,0.36507936507936506,-0.22737037000307148,-0.023076913123725055,-0.08895396625641919,True
1507,0.5555555555555556,0.36507936507936506,-0.228730954005347,-0.041559789014975965,-0.08875700649867188,True
1508,0.5714285714285714,0.36507936507936506,-0.23028175255838504,-0.06013023015895092,-0.0882558612481565,True
1509,0.5873015873015872,0.36507936507936506,-0.23203126376525637,-0.07883659837065851,-0.08746779999541122,True
1510,0.6031746031746031,0.36507936507936506,-0.23403389903660618,-0.097737495997092,-0.08637942056716005,True
1511,0.6190476190476191,0.36507936507936506,-0.23634771287065362,-0.11693277704317288,-0.08498375067444515,True
1512,0.6349206349206349,0.36507936507936506,-0.23898819029163026,-0.13651151440125772,-0.08329849090796171,True
1513,0.6507936507936507,0.36507936507936506,-0.24203862568889473,-0.15659085857464666,-0.08128766202278431,True
1514,0.6666666666666666,0.36507936507936506,-0.24551028381759715,-0.17729097601213797,-0.07895063456633389,True
1515,0.6825396825396826,0.36507936507936506,-0.2493997408736478,-0.19873828081079437,-0.07627114082582123,True
1516,0.6984126984126984,0.36507936507936506,-0.25365374070073005,-0.2210549650659912,-0.07320529513913492,True
1517,0.7142857142857142,0.36507936507936506,-0.2580692863749148,-0.2442274297973926,-0.06976680764894498,True
1518,0.7301587301587301,0.36507936507936506,-0.262381488197199,-0.2681479357002647,-0.06590792734195206,True
1519,0.746031746031746,0.36507936507936506,-0.2659968787846092,-0.29237353232329877,-0.061617945992799406,True
1520,0.7619047619047619,0.36507936507936506,-0.26800047322737486,-0.31597291777596237,-0.05689845004989557,True
1521,0.7777777777777777,0.36507936507936506,-0.2676886205007153,-0.3379190097381452,-0.05180798690446886,True
1522,0.7936507936507936,0.36507936507936506,-0.26368778504181695,-0.35615985357199115,-0.04643490653759458,True
1523,0.8095238095238095,0.36507936507936506,-0.25480616058840905,-0.3683462308053182,-0.04095967160897936,True
1524,0.8253968253968254,0.36507936507936506,-0.2407436050661374,-0.372782618856028,-0.035579430346614475,True
1525,0.8412698412698412,0.36507936507936506,-0.22046814760231273,-0.3663955208378648,-0.030573475830574345,True
1526,0.8571428571428571,0.36507936507936506,-0.19441117320887463,-0.3477350646070596,-0.026248774526650028,True
1527,0.873015873015873,0.36507936507936506,-0.1637722019347175,-0.3165297816696975,-0.02284295209906275,True
1528,0.8888888888888888,0.36507936507936506,-0.13066932547616292,-0.2743549755921527,-0.020479133768690625,True
1529,0.9047619047619047,0.36507936507936506,-0.09775435704766543,-0.2245666200825072,-0.019121705309125086,True
1530,0.9206349206349206,0.36507936507936506,-0.06752432311498399,-0.1714136734009504,-0.018585344648540395,True
1531,0.9365079365079365,0.36507936507936506,-0.04197967651755148,-0.11944476870591761,-0.018654542328585783,True
1532,0.9523809523809523,0.36507936507936506,-0.022511518020507805,-0.07340977683343093,-0.01907718927136618,True
1533,0.9682539682539681,0.36507936507936506,-0.009355241843851704,-0.03646150366159321,-0.019637322235861933,True
1534,0.9841269841269841,0.36507936507936506,-0.0021616330160929243,-0.01135345401615843,-0.020185258298409964,True
1535,1.0,0.36507936507936506,3.3656590177187313e-07,2.0043432292371765e-06,-0.020602540718074235,True
1536,0.0,0.38095238095238093,1.1829920865890029e-07,2.0779181451048108e-05,-0.008241840489037486,True
1537,0.015873015873015872,0.38095238095238093,-0.002339692417114501,0.06349807246724237,-0.00865467237970161,True
1538,0.031746031746031744,0.38095238095238093,-0.008491854354475269,0.11076886082430973,-0.009050115866561398,True
1539,0.047619047619047616,0.38095238095238093,-0.017426689522770048,0.14550521400869237,-0.009500606922680793,True
1540,0.06349206349206349,0.38095238095238093,-0.028245232471626237,0.17171546591905237,-0.010116053567110803,True
1541,0.07936507936507936,0.38095238095238093,-0.040275848432536204,0.1927786699859997,-0.010971310092989413,True
1542,0.09523809523809523,0.38095238095238093,-0.05301294405996959,0.2110175811624756,-0.012129885979059311,True
1543,0.1111111111111111,0.38095238095238093,-0.06615805131131328,0.22758376614932976,-0.013632686017011198,True
1544,0.12698412698412698,0.38095238095238093,-0.07941951596884886,0.2428186312926687,-0.015523000966583165,True
1545,0.14285714285714285,0.38095238095238093,-0.09264498047547377,0.25653569353921113,-0.017817420554002483,True
1546,0.15873015873015872,0.38095238095238093,-0.10565674489135264,0.2683723124431017,-0.020526144960393223,True
1547,0.1746031746031746,0.38095238095238093,-0.11821639750930649,0.2778080632845421,-0.02365539485120485,True
1548,0.19047619047619047,0.38095238095238093,-0.1301648010191369,0.28456667814206665,-0.027180528999040297,True
1549,0.20634920634920634,0.38095238095238093,-0.14134752361079922,0.2883561951102326,-0.031063114894947612,True
1550,0.2222222222222222,0.38095238095238093,-0.151585414802807,0.2889974616050963,-0.03525373327185535,True
1551,0.23809523809523808,0.38095238095238093,-0.16082447215742943,0.28655245155292813,-0.03967831868449665,True
1552,0.25396825396825395,0.38095238095238093,-0.16901315083021365,0.2811627353452446,-0.04426385953756928,True
1553,0.2698412698412698,0.38095238095238093,-0.1760788015789399,0.2729435424576494,-0.04892742076587529,True
1554,0.2857142857142857,0.38095238095238093,-0.1820559888440498,0.26220728890782036,-0.05358761944149435,True
1555,0.30158730158730157,0.38095238095238093,-0.1870350924426105,0.24932435555064422,-0.05816467811663894,True
1556,0.31746031746031744,0.38095238095238093,-0.1909782533111763,0.23450329475413936,-0.06258642382629423,True
1557,0.3333333333333333,0.38095238095238093,-0.19409877615893692,0.21825060307580474,-0.06678667060505555,True
1558,0.3492063492063492,0.38095238095238093,-0.1965070656448472,0.20092212215009636,-0.0707417989802197,True
1559,0.36507936507936506,0.38095238095238093,-0.19832099951011872,0.1828048325641953,-0.07439042424641949,True
1560,0.38095238095238093,0.38095238095238093,-0.199709478994729,0.16422767524084195,-0.07771798384489507,True
1561,0.3968253968253968,0.38095238095238093,-0.20080099492659148,0.14540966023420535,-0.08070838946959306,True
1562,0.4126984126984127,0.38095238095238093,-0.20170033031902193,0.12651173220299736,-0.08337638643589518,True
1563,0.42857142857142855,0.38095238095238093,-0.20249800921476693,0.10763922548079731,-0.0857028214018257,True
1564,0.4444444444444444,0.38095238095238093,-0.20327719085288193,0.08886369509579006,-0.08767669439348665,True
1565,0.4603174603174603,0.38095238095238093,-0.2040595685469676,0.07019511768113335,-0.0893388524333151,True
1566,0.47619047619047616,0.38095238095238093,-0.20488798933885374,0.05164638794572686,-0.09068972703666574,True
1567,0.49206349206349204,0.38095238095238093,-0.20579860626334048,0.03319965929597264,-0.09171048360510997,True
1568,0.5079365079365079,0.38095238095238093,-0.206812157979481,0.014828860745672199,-0.09240840160029785,True
1569,0.5238095238095237,0.38095238095238093,-0.20790767167942847,-0.003493964265313651,-0.0928247078726944,True
1570,0.5396825396825397,0.38095238095238093,-0.20911966834040557,-0.02180172425364959,-0.09294008459547921,True
1571,0.5555555555555556,0.38095238095238093,-0.21046896640973956,-0.040135711777207025,-0.09274968365226478,True
1572,0.5714285714285714,0.38095238095238093,-0.2119478907056967,-0.05852302375006736,-0.09228192783853363,True
1573,0.5873015873015872,0.38095238095238093,-0.2136149989418245,-0.07702871731275134,-0.09151416558928784,True
1574,0.6031746031746031,0.38095238095238093,-0.2154718258070163,-0.0956803128839382,-0.09046554098493584,True
1575,0.6190476190476191,0.38095238095238093,-0.2175763984795843,-0.11457393487058194,-0.08913372927686815,True
1576,0.6349206349206349,0.38095238095238093,-0.22003253655035898,-0.13381799930060803,-0.08748679885787397,True
1577,0.6507936507936507,0.38095238095238093,-0.2227837434870376,-0.15343971629423198,-0.08557563622354893,True
1578,0.6666666666666666,0.38095238095238093,-0.2260388622138473,-0.17370951923145583,-0.08332437852558261,True
1579,0.6825396825396826,0.38095238095238093,-0.229732715874361,-0.19469377186001757,-0.08076847856598322,True
1580,0.6984126984126984,0.38095238095238093,-0.23396711669229833,-0.21663714089970837,-0.0778404505100022,True
1581,0.7142857142857142,0.38095238095238093,-0.23857449619454119,-0.2395886590954482,-0.07455059694681589,True
1582,0.7301587301587301,0.38095238095238093,-0.24345417606849085,-0.26363046829817643,-0.07085001229109197,True
1583,0.746031746031746,0.38095238095238093,-0.24811991590705096,-0.288510602253914,-0.06672544586680006,True
1584,0.7619047619047619,0.38095238095238093,-0.25206380298125175,-0.313768907062212,-0.06215189357221925,True
1585,0.7777777777777777,0.38095238095238093,-0.254143963298309,-0.3381447646227566,-0.057129989317332375,True
1586,0.7936507936507936,0.38095238095238093,-0.25341490261663324,-0.36017530326175495,-0.051739897629399914,True
1587,0.8095238095238095,0.38095238095238093,-0.2487322451935849,-0.3777592035016943,-0.046094411528017284,True
1588,0.8253968253968254,0.38095238095238093,-0.23873531595476505,-0.38798449276536817,-0.040395346310081647,True
1589,0.8412698412698412,0.38095238095238093,-0.22246404209352205,-0.3877640532361755,-0.034941488936295687,True
1590,0.8571428571428571,0.38095238095238093,-0.1999815873299835,-0.3750890136502708,-0.030003084156020942,True
1591,0.873015873015873,0.38095238095238093,-0.1715946483967216,-0.34795925904813796,-0.025966527972258176,True
1592,0.8888888888888888,0.38095238095238093,-0.13951661314680838,-0.30775641679710725,-0.02298956441554045,True
1593,0.9047619047619047,0.38095238095238093,-0.10623125110911229,-0.2570954266784662,-0.02112917003039445,True
1594,0.9206349206349206,0.38095238095238093,-0.07459346427247358,-0.20046356165801438,-0.020265848703723985,True
1595,0.9365079365079365,0.38095238095238093,-0.04717220225786246,-0.1433228158720847,-0.020161932978358114,True
1596,0.9523809523809523,0.38095238095238093,-0.02564004662667998,-0.09072655640086692,-0.020528585074853504,True
1597,0.9682539682539681,0.38095238095238093,-0.010804965831735576,-0.04722039894983734,-0.021111256111927854,True
1598,0.9841269841269841,0.38095238095238093,-0.0025237319604174005,-0.016130054959430255,-0.02171960849000407,True
1599,1.0,0.38095238095238093,-4.5885284507792037e-07,-8.351262899266945e-06,-0.0222059571131984,True
1600,0.0,0.3968253968253968,6.216104360145735e-08,2.329765048456403e-05,-0.010181378349990227,True
1601,0.015873015873015872,0.3968253968253968,-0.0021006230484768443,0.06774117634999068,-0.01055282740189218,True
1602,0.031746031746031744,0.3968253968253968,-0.007735787070065217,0.11818136258970656,-0.010935859727580264,True
1603,0.047619047619047616,0.3968253968253968,-0.016024236256570967,0.15519130367513612,-0.011403071561336452,True
1604,0.06349206349206349,0.3968253968253968,-0.026170905992335743,0.18287147976327234,-0.012060461896506933,True
1605,0.07936507936507936,0.3968253968253968,-0.03750049704599793,0.2049031207514768,-0.012981582307647227,True
1606,0.09523809523809523,0.3968253968253968,-0.04953711589731576,0.22365429586144359,-0.014227089094444251,True
1607,0.1111111111111111,0.3968253968253968,-0.061908915929417184,0.24046615623233078,-0.01584268786688593,True
1608,0.12698412698412698,0.3968253968253968,-0.07438508079945577,0.25572882702900473,-0.01785856960147801,True
1609,0.14285714285714285,0.3968253968253968,-0.08671365235030513,0.2692524514006335,-0.020306362127692348,True
1610,0.15873015873015872,0.3968253968253968,-0.098720986483163,0.28065185206735643,-0.023189588856104046,True
1611,0.1746031746031746,0.3968253968253968,-0.11031253186556646,0.28961919658969354,-0.026488423954881997,True
1612,0.19047619047619047,0.3968253968253968,-0.1212320613665232,0.29562185601873614,-0.03018831901805848,True
1613,0.20634920634920634,0.3968253968253968,-0.13130755312860826,0.29852057294979634,-0.03425128715319008,True
1614,0.2222222222222222,0.3968253968253968,-0.14045670973543395,0.2981626123400154,-0.03860817748507379,True
1615,0.23809523809523808,0.3968253968253968,-0.14869097995312536,0.294729850463239,-0.04317800741613061,True
1616,0.25396825396825395,0.3968253968253968,-0.15590379999935844,0.28830634724260323,-0.04789271409205747,True
1617,0.2698412698412698,0.3968253968253968,-0.16205962339105406,0.27904316166364135,-0.052656141418764256,True
1618,0.2857142857142857,0.3968253968253968,-0.16718976522500764,0.2672833514290979,-0.0573918614769787,True
1619,0.30158730158730157,0.3968253968253968,-0.17132614807080754,0.25334280165475925,-0.06202079720593082,True
1620,0.31746031746031744,0.3968253968253968,-0.17463738510181884,0.2377034320049833,-0.06646848872967533,True
1621,0.3333333333333333,0.3968253968253968,-0.17722268028562124,0.2207510474674799,-0.07068691416491532,True
1622,0.3492063492063492,0.3968253968253968,-0.17917389150658383,0.20279370542982664,-0.07460881000500993,True
1623,0.36507936507936506,0.3968253968253968,-0.1806769100272221,0.18424442795064497,-0.07824265149000384,True
1624,0.38095238095238093,0.3968253968253968,-0.1818542655277197,0.1653521355084659,-0.08153383756837936,True
1625,0.3968253968253968,0.3968253968253968,-0.18281810665225062,0.14633213829943514,-0.08449774493765261,True
1626,0.4126984126984127,0.3968253968253968,-0.18367245887242947,0.12733355783736236,-0.08712221313234991,True
1627,0.42857142857142855,0.3968253968253968,-0.18448519409117572,0.10842841674001522,-0.08940428522424487,True
1628,0.4444444444444444,0.3968253968253968,-0.18528898948537725,0.08965700489411788,-0.09137694161499718,True
1629,0.4603174603174603,0.3968253968253968,-0.18614616190255603,0.07103837955887012,-0.0930074298784346,True
1630,0.47619047619047616,0.3968253968253968,-0.18707094925309514,0.05256066977506126,-0.09432335545445959,True
1631,0.49206349206349204,0.3968253968253968,-0.18807739466538867,0.03420081495435659,-0.09533198452336732,True
1632,0.5079365079365079,0.3968253968253968,-0.18916113982336213,0.015923028987860004,-0.0960385954635686,True
1633,0.5238095238095237,0.3968253968253968,-0.19033291581469008,-0.0023070233369660137,-0.09644536298134831,True
1634,0.5396825396825397,0.3968253968253968,-0.19160676253517944,-0.02050496127225602,-0.09655377994786514,True
1635,0.5555555555555556,0.3968253968253968,-0.1929516251450261,-0.038722953234269976,-0.09639359710885805,True
1636,0.5714285714285714,0.3968253968253968,-0.1944222433338784,-0.05697966225484639,-0.09593335214960932,True
1637,0.5873015873015872,0.3968253968253968,-0.1960162334295576,-0.07531657753056108,-0.09519429626729481,True
1638,0.6031746031746031,0.3968253968253968,-0.1977761284032665,-0.09378090524024142,-0.0941682757557917,True
1639,0.6190476190476191,0.3968253968253968,-0.19971525236379242,-0.11241426235984239,-0.09287268533874135,True
1640,0.6349206349206349,0.3968253968253968,-0.2019170704653746,-0.1313225437754261,-0.09129264725976156,True
1641,0.6507936507936507,0.3968253968253968,-0.20445239158579537,-0.1506177031570935,-0.08942416214377018,True
1642,0.6666666666666666,0.3968253968253968,-0.20734465606323055,-0.17038178633276388,-0.0872799547169892,True
1643,0.6825396825396826,0.3968253968253968,-0.2107728134078584,-0.19088551013569804,-0.08480395317457895,True
1644,0.6984126984126984,0.3968253968253968,-0.21471186073965706,-0.21226382212959355,-0.08202405648438668,True
1645,0.7142857142857142,0.3968253968253968,-0.21924491831026624,-0.23477464225723774,-0.07887157739743428,True
1646,0.7301587301587301,0.3968253968253968,-0.22424808256175488,-0.2585609732468513,-0.0753562437437577,True
1647,0.746031746031746,0.3968253968253968,-0.22950858928640466,-0.2836455361791887,-0.07140324202603499,True
1648,0.7619047619047619,0.3968253968253968,-0.23456082635000816,-0.3097361191120855,-0.06701308826799819,True
1649,0.7777777777777777,0.3968253968253968,-0.23867919960036535,-0.33613315716664693,-0.062149215774349946,True
1650,0.7936507936507936,0.3968253968253968,-0.24071604529649338,-0.36135884574438043,-0.05684473553922962,True
1651,0.8095238095238095,0.3968253968253968,-0.23915381346214504,-0.3830003807511102,-0.05116816744094282,True
1652,0.8253968253968254,0.3968253968253968,-0.23298044043230637,-0.39866886205406366,-0.04530262244335348,True
1653,0.8412698412698412,0.3968253968253968,-0.2211297453013913,-0.4053556407008017,-0.03949057545364043,True
1654,0.8571428571428571,0.3968253968253968,-0.202295771499668,-0.3988403099183572,-0.03407962113582483,True
1655,0.873015873015873,0.3968253968253968,-0.17714070667272497,-0.37752065372377247,-0.029406300827944844,True
1656,0.8888888888888888,0.3968253968253968,-0.14674245748737252,-0.3404814885502451,-0.025816384880513712,True
1657,0.9047619047619047,0.3968253968253968,-0.11382351988226967,-0.29030010958965075,-0.023410074909600554,True
1658,0.9206349206349206,0.3968253968253968,-0.08129822717019236,-0.2310848094782816,-0.022161828521354697,True
1659,0.9365079365079365,0.3968253968253968,-0.05218268812016382,-0.16879731950815105,-0.021833668451787323,True
1660,0.9523809523809523,0.3968253968253968,-0.028777789258123677,-0.10971853948421688,-0.022121227569473306,True
1661,0.9682539682539681,0.3968253968253968,-0.01228346170740388,-0.05919053402143499,-0.022716749481179004,True
1662,0.9841269841269841,0.3968253968253968,-0.002924173581616928,-0.021734877329385376,-0.023382816416659083,True
1663,1.0,0.3968253968253968,-1.5960980475626785e-07,-2.6229895552232197e-05,-0.023942523466039176,True
1664,0.0,0.4126984126984127,-1.2860825619498393e-07,-3.346389523912239e-05,-0.012213605852845767,True
1665,0.015873015873015872,0.4126984126984127,-0.0018267234107140265,0.07154271628526136,-0.012542993609574863,True
1666,0.031746031746031744,0.4126984126984127,-0.006852868731653103,0.12493598015673577,-0.012909273945640311,True
1667,0.047619047619047616,0.4126984126984127,-0.014373431306918129,0.16414705993952686,-0.013388381464768883,True
1668,0.06349206349206349,0.4126984126984127,-0.023732811608471745,0.19336185503629685,-0.014078099470404195,True
1669,0.07936507936507936,0.4126984126984127,-0.034264026254970055,0.21626193415225548,-0.015060544350739278,True
1670,0.09523809523809523,0.4126984126984127,-0.04546807132885414,0.23551507458475862,-0.01638785540060388,True
1671,0.1111111111111111,0.4126984126984127,-0.05699463723235155,0.25249885470986255,-0.0181041101547401,True
1672,0.12698412698412698,0.4126984126984127,-0.06855477865584252,0.2677063970462048,-0.02024156668614892,True
1673,0.14285714285714285,0.4126984126984127,-0.07994282816759189,0.28100212398631125,-0.02281967756495355,True
1674,0.15873015873015872,0.4126984126984127,-0.09098648065284688,0.2920193697380388,-0.025841654683297167,True
1675,0.1746031746031746,0.4126984126984127,-0.10148372111361398,0.3003471627853911,-0.02929901963725692,True
1676,0.19047619047619047,0.4126984126984127,-0.11128390778782428,0.3055695392625999,-0.03315800297936509,True
1677,0.20634920634920634,0.4126984126984127,-0.12038417654676478,0.30767091519786866,-0.037355674334133754,True
1678,0.2222222222222222,0.4126984126984127,-0.12855440813583058,0.3064228554973353,-0.041839290046178056,True
1679,0.23809523809523808,0.4126984126984127,-0.1358247400425817,0.30203924153139455,-0.04652904441148041,True
1680,0.25396825396825395,0.4126984126984127,-0.14209117388858628,0.29455295339514836,-0.05133734710517666,True
1681,0.2698412698412698,0.4126984126984127,-0.14737351469633125,0.28427281602272253,-0.05617971707978321,True
1682,0.2857142857142857,0.4126984126984127,-0.15174844548780794,0.2715586301628632,-0.060961393152148206,True
1683,0.30158730158730157,0.4126984126984127,-0.15527179932234328,0.2567964071279104,-0.06561154639293519,True
1684,0.31746031746031744,0.4126984126984127,-0.15804176588182414,0.24041162742103495,-0.07006888763249652,True
1685,0.3333333333333333,0.4126984126984127,-0.16016876508864086,0.2227816668606207,-0.0742635539033963,True
1686,0.3492063492063492,0.4126984126984127,-0.16182664043982803,0.2043701449069687,-0.07817315198009128,True
1687,0.36507936507936506,0.4126984126984127,-0.16312421762665125,0.18546735998505,-0.08175719963705474,True
1688,0.38095238095238093,0.4126984126984127,-0.16419731306826513,0.1663690451089502,-0.08501789377045628,True
1689,0.3968253968253968,0.4126984126984127,-0.16512519139769313,0.14722544905206938,-0.08794370232931642,True
1690,0.4126984126984127,0.4126984126984127,-0.16599992254431462,0.12817098426108955,-0.09052818060214812,True
1691,0.42857142857142855,0.4126984126984127,-0.16686303581552234,0.10926380126388875,-0.09278679672943528,True
1692,0.4444444444444444,0.4126984126984127,-0.16775935263645614,0.09053309337542416,-0.09472365985214475,True
1693,0.4603174603174603,0.4126984126984127,-0.16873190010992004,0.071984504366534,-0.0963291175009822,True
1694,0.47619047619047616,0.4126984126984127,-0.16977441678317207,0.053584576895846246,-0.09762566874370886,True
1695,0.49206349206349204,0.4126984126984127,-0.17088132536344208,0.03529821976615009,-0.09863120252008296,True
1696,0.5079365079365079,0.4126984126984127,-0.17206612572797483,0.017098964852499707,-0.0993348213654175,True
1697,0.5238095238095237,0.4126984126984127,-0.17334039653137487,-0.0010423738552205945,-0.09973540713001756,True
1698,0.5396825396825397,0.4126984126984127,-0.17468199425803896,-0.019168774531391704,-0.09984615595516838,True
1699,0.5555555555555556,0.4126984126984127,-0.17608667315252355,-0.03729441160013654,-0.09969174296648838,True
1700,0.5714285714285714,0.4126984126984127,-0.17758033133210177,-0.055452638553606985,-0.09924052084530444,True
1701,0.5873015873015872,0.4126984126984127,-0.17916368261786156,-0.07367067936672489,-0.09851154368508996,True
1702,0.6031746031746031,0.4126984126984127,-0.18083738367004196,-0.0919839559396533,-0.09752558474971605,True
1703,0.6190476190476191,0.4126984126984127,-0.18267880701217493,-0.11044418036556183,-0.09625036103726162,True
1704,0.6349206349206349,0.4126984126984127,-0.18469358352017454,-0.12908992308481626,-0.09471165523788563,True
1705,0.6507936507936507,0.4126984126984127,-0.18696860622479686,-0.14803411701563826,-0.09290093423212684,True
1706,0.6666666666666666,0.4126984126984127,-0.18958580527445518,-0.1674083003446987,-0.09081297345883824,True
1707,0.6825396825396826,0.4126984126984127,-0.19266304710006707,-0.18739809262033397,-0.08842536477284456,True
1708,0.6984126984126984,0.4126984126984127,-0.19623554733044954,-0.2081850668840115,-0.08575415427901883,True
1709,0.7142857142857142,0.4126984126984127,-0.20046405071541282,-0.23010482263783574,-0.08274141803174695,True
1710,0.7301587301587301,0.4126984126984127,-0.205301897878378,-0.25336515211759536,-0.0793841315297019,True
1711,0.746031746031746,0.4126984126984127,-0.2106882606454453,-0.27817164350257284,-0.07563712634534767,True
1712,0.7619047619047619,0.4126984126984127,-0.21629280565084708,-0.3045080336016586,-0.07142496225365558,True
1713,0.7777777777777777,0.4126984126984127,-0.22161218259895363,-0.33195789808507714,-0.06677380452636088,True
1714,0.7936507936507936,0.4126984126984127,-0.22564930756802953,-0.3594329236532306,-0.06163554733016872,True
1715,0.8095238095238095,0.4126984126984127,-0.2270524330271739,-0.3849100767083366,-0.056046054633438785,True
1716,0.8253968253968254,0.4126984126984127,-0.22454875702622382,-0.4058927469162781,-0.05014532351634769,True
1717,0.8412698412698412,0.4126984126984127,-0.21633310963626387,-0.4183409528189439,-0.04412999635217808,True
1718,0.8571428571428571,0.4126984126984127,-0.2016948135985155,-0.4190325363343374,-0.0383360624264339,True
1719,0.873015873015873,0.4126984126984127,-0.18020761389839135,-0.40447014695716355,-0.03312108525406288,True
1720,0.8888888888888888,0.4126984126984127,-0.15218720239515382,-0.371985406114764,-0.028933361675958218,True
1721,0.9047619047619047,0.4126984126984127,-0.12024269893877548,-0.32348697185217173,-0.025987146812564695,True
1722,0.9206349206349206,0.4126984126984127,-0.08744910092026123,-0.26287546427437497,-0.02428874396888874,True
1723,0.9365079365079365,0.4126984126984127,-0.05706295137486217,-0.19616424294039525,-0.023688028551233704,True
1724,0.9523809523809523,0.4126984126984127,-0.03195900533164564,-0.1306690466074775,-0.023861155920850814,True
1725,0.9682539682539681,0.4126984126984127,-0.013871487535423468,-0.07294999814483286,-0.02444742537348175,True
1726,0.9841269841269841,0.4126984126984127,-0.0033334046408743756,-0.028018550427274316,-0.025169835604684904,True
1727,1.0,0.4126984126984127,3.610725986898723e-07,3.089113580967027e-05,-0.025801652197694952,True
1728,0.0,0.42857142857142855,1.677803001825796e-07,1.4073988702368017e-05,-0.014309829829036048,True
1729,0.015873015873015872,0.42857142857142855,-0.0015337386356276972,0.07475228119384537,-0.014592157735286593,True
1730,0.031746031746031744,0.42857142857142855,-0.005865519415213235,0.13089464612414067,-0.014936003157525753,True
1731,0.047619047619047616,0.42857142857142855,-0.012536544303082353,0.17227679166534135,-0.015419231289388383,True
1732,0.06349206349206349,0.42857142857142855,-0.020988781325205434,0.20295506714297534,-0.016140966434179865,True
1733,0.07936507936507936,0.42857142857142855,-0.03058411003506196,0.22677517510812836,-0.017177438392329804,True
1734,0.09523809523809523,0.42857142857142855,-0.04090285146002929,0.24644425586800986,-0.018576733224862814,True
1735,0.1111111111111111,0.42857142857142855,-0.051466951010585196,0.2635788781387319,-0.020383906803592367,True
1736,0.12698412698412698,0.42857142857142855,-0.062048693427959066,0.2786927374907874,-0.022625640204128564,True
1737,0.14285714285714285,0.42857142857142855,-0.07243904822551443,0.29174079376154843,-0.025317573487193084,True
1738,0.15873015873015872,0.42857142857142855,-0.08243774066580696,0.30230940631840525,-0.02846293222806427,True
1739,0.1746031746031746,0.42857142857142855,-0.09192888137932492,0.31003467536976564,-0.03204022469694142,True
1740,0.19047619047619047,0.42857142857142855,-0.10070332750436632,0.3145747521775685,-0.03601833453472578,True
1741,0.20634920634920634,0.42857142857142855,-0.10872261650047217,0.31579790304282135,-0.040337285942483155,True
1742,0.2222222222222222,0.42857142857142855,-0.11589037730972682,0.3136421437748065,-0.0449269693691179,True
1743,0.23809523809523808,0.42857142857142855,-0.12223189136744715,0.3082993796156129,-0.049700784669113894,True
1744,0.25396825396825395,0.42857142857142855,-0.12764694094775522,0.29987595774138337,-0.05457743196120077,True
1745,0.2698412698412698,0.42857142857142855,-0.13222618693346372,0.2887287063222536,-0.059458309533909015,True
1746,0.2857142857142857,0.42857142857142855,-0.1359600187640057,0.2751822727358436,-0.06426659014269255,True
1747,0.30158730158730157,0.42857142857142855,-0.1389197896527947,0.259617215978774,-0.06891258343337527,True
1748,0.31746031746031744,0.42857142857142855,-0.14127849613073434,0.24261283567267913,-0.0733557775343757,True
1749,0.3333333333333333,0.42857142857142855,-0.14312398742914378,0.22452453415551044,-0.07752801283483814,True
1750,0.3492063492063492,0.42857142857142855,-0.14457758029358528,0.20574150135164265,-0.08139952356763311,True
1751,0.36507936507936506,0.42857142857142855,-0.14576569652892174,0.18660003731017713,-0.0849528672627042,True
1752,0.38095238095238093,0.42857142857142855,-0.14679312878766623,0.1673408154921888,-0.08817402110627495,True
1753,0.3968253968253968,0.42857142857142855,-0.14774239796131586,0.14813175904803147,-0.09104758220075855,True
1754,0.4126984126984127,0.42857142857142855,-0.14867298373092433,0.12906365411700774,-0.09360487861794323,True
1755,0.42857142857142855,0.42857142857142855,-0.14962423212516313,0.11018905219213933,-0.09583748724922377,True
1756,0.4444444444444444,0.42857142857142855,-0.15064301925985907,0.09152564987894332,-0.09773673899386906,True
1757,0.4603174603174603,0.42857142857142855,-0.15172312260909812,0.07304203612158242,-0.09933222054345252,True
1758,0.47619047619047616,0.42857142857142855,-0.1528765345601679,0.054713118360045665,-0.10062236889450793,True
1759,0.49206349206349204,0.42857142857142855,-0.15411200845371492,0.0365081206517963,-0.10161067487317427,True
1760,0.5079365079365079,0.42857142857142855,-0.1554257910158261,0.01838835310180083,-0.10230433445426346,True
1761,0.5238095238095237,0.42857142857142855,-0.15679779618378148,0.0003115139711398095,-0.10270869531899639,True
1762,0.5396825396825397,0.42857142857142855,-0.15822644532572483,-0.01774843673426095,-0.10283283999252218,True
1763,0.5555555555555556,0.42857142857142855,-0.15971772520292432,-0.035812480139019075,-0.10266648416816046,True
1764,0.5714285714285714,0.42857142857142855,-0.161260730736357,-0.053903625137030516,-0.10222850506301898,True
1765,0.5873015873015872,0.42857142857142855,-0.16285858183979415,-0.0720501721344638,-0.10151435862343854,True
1766,0.6031746031746031,0.42857142857142855,-0.1645234554457353,-0.09025424582557756,-0.10054353898534674,True
1767,0.6190476190476191,0.42857142857142855,-0.16629766539036042,-0.10856554531088712,-0.09929064391211624,True
1768,0.6349206349206349,0.42857142857142855,-0.1682079974157787,-0.12702455485227765,-0.09777515353536156,True
1769,0.6507936507936507,0.42857142857142855,-0.17029477560125664,-0.14571158451463856,-0.09601218365628066,True
1770,0.6666666666666666,0.42857142857142855,-0.1726792897341782,-0.1647335867772623,-0.09396266211103037,True
1771,0.6825396825396826,0.42857142857142855,-0.17540751321401002,-0.18424810155061533,-0.09166196464763524,True
1772,0.6984126984126984,0.42857142857142855,-0.1786534826697307,-0.20450139009919618,-0.08906192350250498,True
1773,0.7142857142857142,0.42857142857142855,-0.18249500667813356,-0.22577687828789353,-0.08617123783660317,True
1774,0.7301587301587301,0.42857142857142855,-0.18699517064009505,-0.24834972093344979,-0.08296216547039124,True
1775,0.746031746031746,0.42857142857142855,-0.19220153942628934,-0.2725909441147437,-0.07939082908837541,True
1776,0.7619047619047619,0.42857142857142855,-0.19799690302815234,-0.29869948219802284,-0.0754069857792702,True
1777,0.7777777777777777,0.42857142857142855,-0.20394966408614745,-0.3265589736313663,-0.07097409443776093,True
1778,0.7936507936507936,0.42857142857142855,-0.20934020126951733,-0.3554747840376038,-0.0660459738190394,True
1779,0.8095238095238095,0.42857142857142855,-0.21303469467416455,-0.3839211800905384,-0.060629508227363564,True
1780,0.8253968253968254,0.42857142857142855,-0.2135073840268917,-0.40926821825559523,-0.05479661086589075,True
1781,0.8412698412698412,0.42857142857142855,-0.20904523034329542,-0.4277618896218295,-0.0487127292423126,True
1782,0.8571428571428571,0.42857142857142855,-0.19826577783075428,-0.4352403363849776,-0.042668241688077105,True
1783,0.873015873015873,0.42857142857142855,-0.18034192314522654,-0.4273930168140904,-0.03706970621578309,True
1784,0.8888888888888888,0.42857142857142855,-0.15559472310557704,-0.40137646678046773,-0.03230540950720463,True
1785,0.9047619047619047,0.42857142857142855,-0.12535384613540979,-0.35609524574510515,-0.028785728252946993,True
1786,0.9206349206349206,0.42857142857142855,-0.09282886003077907,-0.29526025185428273,-0.026648666944563783,True
1787,0.9365079365079365,0.42857142857142855,-0.061647856213093384,-0.2250862190508984,-0.025727636581836126,True
1788,0.9523809523809523,0.42857142857142855,-0.03508503970084554,-0.15338839763890721,-0.025743074093696396,True
1789,0.9682539682539681,0.42857142857142855,-0.015414327728937373,-0.08784011958664036,-0.02629762198876814,True
1790,0.9841269841269841,0.42857142857142855,-0.0037722962496323964,-0.03527512204996096,-0.02706647714393965,True
1791,1.0,0.42857142857142855,-6.609296268824873e-07,3.634770150750069e-05,-0.027771042600865017,True
1792,0.0,0.4444444444444444,3.690071307508542e-08,-1.003904950179085e-06,-0.016434214373526535,True
1793,0.015873015873015872,0.4444444444444444,-0.0012140922331626911,0.07743523246855526,-0.016663286055997793,True
1794,0.031746031746031744,0.4444444444444444,-0.004794940436976766,0.13608220749072925,-0.016980528059991964,True
1795,0.047619047619047616,0.4444444444444444,-0.01053863740928766,0.17942770192606974,-0.01746587851993527,True
1796,0.06349206349206349,0.4444444444444444,-0.017957770555807225,0.21158709286183686,-0.018213203518163596,True
1797,0.07936507936507936,0.4444444444444444,-0.026594046426986234,0.2362570685590281,-0.01929194440827905,True
1798,0.09523809523809523,0.4444444444444444,-0.03586268940972885,0.2564408589086793,-0.020755400783411433,True
1799,0.1111111111111111,0.4444444444444444,-0.04544380531744676,0.2737443985989826,-0.022636560231593335,True
1800,0.12698412698412698,0.4444444444444444,-0.055012166731968466,0.28874813312719566,-0.02496527665172728,True
1801,0.14285714285714285,0.4444444444444444,-0.06435179545904071,0.30145090618898207,-0.027754570629926492,True
1802,0.15873015873015872,0.4444444444444444,-0.07327981781470125,0.3115149740459632,-0.031001154998650325,True
1803,0.1746031746031746,0.4444444444444444,-0.08164850849274748,0.3186211521630421,-0.03468399535969193,True
1804,0.19047619047619047,0.4444444444444444,-0.08943729753149605,0.32248688104799933,-0.03875333847331972,True
1805,0.20634920634920634,0.4444444444444444,-0.09649284137997288,0.3229412083259829,-0.04315601104707545,True
1806,0.2222222222222222,0.4444444444444444,-0.10279166781489442,0.32001247585790266,-0.047814816387898154,True
1807,0.23809523809523808,0.4444444444444444,-0.10825024440579839,0.3137992012251711,-0.05264997025968292,True
1808,0.25396825396825395,0.4444444444444444,-0.11294003200811564,0.30455711776500716,-0.05756173709680441,True
1809,0.2698412698412698,0.4444444444444444,-0.11681656824450068,0.2925643825772686,-0.0624675414764376,True
1810,0.2857142857142857,0.4444444444444444,-0.11996306247775515,0.27820827411277305,-0.06726920712787156,True
1811,0.30158730158730157,0.4444444444444444,-0.12253547257112976,0.2621113273708591,-0.07191971955107339,True
1812,0.31746031746031744,0.4444444444444444,-0.1245612923427058,0.24456501759137808,-0.07632933994493873,True
1813,0.3333333333333333,0.4444444444444444,-0.12617091918659437,0.22605785812436024,-0.0804673755828587,True
1814,0.3492063492063492,0.4444444444444444,-0.12749241364343192,0.20699273727450784,-0.084299560803926,True
1815,0.36507936507936506,0.4444444444444444,-0.12862664912386484,0.18767598491391177,-0.08781038875795608,True
1816,0.38095238095238093,0.4444444444444444,-0.12966233449053358,0.16832578338345436,-0.09098135787272109,True
1817,0.3968253968253968,0.4444444444444444,-0.13065208062201009,0.14908703195291564,-0.09384219055000143,True
1818,0.4126984126984127,0.4444444444444444,-0.13166052536397768,0.13004177195413122,-0.09636242928148021,True
1819,0.42857142857142855,0.4444444444444444,-0.1327151112323973,0.1112218883541249,-0.09856332520300147,True
1820,0.4444444444444444,0.4444444444444444,-0.13383561504636882,0.09262186612463966,-0.10044688552491708,True
1821,0.4603174603174603,0.4444444444444444,-0.13503299274208977,0.07421668115428721,-0.10202616034247873,True
1822,0.47619047619047616,0.4444444444444444,-0.1363123576511313,0.0559709088086795,-0.10330781638825377,True
1823,0.49206349206349204,0.4444444444444444,-0.13766195041075463,0.037838512252356925,-0.10427830357972148,True
1824,0.5079365079365079,0.4444444444444444,-0.13909195471744681,0.019787923179193426,-0.10496942646998254,True
1825,0.5238095238095237,0.4444444444444444,-0.14055928355191827,0.0017635871694631495,-0.10537931154489631,True
1826,0.5396825396825397,0.4444444444444444,-0.14209744002311034,-0.016240285198974094,-0.10550374129736771,True
1827,0.5555555555555556,0.4444444444444444,-0.14366824341082837,-0.03426094185474617,-0.1053396694446165,True
1828,0.5714285714285714,0.4444444444444444,-0.14528823794824042,-0.05230408165192343,-0.10491713877188114,True
1829,0.5873015873015872,0.4444444444444444,-0.14694140807961997,-0.07039231308909646,-0.10421165924348819,True
1830,0.6031746031746031,0.4444444444444444,-0.14865437027218142,-0.08853222830500623,-0.10323975655783822,True
1831,0.6190476190476191,0.4444444444444444,-0.15041890259484098,-0.1067534587910798,-0.10200936081085304,True
1832,0.6349206349206349,0.4444444444444444,-0.15227062068001876,-0.1250773575965325,-0.10052528652497825,True
1833,0.6507936507936507,0.4444444444444444,-0.1542799704794454,-0.14357233704447328,-0.09876907295309005,True
1834,0.6666666666666666,0.4444444444444444,-0.15647142525994356,-0.1623043059229792,-0.09677346188373052,True
1835,0.6825396825396826,0.4444444444444444,-0.15896794160393074,-0.18143793778331493,-0.0945176564566097,True
1836,0.6984126984126984,0.4444444444444444,-0.16188009354344576,-0.2011650117608504,-0.0919936260709639,True
1837,0.7142857142857142,0.4444444444444444,-0.16535190686866869,-0.2218104917438878,-0.08919518822086006,True
1838,0.7301587301587301,0.4444444444444444,-0.1694640959740745,-0.2436491023498792,-0.08611258792169152,True
1839,0.746031746031746,0.4444444444444444,-0.17436660839283785,-0.26717115449831086,-0.08269277253005528,True
1840,0.7619047619047619,0.4444444444444444,-0.1799985021892188,-0.2927012836414408,-0.07891289734813298,True
1841,0.7777777777777777,0.4444444444444444,-0.18617638089475455,-0.3204379549259523,-0.07468628898119294,True
1842,0.7936507936507936,0.4444444444444444,-0.1923838010981885,-0.35004733248199,-0.0700202694505313,True
1843,0.8095238095238095,0.4444444444444444,-0.19766206608718012,-0.3804722955445542,-0.06483290212451608,True
1844,0.8253968253968254,0.4444444444444444,-0.2005856636320626,-0.40942783284676165,-0.05916345538493534,True
1845,0.8412698412698412,0.4444444444444444,-0.19945690801022903,-0.4334281778321275,-0.0531327993960523,True
1846,0.8571428571428571,0.4444444444444444,-0.19241556367956916,-0.44761981079929053,-0.046975963508671795,True
1847,0.873015873015873,0.4444444444444444,-0.17845434860679463,-0.4475013273806535,-0.041057229123217534,True
1848,0.8888888888888888,0.4444444444444444,-0.15680389919462642,-0.4278143190300272,-0.03587295957783199,True
1849,0.9047619047619047,0.4444444444444444,-0.12884538760706565,-0.3872069112403889,-0.03183617898493353,True
1850,0.9206349206349206,0.4444444444444444,-0.0972826830569152,-0.32763308073417224,-0.02918277632351151,True
1851,0.9365079365079365,0.4444444444444444,-0.06573334345789882,-0.25483813348587014,-0.027915947948283112,True
1852,0.9523809523809523,0.4444444444444444,-0.03799047832581842,-0.17735882468639466,-0.02774236345718172,True
1853,0.9682539682539681,0.4444444444444444,-0.016955676731228664,-0.1041456373667198,-0.028254401967639488,True
1854,0.9841269841269841,0.4444444444444444,-0.004210599662036253,-0.043256192123733495,-0.029060691766363732,True
1855,1.0,0.4444444444444444,3.634318484852278e-08,-6.821377718556397e-05,-0.029838011901687944,True
1856,0.0,0.4603174603174603,-3.110988771577497e-07,-2.741840254498992e-06,-0.018550684580138796,True
1857,0.015873015873015872,0.4603174603174603,-0.0008769122508729908,0.07956068228123972,-0.018724787282525152,True
1858,0.031746031746031744,0.4603174603174603,-0.003659130888327425,0.1403803212182824,-0.0190112102558027,True
1859,0.047619047619047616,0.4603174603174603,-0.008361102748931799,0.18563474310528563,-0.01949208560758548,True
1860,0.06349206349206349,0.4603174603174603,-0.014724417918076146,0.21914276362871563,-0.020256962727919926,True
1861,0.07936507936507936,0.4603174603174603,-0.022254751465404874,0.24483152084432497,-0.021372088155631724,True
1862,0.09523809523809523,0.4603174603174603,-0.030494747223599898,0.2654479227399662,-0.022884818577631427,True
1863,0.1111111111111111,0.4603174603174603,-0.03901048331523572,0.282840466045076,-0.02482976432265642,True
1864,0.12698412698412698,0.4603174603174603,-0.04748207434867329,0.29770390709116157,-0.027231374469959147,True
1865,0.14285714285714285,0.4603174603174603,-0.05576426358348768,0.3100654165290348,-0.030095660455726293,True
1866,0.15873015873015872,0.4603174603174603,-0.06363032786298203,0.31966414805656984,-0.03341812112403538,True
1867,0.1746031746031746,0.4603174603174603,-0.070992105908385,0.32622290827795075,-0.03717218793466505,True
1868,0.19047619047619047,0.4603174603174603,-0.07775173716556324,0.32941799041801056,-0.04131256576021268,True
1869,0.20634920634920634,0.4603174603174603,-0.08383921383645405,0.32915435133731613,-0.04577735332855991,True
1870,0.2222222222222222,0.4603174603174603,-0.08920520438630403,0.32541919131568026,-0.05048621622761864,True
1871,0.23809523809523808,0.4603174603174603,-0.09393510591005208,0.31849146898961184,-0.055351584514469275,True
1872,0.25396825396825395,0.4603174603174603,-0.09791360212832714,0.30849443278071237,-0.0602847566067708,True
1873,0.2698412698412698,0.4603174603174603,-0.10124701688278238,0.2958161028292427,-0.06518516381032803,True
1874,0.2857142857142857,0.4603174603174603,-0.10393433821916576,0.2808727710710046,-0.06998103582099319,True
1875,0.30158730158730157,0.4603174603174603,-0.10613165181031381,0.2642187279029022,-0.07460388092986288,True
1876,0.31746031746031744,0.4603174603174603,-0.10789155350567904,0.2462279187950892,-0.07897384645394928,True
1877,0.3333333333333333,0.4603174603174603,-0.10935370928890688,0.22743972419720598,-0.08307746788906618,True
1878,0.3492063492063492,0.4603174603174603,-0.11059602520031094,0.20817696836830998,-0.08687111549648438,True
1879,0.36507936507936506,0.4603174603174603,-0.11171171029137232,0.1887464820315188,-0.09033998185612546,True
1880,0.38095238095238093,0.4603174603174603,-0.11276840256724364,0.1693489105411131,-0.09348667288174312,True
1881,0.3968253968253968,0.4603174603174603,-0.11382128149706035,0.15011500689077628,-0.09630551884272676,True
1882,0.4126984126984127,0.4603174603174603,-0.11490989776872508,0.13111140945951813,-0.09880078215225707,True
1883,0.42857142857142855,0.4603174603174603,-0.11605532751802128,0.11235288742511149,-0.1009826705779094,True
1884,0.4444444444444444,0.4603174603174603,-0.11727911129320372,0.09383233099953064,-0.10284915182129274,True
1885,0.4603174603174603,0.4603174603174603,-0.11857845281776147,0.07550717564488728,-0.10440772555590955,True
1886,0.47619047619047616,0.4603174603174603,-0.11996262119270346,0.05734063748399334,-0.10568365813760769,True
1887,0.49206349206349204,0.4603174603174603,-0.12141455686135336,0.03927976535542512,-0.106658939377582,True
1888,0.5079365079365079,0.4603174603174603,-0.12293550252409173,0.021286744506374397,-0.10735211575220083,True
1889,0.5238095238095237,0.4603174603174603,-0.12451032448473276,0.0033213384191055676,-0.10775585375294268,True
1890,0.5396825396825397,0.4603174603174603,-0.12614494551117994,-0.01463646351561498,-0.10788014533867997,True
1891,0.5555555555555556,0.4603174603174603,-0.12781289621413577,-0.03261619290029225,-0.10772907113017087,True
1892,0.5714285714285714,0.4603174603174603,-0.12952525714215563,-0.05062401930548374,-0.10730191372669995,True
1893,0.5873015873015872,0.4603174603174603,-0.13126199512589282,-0.06867649984334577,-0.10660809241124529,True
1894,0.6031746031746031,0.4603174603174603,-0.1330439050202881,-0.08677223464048944,-0.10563938108412342,True
1895,0.6190476190476191,0.4603174603174603,-0.13485160976656446,-0.10493225282344555,-0.10442430758219005,True
1896,0.6349206349206349,0.4603174603174603,-0.1367316728419305,-0.12316524078402581,-0.1029485705552778,True
1897,0.6507936507936507,0.4603174603174603,-0.1387060533586531,-0.14151727407299233,-0.10121237305281704,True
1898,0.6666666666666666,0.4603174603174603,-0.14081520739087766,-0.16003854540078502,-0.09924843868579829,True
1899,0.6825396825396826,0.4603174603174603,-0.14316761410610987,-0.1788612868979921,-0.09701982058930068,True
1900,0.6984126984126984,0.4603174603174603,-0.14585129286278128,-0.19816887602642785,-0.09455168853657298,True
1901,0.7142857142857142,0.4603174603174603,-0.14898158274616016,-0.2181879478427461,-0.09183864260150444,True
1902,0.7301587301587301,0.4603174603174603,-0.1527418175920328,-0.2393265358892673,-0.08885250121640448,True
1903,0.746031746031746,0.4603174603174603,-0.1572541499615001,-0.2620484644867242,-0.08558048598358398,True
1904,0.7619047619047619,0.4603174603174603,-0.1626182690837303,-0.28681035405693295,-0.08196769284869565,True
1905,0.7777777777777777,0.4603174603174603,-0.16875362796758953,-0.3140032245441446,-0.07797872691544998,True
1906,0.7936507936507936,0.4603174603174603,-0.1753178771510476,-0.3437172573649606,-0.07354018521940615,True
1907,0.8095238095238095,0.4603174603174603,-0.1816247419556828,-0.3753141313456503,-0.06860444126111023,True
1908,0.8253968253968254,0.4603174603174603,-0.1864684131367906,-0.407079219230852,-0.06318135706675827,True
1909,0.8412698412698412,0.4603174603174603,-0.1879294543463355,-0.43539403244202485,-0.05727889971063228,True
1910,0.8571428571428571,0.4603174603174603,-0.1844107358717274,-0.45608840331999706,-0.051136569376760845,True
1911,0.873015873015873,0.4603174603174603,-0.1741006410564318,-0.46328481318053544,-0.04505719081227029,True
1912,0.8888888888888888,0.4603174603174603,-0.15623511327126033,-0.45167931139773493,-0.03949645305142462,True
1913,0.9047619047619047,0.4603174603174603,-0.1308884918401474,-0.41667355624600627,-0.03499377146122576,True
1914,0.9206349206349206,0.4603174603174603,-0.10069283420696915,-0.3595641118392122,-0.031890919786563623,True
1915,0.9365079365079365,0.4603174603174603,-0.06929924949818644,-0.28544818461401356,-0.03024540430374642,True
1916,0.9523809523809523,0.4603174603174603,-0.040704653868128035,-0.20273716137685915,-0.029853035284369313,True
1917,0.9682539682539681,0.4603174603174603,-0.01846368661631528,-0.12198752566804084,-0.030292264485935253,True
1918,0.9841269841269841,0.4603174603174603,-0.0046480668253196505,-0.05206806775462397,-0.031126670635253942,True
1919,1.0,0.4603174603174603,1.782308883333466e-06,9.579005291677856e-05,-0.03197687280880615,True
1920,0.0,0.47619047619047616,3.484523142862315e-07,4.6154717047322455e-06,-0.020623515251200975,True
1921,0.015873015873015872,0.47619047619047616,-0.0005373507267175216,0.08104324405691767,-0.020742828683097098,True
1922,0.031746031746031744,0.47619047619047616,-0.002513054764137108,0.14363439528491828,-0.020994960140111266,True
1923,0.047619047619047616,0.47619047619047616,-0.006155879456411969,0.1906002508711703,-0.02146454105820663,True
1924,0.06349206349206349,0.47619047619047616,-0.011360044043858191,0.22563582822939285,-0.02223990798749012,True
1925,0.07936507936507936,0.47619047619047616,-0.017734051051252673,0.25220313629835817,-0.02338081186941256,True
1926,0.09523809523809523,0.47619047619047616,-0.02482068294849426,0.27333544709549107,-0.024933688994209825,True
1927,0.1111111111111111,0.47619047619047616,-0.03219558352101279,0.2907955125266849,-0.026927629409932544,True
1928,0.12698412698412698,0.47619047619047616,-0.03964042233751387,0.30552869558380424,-0.029379794591982,True
1929,0.14285714285714285,0.47619047619047616,-0.046780870757657,0.3176012876397375,-0.03230276853638984,True
1930,0.15873015873015872,0.47619047619047616,-0.05361336936596224,0.32680977859587884,-0.03568001572957048,True
1931,0.1746031746031746,0.47619047619047616,-0.05993477302778055,0.332836224853711,-0.039487272512942755,True
1932,0.19047619047619047,0.47619047619047616,-0.06572127687607808,0.3353753352662573,-0.04367024720439675,True
1933,0.20634920634920634,0.47619047619047616,-0.07089776744691641,0.33446863518417286,-0.04816966630527314,True
1934,0.2222222222222222,0.47619047619047616,-0.07548008317719888,0.3301097976869781,-0.05290064588282218,True
1935,0.23809523809523808,0.47619047619047616,-0.07945848531133715,0.3224875609784253,-0.057777862755643734,True
1936,0.25396825396825395,0.47619047619047616,-0.08281280017753691,0.31187329569171657,-0.06271352456797556,True
1937,0.2698412698412698,0.47619047619047616,-0.08558063793276088,0.29854499769893106,-0.06759780129304585,True
1938,0.2857142857142857,0.47619047619047616,-0.08790283325068378,0.2831340733501046,-0.07237007414400766,True
1939,0.30158730158730157,0.47619047619047616,-0.08978543527465481,0.26602785570643883,-0.0769538225302233,True
1940,0.31746031746031744,0.47619047619047616,-0.09136248301154119,0.2477595491227564,-0.0813007888468241,True
1941,0.3333333333333333,0.47619047619047616,-0.09269767236827242,0.22872946884919496,-0.08536035882281938,True
1942,0.3492063492063492,0.47619047619047616,-0.09388656390612665,0.20932666669702465,-0.0891151379189481,True
1943,0.36507936507936506,0.47619047619047616,-0.09499966641434486,0.1898280028948647,-0.09254591611422792,True
1944,0.38095238095238093,0.47619047619047616,-0.09608695388425292,0.1704162473809341,-0.095664056338535,True
1945,0.3968253968253968,0.47619047619047616,-0.09719582274049181,0.15121100413797142,-0.09845564843452322,True
1946,0.4126984126984127,0.47619047619047616,-0.098353695341559,0.1322634810203214,-0.10092415618502865,True
1947,0.42857142857142855,0.47619047619047616,-0.0995817789664865,0.1135833374631666,-0.10308545113560426,True
1948,0.4444444444444444,0.47619047619047616,-0.10088396144305412,0.09513738832880163,-0.10494650790988606,True
1949,0.4603174603174603,0.47619047619047616,-0.10226272947218784,0.07688878884840797,-0.10650981425202005,True
1950,0.47619047619047616,0.47619047619047616,-0.1037303570826918,0.058803601875525004,-0.10776311884095947,True
1951,0.49206349206349204,0.47619047619047616,-0.10526099814299698,0.040807829015519374,-0.10875128345447703,True
1952,0.5079365079365079,0.47619047619047616,-0.1068676503212164,0.022879773341022952,-0.10944089897550495,True
1953,0.5238095238095237,0.47619047619047616,-0.10853506950842776,0.004973425459285705,-0.10984756287143935,True
1954,0.5396825396825397,0.47619047619047616,-0.11025806759574007,-0.012938555201103591,-0.10997618516835957,True
1955,0.5555555555555556,0.47619047619047616,-0.11202855075618465,-0.030874490990922408,-0.10982337790271664,True
1956,0.5714285714285714,0.47619047619047616,-0.1138337950280192,-0.04884985524429267,-0.10939836913385151,True
1957,0.5873015873015872,0.47619047619047616,-0.1156810698911026,-0.06686746517381136,-0.1087090249958422,True
1958,0.6031746031746031,0.47619047619047616,-0.11755624508202178,-0.0849331596129827,-0.10775317882803177,True
1959,0.6190476190476191,0.47619047619047616,-0.11945981632580127,-0.10305045880070651,-0.106533630618979,True
1960,0.6349206349206349,0.47619047619047616,-0.12141723187668489,-0.12121937821735902,-0.1050607927455979,True
1961,0.6507936507936507,0.47619047619047616,-0.12342560646444732,-0.13947103711848327,-0.10335166942664906,True
1962,0.6666666666666666,0.47619047619047616,-0.12555058542634434,-0.15784734945480558,-0.10138692359622806,True
1963,0.6825396825396826,0.47619047619047616,-0.12782950283936906,-0.17642230193222913,-0.09920059166953496,True
1964,0.6984126984126984,0.47619047619047616,-0.1303758084148255,-0.19537564340808025,-0.09677164536800652,True
1965,0.7142857142857142,0.47619047619047616,-0.13330844187618215,-0.21491830854280286,-0.09410507710747645,True
1966,0.7301587301587301,0.47619047619047616,-0.1367726439028459,-0.23542724107438898,-0.09120592545801799,True
1967,0.746031746031746,0.47619047619047616,-0.14093023828837814,-0.2572999844576297,-0.0880445788784304,True
1968,0.7619047619047619,0.47619047619047616,-0.1459459498660305,-0.2811693687693153,-0.08458671619365819,True
1969,0.7777777777777777,0.47619047619047616,-0.1518622192962684,-0.30763331721016396,-0.08078049276952914,True
1970,0.7936507936507936,0.47619047619047616,-0.15850689236597543,-0.33693171421734386,-0.07659116265566521,True
1971,0.8095238095238095,0.47619047619047616,-0.16539755675955395,-0.3689837998216757,-0.0719259077956076,True
1972,0.8253968253968254,0.47619047619047616,-0.17146721485075955,-0.40245208965503865,-0.06674044246102163,True
1973,0.8412698412698412,0.47619047619047616,-0.17540061827909484,-0.4349528776026526,-0.061094213094723994,True
1974,0.8571428571428571,0.47619047619047616,-0.1747617292950183,-0.4611038469276134,-0.055052309168079856,True
1975,0.873015873015873,0.47619047619047616,-0.16806648833497823,-0.4757666067051867,-0.04892600664518885,True
1976,0.8888888888888888,0.47619047619047616,-0.1535512907087999,-0.471606518470022,-0.043150249904825744,True
1977,0.9047619047619047,0.47619047619047616,-0.13133478108842783,-0.4437204747929051,-0.03824616872375782,True
1978,0.9206349206349206,0.47619047619047616,-0.10307725298367225,-0.390681609075814,-0.0346861264361657,True
1979,0.9365079365079365,0.47619047619047616,-0.07220725729961536,-0.3161657271154467,-0.032671959286707235,True
1980,0.9523809523809523,0.47619047619047616,-0.04313056320801285,-0.2291140078176737,-0.03203942012985146,True
1981,0.9682539682539681,0.47619047619047616,-0.019826407564152663,-0.14060444897337523,-0.03238669315725419,True
1982,0.9841269841269841,0.47619047619047616,-0.0050521610763271324,-0.06162368307387372,-0.033236904984960666,True
1983,1.0,0.47619047619047616,-1.1651114604567843e-06,-1.3403280623060913e-05,-0.034155120775536355,True
1984,0.0,0.49206349206349204,-5.508926331085374e-07,3.868701526436067e-06,-0.022626141440198075,True
1985,0.015873015873015872,0.49206349206349204,-0.00019818862001276898,0.0818494829062239,-0.02268418986627473,True
1986,0.031746031746031744,0.49206349206349204,-0.0013121059459093153,0.14598204337577406,-0.02290076091674492,True
1987,0.047619047619047616,0.49206349206349204,-0.0038839065196926478,0.19452791091967292,-0.023356133648902336,True
1988,0.06349206349206349,0.49206349206349204,-0.007876082679060281,0.23092346921926787,-0.02413304570087009,True
1989,0.07936507936507936,0.49206349206349204,-0.013046136731687788,0.2584316263965354,-0.025289386927382352,True
1990,0.09523809523809523,0.49206349206349204,-0.018968864878029238,0.28001103581504866,-0.02686690238532227,True
1991,0.1111111111111111,0.49206349206349204,-0.025235431356080345,0.29773736232061565,-0.028894783159138057,True
1992,0.12698412698412698,0.49206349206349204,-0.031489538084282544,0.3123506526831762,-0.031386437703736225,True
1993,0.14285714285714285,0.49206349206349204,-0.03756227704627654,0.324079904976828,-0.03434346246601538,True
1994,0.15873015873015872,0.49206349206349204,-0.04332222122450987,0.33289184853186626,-0.03775623592503743,True
1995,0.1746031746031746,0.49206349206349204,-0.04863922452847211,0.3383835981142746,-0.041590901264521134,True
1996,0.19047619047619047,0.49206349206349204,-0.053424242157948755,0.3403657233127908,-0.045795631689346014,True
1997,0.20634920634920634,0.49206349206349204,-0.05778553978133353,0.33898313338235,-0.0503126429190342,True
1998,0.2222222222222222,0.49206349206349204,-0.06155766822215723,0.33398611920908433,-0.0550439108038788,True
1999,0.23809523809523808,0.49206349206349204,-0.06484861214875265,0.3258164551475241,-0.05991647126114908,True
2000,0.25396825396825395,0.49206349206349204,-0.06762610286631676,0.31463809181354185,-0.06482949412976693,True
2001,0.2698412698412698,0.49206349206349204,-0.06997819193858107,0.30090608794515517,-0.06969621084876992,True
2002,0.2857142857142857,0.49206349206349204,-0.0719289052917178,0.28506586858650185,-0.07443293947708292,True
2003,0.30158730158730157,0.49206349206349204,-0.07356532728396267,0.26764693287470315,-0.07898139539655996,True
2004,0.31746031746031744,0.49206349206349204,-0.07495698026439562,0.24913080488949632,-0.08329470491218592,True
2005,0.3333333333333333,0.49206349206349204,-0.07620007453063996,0.2299408023663581,-0.08730563216051448,True
2006,0.3492063492063492,0.49206349206349204,-0.07734464429681513,0.21045407313222864,-0.09103117966980045,True
2007,0.36507936507936506,0.49206349206349204,-0.07845467742964939,0.19092402303891542,-0.09443676021353763,True
2008,0.38095238095238093,0.49206349206349204,-0.07957051508545228,0.17152845513287807,-0.09751387590925455,True
2009,0.3968253968253968,0.49206349206349204,-0.08072483818313142,0.15237213145702286,-0.10028102455061755,True
2010,0.4126984126984127,0.49206349206349204,-0.08192938920485028,0.13347891220151203,-0.10274995072990398,True
2011,0.42857142857142855,0.49206349206349204,-0.08320911062216604,0.11486793509154462,-0.10489856693367612,True
2012,0.4444444444444444,0.49206349206349204,-0.0845692561727338,0.09650465457468187,-0.10674235186947585,True
2013,0.4603174603174603,0.49206349206349204,-0.08601246065198301,0.07834577803612078,-0.10829983356634001,True
2014,0.47619047619047616,0.49206349206349204,-0.08753336263221378,0.06032869878853819,-0.10957031812284933,True
2015,0.49206349206349204,0.49206349206349204,-0.08913321782505965,0.04241461348770351,-0.1105469568851383,True
2016,0.5079365079365079,0.49206349206349204,-0.09080684654139948,0.024554852817551633,-0.11123836782068913,True
2017,0.5238095238095237,0.49206349206349204,-0.092549341082987,0.0067098965874982895,-0.11164954032815899,True
2018,0.5396825396825397,0.49206349206349204,-0.09435579588094795,-0.011145373422517875,-0.11177467603105337,True
2019,0.5555555555555556,0.49206349206349204,-0.09621912584218435,-0.02903425616557314,-0.11162880866738205,True
2020,0.5714285714285714,0.49206349206349204,-0.09812810571220905,-0.04696877252317208,-0.11121113285126837,True
2021,0.5873015873015872,0.49206349206349204,-0.10008039416448745,-0.06495153665851602,-0.11051493946549319,True
2022,0.6031746031746031,0.49206349206349204,-0.10208097826796052,-0.08298375456855865,-0.1095714739283281,True
2023,0.6190476190476191,0.49206349206349204,-0.10411332307349087,-0.10106241743258552,-0.10835051892840142,True
2024,0.6349206349206349,0.49206349206349204,-0.10618526575932141,-0.11918726536333403,-0.1068798961706763,True
2025,0.6507936507936507,0.49206349206349204,-0.10829433339924084,-0.13737348948179193,-0.10518084936234712,True
2026,0.6666666666666666,0.49206349206349204,-0.11048718147671462,-0.15563515362258906,-0.10322605020476858,True
2027,0.6825396825396826,0.49206349206349204,-0.1128055601412091,-0.17404574231235598,-0.10104568373903684,True
2028,0.6984126984126984,0.49206349206349204,-0.11531819953674083,-0.1926997624413923,-0.09865120423599037,True
2029,0.7142857142857142,0.49206349206349204,-0.11814044292749541,-0.21183660173435437,-0.09602439663805479,True
2030,0.7301587301587301,0.49206349206349204,-0.12139789219392143,-0.23171510649437096,-0.09319307569959452,True
2031,0.746031746031746,0.49206349206349204,-0.1252971988626512,-0.2528863339544434,-0.09011863355213724,True
2032,0.7619047619047619,0.49206349206349204,-0.13001009358418408,-0.2759039210644136,-0.08678537571209137,True
2033,0.7777777777777777,0.49206349206349204,-0.13562680717229203,-0.3013417723780624,-0.08316760659997864,True
2034,0.7936507936507936,0.49206349206349204,-0.142175946149707,-0.3299841105430739,-0.079181234759638,True
2035,0.8095238095238095,0.49206349206349204,-0.14932973398196916,-0.36194048663578987,-0.07477727526395986,True
2036,0.8253968253968254,0.49206349206349204,-0.15634895395962026,-0.39658142613650116,-0.06988655294207385,True
2037,0.8412698412698412,0.49206349206349204,-0.16175038073187017,-0.4315040705647161,-0.06447708740423512,True
2038,0.8571428571428571,0.49206349206349204,-0.1639284860939403,-0.46309273682382307,-0.05864573316827523,True
2039,0.873015873015873,0.49206349206349204,-0.16017070676817224,-0.48399214738217233,-0.05257782829735549,True
2040,0.8888888888888888,0.49206349206349204,-0.14941372380634635,-0.48847687758408426,-0.046682566812342556,True
2041,0.9047619047619047,0.49206349206349204,-0.13041423769034713,-0.4683673680509915,-0.04148353631825769,True
2042,0.9206349206349206,0.49206349206349204,-0.10432646984666953,-0.42027151161682974,-0.037542057942521544,True
2043,0.9365079365079365,0.49206349206349204,-0.07444737874797429,-0.34680593287369743,-0.03515905895188622,True
2044,0.9523809523809523,0.49206349206349204,-0.04522985158865629,-0.25623379314305256,-0.03427379631440827,True
2045,0.9682539682539681,0.49206349206349204,-0.021118572773011757,-0.16053094547018532,-0.03450569428250598,True
2046,0.9841269841269841,0.49206349206349204,-0.005444011805469709,-0.07186883264715667,-0.03536016174574224,True
2047,1.0,0.49206349206349204,-1.8763909646275586e-07,-6.151260817497534e-05,-0.03634189105793727,True
2048,0.0,0.5079365079365079,6.280809807249964e-07,-8.62557057280899e-06,-0.02452418676665032,True
2049,0.015873015873015872,0.5079365079365079,0.0001350479840793412,0.08212561819694707,-0.02453036308931953,True
2050,0.031746031746031744,0.5079365079365079,-0.00016847815720688998,0.14725304439999404,-0.024705206950413897,True
2051,0.047619047619047616,0.5079365079365079,-0.0015756511287326898,0.19727611105852477,-0.025137120149102164,True
2052,0.06349206349206349,0.5079365079365079,-0.004362198800024425,0.23487281733486845,-0.02590586224676351,True
2053,0.07936507936507936,0.5079365079365079,-0.008275012142888637,0.2634334723890533,-0.02706929745012725,True
2054,0.09523809523809523,0.5079365079365079,-0.012977893996296074,0.2856432107390887,-0.028662109890587782,True
2055,0.1111111111111111,0.5079365079365079,-0.018048579552971896,0.30348054538655705,-0.03070767119809399,True
2056,0.12698412698412698,0.5079365079365079,-0.023216719992905754,0.31799773057840086,-0.0332174140540399,True
2057,0.14285714285714285,0.5079365079365079,-0.02822820381648509,0.3295377071074037,-0.03619360849846218,True
2058,0.15873015873015872,0.5079365079365079,-0.03293186535130616,0.33790994364359356,-0.0396187701467743,True
2059,0.1746031746031746,0.5079365079365079,-0.03720549554897726,0.3429506810280964,-0.043460241455996196,True
2060,0.19047619047619047,0.5079365079365079,-0.0411197109448945,0.34456190634780093,-0.04766996284852781,True
2061,0.20634920634920634,0.5079365079365079,-0.04459007327331513,0.3425738302975085,-0.05217264931633582,True
2062,0.2222222222222222,0.5079365079365079,-0.047641177831187646,0.33721277398397775,-0.05689720458027476,True
2063,0.23809523809523808,0.5079365079365079,-0.050281971881106224,0.3285543345966683,-0.06174529696403963,True
2064,0.25396825396825395,0.5079365079365079,-0.052529266299567515,0.31695817037733587,-0.06662891714731095,True
2065,0.2698412698412698,0.5079365079365079,-0.05442942522136599,0.30285669821246675,-0.07146472754354075,True
2066,0.2857142857142857,0.5079365079365079,-0.05604522612989856,0.28670481164562794,-0.07616510931629243,True
2067,0.30158730158730157,0.5079365079365079,-0.05744729580526339,0.2690532940735938,-0.08067627641030654,True
2068,0.31746031746031744,0.5079365079365079,-0.058693793474565305,0.25036123699530954,-0.08493300973432436,True
2069,0.3333333333333333,0.5079365079365079,-0.05983845938786123,0.2310932412022687,-0.08893565759710621,True
2070,0.3492063492063492,0.5079365079365079,-0.06094650971201626,0.21156037191832552,-0.09261463648961268,True
2071,0.36507936507936506,0.5079365079365079,-0.06204301209270478,0.1920320007192611,-0.09599598953031618,True
2072,0.38095238095238093,0.5079365079365079,-0.06316812534671368,0.17266536282567732,-0.09906146828649422,True
2073,0.3968253968253968,0.5079365079365079,-0.06434331228759643,0.15355863629999464,-0.10181636400205038,True
2074,0.4126984126984127,0.5079365079365079,-0.06557984147183817,0.1347376036997692,-0.10426815036323708,True
2075,0.42857142857142855,0.5079365079365079,-0.06689440345502634,0.11621034871013472,-0.10640673070072718,True
2076,0.4444444444444444,0.5079365079365079,-0.06828851769444504,0.09793224830842442,-0.10824686145226879,True
2077,0.4603174603174603,0.5079365079365079,-0.06976339215462979,0.07984649429467575,-0.109808327732819,True
2078,0.47619047619047616,0.5079365079365079,-0.07132162564561609,0.061911737051576994,-0.11107620968377475,True
2079,0.49206349206349204,0.5079365079365079,-0.07296429874340167,0.0440766776684145,-0.11205499322463645,True
2080,0.5079365079365079,0.5079365079365079,-0.07468761658173956,0.026292340631718147,-0.11275048218691343,True
2081,0.5238095238095237,0.5079365079365079,-0.0764902947671798,0.008520960156318064,-0.11315819008362861,True
2082,0.5396825396825397,0.5079365079365079,-0.0783699692262919,-0.009268791281425505,-0.1132918159839525,True
2083,0.5555555555555556,0.5079365079365079,-0.08031769814420844,-0.027099768221017125,-0.1131539762918787,True
2084,0.5714285714285714,0.5079365079365079,-0.08233480785024512,-0.0449755790728994,-0.1127306501047403,True
2085,0.5873015873015872,0.5079365079365079,-0.08440526320442542,-0.06291244308877074,-0.11204150172464435,True
2086,0.6031746031746031,0.5079365079365079,-0.08653142748304617,-0.08090145618633893,-0.11108739353836565,True
2087,0.6190476190476191,0.5079365079365079,-0.08871064970992332,-0.0989406201064342,-0.10987105877930546,True
2088,0.6349206349206349,0.5079365079365079,-0.09092624943529193,-0.11702728624854854,-0.10841165848799635,True
2089,0.6507936507936507,0.5079365079365079,-0.09319094087077102,-0.13515152571528027,-0.10668779851679308,True
2090,0.6666666666666666,0.5079365079365079,-0.09553224318176957,-0.15332734110927826,-0.10475172250442981,True
2091,0.6825396825396826,0.5079365079365079,-0.09795081479462746,-0.17159964881095482,-0.10258356045942296,True
2092,0.6984126984126984,0.5079365079365079,-0.10053269419210636,-0.19005167662729663,-0.10019014752574563,True
2093,0.7142857142857142,0.5079365079365079,-0.10334956391126444,-0.2088568599571912,-0.09760239181166057,True
2094,0.7301587301587301,0.5079365079365079,-0.106539631219938,-0.22829781529485,-0.09480622879233688,True
2095,0.746031746031746,0.5079365079365079,-0.11024666800148418,-0.24873432195611475,-0.09181533041632695,True
2096,0.7619047619047619,0.5079365079365079,-0.11470674849747495,-0.2708335032532447,-0.08858609618642171,True
2097,0.7777777777777777,0.5079365079365079,-0.12008911205073326,-0.29542067508225606,-0.08509597087704938,True
2098,0.7936507936507936,0.5079365079365079,-0.12643923478391383,-0.3230796064674485,-0.08131704694838635,True
2099,0.8095238095238095,0.5079365079365079,-0.13367475997031236,-0.35452758581058413,-0.07714971649084564,True
2100,0.8253968253968254,0.5079365079365079,-0.14119637196732693,-0.38953604942657044,-0.07255471405659698,True
2101,0.8412698412698412,0.5079365079365079,-0.14796071934520638,-0.42664415292795654,-0.06743738951245835,True
2102,0.8571428571428571,0.5079365079365079,-0.1520588917759602,-0.4619620224032547,-0.06182641260764339,True
2103,0.873015873015873,0.5079365079365079,-0.15154031694605546,-0.48995294967700503,-0.05592116362695756,True
2104,0.8888888888888888,0.5079365079365079,-0.14378439616306757,-0.5015896451218692,-0.05001747268813925,True
2105,0.9047619047619047,0.5079365079365079,-0.12803418314296744,-0.48973821713141946,-0.04463983155965293,True
2106,0.9206349206349206,0.5079365079365079,-0.10446957414588744,-0.4478302120155141,-0.04037752876222238,True
2107,0.9365079365079365,0.5079365079365079,-0.07598404697634441,-0.3768554214917855,-0.037643644291991275,True
2108,0.9523809523809523,0.5079365079365079,-0.04694502566761475,-0.2837587808743862,-0.03649851593517732,True
2109,0.9682539682539681,0.5079365079365079,-0.022255481508325063,-0.18122606204745376,-0.03660942013765374,True
2110,0.9841269841269841,0.5079365079365079,-0.005841816492831341,-0.08315446535670126,-0.037453686824418075,True
2111,1.0,0.5079365079365079,6.301665795482044e-07,7.568601426566968e-05,-0.03849329978546233,True
2112,0.0,0.5238095238095237,-7.08809688277094e-07,1.759219040342329e-05,-0.026295817068691982,True
2113,0.015873015873015872,0.5238095238095237,0.0004549386288829883,0.08173649434012284,-0.02624568719228564,True
2114,0.031746031746031744,0.5238095238095237,0.0009794343960033644,0.1474922576527028,-0.026374784550219528,True
2115,0.047619047619047616,0.5238095238095237,0.0006162625612948361,0.19869398645567138,-0.026783794962662387,True
2116,0.06349206349206349,0.5238095238095237,-0.0008685245451944933,0.23766134519120033,-0.02753803916523813,True
2117,0.07936507936507936,0.5238095238095237,-0.003504649742050695,0.26717657815273965,-0.028694873522885748,True
2118,0.09523809523809523,0.5238095238095237,-0.006956568991167708,0.28996894271556745,-0.03028736247704728,True
2119,0.1111111111111111,0.5238095238095237,-0.010884184991454809,0.30803059519867726,-0.032336003008904546,True
2120,0.12698412698412698,0.5238095238095237,-0.014861763729300913,0.3225430720316316,-0.03484977350627518,True
2121,0.14285714285714285,0.5238095238095237,-0.01872493780430541,0.33383141313888975,-0.03782474661020471,True
2122,0.15873015873015872,0.5238095238095237,-0.022390997734231328,0.34190797507733495,-0.04124535650467596,True
2123,0.1746031746031746,0.5238095238095237,-0.025783692981885088,0.34664022305546816,-0.045078866766939125,True
2124,0.19047619047619047,0.5238095238095237,-0.028774984064562612,0.3477972729810172,-0.04926716742522026,True
2125,0.20634920634920634,0.5238095238095237,-0.03141328815649073,0.3454485243234412,-0.05374568703780829,True
2126,0.2222222222222222,0.5238095238095237,-0.033752874128684496,0.3397196986870183,-0.05844090397174436,True
2127,0.23809523809523808,0.5238095238095237,-0.03572467286219049,0.33067882410747157,-0.06324974101515764,True
2128,0.25396825396825395,0.5238095238095237,-0.03747918625281032,0.31879886852033734,-0.06809995115916079,True
2129,0.2698412698412698,0.5238095238095237,-0.03897418730969262,0.3044053966126064,-0.07288756183985294,True
2130,0.2857142857142857,0.5238095238095237,-0.040291503135468684,0.2880584178094051,-0.07754906737985678,True
2131,0.30158730158730157,0.5238095238095237,-0.041457197427674,0.2702637157438925,-0.08202181488338331,True
2132,0.31746031746031744,0.5238095238095237,-0.042552698118520506,0.25149522037361977,-0.08625810564301419,True
2133,0.3333333333333333,0.5238095238095237,-0.043605713658528916,0.2321721810173722,-0.09021368713507255,True
2134,0.3492063492063492,0.5238095238095237,-0.044650321103415866,0.21263590746605807,-0.09388409859130253,True
2135,0.36507936507936506,0.5238095238095237,-0.04572298178538143,0.19312801405781868,-0.09724130402054455,True
2136,0.38095238095238093,0.5238095238095237,-0.04683961590958741,0.17380765076972626,-0.10028755030179737,True
2137,0.3968253968253968,0.5238095238095237,-0.048012932318062224,0.1547613344191034,-0.10303440470329887,True
2138,0.4126984126984127,0.5238095238095237,-0.049255373836811736,0.1360199720384392,-0.10547414392037481,True
2139,0.42857142857142855,0.5238095238095237,-0.05057634520986342,0.1175659379163791,-0.10761517226676091,True
2140,0.4444444444444444,0.5238095238095237,-0.051977198448327606,0.09936174288060559,-0.10946325237185518,True
2141,0.4603174603174603,0.5238095238095237,-0.05346532940283891,0.0813676439376162,-0.11101913950909585,True
2142,0.47619047619047616,0.5238095238095237,-0.05504120862916944,0.06352313624118111,-0.11229098389110978,True
2143,0.49206349206349204,0.5238095238095237,-0.05670675008225027,0.04577498021887178,-0.11327454059228062,True
2144,0.5079365079365079,0.5238095238095237,-0.058463557923152554,0.028079004659410912,-0.11396888147785453,True
2145,0.5238095238095237,0.5238095238095237,-0.06031063826662306,0.010388106603086776,-0.11438400825181316,True
2146,0.5396825396825397,0.5238095238095237,-0.062253094171767255,-0.007319801344268,-0.11452922104085264,True
2147,0.5555555555555556,0.5238095238095237,-0.06428190091687215,-0.025068274340540278,-0.11438012687518359,True
2148,0.5714285714285714,0.5238095238095237,-0.06639670720884369,-0.04287399711246009,-0.11396213387585241,True
2149,0.5873015873015872,0.5238095238095237,-0.06858796284335535,-0.060745539266644305,-0.1132788202089983,True
2150,0.6031746031746031,0.5238095238095237,-0.07085709317921135,-0.07867270094693879,-0.11231383778470608,True
2151,0.6190476190476191,0.5238095238095237,-0.0731879580635697,-0.09666132522479345,-0.11110029001343312,True
2152,0.6349206349206349,0.5238095238095237,-0.0755868719586742,-0.11469236656370109,-0.10962646799571575,True
2153,0.6507936507936507,0.5238095238095237,-0.07803798264279269,-0.13276188129902036,-0.1079077894936082,True
2154,0.6666666666666666,0.5238095238095237,-0.08054432630543233,-0.15087479754291386,-0.10596311448020025,True
2155,0.6825396825396826,0.5238095238095237,-0.08315213704140721,-0.16903697042262622,-0.10379843837453659,True
2156,0.6984126984126984,0.5238095238095237,-0.085870728118427,-0.187316814276533,-0.10141895864551868,True
2157,0.7142857142857142,0.5238095238095237,-0.08878443012990864,-0.20584583456304725,-0.09884486430500808,True
2158,0.7301587301587301,0.5238095238095237,-0.09200316595585412,-0.22485682296636794,-0.09607815756923252,True
2159,0.746031746031746,0.5238095238095237,-0.09567872722884369,-0.24472618987871458,-0.09313057668597799,True
2160,0.7619047619047619,0.5238095238095237,-0.09998656831573033,-0.26606941008562524,-0.08999066949213352,True
2161,0.7777777777777777,0.5238095238095237,-0.10515436573532007,-0.2896012543952113,-0.0866288615781429,True
2162,0.7936507936507936,0.5238095238095237,-0.11132523650707195,-0.31629571300484965,-0.08300561941416512,True
2163,0.8095238095238095,0.5238095238095237,-0.11849877522849162,-0.3469334020602226,-0.07906084901348737,True
2164,0.8253968253968254,0.5238095238095237,-0.12632323133075868,-0.38180886244468293,-0.0747202162060623,True
2165,0.8412698412698412,0.5238095238095237,-0.13395034117356386,-0.4200876375037805,-0.06989800683858574,True
2166,0.8571428571428571,0.5238095238095237,-0.13978134805263878,-0.4587154213475335,-0.06458865208987372,True
2167,0.873015873015873,0.5238095238095237,-0.14162556640034535,-0.4919978979679502,-0.05888849200732013,True
2168,0.8888888888888888,0.5238095238095237,-0.137174043231721,-0.511730417289739,-0.053066141410021014,True
2169,0.9047619047619047,0.5238095238095237,-0.12453257473653968,-0.5081007150619855,-0.047609720645804716,True
2170,0.9206349206349206,0.5238095238095237,-0.10369501511970498,-0.4735080986229954,-0.0431035795024962,True
2171,0.9365079365079365,0.5238095238095237,-0.07685973408416279,-0.4060084656822747,-0.04006819452769725,True
2172,0.9523809523809523,0.5238095238095237,-0.04830499245358154,-0.3114834812159979,-0.03867245210916935,True
2173,0.9682539682539681,0.5238095238095237,-0.023236005600028656,-0.20263224072185523,-0.038647687697432216,True
2174,0.9841269841269841,0.5238095238095237,-0.006163508810076434,-0.09445850894825303,-0.03947460320422247,True
2175,1.0,0.5238095238095237,-1.7050981233448841e-06,-3.697920241435898e-05,-0.04056431292472231,True
2176,0.0,0.5396825396825397,6.159888636245662e-07,-9.156997421095918e-06,-0.027918265992865732,True
2177,0.015873015873015872,0.5396825396825397,0.0007528618607368411,0.08072071687264429,-0.027811927154975286,True
2178,0.031746031746031744,0.5396825396825397,0.002055326924546195,0.14679078821039138,-0.027901364444660338,True
2179,0.047619047619047616,0.5396825396825397,0.0028546367849715667,0.1990491117940071,-0.02827608305224979,True
2180,0.06349206349206349,0.5396825396825397,0.002594150013854831,0.23917634632918722,-0.029008478915802344,True
2181,0.07936507936507936,0.5396825396825397,0.0012535079882241488,0.26967519743337315,-0.030147948952194612,True
2182,0.09523809523809523,0.5396825396825397,-0.0009547372923307059,0.2930939148908266,-0.03172733362944342,True
2183,0.1111111111111111,0.5396825396825397,-0.003608914263515468,0.3114801419138331,-0.03376434543550334,True
2184,0.12698412698412698,0.5396825396825397,-0.006517562959695745,0.3259804566253668,-0.036265220350705646,True
2185,0.14285714285714285,0.5396825396825397,-0.009375424120783016,0.33711717597296476,-0.039223627994760604,True
2186,0.15873015873015872,0.5396825396825397,-0.01199680385742633,0.34491975225052546,-0.042620129351181944,True
2187,0.1746031746031746,0.5396825396825397,-0.014321191300845415,0.3492887878429805,-0.04641866137711797,True
2188,0.19047619047619047,0.5396825396825397,-0.016434317224226756,0.35016135857213615,-0.05057101136273925,True
2189,0.20634920634920634,0.5396825396825397,-0.018314576886828277,0.34761607616139084,-0.055018777333066864,True
2190,0.2222222222222222,0.5396825396825397,-0.01992241116586938,0.3415119555411231,-0.05965991247162657,True
2191,0.23809523809523808,0.5396825396825397,-0.021358537347271264,0.3322901800944892,-0.06443067712302887,True
2192,0.25396825396825395,0.5396825396825397,-0.022567950264658132,0.3201703865786048,-0.06922899758800463,True
2193,0.2698412698412698,0.5396825396825397,-0.023648381939897475,0.3056138509109311,-0.07397174564948604,True
2194,0.2857142857142857,0.5396825396825397,-0.024659807280588905,0.2891597168881865,-0.07859364432138828,True
2195,0.30158730158730157,0.5396825396825397,-0.025600402793400843,0.2712950883152952,-0.08303256350478189,True
2196,0.31746031746031744,0.5396825396825397,-0.026529357414305028,0.2524931957641303,-0.08723689852741835,True
2197,0.3333333333333333,0.5396825396825397,-0.02746778941121705,0.23316677515428408,-0.09116100238879166,True
2198,0.3492063492063492,0.5396825396825397,-0.028437423006067223,0.21365999997179355,-0.09481663233168605,True
2199,0.36507936507936506,0.5396825396825397,-0.029456350374363675,0.1941993044770568,-0.0981583085606455,True
2200,0.38095238095238093,0.5396825396825397,-0.030536700738767544,0.174943213522245,-0.10119514033111639,True
2201,0.3968253968253968,0.5396825396825397,-0.03168684527552619,0.15595906137201,-0.10394044624020266,True
2202,0.4126984126984127,0.5396825396825397,-0.03291026557518376,0.13729159494674678,-0.10638305814210884,True
2203,0.42857142857142855,0.5396825396825397,-0.034214229188552374,0.11891547680135549,-0.10853074656591682,True
2204,0.4444444444444444,0.5396825396825397,-0.03560203846100138,0.10080537112137218,-0.11037817918746183,True
2205,0.4603174603174603,0.5396825396825397,-0.03708074806054141,0.08289969725830677,-0.11193638654555813,True
2206,0.47619047619047616,0.5396825396825397,-0.038653328257141635,0.065145008987293,-0.11321628025353603,True
2207,0.49206349206349204,0.5396825396825397,-0.040325244464344115,0.0474911649876916,-0.11420517788399646,True
2208,0.5079365079365079,0.5396825396825397,-0.042099995280907694,0.029892562049480362,-0.11490976939046624,True
2209,0.5238095238095237,0.5396825396825397,-0.04398111810148188,0.01230021854951381,-0.11532780736965724,True
2210,0.5396825396825397,0.5396825396825397,-0.04596932327580284,-0.005308810839991877,-0.11545961141493521,True
2211,0.5555555555555556,0.5396825396825397,-0.04806952323898955,-0.02295879338024011,-0.11532346786290838,True
2212,0.5714285714285714,0.5396825396825397,-0.05027825843152404,-0.04067029441196368,-0.11491094538433308,True
2213,0.5873015873015872,0.5396825396825397,-0.052588840308553354,-0.058448310512359984,-0.11421393945603146,True
2214,0.6031746031746031,0.5396825396825397,-0.05499865655216059,-0.07629587090295831,-0.11325326390965305,True
2215,0.6190476190476191,0.5396825396825397,-0.05750145384622734,-0.0942052672830323,-0.11202511333701798,True
2216,0.6349206349206349,0.5396825396825397,-0.060083131579992816,-0.11217057569004173,-0.11054497611893933,True
2217,0.6507936507936507,0.5396825396825397,-0.06274316228025684,-0.13017681092636155,-0.10882673706595351,True
2218,0.6666666666666666,0.5396825396825397,-0.06548092089269758,-0.14821066148598125,-0.10686884047404752,True
2219,0.6825396825396826,0.5396825396825397,-0.06830307892754621,-0.1662772129765656,-0.10468686839766811,True
2220,0.6984126984126984,0.5396825396825397,-0.07124662033385755,-0.18441889992610722,-0.10231594110318384,True
2221,0.7142857142857142,0.5396825396825397,-0.07435620066950059,-0.20272045628588214,-0.09973932723086756,True
2222,0.7301587301587301,0.5396825396825397,-0.07770154500323596,-0.22140133059609982,-0.09699921868291894,True
2223,0.746031746031746,0.5396825396825397,-0.08142799146744635,-0.2407962330774289,-0.09408964101050198,True
2224,0.7619047619047619,0.5396825396825397,-0.08571789350159105,-0.26140538948810543,-0.09100941171169223,True
2225,0.7777777777777777,0.5396825396825397,-0.09078766547374399,-0.28406366344289447,-0.08773806988265255,True
2226,0.7936507936507936,0.5396825396825397,-0.0968100717589385,-0.3096666029157275,-0.08426112682322084,True
2227,0.8095238095238095,0.5396825396825397,-0.10390704510389585,-0.3393116611656548,-0.0805082702525418,True
2228,0.8253968253968254,0.5396825396825397,-0.1119044244033144,-0.3736878002185424,-0.07640634699415243,True
2229,0.8412698412698412,0.5396825396825397,-0.12011039432483275,-0.412468799014759,-0.0718730859915509,True
2230,0.8571428571428571,0.5396825396825397,-0.12727435522642094,-0.45353686207072064,-0.06688665460941008,True
2231,0.873015873015873,0.5396825396825397,-0.13135518914383312,-0.49187641101862856,-0.06145519863119384,True
2232,0.8888888888888888,0.5396825396825397,-0.12950388820865455,-0.5182323397643726,-0.055773668278776535,True
2233,0.9047619047619047,0.5396825396825397,-0.12014281018297857,-0.5236592658881717,-0.05032423566410843,True
2234,0.9206349206349206,0.5396825396825397,-0.10213352124404285,-0.497107774395828,-0.045656934463471556,True
2235,0.9365079365079365,0.5396825396825397,-0.07709048462260952,-0.4340410351041592,-0.04237422953188478,True
2236,0.9523809523809523,0.5396825396825397,-0.0493043466350242,-0.3390851943230487,-0.040737427353218246,True
2237,0.9682539682539681,0.5396825396825397,-0.02408941742160894,-0.2247070580379509,-0.04057415758514427,True
2238,0.9841269841269841,0.5396825396825397,-0.006467525975464441,-0.10687515959270508,-0.04137334544129024,True
2239,1.0,0.5396825396825397,7.47524061693104e-07,4.5640383155862896e-05,-0.0425092147572337,True
2240,0.0,0.5555555555555556,-1.9618923277914366e-08,-1.6451437578430036e-05,-0.029373862705624032,True
2241,0.015873015873015872,0.5555555555555556,0.0010251652904318103,0.07924036397931018,-0.029224308502034616,True
2242,0.031746031746031744,0.5555555555555556,0.0030484620019253458,0.14518715957243983,-0.029271371133458544,True
2243,0.047619047619047616,0.5555555555555556,0.004891315252678823,0.19812705573629452,-0.029606845722408917,True
2244,0.06349206349206349,0.5555555555555556,0.00587363034508474,0.23928012694748926,-0.03030418392917114,True
2245,0.07936507936507936,0.5555555555555556,0.005799744221061249,0.27076781775231756,-0.03141663219062109,True
2246,0.09523809523809523,0.5555555555555556,0.004927740009073644,0.2949798606501929,-0.03297041209371158,True
2247,0.1111111111111111,0.5555555555555556,0.0034159039288061853,0.31368478068695377,-0.03498063048459283,True
2248,0.12698412698412698,0.5555555555555556,0.0017118278233765637,0.3282840879918116,-0.03745078401401536,True
2249,0.14285714285714285,0.5555555555555556,4.749292100781615e-06,0.33934269127174627,-0.04037370338163763,True
2250,0.15873015873015872,0.5555555555555556,-0.001639668225165414,0.3469058615648493,-0.043727396874784184,True
2251,0.1746031746031746,0.5555555555555556,-0.0030814201229132474,0.3511210339955421,-0.04748468934248742,True
2252,0.19047619047619047,0.5555555555555556,-0.004315960555218006,0.35176468178815046,-0.051585033746369725,True
2253,0.20634920634920634,0.5555555555555556,-0.005381227670836781,0.3489525726243742,-0.05597139073999977,True
2254,0.2222222222222222,0.5555555555555556,-0.0062957703602411165,0.342693251020527,-0.060556947129571735,True
2255,0.23809523809523808,0.5555555555555556,-0.007070289998947819,0.3333228162057662,-0.06526837710908454,True
2256,0.25396825396825395,0.5555555555555556,-0.007811712432594344,0.32109461954661017,-0.07001592397852154,True
2257,0.2698412698412698,0.5555555555555556,-0.008507082005994622,0.3064850092378583,-0.07471689511960891,True
2258,0.2857142857142857,0.5555555555555556,-0.00916732248974601,0.2899920765786978,-0.07929389460515766,True
2259,0.30158730158730157,0.5555555555555556,-0.009861300371577765,0.272119400229476,-0.0836935322478429,True
2260,0.31746031746031744,0.5555555555555556,-0.010597919254248309,0.25333974714620755,-0.08786433417719346,True
2261,0.3333333333333333,0.5555555555555556,-0.011401567709332013,0.23406581702102744,-0.09178876249743809,True
2262,0.3492063492063492,0.5555555555555556,-0.012274551586723591,0.21460720468230113,-0.09541064480262543,True
2263,0.36507936507936506,0.5555555555555556,-0.01321323687256146,0.19521469353344986,-0.09874906262751144,True
2264,0.38095238095238093,0.5555555555555556,-0.01423359386913668,0.17602099112092184,-0.10179965232988308,True
2265,0.3968253968253968,0.5555555555555556,-0.015333474663552137,0.15711826283397484,-0.10453366288265428,True
2266,0.4126984126984127,0.5555555555555556,-0.016510485591928636,0.13853001131883907,-0.10698385487987695,True
2267,0.42857142857142855,0.5555555555555556,-0.017772293160550037,0.12024450175661165,-0.10913508172078847,True
2268,0.4444444444444444,0.5555555555555556,-0.019126188427490524,0.1022206746969144,-0.11099264461583311,True
2269,0.4603174603174603,0.5555555555555556,-0.020576018348265453,0.08440762210604372,-0.11256879627001044,True
2270,0.47619047619047616,0.5555555555555556,-0.022127321018247523,0.0667604156705346,-0.11384465449175082,True
2271,0.49206349206349204,0.5555555555555556,-0.02378998514862358,0.04921224995386076,-0.1148404947765607,True
2272,0.5079365079365079,0.5555555555555556,-0.025568872053724663,0.03173086825166597,-0.11555400206578795,True
2273,0.5238095238095237,0.5555555555555556,-0.02747157363697322,0.014258481674545864,-0.1159752058090408,True
2274,0.5396825396825397,0.5555555555555556,-0.029503838813229454,-0.003232788698559679,-0.11612241758113713,True
2275,0.5555555555555556,0.5555555555555556,-0.031663863417098426,-0.020769687821925824,-0.11597803048186033,True
2276,0.5714285714285714,0.5555555555555556,-0.03396253358100007,-0.03835212845046859,-0.11554886992438802,True
2277,0.5873015873015872,0.5555555555555556,-0.03638184536384878,-0.05602467610690587,-0.11485554034329402,True
2278,0.6031746031746031,0.5555555555555556,-0.038935986591512976,-0.07376128915642502,-0.11389264905660343,True
2279,0.6190476190476191,0.5555555555555556,-0.04161110149937539,-0.09156486493910972,-0.11264643289292647,True
2280,0.6349206349206349,0.5555555555555556,-0.04438863777523596,-0.10944126595747682,-0.11116241874435318,True
2281,0.6507936507936507,0.5555555555555556,-0.04728702915666845,-0.1273557820438773,-0.10943060029950842,True
2282,0.6666666666666666,0.5555555555555556,-0.05027400909014907,-0.14529971063428768,-0.10745750531962196,True
2283,0.6825396825396826,0.5555555555555556,-0.0533655171008809,-0.16327143596217136,-0.1052754659373507,True
2284,0.6984126984126984,0.5555555555555556,-0.05656811371708711,-0.1812796223064026,-0.10287883761252645,True
2285,0.7142857142857142,0.5555555555555556,-0.059929199166174826,-0.19940218224083223,-0.10030920962902222,True
2286,0.7301587301587301,0.5555555555555556,-0.0634955487937921,-0.21779828762658748,-0.09757663308893072,True
2287,0.746031746031746,0.5555555555555556,-0.06740155778688763,-0.23675566169831408,-0.09468579895515641,True
2288,0.7619047619047619,0.5555555555555556,-0.07180527034828424,-0.2567561750254738,-0.09164007152975472,True
2289,0.7777777777777777,0.5555555555555556,-0.07685917499501756,-0.2785247414104045,-0.08846043922140003,True
2290,0.7936507936507936,0.5555555555555556,-0.08283283492326925,-0.3031431123387029,-0.08508843425552101,True
2291,0.8095238095238095,0.5555555555555556,-0.0898677459859406,-0.3316879648554631,-0.08150189721008243,True
2292,0.8253968253968254,0.5555555555555556,-0.09794031703500024,-0.3652738647251188,-0.07761605781523963,True
2293,0.8412698412698412,0.5555555555555556,-0.10660498579939312,-0.4041133940874791,-0.07336949111525537,True
2294,0.8571428571428571,0.5555555555555556,-0.11477465167331885,-0.44679558420037024,-0.06867034075821332,True
2295,0.873015873015873,0.5555555555555556,-0.12056410027609973,-0.4889209716533186,-0.06352822428667516,True
2296,0.8888888888888888,0.5555555555555556,-0.12146502966601418,-0.5224136314085919,-0.05808114600580541,True
2297,0.9047619047619047,0.5555555555555556,-0.11489710885789844,-0.5357612383202357,-0.052699713026460926,True
2298,0.9206349206349206,0.5555555555555556,-0.09966635064365033,-0.5176376885262516,-0.047971733623888436,True
2299,0.9365079365079365,0.5555555555555556,-0.07680686263715997,-0.46062861333920946,-0.0444793595859455,True
2300,0.9523809523809523,0.5555555555555556,-0.04995903183894824,-0.3664203197403728,-0.04263367215460381,True
2301,0.9682539682539681,0.5555555555555556,-0.024761008672313047,-0.24684581262166072,-0.04233173111742623,True
2302,0.9841269841269841,0.5555555555555556,-0.006734972612716158,-0.11948316338799535,-0.04309762505828633,True
2303,1.0,0.5555555555555556,1.2681387436032334e-06,-0.00014544307966448249,-0.04426890574985675,True
2304,0.0,0.5714285714285714,-7.04552523378528e-08,2.7536339783772054e-05,-0.030661550461375742,True
2305,0.015873015873015872,0.5714285714285714,0.0012696476950042254,0.07725209998381288,-0.030468025515631193,True
2306,0.031746031746031744,0.5714285714285714,0.003981355904275734,0.14264913534300205,-0.030467619263409372,True
2307,0.047619047619047616,0.5714285714285714,0.006829084741957313,0.19603357234714722,-0.03075965684847155,True
2308,0.06349206349206349,0.5714285714285714,0.009020391303139768,0.23818289944670332,-0.03141886921651524,True
2309,0.07936507936507936,0.5714285714285714,0.010319488669064635,0.2707295181933983,-0.03248988179855998,True
2310,0.09523809523809523,0.5714285714285714,0.010630341733828558,0.295582399120024,-0.03400493737167292,True
2311,0.1111111111111111,0.5714285714285714,0.01039092817508091,0.31478639682635157,-0.03597334239665427,True
2312,0.12698412698412698,0.5714285714285714,0.009822103835751994,0.32953028972097353,-0.03839690641525056,True
2313,0.14285714285714285,0.5714285714285714,0.009099145664996084,0.34049067842076347,-0.0412687566882337,True
2314,0.15873015873015872,0.5714285714285714,0.008484412350022334,0.3479595562073934,-0.04456493380202521,True
2315,0.1746031746031746,0.5714285714285714,0.008022399437859583,0.3519995694236892,-0.04825480411938527,True
2316,0.19047619047619047,0.5714285714285714,0.007635673345377538,0.3524912535010512,-0.05228740288575677,True
2317,0.20634920634920634,0.5714285714285714,0.007378082526003627,0.34953419132557945,-0.0565984691101967,True
2318,0.2222222222222222,0.5714285714285714,0.007135117377900487,0.3432439716358112,-0.061123830334419746,True
2319,0.23809523809523808,0.5714285714285714,0.006926953289565128,0.33377195805154874,-0.06576766787633911,True
2320,0.25396825396825395,0.5714285714285714,0.006751056017986233,0.32155521116777175,-0.07045444051536488,True
2321,0.2698412698412698,0.5714285714285714,0.006513981607068694,0.30695621479103385,-0.07509763396440669,True
2322,0.2857142857142857,0.5714285714285714,0.006176060347757101,0.29051764602699287,-0.07963830645867866,True
2323,0.30158730158730157,0.5714285714285714,0.005754304827743926,0.2727134348226958,-0.08400627437751923,True
2324,0.31746031746031744,0.5714285714285714,0.005224640523674728,0.2540088577746765,-0.0881553933492548,True
2325,0.3333333333333333,0.5714285714285714,0.0046042326421316905,0.23482489975331106,-0.09205983505065383,True
2326,0.3492063492063492,0.5714285714285714,0.0038655167424054408,0.2154523834394762,-0.09567717694019408,True
2327,0.36507936507936506,0.5714285714285714,0.0030374582841503845,0.19614577637644356,-0.09902461320442245,True
2328,0.38095238095238093,0.5714285714285714,0.00210901457646062,0.17703905109720555,-0.10207355481467234,True
2329,0.3968253968253968,0.5714285714285714,0.0010912055375969045,0.15822411896369448,-0.1048192294151303,True
2330,0.4126984126984127,0.5714285714285714,-1.8732605476949868e-05,0.1397202216015558,-0.10727618487025814,True
2331,0.42857142857142855,0.5714285714285714,-0.0012177558747900712,0.12152647695286801,-0.10943415433548054,True
2332,0.4444444444444444,0.5714285714285714,-0.0025196885239344275,0.10359285240743558,-0.1113105365063326,True
2333,0.4603174603174603,0.5714285714285714,-0.003919899978852513,0.08589047845576321,-0.11289477381639117,True
2334,0.47619047619047616,0.5714285714285714,-0.005436175665385072,0.06835202267371418,-0.11418696071867615,True
2335,0.49206349206349204,0.5714285714285714,-0.007075556937359645,0.050921792294775434,-0.11519201983029251,True
2336,0.5079365079365079,0.5714285714285714,-0.008845817604450261,0.03356115740138844,-0.1159033146103409,True
2337,0.5238095238095237,0.5714285714285714,-0.010759098762891621,0.016225936720226285,-0.11634021681356,True
2338,0.5396825396825397,0.5714285714285714,-0.012822000261852281,-0.0011170991434140648,-0.11648618169682153,True
2339,0.5555555555555556,0.5714285714285714,-0.015036463127905996,-0.018508194860857037,-0.11634008150808871,True
2340,0.5714285714285714,0.5714285714285714,-0.017416766035171356,-0.035947444233274985,-0.11591334557570936,True
2341,0.5873015873015872,0.5714285714285714,-0.0199460480759403,-0.05347494343276209,-0.11521208274907342,True
2342,0.6031746031746031,0.5714285714285714,-0.02264768927611339,-0.07106135909080386,-0.11422416370519312,True
2343,0.6190476190476191,0.5714285714285714,-0.025488855466769773,-0.08874603667796169,-0.11298668976373685,True
2344,0.6349206349206349,0.5714285714285714,-0.028473652897705568,-0.10648997313956511,-0.11147403994947795,True
2345,0.6507936507936507,0.5714285714285714,-0.031604556494019026,-0.1242907950461382,-0.10972489656713921,True
2346,0.6666666666666666,0.5714285714285714,-0.03486404776440246,-0.14212257786844343,-0.10773603503327474,True
2347,0.6825396825396826,0.5714285714285714,-0.03825526864897206,-0.15997416470008838,-0.10553117602620843,True
2348,0.6984126984126984,0.5714285714285714,-0.04178770885169903,-0.17784294801224826,-0.10312209499732794,True
2349,0.7142857142857142,0.5714285714285714,-0.045453090535222465,-0.19580029200703947,-0.10054648143538483,True
2350,0.7301587301587301,0.5714285714285714,-0.049333114627884776,-0.2139416785118923,-0.09780222204386416,True
2351,0.746031746031746,0.5714285714285714,-0.05351185449799143,-0.23251246977070358,-0.09492058476068208,True
2352,0.7619047619047619,0.5714285714285714,-0.05809449085496576,-0.2519997365184313,-0.09191039657860334,True
2353,0.7777777777777777,0.5714285714285714,-0.0632943198239759,-0.2730836989503798,-0.08876626501031055,True
2354,0.7936507936507936,0.5714285714285714,-0.06930450792705413,-0.2966350893235062,-0.08550066458477072,True
2355,0.8095238095238095,0.5714285714285714,-0.07637377886045778,-0.3241755918437533,-0.08202775566554218,True
2356,0.8253968253968254,0.5714285714285714,-0.08448916118195507,-0.3566649276023569,-0.07835478540368196,True
2357,0.8412698412698412,0.5714285714285714,-0.09347870727182007,-0.39516578014913517,-0.07434073244563205,True
2358,0.8571428571428571,0.5714285714285714,-0.10245215320556839,-0.43882217464999623,-0.06993981500038762,True
2359,0.873015873015873,0.5714285714285714,-0.10967425814955865,-0.4839924608237868,-0.0650952796431895,True
2360,0.8888888888888888,0.5714285714285714,-0.11287331152671855,-0.523481710671988,-0.059916041683720764,True
2361,0.9047619047619047,0.5714285714285714,-0.10905059810735618,-0.5448672230666476,-0.05467978211811611,True
2362,0.9206349206349206,0.5714285714285714,-0.09668373569340731,-0.5357888418033433,-0.049956543293880995,True
2363,0.9365079365079365,0.5714285714285714,-0.07592879841481809,-0.48531337165367067,-0.04633806978059119,True
2364,0.9523809523809523,0.5714285714285714,-0.05031688606563858,-0.39310797680398657,-0.04430195893619711,True
2365,0.9682539682539681,0.5714285714285714,-0.02532556638104275,-0.2695382033830043,-0.04386891141635042,True
2366,0.9841269841269841,0.5714285714285714,-0.0069894226235374226,-0.13259261468472594,-0.044589135877244016,True
2367,1.0,0.5714285714285714,-3.4286407503868526e-07,0.00014518326310199246,-0.04579595211501961,True
2368,0.0,0.5873015873015872,1.1465657509838904e-07,-3.291278709445406e-05,-0.03176636527265896,True
2369,0.015873015873015872,0.5873015873015872,0.001480296363568226,0.07479121779717243,-0.031533343407811755,True
2370,0.031746031746031744,0.5873015873015872,0.0047897907164467565,0.1392484073542364,-0.03148967650211312,True
2371,0.047619047619047616,0.5873015873015872,0.00859152633015337,0.19284181123989255,-0.031736134242964155,True
2372,0.06349206349206349,0.5873015873015872,0.011978901651617068,0.2358621909938832,-0.03234749111031084,True
2373,0.07936507936507936,0.5873015873015872,0.014421267916248919,0.2692614984344878,-0.03337217886679852,True
2374,0.09523809523809523,0.5873015873015872,0.01608368114990614,0.2949654483109527,-0.034830802463563376,True
2375,0.1111111111111111,0.5873015873015872,0.01704367860237693,0.31464772918042166,-0.03674121856064877,True
2376,0.12698412698412698,0.5873015873015872,0.017572821684829095,0.3296011023247411,-0.03910341307765174,True
2377,0.14285714285714285,0.5873015873015872,0.01801428229149349,0.3406192266030967,-0.041900341254558555,True
2378,0.15873015873015872,0.5873015873015872,0.018382780608715323,0.34807492278716573,-0.045124349907181276,True
2379,0.1746031746031746,0.5873015873015872,0.018797189835879947,0.35194093718015196,-0.04873128134480435,True
2380,0.19047619047619047,0.5873015873015872,0.019297972865580375,0.3524020881389789,-0.0526806520837094,True
2381,0.20634920634920634,0.5873015873015872,0.019785415430947324,0.34940544407462215,-0.05691277059213643,True
2382,0.2222222222222222,0.5873015873015872,0.02031054342440798,0.34310603953345387,-0.06135029497630274,True
2383,0.23809523809523808,0.5873015873015872,0.020749057176451716,0.333681143914193,-0.06591835582135518,True
2384,0.25396825396825395,0.5873015873015872,0.021083272382817927,0.3215220691316302,-0.07054081620718892,True
2385,0.2698412698412698,0.5873015873015872,0.02127617929620579,0.30702946810887305,-0.07513551597152172,True
2386,0.2857142857142857,0.5873015873015872,0.021349641404931483,0.290715683736284,-0.07962827247502066,True
2387,0.30158730158730157,0.5873015873015872,0.021247426235855495,0.273044044635174,-0.08396540792970783,True
2388,0.31746031746031744,0.5873015873015872,0.020985535362618154,0.2544827170889077,-0.08809988681467003,True
2389,0.3333333333333333,0.5873015873015872,0.020561856299408047,0.23540872503593482,-0.09198195937123894,True
2390,0.3492063492063492,0.5873015873015872,0.02000052872863431,0.21616172270497708,-0.09561955615122271,True
2391,0.36507936507936506,0.5873015873015872,0.019306929646312348,0.19695534059666833,-0.09895457283795284,True
2392,0.38095238095238093,0.5873015873015872,0.01850469622802355,0.17795304689809785,-0.10201216615250165,True
2393,0.3968253968253968,0.5873015873015872,0.017600038970103673,0.15923354739948783,-0.10478892706072881,True
2394,0.4126984126984127,0.5873015873015872,0.016588969844112806,0.14083029507603523,-0.1072572722178334,True
2395,0.42857142857142855,0.5873015873015872,0.015471335083796332,0.122728779738848,-0.10944438735089587,True
2396,0.4444444444444444,0.5873015873015872,0.01424666111147783,0.10490532673074363,-0.11132702672582032,True
2397,0.4603174603174603,0.5873015873015872,0.012907483696858365,0.08731286596032807,-0.11291859191623545,True
2398,0.47619047619047616,0.5873015873015872,0.01144298174814659,0.06989945443415058,-0.11423396926131009,True
2399,0.49206349206349204,0.5873015873015872,0.009842892450774398,0.05261817576929139,-0.11525213220762567,True
2400,0.5079365079365079,0.5873015873015872,0.008091929108846783,0.035409950628178394,-0.11597126129782939,True
2401,0.5238095238095237,0.5873015873015872,0.006177717700565097,0.018227653115090385,-0.11641152183756592,True
2402,0.5396825396825397,0.5873015873015872,0.004091382521489809,0.0010400991656655796,-0.11656165017145419,True
2403,0.5555555555555556,0.5873015873015872,0.0018251624734825316,-0.016173755272449075,-0.11641324828907029,True
2404,0.5714285714285714,0.5873015873015872,-0.0006256882878054472,-0.03345198774474661,-0.11598071976327771,True
2405,0.5873015873015872,0.5873015873015872,-0.003267440637964666,-0.05079474070045252,-0.11527306846765596,True
2406,0.6031746031746031,0.5873015873015872,-0.006104981828698134,-0.06821102780511534,-0.11427012977891404,True
2407,0.6190476190476191,0.5873015873015872,-0.009114000714131897,-0.08573335316788412,-0.11301239379312808,True
2408,0.6349206349206349,0.5873015873015872,-0.012322328241699114,-0.1033131092262092,-0.11149000997237396,True
2409,0.6507936507936507,0.5873015873015872,-0.015688689618002644,-0.12095964757917628,-0.10970471050189114,True
2410,0.6666666666666666,0.5873015873015872,-0.019256375404549886,-0.13864010877687172,-0.1077005917227694,True
2411,0.6825396825396826,0.5873015873015872,-0.022949835673391268,-0.15635567537762787,-0.10547088270211907,True
2412,0.6984126984126984,0.5873015873015872,-0.02680435653718708,-0.17408479302913332,-0.10304048270024714,True
2413,0.7142857142857142,0.5873015873015872,-0.030858633007322073,-0.19185258596175922,-0.10044165578358236,True
2414,0.7301587301587301,0.5873015873015872,-0.03512242351243209,-0.20975075883486927,-0.0976819685877786,True
2415,0.746031746031746,0.5873015873015872,-0.039628745966786456,-0.22801776247688632,-0.09480154402466764,True
2416,0.7619047619047619,0.5873015873015872,-0.04453579416130137,-0.24700279083869833,-0.09180150912160269,True
2417,0.7777777777777777,0.5873015873015872,-0.0499719327075883,-0.267373744873967,-0.08870092263948479,True
2418,0.7936507936507936,0.5873015873015872,-0.05616614006853674,-0.290120714147881,-0.08548169772955921,True
2419,0.8095238095238095,0.5873015873015872,-0.06330873008291359,-0.3164990148540512,-0.08213563673601607,True
2420,0.8253968253968254,0.5873015873015872,-0.07154976571748262,-0.34791701531537156,-0.07861669333318422,True
2421,0.8412698412698412,0.5873015873015872,-0.08078946870903372,-0.3857513739030444,-0.07481400769135838,True
2422,0.8571428571428571,0.5873015873015872,-0.0903855206294679,-0.42980963596346394,-0.07069512332166208,True
2423,0.873015873015873,0.5873015873015872,-0.09896624775556473,-0.47765759578123235,-0.06616822754445856,True
2424,0.8888888888888888,0.5873015873015872,-0.10406502436514578,-0.5221344133939307,-0.06126443493079006,True
2425,0.9047619047619047,0.5873015873015872,-0.10292749239468565,-0.5517002732759815,-0.056226168639434845,True
2426,0.9206349206349206,0.5873015873015872,-0.09323239022551151,-0.551453122922758,-0.0515560263032368,True
2427,0.9365079365079365,0.5873015873015872,-0.0748434246672453,-0.508811986140869,-0.04785688226307658,True
2428,0.9523809523809523,0.5873015873015872,-0.050425775313776705,-0.41918865669018224,-0.045681595170408935,True
2429,0.9682539682539681,0.5873015873015872,-0.02576889789806848,-0.29216009183678693,-0.04512362979131327,True
2430,0.9841269841269841,0.5873015873015872,-0.007176694914088522,-0.14601609410821792,-0.045809128782783204,True
2431,1.0,0.5873015873015872,1.0476265685569682e-07,-0.00016847688816351423,-0.0470361106651602,True
2432,0.0,0.6031746031746031,-1.3832899730577687e-07,2.144511016198613e-05,-0.03268856373840036,True
2433,0.015873015873015872,0.6031746031746031,0.0016620023429266564,0.07193251695272918,-0.03242093999847635,True
2434,0.031746031746031744,0.6031746031746031,0.005507484393221693,0.13511925943634792,-0.03233802720161784,True
2435,0.047619047619047616,0.6031746031746031,0.010141613186293724,0.18867710412957572,-0.03254065513255164,True
2436,0.06349206349206349,0.6031746031746031,0.014587218652777545,0.23223648082390713,-0.033095531483714635,True
2437,0.07936507936507936,0.6031746031746031,0.018367666417899744,0.2666109153644701,-0.034052735171900904,True
2438,0.09523809523809523,0.6031746031746031,0.0212283972100043,0.2931069198290345,-0.035446830394813326,True
2439,0.1111111111111111,0.6031746031746031,0.023391953530660356,0.3133441845256163,-0.03728330272625748,True
2440,0.12698412698412698,0.6031746031746031,0.025102155472377916,0.3286471742383281,-0.0395637309101228,True
2441,0.14285714285714285,0.6031746031746031,0.026540113744218875,0.3397633130242101,-0.04227765076960962,True
2442,0.15873015873015872,0.6031746031746031,0.02790808748500809,0.34718421786290127,-0.04540493285119257,True
2443,0.1746031746031746,0.6031746031746031,0.029249020847574896,0.3510607012803906,-0.04891669439114823,True
2444,0.19047619047619047,0.6031746031746031,0.03058916085765046,0.35146437823628696,-0.05276485844661746,True
2445,0.20634920634920634,0.6031746031746031,0.03192951838496018,0.3485060806893979,-0.05689184228873785,True
2446,0.2222222222222222,0.6031746031746031,0.03314120508924091,0.34228612414446047,-0.06124190299484176,True
2447,0.23809523809523808,0.6031746031746031,0.03423527291437665,0.33298829726007995,-0.06572678469705011,True
2448,0.25396825396825395,0.6031746031746031,0.0351556679851083,0.3209857099301758,-0.07027608275857143,True
2449,0.2698412698412698,0.6031746031746031,0.035878212094197004,0.3066739679694593,-0.0748064984560296,True
2450,0.2857142857142857,0.6031746031746031,0.03634666631769226,0.2905418770805709,-0.07926015074635873,True
2451,0.30158730158730157,0.6031746031746031,0.036602860564807604,0.2730654485061522,-0.08356860405677323,True
2452,0.31746031746031744,0.6031746031746031,0.0366438104654242,0.25468680704102775,-0.0876863436853724,True
2453,0.3333333333333333,0.6031746031746031,0.036482200457307545,0.2357905787775791,-0.09157363768116009,True
2454,0.3492063492063492,0.6031746031746031,0.03613779940301362,0.21669040285567906,-0.09520623887623979,True
2455,0.36507936507936506,0.6031746031746031,0.03564435893028517,0.1976288059179973,-0.09856128860515377,True
2456,0.38095238095238093,0.6031746031746031,0.034997198446679804,0.17874305057783027,-0.10163995301547316,True
2457,0.3968253968253968,0.6031746031746031,0.03422269083338736,0.1601314546477837,-0.10442593990928137,True
2458,0.4126984126984127,0.6031746031746031,0.033334983266344334,0.14183414310081674,-0.10693017767422233,True
2459,0.42857142857142855,0.6031746031746031,0.032327678668351865,0.12384669065069617,-0.10913484407464809,True
2460,0.4444444444444444,0.6031746031746031,0.03120173044462403,0.10614763967523229,-0.11104137749824455,True
2461,0.4603174603174603,0.6031746031746031,0.029942634593300415,0.08868201029052784,-0.11266127721120732,True
2462,0.47619047619047616,0.6031746031746031,0.02854139004968468,0.0714022966859227,-0.11398438753435036,True
2463,0.49206349206349204,0.6031746031746031,0.026989506180307182,0.054271643950022895,-0.11501800522415102,True
2464,0.5079365079365079,0.6031746031746031,0.025266484538039022,0.037219711823777396,-0.11575409371256516,True
2465,0.5238095238095237,0.6031746031746031,0.023360597005159404,0.02021677240531141,-0.11619852677165711,True
2466,0.5396825396825397,0.6031746031746031,0.021259751359812146,0.0032316991604939803,-0.11634568520163574,True
2467,0.5555555555555556,0.6031746031746031,0.018952146025991885,-0.013787981409608161,-0.1161978152146006,True
2468,0.5714285714285714,0.6031746031746031,0.016431384725922368,-0.03086466401950345,-0.11576385589006498,True
2469,0.5873015873015872,0.6031746031746031,0.01369225293142139,-0.0480092733666339,-0.11503176197716328,True
2470,0.6031746031746031,0.6031746031746031,0.010716829534518068,-0.06521751007668221,-0.11403201722985642,True
2471,0.6190476190476191,0.6031746031746031,0.007530378466247232,-0.08252504976730024,-0.11274358468760831,True
2472,0.6349206349206349,0.6031746031746031,0.004099508013902858,-0.09989449704354007,-0.11119049918587688,True
2473,0.6507936507936507,0.6031746031746031,0.0004784106318024362,-0.11736052561925185,-0.10939457593333325,True
2474,0.6666666666666666,0.6031746031746031,-0.0033522851177491984,-0.13486824937256853,-0.10735318325239104,True
2475,0.6825396825396826,0.6031746031746031,-0.0074121698172621925,-0.15239012299639423,-0.10509091510370062,True
2476,0.6984126984126984,0.6031746031746031,-0.011661583772298508,-0.16993270215875342,-0.10263259500970305,True
2477,0.7142857142857142,0.6031746031746031,-0.016114284061370672,-0.18749882461321105,-0.09999494689979531,True
2478,0.7301587301587301,0.6031746031746031,-0.020772811408101537,-0.20518199336159312,-0.09721846719726114,True
2479,0.746031746031746,0.6031746031746031,-0.025728404227953743,-0.2231246769074282,-0.09432253155695762,True
2480,0.7619047619047619,0.6031746031746031,-0.03102409963987503,-0.24169693421087718,-0.09131570947229913,True
2481,0.7777777777777777,0.6031746031746031,-0.03683047664380588,-0.26145139754769886,-0.08823276477773116,True
2482,0.7936507936507936,0.6031746031746031,-0.043277587440853464,-0.2833525434540828,-0.08507098352275799,True
2483,0.8095238095238095,0.6031746031746031,-0.05063257341778149,-0.3086936125711465,-0.08180524810804111,True
2484,0.8253968253968254,0.6031746031746031,-0.05903211720837686,-0.339036905052865,-0.0784095719213402,True
2485,0.8412698412698412,0.6031746031746031,-0.06854273439889232,-0.37597673032040574,-0.07479862949036005,True
2486,0.8571428571428571,0.6031746031746031,-0.07864772173321534,-0.41996733178323137,-0.07091699196501197,True
2487,0.873015873015873,0.6031746031746031,-0.0882216361590043,-0.46941911192748476,-0.06666762832078219,True
2488,0.8888888888888888,0.6031746031746031,-0.09516752910211616,-0.5185164435507388,-0.06207368008622683,True
2489,0.9047619047619047,0.6031746031746031,-0.09648006745917523,-0.5555624607427535,-0.057274747687995856,True
2490,0.9206349206349206,0.6031746031746031,-0.08948223107089938,-0.5646801957340534,-0.05271385752966563,True
2491,0.9365079365079365,0.6031746031746031,-0.07325621336560655,-0.5297539616213719,-0.04899904254071556,True
2492,0.9523809523809523,0.6031746031746031,-0.050356675040635075,-0.44437718334692744,-0.04670556252390657,True
2493,0.9682539682539681,0.6031746031746031,-0.026115522079855416,-0.31478866848593984,-0.04604296427084394,True
2494,0.9841269841269841,0.6031746031746031,-0.007362784505608279,-0.15981579019794592,-0.04668655504075588,True
2495,1.0,0.6031746031746031,-4.6153081501289714e-08,0.0001662326969289971,-0.04793529605856038,True
2496,0.0,0.6190476190476191,4.978353006364816e-07,1.5184761737827252e-05,-0.033438289570579656,True
2497,0.015873015873015872,0.6190476190476191,0.0017990333974606284,0.06879255994731905,-0.033143400486388856,True
2498,0.031746031746031744,0.6190476190476191,0.006098661325296903,0.1303485610420598,-0.03301881424012652,True
2499,0.047619047619047616,0.6190476190476191,0.011524360227859583,0.18351749977091922,-0.03316901233177646,True
2500,0.06349206349206349,0.6190476190476191,0.016979511255333257,0.22755869780350507,-0.03366300405719029,True
2501,0.07936507936507936,0.6190476190476191,0.02188175861603559,0.2627034464945849,-0.03454909819354418,True
2502,0.09523809523809523,0.6190476190476191,0.02593561639037734,0.2899601152628303,-0.03586187809806356,True
2503,0.1111111111111111,0.6190476190476191,0.029317399273096127,0.3108850858944447,-0.03760865789486753,True
2504,0.12698412698412698,0.6190476190476191,0.03216662607577057,0.3265642407045884,-0.039788571547983057,True
2505,0.14285714285714285,0.6190476190476191,0.034664182053411464,0.3378698015954752,-0.04239697295882853,True
2506,0.15873015873015872,0.6190476190476191,0.037010918002140486,0.3453521034125131,-0.045412147434786235,True
2507,0.1746031746031746,0.6190476190476191,0.039309622813711066,0.34923836978341016,-0.04880109709373701,True
2508,0.19047619047619047,0.6190476190476191,0.04151794258942789,0.3497158470413258,-0.05253432332526399,True
2509,0.20634920634920634,0.6190476190476191,0.043626133241588594,0.34683835431668225,-0.056553016725615565,True
2510,0.2222222222222222,0.6190476190476191,0.04561658493610018,0.3407473991069503,-0.06079102452716045,True
2511,0.23809523809523808,0.6190476190476191,0.04737281992298645,0.3316582360431607,-0.06518828287139322,True
2512,0.25396825396825395,0.6190476190476191,0.0488992196831167,0.31984316899772297,-0.06965160585076262,True
2513,0.2698412698412698,0.6190476190476191,0.05016144970571059,0.3058265010746803,-0.0741311729082004,True
2514,0.2857142857142857,0.6190476190476191,0.05113182747178373,0.2899407479216811,-0.07852903249663393,True
2515,0.30158730158730157,0.6190476190476191,0.051801451128399095,0.27272874716608697,-0.0828166794781656,True
2516,0.31746031746031744,0.6190476190476191,0.05220546905699298,0.25458050570667956,-0.08691381178711373,True
2517,0.3333333333333333,0.6190476190476191,0.05236070378828769,0.23591165664157604,-0.09081247877983822,True
2518,0.3492063492063492,0.6190476190476191,0.05226749506321047,0.216983590770448,-0.09444382962128908,True
2519,0.36507936507936506,0.6190476190476191,0.05201371902559481,0.198093658726299,-0.09782838644631574,True
2520,0.38095238095238093,0.6190476190476191,0.05156970175498756,0.17935436636848215,-0.10093776445428233,True
2521,0.3968253968253968,0.6190476190476191,0.0509776610194242,0.16087991618851927,-0.10375491005032253,True
2522,0.4126984126984127,0.6190476190476191,0.050238807609325295,0.1427091785521792,-0.10627481615625335,True
2523,0.42857142857142855,0.6190476190476191,0.04937404902800187,0.12485679327019919,-0.10851077385494258,True
2524,0.4444444444444444,0.6190476190476191,0.04836109549152558,0.10728509289694793,-0.11045293074807892,True
2525,0.4603174603174603,0.6190476190476191,0.047197313436376676,0.08995772579905276,-0.11210259657112052,True
2526,0.47619047619047616,0.6190476190476191,0.045881686426842025,0.07284888713859328,-0.11344534915572865,True
2527,0.49206349206349204,0.6190476190476191,0.044384859093687695,0.055872847626061026,-0.11449719932192634,True
2528,0.5079365079365079,0.6190476190476191,0.04270625537343743,0.039029015488314535,-0.11525012685420084,True
2529,0.5238095238095237,0.6190476190476191,0.04081639884090267,0.02220989873429881,-0.11569172955582405,True
2530,0.5396825396825397,0.6190476190476191,0.03870760049591306,0.005445939335309282,-0.11584856002179618,True
2531,0.5555555555555556,0.6190476190476191,0.03636337928622828,-0.011353847334740753,-0.11570372204796499,True
2532,0.5714285714285714,0.6190476190476191,0.033773626508184086,-0.028182645767589814,-0.11525395573827273,True
2533,0.5873015873015872,0.6190476190476191,0.030925850316354357,-0.0450696772474919,-0.11451236009288722,True
2534,0.6031746031746031,0.6190476190476191,0.027827499728608623,-0.062057896837396126,-0.11349418197873361,True
2535,0.6190476190476191,0.6190476190476191,0.0244573652655304,-0.07911150572632927,-0.1121808017528298,True
2536,0.6349206349206349,0.6190476190476191,0.020827010399818057,-0.09625695774901231,-0.110603354773284,True
2537,0.6507936507936507,0.6190476190476191,0.01693957205350765,-0.11348197641633641,-0.1087745538638339,True
2538,0.6666666666666666,0.6190476190476191,0.012776817550378251,-0.1307417698681577,-0.10669071025109016,True
2539,0.6825396825396826,0.6190476190476191,0.008386807493213003,-0.14805544767507328,-0.10439363908409442,True
2540,0.6984126984126984,0.6190476190476191,0.003738450630014808,-0.1653758022574821,-0.10189427196107528,True
2541,0.7142857142857142,0.6190476190476191,-0.0011433530566501626,-0.1827209272151608,-0.09922219121425338,True
2542,0.7301587301587301,0.6190476190476191,-0.006310967968242117,-0.20012908023047835,-0.09640678460557281,True
2543,0.746031746031746,0.6190476190476191,-0.011733932990880285,-0.21777902229048665,-0.09348236861757993,True
2544,0.7619047619047619,0.6190476190476191,-0.017527007912089332,-0.2359343325960293,-0.09046534881768523,True
2545,0.7777777777777777,0.6190476190476191,-0.023758093345707658,-0.2551706803799511,-0.08738259082901895,True
2546,0.7936507936507936,0.6190476190476191,-0.030585115784927255,-0.2763384638623925,-0.08424682439684757,True
2547,0.8095238095238095,0.6190476190476191,-0.03827141618511332,-0.3007217037314445,-0.08103342091585532,True
2548,0.8253968253968254,0.6190476190476191,-0.04692167826343117,-0.3298983790273909,-0.07774799693359423,True
2549,0.8412698412698412,0.6190476190476191,-0.05670218413205654,-0.3658096563945483,-0.07429546506344253,True
2550,0.8571428571428571,0.6190476190476191,-0.06731237866556072,-0.4094995869082295,-0.07061936786659222,True
2551,0.873015873015873,0.6190476190476191,-0.07783330746914781,-0.4601663538259247,-0.0666513824672862,True
2552,0.8888888888888888,0.6190476190476191,-0.08623550024685804,-0.5127238233195067,-0.06231591819383654,True
2553,0.9047619047619047,0.6190476190476191,-0.08974950571729844,-0.5564551247268194,-0.05777153687455355,True
2554,0.9206349206349206,0.6190476190476191,-0.08545859087762697,-0.575071949655396,-0.053375930815503625,True
2555,0.9365079365079365,0.6190476190476191,-0.07161155564960742,-0.5494457708465197,-0.04969029911618541,True
2556,0.9523809523809523,0.6190476190476191,-0.05014032849904855,-0.46876805454379206,-0.04732455267759963,True
2557,0.9682539682539681,0.6190476190476191,-0.026402480925338773,-0.3375167488737476,-0.04657211742641391,True
2558,0.9841269841269841,0.6190476190476191,-0.007535006631638729,-0.17370971683029165,-0.04717055226483228,True
2559,1.0,0.6190476190476191,4.857261065879781e-08,-0.00016146695252241457,-0.04844043448191024,True
2560,0.0,0.6349206349206349,-3.648533314741046e-07,-3.173252306196786e-05,-0.034013347729456744,True
2561,0.015873015873015872,0.6349206349206349,0.001902559501393271,0.06537187495798075,-0.03369857779654617,True
2562,0.031746031746031744,0.6349206349206349,0.006561467459248786,0.12502816452418658,-0.03353915814646277,True
2563,0.047619047619047616,0.6349206349206349,0.01262089819636002,0.177520064233235,-0.033638835269751026,True
2564,0.06349206349206349,0.6349206349206349,0.019012005808812557,0.2217545861638192,-0.03406174649980051,True
2565,0.07936507936507936,0.6349206349206349,0.0249569997135749,0.2575949378869761,-0.03487012649149642,True
2566,0.09523809523809523,0.6349206349206349,0.030238880516097116,0.28567613700934347,-0.0360815274925348,True
2567,0.1111111111111111,0.6349206349206349,0.034778820512111695,0.3072095825749048,-0.03771886215880838,True
2568,0.12698412698412698,0.6349206349206349,0.038692881693184446,0.32331560464474557,-0.03978691846535233,True
2569,0.14285714285714285,0.6349206349206349,0.04228068094112191,0.3349178274591798,-0.042265916453561994,True
2570,0.15873015873015872,0.6349206349206349,0.04563326720145201,0.3425714961206459,-0.04514820278196161,True
2571,0.1746031746031746,0.6349206349206349,0.04881023227073901,0.34656245452768397,-0.048410628660350494,True
2572,0.19047619047619047,0.6349206349206349,0.0518993266233331,0.3470942616295056,-0.05200462763771272,True
2573,0.20634920634920634,0.6349206349206349,0.054852187934810996,0.3443996865852287,-0.0558960799407866,True
2574,0.2222222222222222,0.6349206349206349,0.05758191983652394,0.3384658676672819,-0.06001719036244783,True
2575,0.23809523809523808,0.6349206349206349,0.06011520396848071,0.3296353053886306,-0.06429858981828943,True
2576,0.25396825396825395,0.6349206349206349,0.06230778308973379,0.31817413338117334,-0.06868664547149092,True
2577,0.2698412698412698,0.6349206349206349,0.06416902555123669,0.3044095973555117,-0.07308269078475628,True
2578,0.2857142857142857,0.6349206349206349,0.06567372763955487,0.2888775729263052,-0.07744565554060703,True
2579,0.30158730158730157,0.6349206349206349,0.06681379067505556,0.2719621665885838,-0.0816991922868556,True
2580,0.31746031746031744,0.6349206349206349,0.06765065016584047,0.2541185353242953,-0.0857921534910372,True
2581,0.3333333333333333,0.6349206349206349,0.06818186425832035,0.23570937560990002,-0.08968783663394139,True
2582,0.3492063492063492,0.6349206349206349,0.06843158267648232,0.21703060960131054,-0.09335575830983597,True
2583,0.36507936507936506,0.6349206349206349,0.06843945274782867,0.19832149508306815,-0.09675800468807326,True
2584,0.38095238095238093,0.6349206349206349,0.06823679509673893,0.17975569485583714,-0.09988378552768434,True
2585,0.3968253968253968,0.6349206349206349,0.06787348350869206,0.16144864307762316,-0.10274589806947146,True
2586,0.4126984126984127,0.6349206349206349,0.06733052121574558,0.1434332780144163,-0.1053128359882279,True
2587,0.42857142857142855,0.6349206349206349,0.06660845490301415,0.1257100574210124,-0.10758063017919331,True
2588,0.4444444444444444,0.6349206349206349,0.06574751657893037,0.108302694307087,-0.10956248016235196,True
2589,0.4603174603174603,0.6349206349206349,0.06470390799359371,0.09114193511096112,-0.11123794167706968,True
2590,0.47619047619047616,0.6349206349206349,0.06348811795308378,0.07421609647589995,-0.11261017910276903,True
2591,0.49206349206349204,0.6349206349206349,0.06206016415442869,0.05741926025638204,-0.11368034197245609,True
2592,0.5079365079365079,0.6349206349206349,0.06043512082628015,0.04078980188897565,-0.11445554642019866,True
2593,0.5238095238095237,0.6349206349206349,0.058568879345207644,0.0241973261697391,-0.11490902903649294,True
2594,0.5396825396825397,0.6349206349206349,0.05645965327671754,0.007666822644053953,-0.11506707984065644,True
2595,0.5555555555555556,0.6349206349206349,0.05408617239624268,-0.008865116450832997,-0.11492524958316917,True
2596,0.5714285714285714,0.6349206349206349,0.051437976507004775,-0.025439968574423936,-0.114467490636759,True
2597,0.5873015873015872,0.6349206349206349,0.048498428566678964,-0.04206255028549948,-0.1137140773684616,True
2598,0.6031746031746031,0.6349206349206349,0.045264809005042296,-0.05875815321343245,-0.11266241872362887,True
2599,0.6190476190476191,0.6349206349206349,0.041714375934553946,-0.07551560918319153,-0.11132983890359999,True
2600,0.6349206349206349,0.6349206349206349,0.037868849784224876,-0.09238163410302062,-0.10972686065573686,True
2601,0.6507936507936507,0.6349206349206349,0.033706611067178954,-0.10930995715232109,-0.10784981961043943,True
2602,0.6666666666666666,0.6349206349206349,0.029237025149827973,-0.12629627030849797,-0.10572427192190204,True
2603,0.6825396825396826,0.6349206349206349,0.024460958607908145,-0.1433293489344023,-0.10338613511315592,True
2604,0.6984126984126984,0.6349206349206349,0.01938780700274666,-0.1603772260603223,-0.10083737047991273,True
2605,0.7142857142857142,0.6349206349206349,0.014041617311308664,-0.17745672870391568,-0.09811809591598103,True
2606,0.7301587301587301,0.6349206349206349,0.008368089744224943,-0.19458550580266382,-0.09525978755356858,True
2607,0.746031746031746,0.6349206349206349,0.002396980659284717,-0.21190965279415502,-0.09229251345566492,True
2608,0.7619047619047619,0.6349206349206349,-0.003927388805141343,-0.22969486042787363,-0.08924931216141985,True
2609,0.7777777777777777,0.6349206349206349,-0.010698665127075556,-0.24841894461221942,-0.08615059633550827,True
2610,0.7936507936507936,0.6349206349206349,-0.018051344740068517,-0.26888588460530316,-0.08301720322074743,True
2611,0.8095238095238095,0.6349206349206349,-0.026103359520359436,-0.2923758079712152,-0.07985145565753335,True
2612,0.8253968253968254,0.6349206349206349,-0.035124988969773896,-0.32060072658998356,-0.07661859174560282,True
2613,0.8412698412698412,0.6349206349206349,-0.04522617580446268,-0.35533444117285273,-0.07329988145121374,True
2614,0.8571428571428571,0.6349206349206349,-0.05630227064630424,-0.3983670900097018,-0.06980048754172834,True
2615,0.873015873015873,0.6349206349206349,-0.06758174593825932,-0.44959714292974956,-0.06604942428484921,True
2616,0.8888888888888888,0.6349206349206349,-0.07747332859925911,-0.505359791000606,-0.06200170251338397,True
2617,0.9047619047619047,0.6349206349206349,-0.08308368564455317,-0.5553979047803957,-0.05772285508979724,True
2618,0.9206349206349206,0.6349206349206349,-0.0811937711473073,-0.5827339953435904,-0.053498983217083844,True
2619,0.9365079365079365,0.6349206349206349,-0.06977874073934301,-0.5668114006157265,-0.04988584072689006,True
2620,0.9523809523809523,0.6349206349206349,-0.0498416406071131,-0.49205038681546565,-0.04747715827863472,True
2621,0.9682539682539681,0.6349206349206349,-0.026675511041753645,-0.35988923527068134,-0.04664491260021887,True
2622,0.9841269841269841,0.6349206349206349,-0.007703840166181296,-0.18801150541491188,-0.04720894262903596,True
2623,1.0,0.6349206349206349,-1.157836651550323e-07,0.00017197596049124987,-0.04849960963579469,True
2624,0.0,0.6507936507936507,5.6917682627302e-08,3.7216864216048046e-05,-0.03442853978209457,True
2625,0.015873015873015872,0.6507936507936507,0.0019696409450174796,0.06178961332020051,-0.034097960977988,True
2626,0.031746031746031744,0.6507936507936507,0.006895490546476011,0.11924227666577818,-0.03390845594120049,True
2627,0.047619047619047616,0.6507936507936507,0.013490448575582424,0.17078975621521006,-0.03395689383164971,True
2628,0.06349206349206349,0.6507936507936507,0.02066087121648405,0.2150376619540491,-0.0343097827254537,True
2629,0.07936507936507936,0.6507936507936507,0.027644896254931342,0.2514245803881563,-0.03501972014748941,True
2630,0.09523809523809523,0.6507936507936507,0.03399416507618599,0.2802543425793646,-0.03612496973308134,True
2631,0.1111111111111111,0.6507936507936507,0.03965309873574208,0.3024742858985588,-0.03763912303638275,True
2632,0.12698412698412698,0.6507936507936507,0.044707079247884314,0.31910614658416314,-0.039566188476555554,True
2633,0.14285714285714285,0.6507936507936507,0.049307612313215655,0.3309705743453725,-0.04189945702271342,True
2634,0.15873015873015872,0.6507936507936507,0.053618647010989076,0.3388263757379411,-0.044633881048249294,True
2635,0.1746031746031746,0.6507936507936507,0.0577626303311448,0.3429848782571576,-0.04773717650090926,True
2636,0.19047619047619047,0.6507936507936507,0.061697640628192926,0.343632514747037,-0.051183907675543094,True
2637,0.20634920634920634,0.6507936507936507,0.06552402125169614,0.3411062145884225,-0.0549223133099946,True
2638,0.2222222222222222,0.6507936507936507,0.06911109897051407,0.3354626175653741,-0.05890481360121181,True
2639,0.23809523809523808,0.6507936507936507,0.07232853223732603,0.3269050817589716,-0.06308276194798376,True
2640,0.25396825396825395,0.6507936507936507,0.07526692579749558,0.3157801329868216,-0.06736424055507358,True
2641,0.2698412698412698,0.6507936507936507,0.0777863865199915,0.30241614168916703,-0.0716935382292289,True
2642,0.2857142857142857,0.6507936507936507,0.07989607664758185,0.2872488524275029,-0.076000969287235,True
2643,0.30158730158730157,0.6507936507936507,0.0816251951459071,0.27072593197362094,-0.08022273059605768,True
2644,0.31746031746031744,0.6507936507936507,0.08294118789977831,0.25322602981870695,-0.08431331891641593,True
2645,0.3333333333333333,0.6507936507936507,0.08389285646644622,0.23510782116238002,-0.08821049509464357,True
2646,0.3492063492063492,0.6507936507936507,0.08454745155438145,0.2167186733700756,-0.09190179148437838,True
2647,0.36507936507936506,0.6507936507936507,0.08490504782127824,0.1982562103363851,-0.09534232233049021,True
2648,0.38095238095238093,0.6507936507936507,0.08501274092655711,0.17990798860328586,-0.09851911833568652,True
2649,0.3968253968253968,0.6507936507936507,0.08489515615792363,0.1617833424480909,-0.10140765804122041,True
2650,0.4126984126984127,0.6507936507936507,0.08458743200955751,0.1439492635507749,-0.1040304602089011,True
2651,0.42857142857142855,0.6507936507936507,0.08407806033828724,0.12641581341091462,-0.10634676855656605,True
2652,0.4444444444444444,0.6507936507936507,0.08337932160286929,0.10918147217322803,-0.10836348880722085,True
2653,0.4603174603174603,0.6507936507936507,0.08247614145076765,0.09220628614660609,-0.11007780245934541,True
2654,0.47619047619047616,0.6507936507936507,0.0813715877039349,0.07546952877996384,-0.11149029105407628,True
2655,0.49206349206349204,0.6507936507936507,0.08004228728351775,0.05891323750784505,-0.11258872425023136,True
2656,0.5079365079365079,0.6507936507936507,0.07847580526933429,0.042507951309653014,-0.11337004168878347,True
2657,0.5238095238095237,0.6507936507936507,0.07664853844949115,0.02618161540729083,-0.11386013014414534,True
2658,0.5396825396825397,0.6507936507936507,0.07454370338716372,0.009912941966166017,-0.11401364055800656,True
2659,0.5555555555555556,0.6507936507936507,0.0721462358751323,-0.006346465719060839,-0.11386342695217043,True
2660,0.5714285714285714,0.6507936507936507,0.06943529947730276,-0.022593703504651015,-0.11340590275474945,True
2661,0.5873015873015872,0.6507936507936507,0.06640096560910397,-0.03890535464251186,-0.11263096098041514,True
2662,0.6031746031746031,0.6507936507936507,0.06303072399673108,-0.05527597906817739,-0.11156767169489488,True
2663,0.6190476190476191,0.6507936507936507,0.059315905668668005,-0.0717295377934103,-0.11020472833330451,True
2664,0.6349206349206349,0.6507936507936507,0.055241400193278084,-0.08825064654386094,-0.10855512195887271,True
2665,0.6507936507936507,0.6507936507936507,0.05079858895509138,-0.104834005642923,-0.10663056789078229,True
2666,0.6666666666666666,0.6507936507936507,0.046011629692983384,-0.12150581542550287,-0.10447050511629528,True
2667,0.6825396825396826,0.6507936507936507,0.040867143356291005,-0.13821387468830207,-0.10207082327660548,True
2668,0.6984126984126984,0.6507936507936507,0.0353551667853032,-0.15493916127278087,-0.09946908015026744,True
2669,0.7142857142857142,0.6507936507936507,0.029469303857395258,-0.17167503132536216,-0.09669406461386011,True
2670,0.7301587301587301,0.6507936507936507,0.023290291193206233,-0.18850510219846034,-0.09378539039645395,True
2671,0.746031746031746,0.6507936507936507,0.01671852787716842,-0.2054717870449534,-0.09076331854434837,True
2672,0.7619047619047619,0.6507936507936507,0.009767370382916567,-0.22285251905116327,-0.08767490261670337,True
2673,0.7777777777777777,0.6507936507936507,0.0023832309736528516,-0.24109403248400893,-0.0845453535059428,True
2674,0.7936507936507936,0.6507936507936507,-0.005507820203655675,-0.2609922340877774,-0.08139756811993223,True
2675,0.8095238095238095,0.6507936507936507,-0.014100286168034593,-0.2836450382695368,-0.07824470382145186,True
2676,0.8253968253968254,0.6507936507936507,-0.023575287722671517,-0.3108094638100707,-0.07506143024477413,True
2677,0.8412698412698412,0.6507936507936507,-0.034081160550003674,-0.34447099216131966,-0.07182613681316412,True
2678,0.8571428571428571,0.6507936507936507,-0.045601861934938905,-0.3866781608357926,-0.0684673802779961,True
2679,0.873015873015873,0.6507936507936507,-0.057636594720594875,-0.43812709349008644,-0.06490847282278427,True
2680,0.8888888888888888,0.6507936507936507,-0.0687502347879654,-0.49611946408487095,-0.061101892220760984,True
2681,0.9047619047619047,0.6507936507936507,-0.07637764493347671,-0.551966139393276,-0.05707863388176109,True
2682,0.9206349206349206,0.6507936507936507,-0.07689713269827757,-0.5879359795499521,-0.05304475901968265,True
2683,0.9365079365079365,0.6507936507936507,-0.06777748751164218,-0.5816920461944265,-0.04952152771014467,True
2684,0.9523809523809523,0.6507936507936507,-0.049538243760749064,-0.5142508754877488,-0.047104559861542064,True
2685,0.9682539682539681,0.6507936507936507,-0.026960393003469682,-0.3822297263945414,-0.04621249408281994,True
2686,0.9841269841269841,0.6507936507936507,-0.007893381881487027,-0.2025744157209369,-0.04674259345205457,True
2687,1.0,0.6507936507936507,6.432593372436447e-08,-0.00010855032575922985,-0.04806040471490717,True
2688,0.0,0.6666666666666666,7.500381447745956e-08,-1.2762725302668327e-05,-0.03469600254399636,True
2689,0.015873015873015872,0.6666666666666666,0.0020012779816659127,0.058054260228019884,-0.03435642703219201,True
2690,0.031746031746031744,0.6666666666666666,0.007098374043567809,0.11312363687904572,-0.03414120052130989,True
2691,0.047619047619047616,0.6666666666666666,0.014093850780516884,0.1634691264299503,-0.03414021651787571,True
2692,0.06349206349206349,0.6666666666666666,0.021928170965801533,0.207472855141304,-0.03441703119338717,True
2693,0.07936507936507936,0.6666666666666666,0.029778257157913515,0.2442079818037842,-0.03502521394207999,True
2694,0.09523809523809523,0.6666666666666666,0.037159586660631856,0.273718353084783,-0.03600503733585988,True
2695,0.1111111111111111,0.6666666666666666,0.04389452989984549,0.2966070165830334,-0.03737587117063481,True
2696,0.12698412698412698,0.6666666666666666,0.05002583555690564,0.3137817421893359,-0.039144081769953286,True
2697,0.14285714285714285,0.6666666666666666,0.055664481697628096,0.3260698652595427,-0.041311433442458474,True
2698,0.15873015873015872,0.6666666666666666,0.06096604416665389,0.3341399957914081,-0.043867528113001764,True
2699,0.1746031746031746,0.6666666666666666,0.06602482410829133,0.33844222621563586,-0.046795154893036636,True
2700,0.19047619047619047,0.6666666666666666,0.07089731227259626,0.3393219997212881,-0.05006655445537081,True
2701,0.20634920634920634,0.6666666666666666,0.07556090586507873,0.3369840169054272,-0.05364467301271619,True
2702,0.2222222222222222,0.6666666666666666,0.0799646368992746,0.3316155341989222,-0.05748276988329569,True
2703,0.23809523809523808,0.6666666666666666,0.08404709540205861,0.3234197733369971,-0.06152169997417698,True
2704,0.25396825396825395,0.6666666666666666,0.08773622572522995,0.3126807308471913,-0.06569965028049655,True
2705,0.2698412698412698,0.6666666666666666,0.09099963151233983,0.2997512814857591,-0.06994672788326733,True
2706,0.2857142857142857,0.6666666666666666,0.09377186151476948,0.28501278016496845,-0.07420032609980144,True
2707,0.30158730158730157,0.6666666666666666,0.09612887115143835,0.26891945090667624,-0.07839403361765977,True
2708,0.31746031746031744,0.6666666666666666,0.09802506239794308,0.25182127222455153,-0.08247467433488387,True
2709,0.3333333333333333,0.6666666666666666,0.09949940375649396,0.23407280572964315,-0.08638540590378523,True
2710,0.3492063492063492,0.6666666666666666,0.10061916540842744,0.2160111804049184,-0.09010182158415216,True
2711,0.36507936507936506,0.6666666666666666,0.10138772110835519,0.19783918116234475,-0.09358360651426641,True
2712,0.38095238095238093,0.6666666666666666,0.1018608238313482,0.17975007970761014,-0.09680269456026766,True
2713,0.3968253968253968,0.6666666666666666,0.1020691157283563,0.16186037677935236,-0.09976378760969544,True
2714,0.4126984126984127,0.6666666666666666,0.10202730370994488,0.1442379660319786,-0.10242525366801462,True
2715,0.42857142857142855,0.6666666666666666,0.1017538822338833,0.12691080536502058,-0.10479612878025953,True
2716,0.4444444444444444,0.6666666666666666,0.10125712617224428,0.10988485861169625,-0.10686542744878981,True
2717,0.4603174603174603,0.6666666666666666,0.10052778831671963,0.09313200570726035,-0.10862601037921567,True
2718,0.47619047619047616,0.6666666666666666,0.09955914297922988,0.07661763709823383,-0.11007829148994394,True
2719,0.49206349206349204,0.6666666666666666,0.09834360085539696,0.060324544110827036,-0.1112074210946132,True
2720,0.5079365079365079,0.6666666666666666,0.09684721404106822,0.0441553227751392,-0.11202121128819646,True
2721,0.5238095238095237,0.6666666666666666,0.09507070180742137,0.028121761909517866,-0.11251920267147958,True
2722,0.5396825396825397,0.6666666666666666,0.09298186076633261,0.012176182159374722,-0.11269303171174934,True
2723,0.5555555555555556,0.6666666666666666,0.090565952152556,-0.0037840383378118275,-0.11253766096976449,True
2724,0.5714285714285714,0.6666666666666666,0.08780225937350535,-0.01969247015518165,-0.11207604426318243,True
2725,0.5873015873015872,0.6666666666666666,0.08467954912116508,-0.035662836024695325,-0.11129390210956353,True
2726,0.6031746031746031,0.6666666666666666,0.0811718037685741,-0.051663641474825966,-0.11019025966259577,True
2727,0.6190476190476191,0.6666666666666666,0.07727080798718115,-0.06772612813682154,-0.10879332818312755,True
2728,0.6349206349206349,0.6666666666666666,0.0729720127006904,-0.08386959114740124,-0.10710990738394348,True
2729,0.6507936507936507,0.6666666666666666,0.06824749168473906,-0.10006632336927898,-0.1051424961610971,True
2730,0.6666666666666666,0.6666666666666666,0.06312243165532669,-0.11634649717687658,-0.10292307876637251,True
2731,0.6825396825396826,0.6666666666666666,0.05756138727503322,-0.13265196749202313,-0.1004650959324528,True
2732,0.6984126984126984,0.6666666666666666,0.05159955896182578,-0.14900215407057654,-0.0978000884784032,True
2733,0.7142857142857142,0.6666666666666666,0.045214393732050655,-0.16537433244356645,-0.09496102667396579,True
2734,0.7301587301587301,0.6666666666666666,0.038428583783070104,-0.18180897669219598,-0.09198243601460092,True
2735,0.746031746031746,0.6666666666666666,0.03122394229047755,-0.1983923992709189,-0.0888994656318611,True
2736,0.7619047619047619,0.6666666666666666,0.023632505033351212,-0.2153736708276274,-0.08575480193521727,True
2737,0.7777777777777777,0.6666666666666666,0.015568455402991614,-0.23314290606957735,-0.08257601117438239,True
2738,0.7936507936507936,0.6666666666666666,0.007008755792371481,-0.2524357153459747,-0.07940000781593363,True
2739,0.8095238095238095,0.6666666666666666,-0.0021962666824036276,-0.2743812519702957,-0.07622869001600892,True
2740,0.8253968253968254,0.6666666666666666,-0.01218336085922479,-0.3005842300973701,-0.0730698264514312,True
2741,0.8412698412698412,0.6666666666666666,-0.02315577427055973,-0.33320334542133745,-0.06988629331603466,True
2742,0.8571428571428571,0.6666666666666666,-0.03518373216613498,-0.3744723314090423,-0.06662595023817251,True
2743,0.873015873015873,0.6666666666666666,-0.04791748567024804,-0.42571873512905833,-0.06322696993971734,True
2744,0.8888888888888888,0.6666666666666666,-0.06020306521794783,-0.4854814828016521,-0.059620306026886546,True
2745,0.9047619047619047,0.6666666666666666,-0.06956863901511086,-0.5459840733033882,-0.055815389802384555,True
2746,0.9206349206349206,0.6666666666666666,-0.0725410860664381,-0.5907458778938607,-0.05198695532745633,True
2747,0.9365079365079365,0.6666666666666666,-0.06585361628543779,-0.5949852955035164,-0.04856553265366236,True
2748,0.9523809523809523,0.6666666666666666,-0.04925833813587212,-0.5353674192132024,-0.0461588905505925,True
2749,0.9682539682539681,0.6666666666666666,-0.027285085554511774,-0.40453378814536584,-0.045227177647221756,True
2750,0.9841269841269841,0.6666666666666666,-0.008077277648248232,-0.21730348458304985,-0.04573106716018399,True
2751,1.0,0.6666666666666666,-2.8083233519337806e-08,9.309525341477128e-05,-0.04707012399959295,True
2752,0.0,0.6825396825396826,1.130337315252317e-07,-6.389486250478564e-06,-0.03483008149739587,True
2753,0.015873015873015872,0.6825396825396826,0.0019937512982258886,0.05430619316469547,-0.0344887121394079,True
2754,0.031746031746031744,0.6825396825396826,0.0071664824689505425,0.10679603217631155,-0.03425208626787557,True
2755,0.047619047619047616,0.6825396825396826,0.014432882642547289,0.15568256728149768,-0.03420338009300483,True
2756,0.06349206349206349,0.6825396825396826,0.02277610016937777,0.19916933922260155,-0.0344014837634941,True
2757,0.07936507936507936,0.6825396825396826,0.03136808059194134,0.23610910353537753,-0.0349010578562336,True
2758,0.09523809523809523,0.6825396825396826,0.03966529225689231,0.266153952845267,-0.03574158261855521,True
2759,0.1111111111111111,0.6825396825396826,0.04740855602786458,0.2896702381752259,-0.03694992775691688,True
2760,0.12698412698412698,0.6825396825396826,0.05456451501869599,0.30738865715992036,-0.038539596785055474,True
2761,0.14285714285714285,0.6825396825396826,0.06122376600612042,0.3201010095318878,-0.040515197922032134,True
2762,0.15873015873015872,0.6825396825396826,0.06750559469832296,0.32847639350608276,-0.042874654802668596,True
2763,0.1746031746031746,0.6825396825396826,0.07352933992871619,0.3330181856389771,-0.04560031674950842,True
2764,0.19047619047619047,0.6825396825396826,0.07931464663309865,0.33409477129974924,-0.048677629627564105,True
2765,0.20634920634920634,0.6825396825396826,0.08487401644543784,0.33199574772077134,-0.0520730178984209,True
2766,0.2222222222222222,0.6825396825396826,0.09014252850958462,0.3269172344442371,-0.05574681588230515,True
2767,0.23809523809523808,0.6825396825396826,0.09509964603012852,0.31910403916187396,-0.059639109717793716,True
2768,0.25396825396825395,0.6825396825396826,0.09962137895195505,0.3087928602248816,-0.06369855582294465,True
2769,0.2698412698412698,0.6825396825396826,0.10369414730956666,0.2963501780786795,-0.067856991090312,True
2770,0.2857142857142857,0.6825396825396826,0.10722572848104078,0.28208952462335374,-0.07204953080315564,True
2771,0.30158730158730157,0.6825396825396826,0.11028971179216404,0.2664683613549472,-0.07620859156743971,True
2772,0.31746031746031744,0.6825396825396826,0.11283747079087852,0.24981990821883843,-0.08027834998619564,True
2773,0.3333333333333333,0.6825396825396826,0.11492748613431854,0.23251132091674123,-0.08420936239600503,True
2774,0.3492063492063492,0.6825396825396826,0.11656902729617875,0.2148142322234182,-0.08795324291522334,True
2775,0.36507936507936506,0.6825396825396826,0.11784658500336022,0.19700206981097998,-0.09148439996317671,True
2776,0.38095238095238093,0.6825396825396826,0.11875106012642088,0.17921963179311673,-0.09476514574125437,True
2777,0.3968253968253968,0.6825396825396826,0.11931729465500447,0.16159488404467573,-0.0977699623482981,True
2778,0.4126984126984127,0.6825396825396826,0.11963632827912057,0.14425433508988034,-0.1005079500342034,True
2779,0.42857142857142855,0.6825396825396826,0.11962359360965132,0.1271577280965565,-0.10293102952819896,True
2780,0.4444444444444444,0.6825396825396826,0.11938703345006484,0.11039424160729716,-0.10506549043125298,True
2781,0.4603174603174603,0.6825396825396826,0.11884896652321618,0.09387655089493138,-0.10688066976909022,True
2782,0.47619047619047616,0.6825396825396826,0.11805982347214432,0.07765096414907162,-0.10837502419289435,True
2783,0.49206349206349204,0.6825396825396826,0.11696311655532758,0.0616053228356036,-0.10955302885944296,True
2784,0.5079365079365079,0.6825396825396826,0.11557222239282527,0.04575712231823589,-0.11040529194723542,True
2785,0.5238095238095237,0.6825396825396826,0.11385054261154713,0.030035391301735624,-0.11090801898182111,True
2786,0.5396825396825397,0.6825396825396826,0.11178863262734545,0.014405454212597712,-0.11110305740016121,True
2787,0.5555555555555556,0.6825396825396826,0.10936235269127169,-0.0011703684479860608,-0.1109620461050936,True
2788,0.5714285714285714,0.6825396825396826,0.10654706331786412,-0.016722008124135945,-0.110477760141267,True
2789,0.5873015873015872,0.6825396825396826,0.10333354127437633,-0.03229469614408462,-0.10968363202020656,True
2790,0.6031746031746031,0.6825396825396826,0.09968723650804222,-0.04787207475183735,-0.1085669360190896,True
2791,0.6190476190476191,0.6825396825396826,0.09561269587930188,-0.06353578595839536,-0.10713536283961027,True
2792,0.6349206349206349,0.6825396825396826,0.09107493955761353,-0.0792345452746347,-0.10539901251262235,True
2793,0.6507936507936507,0.6825396825396826,0.08606700986203013,-0.09499293169830345,-0.10338698943847613,True
2794,0.6666666666666666,0.6825396825396826,0.08058184670659949,-0.11080886557425774,-0.10110561813464126,True
2795,0.6825396825396826,0.6825396825396826,0.07461753907390703,-0.12667089159533437,-0.0985811133219453,True
2796,0.6984126984126984,0.6825396825396826,0.06817132729374012,-0.14256945636640775,-0.09584689897638837,True
2797,0.7142857142857142,0.6825396825396826,0.06125478643874423,-0.15850848876208753,-0.09293525184112703,True
2798,0.7301587301587301,0.6825396825396826,0.05384899204570834,-0.17449940706883524,-0.08987876622817746,True
2799,0.746031746031746,0.6825396825396826,0.045993208327750265,-0.19065917059605236,-0.08672210723166479,True
2800,0.7619047619047619,0.6825396825396826,0.03768520528693052,-0.20719300821117284,-0.0835043270002952,True
2801,0.7777777777777777,0.6825396825396826,0.02890506585823837,-0.22449118585185857,-0.0802662745736531,True
2802,0.7936507936507936,0.6825396825396826,0.019608738938965732,-0.2432309738975467,-0.07703299708915225,True
2803,0.8095238095238095,0.6825396825396826,0.009739979484134048,-0.2644874878093918,-0.07383235784846912,True
2804,0.8253968253968254,0.6825396825396826,-0.0008917978676872565,-0.2898398686409474,-0.07065595620037018,True
2805,0.8412698412698412,0.6825396825396826,-0.01241650206492945,-0.3214386650125633,-0.06749139166864455,True
2806,0.8571428571428571,0.6825396825396826,-0.024971866867467055,-0.36165783219866127,-0.06429620613474314,True
2807,0.873015873015873,0.6825396825396826,-0.03838456067763767,-0.41246144862966605,-0.0610036100902553,True
2808,0.8888888888888888,0.6825396825396826,-0.0517285664248284,-0.4733587637651371,-0.057553836197932515,True
2809,0.9047619047619047,0.6825396825396826,-0.0628347992831283,-0.5381605328098257,-0.053937812170050406,True
2810,0.9206349206349206,0.6825396825396826,-0.06809874145666421,-0.5908845411730116,-0.05028376704399942,True
2811,0.9365079365079365,0.6825396825396826,-0.06387778361870768,-0.6058820659727348,-0.046976697988201956,True
2812,0.9523809523809523,0.6825396825396826,-0.049043353083236346,-0.5553202302010545,-0.04458839075153687,True
2813,0.9682539682539681,0.6825396825396826,-0.027695760234864173,-0.4266137860086438,-0.04361883577909387,True
2814,0.9841269841269841,0.6825396825396826,-0.008303745420163041,-0.2323681099895626,-0.04410387521177021,True
2815,1.0,0.6825396825396826,4.620005477821408e-09,1.7124178496536088e-05,-0.045473021612887576,True
2816,0.0,0.6984126984126984,-1.3104064396811646e-07,-1.4837867762784511e-05,-0.034845936815927445,True
2817,0.015873015873015872,0.6984126984126984,0.001951317059649797,0.05054216226804928,-0.034509368387768836,True
2818,0.031746031746031744,0.6984126984126984,0.007103869620976789,0.10038452076509723,-0.03425709006081849,True
2819,0.047619047619047616,0.6984126984126984,0.014496573521944162,0.147578066854371,-0.034163729546473946,True
2820,0.06349206349206349,0.6984126984126984,0.023187479550471617,0.19033006079909037,-0.034283625967978494,True
2821,0.07936507936507936,0.6984126984126984,0.032370656706774144,0.22722313170924105,-0.034665294377319834,True
2822,0.09523809523809523,0.6984126984126984,0.041437966669357104,0.25764518160472105,-0.03535714717690968,True
2823,0.1111111111111111,0.6984126984126984,0.05010654852639125,0.28173880580396116,-0.03638387982754845,True
2824,0.12698412698412698,0.6984126984126984,0.058252279351853155,0.29997835597578265,-0.03776719893668232,True
2825,0.14285714285714285,0.6984126984126984,0.06589209088184496,0.3131349378557312,-0.03953097653249262,True
2826,0.15873015873015872,0.6984126984126984,0.07319167819111803,0.3218611576665608,-0.041659835416319985,True
2827,0.1746031746031746,0.6984126984126984,0.08015973143244089,0.3266340170351706,-0.04416361372520629,True
2828,0.19047619047619047,0.6984126984126984,0.08686129150294304,0.3279402513064588,-0.0470305221586804,True
2829,0.20634920634920634,0.6984126984126984,0.09334391002886858,0.3260879405704048,-0.050222138387427576,True
2830,0.2222222222222222,0.6984126984126984,0.099569897060554,0.3213399996872221,-0.05370430953408196,True
2831,0.23809523809523808,0.6984126984126984,0.1053829376693684,0.31386862767204277,-0.05744338970697616,True
2832,0.25396825396825395,0.6984126984126984,0.11083351109763875,0.3040553564602666,-0.06137084544456966,True
2833,0.2698412698412698,0.6984126984126984,0.11575895001354564,0.29208852681419173,-0.06542865011640439,True
2834,0.2857142857142857,0.6984126984126984,0.12017774973397971,0.2784010828875727,-0.06955310623296151,True
2835,0.30158730158730157,0.6984126984126984,0.12402995028295097,0.2633014563342929,-0.07367660644259971,True
2836,0.31746031746031744,0.6984126984126984,0.1273111978170481,0.24715649049378588,-0.07773887570448786,True
2837,0.3333333333333333,0.6984126984126984,0.1300761902196641,0.23031660755066863,-0.0816848643705957,True
2838,0.3492063492063492,0.6984126984126984,0.13237588827709276,0.21307954586787003,-0.08546498040735757,True
2839,0.36507936507936506,0.6984126984126984,0.1342077125795692,0.19565831229097305,-0.08903823128245975,True
2840,0.38095238095238093,0.6984126984126984,0.13562193158301883,0.178243057006033,-0.09238862969226146,True
2841,0.3968253968253968,0.6984126984126984,0.1366542907150184,0.1609652332324778,-0.09546861932400992,True
2842,0.4126984126984127,0.6984126984126984,0.13734619072059095,0.1439198842710965,-0.09827080656363894,True
2843,0.42857142857142855,0.6984126984126984,0.13769407496046507,0.1271378489712158,-0.10077553625177746,True
2844,0.4444444444444444,0.6984126984126984,0.13772108854376522,0.11064100474526153,-0.10296950667155479,True
2845,0.4603174603174603,0.6984126984126984,0.13744815577205288,0.09444525004496106,-0.10484735426492368,True
2846,0.47619047619047616,0.6984126984126984,0.13684350248154056,0.07849698171635518,-0.10640219714458914,True
2847,0.49206349206349204,0.6984126984126984,0.13591102105281774,0.06277819778137148,-0.10762700872194715,True
2848,0.5079365079365079,0.6984126984126984,0.13463498493377143,0.047272352337922145,-0.10850334140077779,True
2849,0.5238095238095237,0.6984126984126984,0.13299379263266542,0.03189236663005121,-0.10905939745069482,True
2850,0.5396825396825397,0.6984126984126984,0.13096690320967982,0.01663781528604668,-0.10925877638119534,True
2851,0.5555555555555556,0.6984126984126984,0.12853608134694455,0.0014518680505269917,-0.10911786448991682,True
2852,0.5714285714285714,0.6984126984126984,0.1256831637936885,-0.013683246408325793,-0.10865421325522395,True
2853,0.5873015873015872,0.6984126984126984,0.12237564023904392,-0.028809190724572407,-0.10783633383273737,True
2854,0.6031746031746031,0.6984126984126984,0.11859935000516832,-0.043951432617669435,-0.10669029964636849,True
2855,0.6190476190476191,0.6984126984126984,0.11432878735242805,-0.05911020783673451,-0.10522792395987672,True
2856,0.6349206349206349,0.6984126984126984,0.1095562964708344,-0.0743321313317735,-0.10345132464174268,True
2857,0.6507936507936507,0.6984126984126984,0.10424778723873512,-0.0895832265015266,-0.10137789468428976,True
2858,0.6666666666666666,0.6984126984126984,0.09841021438314689,-0.10489577850840386,-0.09903575883547705,True
2859,0.6825396825396826,0.6984126984126984,0.09201364915024439,-0.12023218365736084,-0.09643966785683143,True
2860,0.6984126984126984,0.6984126984126984,0.08508371229221974,-0.1356273323948948,-0.09363353770608468,True
2861,0.7142857142857142,0.6984126984126984,0.07758788419913046,-0.1510395992118705,-0.09063234356919775,True
2862,0.7301587301587301,0.6984126984126984,0.06957538825894775,-0.1665480113443364,-0.08749305806664166,True
2863,0.746031746031746,0.6984126984126984,0.06102814632281872,-0.18222500201884534,-0.08425193427195338,True
2864,0.7619047619047619,0.6984126984126984,0.051961422675308275,-0.1982663333072276,-0.08094667415437765,True
2865,0.7777777777777777,0.6984126984126984,0.04241074314349224,-0.21507328303732687,-0.07762512452066396,True
2866,0.7936507936507936,0.6984126984126984,0.032365267928436116,-0.23329271647962915,-0.07432498617313071,True
2867,0.8095238095238095,0.6984126984126984,0.021712721419433405,-0.25390387629492783,-0.07105914079717547,True
2868,0.8253968253968254,0.6984126984126984,0.010404227552707791,-0.2784802660691533,-0.06784281340618889,True
2869,0.8412698412698412,0.6984126984126984,-0.0017480034017158784,-0.3090803532492593,-0.06466262302603211,True
2870,0.8571428571428571,0.6984126984126984,-0.014889025532184507,-0.3482922349561263,-0.06148088098483719,True
2871,0.873015873015873,0.6984126984126984,-0.028968658998125608,-0.3983797212195631,-0.05825144777932664,True
2872,0.8888888888888888,0.6984126984126984,-0.04331259993368255,-0.459954727945505,-0.05489830104983052,True
2873,0.9047619047619047,0.6984126984126984,-0.05600770677111783,-0.528159702952264,-0.05141798879139457,True
2874,0.9206349206349206,0.6984126984126984,-0.06361299499793954,-0.588641529196879,-0.04791368382344205,True
2875,0.9365079365079365,0.6984126984126984,-0.061911621211087176,-0.6146309626007608,-0.04470276421109918,True
2876,0.9523809523809523,0.6984126984126984,-0.04889145222225927,-0.5737411569502429,-0.04232730114789595,True
2877,0.9682539682539681,0.6984126984126984,-0.028218624541582624,-0.44867721816859363,-0.04133387054113898,True
2878,0.9841269841269841,0.6984126984126984,-0.008585995941090553,-0.24769288323401586,-0.04179663280761423,True
2879,1.0,0.6984126984126984,-1.231735683996948e-07,-0.00014444386447392174,-0.04320861196080282,True
2880,0.0,0.7142857142857142,1.1030134082852412e-07,2.7896905193188294e-05,-0.03476248465707183,True
2881,0.015873015873015872,0.7142857142857142,0.0018795755145639007,0.04695938575597856,-0.03443489222501289,True
2882,0.031746031746031744,0.7142857142857142,0.006908646028889864,0.09393857479043735,-0.03417273520753385,True
2883,0.047619047619047616,0.7142857142857142,0.014284886775199618,0.13936786383871663,-0.03404094731067608,True
2884,0.06349206349206349,0.7142857142857142,0.023158038722892554,0.18111557152508104,-0.03407914276251828,True
2885,0.07936507936507936,0.7142857142857142,0.03274919878554812,0.21772752659299696,-0.034338863528582106,True
2886,0.09523809523809523,0.7142857142857142,0.04248394926611452,0.24837178213268166,-0.03485826558301174,True
2887,0.1111111111111111,0.7142857142857142,0.05194280201362565,0.2729118062835716,-0.03569050265732539,True
2888,0.12698412698412698,0.7142857142857142,0.06098515622779663,0.291648438658524,-0.03685283619536493,True
2889,0.14285714285714285,0.7142857142857142,0.06962104252357444,0.3052056467471016,-0.03836125279048921,True
2890,0.15873015873015872,0.7142857142857142,0.07784446109284694,0.3142382854738099,-0.04025118407240548,True
2891,0.1746031746031746,0.7142857142857142,0.08580932763630499,0.3193315306638843,-0.04250439607360053,True
2892,0.19047619047619047,0.7142857142857142,0.09349987310982502,0.3208568514995971,-0.04512232642260154,True
2893,0.20634920634920634,0.7142857142857142,0.1009484786365008,0.31928848524348874,-0.048091269214244045,True
2894,0.2222222222222222,0.7142857142857142,0.10809346243026986,0.3147978801874089,-0.05137530561673003,True
2895,0.23809523809523808,0.7142857142857142,0.11488686672580473,0.3077695365549783,-0.05494209750723412,True
2896,0.25396825396825395,0.7142857142857142,0.12128552336459009,0.2983998805340772,-0.05872504046695455,True
2897,0.2698412698412698,0.7142857142857142,0.1271091714601484,0.28693231346715364,-0.0626794769556516,True
2898,0.2857142857142857,0.7142857142857142,0.13242010533703258,0.2737729610948484,-0.06672567135820441,True
2899,0.30158730158730157,0.7142857142857142,0.13717093625887405,0.2592685672235115,-0.07080804027638074,True
2900,0.31746031746031744,0.7142857142857142,0.14133937389527895,0.24372578689902816,-0.07486214491632368,True
2901,0.3333333333333333,0.7142857142857142,0.14489758868884448,0.22742810169757322,-0.07882309714218855,True
2902,0.3492063492063492,0.7142857142857142,0.14791106067030016,0.21068992421913701,-0.08264237004289036,True
2903,0.36507936507936506,0.7142857142857142,0.15039026865829536,0.19372902025579306,-0.08627977177119997,True
2904,0.38095238095238093,0.7142857142857142,0.15237224896842408,0.17672375883160457,-0.0896836739626275,True
2905,0.3968253968253968,0.7142857142857142,0.1539754475807282,0.15987358128505708,-0.09284898797638882,True
2906,0.4126984126984127,0.7142857142857142,0.1551000387925027,0.1431752481992084,-0.09572535821451351,True
2907,0.42857142857142855,0.7142857142857142,0.15587459034046658,0.1267627294546697,-0.09832005181917856,True
2908,0.4444444444444444,0.7142857142857142,0.15623848881162394,0.11060458357982278,-0.10058600204224735,True
2909,0.4603174603174603,0.7142857142857142,0.15625053407070869,0.09474741037463388,-0.10253645744772846,True
2910,0.47619047619047616,0.7142857142857142,0.15589231342296625,0.07915228189323215,-0.10416072212695736,True
2911,0.49206349206349204,0.7142857142857142,0.15514829844358174,0.063793799477958,-0.10543406876862929,True
2912,0.5079365079365079,0.7142857142857142,0.1540211412479987,0.0486564749156254,-0.10637469275688188,True
2913,0.5238095238095237,0.7142857142857142,0.1524741244189576,0.03367259644342112,-0.10695000525261929,True
2914,0.5396825396825397,0.7142857142857142,0.15050577648649552,0.018844415555601887,-0.10718372001111814,True
2915,0.5555555555555556,0.7142857142857142,0.1480843843796758,0.004101763329693199,-0.10706144835991313,True
2916,0.5714285714285714,0.7142857142857142,0.1451898815285135,-0.010594095055220592,-0.10657947016380401,True
2917,0.5873015873015872,0.7142857142857142,0.14179085146672335,-0.025197309660733934,-0.10575447199039194,True
2918,0.6031746031746031,0.7142857142857142,0.1378875212480857,-0.03985328328946827,-0.10459534937810872,True
2919,0.6190476190476191,0.7142857142857142,0.13343147234597882,-0.05449170887196449,-0.10309610618768418,True
2920,0.6349206349206349,0.7142857142857142,0.12840959857085218,-0.06915956802219708,-0.10127453312390353,True
2921,0.6507936507936507,0.7142857142857142,0.12279997764599501,-0.08385498540671969,-0.09914739518941933,True
2922,0.6666666666666666,0.7142857142857142,0.11658554395952456,-0.09857448088123984,-0.09673882590224962,True
2923,0.6825396825396826,0.7142857142857142,0.10976548786709137,-0.11334427774677075,-0.09407094540246123,True
2924,0.6984126984126984,0.7142857142857142,0.10231481041556438,-0.12813261798369596,-0.09117652378374269,True
2925,0.7142857142857142,0.7142857142857142,0.09425915928719958,-0.14298730268167933,-0.08808975809894277,True
2926,0.7301587301587301,0.7142857142857142,0.08559503799333157,-0.15792414342401404,-0.08485411514690194,True
2927,0.746031746031746,0.7142857142857142,0.07632318224839112,-0.17304519156903628,-0.08151336311569174,True
2928,0.7619047619047619,0.7142857142857142,0.06651804326609054,-0.1885771650169033,-0.0781101962248038,True
2929,0.7777777777777777,0.7142857142857142,0.05616887576547658,-0.20487255156422732,-0.07469306520290599,True
2930,0.7936507936507936,0.7142857142857142,0.045256552983826165,-0.22252996408203476,-0.07129007561274611,True
2931,0.8095238095238095,0.7142857142857142,0.03383897858053197,-0.24256214774469198,-0.06794285957530552,True
2932,0.8253968253968254,0.7142857142857142,0.021781035380836703,-0.26642851228804965,-0.06465180458238717,True
2933,0.8412698412698412,0.7142857142857142,0.008934631699233064,-0.2961542209569035,-0.061410432239155974,True
2934,0.8571428571428571,0.7142857142857142,-0.004824662617168088,-0.3343152404777368,-0.05820020442762192,True
2935,0.873015873015873,0.7142857142857142,-0.01956796149286849,-0.3835676530394542,-0.05497131890823407,True
2936,0.8888888888888888,0.7142857142857142,-0.034861003254245,-0.44533358232412507,-0.05166063850981337,True
2937,0.9047619047619047,0.7142857142857142,-0.04906949266889121,-0.5162163695017354,-0.048253238463572504,True
2938,0.9206349206349206,0.7142857142857142,-0.05896194361753224,-0.5837263856675714,-0.044846407274374764,True
2939,0.9365079365079365,0.7142857142857142,-0.059844882301306836,-0.6206786780330886,-0.04169525233057473,True
2940,0.9523809523809523,0.7142857142857142,-0.04887834308424291,-0.5911727295565559,-0.03933006443153533,True
2941,0.9682539682539681,0.7142857142857142,-0.028882003968177958,-0.4704838113373306,-0.03829466342599498,True
2942,0.9841269841269841,0.7142857142857142,-0.008934872955462992,-0.2636739102953474,-0.03874409814718282,True
2943,1.0,0.7142857142857142,3.989901546302738e-07,0.0001679678632355054,-0.04020861292375796,True
2944,0.0,0.7301587301587301,-7.066549587619323e-08,-2.271920753691211e-05,-0.034593785208095536,True
2945,0.015873015873015872,0.7301587301587301,0.0017658308329832769,0.04338694173400514,-0.034283068837501846,True
2946,0.031746031746031744,0.7301587301587301,0.006590324276038864,0.08774694750221494,-0.03401785232282892,True
2947,0.047619047619047616,0.7301587301587301,0.013787195653661136,0.13108587677185987,-0.03384787688953491,True
2948,0.06349206349206349,0.7301587301587301,0.022654440569442096,0.17169147499228102,-0.03381042838779415,True
2949,0.07936507936507936,0.7301587301587301,0.03247640358215438,0.20780742601509503,-0.03394023047441161,True
2950,0.09523809523809523,0.7301587301587301,0.04265166185133483,0.2384300741897695,-0.034289517125380704,True
2951,0.1111111111111111,0.7301587301587301,0.05279317579668239,0.26322765096488415,-0.03489580657095196,True
2952,0.12698412698412698,0.7301587301587301,0.06267392763025748,0.2823910563466357,-0.035805308303070785,True
2953,0.14285714285714285,0.7301587301587301,0.0721886918996299,0.29629789751871094,-0.03705083243039736,True
2954,0.15873015873015872,0.7301587301587301,0.0814108498439,0.3056649536095251,-0.03865268595581481,True
2955,0.1746031746031746,0.7301587301587301,0.0903495249908304,0.3110199986013793,-0.040632540835435216,True
2956,0.19047619047619047,0.7301587301587301,0.09902480768122812,0.3128087177085087,-0.042990612187846715,True
2957,0.20634920634920634,0.7301587301587301,0.10746117777672694,0.3114717993811176,-0.04571461255572378,True
2958,0.2222222222222222,0.7301587301587301,0.1156369241548829,0.3073358047552434,-0.04877713969487011,True
2959,0.23809523809523808,0.7301587301587301,0.12341570858428338,0.3006619616230884,-0.052157456793782656,True
2960,0.25396825396825395,0.7301587301587301,0.1308197827595138,0.29174807909774914,-0.05578685698993978,True
2961,0.2698412698412698,0.7301587301587301,0.13773343934275484,0.28088134407400767,-0.059617488339181096,True
2962,0.2857142857142857,0.7301587301587301,0.14402497298623793,0.2682960736820912,-0.06358649807619086,True
2963,0.30158730158730157,0.7301587301587301,0.14974097708008113,0.254377270200376,-0.0676201144100821,True
2964,0.31746031746031744,0.7301587301587301,0.15479226120870762,0.23941861827776642,-0.07166232739669051,True
2965,0.3333333333333333,0.7301587301587301,0.15923729868104755,0.22372892319531215,-0.0756431379696607,True
2966,0.3492063492063492,0.7301587301587301,0.1630676094027742,0.20755894271833128,-0.07950605932636812,True
2967,0.36507936507936506,0.7301587301587301,0.16632407630464402,0.19114810773669283,-0.08320336391325302,True
2968,0.38095238095238093,0.7301587301587301,0.16900003506705638,0.1746478875486006,-0.08668860279147413,True
2969,0.3968253968253968,0.7301587301587301,0.17117669011181544,0.15823474699039908,-0.08993378934778275,True
2970,0.4126984126984127,0.7301587301587301,0.17286084391632575,0.14198748449064846,-0.0929034337434652,True
2971,0.42857142857142855,0.7301587301587301,0.17409108483986033,0.12597607154125723,-0.09558166063330802,True
2972,0.4444444444444444,0.7301587301587301,0.17487417923514692,0.11023532698352011,-0.09794075581212419,True
2973,0.4603174603174603,0.7301587301587301,0.17523555800348367,0.09479032029532779,-0.09997186112622586,True
2974,0.47619047619047616,0.7301587301587301,0.17513821456758671,0.07956755778294845,-0.10166292510441399,True
2975,0.49206349206349204,0.7301587301587301,0.1746395979020509,0.06463989130207018,-0.10301363827751128,True
2976,0.5079365079365079,0.7301587301587301,0.1736785169673519,0.049915545610531714,-0.10399998065005478,True
2977,0.5238095238095237,0.7301587301587301,0.17225777255317293,0.03539794161564817,-0.1046212813471527,True
2978,0.5396825396825397,0.7301587301587301,0.17036232592219586,0.021002168119008156,-0.10488809010903656,True
2979,0.5555555555555556,0.7301587301587301,0.16796300735039046,0.006770119590865028,-0.1047816122327894,True
2980,0.5714285714285714,0.7301587301587301,0.16503561933033872,-0.0074060378612446215,-0.1043069657652599,True
2981,0.5873015873015872,0.7301587301587301,0.16157069191043025,-0.021508974107781572,-0.10348478182863144,True
2982,0.6031746031746031,0.7301587301587301,0.15752618358999865,-0.035592720043072526,-0.10229902361587577,True
2983,0.6190476190476191,0.7301587301587301,0.15287366078484235,-0.049637620951729106,-0.1007625756735317,True
2984,0.6349206349206349,0.7301587301587301,0.1475975853677751,-0.06368680686392919,-0.09889542114816574,True
2985,0.6507936507936507,0.7301587301587301,0.14169226450131717,-0.0777753453578927,-0.09672123290825285,True
2986,0.6666666666666666,0.7301587301587301,0.13511514458689303,-0.0918743001570941,-0.09424657371988507,True
2987,0.6825396825396826,0.7301587301587301,0.12783682343278713,-0.10596800593947592,-0.09149828151621724,True
2988,0.6984126984126984,0.7301587301587301,0.11986372486306668,-0.12008583722296405,-0.08851414825453688,True
2989,0.7142857142857142,0.7301587301587301,0.11122977515561555,-0.13429795002961992,-0.08533713449285096,True
2990,0.7301587301587301,0.7301587301587301,0.10191780618124448,-0.14861393985996407,-0.08200036447747043,True
2991,0.746031746031746,0.7301587301587301,0.09194669461526497,-0.16313926748082658,-0.07854762768722495,True
2992,0.7619047619047619,0.7301587301587301,0.08133675859121965,-0.1780761179339124,-0.07502969355778592,True
2993,0.7777777777777777,0.7301587301587301,0.07019409892187768,-0.19384319103139944,-0.07149525035420866,True
2994,0.7936507936507936,0.7301587301587301,0.05846129163984304,-0.2109659586605398,-0.06797755761690764,True
2995,0.8095238095238095,0.7301587301587301,0.0461863158410172,-0.23042452488843718,-0.06450903412853098,True
2996,0.8253968253968254,0.7301587301587301,0.03333072662848829,-0.2535945276455536,-0.061108866020142746,True
2997,0.8412698412698412,0.7301587301587301,0.01979608092454621,-0.28250883756834544,-0.05777466516972735,True
2998,0.8571428571428571,0.7301587301587301,0.00535373681972528,-0.3197400288550629,-0.05447179782605756,True
2999,0.873015873015873,0.7301587301587301,-0.010081132683562368,-0.3680799998682979,-0.0511761910432198,True
3000,0.8888888888888888,0.7301587301587301,-0.026280010357767173,-0.42953181914626987,-0.04784268376774991,True
3001,0.9047619047619047,0.7301587301587301,-0.042005680182738064,-0.50258963230163,-0.04443959383700119,True
3002,0.9206349206349206,0.7301587301587301,-0.05404783750746907,-0.5761080954189938,-0.04104825306535617,True
3003,0.9365079365079365,0.7301587301587301,-0.05768024847016788,-0.6242073833046792,-0.03791272910245252,True
3004,0.9523809523809523,0.7301587301587301,-0.048929660658107124,-0.6070979298494273,-0.03552082628013893,True
3005,0.9682539682539681,0.7301587301587301,-0.02972013401997862,-0.4925192898032479,-0.0344341082601063,True
3006,0.9841269841269841,0.7301587301587301,-0.009331494790127263,-0.2802248162541013,-0.034876395077826486,True
3007,1.0,0.7301587301587301,-4.91044055273723e-07,-0.00011481778392100069,-0.036392730526474903,True
3008,0.0,0.746031746031746,8.797665146112432e-09,3.384467432105488e-06,-0.034357234604949174,True
3009,0.015873015873015872,0.746031746031746,0.0016279210689751778,0.040160878876590055,-0.03406878717022939,True
3010,0.031746031746031744,0.746031746031746,0.0061316619956091195,0.08175127400820557,-0.03380690534608047,True
3011,0.047619047619047616,0.746031746031746,0.013007332394299265,0.12308556588053812,-0.033607406927905675,True
3012,0.06349206349206349,0.746031746031746,0.021665542116413732,0.1622509285148745,-0.033490169693808206,True
3013,0.07936507936507936,0.746031746031746,0.03150008690591811,0.19760962076439714,-0.03348839778818462,True
3014,0.09523809523809523,0.746031746031746,0.04195411673875118,0.2279951563694957,-0.033646071608622846,True
3015,0.1111111111111111,0.746031746031746,0.05260600223912201,0.2528809843567451,-0.03401508966056497,True
3016,0.12698412698412698,0.746031746031746,0.06318382377337403,0.2722574917085332,-0.03464890119352231,True
3017,0.14285714285714285,0.746031746031746,0.07356628898660307,0.2864891443619513,-0.035593692958726345,True
3018,0.15873015873015872,0.746031746031746,0.08371758808026163,0.2961333101151863,-0.03689324434637407,True
3019,0.1746031746031746,0.746031746031746,0.09363493284666202,0.30169531698485363,-0.038570861189823585,True
3020,0.19047619047619047,0.746031746031746,0.10333066550713872,0.30372307920985825,-0.040642247450181156,True
3021,0.20634920634920634,0.746031746031746,0.11282498789132951,0.302632710796972,-0.04309573769887034,True
3022,0.2222222222222222,0.746031746031746,0.12203754127376573,0.29879438661495894,-0.045926552833243164,True
3023,0.23809523809523808,0.746031746031746,0.13091282751317335,0.29250790321513204,-0.04909917286411893,True
3024,0.25396825396825395,0.746031746031746,0.13938114167975452,0.28405488040398486,-0.052565836632914364,True
3025,0.2698412698412698,0.746031746031746,0.14734627849509224,0.27370769479004153,-0.05627183485273984,True
3026,0.2857142857142857,0.746031746031746,0.15475924566982033,0.26175831064454846,-0.06015081390282432,True
3027,0.30158730158730157,0.746031746031746,0.16149282409478274,0.24847739980847183,-0.06414133123571074,True
3028,0.31746031746031744,0.746031746031746,0.16758240403782887,0.23418130419245944,-0.06816773089199359,True
3029,0.3333333333333333,0.746031746031746,0.17298560808514893,0.21912986285897623,-0.07216379993560848,True
3030,0.3492063492063492,0.746031746031746,0.17771691333523393,0.2035843387729937,-0.07606813913595431,True
3031,0.36507936507936506,0.746031746031746,0.18181875625177052,0.18777774201448963,-0.07983365726245005,True
3032,0.38095238095238093,0.746031746031746,0.18527789103060502,0.17185373838510382,-0.08340262598099145,True
3033,0.3968253968253968,0.746031746031746,0.18817207946174153,0.15599633257006254,-0.08673767023643018,True
3034,0.4126984126984127,0.746031746031746,0.1904422086683428,0.14022488309148448,-0.0898017571182375,True
3035,0.42857142857142855,0.746031746031746,0.19225349105495154,0.12473323492653651,-0.09258226107058354,True
3036,0.4444444444444444,0.746031746031746,0.19349965410691466,0.10945927652274402,-0.09503456733812563,True
3037,0.4603174603174603,0.746031746031746,0.19425678163372986,0.09445085616718539,-0.09716521474375452,True
3038,0.47619047619047616,0.746031746031746,0.19452118377197591,0.07972105593381762,-0.09894662436900602,True
3039,0.49206349206349204,0.746031746031746,0.19426935915800755,0.06525196059710724,-0.10035343616247959,True
3040,0.5079365079365079,0.746031746031746,0.19353087346738476,0.0510085285379836,-0.10141275336583598,True
3041,0.5238095238095237,0.746031746031746,0.1922717644882749,0.03698591128340245,-0.10209492518061844,True
3042,0.5396825396825397,0.746031746031746,0.1904564812926136,0.023103713253224342,-0.10238291006704757,True
3043,0.5555555555555556,0.746031746031746,0.18811154041939615,0.009417806418446873,-0.10231599259746697,True
3044,0.5714285714285714,0.746031746031746,0.18518026867347473,-0.004218221558196476,-0.10186304095666385,True
3045,0.5873015873015872,0.746031746031746,0.18163011804772158,-0.017706911717219054,-0.10102551268850238,True
3046,0.6031746031746031,0.746031746031746,0.1774631752423273,-0.03117813377975915,-0.09982983407516112,True
3047,0.6190476190476191,0.746031746031746,0.1726325814391914,-0.04458203289171644,-0.09827317789705749,True
3048,0.6349206349206349,0.746031746031746,0.16711411814068333,-0.05798198630411027,-0.0963640096127044,True
3049,0.6507936507936507,0.746031746031746,0.16088711673112988,-0.07135897362738243,-0.09413019033948287,True
3050,0.6666666666666666,0.746031746031746,0.15392091856558948,-0.08472497916956367,-0.09158660334420637,True
3051,0.6825396825396826,0.746031746031746,0.14621474465529347,-0.09811527992339758,-0.0887660458290343,True
3052,0.6984126984126984,0.746031746031746,0.13774110736376854,-0.11152515726762884,-0.08569301147876382,True
3053,0.7142857142857142,0.746031746031746,0.1285338299611047,-0.12502271749722388,-0.08241681243831897,True
3054,0.7301587301587301,0.746031746031746,0.11855184617720264,-0.13861108492286353,-0.07896601016334391,True
3055,0.746031746031746,0.746031746031746,0.10787246734506145,-0.1524747628924105,-0.07539596541052444,True
3056,0.7619047619047619,0.746031746031746,0.09651531727126667,-0.1668002293939887,-0.07175110275995239,True
3057,0.7777777777777777,0.746031746031746,0.08455207519728358,-0.1819699605744475,-0.06808054570012446,True
3058,0.7936507936507936,0.746031746031746,0.0719999871517783,-0.1985619402021519,-0.0644195519689332,True
3059,0.8095238095238095,0.746031746031746,0.05889326521030209,-0.21746192360204084,-0.06080386573932661,True
3060,0.8253968253968254,0.746031746031746,0.04524071064868439,-0.24005346031007863,-0.057252119090017296,True
3061,0.8412698412698412,0.746031746031746,0.030921013849241397,-0.2682021248256667,-0.05376004908899177,True
3062,0.8571428571428571,0.746031746031746,0.01580135991038157,-0.30444591746271216,-0.050320204244668265,True
3063,0.873015873015873,0.746031746031746,-0.00032924694905476213,-0.35174185368570576,-0.04689331213654426,True
3064,0.8888888888888888,0.746031746031746,-0.017408501016464264,-0.4126719585718486,-0.04344262252648503,True
3065,0.9047619047619047,0.746031746031746,-0.03450879046640887,-0.4869719048997562,-0.03995477350433437,True
3066,0.9206349206349206,0.746031746031746,-0.048820873973948346,-0.5660396439374477,-0.03649232400090418,True
3067,0.9365079365079365,0.746031746031746,-0.05532527974616099,-0.6251089351185564,-0.03329474071980333,True
3068,0.9523809523809523,0.746031746031746,-0.04903315500612813,-0.621435583046053,-0.03082538756540993,True
3069,0.9682539682539681,0.746031746031746,-0.030718895913504747,-0.5145594014071797,-0.029657500926621682,True
3070,0.9841269841269841,0.746031746031746,-0.00984073536555294,-0.29744268871795243,-0.030070511403161457,True
3071,1.0,0.746031746031746,1.3995465931545086e-07,1.2437026610550858e-05,-0.031657337549289434,True
3072,0.0,0.7619047619047619,5.07441911228266e-08,1.6465918553057326e-05,-0.03406844849125186,True
3073,0.015873015873015872,0.7619047619047619,0.001453466065193146,0.037196109103027584,-0.03380907040732217,True
3074,0.031746031746031744,0.7619047619047619,0.005532480111034197,0.07618800181962992,-0.03355761305926034,True
3075,0.047619047619047616,0.7619047619047619,0.011918643932386345,0.11543900091341425,-0.03333262183619013,True
3076,0.06349206349206349,0.7619047619047619,0.020158341795557328,0.15302644453295963,-0.03313643296735389,True
3077,0.07936507936507936,0.7619047619047619,0.029788605267861968,0.1873965789342421,-0.03299629371367992,True
3078,0.09523809523809523,0.7619047619047619,0.04030286685509936,0.2172706965385124,-0.0329526710708668,True
3079,0.1111111111111111,0.7619047619047619,0.05128065024177791,0.24196303215955345,-0.03306065093051192,True
3080,0.12698412698412698,0.7619047619047619,0.06243798972988062,0.2614095494087288,-0.033396753052104274,True
3081,0.14285714285714285,0.7619047619047619,0.07360196242894193,0.2758105233397427,-0.03401228794061994,True
3082,0.15873015873015872,0.7619047619047619,0.08461766869918112,0.285572779229213,-0.034984847349744906,True
3083,0.1746031746031746,0.7619047619047619,0.09556041611966312,0.29136539113862453,-0.03632822825349744,True
3084,0.19047619047619047,0.7619047619047619,0.10632227717424898,0.293571294361468,-0.0380831474165743,True
3085,0.20634920634920634,0.7619047619047619,0.11688185701210117,0.2927301137905672,-0.040260940115210635,True
3086,0.2222222222222222,0.7619047619047619,0.12722116202226955,0.28916124371577845,-0.042835497958174894,True
3087,0.23809523809523808,0.7619047619047619,0.13719919293432506,0.28323379095145346,-0.04579950682684864,True
3088,0.25396825396825395,0.7619047619047619,0.1468287133507304,0.2752531461981228,-0.049090056388998424,True
3089,0.2698412698412698,0.7619047619047619,0.15591781987562137,0.26542159261894055,-0.052665608484841975,True
3090,0.2857142857142857,0.7619047619047619,0.1644704246250777,0.25409703729029437,-0.056454532964671025,True
3091,0.30158730158730157,0.7619047619047619,0.17235981279756785,0.24149733139189253,-0.06039104869794506,True
3092,0.31746031746031744,0.7619047619047619,0.17952916300909014,0.22788016366943362,-0.0644013944525874,True
3093,0.3333333333333333,0.7619047619047619,0.18601656774388295,0.21355641303364578,-0.06841775241130145,True
3094,0.3492063492063492,0.7619047619047619,0.19175687053900312,0.19871035730851436,-0.07237125727775809,True
3095,0.36507936507936506,0.7619047619047619,0.19675076026183594,0.18354201060056782,-0.07619915590783913,True
3096,0.38095238095238093,0.7619047619047619,0.2011224325443061,0.1683033703963702,-0.0798554101408087,True
3097,0.3968253968253968,0.7619047619047619,0.20476405603639894,0.1530261860672008,-0.0832895389983473,True
3098,0.4126984126984127,0.7619047619047619,0.20777867561820626,0.13787972053557027,-0.0864613157292282,True
3099,0.42857142857142855,0.7619047619047619,0.21018616748620447,0.12293759111844328,-0.089340105593214,True
3100,0.4444444444444444,0.7619047619047619,0.21198556532989077,0.10819536059001814,-0.09190930842614566,True
3101,0.4603174603174603,0.7619047619047619,0.21321473713324504,0.09373927376644067,-0.09413574168452087,True
3102,0.47619047619047616,0.7619047619047619,0.213840296190159,0.0795188070895085,-0.09599535146211907,True
3103,0.49206349206349204,0.7619047619047619,0.21395906451474844,0.06561287311608421,-0.09751474336296644,True
3104,0.5079365079365079,0.7619047619047619,0.2134525442397915,0.05189745124227318,-0.09863339991190458,True
3105,0.5238095238095237,0.7619047619047619,0.2123862398072109,0.03843146529777212,-0.0993770804257539,True
3106,0.5396825396825397,0.7619047619047619,0.21070911266511877,0.025148046601602123,-0.09972452013882153,True
3107,0.5555555555555556,0.7619047619047619,0.20841564028927073,0.012036687916165079,-0.09967904000609464,True
3108,0.5714285714285714,0.7619047619047619,0.20549127249302224,-0.0009757097019790892,-0.09924783963958592,True
3109,0.5873015873015872,0.7619047619047619,0.20189484087004814,-0.013806548134108596,-0.09842674721683085,True
3110,0.6031746031746031,0.7619047619047619,0.19761223632708783,-0.026624271696680177,-0.09721976955500444,True
3111,0.6190476190476191,0.7619047619047619,0.1926028173397001,-0.039323452151684514,-0.09563994421416497,True
3112,0.6349206349206349,0.7619047619047619,0.18685073086066797,-0.05197069952090788,-0.09370361479102214,True
3113,0.6507936507936507,0.7619047619047619,0.18032066484013398,-0.06459631282591836,-0.09141898082392466,True
3114,0.6666666666666666,0.7619047619047619,0.17299117379111473,-0.07718486261127028,-0.08881458162201217,True
3115,0.6825396825396826,0.7619047619047619,0.16484711292515192,-0.08978541054019716,-0.08591382801084689,True
3116,0.6984126984126984,0.7619047619047619,0.15589980764880718,-0.10242640697944319,-0.08275913873697671,True
3117,0.7142857142857142,0.7619047619047619,0.14612346060188386,-0.1151343620300117,-0.07937642473444718,True
3118,0.7301587301587301,0.7619047619047619,0.13552948005664328,-0.12797077027008844,-0.07581121742920487,True
3119,0.746031746031746,0.7619047619047619,0.12416500482791422,-0.1410987513815345,-0.07211187843478573,True
3120,0.7619047619047619,0.7619047619047619,0.11206410915838132,-0.1547403248665557,-0.06831945100043571,True
3121,0.7777777777777777,0.7619047619047619,0.09933134715822305,-0.16930115475512836,-0.06449311655679163,True
3122,0.7936507936507936,0.7619047619047619,0.08599448663157735,-0.1853273677121037,-0.060665692300861926,True
3123,0.8095238095238095,0.7619047619047619,0.07206485556489259,-0.20370152084507098,-0.05685831913233835,True
3124,0.8253968253968254,0.7619047619047619,0.05762101056179831,-0.225685128563394,-0.05311370070734295,True
3125,0.8412698412698412,0.7619047619047619,0.04255883109709567,-0.2531684798634512,-0.04941712898643102,True
3126,0.8571428571428571,0.7619047619047619,0.02670583496688255,-0.28852063714535564,-0.04575445623832738,True
3127,0.873015873015873,0.7619047619047619,0.009876169828875557,-0.3347483094943178,-0.04211497621126523,True
3128,0.8888888888888888,0.7619047619047619,-0.008059377469148674,-0.3947460667008721,-0.038460699848433616,True
3129,0.9047619047619047,0.7619047619047619,-0.026511888997665434,-0.4696728881031348,-0.03477460338129163,True
3130,0.9206349206349206,0.7619047619047619,-0.04298395650559375,-0.5531206016385684,-0.031131567504979703,True
3131,0.9365079365079365,0.7619047619047619,-0.05259520985368823,-0.6229422799407933,-0.027763315728229133,True
3132,0.9523809523809523,0.7619047619047619,-0.04905343204148108,-0.6334990104790881,-0.025138997621385738,True
3133,0.9682539682539681,0.7619047619047619,-0.031883432738672245,-0.5362740797189549,-0.023838569060642193,True
3134,0.9841269841269841,0.7619047619047619,-0.010479061793654881,-0.31539033798220306,-0.0241987675453348,True
3135,1.0,0.7619047619047619,3.625416744145382e-06,-1.019080686989021e-05,-0.025894115643069083,True
3136,0.0,0.7777777777777777,-6.039964233295949e-08,-1.523652095867793e-05,-0.03374233799957742,True
3137,0.015873015873015872,0.7777777777777777,0.0012333482334338927,0.034564294241787856,-0.033519834906249775,True
3138,0.031746031746031744,0.7777777777777777,0.004791022244894663,0.0712478468056099,-0.03328640567614101,True
3139,0.047619047619047616,0.7777777777777777,0.010488764197481694,0.10837278396895648,-0.03304047202639313,True
3140,0.06349206349206349,0.7777777777777777,0.01811021034947557,0.1443141528900938,-0.03277098907824138,True
3141,0.07936507936507936,0.7777777777777777,0.027282182443171616,0.17741028290576996,-0.03248443630630206,True
3142,0.09523809523809523,0.7777777777777777,0.037613625395005075,0.20644450292400712,-0.032221770957678,True
3143,0.1111111111111111,0.7777777777777777,0.048739169286936924,0.2307214680149335,-0.03205242083484094,True
3144,0.12698412698412698,0.7777777777777777,0.060331079495145504,0.24995428642565415,-0.03205567966357851,True
3145,0.14285714285714285,0.7777777777777777,0.07215047052669385,0.2642839778687798,-0.03232255585926551,True
3146,0.15873015873015872,0.7777777777777777,0.08407406813461347,0.2741391637624148,-0.03292157732300304,True
3147,0.1746031746031746,0.7777777777777777,0.09598983288261118,0.2799789624941353,-0.03391491860954355,True
3148,0.19047619047619047,0.7777777777777777,0.10783237171789915,0.28236084030247544,-0.03534320811034873,True
3149,0.20634920634920634,0.7777777777777777,0.11954465490345537,0.28170026786352503,-0.037216177555438,True
3150,0.2222222222222222,0.7777777777777777,0.13100993342133163,0.27837912571863277,-0.039539193710352694,True
3151,0.23809523809523808,0.7777777777777777,0.14225245120335028,0.27282227050567415,-0.04226867937024126,True
3152,0.25396825396825395,0.7777777777777777,0.15307091935867276,0.26528045716212456,-0.045383482574062606,True
3153,0.2698412698412698,0.7777777777777777,0.16338525690298572,0.2560121710318803,-0.048824696575930984,True
3154,0.2857142857142857,0.7777777777777777,0.1731087124338262,0.2452726473467515,-0.05252249492173963,True
3155,0.30158730158730157,0.7777777777777777,0.1822262317773,0.2333756896370288,-0.05640665838196954,True
3156,0.31746031746031744,0.7777777777777777,0.190562952531898,0.22049543565688015,-0.06040480307043083,True
3157,0.3333333333333333,0.7777777777777777,0.19813398896355708,0.2068838699894969,-0.06443792963602658,True
3158,0.3492063492063492,0.7777777777777777,0.20498584088575333,0.19281191396232533,-0.06844110951143872,True
3159,0.36507936507936506,0.7777777777777777,0.21104507740142148,0.17841761804528886,-0.07234590998242955,True
3160,0.38095238095238093,0.7777777777777777,0.2162678242640288,0.1638296627911495,-0.0760839379373596,True
3161,0.3968253968253968,0.7777777777777777,0.22082853945369124,0.14929288381698005,-0.07962330504930232,True
3162,0.4126984126984127,0.7777777777777777,0.22462830276642964,0.13480843588333727,-0.0829080720601795,True
3163,0.42857142857142855,0.7777777777777777,0.22774269966593721,0.12050312875272878,-0.08590894569979285,True
3164,0.4444444444444444,0.7777777777777777,0.23012574581401685,0.10637430241263614,-0.0885770293343776,True
3165,0.4603174603174603,0.7777777777777777,0.23192989897824182,0.09257989589956274,-0.09092146761451993,True
3166,0.47619047619047616,0.7777777777777777,0.23302525760630233,0.07895624903741769,-0.09289764467120494,True
3167,0.49206349206349204,0.7777777777777777,0.23348845088870665,0.06563399464249764,-0.09449393785884362,True
3168,0.5079365079365079,0.7777777777777777,0.23329044703919793,0.052532915915462046,-0.09570088806991044,True
3169,0.5238095238095237,0.7777777777777777,0.2324754565198325,0.03971035314031871,-0.09652388244911382,True
3170,0.5396825396825397,0.7777777777777777,0.23093577853760294,0.027037631185008543,-0.0969170594555672,True
3171,0.5555555555555556,0.7777777777777777,0.2287509173081764,0.014587042417880265,-0.09692455910722353,True
3172,0.5714285714285714,0.7777777777777777,0.22586721690759723,0.002303684475479758,-0.0965289047894781,True
3173,0.5873015873015872,0.7777777777777777,0.22223695459047174,-0.009860249854284837,-0.09572024366196932,True
3174,0.6031746031746031,0.7777777777777777,0.2178444797279938,-0.02189367727708652,-0.09451130101686592,True
3175,0.6190476190476191,0.7777777777777777,0.2126893142719746,-0.03383917843246184,-0.09292286792090242,True
3176,0.6349206349206349,0.7777777777777777,0.20672701710554459,-0.04572568153803973,-0.09095924166760172,True
3177,0.6507936507936507,0.7777777777777777,0.19990125596680375,-0.057504571406463714,-0.08862904678403155,True
3178,0.6666666666666666,0.7777777777777777,0.19224865499093435,-0.06929290286091905,-0.08597172982867571,True
3179,0.6825396825396826,0.7777777777777777,0.18371077395498067,-0.08103549006523153,-0.08300399021521176,True
3180,0.6984126984126984,0.7777777777777777,0.1742845266020413,-0.09279877346399105,-0.07975682108264143,True
3181,0.7142857142857142,0.7777777777777777,0.16397842168167664,-0.10463515285058021,-0.076269855342875,True
3182,0.7301587301587301,0.7777777777777777,0.15281176516013326,-0.11665661440605235,-0.07258344895016793,True
3183,0.746031746031746,0.7777777777777777,0.14084792355537215,-0.1290317487304562,-0.06874956034495945,True
3184,0.7619047619047619,0.7777777777777777,0.1281218266618625,-0.14199863681471744,-0.06480900699639128,True
3185,0.7777777777777777,0.7777777777777777,0.11466840122760522,-0.1558868482939939,-0.060799910623247,True
3186,0.7936507936507936,0.7777777777777777,0.10058601091559251,-0.17132081227336168,-0.0567658675353855,True
3187,0.8095238095238095,0.7777777777777777,0.08592043482982618,-0.18913202798312734,-0.05273635148640509,True
3188,0.8253968253968254,0.7777777777777777,0.07071808566335343,-0.2105885031911753,-0.048736313002235646,True
3189,0.8412698412698412,0.7777777777777777,0.05491750762228778,-0.2373976951615757,-0.04476668044125338,True
3190,0.8571428571428571,0.7777777777777777,0.038356985222327555,-0.2718351439681087,-0.04081337450102921,True
3191,0.873015873015873,0.7777777777777777,0.020796761431477028,-0.3169335970871664,-0.03685463631749948,True
3192,0.8888888888888888,0.7777777777777777,0.0020176791057580517,-0.3758336634324605,-0.032877552277469566,True
3193,0.9047619047619047,0.7777777777777777,-0.01773849309928903,-0.45066499767560775,-0.02885743779441617,True
3194,0.9206349206349206,0.7777777777777777,-0.036458896953923896,-0.5376756546032113,-0.024905677399303053,True
3195,0.9365079365079365,0.7777777777777777,-0.04914499625417689,-0.6169441530963201,-0.021238062450117928,True
3196,0.9523809523809523,0.7777777777777777,-0.04887061132701248,-0.6429609934746144,-0.018340195072950222,True
3197,0.9682539682539681,0.7777777777777777,-0.033211809959318474,-0.5577837625989263,-0.016827192114492857,True
3198,0.9841269841269841,0.7777777777777777,-0.011209613947920884,-0.3344770202342369,-0.01712963069912406,True
3199,1.0,0.7777777777777777,-2.350811557724086e-06,2.2159466758589054e-05,-0.018920460361876213,True
3200,0.0,0.7936507936507936,-3.2220496502827404e-08,-4.722827189315296e-06,-0.033392274173608814,True
3201,0.015873015873015872,0.7936507936507936,0.0009637703868300879,0.032397802149282624,-0.033216180729910325,True
3202,0.031746031746031744,0.7936507936507936,0.003833050666350416,0.06695496447727202,-0.03300926588134938,True
3203,0.047619047619047616,0.7936507936507936,0.00865354336864075,0.10209911893474534,-0.032746291160200024,True
3204,0.06349206349206349,0.7936507936507936,0.015388389760588296,0.1362201881136296,-0.03239502386450609,True
3205,0.07936507936507936,0.7936507936507936,0.023860388572883647,0.1678280230846225,-0.031951690397600055,True
3206,0.09523809523809523,0.7936507936507936,0.03379049355818418,0.19574463304366957,-0.031454170818534716,True
3207,0.1111111111111111,0.7936507936507936,0.044852638846798916,0.21922858807896448,-0.030981853392082894,True
3208,0.12698412698412698,0.7936507936507936,0.0567201211454369,0.23797223054112113,-0.03063818255472267,True
3209,0.14285714285714285,0.7936507936507936,0.06913990699307405,0.25204767016595175,-0.030518804222378418,True
3210,0.15873015873015872,0.7936507936507936,0.08186780730952378,0.2617495565352733,-0.030734999890863115,True
3211,0.1746031746031746,0.7936507936507936,0.09478293493326743,0.26757567301405105,-0.03135344530383071,True
3212,0.19047619047619047,0.7936507936507936,0.10774317032987697,0.26998384028886746,-0.032431156357411596,True
3213,0.20634920634920634,0.7936507936507936,0.1206207240419897,0.2694611215675799,-0.03399822058057383,True
3214,0.2222222222222222,0.7936507936507936,0.13335712592755564,0.2664173861067382,-0.0360449421522262,True
3215,0.23809523809523808,0.7936507936507936,0.1458589565115861,0.26118654349504333,-0.03855002389483816,True
3216,0.25396825396825395,0.7936507936507936,0.15792513478860337,0.2540470963938638,-0.041488789697794265,True
3217,0.2698412698412698,0.7936507936507936,0.16952853529730946,0.24531727079635063,-0.044793822706127855,True
3218,0.2857142857142857,0.7936507936507936,0.18054653466277168,0.23523045388313713,-0.048400337122078294,True
3219,0.30158730158730157,0.7936507936507936,0.19091453833201935,0.2240367142266263,-0.052235130881400596,True
3220,0.31746031746031744,0.7936507936507936,0.20047420947512273,0.21189873608559062,-0.056220174374236945,True
3221,0.3333333333333333,0.7936507936507936,0.20927068368147447,0.19910184988005847,-0.060276604291797,True
3222,0.3492063492063492,0.7936507936507936,0.21725686275391834,0.18582591568092122,-0.0643285540679108,True
3223,0.36507936507936506,0.7936507936507936,0.22438875226840466,0.17223069585359033,-0.06830580822951693,True
3224,0.38095238095238093,0.7936507936507936,0.23066171016528922,0.15845401958854888,-0.07214311849413008,True
3225,0.3968253968253968,0.7936507936507936,0.23616515302367247,0.1446804190627152,-0.07579326589700307,True
3226,0.4126984126984127,0.7936507936507936,0.24081963379504503,0.13095310962425835,-0.07919304455856638,True
3227,0.42857142857142855,0.7936507936507936,0.2447025723144758,0.11737653450800306,-0.08231238423836705,True
3228,0.4444444444444444,0.7936507936507936,0.24781388428353318,0.1039897680881562,-0.08511316436378664,True
3229,0.4603174603174603,0.7936507936507936,0.2501825908286137,0.0908548500340387,-0.08756845323440748,True
3230,0.47619047619047616,0.7936507936507936,0.2517874923695218,0.07792452956402576,-0.0896512942328578,True
3231,0.49206349206349204,0.7936507936507936,0.2527182995551633,0.0653095791833841,-0.09136414503388615,True
3232,0.5079365079365079,0.7936507936507936,0.2528791350373875,0.05289765324853476,-0.09266628959943134,True
3233,0.5238095238095237,0.7936507936507936,0.25230184518741716,0.04077310728232624,-0.0935512999145767,True
3234,0.5396825396825397,0.7936507936507936,0.2510121139324841,0.02880713471071504,-0.09403748023409121,True
3235,0.5555555555555556,0.7936507936507936,0.24895553823790756,0.017087555522444987,-0.09409588786371322,True
3236,0.5714285714285714,0.7936507936507936,0.24610064379134275,0.005546984225052348,-0.09372370167932717,True
3237,0.5873015873015872,0.7936507936507936,0.24249166468664968,-0.005849641050248343,-0.09295175456482291,True
3238,0.6031746031746031,0.7936507936507936,0.23805456288020926,-0.017087690183209495,-0.09176310736478598,True
3239,0.6190476190476191,0.7936507936507936,0.23275099169814092,-0.028206308645421375,-0.09016191916524079,True
3240,0.6349206349206349,0.7936507936507936,0.22659540609023257,-0.03922463414122721,-0.08817796945539233,True
3241,0.6507936507936507,0.7936507936507936,0.21955908079933453,-0.05015623407173573,-0.0858251796011051,True
3242,0.6666666666666666,0.7936507936507936,0.21159792134553268,-0.061014124952724354,-0.08311674299581315,True
3243,0.6825396825396826,0.7936507936507936,0.20271236007182522,-0.07186296139956044,-0.08008273351089698,True
3244,0.6984126984126984,0.7936507936507936,0.19289615691570117,-0.0827256491679747,-0.07675453537510346,True
3245,0.7142857142857142,0.7936507936507936,0.18215731779281122,-0.09368590330992249,-0.07316763898326065,True
3246,0.7301587301587301,0.7936507936507936,0.17052762049907788,-0.10484754222361783,-0.06936314378508968,True
3247,0.746031746031746,0.7936507936507936,0.15803056579999658,-0.11639137650380225,-0.06537923083636991,True
3248,0.7619047619047619,0.7936507936507936,0.14473745183937067,-0.12858152877384363,-0.06126314586067852,True
3249,0.7777777777777777,0.7936507936507936,0.13069940448655049,-0.1417903105081025,-0.05705045780607888,True
3250,0.7936507936507936,0.7936507936507936,0.11600061264349604,-0.1566089115661121,-0.05278160405096836,True
3251,0.8095238095238095,0.7936507936507936,0.10069619486582972,-0.17386328709813126,-0.0484804164724484,True
3252,0.8253968253968254,0.7936507936507936,0.08482037556500016,-0.19473815245006235,-0.04416768085748255,True
3253,0.8412698412698412,0.7936507936507936,0.06832843443167759,-0.22087584059307572,-0.03984306267265019,True
3254,0.8571428571428571,0.7936507936507936,0.051073263276250135,-0.25449789912698073,-0.035491994616379384,True
3255,0.873015873015873,0.7936507936507936,0.032791728217281574,-0.29839841191248184,-0.031109578476758486,True
3256,0.8888888888888888,0.7936507936507936,0.013153300877886711,-0.3559522747959469,-0.026667260663629556,True
3257,0.9047619047619047,0.7936507936507936,-0.007867508528608031,-0.4299810582610591,-0.02217665132521531,True
3258,0.9206349206349206,0.7936507936507936,-0.02878943469772784,-0.5192941474017941,-0.0177356398578932,True
3259,0.9365079365079365,0.7936507936507936,-0.04496654447676366,-0.6077813042280484,-0.013601452736592457,True
3260,0.9523809523809523,0.7936507936507936,-0.048461987222742364,-0.6504640191529084,-0.010287621907506598,True
3261,0.9682539682539681,0.7936507936507936,-0.03466547315769168,-0.5795509499262111,-0.008468823281521681,True
3262,0.9841269841269841,0.7936507936507936,-0.012072501358576498,-0.3548013873483381,-0.008646875916440708,True
3263,1.0,0.7936507936507936,-1.0964446233818004e-08,3.4641056229231316e-05,-0.010539483795986277,True
3264,0.0,0.8095238095238095,6.075220259352508e-08,5.2956750972083165e-06,-0.033031618071296655,True
3265,0.015873015873015872,0.8095238095238095,0.0006260525859187259,0.030817832196586903,-0.03291481802611944,True
3266,0.031746031746031744,0.8095238095238095,0.0026295629847503063,0.06363094576365777,-0.032744502753052566,True
3267,0.047619047619047616,0.8095238095238095,0.006318583044853559,0.09688780105331703,-0.032467206145719144,True
3268,0.06349206349206349,0.8095238095238095,0.011908208051190857,0.1291208385556694,-0.03203046321513409,True
3269,0.07936507936507936,0.8095238095238095,0.019404118421196347,0.15897321514278331,-0.031414609307962145,True
3270,0.09523809523809523,0.8095238095238095,0.028690924338004943,0.1854161850521935,-0.03066220190415734,True
3271,0.1111111111111111,0.8095238095238095,0.0394948139996022,0.20773888599162285,-0.029861860112667372,True
3272,0.12698412698412698,0.8095238095238095,0.05150133223931201,0.2256033972661181,-0.02912990686540824,True
3273,0.14285714285714285,0.8095238095238095,0.06437940922766822,0.23910670557312247,-0.028623514717915875,True
3274,0.15873015873015872,0.8095238095238095,0.07791056458310061,0.24843295647401847,-0.028420334453143747,True
3275,0.1746031746031746,0.8095238095238095,0.0918020421767544,0.2540847899823842,-0.028655359101051936,True
3276,0.19047619047619047,0.8095238095238095,0.10591079404537249,0.2564473711771345,-0.029373112992116247,True
3277,0.20634920634920634,0.8095238095238095,0.12004761188141871,0.2559838927829413,-0.030618386390566132,True
3278,0.2222222222222222,0.8095238095238095,0.13407695440239528,0.2531202428752674,-0.0323952109195483,True
3279,0.23809523809523808,0.8095238095238095,0.147908542501658,0.24820078368601214,-0.03467674869124626,True
3280,0.25396825396825395,0.8095238095238095,0.16131264883502938,0.24150084059495625,-0.037440759513405364,True
3281,0.2698412698412698,0.8095238095238095,0.17425975151339473,0.23330504013321596,-0.04061674560429735,True
3282,0.2857142857142857,0.8095238095238095,0.18662759185502656,0.22387177455676696,-0.04413523510197327,True
3283,0.30158730158730157,0.8095238095238095,0.19831015105182867,0.21339694194690612,-0.04792547200120089,True
3284,0.31746031746031744,0.8095238095238095,0.20916747970225988,0.2020640714242658,-0.05190248660928611,True
3285,0.3333333333333333,0.8095238095238095,0.21924398999072203,0.19012165932544792,-0.05598452809706902,True
3286,0.3492063492063492,0.8095238095238095,0.22836259375554258,0.17765791241077755,-0.060088446988515405,True
3287,0.36507936507936506,0.8095238095238095,0.23668810604689025,0.16495874674751124,-0.06414721183167897,True
3288,0.38095238095238093,0.8095238095238095,0.24408474141909267,0.1520890451387795,-0.0680866654545247,True
3289,0.3968253968253968,0.8095238095238095,0.2504862033510601,0.13909308029024436,-0.07183359756866255,True
3290,0.4126984126984127,0.8095238095238095,0.2561406800045614,0.12625435733292828,-0.07536616726122236,True
3291,0.42857142857142855,0.8095238095238095,0.2608546117660515,0.11348571848373354,-0.0786112102379414,True
3292,0.4444444444444444,0.8095238095238095,0.26472552021390494,0.10090660453011817,-0.08154107178734482,True
3293,0.4603174603174603,0.8095238095238095,0.2677521449230246,0.08855597069450775,-0.0841208125706421,True
3294,0.47619047619047616,0.8095238095238095,0.26995066499832543,0.0764216310935364,-0.08632714383137609,True
3295,0.49206349206349204,0.8095238095238095,0.27134847521406436,0.06454877296354604,-0.08814518654211079,True
3296,0.5079365079365079,0.8095238095238095,0.271932742377366,0.05295449994034199,-0.08955302123790279,True
3297,0.5238095238095237,0.8095238095238095,0.27168359240350154,0.041524239330006624,-0.09053508129251651,True
3298,0.5396825396825397,0.8095238095238095,0.2706504792312766,0.03039594275237307,-0.09109783039357945,True
3299,0.5555555555555556,0.8095238095238095,0.2687575923203283,0.01944727821540716,-0.09121634656129153,True
3300,0.5714285714285714,0.8095238095238095,0.26604746834557,0.008724308623968715,-0.09091189465404688,True
3301,0.5873015873015872,0.8095238095238095,0.26246378206132276,-0.0018367418793262846,-0.09016875824367017,True
3302,0.6031746031746031,0.8095238095238095,0.25798710445975725,-0.012223626899144096,-0.08899555143110248,True
3303,0.6190476190476191,0.8095238095238095,0.25264108868637747,-0.022450162075458413,-0.08741654914821531,True
3304,0.6349206349206349,0.8095238095238095,0.24637319336924185,-0.032551624720211655,-0.0854312912073406,True
3305,0.6507936507936507,0.8095238095238095,0.23913870005132132,-0.04253607618498762,-0.08304917675417343,True
3306,0.6666666666666666,0.8095238095238095,0.23097842865577134,-0.052474807969912635,-0.08030795828549238,True
3307,0.6825396825396826,0.8095238095238095,0.2218346193191107,-0.06236490100999609,-0.0772171599439927,True
3308,0.6984126984126984,0.8095238095238095,0.21173566630003768,-0.07227594074102188,-0.07381430635868573,True
3309,0.7142857142857142,0.8095238095238095,0.20069124226410565,-0.08232317344626379,-0.07013206722114805,True
3310,0.7301587301587301,0.8095238095238095,0.18870796408223905,-0.09258557551903802,-0.06620082880395162,True
3311,0.746031746031746,0.8095238095238095,0.17585613832404598,-0.10329115174516462,-0.06206487791617257,True
3312,0.7619047619047619,0.8095238095238095,0.1621656934162752,-0.11467835992569286,-0.057755326375413106,True
3313,0.7777777777777777,0.8095238095238095,0.1477080004181229,-0.12718187497769579,-0.05331510411707737,True
3314,0.7936507936507936,0.8095238095238095,0.1325576399242621,-0.1413515369288131,-0.04877163301578416,True
3315,0.8095238095238095,0.8095238095238095,0.11676099650905679,-0.1580053937243785,-0.044145495795106446,True
3316,0.8253968253968254,0.8095238095238095,0.10033889462452668,-0.1782726602597414,-0.03944803747103352,True
3317,0.8412698412698412,0.8095238095238095,0.08324435758859654,-0.2037326927429944,-0.03466904517236904,True
3318,0.8571428571428571,0.8095238095238095,0.06533233814691429,-0.23640764490321553,-0.02982305437792275,True
3319,0.873015873015873,0.8095238095238095,0.0463111505436193,-0.2790763506056771,-0.024863552511081105,True
3320,0.8888888888888888,0.8095238095238095,0.025770399937021665,-0.33502995841711797,-0.019780100264246217,True
3321,0.9047619047619047,0.8095238095238095,0.003532774371531978,-0.40776095065350076,-0.014641846836740153,True
3322,0.9206349206349206,0.8095238095238095,-0.01963596402303629,-0.49804264588625363,-0.009501817090988676,True
3323,0.9365079365079365,0.8095238095238095,-0.03943245559156113,-0.5941946578414908,-0.004683219528013567,True
3324,0.9523809523809523,0.8095238095238095,-0.04728716850971953,-0.6534604171998436,-0.0007386717208454255,True
3325,0.9682539682539681,0.8095238095238095,-0.03610127504565581,-0.5997729793435478,0.0015210885403625948,True
3326,0.9841269841269841,0.8095238095238095,-0.01308304140420864,-0.37624737761184335,0.0015259384753244986,True
3327,1.0,0.8095238095238095,-6.449196962208484e-07,-0.0002295557845694748,-0.0004946562705954563,True
3328,0.0,0.8253968253968254,-7.028043389493e-08,-5.767653732376931e-07,-0.032674589307150836,True
3329,0.015873015873015872,0.8253968253968254,0.00017904020090294323,0.029944970682692543,-0.032635304224182156,True
3330,0.031746031746031744,0.8253968253968254,0.0010629012135973158,0.06148308679308701,-0.032513237994160095,True
3331,0.047619047619047616,0.8253968253968254,0.003299575350269292,0.09301220558983064,-0.03222118022724284,True
3332,0.06349206349206349,0.8253968253968254,0.007415719524366426,0.12323512635652954,-0.03168329419960877,True
3333,0.07936507936507936,0.8253968253968254,0.01368038571159736,0.15106129829123704,-0.030873919458216516,True
3334,0.09523809523809523,0.8253968253968254,0.022099954886442955,0.17562943298451036,-0.02983711176128085,True
3335,0.1111111111111111,0.8253968253968254,0.032476100039309876,0.19635095298102362,-0.028678282907737777,True
3336,0.12698412698412698,0.8253968253968254,0.04450333935820591,0.21299662488904203,-0.027549337439937212,True
3337,0.14285714285714285,0.8253968253968254,0.05781234779355955,0.2255372634553754,-0.02660567738244018,True
3338,0.15873015873015872,0.8253968253968254,0.07208414173550759,0.2342732734176195,-0.02598882903549287,True
3339,0.1746031746031746,0.8253968253968254,0.08698436600766948,0.2394884772996806,-0.025820858802932018,True
3340,0.19047619047619047,0.8253968253968254,0.10226351646144975,0.24167933329801103,-0.026180712163885726,True
3341,0.20634920634920634,0.8253968253968254,0.1177205616157071,0.24121274076432975,-0.027106640696240407,True
3342,0.2222222222222222,0.8253968253968254,0.13315197783533084,0.238498840558809,-0.028612490620356108,True
3343,0.23809523809523808,0.8253968253968254,0.14829389711419713,0.23384554566883253,-0.03069479264564775,True
3344,0.25396825396825395,0.8253968253968254,0.1631634168965704,0.22759310070977773,-0.033283987614322455,True
3345,0.2698412698412698,0.8253968253968254,0.17753531162244768,0.2199643365271454,-0.03633805379559371,True
3346,0.2857142857142857,0.8253968253968254,0.19122956819693612,0.2111410154981959,-0.039787424901151607,True
3347,0.30158730158730157,0.8253968253968254,0.2042914546192562,0.20143583183648647,-0.04353691983467348,True
3348,0.31746031746031744,0.8253968253968254,0.21651661516653628,0.19094633030244323,-0.047513450628368585,True
3349,0.3333333333333333,0.8253968253968254,0.22786585624753997,0.17986785478314962,-0.051626444125289356,True
3350,0.3492063492063492,0.8253968253968254,0.23828622094420987,0.16835525086305522,-0.05579269550324997,True
3351,0.36507936507936506,0.8253968253968254,0.24770393366986257,0.15652599822768962,-0.05992725418730539,True
3352,0.38095238095238093,0.8253968253968254,0.2562747456639677,0.1446146350427286,-0.06397063581618484,True
3353,0.3968253968253968,0.8253968253968254,0.26378186105571244,0.1325950881294449,-0.06784121365257381,True
3354,0.4126984126984127,0.8253968253968254,0.2703530633258436,0.12062964127774542,-0.07149112977831855,True
3355,0.42857142857142855,0.8253968253968254,0.2759700657347544,0.10877730012183506,-0.07486851480367018,True
3356,0.4444444444444444,0.8253968253968254,0.28064039656823137,0.09707980175317459,-0.07793021603076626,True
3357,0.4603174603174603,0.8253968253968254,0.2844234897324932,0.08561028642134322,-0.08065099499973429,True
3358,0.47619047619047616,0.8253968253968254,0.28720160739845846,0.07431081696419214,-0.08297158575327362,True
3359,0.49206349206349204,0.8253968253968254,0.28917288350701426,0.06332141504190847,-0.08491486109478019,True
3360,0.5079365079365079,0.8253968253968254,0.2902382477255538,0.052538258167043356,-0.0864412159845889,True
3361,0.5238095238095237,0.8253968253968254,0.2903818037439144,0.042012042261249063,-0.08752529144822617,True
3362,0.5396825396825397,0.8253968253968254,0.2896116774384785,0.031712767603033924,-0.08816226314151168,True
3363,0.5555555555555556,0.8253968253968254,0.28798678008354056,0.021680985793262327,-0.08836910327660695,True
3364,0.5714285714285714,0.8253968253968254,0.2854365866086566,0.011766145792278002,-0.08812334765952648,True
3365,0.5873015873015872,0.8253968253968254,0.2819739667009874,0.002178035800709127,-0.0874358494612486,True
3366,0.6031746031746031,0.8253968253968254,0.2775681331752668,-0.007333020420545648,-0.08630394512579902,True
3367,0.6190476190476191,0.8253968253968254,0.2722397527788551,-0.0166206458344386,-0.08474908575238653,True
3368,0.6349206349206349,0.8253968253968254,0.2659270445620499,-0.025788786137020243,-0.08276680590042357,True
3369,0.6507936507936507,0.8253968253968254,0.25863630838100027,-0.03479224630608292,-0.08037869210193105,True
3370,0.6666666666666666,0.8253968253968254,0.25037154470140033,-0.04377812219026474,-0.07760776313141181,True
3371,0.6825396825396826,0.8253968253968254,0.24112871888153792,-0.05268759285747549,-0.07447474423549615,True
3372,0.6984126984126984,0.8253968253968254,0.2309007373336295,-0.06163780049466027,-0.07100243640326283,True
3373,0.7142857142857142,0.8253968253968254,0.21972397677894395,-0.07072823846676354,-0.06722585620402799,True
3374,0.7301587301587301,0.8253968253968254,0.20761079325153683,-0.0800868962507147,-0.0631713985583381,True
3375,0.746031746031746,0.8253968253968254,0.1946031671980696,-0.08991058616899542,-0.05887208294444086,True
3376,0.7619047619047619,0.8253968253968254,0.1807508570637559,-0.10050374830631059,-0.05436000477511772,True
3377,0.7777777777777777,0.8253968253968254,0.1661095796754715,-0.11226069083676625,-0.04966292265566734,True
3378,0.7936507936507936,0.8253968253968254,0.15072073285510432,-0.12572596534831346,-0.044798517389945725,True
3379,0.8095238095238095,0.8253968253968254,0.13462716829335739,-0.14170903851031894,-0.039780772520622884,True
3380,0.8253968253968254,0.8253968253968254,0.11783677027983647,-0.16131402278968196,-0.034622727767149676,True
3381,0.8412698412698412,0.8253968253968254,0.10025705336308115,-0.18595283449702799,-0.029300001445483864,True
3382,0.8571428571428571,0.8253968253968254,0.08174957218449408,-0.21768209393342397,-0.023791594994687627,True
3383,0.873015873015873,0.8253968253968254,0.06198854487243153,-0.2589803695286853,-0.01809741916415998,True
3384,0.8888888888888888,0.8253968253968254,0.04051214898144544,-0.31307179800302404,-0.012197218575547755,True
3385,0.9047619047619047,0.8253968253968254,0.01689035064877573,-0.3838199546690933,-0.006131473483765494,True
3386,0.9206349206349206,0.8253968253968254,-0.008499629116161858,-0.4738823162179465,-4.8904019293941964e-05,True
3387,0.9365079365079365,0.8253968253968254,-0.03225041036036867,-0.5762688710271197,0.005716408241300724,True
3388,0.9523809523809523,0.8253968253968254,-0.0452290493790946,-0.6526990973883464,0.010509856050491512,True
3389,0.9682539682539681,0.8253968253968254,-0.037525668428580114,-0.6196002039107376,0.013427100794481128,True
3390,0.9841269841269841,0.8253968253968254,-0.014270441485809521,-0.3994412450958195,0.013719670442391902,True
3391,1.0,0.8253968253968254,-3.1964168651972464e-07,-6.005691602473482e-05,0.011565310693135537,True
3392,0.0,0.8412698412698412,-2.9320840097079884e-07,-3.190683204416633e-06,-0.032338695086335176,True
3393,0.015873015873015872,0.8412698412698412,-0.0004403823756724716,0.030068822398614733,-0.03240629629683024,True
3394,0.031746031746031744,0.8412698412698412,-0.0010361347350749568,0.06088830658423134,-0.03234551157618028,True
3395,0.047619047619047616,0.8412698412698412,-0.0006500296122270127,0.09086765496174946,-0.03203303387141734,True
3396,0.06349206349206349,0.8412698412698412,0.0016171294053022604,0.1188994178167704,-0.03137058433787596,True
3397,0.07936507936507936,0.8412698412698412,0.006367264321904637,0.14432375277356269,-0.030331616800980007,True
3398,0.09523809523809523,0.8412698412698412,0.013745739522666155,0.16657745398573645,-0.028975640473920136,True
3399,0.1111111111111111,0.8412698412698412,0.023580337116714672,0.18522641737231116,-0.02742569397341049,True
3400,0.12698412698412698,0.8412698412698412,0.03555750622113549,0.20018434236294536,-0.02587460812310898,True
3401,0.14285714285714285,0.8412698412698412,0.04927228370592284,0.21140409905532873,-0.02448175666892593,True
3402,0.15873015873015872,0.8412698412698412,0.06425987992580187,0.21915623461861974,-0.023450694525541972,True
3403,0.1746031746031746,0.8412698412698412,0.0802210151245987,0.22377067710775264,-0.022875807206918876,True
3404,0.19047619047619047,0.8412698412698412,0.09673037159526016,0.22560066744144347,-0.022880901203520834,True
3405,0.20634920634920634,0.8412698412698412,0.11352784810164043,0.22505025720247704,-0.023507719265642258,True
3406,0.2222222222222222,0.8412698412698412,0.13036470633467018,0.22243463615488404,-0.024765531601739978,True
3407,0.23809523809523808,0.8412698412698412,0.14702954270744611,0.2180639629002593,-0.02664100019247836,True
3408,0.25396825396825395,0.8412698412698412,0.16334916910236616,0.21224220916597203,-0.02908009736396141,True
3409,0.2698412698412698,0.8412698412698412,0.17912727858123145,0.2051423065362428,-0.032036315187723,True
3410,0.2857142857142857,0.8412698412698412,0.19433107966324054,0.19705737026309103,-0.03541364564009161,True
3411,0.30158730158730157,0.8412698412698412,0.20874873109804212,0.1880998256406692,-0.03914051666278876,True
3412,0.31746031746031744,0.8412698412698412,0.22234260440531098,0.17847443563371115,-0.04312462122905156,True
3413,0.3333333333333333,0.8412698412698412,0.23498852251032415,0.16830318449502701,-0.047276788951115055,True
3414,0.3492063492063492,0.8412698412698412,0.24668683070434533,0.15776242829803397,-0.051505876357622195,True
3415,0.36507936507936506,0.8412698412698412,0.2574017145224885,0.14698447142594379,-0.05573104023876133,True
3416,0.38095238095238093,0.8412698412698412,0.26705973034902164,0.13603267093357685,-0.059873104909245016,True
3417,0.3968253968253968,0.8412698412698412,0.2756793945873605,0.12503033838355207,-0.063863417545257,True
3418,0.4126984126984127,0.8412698412698412,0.28320049695417654,0.11403389228200089,-0.06763337181726484,True
3419,0.42857142857142855,0.8412698412698412,0.28980594965157463,0.1032036680855938,-0.0711520228066516,True
3420,0.4444444444444444,0.8412698412698412,0.29531348764717275,0.09246673518460545,-0.07434749885759512,True
3421,0.4603174603174603,0.8412698412698412,0.299815175345899,0.08191947499633441,-0.07719343275997106,True
3422,0.47619047619047616,0.8412698412698412,0.30338652522067494,0.0716560165570371,-0.07967053070306285,True
3423,0.49206349206349204,0.8412698412698412,0.3058869685089492,0.06151323718710108,-0.08172430957511535,True
3424,0.5079365079365079,0.8412698412698412,0.30748935502138,0.0517194134368498,-0.0833688793393294,True
3425,0.5238095238095237,0.8412698412698412,0.3080726786105772,0.04209122754578369,-0.08455993016960184,True
3426,0.5396825396825397,0.8412698412698412,0.3076850363680507,0.032723825816007364,-0.08529702505681111,True
3427,0.5555555555555556,0.8412698412698412,0.3063830090844558,0.023593506814557668,-0.08559267211967433,True
3428,0.5714285714285714,0.8412698412698412,0.30412469807029685,0.014696427554401356,-0.08543171054749134,True
3429,0.5873015873015872,0.8412698412698412,0.3008512989402586,0.005971327868078436,-0.0848003558218982,True
3430,0.6031746031746031,0.8412698412698412,0.2966385429072783,-0.0025048618103404117,-0.08372423755798203,True
3431,0.6190476190476191,0.8412698412698412,0.291434025286598,-0.010872162752964234,-0.08220187779413374,True
3432,0.6349206349206349,0.8412698412698412,0.28524479856414703,-0.01903716948781451,-0.08024262250612564,True
3433,0.6507936507936507,0.8412698412698412,0.27806722423781594,-0.027084961366463902,-0.07786143105331561,True
3434,0.6666666666666666,0.8412698412698412,0.26991268648129446,-0.03505007440142449,-0.0750797615125004,True
3435,0.6825396825396826,0.8412698412698412,0.2607673719290729,-0.042998810845042916,-0.07190942394878551,True
3436,0.6984126984126984,0.8412698412698412,0.2506647367547258,-0.05098118569416559,-0.06838094093410217,True
3437,0.7142857142857142,0.8412698412698412,0.23961453277741718,-0.05911572417038013,-0.06451004075665781,True
3438,0.7301587301587301,0.8412698412698412,0.22762826756886606,-0.0675621915614567,-0.06032971991353255,True
3439,0.746031746031746,0.8412698412698412,0.21476088559020026,-0.07653081321771268,-0.055861960723627174,True
3440,0.7619047619047619,0.8412698412698412,0.20103917929839002,-0.0862724643356714,-0.05112364539674936,True
3441,0.7777777777777777,0.8412698412698412,0.18649723021098216,-0.09724694969791656,-0.046138170627798174,True
3442,0.7936507936507936,0.8412698412698412,0.17116964846983068,-0.10996546408546695,-0.04090658785145339,True
3443,0.8095238095238095,0.8412698412698412,0.1550513586698629,-0.12524416413006498,-0.035451583313871673,True
3444,0.8253968253968254,0.8412698412698412,0.13808695569187687,-0.14401619386860837,-0.029730160266215003,True
3445,0.8412698412698412,0.8412698412698412,0.12021022406511048,-0.16778108885814572,-0.023727967442645874,True
3446,0.8571428571428571,0.8412698412698412,0.10118389750072614,-0.19832607322121557,-0.01743545517641432,True
3447,0.873015873015873,0.8412698412698412,0.08066255918319393,-0.23803194737256747,-0.010788109486249498,True
3448,0.8888888888888888,0.8412698412698412,0.058122752012053004,-0.2899735850811146,-0.003779933249156417,True
3449,0.9047619047619047,0.8412698412698412,0.03306511388501172,-0.35822765910565135,0.003449665798503192,True
3450,0.9206349206349206,0.8412698412698412,0.0052392458507584715,-0.44668999304828677,0.01084105563960591,True
3451,0.9365079365079365,0.8412698412698412,-0.0227033562096968,-0.5532189815516506,0.017900385365288426,True
3452,0.9523809523809523,0.8412698412698412,-0.041494870058677885,-0.6455413230563208,0.023865160348909783,True
3453,0.9682539682539681,0.8412698412698412,-0.0386188623227262,-0.636548355215355,0.02769174582463537,True
3454,0.9841269841269841,0.8412698412698412,-0.015636059238773155,-0.4237596468928772,0.028415596807364947,True
3455,1.0,0.8412698412698412,2.288118509210595e-06,0.00015376445882033283,0.026113420505217044,True
3456,0.0,0.8571428571428571,2.870723332517149e-07,-1.3812390506370476e-05,-0.032053053184100525,True
3457,0.015873015873015872,0.8571428571428571,-0.0013129953351978738,0.03154432250257251,-0.032270432320065164,True
3458,0.031746031746031744,0.8571428571428571,-0.003958835829572884,0.06233650919529491,-0.03228684401359914,True
3459,0.047619047619047616,0.8571428571428571,-0.006012394117901597,0.09081530787647311,-0.03193629670004341,True
3460,0.06349206349206349,0.8571428571428571,-0.0059565923792018185,0.11643592525792901,-0.03111175203566417,True
3461,0.07936507936507936,0.8571428571428571,-0.002972142120598622,0.13896150813194927,-0.029790812318305434,True
3462,0.09523809523809523,0.8571428571428571,0.0032470520117516316,0.15832719208310603,-0.02806509089747331,True
3463,0.1111111111111111,0.8571428571428571,0.01252789006006956,0.1744173585702741,-0.026098676998071814,True
3464,0.12698412698412698,0.8571428571428571,0.024482448803561208,0.18714822965883277,-0.02408740306160954,True
3465,0.14285714285714285,0.8571428571428571,0.038630598771512856,0.196640350046401,-0.022250880156313713,True
3466,0.15873015873015872,0.8571428571428571,0.054440857890978855,0.20315014124622777,-0.02079147612429661,True
3467,0.1746031746031746,0.8571428571428571,0.07146780640871565,0.20690897928663887,-0.019839763217342505,True
3468,0.19047619047619047,0.8571428571428571,0.08926124158435006,0.2082182879821948,-0.019514327296110204,True
3469,0.20634920634920634,0.8571428571428571,0.10746207671746075,0.20747459125699247,-0.01985761452283138,True
3470,0.2222222222222222,0.8571428571428571,0.12580226337485492,0.2048875538744501,-0.020890284151841382,True
3471,0.23809523809523808,0.8571428571428571,0.14394825426693644,0.2007922786656267,-0.02258682051093567,True
3472,0.25396825396825395,0.8571428571428571,0.16179409419234925,0.19539357704688745,-0.024898976940984155,True
3473,0.2698412698412698,0.8571428571428571,0.17909885799212583,0.18890601438883148,-0.02776368401057952,True
3474,0.2857142857142857,0.8571428571428571,0.19570520118224707,0.1814881322076757,-0.031101741685766522,True
3475,0.30158730158730157,0.8571428571428571,0.2116204251883001,0.17339229493448968,-0.03481494788151568,True
3476,0.31746031746031744,0.8571428571428571,0.2265624015159692,0.16464991703462437,-0.03881759656280519,True
3477,0.3333333333333333,0.8571428571428571,0.24057392534660338,0.15546896012579808,-0.043014036579653796,True
3478,0.3492063492063492,0.8571428571428571,0.2535629034254517,0.14595692060164736,-0.047314999174400046,True
3479,0.36507936507936506,0.8571428571428571,0.2654647908351441,0.13620829494128234,-0.05162927736631464,True
3480,0.38095238095238093,0.8571428571428571,0.2762942439579036,0.1263277506847608,-0.05587603157442957,True
3481,0.3968253968253968,0.8571428571428571,0.28599286055294354,0.11638859254615722,-0.05998220302824111,True
3482,0.4126984126984127,0.8571428571428571,0.2946234817634292,0.10650474344609975,-0.06388981471436973,True
3483,0.42857142857142855,0.8571428571428571,0.30211104644067416,0.09667932828631276,-0.06753100431468013,True
3484,0.4444444444444444,0.8571428571428571,0.30856122488745835,0.08703954504463604,-0.0708732443994595,True
3485,0.4603174603174603,0.8571428571428571,0.3138847027568232,0.07753789710723737,-0.07385830964600895,True
3486,0.47619047619047616,0.8571428571428571,0.31814232459127,0.06824349136315891,-0.07645971399760933,True
3487,0.49206349206349204,0.8571428571428571,0.32137513286519437,0.05918404746207822,-0.07865667157499963,True
3488,0.5079365079365079,0.8571428571428571,0.3235184182482357,0.05034219714430325,-0.08041062084754382,True
3489,0.5238095238095237,0.8571428571428571,0.32466964477512045,0.0417240451879226,-0.08172378826876568,True
3490,0.5396825396825397,0.8571428571428571,0.32479679049725035,0.03334071334696423,-0.0825756850097773,True
3491,0.5555555555555556,0.8571428571428571,0.32392188351755735,0.02518869215606484,-0.08296432909227157,True
3492,0.5714285714285714,0.8571428571428571,0.32203852683325856,0.017264053504503957,-0.08288110800123158,True
3493,0.5873015873015872,0.8571428571428571,0.3191716222145384,0.00953905879981495,-0.08233530922693032,True
3494,0.6031746031746031,0.8571428571428571,0.3153081199910967,0.002041382958440726,-0.0813195628687372,True
3495,0.6190476190476191,0.8571428571428571,0.3104309833224459,-0.005314737876009618,-0.07983863768509607,True
3496,0.6349206349206349,0.8571428571428571,0.30459985135261336,-0.012499887997598613,-0.07791592498434483,True
3497,0.6507936507936507,0.8571428571428571,0.2977898372246989,-0.019575007591228967,-0.07555745327286359,True
3498,0.6666666666666666,0.8571428571428571,0.2899949569841767,-0.02659105282620581,-0.07276882027833127,True
3499,0.6825396825396826,0.8571428571428571,0.2812650280788956,-0.033560409408063444,-0.06957566409058545,True
3500,0.6984126984126984,0.8571428571428571,0.271607673665824,-0.040587097125827525,-0.06598936194315858,True
3501,0.7142857142857142,0.8571428571428571,0.2609914019281332,-0.047828102125434535,-0.06203798862789165,True
3502,0.7301587301587301,0.8571428571428571,0.24950728628197588,-0.05536028438630669,-0.05772687327929419,True
3503,0.746031746031746,0.8571428571428571,0.2371366498004016,-0.0634485126212218,-0.0530774375383039,True
3504,0.7619047619047619,0.8571428571428571,0.223910406308229,-0.07237552210435415,-0.04809948133972468,True
3505,0.7777777777777777,0.8571428571428571,0.20982305629553819,-0.08250861521081114,-0.04279397297798862,True
3506,0.7936507936507936,0.8571428571428571,0.19488875916791357,-0.0943963210499461,-0.03714978508092112,True
3507,0.8095238095238095,0.8571428571428571,0.17902582535428072,-0.10877483940159155,-0.03116330228699205,True
3508,0.8253968253968254,0.8571428571428571,0.16218187501856524,-0.12663686738141616,-0.024794874476110503,True
3509,0.8412698412698412,0.8571428571428571,0.14416003037752242,-0.14921884826503737,-0.017981132137342367,True
3510,0.8571428571428571,0.8571428571428571,0.12470909877739433,-0.178304540107295,-0.01070598845360916,True
3511,0.873015873015873,0.8571428571428571,0.10343171611458898,-0.21614396510566414,-0.0028778381482286778,True
3512,0.8888888888888888,0.8571428571428571,0.07973365076794167,-0.26559019320054544,0.005493790348704096,True
3513,0.9047619047619047,0.8571428571428571,0.05294915766461701,-0.3306491733243194,0.014310471749856274,True
3514,0.9206349206349206,0.8571428571428571,0.022500653031752735,-0.4162209152474772,0.02339416917222514,True
3515,0.9365079365079365,0.8571428571428571,-0.009889311146395045,-0.5245181342634476,0.0321748952355549,True
3516,0.9523809523809523,0.8571428571428571,-0.03576637748104369,-0.6322965707431478,0.039747708211516755,True
3517,0.9682539682539681,0.8571428571428571,-0.03920676189541246,-0.6507932809472295,0.044834067329287464,True
3518,0.9841269841269841,0.8571428571428571,-0.01716406570449083,-0.45029110107026293,0.046161502027299905,True
3519,1.0,0.8571428571428571,5.656749298221122e-06,-2.594742349400125e-05,0.04370971005104452,True
3520,0.0,0.873015873015873,8.303660196495626e-08,-1.5574563447882859e-06,-0.03187301766481608,True
3521,0.015873015873015872,0.873015873015873,-0.002601873773982918,0.03495019814276786,-0.032306716264923825,True
3522,0.031746031746031744,0.873015873015873,-0.00812882112138562,0.06654786793376415,-0.03241642407306652,True
3523,0.047619047619047616,0.873015873015873,-0.013335695833071032,0.0934827991753646,-0.03199177710486805,True
3524,0.06349206349206349,0.873015873015873,-0.015954405837932163,0.1161410753080286,-0.03093925400832333,True
3525,0.07936507936507936,0.873015873015873,-0.014871597080769412,0.1351596287174381,-0.029272986401717185,True
3526,0.09523809523809523,0.873015873015873,-0.009807539893884576,0.15095919686422457,-0.027117083659262513,True
3527,0.1111111111111111,0.873015873015873,-0.00099060464926521,0.1638020507993958,-0.024678587849695954,True
3528,0.12698412698412698,0.873015873015873,0.01108263940530758,0.17381615367099168,-0.02219698878537496,True
3529,0.14285714285714285,0.873015873015873,0.025810550698916447,0.18118127908201695,-0.019914119152672487,True
3530,0.15873015873015872,0.873015873015873,0.042556432670114545,0.18610998142910318,-0.018043972850051986,True
3531,0.1746031746031746,0.873015873015873,0.0607516287179548,0.18878905842755,-0.016744967213170894,True
3532,0.19047619047619047,0.873015873015873,0.07990438600384568,0.1894754426163589,-0.016115278946408452,True
3533,0.20634920634920634,0.873015873015873,0.09956858635091362,0.18840909880611778,-0.01621666216061372,True
3534,0.2222222222222222,0.873015873015873,0.11941113513734171,0.18585088653993825,-0.017051005871654534,True
3535,0.23809523809523808,0.873015873015873,0.13915424751317926,0.18199569798703158,-0.0185976095088925,True
3536,0.25396825396825395,0.873015873015873,0.15852082907637302,0.1770289311132653,-0.020815403597155217,True
3537,0.2698412698412698,0.873015873015873,0.1773558744904009,0.17116345425799523,-0.023613504197011026,True
3538,0.2857142857142857,0.873015873015873,0.1955045108109479,0.16453570899926862,-0.026921810390926247,True
3539,0.30158730158730157,0.873015873015873,0.21276979913600902,0.15724897840951838,-0.030645295050042758,True
3540,0.31746031746031744,0.873015873015873,0.2291311700544368,0.14947834943581326,-0.03467852285113841,True
3541,0.3333333333333333,0.873015873015873,0.24448118705682317,0.14131810856971141,-0.03892802146047328,True
3542,0.3492063492063492,0.873015873015873,0.25876738862940596,0.13288450749413575,-0.043303567429359195,True
3543,0.36507936507936506,0.873015873015873,0.271879081630969,0.12421368273754466,-0.047708182314167964,True
3544,0.38095238095238093,0.873015873015873,0.2839109518973694,0.11549430431336226,-0.052065057747878354,True
3545,0.3968253968253968,0.873015873015873,0.2947405519386406,0.10669202956334338,-0.056290645158227896,True
3546,0.4126984126984127,0.873015873015873,0.3044469094331392,0.09796050032456108,-0.06032759980736146,True
3547,0.42857142857142855,0.873015873015873,0.31287530920305306,0.08923391886193253,-0.06409549475449813,True
3548,0.4444444444444444,0.873015873015873,0.32028059725568825,0.0807321336977532,-0.06757326430482602,True
3549,0.4603174603174603,0.873015873015873,0.3264894341514277,0.07231435138430334,-0.07069687250612593,True
3550,0.47619047619047616,0.873015873015873,0.33159698781162594,0.0641392442309286,-0.073436124748178,True
3551,0.49206349206349204,0.873015873015873,0.3355820511998259,0.05610972826005174,-0.07576196524740313,True
3552,0.5079365079365079,0.873015873015873,0.33849113001440545,0.048336159388785424,-0.07764980578958311,True
3553,0.5238095238095237,0.873015873015873,0.3403099864476023,0.04075211580161025,-0.07907679088771359,True
3554,0.5396825396825397,0.873015873015873,0.34113456249527235,0.03343832451511591,-0.08004660084205216,True
3555,0.5555555555555556,0.873015873015873,0.3408584614138006,0.02625415860967395,-0.08053314016564586,True
3556,0.5714285714285714,0.873015873015873,0.3396489528501419,0.019389629243004587,-0.08055084395775292,True
3557,0.5873015873015872,0.873015873015873,0.33732851321400587,0.012597072515449398,-0.08007053107283782,True
3558,0.6031746031746031,0.873015873015873,0.3341366451177054,0.00611369495873795,-0.07913583685248772,True
3559,0.6190476190476191,0.873015873015873,0.32990354439116165,-0.00027926335187284474,-0.07771751950957882,True
3560,0.6349206349206349,0.873015873015873,0.3247477039974246,-0.006491888456873295,-0.0758311912140722,True
3561,0.6507936507936507,0.873015873015873,0.31860694118793015,-0.012645563438583174,-0.07349424899975031,True
3562,0.6666666666666666,0.873015873015873,0.31160409777804127,-0.01867519198491606,-0.07071329554665953,True
3563,0.6825396825396826,0.873015873015873,0.30365063556476907,-0.024734283179121783,-0.0675020000443973,True
3564,0.6984126984126984,0.873015873015873,0.2948115453747734,-0.030867608917977536,-0.06386945595585178,True
3565,0.7142857142857142,0.873015873015873,0.2850852168756695,-0.037184636446118045,-0.05983009191937441,True
3566,0.7301587301587301,0.873015873015873,0.2745140931271606,-0.04386512579292984,-0.05538449788705412,True
3567,0.746031746031746,0.873015873015873,0.2630473511799958,-0.05107723856863572,-0.050546619625647334,True
3568,0.7619047619047619,0.873015873015873,0.25071382138546344,-0.05912319450624641,-0.04530565913642892,True
3569,0.7777777777777777,0.873015873015873,0.23747632630861748,-0.06837241083874893,-0.03965078783709166,True
3570,0.7936507936507936,0.873015873015873,0.22327717193849786,-0.0793317662974045,-0.03355314848375606,True
3571,0.8095238095238095,0.873015873015873,0.20805055429702218,-0.09269097825137083,-0.02695883889002399,True
3572,0.8253968253968254,0.873015873015873,0.1915473535821645,-0.10932733785178729,-0.019836920129870456,True
3573,0.8412698412698412,0.873015873015873,0.17360827923993905,-0.1305001992351234,-0.012089465838785136,True
3574,0.8571428571428571,0.873015873015873,0.15386177886552677,-0.1577751877376725,-0.0036097207136822577,True
3575,0.873015873015873,0.873015873015873,0.13178980585996614,-0.19322759042031626,0.0056647701121174945,True
3576,0.8888888888888888,0.873015873015873,0.10676188370092597,-0.23966743323770962,0.015763702063399197,True
3577,0.9047619047619047,0.873015873015873,0.07796648775114527,-0.3008962767527378,0.02660305615601613,True
3578,0.9206349206349206,0.873015873015873,0.04459116024951783,-0.3823348103371802,0.037869088926392125,True
3579,0.9365079365079365,0.873015873015873,0.007215803233684144,-0.48965057074360785,0.048978834053817207,True
3580,0.9523809523809523,0.873015873015873,-0.026895995353013746,-0.6101685043730227,0.05880330964242715,True
3581,0.9682539682539681,0.873015873015873,-0.03884697478118673,-0.6597046983754511,0.06562446044077609,True
3582,0.9841269841269841,0.873015873015873,-0.01892572992310938,-0.4780826327445836,0.06783527070068718,True
3583,1.0,0.873015873015873,4.8489291063881804e-08,-1.3676648159698191e-05,0.06526708873874913,True
3584,0.0,0.8888888888888888,-4.7584183478940706e-07,-1.4734697852198335e-05,-0.031909967818943834,True
3585,0.015873015873015872,0.8888888888888888,-0.004584680536317629,0.041236682105610586,-0.032668190488139924,True
3586,0.031746031746031744,0.8888888888888888,-0.014208422852029721,0.07450044052344897,-0.03287417673387242,True
3587,0.047619047619047616,0.8888888888888888,-0.02348187271204283,0.09947406045587819,-0.03230342215938112,True
3588,0.06349206349206349,0.8888888888888888,-0.029163063924673,0.11829281887686567,-0.03092084055549776,True
3589,0.07936507936507936,0.8888888888888888,-0.030012627588385406,0.1327924008001239,-0.028799307849776877,True
3590,0.09523809523809523,0.8888888888888888,-0.025876622653510956,0.14418787079720854,-0.026131057800471633,True
3591,0.1111111111111111,0.8888888888888888,-0.01720419409125153,0.15317455488898366,-0.023180609563380493,True
3592,0.12698412698412698,0.8888888888888888,-0.00471674216197314,0.16002283813767187,-0.020220788625114776,True
3593,0.14285714285714285,0.8888888888888888,0.010845820944034126,0.16486329275030495,-0.01750524570565618,True
3594,0.15873015873015872,0.8888888888888888,0.028718776110330566,0.16792564961573117,-0.015258829781781214,True
3595,0.1746031746031746,0.8888888888888888,0.04824998606729913,0.16933456397615168,-0.013639349846970376,True
3596,0.19047619047619047,0.8888888888888888,0.06884321236797443,0.16923894045845123,-0.012759103275029634,True
3597,0.20634920634920634,0.8888888888888888,0.09005924718290666,0.16781988075341267,-0.012652309409464074,True
3598,0.2222222222222222,0.8888888888888888,0.11148404574679918,0.16522240209752884,-0.013336823499856014,True
3599,0.23809523809523808,0.8888888888888888,0.1327528425166543,0.16160576547069852,-0.014779422645437565,True
3600,0.25396825396825395,0.8888888888888888,0.15370224933916868,0.15712862775080835,-0.01691872020409648,True
3601,0.2698412698412698,0.8888888888888888,0.1740571376018676,0.15190073852258276,-0.01968545260010032,True
3602,0.2857142857142857,0.8888888888888888,0.19368136732505448,0.1460644903267553,-0.022983126354356148,True
3603,0.30158730158730157,0.8888888888888888,0.2123927143812498,0.1396866446690574,-0.026725422468513532,True
3604,0.31746031746031744,0.8888888888888888,0.23017715363514224,0.13293609979925666,-0.030799096705676234,True
3605,0.3333333333333333,0.8888888888888888,0.24687067629386997,0.12584203294708163,-0.03511005285238511,True
3606,0.3492063492063492,0.8888888888888888,0.2624323460769094,0.11850668327721227,-0.039563556396268615,True
3607,0.36507936507936506,0.8888888888888888,0.2768925083576804,0.11105847891496978,-0.04406260518680539,True
3608,0.38095238095238093,0.8888888888888888,0.29007184438881733,0.10344557767257288,-0.048518865379910285,True
3609,0.3968253968253968,0.8888888888888888,0.3021266965943301,0.09589515207989346,-0.05286471561199146,True
3610,0.4126984126984127,0.8888888888888888,0.31292137236110945,0.08829849136356135,-0.05701800650808606,True
3611,0.42857142857142855,0.8888888888888888,0.3225541232634275,0.08081872203389734,-0.06092839739670588,True
3612,0.4444444444444444,0.8888888888888888,0.3309297028636317,0.07340673765165207,-0.0645256340573871,True
3613,0.4603174603174603,0.8888888888888888,0.3382311900423345,0.06622210101397188,-0.06778710616753385,True
3614,0.47619047619047616,0.8888888888888888,0.34425794584129815,0.05907197458823543,-0.07064754759225891,True
3615,0.49206349206349204,0.8888888888888888,0.34928814070212866,0.05222579420612273,-0.07311158871878089,True
3616,0.5079365079365079,0.8888888888888888,0.3531225805318147,0.04549352379452571,-0.07512317952593048,True
3617,0.5238095238095237,0.8888888888888888,0.35593534997789567,0.039018446833814495,-0.07666573096959976,True
3618,0.5396825396825397,0.8888888888888888,0.35764796060818005,0.03268608281390659,-0.077749688886663,True
3619,0.5555555555555556,0.8888888888888888,0.3583590270857107,0.026574621025029506,-0.07834054712750065,True
3620,0.5714285714285714,0.8888888888888888,0.35807056094785417,0.02065783239615158,-0.07844689355906383,True
3621,0.5873015873015872,0.8888888888888888,0.35679986611773684,0.014908349484259507,-0.0780644573136067,True
3622,0.6031746031746031,0.8888888888888888,0.3545760520705735,0.00933375303810323,-0.07719221279495828,True
3623,0.6190476190476191,0.8888888888888888,0.3514230792222746,0.003911744854061756,-0.0758399992676912,True
3624,0.6349206349206349,0.8888888888888888,0.34734471915632115,-0.001414132786969059,-0.07399759944508406,True
3625,0.6507936507936507,0.8888888888888888,0.3423864289699924,-0.006616275166823504,-0.07169546509566661,True
3626,0.6666666666666666,0.8888888888888888,0.3365774878425192,-0.011766037220228936,-0.06892314299300606,True
3627,0.6825396825396826,0.8888888888888888,0.3298609352192134,-0.016943175548929303,-0.06569708186245563,True
3628,0.6984126984126984,0.8888888888888888,0.3222851490024817,-0.02221742135921155,-0.062018860656500044,True
3629,0.7142857142857142,0.8888888888888888,0.31391090983322545,-0.02767237592330831,-0.05788870445262187,True
3630,0.7301587301587301,0.8888888888888888,0.30465789050778774,-0.033499004501680855,-0.05330851743352761,True
3631,0.746031746031746,0.8888888888888888,0.29454257661401545,-0.039818953135167826,-0.04826785005184118,True
3632,0.7619047619047619,0.8888888888888888,0.2834741765217629,-0.04694092793143308,-0.042751757388392125,True
3633,0.7777777777777777,0.8888888888888888,0.2714530385296626,-0.055233315825174975,-0.036720416531553376,True
3634,0.7936507936507936,0.8888888888888888,0.25837580119859743,-0.06513310360957232,-0.03011458181757262,True
3635,0.8095238095238095,0.8888888888888888,0.24404125406656016,-0.07724023589872538,-0.022861700520609814,True
3636,0.8253968253968254,0.8888888888888888,0.22817727737228422,-0.09238855151531816,-0.014875529934779894,True
3637,0.8412698412698412,0.8888888888888888,0.21051105127101952,-0.11173180124482926,-0.0060246015280197894,True
3638,0.8571428571428571,0.8888888888888888,0.19055367474413665,-0.136663721005849,0.0038555162176357014,True
3639,0.873015873015873,0.8888888888888888,0.16770258987439568,-0.16923573782830692,0.014838171124543099,True
3640,0.8888888888888888,0.8888888888888888,0.1411797976661108,-0.2119805808233923,0.027083018640647025,True
3641,0.9047619047619047,0.8888888888888888,0.1100055872437715,-0.2685167103869719,0.04041298623151809,True
3642,0.9206349206349206,0.8888888888888888,0.07310973756269787,-0.34445025182802613,0.054602614260630476,True
3643,0.9365079365079365,0.8888888888888888,0.030125023246194208,-0.44793830179561456,0.0688560288741199,True
3644,0.9523809523809523,0.8888888888888888,-0.013523749658181684,-0.5775592216097148,0.08176345371323354,True
3645,0.9682539682539681,0.8888888888888888,-0.03683051076294082,-0.660541372244076,0.09103804946267137,True
3646,0.9841269841269841,0.8888888888888888,-0.020987157079597297,-0.5074031901395318,0.09454883196898928,True
3647,1.0,0.8888888888888888,6.007630863182276e-07,8.607261810105012e-05,0.09187844920826992,True
3648,0.0,0.9047619047619047,1.0080383420606174e-06,-7.477433880204406e-05,-0.03240477449775236,True
3649,0.015873015873015872,0.9047619047619047,-0.0077216129517101665,0.051879499579627064,-0.0336538011040815,True
3650,0.031746031746031744,0.9047619047619047,-0.023170134921650053,0.08751717240532828,-0.033925484294884053,True
3651,0.047619047619047616,0.9047619047619047,-0.037539993715739926,0.10935585072294152,-0.033057414314681316,True
3652,0.06349206349206349,0.9047619047619047,-0.046435875913755434,0.12278669899314779,-0.031164994921504575,True
3653,0.07936507936507936,0.9047619047619047,-0.04880669207709997,0.1315803450240913,-0.028447229953745535,True
3654,0.09523809523809523,0.9047619047619047,-0.044999717955208275,0.13767434760395417,-0.025167418432145604,True
3655,0.1111111111111111,0.9047619047619047,-0.035880953650317855,0.14211023403646306,-0.02164481350254798,True
3656,0.12698412698412698,0.9047619047619047,-0.022439593039876488,0.14531721663295818,-0.018192173083959293,True
3657,0.14285714285714285,0.9047619047619047,-0.0056439983149168356,0.14737681174140238,-0.015061563091999948,True
3658,0.15873015873015872,0.9047619047619047,0.013668011216513586,0.1483957374216151,-0.012485295473236785,True
3659,0.1746031746031746,0.9047619047619047,0.034753211601331255,0.14839337579073436,-0.0105983038918238,True
3660,0.19047619047619047,0.9047619047619047,0.05695251434557763,0.14745727089773447,-0.009514201090049386,True
3661,0.20634920634920634,0.9047619047619047,0.0797842965161045,0.14564148802532448,-0.009256584773270939,True
3662,0.2222222222222222,0.9047619047619047,0.10284376807930999,0.14301354290348978,-0.009832861106056835,True
3663,0.23809523809523808,0.9047619047619047,0.12574208552041782,0.13966232226053948,-0.01120511740213009,True
3664,0.25396825396825395,0.9047619047619047,0.14825068884341977,0.1356716765180354,-0.013308581180260824,True
3665,0.2698412698412698,0.9047619047619047,0.1701270673798297,0.13110904393915535,-0.01606376078492338,True
3666,0.2857142857142857,0.9047619047619047,0.19130423941072422,0.12611317476001777,-0.01937436531655411,True
3667,0.30158730158730157,0.9047619047619047,0.21155008815125784,0.12070876127526037,-0.023149031697009884,True
3668,0.31746031746031744,0.9047619047619047,0.23076711612855158,0.11498111769187129,-0.027271451301843202,True
3669,0.3333333333333333,0.9047619047619047,0.24888966076805474,0.10899433747984062,-0.03164759311364303,True
3670,0.3492063492063492,0.9047619047619047,0.26588542865507864,0.10282881330023584,-0.03617875154281961,True
3671,0.36507936507936506,0.9047619047619047,0.28169899381436597,0.09655335508887213,-0.0407662348362313,True
3672,0.38095238095238093,0.9047619047619047,0.2962756462639773,0.09017686438867883,-0.04532670136420451,True
3673,0.3968253968253968,0.9047619047619047,0.30966642661604293,0.08381550743108417,-0.04977967946873019,True
3674,0.4126984126984127,0.9047619047619047,0.3217815840030994,0.07743672194867324,-0.05404788346566236,True
3675,0.42857142857142855,0.9047619047619047,0.3327908022080392,0.07120089125192536,-0.05807740833534824,True
3676,0.4444444444444444,0.9047619047619047,0.3424417476660989,0.06494051834637965,-0.061796057292756765,True
3677,0.4603174603174603,0.9047619047619047,0.35103387492905,0.05888780669078546,-0.0651764408717348,True
3678,0.47619047619047616,0.9047619047619047,0.35845963161121425,0.05295836416706251,-0.06816587160404622,True
3679,0.49206349206349204,0.9047619047619047,0.36472047213405057,0.04717191216328442,-0.07074620685124157,True
3680,0.5079365079365079,0.9047619047619047,0.3699032954599535,0.04154583751082247,-0.0728731044321751,True
3681,0.5238095238095237,0.9047619047619047,0.37405734130516266,0.03609920671431027,-0.07452908950107703,True
3682,0.5396825396825397,0.9047619047619047,0.37712099235660085,0.03081898451876406,-0.07572143328309626,True
3683,0.5555555555555556,0.9047619047619047,0.37922903650135675,0.025705195428307185,-0.0764112665903042,True
3684,0.5714285714285714,0.9047619047619047,0.3803876307114706,0.020745057640783774,-0.07660068535352373,True
3685,0.5873015873015872,0.9047619047619047,0.38054018609430357,0.01595810114526321,-0.07631100820711358,True
3686,0.6031746031746031,0.9047619047619047,0.37982284823248996,0.011303649816270028,-0.075509393543479,True
3687,0.6190476190476191,0.9047619047619047,0.3782021742939198,0.006751444429354892,-0.07420508637685543,True
3688,0.6349206349206349,0.9047619047619047,0.37570726610576916,0.0023586061397371278,-0.07242656951707586,True
3689,0.6507936507936507,0.9047619047619047,0.3723221710580762,-0.001996946556680582,-0.07015059520434157,True
3690,0.6666666666666666,0.9047619047619047,0.3681712100985991,-0.006311031007431366,-0.06738412446476713,True
3691,0.6825396825396826,0.9047619047619047,0.3631415994870223,-0.010644286138441015,-0.06414025803621562,True
3692,0.6984126984126984,0.9047619047619047,0.35729147969432135,-0.015071236316432465,-0.06041119826055393,True
3693,0.7142857142857142,0.9047619047619047,0.3505714251463861,-0.01969176551189001,-0.05619608953415176,True
3694,0.7301587301587301,0.9047619047619047,0.3430932136254563,-0.024622123315823096,-0.05146723395083253,True
3695,0.746031746031746,0.9047619047619047,0.3345969582147094,-0.03005043391701894,-0.04622239655633236,True
3696,0.7619047619047619,0.9047619047619047,0.32513149752543397,-0.0361993643580124,-0.04041335517619822,True
3697,0.7777777777777777,0.9047619047619047,0.314601224507474,-0.04339278372699075,-0.03397944757058141,True
3698,0.7936507936507936,0.9047619047619047,0.3028651622841162,-0.05203964280091026,-0.026833833888812417,True
3699,0.8095238095238095,0.9047619047619047,0.2896184183294835,-0.06267239446024321,-0.01887995880405334,True
3700,0.8253968253968254,0.9047619047619047,0.2746231829994268,-0.07603715255195678,-0.009946705768855786,True
3701,0.8412698412698412,0.9047619047619047,0.2573844710697712,-0.09312504883964255,0.00012083579678894743,True
3702,0.8571428571428571,0.9047619047619047,0.23734153468366675,-0.1152384984771403,0.011555505266221679,True
3703,0.873015873015873,0.9047619047619047,0.21372136058935515,-0.14413951574809822,0.024574886104679623,True
3704,0.8888888888888888,0.9047619047619047,0.1855348941104772,-0.18223365597058663,0.03935695224503935,True
3705,0.9047619047619047,0.9047619047619047,0.15162608982456144,-0.23302352932256867,0.05581219783938985,True
3706,0.9206349206349206,0.9047619047619047,0.11053743006961805,-0.3018871176402714,0.07379712004516083,True
3707,0.9365079365079365,0.9047619047619047,0.06124825186270387,-0.3986101246419798,0.0922115626833445,True
3708,0.9523809523809523,0.9047619047619047,0.006637727078654936,-0.5318388263724076,0.10942192856660289,True
3709,0.9682539682539681,0.9047619047619047,-0.03223993808225273,-0.6505248275687434,0.1224226715289613,True
3710,0.9841269841269841,0.9047619047619047,-0.023481256151266446,-0.5372007749833121,0.12797222488977547,True
3711,1.0,0.9047619047619047,-1.0997137574648432e-07,7.66192113726496e-05,0.12516464095938318,True
3712,0.0,0.9206349206349206,1.613244622959377e-06,-7.530947767419515e-05,-0.033867490404628324,True
3713,0.015873015873015872,0.9206349206349206,-0.01272926288635397,0.06912210115700446,-0.0358609987409607,True
3714,0.031746031746031744,0.9206349206349206,-0.036322444905579725,0.10716869178806956,-0.03607151498885195,True
3715,0.047619047619047616,0.9206349206349206,-0.056398622710969994,0.1235332907968992,-0.03461554398609399,True
3716,0.06349206349206349,0.9206349206349206,-0.06785240581299785,0.1292362671889189,-0.03191082152529838,True
3717,0.07936507936507936,0.9206349206349206,-0.07051534456247571,0.13061979599500367,-0.028355289969511453,True
3718,0.09523809523809523,0.9206349206349206,-0.06570198548412128,0.13048307013002566,-0.024323935555331848,True
3719,0.1111111111111111,0.9206349206349206,-0.054993443354978425,0.12985011108422476,-0.020161369505261192,True
3720,0.12698412698412698,0.9206349206349206,-0.03965563007870473,0.1291119979681478,-0.016198771283899814,True
3721,0.14285714285714285,0.9206349206349206,-0.020886244221523607,0.12822575045237702,-0.012680633187735225,True
3722,0.15873015873015872,0.9206349206349206,0.00041004915040940705,0.1271237380994699,-0.009810552512022107,True
3723,0.1746031746031746,0.9206349206349206,0.023371270060943677,0.12573550939188774,-0.007718351158587531,True
3724,0.19047619047619047,0.9206349206349206,0.04741083722642993,0.12396813222080458,-0.006478775632626117,True
3725,0.20634920634920634,0.9206349206349206,0.07207880109099464,0.12176664925591217,-0.006127571375102422,True
3726,0.2222222222222222,0.9206349206349206,0.09693235946644212,0.11912112550862045,-0.006649289317830419,True
3727,0.23809523809523808,0.9206349206349206,0.12159632145060732,0.11605383190091141,-0.007992119301737191,True
3728,0.25396825396825395,0.9206349206349206,0.14578542297739852,0.11259192416745811,-0.010081819469658084,True
3729,0.2698412698412698,0.9206349206349206,0.16943816344580198,0.10875560998538912,-0.012855622988813025,True
3730,0.2857142857142857,0.9206349206349206,0.19216561900903886,0.10459609800149126,-0.016186087526087557,True
3731,0.30158730158730157,0.9206349206349206,0.21404071785507311,0.10015261289547178,-0.019997116861435744,True
3732,0.31746031746031744,0.9206349206349206,0.23495738618808903,0.09548665438277255,-0.024180883479384796,True
3733,0.3333333333333333,0.9206349206349206,0.25472664975236253,0.09063033822521921,-0.028621801118582986,True
3734,0.3492063492063492,0.9206349206349206,0.27336078550598425,0.08561077421830329,-0.03322674932948866,True
3735,0.36507936507936506,0.9206349206349206,0.2908276485556587,0.080569080756656,-0.0378976993934898,True
3736,0.38095238095238093,0.9206349206349206,0.30701809559856985,0.0753867564280152,-0.04254439550579518,True
3737,0.3968253968253968,0.9206349206349206,0.3220810744191226,0.07026034451769719,-0.04709374978054678,True
3738,0.4126984126984127,0.9206349206349206,0.33587243297527725,0.06511366117149625,-0.05146446028792623,True
3739,0.42857142857142855,0.9206349206349206,0.3485160972849265,0.06000506492176377,-0.05558941067137011,True
3740,0.4444444444444444,0.9206349206349206,0.36003499523490406,0.05502217732778982,-0.059419956115329055,True
3741,0.4603174603174603,0.9206349206349206,0.3702676131767744,0.05007373694657042,-0.0629008857070603,True
3742,0.47619047619047616,0.9206349206349206,0.37938245289646544,0.045280917375047885,-0.06600837735628891,True
3743,0.49206349206349204,0.9206349206349206,0.3874060806869142,0.040586002767762544,-0.06868821103226555,True
3744,0.5079365079365079,0.9206349206349206,0.39445914198114795,0.0360264073264812,-0.07090848203973274,True
3745,0.5238095238095237,0.9206349206349206,0.4003825874338015,0.03161059989298013,-0.07267154513934528,True
3746,0.5396825396825397,0.9206349206349206,0.40528555417665985,0.027334114467782954,-0.07395220829704942,True
3747,0.5555555555555556,0.9206349206349206,0.40922656253392364,0.023189603649885496,-0.07473445974073996,True
3748,0.5714285714285714,0.9206349206349206,0.4121825426793681,0.019186751858914455,-0.07501869761729293,True
3749,0.5873015873015872,0.9206349206349206,0.4142888722739356,0.015298720379462937,-0.07478430068929587,True
3750,0.6031746031746031,0.9206349206349206,0.41545934523530353,0.011547002127053872,-0.07405121829169964,True
3751,0.6190476190476191,0.9206349206349206,0.41573871706591886,0.00789216651429926,-0.07281051576783447,True
3752,0.6349206349206349,0.9206349206349206,0.4151729695097494,0.004325577777580045,-0.07106247772388856,True
3753,0.6507936507936507,0.9206349206349206,0.4137309299151147,0.0008301477845180927,-0.0688149660677093,True
3754,0.6666666666666666,0.9206349206349206,0.41150309305414934,-0.0026686541750729816,-0.06605241457905665,True
3755,0.6825396825396826,0.9206349206349206,0.4083960601926025,-0.006164246615394849,-0.06279079702631891,True
3756,0.6984126984126984,0.9206349206349206,0.4045024880825557,-0.009742153682151812,-0.059008060529468095,True
3757,0.7142857142857142,0.9206349206349206,0.3996388287805775,-0.013530618235709089,-0.054701337390136,True
3758,0.7301587301587301,0.9206349206349206,0.3939460545180856,-0.01753264098778909,-0.049837420654766304,True
3759,0.746031746031746,0.9206349206349206,0.3872606455015643,-0.021999472298551478,-0.04437983370226032,True
3760,0.7619047619047619,0.9206349206349206,0.37957328033288085,-0.027099638135778103,-0.0382641813027707,True
3761,0.7777777777777777,0.9206349206349206,0.3705907035959662,-0.03304321408498398,-0.031420657389039264,True
3762,0.7936507936507936,0.9206349206349206,0.3602462013206815,-0.04024720966749626,-0.023722655651468184,True
3763,0.8095238095238095,0.9206349206349206,0.34819904512902067,-0.04919355838402584,-0.015033175109274596,True
3764,0.8253968253968254,0.9206349206349206,0.3340813303767279,-0.06036013627435737,-0.005109313850625878,True
3765,0.8412698412698412,0.9206349206349206,0.31736149800179386,-0.07476527038715261,0.0062573151660351755,True
3766,0.8571428571428571,0.9206349206349206,0.2972848778598257,-0.0933654972830592,0.019405074255941308,True
3767,0.873015873015873,0.9206349206349206,0.27298003377315355,-0.11786953707445445,0.03465440992065908,True
3768,0.8888888888888888,0.9206349206349206,0.24314711012861376,-0.15030515713157117,0.05231020134799826,True
3769,0.9047619047619047,0.9206349206349206,0.20630087909140915,-0.1939203654871724,0.07254770314085489,True
3770,0.9206349206349206,0.9206349206349206,0.16062940889720978,-0.2540336017863446,0.09518022285417115,True
3771,0.9365079365079365,0.9206349206349206,0.10411963432183244,-0.340679953484337,0.11925738939374023,True
3772,0.9523809523809523,0.9206349206349206,0.0369002214375261,-0.47066048556160367,0.1427502192891408,True
3773,0.9682539682539681,0.9206349206349206,-0.022432222598687,-0.6219336011644417,0.1615914573608068,True
3774,0.9841269841269841,0.9206349206349206,-0.02661473511419324,-0.5673781654376812,0.1705651801642168,True
3775,1.0,0.9206349206349206,1.3285686519548939e-06,6.516553614137911e-05,0.16781633913042782,True
3776,0.0,0.9365079365079365,-8.837753581959003e-06,0.00010396519280989562,-0.03741716815689497,True
3777,0.015873015873015872,0.9365079365079365,-0.021065598452057206,0.09652480878180279,-0.0405407429027635,True
3778,0.031746031746031744,0.9365079365079365,-0.055393513950386684,0.13459712505698126,-0.04023792732102097,True
3779,0.047619047619047616,0.9365079365079365,-0.07988905854211509,0.1405970456822424,-0.03750766245188066,True
3780,0.06349206349206349,0.9365079365079365,-0.09063869097789257,0.13538089112770102,-0.033457696805440675,True
3781,0.07936507936507936,0.9365079365079365,-0.09009339767130745,0.12771654219712428,-0.028711399692731444,True
3782,0.09523809523809523,0.9365079365079365,-0.08124981311800535,0.12064562732340779,-0.023729776637906628,True
3783,0.1111111111111111,0.9365079365079365,-0.06648834703578212,0.11484535333518484,-0.01885512878432932,True
3784,0.12698412698412698,0.9365079365079365,-0.04738125426564899,0.11025692694926112,-0.014371540166688809,True
3785,0.14285714285714285,0.9365079365079365,-0.025363894530803434,0.10660691708288046,-0.010486748309545785,True
3786,0.15873015873015872,0.9365079365079365,-0.001090696182843406,0.10357279068147776,-0.007369354922381437,True
3787,0.1746031746031746,0.9365079365079365,0.024575263642685075,0.10091467045303518,-0.005119811311805538,True
3788,0.19047619047619047,0.9365079365079365,0.05092851459666261,0.09842906769865718,-0.003779879437213136,True
3789,0.20634920634920634,0.9365079365079365,0.07784949190194865,0.09593542510933561,-0.0033738426646981643,True
3790,0.2222222222222222,0.9365079365079365,0.10482874443365067,0.09335707168547808,-0.0038724194427604136,True
3791,0.23809523809523808,0.9365079365079365,0.13133957929577486,0.09063337057770116,-0.005203310006098851,True
3792,0.25396825396825395,0.9365079365079365,0.15752181881606928,0.08772254044519684,-0.00731395089811219,True
3793,0.2698412698412698,0.9365079365079365,0.18303077036971702,0.08460265395906452,-0.0101089560385705,True
3794,0.2857142857142857,0.9365079365079365,0.2076254567631833,0.08132758439240503,-0.013476452392933875,True
3795,0.30158730158730157,0.9365079365079365,0.23131447880016442,0.07786322427625751,-0.01732763827504807,True
3796,0.31746031746031744,0.9365079365079365,0.2541093473362195,0.07423719002370474,-0.0215586418524506,True
3797,0.3333333333333333,0.9365079365079365,0.27575033115810066,0.07049531399555425,-0.026055031770426597,True
3798,0.3492063492063492,0.9365079365079365,0.29631457218183826,0.06665422674556781,-0.03072102659163938,True
3799,0.36507936507936506,0.9365079365079365,0.3156231390134125,0.06274979068236569,-0.03545735265115911,True
3800,0.38095238095238093,0.9365079365079365,0.33374335143343575,0.058812037719565,-0.040179436979616616,True
3801,0.3968253968253968,0.9365079365079365,0.350745799156727,0.054860790484021815,-0.04480393802793034,True
3802,0.4126984126984127,0.9365079365079365,0.3666446757562719,0.0509243450218864,-0.04925407320014404,True
3803,0.42857142857142855,0.9365079365079365,0.3811576158509441,0.046994403626636386,-0.05346639814720429,True
3804,0.4444444444444444,0.9365079365079365,0.39469069383706856,0.043168821443712736,-0.057383527934030516,True
3805,0.4603174603174603,0.9365079365079365,0.4070182300552512,0.039360704848623335,-0.060947807137212553,True
3806,0.47619047619047616,0.9365079365079365,0.41806831476794637,0.035684192848242924,-0.06414487297776782,True
3807,0.49206349206349204,0.9365079365079365,0.4281302755640458,0.03207763313849813,-0.06691037862530362,True
3808,0.5079365079365079,0.9365079365079365,0.43724263287230786,0.028575118313930874,-0.06921581194014385,True
3809,0.5238095238095237,0.9365079365079365,0.4450864779238098,0.02517288229524366,-0.07106371417050232,True
3810,0.5396825396825397,0.9365079365079365,0.4519849466141801,0.02191727858964319,-0.07242489680964873,True
3811,0.5555555555555556,0.9365079365079365,0.4578965499888109,0.018707452065546446,-0.07327030374884287,True
3812,0.5714285714285714,0.9365079365079365,0.4628323991241441,0.015680300168205905,-0.07362705649577406,True
3813,0.5873015873015872,0.9365079365079365,0.4667968034956302,0.012709860288173296,-0.07346235176078698,True
3814,0.6031746031746031,0.9365079365079365,0.47000865234575323,0.00986394163408129,-0.07277393304992337,True
3815,0.6190476190476191,0.9365079365079365,0.4720292682892778,0.007078064854685211,-0.07158933612380597,True
3816,0.6349206349206349,0.9365079365079365,0.4732972332386545,0.004380804630848971,-0.06988029726885359,True
3817,0.6507936507936507,0.9365079365079365,0.473761882841933,0.0017184972195560374,-0.0676437122652425,True
3818,0.6666666666666666,0.9365079365079365,0.4733492226171156,-0.0009081190816182142,-0.06488811106521468,True
3819,0.6825396825396826,0.9365079365079365,0.47199769983427287,-0.0035587752596859777,-0.06160630333343974,True
3820,0.6984126984126984,0.9365079365079365,0.4698604047688131,-0.00627806906971963,-0.05777152521074838,True
3821,0.7142857142857142,0.9365079365079365,0.46673590580588553,-0.009130517310848196,-0.05337464924705012,True
3822,0.7301587301587301,0.9365079365079365,0.4626188973209916,-0.012196705947110809,-0.048377569880891085,True
3823,0.746031746031746,0.9365079365079365,0.4575284035618811,-0.015602661627325992,-0.0427149547386904,True
3824,0.7619047619047619,0.9365079365079365,0.4513003761634938,-0.019531993148269398,-0.03631596209690222,True
3825,0.7777777777777777,0.9365079365079365,0.443774142202956,-0.02414221743316345,-0.029064538926638447,True
3826,0.7936507936507936,0.9365079365079365,0.43462368525169526,-0.029719653075542304,-0.020832237499466687,True
3827,0.8095238095238095,0.9365079365079365,0.42368242574308496,-0.036638391863608476,-0.011384369966106603,True
3828,0.8253968253968254,0.9365079365079365,0.41036898217003187,-0.04542137806586208,-0.0005091860696732571,True
3829,0.8412698412698412,0.9365079365079365,0.39418813437381606,-0.05669574686496142,0.012178274327946092,True
3830,0.8571428571428571,0.9365079365079365,0.37417594223809036,-0.07130360860686592,0.027036274747575487,True
3831,0.873015873015873,0.9365079365079365,0.3493765755297274,-0.09057183187784251,0.04461334628265624,True
3832,0.8888888888888888,0.9365079365079365,0.3182200020408578,-0.11631067350073288,0.06536705388633365,True
3833,0.9047619047619047,0.9365079365079365,0.2788386707546355,-0.15140408640907144,0.08974057013769003,True
3834,0.9206349206349206,0.9365079365079365,0.22869154052940263,-0.20049979214568345,0.1179403320551594,True
3835,0.9365079365079365,0.9365079365079365,0.16464287190596535,-0.2733202198846447,0.14943059738881254,True
3836,0.9523809523809523,0.9365079365079365,0.08368132725038761,-0.3911851317862867,0.18213183253805323,True
3837,0.9682539682539681,0.9365079365079365,-0.0027889401803543384,-0.5671647845680077,0.21084616747138077,True
3838,0.9841269841269841,0.9365079365079365,-0.030493039687812144,-0.5940279393810189,0.22653776936444475,True
3839,1.0,0.9365079365079365,4.339804032800933e-06,0.0002409267113051759,0.22414655909075884,True
3840,0.0,0.9523809523809523,-2.9825171422001394e-06,-6.983946110700976e-05,-0.04567420345790224,True
3841,0.015873015873015872,0.9523809523809523,-0.03572426356453633,0.13935505707569698,-0.05047259342162177,True
3842,0.031746031746031744,0.9523809523809523,-0.08085786702882156,0.16801691971716,-0.04798635329367021,True
3843,0.047619047619047616,0.9523809523809523,-0.10119901703785429,0.15487208542129233,-0.042314250506139954,True
3844,0.06349206349206349,0.9523809523809523,-0.10091752936141077,0.13489618789901894,-0.035887679716443764,True
3845,0.07936507936507936,0.9523809523809523,-0.08872853462590025,0.1176177700771706,-0.02948363164269764,True
3846,0.09523809523809523,0.9523809523809523,-0.06908423834504851,0.10410131857523182,-0.023351068090084946,True
3847,0.1111111111111111,0.9523809523809523,-0.04552571166488143,0.09403270719034686,-0.017719494301261133,True
3848,0.12698412698412698,0.9523809523809523,-0.019334705069879585,0.08653075661477257,-0.01273396744838597,True
3849,0.14285714285714285,0.9523809523809523,0.008582597376591892,0.08090886006937525,-0.00854016022379099,True
3850,0.15873015873015872,0.9523809523809523,0.03743028342424057,0.07662162939461517,-0.005235252947796661,True
3851,0.1746031746031746,0.9523809523809523,0.06639347230828924,0.07322311945153887,-0.0028703051836225357,True
3852,0.19047619047619047,0.9523809523809523,0.09584959832378595,0.07038772127024157,-0.0014846093305536535,True
3853,0.20634920634920634,0.9523809523809523,0.1249731524401505,0.06788939436155658,-0.0010520572666429262,True
3854,0.2222222222222222,0.9523809523809523,0.15398843474177118,0.06556567834201338,-0.0015456881880187214,True
3855,0.23809523809523808,0.9523809523809523,0.18238217994964737,0.06329850191627936,-0.002891788702360979,True
3856,0.25396825396825395,0.9523809523809523,0.21020738866408076,0.06102621091097423,-0.005020510129694154,True
3857,0.2698412698412698,0.9523809523809523,0.23727275377151047,0.05869048472055363,-0.007837670157241508,True
3858,0.2857142857142857,0.9523809523809523,0.26348816549144966,0.05629481934899129,-0.011241199559739417,True
3859,0.30158730158730157,0.9523809523809523,0.2886230309745715,0.0538031067297079,-0.015125585119962644,True
3860,0.31746031746031744,0.9523809523809523,0.312823299991578,0.0512296449092286,-0.019390257853387133,True
3861,0.3333333333333333,0.9523809523809523,0.33596213642525347,0.04858269242682796,-0.02392883428709313,True
3862,0.3492063492063492,0.9523809523809523,0.3578954922148358,0.04591265004087735,-0.02863880311160164,True
3863,0.36507936507936506,0.9523809523809523,0.37877008474493196,0.043155047948555576,-0.03342581250345543,True
3864,0.38095238095238093,0.9523809523809523,0.3985584097176414,0.040410935605960215,-0.03819962166143998,True
3865,0.3968253968253968,0.9523809523809523,0.4168458215414776,0.03764572147136282,-0.042880972913454336,True
3866,0.4126984126984127,0.9523809523809523,0.4341288772368547,0.03488771532559111,-0.047390884499245375,True
3867,0.42857142857142855,0.9523809523809523,0.4503591105846182,0.0321735297902282,-0.051662346048977396,True
3868,0.4444444444444444,0.9523809523809523,0.46519043902360574,0.029475301249706033,-0.05564351818757799,True
3869,0.4603174603174603,0.9523809523809523,0.47881084491486836,0.026858428329201177,-0.05928751020290983,True
3870,0.47619047619047616,0.9523809523809523,0.4913516123813971,0.02429210999759413,-0.06254136300606816,True
3871,0.49206349206349204,0.9523809523809523,0.5029024733363284,0.021794209607948124,-0.06536369315183765,True
3872,0.5079365079365079,0.9523809523809523,0.5131170759177505,0.019377087944087427,-0.06775621017310625,True
3873,0.5238095238095237,0.9523809523809523,0.5223351673706755,0.01704156631070938,-0.06966532113058138,True
3874,0.5396825396825397,0.9523809523809523,0.5305822266901244,0.014772468564328052,-0.0710738315726804,True
3875,0.5555555555555556,0.9523809523809523,0.5376220091352734,0.012623980999354757,-0.07200322468384424,True
3876,0.5714285714285714,0.9523809523809523,0.5437762382340466,0.010518748655217392,-0.07240611869112555,True
3877,0.5873015873015872,0.9523809523809523,0.5489280229224448,0.008524336506646923,-0.0722989572120726,True
3878,0.6031746031746031,0.9523809523809523,0.553154168305037,0.006595823488777088,-0.07166745972789935,True
3879,0.6190476190476191,0.9523809523809523,0.5564566237104409,0.004700877464860958,-0.07051194320415163,True
3880,0.6349206349206349,0.9523809523809523,0.5588590614911316,0.002908054893044257,-0.06883253432336142,True
3881,0.6507936507936507,0.9523809523809523,0.5603610093121877,0.0011175496445215152,-0.06662081747135275,True
3882,0.6666666666666666,0.9523809523809523,0.5609801955910819,-0.0006333395039867704,-0.06387326890290831,True
3883,0.6825396825396826,0.9523809523809523,0.5606917497738518,-0.002403144445913758,-0.06057772344354236,True
3884,0.6984126984126984,0.9523809523809523,0.5596162583268443,-0.004224811287103455,-0.056700125063757524,True
3885,0.7142857142857142,0.9523809523809523,0.5575302542733799,-0.00613707905621743,-0.052229842107119784,True
3886,0.7301587301587301,0.9523809523809523,0.5544659899828115,-0.00819725819474316,-0.04711091468783036,True
3887,0.746031746031746,0.9523809523809523,0.5503794275730193,-0.010507175632110087,-0.041271280095118434,True
3888,0.7619047619047619,0.9523809523809523,0.545135755046963,-0.013182106480594096,-0.03461721533263503,True
3889,0.7777777777777777,0.9523809523809523,0.5385133936826809,-0.01634258381054187,-0.02701929172741164,True
3890,0.7936507936507936,0.9523809523809523,0.5303168116649796,-0.0202087311305777,-0.01829400836343986,True
3891,0.8095238095238095,0.9523809523809523,0.5201784928407168,-0.025026970436336775,-0.008203220543785463,True
3892,0.8253968253968254,0.9523809523809523,0.5076312738364912,-0.03113428928790397,0.003571740516479966,True
3893,0.8412698412698412,0.9523809523809523,0.49204857630541515,-0.03900361809647064,0.01745294593197917,True
3894,0.8571428571428571,0.9523809523809523,0.47244486530601676,-0.04923994844731258,0.03391093556526472,True
3895,0.873015873015873,0.9523809523809523,0.44772099962293876,-0.06277452359816166,0.053638646510033375,True
3896,0.8888888888888888,0.9523809523809523,0.41617580908507934,-0.08091063334753273,0.07738643911325786,True
3897,0.9047619047619047,0.9523809523809523,0.37552197724908937,-0.10588251805585128,0.10599434947795118,True
3898,0.9206349206349206,0.9523809523809523,0.3225725158816649,-0.14182704937236756,0.14019771744473863,True
3899,0.9365079365079365,0.9523809523809523,0.2526835724313686,-0.19684794430324284,0.18060505448151062,True
3900,0.9523809523809523,0.9523809523809523,0.15897477429483614,-0.29222422313220064,0.22617908735697873,True
3901,0.9682539682539681,0.9523809523809523,0.03980885905641988,-0.47082707592954093,0.2723313385438934,True
3902,0.9841269841269841,0.9523809523809523,-0.03394411827763485,-0.607992708858906,0.3035766144572321,True
3903,1.0,0.9523809523809523,7.874393254805615e-07,0.00022946451985817774,0.3032226085065106,True
3904,0.0,0.9682539682539681,5.7216657588139915e-05,-0.0007900211629837637,-0.06621406333712677,True
3905,0.015873015873015872,0.9682539682539681,-0.06404313979483311,0.20274629026345886,-0.07223681032010272,True
3906,0.031746031746031744,0.9682539682539681,-0.10017749336801478,0.19066882431747623,-0.060229066147176116,True
3907,0.047619047619047616,0.9682539682539681,-0.08368875317212167,0.14740670399205477,-0.04778268968070858,True
3908,0.06349206349206349,0.9682539682539681,-0.04851051288776627,0.11351595735520872,-0.03779082895380948,True
3909,0.07936507936507936,0.9682539682539681,-0.008683014053544309,0.09010756490932909,-0.02948835688570878,True
3910,0.09523809523809523,0.9682539682539681,0.031434834718467294,0.07406431485895544,-0.022341160937736006,True
3911,0.1111111111111111,0.9682539682539681,0.0694380721909444,0.06298809896553598,-0.016162919420225207,True
3912,0.12698412698412698,0.9682539682539681,0.10568991461632371,0.055220802253222075,-0.010900511742262649,True
3913,0.14285714285714285,0.9682539682539681,0.14020953919416376,0.049701321899479026,-0.006576390790112052,True
3914,0.15873015873015872,0.9682539682539681,0.1733438610286863,0.04568223236032783,-0.0032242705181289143,True
3915,0.1746031746031746,0.9682539682539681,0.20505146868159294,0.04266523845106762,-0.0008617718631108916,True
3916,0.19047619047619047,0.9682539682539681,0.2359619057539974,0.040308828333387677,0.0005027067573022818,True
3917,0.20634920634920634,0.9682539682539681,0.26555897129145195,0.038374699351657555,0.0009063870208584436,True
3918,0.2222222222222222,0.9682539682539681,0.29434058233391064,0.03668720137846211,0.0003882786544365415,True
3919,0.23809523809523808,0.9682539682539681,0.3223860336659002,0.03516549879030857,-0.00099309060582424,True
3920,0.25396825396825395,0.9682539682539681,0.34942055371312375,0.03369466009119375,-0.003145583636251288,True
3921,0.2698412698412698,0.9682539682539681,0.37559615504638727,0.032245473550460285,-0.005986347169751374,True
3922,0.2857142857142857,0.9682539682539681,0.40073820722263964,0.030804322607355807,-0.009412793698626978,True
3923,0.30158730158730157,0.9682539682539681,0.42496037579985413,0.02933095862287998,-0.01332354545125757,True
3924,0.31746031746031744,0.9682539682539681,0.44784047069452515,0.02781978994339557,-0.01760650627090905,True
3925,0.3333333333333333,0.9682539682539681,0.4699099073918668,0.026288613528597262,-0.022171267683681304,True
3926,0.3492063492063492,0.9682539682539681,0.49068998529467256,0.024734137377072796,-0.026909192897631037,True
3927,0.36507936507936506,0.9682539682539681,0.5105895808874583,0.02316557333287051,-0.0317286778357374,True
3928,0.38095238095238093,0.9682539682539681,0.5291705906894374,0.021583371500464753,-0.03653884318202438,True
3929,0.3968253968253968,0.9682539682539681,0.5464378448245729,0.020032873555459924,-0.04125896818774871,True
3930,0.4126984126984127,0.9682539682539681,0.562796067197094,0.018447808987267764,-0.0458118080343098,True
3931,0.42857142857142855,0.9682539682539681,0.577805059339816,0.01691858830803813,-0.05013567224076318,True
3932,0.4444444444444444,0.9682539682539681,0.5917646874781489,0.015442119382921345,-0.05416459060292781,True
3933,0.4603174603174603,0.9682539682539681,0.6046420876958271,0.013930291622639826,-0.05785308138816722,True
3934,0.47619047619047616,0.9682539682539681,0.6161760502465617,0.012525981042735716,-0.06116545279771674,True
3935,0.49206349206349204,0.9682539682539681,0.6267940275461839,0.01113621923360638,-0.06404983907481793,True
3936,0.5079365079365079,0.9682539682539681,0.6362994242954012,0.009807295232293447,-0.06649115306300646,True
3937,0.5238095238095237,0.9682539682539681,0.6446697437585355,0.008520803061354209,-0.06846571310842976,True
3938,0.5396825396825397,0.9682539682539681,0.6522283228516288,0.007295536358226459,-0.06992784294475085,True
3939,0.5555555555555556,0.9682539682539681,0.6586241950828496,0.006119700058908158,-0.07091211694987146,True
3940,0.5714285714285714,0.9682539682539681,0.6641274321777136,0.005003815028339876,-0.0713756574075395,True
3941,0.5873015873015872,0.9682539682539681,0.6687925714318909,0.0039505109567936104,-0.07130981088846794,True
3942,0.6031746031746031,0.9682539682539681,0.6725522806338423,0.0028879714056788673,-0.07073167023958908,True
3943,0.6190476190476191,0.9682539682539681,0.6753997984455442,0.0019360065925393007,-0.069624515809168,True
3944,0.6349206349206349,0.9682539682539681,0.677548153862872,0.000971654190674813,-0.0679725152267936,True
3945,0.6507936507936507,0.9682539682539681,0.6788106047090178,5.1771611742417054e-05,-0.06579169973660634,True
3946,0.6666666666666666,0.9682539682539681,0.6793090976947225,-0.0008774311168808938,-0.06305885044320045,True
3947,0.6825396825396826,0.9682539682539681,0.6790210689022783,-0.0017969138372375692,-0.059759193510621846,True
3948,0.6984126984126984,0.9682539682539681,0.6779865014060921,-0.0027545232283375624,-0.055862877557884286,True
3949,0.7142857142857142,0.9682539682539681,0.6761080632022054,-0.003760742834918898,-0.05133895715032865,True
3950,0.7301587301587301,0.9682539682539681,0.6733182022135176,-0.0048646653838403525,-0.04613936758850785,True
3951,0.746031746031746,0.9682539682539681,0.6696377396147855,-0.006117617550323099,-0.040167197553466996,True
3952,0.7619047619047619,0.9682539682539681,0.6648966576357013,-0.0075731343610506065,-0.03332034047628983,True
3953,0.7777777777777777,0.9682539682539681,0.658903839265266,-0.009327728576209908,-0.025452002547104665,True
3954,0.7936507936507936,0.9682539682539681,0.6514158449927793,-0.011488857864514406,-0.016362022734905855,True
3955,0.8095238095238095,0.9682539682539681,0.6421353258798437,-0.014195477427536754,-0.005766772812156214,True
3956,0.8253968253968254,0.9682539682539681,0.6305456727739289,-0.01766073018295302,0.0066733284652116046,True
3957,0.8412698412698412,0.9682539682539681,0.6161083911737619,-0.022104107052086115,0.021460151560587785,True
3958,0.8571428571428571,0.9682539682539681,0.597874977845767,-0.027963389553401604,0.03915565419115578,True
3959,0.873015873015873,0.9682539682539681,0.5747029413561292,-0.03563289213628041,0.060566670552441665,True
3960,0.8888888888888888,0.9682539682539681,0.5449573937649791,-0.045999052541685244,0.08668031949130744,True
3961,0.9047619047619047,0.9682539682539681,0.5062608203227157,-0.06039346012692632,0.11876569277108226,True
3962,0.9206349206349206,0.9682539682539681,0.45500093744275266,-0.08142199885650253,0.158463307493878,True
3963,0.9365079365079365,0.9682539682539681,0.3854060073161607,-0.11495143835760337,0.20792671709994293,True
3964,0.9523809523809523,0.9682539682539681,0.28637227236933344,-0.17758913681268254,0.2694568425758528,True
3965,0.9682539682539681,0.9682539682539681,0.137289487962279,-0.320024390219797,0.3447666193550395,True
3966,0.9841269841269841,0.9682539682539681,-0.02515470815295649,-0.5728693587038515,0.41655531935219203,True
3967,1.0,0.9682539682539681,8.5169476060945e-05,0.0011231552424279304,0.4275940961575605,True
3968,0.0,0.9841269841269841,0.0007607579097026147,0.00021134139023252612,-0.1364873375236436,True
3969,0.015873015873015872,0.9841269841269841,-0.09189046022558432,0.24406886514768394,-0.11686372074276645,True
3970,0.031746031746031744,0.9841269841269841,0.022242621405568107,0.13639638378444532,-0.06710976558304607,True
3971,0.047619047619047616,0.9841269841269841,0.14074466584713607,0.0808158716215058,-0.04560529961860165,True
3972,0.06349206349206349,0.9841269841269841,0.22966107779777062,0.05314114383051105,-0.0338324546832909,True
3973,0.07936507936507936,0.9841269841269841,0.29724883515396405,0.037905433323091396,-0.025490354705891886,True
3974,0.09523809523809523,0.9841269841269841,0.3503385442152962,0.02879323504677467,-0.018699636464235645,True
3975,0.1111111111111111,0.9841269841269841,0.3926053323274399,0.023058189198668057,-0.012927636685203098,True
3976,0.12698412698412698,0.9841269841269841,0.42841610740972247,0.019324327243519877,-0.008028418815071471,True
3977,0.14285714285714285,0.9841269841269841,0.4593757936993755,0.016777448606758883,-0.003999806342757414,True
3978,0.15873015873015872,0.9841269841269841,0.48717785893824916,0.015012437181425859,-0.0008836373211381632,True
3979,0.1746031746031746,0.9841269841269841,0.5125926685093246,0.013744035545012117,0.0012926972937746329,True
3980,0.19047619047619047,0.9841269841269841,0.5361388569364008,0.012787906699750513,0.0025215124156762487,True
3981,0.20634920634920634,0.9841269841269841,0.5583576964555591,0.012027482567369232,0.0028178182757889582,True
3982,0.2222222222222222,0.9841269841269841,0.5795042821851728,0.011405250902843816,0.0022136829153435148,True
3983,0.23809523809523808,0.9841269841269841,0.5993665594895121,0.010834066037913896,0.0007817346685509163,True
3984,0.25396825396825395,0.9841269841269841,0.6185391002115723,0.010307099455271352,-0.0014179607852609398,True
3985,0.2698412698412698,0.9841269841269841,0.6366749374396449,0.009813405632812851,-0.004296294726662217,True
3986,0.2857142857142857,0.9841269841269841,0.6543793399565966,0.009287466776513206,-0.0077500982820902856,True
3987,0.30158730158730157,0.9841269841269841,0.6706272464729736,0.008807677064214845,-0.011691443702128053,True
3988,0.31746031746031744,0.9841269841269841,0.6864862663607323,0.008288721266537997,-0.016008682531916982,True
3989,0.3333333333333333,0.9841269841269841,0.7013256201547404,0.007776000562391994,-0.02060429889122682,True
3990,0.3492063492063492,0.9841269841269841,0.7152755944104091,0.007257228852136653,-0.025377852688818127,True
3991,0.36507936507936506,0.9841269841269841,0.7282975110736857,0.006756123983487594,-0.030236098130174294,True
3992,0.38095238095238093,0.9841269841269841,0.7404957067516263,0.00623009475322141,-0.03508970901665108,True
3993,0.3968253968253968,0.9841269841269841,0.7518481510472002,0.0057165234317212285,-0.03985564339961114,True
3994,0.4126984126984127,0.9841269841269841,0.762168359665826,0.005226624899244411,-0.04446121527425068,True
3995,0.42857142857142855,0.9841269841269841,0.7718214358873464,0.004728780909398696,-0.048834651559320506,True
3996,0.4444444444444444,0.9841269841269841,0.7804851001479103,0.004264338928541335,-0.0529192556604382,True
3997,0.4603174603174603,0.9841269841269841,0.7883405371297292,0.0038036042497039805,-0.056665312137761034,True
3998,0.47619047619047616,0.9841269841269841,0.7953340553310873,0.0033578550167124264,-0.06003838379005502,True
3999,0.49206349206349204,0.9841269841269841,0.8016523888919221,0.002917356062915043,-0.0629936430009187,True
4000,0.5079365079365079,0.9841269841269841,0.807105638872676,0.0025255610147212446,-0.06549242803666004,True
4001,0.5238095238095237,0.9841269841269841,0.8119148006718154,0.0021375613377451618,-0.06751428387848554,True
4002,0.5396825396825397,0.9841269841269841,0.8159839255405774,0.0017642764460178628,-0.06906324925599837,True
4003,0.5555555555555556,0.9841269841269841,0.819420114803407,0.0014176941549330821,-0.07009543740049437,True
4004,0.5714285714285714,0.9841269841269841,0.8222405234746429,0.001094326854475981,-0.07060378712475095,True
4005,0.5873015873015872,0.9841269841269841,0.8244268046798744,0.0007770390624249921,-0.07061389997174483,True
4006,0.6031746031746031,0.9841269841269841,0.8260723150271461,0.00048082982817782737,-0.07008240236513956,True
4007,0.6190476190476191,0.9841269841269841,0.8271790865039533,0.0002051844407701549,-0.0690106725707377,True
4008,0.6349206349206349,0.9841269841269841,0.8277717364241433,-7.759876959517102e-05,-0.06741313448341958,True
4009,0.6507936507936507,0.9841269841269841,0.827825807527734,-0.0003325432013631294,-0.06526537749214742,True
4010,0.6666666666666666,0.9841269841269841,0.8274059579367079,-0.0006019644035197195,-0.06256259783558556,True
4011,0.6825396825396826,0.9841269841269841,0.826480892689216,-0.0008696490376741647,-0.059284244290993285,True
4012,0.6984126984126984,0.9841269841269841,0.825047318087685,-0.0011451492948997253,-0.055403968563672384,True
4013,0.7142857142857142,0.9841269841269841,0.8231019597044968,-0.0014508251996014315,-0.050872691792578355,True
4014,0.7301587301587301,0.9841269841269841,0.8206390585276937,-0.0017896419513260097,-0.0456258614804767,True
4015,0.746031746031746,0.9841269841269841,0.8174356878687575,-0.002179317616524656,-0.03961334463781631,True
4016,0.7619047619047619,0.9841269841269841,0.8135742682909776,-0.0026517408646565288,-0.03267491157253449,True
4017,0.7777777777777777,0.9841269841269841,0.808808313884892,-0.0032140053072365875,-0.024683730399348233,True
4018,0.7936507936507936,0.9841269841269841,0.802899272650572,-0.0039290037975553745,-0.015418229355299065,True
4019,0.8095238095238095,0.9841269841269841,0.79565642629489,-0.004849723589011459,-0.004579115808144752,True
4020,0.8253968253968254,0.9841269841269841,0.7867757037876869,-0.006007470244329599,0.008215608884797386,True
4021,0.8412698412698412,0.9841269841269841,0.7756721230619859,-0.00750159161684143,0.023444523769281453,True
4022,0.8571428571428571,0.9841269841269841,0.7617362434795664,-0.009478865865384196,0.04178269658198566,True
4023,0.873015873015873,0.9841269841269841,0.7439584440521372,-0.012064778022770815,0.0640397450728253,True
4024,0.8888888888888888,0.9841269841269841,0.721286360403654,-0.015537625013877626,0.09139865581372925,True
4025,0.9047619047619047,0.9841269841269841,0.6915884596506261,-0.02043415475429542,0.12537750632221697,True
4026,0.9206349206349206,0.9841269841269841,0.6521331712609374,-0.02766645958158866,0.16830017102547548,True
4027,0.9365079365079365,0.9841269841269841,0.597551662197907,-0.03957873499150625,0.22386629191258137,True
4028,0.9523809523809523,0.9841269841269841,0.5162807914346035,-0.06292686720238014,0.29905616253510825,True
4029,0.9682539682539681,0.9841269841269841,0.3761184793272696,-0.1257367437390622,0.409020796623894,True
4030,0.9841269841269841,0.9841269841269841,0.086608356817344,-0.36888558949035083,0.5865214539333614,True
4031,1.0,0.9841269841269841,0.00044659835932540546,-0.00032799494891008675,0.6857019842948938,True
4032,0.0,1.0,0.0,0.0,-1.9007226676570388,True
4033,0.015873015873015872,1.0,0.9914857555584011,-0.0007901202485223155,-0.05317188936040797,True
4034,0.031746031746031744,1.0,1.00094942317611,-0.00021802616060738562,-0.037639469692667835,True
4035,0.047619047619047616,1.0,1.0006042853992128,-5.648892964895773e-05,-0.02805100183557489,True
4036,0.06349206349206349,1.0,0.9998119709377126,-3.6467177884558925e-05,-0.022642719474522722,True
4037,0.07936507936507936,1.0,0.9998556139918221,-2.0835357078051185e-05,-0.01776277607747715,True
4038,0.09523809523809523,1.0,0.9997994958585739,-1.8936280498966925e-05,-0.013020481771821394,True
4039,0.1111111111111111,1.0,1.0000528460537195,-1.4558355319034863e-05,-0.008522620548690135,True
4040,0.12698412698412698,1.0,0.9999616167385695,-1.0401239463916282e-05,-0.0044535910794019275,True
4041,0.14285714285714285,1.0,1.0000863560961601,-9.218598190548482e-06,-0.0009887035372467513,True
4042,0.15873015873015872,1.0,1.000236169532471,-5.801845574698431e-06,0.001742946247107809,True
4043,0.1746031746031746,1.0,0.9999540503047535,-6.828649872337884e-06,0.003647145679262134,True
4044,0.19047619047619047,1.0,0.999902480490784,-3.36764421016094e-06,0.00468256012402105,True
4045,0.20634920634920634,1.0,1.0000341449012007,-5.752363668709002e-06,0.004828331763954418,True
4046,0.2222222222222222,1.0,1.0001936452672737,-5.218714938793704e-06,0.004114655311104784,True
4047,0.23809523809523808,1.0,0.9998962880423146,-4.67384180652517e-06,0.0025777615264820173,True
4048,0.25396825396825395,1.0,1.0000207702657828,-4.344646319715812e-06,0.0003018662324570232,True
4049,0.2698412698412698,1.0,1.0000192874239855,-3.59164122414841e-07,-0.002653041408810511,True
4050,0.2857142857142857,1.0,1.0001084303765546,-3.6471920135164768e-06,-0.006180415755352107,True
4051,0.30158730158730157,1.0,0.9998901626018656,-5.3346737181675885e-06,-0.010184898236336622,True
4052,0.31746031746031744,1.0,0.9999941741048954,-2.817428128247476e-06,-0.014573144817174746,True
4053,0.3333333333333333,1.0,0.9999687064895042,-2.544468266627915e-06,-0.01923928543223907,True
4054,0.3492063492063492,1.0,1.0001425109693518,-2.9213619340493637e-06,-0.024085065147779583,True
4055,0.36507936507936506,1.0,0.9999034215894324,-3.2895273933046796e-06,-0.02901528701111466,True
4056,0.38095238095238093,1.0,1.000062239079582,-5.693142766070584e-07,-0.033943132088736734,True
4057,0.3968253968253968,1.0,1.0000628354221168,-2.3688082741257685e-06,-0.03878066941416236,True
4058,0.4126984126984127,1.0,0.9999562964475942,-1.6943392014285966e-06,-0.04345684186866085,True
4059,0.42857142857142855,1.0,0.9999687633260363,-2.7511217344291173e-08,-0.04791164370494411,True
4060,0.4444444444444444,1.0,1.0000834422506768,-2.6280147812059127e-06,-0.05207018265117332,True
4061,0.4603174603174603,1.0,0.9999375335631079,-1.550325674919415e-06,-0.05589325501492792,True
4062,0.47619047619047616,1.0,1.0000252631936193,-4.723627823820816e-07,-0.059336264932405104,True
4063,0.49206349206349204,1.0,1.0000302955000657,-1.0654242421840978e-06,-0.06234600253203087,True
4064,0.5079365079365079,1.0,0.9999824167577587,-8.577909213915162e-07,-0.06491639448922126,True
4065,0.5238095238095237,1.0,1.0000111572695098,2.6054808918319775e-08,-0.06701171654623146,True
4066,0.5396825396825397,1.0,1.0000039995813776,-1.216138322294374e-06,-0.06861693118486858,True
4067,0.5555555555555556,1.0,1.0000135554738327,-6.685825370576528e-07,-0.0697064003961634,True
4068,0.5714285714285714,1.0,1.0000047810798804,-3.8261978521262415e-07,-0.07027202210130593,True
4069,0.5873015873015872,1.0,0.9999984030399665,-3.0064797974126094e-07,-0.07032454683736858,True
4070,0.6031746031746031,1.0,0.9999994827733429,1.6738935927475877e-07,-0.06985441280473705,True
4071,0.6190476190476191,1.0,1.0000021699952981,-4.10212072804491e-07,-0.06883961797086084,True
4072,0.6349206349206349,1.0,0.9999867255878767,5.813115263713073e-08,-0.06727498667301549,True
4073,0.6507936507936507,1.0,1.0000123070032851,1.521676523885087e-07,-0.06517646597586985,True
4074,0.6666666666666666,1.0,0.9999877566813923,1.9652603511323718e-07,-0.06251300717638848,True
4075,0.6825396825396826,1.0,0.9999897718264201,3.0581074979035027e-07,-0.05927146685792201,True
4076,0.6984126984126984,1.0,0.9999868099669134,3.9303592374853494e-07,-0.05542777824551158,True
4077,0.7142857142857142,1.0,0.9999573624939887,6.488210285962206e-07,-0.05092997539842904,True
4078,0.7301587301587301,1.0,1.0000096848728073,6.893718892465309e-07,-0.04572248944874468,True
4079,0.746031746031746,1.0,0.999990870127616,9.52330910048775e-07,-0.03974036165283786,True
4080,0.7619047619047619,1.0,0.9999497649526901,1.1766994612419462e-06,-0.03283930609092306,True
4081,0.7777777777777777,1.0,1.000049834177861,1.7371683711897233e-06,-0.02489100729425368,True
4082,0.7936507936507936,1.0,0.9999897388144282,1.822517175797607e-06,-0.0156561669116428,True
4083,0.8095238095238095,1.0,0.9999779849343821,2.3579370702150158e-07,-0.004859629659585112,True
4084,0.8253968253968254,1.0,0.9999475387692244,2.053430988306573e-06,0.007864379998275363,True
4085,0.8412698412698412,1.0,0.9999169218099446,3.5097117036405757e-06,0.02302642957513395,True
4086,0.8571428571428571,1.0,0.9999781496753626,3.460968145008546e-06,0.04123699595613525,True
4087,0.873015873015873,1.0,0.9999578603654876,6.140532720387605e-06,0.06340121524353617,True
4088,0.8888888888888888,1.0,0.9999374844218133,1.140964924184855e-05,0.09059314564339628,True
4089,0.9047619047619047,1.0,0.9998497937783055,1.0734458405318701e-05,0.12445476395535618,True
4090,0.9206349206349206,1.0,1.0000194504490383,1.863505260684196e-05,0.1672924088062091,True
4091,0.9365079365079365,1.0,1.000004088492296,3.036994310460649e-05,0.22308708463062657,True
4092,0.9523809523809523,1.0,0.9995867126761484,3.513316257527412e-05,0.2997368650013187,True
4093,0.9682539682539681,1.0,1.0008084247747562,0.0001353904455405082,0.41710113076237393,True
4094,0.9841269841269841,1.0,0.9884544555272035,0.0005245568929048551,0.642369020571203,True
4095,1.0,1.0,0.0,0.0,3.583916668407147,True
