,x,y,u (m/s),v (m/s),p (Pa),mask
0,0.0,0.0,0.0,0.0,0.0,True
1,0.015873015873015872,0.0,-3.7292271756070054e-07,2.788747896618085e-08,2.1651274228262006e-05,True
2,0.031746031746031744,0.0,-2.108301010186482e-06,8.670572144322631e-09,3.3238539857297296e-05,True
3,0.047619047619047616,0.0,-6.779909077412065e-08,-1.6309131868830043e-08,-2.44130573997068e-06,True
4,0.06349206349206349,0.0,3.825227388778581e-07,-2.347343232152916e-09,-8.723817812857556e-05,True
5,0.07936507936507936,0.0,7.546583259591906e-07,3.513682778108055e-08,-0.00021454752043289696,True
6,0.09523809523809523,0.0,-2.1249085704029307e-07,-2.7944122190293962e-09,-0.00037693562269081537,True
7,0.1111111111111111,0.0,3.5037682692766447e-07,8.43564892283979e-09,-0.0005677629568368416,True
8,0.12698412698412698,0.0,7.744919363077946e-08,-6.060647889257109e-09,-0.0007826188174321305,True
9,0.14285714285714285,0.0,-1.2891468824316286e-06,1.54458619993237e-08,-0.0010186662033659316,True
10,0.15873015873015872,0.0,-4.322330006321716e-06,6.187424389625776e-08,-0.001274705356198546,True
11,0.1746031746031746,0.0,1.682775316574824e-06,-2.7361241579093917e-08,-0.0015509016059798574,True
12,0.19047619047619047,0.0,7.584717706686491e-06,-1.1846139512292793e-07,-0.0018475701896162496,True
13,0.20634920634920634,0.0,1.0708634859773007e-06,-4.620432334392273e-08,-0.002164909832137775,True
14,0.2222222222222222,0.0,-7.31329613026577e-06,1.901240029947937e-07,-0.002502958373883582,True
15,0.23809523809523808,0.0,7.284404611926366e-06,-2.0956851337730426e-07,-0.002860330698009977,True
16,0.25396825396825395,0.0,-1.6512217218211638e-06,-7.890927152199803e-09,-0.003234124678593525,True
17,0.2698412698412698,0.0,9.225493655025136e-06,-6.154627476923603e-08,-0.003620773418708948,True
18,0.2857142857142857,0.0,-2.928044302376086e-06,4.166900087328249e-07,-0.004014054496998233,True
19,0.30158730158730157,0.0,1.5999248524144068e-05,-4.205073164915763e-07,-0.004407370046044644,True
20,0.31746031746031744,0.0,2.103241475683835e-06,8.751435782568763e-09,-0.004790703674091825,True
21,0.3333333333333333,0.0,5.04815735424627e-06,-1.6797496696968445e-08,-0.005153790753890089,True
22,0.3492063492063492,0.0,-1.0732692308498105e-05,2.360249700630275e-07,-0.005484703893303473,True
23,0.36507936507936506,0.0,4.173370068103611e-06,-5.01113265389788e-07,-0.005770813832150192,True
24,0.38095238095238093,0.0,-5.967078016840712e-06,1.0842141896684427e-07,-0.005997454286083478,True
25,0.3968253968253968,0.0,-2.8401171304675524e-05,-1.290959396157674e-07,-0.0061504373573551775,True
26,0.4126984126984127,0.0,4.1072405999832484e-05,2.1221118726576141e-07,-0.006221401641309087,True
27,0.42857142857142855,0.0,-3.677325750048725e-05,-1.9567763455501668e-07,-0.00619664355613233,True
28,0.4444444444444444,0.0,3.334807280466516e-05,1.8695077634881836e-07,-0.00606963043630905,True
29,0.4603174603174603,0.0,-2.557041627756371e-05,-1.6461519917209153e-07,-0.005837255080896888,True
30,0.47619047619047616,0.0,1.8222058123719606e-05,1.9579676084454145e-07,-0.005500455795191891,True
31,0.49206349206349204,0.0,-9.304443784807169e-06,3.3390266852926915e-08,-0.005067169311874959,True
32,0.5079365079365079,0.0,1.9736909782371048e-06,-3.1108048595193116e-07,-0.004545538059927626,True
33,0.5238095238095237,0.0,-1.2717737426391735e-05,5.930933435955081e-07,-0.003961959584870955,True
34,0.5396825396825397,0.0,1.9726297382904557e-05,-7.297904520122137e-07,-0.0033372885641014868,True
35,0.5555555555555556,0.0,-2.8206487482362427e-05,6.050302276977973e-07,-0.0026994769769173262,True
36,0.5714285714285714,0.0,3.409566025054271e-05,-6.002121642362635e-07,-0.0020829605845931326,True
37,0.5873015873015872,0.0,-2.3379567323172707e-05,2.146146778538996e-07,-0.001520656081535677,True
38,0.6031746031746031,0.0,-9.84838641390464e-06,1.6736700248128772e-07,-0.0010416414186726483,True
39,0.6190476190476191,0.0,1.3769617602371278e-06,-2.1478103644796462e-07,-0.0006800333033945088,True
40,0.6349206349206349,0.0,3.0471576664796694e-05,-6.333839675157361e-09,-0.0004605947952187473,True
41,0.6507936507936507,0.0,-4.93018253485694e-05,-3.1616133985409315e-08,-0.0003927876190077215,True
42,0.6666666666666666,0.0,1.799059706286149e-05,2.954760016195329e-08,-0.000489418864475179,True
43,0.6825396825396826,0.0,9.940568744203488e-06,3.131313597952702e-08,-0.0007463900823850736,True
44,0.6984126984126984,0.0,-2.6579005474123597e-05,-1.2224547805337349e-07,-0.0011521375277185292,True
45,0.7142857142857142,0.0,4.016438607820056e-05,2.0633884155533683e-07,-0.0016859146396833982,True
46,0.7301587301587301,0.0,-1.7995679460255535e-05,-3.864357434836649e-08,-0.002322379351264643,True
47,0.746031746031746,0.0,-2.7229565398009006e-06,-8.767448253708427e-08,-0.0030283534683154412,True
48,0.7619047619047619,0.0,-1.1819717167269882e-05,-2.2235465970046376e-07,-0.0037732797296965975,True
49,0.7777777777777777,0.0,9.29748728441253e-06,1.1928876961659624e-07,-0.004524765354918891,True
50,0.7936507936507936,0.0,1.711577036354806e-06,3.7508608505405444e-08,-0.005255245140037763,True
51,0.8095238095238095,0.0,-3.68265317604748e-08,-3.39093570195085e-08,-0.005940682538209647,True
52,0.8253968253968254,0.0,5.426528616568643e-08,2.5678739136043607e-08,-0.0065642631944343565,True
53,0.8412698412698412,0.0,4.574340151147054e-07,1.0062070581831926e-07,-0.007113498811221208,True
54,0.8571428571428571,0.0,5.468221926496265e-06,-1.6656532797142695e-08,-0.007581870747215507,True
55,0.873015873015873,0.0,4.5499657045820516e-07,-5.816263487642033e-09,-0.007968045037364264,True
56,0.8888888888888888,0.0,9.601275545012761e-07,-1.259961642970589e-07,-0.008273642597072575,True
57,0.9047619047619047,0.0,-2.210389965584133e-06,-4.621458577924307e-09,-0.008501101641991797,True
58,0.9206349206349206,0.0,3.4610617432209367e-06,1.24929587013686e-07,-0.008654670611791654,True
59,0.9365079365079365,0.0,-5.072850772837912e-06,-3.3399620193679496e-08,-0.008737488330059594,True
60,0.9523809523809523,0.0,-9.963436382487003e-07,1.0355610332275394e-07,-0.008753324417611896,True
61,0.9682539682539681,0.0,-3.233716925655048e-06,-9.131219514794405e-08,-0.008710505296984363,True
62,0.9841269841269841,0.0,2.660411963040691e-07,-1.385489829068751e-08,-0.008634230868077753,True
63,1.0,0.0,0.0,0.0,-0.0085974875421808,True
64,0.0,0.015873015873015872,3.884970865569796e-08,-4.224862888622833e-07,-2.1636217730720397e-05,True
65,0.015873015873015872,0.015873015873015872,0.00017089658862218772,-0.00017063944779693833,1.4799717090561928e-08,True
66,0.031746031746031744,0.015873015873015872,0.000592299330490014,-0.00028334491302447237,-9.336426586446771e-07,True
67,0.047619047619047616,0.015873015873015872,0.0011090595442759712,-0.0002988728898131075,-3.906974339692076e-05,True
68,0.06349206349206349,0.015873015873015872,0.001585143177102546,-0.00025026672754170393,-0.00011760601742441488,True
69,0.07936507936507936,0.015873015873015872,0.001934705483568693,-0.0001652044684970562,-0.00023334961496057784,True
70,0.09523809523809523,0.015873015873015872,0.002105066106308199,-6.364638432370889e-05,-0.00038141219867411164,True
71,0.1111111111111111,0.015873015873015872,0.0020797227840272966,4.2392940488770985e-05,-0.0005568361216103429,True
72,0.12698412698412698,0.015873015873015872,0.0018458211962591466,0.0001493862248352245,-0.0007558196555643517,True
73,0.14285714285714285,0.015873015873015872,0.0014081285868766183,0.0002531808762693939,-0.000976276945993386,True
74,0.15873015873015872,0.015873015873015872,0.0007686514497769235,0.0003560201860320116,-0.0012165340861498984,True
75,0.1746031746031746,0.015873015873015872,-7.487894851983991e-05,0.00045944000787711696,-0.001476826359568182,True
76,0.19047619047619047,0.015873015873015872,-0.0011188404333033796,0.000564328575810273,-0.001757113761296449,True
77,0.20634920634920634,0.015873015873015872,-0.0023874090181821516,0.0006770027430916071,-0.0020576920604304036,True
78,0.2222222222222222,0.015873015873015872,-0.0038732941425919593,0.0007940021421674392,-0.0023780153395399073,True
79,0.23809523809523808,0.015873015873015872,-0.005592397406676872,0.0009168587047284282,-0.002716993033829708,True
80,0.25396825396825395,0.015873015873015872,-0.007556866172070623,0.0010449771771729214,-0.003072299183092193,True
81,0.2698412698412698,0.015873015873015872,-0.009765461518614002,0.0011754706910141763,-0.003440340025595272,True
82,0.2857142857142857,0.015873015873015872,-0.012210219195501259,0.0013006614598713975,-0.003815903254444862,True
83,0.30158730158730157,0.015873015873015872,-0.014890404395393384,0.0014198431055779555,-0.004192356696854817,True
84,0.31746031746031744,0.015873015873015872,-0.017788611101837024,0.0015310920698712249,-0.004561349367975068,True
85,0.3333333333333333,0.015873015873015872,-0.020859176525647585,0.001621874566377994,-0.00491314200044741,True
86,0.3492063492063492,0.015873015873015872,-0.024073083833907688,0.0016907863610480852,-0.005236211042122512,True
87,0.36507936507936506,0.015873015873015872,-0.027359906258304003,0.0017217779585455093,-0.0055196918071875895,True
88,0.38095238095238093,0.015873015873015872,-0.03057956558504104,0.001723891259836221,-0.005748429958292727,True
89,0.3968253968253968,0.015873015873015872,-0.033873725693014306,0.0016751875644378307,-0.0059134901060145986,True
90,0.4126984126984127,0.015873015873015872,-0.03693437280670574,0.001584075894998226,-0.005999905648454649,True
91,0.42857142857142855,0.015873015873015872,-0.03974678575683079,0.0014491775360537373,-0.005996498209113499,True
92,0.4444444444444444,0.015873015873015872,-0.042266523246870635,0.0012520427923944882,-0.005899707418847132,True
93,0.4603174603174603,0.015873015873015872,-0.04431991102358618,0.0010111259981310545,-0.0057049239121966565,True
94,0.47619047619047616,0.015873015873015872,-0.045852926923823284,0.0007312047402074695,-0.005409613244606605,True
95,0.49206349206349204,0.015873015873015872,-0.046819050152157794,0.0003889680773301396,-0.0050247618236086726,True
96,0.5079365079365079,0.015873015873015872,-0.04711242949148442,2.8574206998369208e-05,-0.004557671497311459,True
97,0.5238095238095237,0.015873015873015872,-0.046722829170414294,-0.0003597212950416026,-0.004028872431671661,True
98,0.5396825396825397,0.015873015873015872,-0.045569531620357304,-0.0007585365414398146,-0.003459255906698713,True
99,0.5555555555555556,0.015873015873015872,-0.0436577183824938,-0.0011589755040248694,-0.002876939500533947,True
100,0.5714285714285714,0.015873015873015872,-0.04107070463373991,-0.0015367012375462415,-0.002312118107467668,True
101,0.5873015873015872,0.015873015873015872,-0.03784994849992621,-0.0018778685101411793,-0.0017950893728295577,True
102,0.6031746031746031,0.015873015873015872,-0.03397400535928172,-0.0021767237191172508,-0.001357140062286626,True
103,0.6190476190476191,0.015873015873015872,-0.029686108083424933,-0.0024071393437560375,-0.0010269308560744092,True
104,0.6349206349206349,0.015873015873015872,-0.025059485002749904,-0.0025665446088728415,-0.000826908798512585,True
105,0.6507936507936507,0.015873015873015872,-0.020064370224283482,-0.0026440401072807458,-0.0007698031098706112,True
106,0.6666666666666666,0.015873015873015872,-0.015192356355057174,-0.0026350439860910392,-0.0008652152369006611,True
107,0.6825396825396826,0.015873015873015872,-0.01030638103296735,-0.002539731211797911,-0.001109555498835249,True
108,0.6984126984126984,0.015873015873015872,-0.005674346455030891,-0.002364473675666951,-0.0014920282170192301,True
109,0.7142857142857142,0.015873015873015872,-0.0014846264593136153,-0.002128739092861462,-0.0019942612983700914,True
110,0.7301587301587301,0.015873015873015872,0.002360338292488141,-0.0018166645999921386,-0.0025886351201372102,True
111,0.746031746031746,0.015873015873015872,0.005495014670894497,-0.0014885964497908949,-0.003250253851370153,True
112,0.7619047619047619,0.015873015873015872,0.008026091270091547,-0.0011362304235655748,-0.00394654262789415,True
113,0.7777777777777777,0.015873015873015872,0.00993281718136444,-0.0007744997566634258,-0.0046484342601818465,True
114,0.7936507936507936,0.015873015873015872,0.011171084296689752,-0.000430258681886359,-0.005330453284063917,True
115,0.8095238095238095,0.015873015873015872,0.011791160422688924,-0.00011307871457128775,-0.005970692259119701,True
116,0.8253968253968254,0.015873015873015872,0.011862526401584228,0.0001602471448386374,-0.00655452360771272,True
117,0.8412698412698412,0.015873015873015872,0.01143591378701845,0.0003937243965375989,-0.007069008199846012,True
118,0.8571428571428571,0.015873015873015872,0.010610310126930901,0.000577929716008418,-0.007509588830630807,True
119,0.873015873015873,0.015873015873015872,0.009479498541640353,0.0007128102770503642,-0.007874884646839098,True
120,0.8888888888888888,0.015873015873015872,0.008111368193232266,0.0008050831899493178,-0.008165386184164694,True
121,0.9047619047619047,0.015873015873015872,0.006591949919411638,0.0008558546813822893,-0.008384530608792082,True
122,0.9206349206349206,0.015873015873015872,0.005011746815767637,0.000861803875922016,-0.008536430357920826,True
123,0.9365079365079365,0.015873015873015872,0.003456630730816205,0.0008157253684496381,-0.00862542285394691,True
124,0.9523809523809523,0.015873015873015872,0.002043260210755712,0.000701976763757415,-0.008657076930929812,True
125,0.9682539682539681,0.015873015873015872,0.0009083623294823546,0.0004986314317019146,-0.008641210353340714,True
126,0.9841269841269841,0.015873015873015872,0.00020363786802410323,0.00020268687573364046,-0.008597591462913183,True
127,1.0,0.015873015873015872,2.256662401164751e-09,1.642265345118411e-07,-0.008560664121792896,True
128,0.0,0.031746031746031744,-7.605858224833905e-08,2.076153526357207e-06,-3.3208475441621644e-05,True
129,0.015873015873015872,0.031746031746031744,0.00028566930166395494,-0.0005940699122879185,9.710457181329996e-07,True
130,0.031746031746031744,0.031746031746031744,0.0008936888156564478,-0.0008913381050694529,-6.940180076702879e-07,True
131,0.047619047619047616,0.031746031746031744,0.0015715723878614572,-0.0009050951085383243,-3.987103409034974e-05,True
132,0.06349206349206349,0.031746031746031744,0.0021381344306350396,-0.0007194529023191777,-0.00011511949912082364,True
133,0.07936507936507936,0.031746031746031744,0.002460980024262882,-0.0004089894803804834,-0.00022335575758276587,True
134,0.09523809523809523,0.031746031746031744,0.002470232333833651,-3.855413840477812e-05,-0.0003605171815401256,True
135,0.1111111111111111,0.031746031746031744,0.0021159953470632435,0.0003598533018563551,-0.0005227258758718817,True
136,0.12698412698412698,0.031746031746031744,0.0013822240179599623,0.0007639839700523639,-0.0007070253663941657,True
137,0.14285714285714285,0.031746031746031744,0.0002622630694507945,0.0011663671047184847,-0.0009115581261864025,True
138,0.15873015873015872,0.031746031746031744,-0.0012501078397769102,0.0015676384127547812,-0.0011357983605650836,True
139,0.1746031746031746,0.031746031746031744,-0.0031703786933128574,0.0019778574060473,-0.0013789723158781613,True
140,0.19047619047619047,0.031746031746031744,-0.0055202478451673795,0.0024051523048400003,-0.001642150766995514,True
141,0.20634920634920634,0.031746031746031744,-0.008238438691470777,0.0028325397308362576,-0.0019255307713218538,True
142,0.2222222222222222,0.031746031746031744,-0.011415696617741328,0.0032860209319313023,-0.00222889426799923,True
143,0.23809523809523808,0.031746031746031744,-0.015038795430284392,0.003755070931244053,-0.0025515568257586897,True
144,0.25396825396825395,0.031746031746031744,-0.019103650244730493,0.0042299572744314475,-0.0028915362183476387,True
145,0.2698412698412698,0.031746031746031744,-0.023613156570716148,0.004703535337056222,-0.003246079818438353,True
146,0.2857142857142857,0.031746031746031744,-0.02850045405689956,0.005150030456880639,-0.003610567675051827,True
147,0.30158730158730157,0.031746031746031744,-0.03382556465367459,0.005567775460102375,-0.003979096160729837,True
148,0.31746031746031744,0.031746031746031744,-0.03940751471018019,0.005918912345730234,-0.0043443678447650895,True
149,0.3333333333333333,0.031746031746031744,-0.04524611729725255,0.006190863078469002,-0.00469712586331256,True
150,0.3492063492063492,0.031746031746031744,-0.051208019005059294,0.00636238402075818,-0.005026499398979011,True
151,0.36507936507936506,0.031746031746031744,-0.05724804433833147,0.006406544567531759,-0.005321428062212048,True
152,0.38095238095238093,0.031746031746031744,-0.06306674435185425,0.006314177020661124,-0.0055681272686318,True
153,0.3968253968253968,0.031746031746031744,-0.06876142034764832,0.006046204988376993,-0.005756120281433219,True
154,0.4126984126984127,0.031746031746031744,-0.07391515877992609,0.005647693387602632,-0.0058690500856145595,True
155,0.42857142857142855,0.031746031746031744,-0.07867657671982249,0.00501380629654436,-0.005902915283544928,True
156,0.4444444444444444,0.031746031746031744,-0.08259909495231156,0.004275956717634143,-0.005841687277406007,True
157,0.4603174603174603,0.031746031746031744,-0.08576466084530891,0.0033233757499924244,-0.005687214554622742,True
158,0.47619047619047616,0.031746031746031744,-0.08793593042859896,0.00224940349474304,-0.005434873652913403,True
159,0.49206349206349204,0.031746031746031744,-0.08907270305590602,0.001023291374650794,-0.00509317663722852,True
160,0.5079365079365079,0.031746031746031744,-0.08905923530469845,-0.0002702348626630266,-0.004666653759211368,True
161,0.5238095238095237,0.031746031746031744,-0.08778731055176861,-0.001668431246903652,-0.004177198874511519,True
162,0.5396825396825397,0.031746031746031744,-0.08540614495332782,-0.0030399597088154214,-0.0036456040451087147,True
163,0.5555555555555556,0.031746031746031744,-0.08183796936560608,-0.004391549832100249,-0.0030964591920095218,True
164,0.5714285714285714,0.031746031746031744,-0.07709459198478304,-0.0056924820563490665,-0.00256087562130703,True
165,0.5873015873015872,0.031746031746031744,-0.07140058057718164,-0.006828321274190486,-0.0020681913131768044,True
166,0.6031746031746031,0.031746031746031744,-0.06471286497950705,-0.00783950665916416,-0.0016509827143908137,True
167,0.6190476190476191,0.031746031746031744,-0.05731846205679823,-0.008619811246825163,-0.001334078841582622,True
168,0.6349206349206349,0.031746031746031744,-0.04941761156970414,-0.009150777763548473,-0.001140740407810072,True
169,0.6507936507936507,0.031746031746031744,-0.04112258969666559,-0.00941755303702309,-0.0010872108618633432,True
170,0.6666666666666666,0.031746031746031744,-0.03269507424528662,-0.009403809582012559,-0.0011786338726051324,True
171,0.6825396825396826,0.031746031746031744,-0.02438570832167166,-0.009109175136116667,-0.001414474298021056,True
172,0.6984126984126984,0.031746031746031744,-0.01641949387129924,-0.0085538803474333,-0.0017844791861058359,True
173,0.7142857142857142,0.031746031746031744,-0.008916787997507312,-0.007746488228618373,-0.002268039644786396,True
174,0.7301587301587301,0.031746031746031744,-0.0022643145706268,-0.006783845909879862,-0.0028411841460716267,True
175,0.746031746031746,0.031746031746031744,0.0036354958657177226,-0.0056455761410269594,-0.0034751965657010124,True
176,0.7619047619047619,0.031746031746031744,0.008524872161907388,-0.004427112671431686,-0.0041411689257855,True
177,0.7777777777777777,0.031746031746031744,0.012317795023512828,-0.0032142079220095774,-0.004810738030076282,True
178,0.7936507936507936,0.031746031746031744,0.015133264821940584,-0.0019931414594306284,-0.005458608174282301,True
179,0.8095238095238095,0.031746031746031744,0.01684005799762657,-0.0008718211152802544,-0.00606406533393472,True
180,0.8253968253968254,0.031746031746031744,0.017638298288930956,0.0001420497200916778,-0.006613919927474435,True
181,0.8412698412698412,0.031746031746031744,0.017524237234177308,0.0010071436573246895,-0.0070967321676146215,True
182,0.8571428571428571,0.031746031746031744,0.016681263764244433,0.0017219983498607417,-0.0075091122392828,True
183,0.873015873015873,0.031746031746031744,0.015207602328903629,0.0022702165302130786,-0.007849846239396833,True
184,0.8888888888888888,0.031746031746031744,0.013260667772387581,0.002658510443809872,-0.008121447687292714,True
185,0.9047619047619047,0.031746031746031744,0.010980815499909901,0.0028864122764793378,-0.008327712454742477,True
186,0.9206349206349206,0.031746031746031744,0.008528420863751607,0.002947976812080589,-0.008473481308630107,True
187,0.9365079365079365,0.031746031746031744,0.006056851563525553,0.002819683614732946,-0.008563503091082197,True
188,0.9523809523809523,0.031746031746031744,0.003756946114148677,0.0024600545252605444,-0.008602920459720116,True
189,0.9682539682539681,0.031746031746031744,0.001831317984339025,0.0018192148426637628,-0.008597612193594046,True
190,0.9841269841269841,0.031746031746031744,0.0005042566946241979,0.0009072529279041556,-0.008554606582979017,True
191,1.0,0.031746031746031744,1.1851389088933337e-07,8.086975226729113e-07,-0.008485026612053958,True
192,0.0,0.047619047619047616,-2.413737008179132e-09,6.669108061764831e-07,4.117175331174966e-06,True
193,0.015873015873015872,0.047619047619047616,0.0002996659814832423,-0.0011092993610626173,3.980324167919732e-05,True
194,0.031746031746031744,0.047619047619047616,0.0008945907980740162,-0.0015637164581342976,3.6259934402574514e-05,True
195,0.047619047619047616,0.047619047619047616,0.0014764015701998268,-0.0014994304748340301,-5.138300326296402e-06,True
196,0.06349206349206349,0.047619047619047616,0.0018382752919966895,-0.001071057457755043,-8.012504971839017e-05,True
197,0.07936507936507936,0.047619047619047616,0.0018411881072621576,-0.0004139107386723034,-0.00018458177909968728,True
198,0.09523809523809523,0.047619047619047616,0.0013928028491708884,0.0003745874107786287,-0.00031449782356595345,True
199,0.1111111111111111,0.047619047619047616,0.0004465822565857063,0.0012198608986867786,-0.00046667867772787365,True
200,0.12698412698412698,0.047619047619047616,-0.0010382213527930547,0.0020927150192302647,-0.0006386605057514997,True
201,0.14285714285714285,0.047619047619047616,-0.0030868540767130955,0.002978035919401451,-0.000829312043761046,True
202,0.15873015873015872,0.047619047619047616,-0.005694382061216867,0.0038667533327957715,-0.001038514232074028,True
203,0.1746031746031746,0.047619047619047616,-0.008898538731189691,0.0047755724642647955,-0.0012668253314069022,True
204,0.19047619047619047,0.047619047619047616,-0.012680378202783832,0.005700901824166058,-0.001515446340196726,True
205,0.20634920634920634,0.047619047619047616,-0.01711666648529377,0.00666885619545041,-0.0017844153479072242,True
206,0.2222222222222222,0.047619047619047616,-0.022150017057073444,0.007655700498283398,-0.0020754889950159853,True
207,0.23809523809523808,0.047619047619047616,-0.027802022506904667,0.00865563181987479,-0.002387816780009783,True
208,0.25396825396825395,0.047619047619047616,-0.034056885155765965,0.009652912197716893,-0.0027209837792035586,True
209,0.2698412698412698,0.047619047619047616,-0.04087648774537732,0.010613481198378306,-0.003072370075663086,True
210,0.2857142857142857,0.047619047619047616,-0.04816271593355264,0.011498854808900236,-0.003438310134676866,True
211,0.30158730158730157,0.047619047619047616,-0.055971206327903034,0.012287868243818459,-0.003813980685115564,True
212,0.31746031746031744,0.047619047619047616,-0.06402426696365279,0.012911903996185144,-0.0041919404505289136,True
213,0.3333333333333333,0.047619047619047616,-0.07228106889636972,0.013341806222572626,-0.004563616738211421,True
214,0.3492063492063492,0.047619047619047616,-0.08058912938979808,0.013532671622108756,-0.004918739011125865,True
215,0.36507936507936506,0.047619047619047616,-0.08868159155324629,0.013454650344237705,-0.005243079785611775,True
216,0.38095238095238093,0.047619047619047616,-0.09655609542287438,0.013054293482196243,-0.0055274435127366395,True
217,0.3968253968253968,0.047619047619047616,-0.10385910845581663,0.012354797369858034,-0.005753747243414883,True
218,0.4126984126984127,0.047619047619047616,-0.11052621925630494,0.011270250253322097,-0.005912937766179232,True
219,0.42857142857142855,0.047619047619047616,-0.11627485492820663,0.009899108653756155,-0.005988116132820512,True
220,0.4444444444444444,0.047619047619047616,-0.12100895779298076,0.008185566273327541,-0.005972998392826857,True
221,0.4603174603174603,0.047619047619047616,-0.12460374598404728,0.00615448026712482,-0.005862356043557732,True
222,0.47619047619047616,0.047619047619047616,-0.1268470631614954,0.003903187481921252,-0.005649184825091343,True
223,0.49206349206349204,0.047619047619047616,-0.12774954513864514,0.0014057159462869102,-0.005342841470982594,True
224,0.5079365079365079,0.047619047619047616,-0.127195163224664,-0.0012529628565920397,-0.004948652017553272,True
225,0.5238095238095237,0.047619047619047616,-0.12518999110217693,-0.003908826484611115,-0.004483413364695877,True
226,0.5396825396825397,0.047619047619047616,-0.12165525084455117,-0.006704093735744078,-0.003972164117242829,True
227,0.5555555555555556,0.047619047619047616,-0.1167765477238823,-0.009307638198013272,-0.003435024057893645,True
228,0.5714285714285714,0.047619047619047616,-0.11048399311729026,-0.011808558049209224,-0.002906726767546152,True
229,0.5873015873015872,0.047619047619047616,-0.10301078852032165,-0.014035622281491012,-0.002414777106921586,True
230,0.6031746031746031,0.047619047619047616,-0.09441688205373773,-0.01595730690498445,-0.001992946836138473,True
231,0.6190476190476191,0.047619047619047616,-0.08494086166114304,-0.017462534724946518,-0.0016701507735917133,True
232,0.6349206349206349,0.047619047619047616,-0.07474735201104088,-0.01852691220127337,-0.0014663005851067825,True
233,0.6507936507936507,0.047619047619047616,-0.06410813505290172,-0.019081412698771623,-0.0014033203701427927,True
234,0.6666666666666666,0.047619047619047616,-0.05322785335289333,-0.019113470006606063,-0.0014821194699760057,True
235,0.6825396825396826,0.047619047619047616,-0.04239278105882153,-0.018617906629248678,-0.0017057087177536068,True
236,0.6984126984126984,0.047619047619047616,-0.03186060493417436,-0.017617192164286907,-0.002062996969711013,True
237,0.7142857142857142,0.047619047619047616,-0.021935390274793125,-0.01617783285394055,-0.002534500705303988,True
238,0.7301587301587301,0.047619047619047616,-0.012709980867385133,-0.014331667524833405,-0.0030941906998678236,True
239,0.746031746031746,0.047619047619047616,-0.004475272897250932,-0.012196057166309924,-0.0037135601562158387,True
240,0.7619047619047619,0.047619047619047616,0.002612221703387077,-0.009867433621903463,-0.004363137063870839,True
241,0.7777777777777777,0.047619047619047616,0.008457559972546049,-0.007450580171414341,-0.005013590956560273,True
242,0.7936507936507936,0.047619047619047616,0.013003681764053147,-0.005045340796895639,-0.00563973075076732,True
243,0.8095238095238095,0.047619047619047616,0.01623479987887274,-0.002760689892458423,-0.006221750274696974,True
244,0.8253968253968254,0.047619047619047616,0.018202238891586578,-0.0006660761282967586,-0.006745053975031339,True
245,0.8412698412698412,0.047619047619047616,0.018968790745139793,0.0011597519861907604,-0.007201345864397724,True
246,0.8571428571428571,0.047619047619047616,0.018734302300844937,0.0027217708204884295,-0.007587240990785164,True
247,0.873015873015873,0.047619047619047616,0.017573484418634495,0.003956030990082921,-0.007903268428250692,True
248,0.8888888888888888,0.047619047619047616,0.01569398823892982,0.004864583642253943,-0.008153632456596178,True
249,0.9047619047619047,0.047619047619047616,0.013271378271718717,0.00543901209012302,-0.008343266972996798,True
250,0.9206349206349206,0.047619047619047616,0.010514772595484228,0.005659183015605113,-0.00847819956924393,True
251,0.9365079365079365,0.047619047619047616,0.007634592958849353,0.005494945882547164,-0.008562968558823733,True
252,0.9523809523809523,0.047619047619047616,0.004862881917510285,0.004876705747933646,-0.008601546244365838,True
253,0.9682539682539681,0.047619047619047616,0.0024589356665610717,0.0037391322661584373,-0.00859564989771497,True
254,0.9841269841269841,0.047619047619047616,0.000708288936078908,0.002052956261657055,-0.008543606748264798,True
255,1.0,0.047619047619047616,1.7970875200419518e-07,2.989746293899317e-06,-0.008447941850911845,True
256,0.0,0.06349206349206349,-3.13506263176797e-08,-1.070505726139461e-06,9.464005451981752e-05,True
257,0.015873015873015872,0.06349206349206349,0.0002376496105273529,-0.0015701494817227898,0.00012148132380455084,True
258,0.031746031746031744,0.06349206349206349,0.0006471609760645001,-0.002085559910395905,0.00010996937110943759,True
259,0.047619047619047616,0.06349206349206349,0.0009165637781791214,-0.0018279277104086902,6.276074562024189e-05,True
260,0.06349206349206349,0.06349206349206349,0.0008369833638140023,-0.001039125886893627,-1.5067744623254032e-05,True
261,0.07936507936507936,0.06349206349206349,0.00026734531421872184,9.404994753249408e-05,-0.00011886356526566501,True
262,0.09523809523809523,0.06349206349206349,-0.0008770487997389496,0.0014265634913611979,-0.00024473246373150654,True
263,0.1111111111111111,0.06349206349206349,-0.0026681102873634707,0.0028749829801843966,-0.00038967767757380224,True
264,0.12698412698412698,0.06349206349206349,-0.005129397644696539,0.0043701633651642945,-0.000552264101418409,True
265,0.14285714285714285,0.06349206349206349,-0.008296938488067633,0.005894694393418598,-0.0007320318437824986,True
266,0.15873015873015872,0.06349206349206349,-0.012200196152775462,0.0074464413937434795,-0.0009297196136144069,True
267,0.1746031746031746,0.06349206349206349,-0.016888401418940047,0.009044810811083893,-0.0011466440308754594,True
268,0.19047619047619047,0.06349206349206349,-0.022339361397796884,0.01067551665715344,-0.0013852467869800865,True
269,0.20634920634920634,0.06349206349206349,-0.028550368395912337,0.012332303764265104,-0.0016469003468663548,True
270,0.2222222222222222,0.06349206349206349,-0.035535908126649536,0.014013687727665496,-0.0019340456454730968,True
271,0.23809523809523808,0.06349206349206349,-0.04328875117157079,0.01569327800146941,-0.0022467266041503943,True
272,0.25396825396825395,0.06349206349206349,-0.0517327980156452,0.0173222435551723,-0.002585863927953549,True
273,0.2698412698412698,0.06349206349206349,-0.060807264792009756,0.018850867221676126,-0.002949882047718282,True
274,0.2857142857142857,0.06349206349206349,-0.0704072957106,0.02021557495727495,-0.003335713610231284,True
275,0.30158730158730157,0.06349206349206349,-0.08038673465340254,0.02134680390585866,-0.0037383175765064243,True
276,0.31746031746031744,0.06349206349206349,-0.09063897664969423,0.022182795670606558,-0.004152794731737981,True
277,0.3333333333333333,0.06349206349206349,-0.10091948163082651,0.022650213128281305,-0.00456728915594867,True
278,0.3492063492063492,0.06349206349206349,-0.11104760493745769,0.022694121707508452,-0.004971787104533158,True
279,0.36507936507936506,0.06349206349206349,-0.12080483117723191,0.022278207275177576,-0.0053514905152078265,True
280,0.38095238095238093,0.06349206349206349,-0.1300645409397236,0.021319437031610447,-0.005696602849754629,True
281,0.3968253968253968,0.06349206349206349,-0.13850500769707075,0.019895965376911903,-0.005982616444000401,True
282,0.4126984126984127,0.06349206349206349,-0.1460327248926422,0.01791847673952133,-0.006202467514621898,True
283,0.42857142857142855,0.06349206349206349,-0.15236661041644223,0.015436614343186581,-0.006336565798645451,True
284,0.4444444444444444,0.06349206349206349,-0.1574994618793114,0.012483214397800119,-0.006377815104069735,True
285,0.4603174603174603,0.06349206349206349,-0.1612028056912661,0.00912760192044817,-0.006314016122115613,True
286,0.47619047619047616,0.06349206349206349,-0.16341541488743494,0.005392714551550259,-0.0061457180321700545,True
287,0.49206349206349204,0.06349206349206349,-0.16408421178663574,0.0014054416034122081,-0.005872485197129693,True
288,0.5079365079365079,0.06349206349206349,-0.16306790261206783,-0.00279175567381377,-0.005501404079859689,True
289,0.5238095238095237,0.06349206349206349,-0.16052291805655666,-0.0070422699694007085,-0.005053046212049601,True
290,0.5396825396825397,0.06349206349206349,-0.1563432604205695,-0.011321038857698812,-0.004545425233547779,True
291,0.5555555555555556,0.06349206349206349,-0.15059626989182515,-0.01538853192750692,-0.004006616645025897,True
292,0.5714285714285714,0.06349206349206349,-0.14337063171714862,-0.019256273458445935,-0.003465721816152311,True
293,0.5873015873015872,0.06349206349206349,-0.1347979346700919,-0.02272697276850628,-0.0029543789200811637,True
294,0.6031746031746031,0.06349206349206349,-0.12498877883471207,-0.02572799079240131,-0.0025041671462984983,True
295,0.6190476190476191,0.06349206349206349,-0.11412651153375587,-0.02811229446087665,-0.0021505112165973003,True
296,0.6349206349206349,0.06349206349206349,-0.102372641624086,-0.02983881227019418,-0.0019180863999909237,True
297,0.6507936507936507,0.06349206349206349,-0.09004447753697836,-0.03081025712381387,-0.001818161019703847,True
298,0.6666666666666666,0.06349206349206349,-0.07733982467949484,-0.030999964545390227,-0.0018658685388169703,True
299,0.6825396825396826,0.06349206349206349,-0.06453595878316096,-0.030389708827819235,-0.0020620274767168163,True
300,0.6984126984126984,0.06349206349206349,-0.05191968890061203,-0.02900976110623623,-0.002394027832281829,True
301,0.7142857142857142,0.06349206349206349,-0.0397374476196473,-0.026914879692955553,-0.002842321967326303,True
302,0.7301587301587301,0.06349206349206349,-0.02834099204271127,-0.024206698655243008,-0.0033856216534041117,True
303,0.746031746031746,0.06349206349206349,-0.017882661889002473,-0.020990099692320484,-0.003990200061329108,True
304,0.7619047619047619,0.06349206349206349,-0.008562398832589297,-0.017403105608276247,-0.004625334413609389,True
305,0.7777777777777777,0.06349206349206349,-0.0007009766022017588,-0.013690977054097424,-0.005262014296886921,True
306,0.7936507936507936,0.06349206349206349,0.005856821911776097,-0.009862247927139483,-0.005872503035633182,True
307,0.8095238095238095,0.06349206349206349,0.010868069408454922,-0.00618412964098956,-0.006436842424845932,True
308,0.8253968253968254,0.06349206349206349,0.014406887051712015,-0.0027368820747105107,-0.006939632499370524,True
309,0.8412698412698412,0.06349206349206349,0.016533408581864216,0.00035638544745592607,-0.007373477967225536,True
310,0.8571428571428571,0.06349206349206349,0.017355275993326553,0.0030172762575077145,-0.007735800323334175,True
311,0.873015873015873,0.06349206349206349,0.017014148522289798,0.005188458293593178,-0.008028613189379063,True
312,0.8888888888888888,0.06349206349206349,0.015712198206668075,0.006845881953524344,-0.008257254057016604,True
313,0.9047619047619047,0.06349206349206349,0.01365190409744482,0.007963965463493575,-0.008428239279000485,True
314,0.9206349206349206,0.06349206349206349,0.011064056013423763,0.00850464455741127,-0.008548774240237962,True
315,0.9365079365079365,0.06349206349206349,0.008198187567293704,0.008418166844299402,-0.008623831006555465,True
316,0.9523809523809523,0.06349206349206349,0.0053205642872218364,0.0076159722591324554,-0.00865667250164126,True
317,0.9682539682539681,0.06349206349206349,0.0027343378154080712,0.005987638427923826,-0.008646466655737478,True
318,0.9841269841269841,0.06349206349206349,0.0007994735169656057,0.003454442614898173,-0.00858743256476347,True
319,1.0,0.06349206349206349,-2.5732423510053582e-08,-1.6896548804616678e-06,-0.008479328552092364,True
320,0.0,0.07936507936507936,9.169929443051006e-09,4.890367354669024e-07,0.00023516663718592173,True
321,0.015873015873015872,0.07936507936507936,0.00011620967353918983,-0.0018545691041626062,0.00024457402124325803,True
322,0.031746031746031744,0.07936507936507936,0.00020053951329344988,-0.00227079733235429,0.0002190826121323414,True
323,0.047619047619047616,0.07936507936507936,-2.919110091608298e-05,-0.0016744304865619931,0.0001619407938152288,True
324,0.06349206349206349,0.07936507936507936,-0.0007616850473547174,-0.00038588262704505237,7.817069288827252e-05,True
325,0.07936507936507936,0.07936507936507936,-0.0021120157069403197,0.0013486268959790818,-2.771178349579152e-05,True
326,0.09523809523809523,0.07936507936507936,-0.004167990679139755,0.0033590419762770506,-0.00015229080251713033,True
327,0.1111111111111111,0.07936507936507936,-0.0069899375543817826,0.005530645126851942,-0.0002933666603701367,True
328,0.12698412698412698,0.07936507936507936,-0.010630329824881709,0.007799767844930062,-0.00045015005351647827,True
329,0.14285714285714285,0.07936507936507936,-0.01511904154593354,0.010128095664723386,-0.000623361906144113,True
330,0.15873015873015872,0.07936507936507936,-0.02051670535915041,0.01252251221499116,-0.0008149235846006544,True
331,0.1746031746031746,0.07936507936507936,-0.026767730891288432,0.014937214882680582,-0.0010274923765463122,True
332,0.19047619047619047,0.07936507936507936,-0.033980287743090386,0.017421254121686186,-0.0012648149724269918,True
333,0.20634920634920634,0.07936507936507936,-0.042072211121340665,0.019918614680847758,-0.0015298129663874167,True
334,0.2222222222222222,0.07936507936507936,-0.05106929596845869,0.022422096740311676,-0.0018264441469077214,True
335,0.23809523809523808,0.07936507936507936,-0.06087649072071303,0.024858592892491198,-0.002155752136487311,True
336,0.25396825396825395,0.07936507936507936,-0.07144186221162856,0.02717448789856783,-0.0025204780246808763,True
337,0.2698412698412698,0.07936507936507936,-0.08261292630194034,0.0292695514756773,-0.002918830989063021,True
338,0.2857142857142857,0.07936507936507936,-0.09426542731942704,0.031065857308637354,-0.003350301775247719,True
339,0.30158730158730157,0.07936507936507936,-0.10622607597397427,0.03245880588435415,-0.003810152560751213,True
340,0.31746031746031744,0.07936507936507936,-0.11823139648550203,0.033356589338730744,-0.004287443241735217,True
341,0.3333333333333333,0.07936507936507936,-0.13012176141778817,0.03368268141238115,-0.0047746556659976624,True
342,0.3492063492063492,0.07936507936507936,-0.14165484686694668,0.033376355236866474,-0.00525799699562718,True
343,0.36507936507936506,0.07936507936507936,-0.15265320991329778,0.03235399706774665,-0.005726329263005748,True
344,0.38095238095238093,0.07936507936507936,-0.16281384907286253,0.030661701848253446,-0.006152402316916571,True
345,0.3968253968253968,0.07936507936507936,-0.1720226944403215,0.02824094158912299,-0.006526268601651573,True
346,0.4126984126984127,0.07936507936507936,-0.18007039596614693,0.025116173879507868,-0.0068275973910923516,True
347,0.42857142857142855,0.07936507936507936,-0.186828742244453,0.021362228821048806,-0.0070381567065095005,True
348,0.4444444444444444,0.07936507936507936,-0.19224010980416856,0.01700876625099977,-0.0071481720426098665,True
349,0.4603174603174603,0.07936507936507936,-0.1960856758108307,0.01213092424189517,-0.00714424470958,True
350,0.47619047619047616,0.07936507936507936,-0.19831465432282797,0.006823880500672782,-0.007023723339305368,True
351,0.49206349206349204,0.07936507936507936,-0.19900770366739495,0.0012061783430522852,-0.006787638164184411,True
352,0.5079365079365079,0.07936507936507936,-0.1979484426047942,-0.0046443886691544005,-0.006440525872099592,True
353,0.5238095238095237,0.07936507936507936,-0.1952194654792606,-0.01054836498116858,-0.006001357814150415,True
354,0.5396825396825397,0.07936507936507936,-0.1908272034743821,-0.016454091934358643,-0.005489970639029376,True
355,0.5555555555555556,0.07936507936507936,-0.18476455496585245,-0.02205754392851243,-0.004934990911181733,True
356,0.5714285714285714,0.07936507936507936,-0.1771437258299602,-0.02748856080171622,-0.004360428796470876,True
357,0.5873015873015872,0.07936507936507936,-0.16802101211407572,-0.03226984094809651,-0.003809783777037242,True
358,0.6031746031746031,0.07936507936507936,-0.15748408481466522,-0.03652581335271591,-0.003311478293828271,True
359,0.6190476190476191,0.07936507936507936,-0.14576014635290413,-0.039959386659772216,-0.00289636923874166,True
360,0.6349206349206349,0.07936507936507936,-0.13298831251489082,-0.04250520766476698,-0.0025997170969731466,True
361,0.6507936507936507,0.07936507936507936,-0.11933445096593794,-0.044103755612047005,-0.0024344056451388522,True
362,0.6666666666666666,0.07936507936507936,-0.10514222926425512,-0.04461733850879689,-0.002420965236730347,True
363,0.6825396825396826,0.07936507936507936,-0.09065354572120399,-0.044060473316481025,-0.0025568932356659674,True
364,0.6984126984126984,0.07936507936507936,-0.07616023710004405,-0.04243470254759266,-0.0028369013644387047,True
365,0.7142857142857142,0.07936507936507936,-0.06197377896011934,-0.03980549559052329,-0.0032423352350264864,True
366,0.7301587301587301,0.07936507936507936,-0.048404221654342515,-0.036290934370083745,-0.0037479289206209885,True
367,0.746031746031746,0.07936507936507936,-0.03572137643548724,-0.03201800196436181,-0.00432377331848819,True
368,0.7619047619047619,0.07936507936507936,-0.024155639668600577,-0.027173749477207687,-0.004935863962540584,True
369,0.7777777777777777,0.07936507936507936,-0.014028756804579937,-0.022017903090938644,-0.005554046543379255,True
370,0.7936507936507936,0.07936507936507936,-0.005353443732632364,-0.016677568018781657,-0.006147662349667503,True
371,0.8095238095238095,0.07936507936507936,0.0017036634441386317,-0.011421135079466438,-0.006695811022073617,True
372,0.8253968253968254,0.07936507936507936,0.007106421727003333,-0.006428636655724951,-0.0071819307834216336,True
373,0.8412698412698412,0.07936507936507936,0.010911038941935049,-0.001851525892883805,-0.007597436288088559,True
374,0.8571428571428571,0.07936507936507936,0.013170055742017184,0.0021567507286771714,-0.007939955651615541,True
375,0.873015873015873,0.07936507936507936,0.014045154422137246,0.005516169349230863,-0.008212356045076266,True
376,0.8888888888888888,0.07936507936507936,0.013721919262871045,0.008160846628807951,-0.008421101385350861,True
377,0.9047619047619047,0.07936507936507936,0.012402803922846605,0.0100255697411177,-0.008574205315590132,True
378,0.9206349206349206,0.07936507936507936,0.010363296474295987,0.011077376950436127,-0.00867950786866219,True
379,0.9365079365079365,0.07936507936507936,0.007857076918297233,0.011222054853864424,-0.008743598703713025,True
380,0.9523809523809523,0.07936507936507936,0.005188929815466664,0.010350537192360813,-0.008769431707675815,True
381,0.9682539682539681,0.07936507936507936,0.002698929245031109,0.008312164958448887,-0.008755525408824051,True
382,0.9841269841269841,0.07936507936507936,0.000793480604124539,0.004925074056075176,-0.008694985014168646,True
383,1.0,0.07936507936507936,2.9353678695153004e-08,-2.2593358868880044e-06,-0.008586982142012945,True
384,0.0,0.09523809523809523,1.8343893555974177e-08,-6.60406797614802e-09,0.00041949840613211576,True
385,0.015873015873015872,0.09523809523809523,-5.129323559760736e-05,-0.0018646601499653322,0.0004046904354130836,True
386,0.031746031746031744,0.09523809523809523,-0.00040805673793049564,-0.0019719377485893767,0.00035990875418094896,True
387,0.047619047619047616,0.09523809523809523,-0.0012956919471312004,-0.0008605138880267956,0.0002893220083996277,True
388,0.06349206349206349,0.09523809523809523,-0.0028542494984994415,0.0010719523040157376,0.00019698267751327428,True
389,0.07936507936507936,0.09523809523809523,-0.005171515587812218,0.003545399021789293,8.653628882988988e-05,True
390,0.09523809523809523,0.09523809523809523,-0.008306918270278239,0.006350808271040829,-3.974787020236317e-05,True
391,0.1111111111111111,0.09523809523809523,-0.0123396260357599,0.009382399983063085,-0.0001807124453597344,True
392,0.12698412698412698,0.09523809523809523,-0.01729022850764257,0.012540618264678106,-0.0003367504070804127,True
393,0.14285714285714285,0.09523809523809523,-0.023244491947816626,0.015815111683779935,-0.0005099373655285108,True
394,0.15873015873015872,0.09523809523809523,-0.030207213006291467,0.019166155331528968,-0.0007037927832302108,True
395,0.1746031746031746,0.09523809523809523,-0.03815532138936817,0.022554696564933006,-0.0009224986214440383,True
396,0.19047619047619047,0.09523809523809523,-0.04715401848704937,0.025997482833398713,-0.0011714108859257107,True
397,0.20634920634920634,0.09523809523809523,-0.05716670602587975,0.029448611953440514,-0.0014558623837072294,True
398,0.2222222222222222,0.09523809523809523,-0.06815464247311605,0.03285173713051907,-0.0017819628194693567,True
399,0.23809523809523808,0.09523809523809523,-0.079913537355214,0.03606992523734164,-0.0021504800849941373,True
400,0.25396825396825395,0.09523809523809523,-0.09243676926805248,0.03905415850642729,-0.0025675753182644715,True
401,0.2698412698412698,0.09523809523809523,-0.10547625622711995,0.04165225836294997,-0.0030302045399262186,True
402,0.2857142857142857,0.09523809523809523,-0.11886039038335816,0.043763840972494465,-0.003536967114465349,True
403,0.30158730158730157,0.09523809523809523,-0.13245632634420687,0.045262219532945194,-0.004089002084425169,True
404,0.31746031746031744,0.09523809523809523,-0.1458872810886864,0.046044776308644,-0.004665394027615134,True
405,0.3333333333333333,0.09523809523809523,-0.15900378723953723,0.04602319145223495,-0.0052618930671250045,True
406,0.3492063492063492,0.09523809523809523,-0.17157721074815116,0.045144742330974555,-0.0058599534834449215,True
407,0.36507936507936506,0.09523809523809523,-0.18336948805264747,0.043357733769586675,-0.006443455130413837,True
408,0.38095238095238093,0.09523809523809523,-0.19425105792994635,0.040701938505090116,-0.006986159570745632,True
409,0.3968253968253968,0.09523809523809523,-0.20400727223065798,0.03715464713118458,-0.007472731981563548,True
410,0.4126984126984127,0.09523809523809523,-0.21251321557682631,0.03275393133813462,-0.00788193529215718,True
411,0.42857142857142855,0.09523809523809523,-0.21963312402969376,0.027637785754318092,-0.00818920357428578,True
412,0.4444444444444444,0.09523809523809523,-0.2253632840218618,0.021768751485381346,-0.008387782654195488,True
413,0.4603174603174603,0.09523809523809523,-0.2295264820439558,0.015336392338125357,-0.008458293775693425,True
414,0.47619047619047616,0.09523809523809523,-0.23206842287171356,0.008427254686222551,-0.008398369622216349,True
415,0.49206349206349204,0.09523809523809523,-0.23301789464731654,0.0011013123177890363,-0.008207280073760159,True
416,0.5079365079365079,0.09523809523809523,-0.23225694232851707,-0.006398806582047735,-0.007886718848046412,True
417,0.5238095238095237,0.09523809523809523,-0.22976032528602253,-0.01402438953832573,-0.0074574449845909874,True
418,0.5396825396825397,0.09523809523809523,-0.2255625694500705,-0.021596825020079122,-0.0069370982006684455,True
419,0.5555555555555556,0.09523809523809523,-0.21965758471034819,-0.028933533425867533,-0.006350769137900026,True
420,0.5714285714285714,0.09523809523809523,-0.21204070781548995,-0.035868955141207866,-0.005733006457545625,True
421,0.5873015873015872,0.09523809523809523,-0.20280817618974015,-0.042248110795823475,-0.005115017898445346,True
422,0.6031746031746031,0.09523809523809523,-0.19201769479891234,-0.047862211662055204,-0.00453758564830017,True
423,0.6190476190476191,0.09523809523809523,-0.17978600499843492,-0.052569119361623284,-0.004032005718873372,True
424,0.6349206349206349,0.09523809523809523,-0.166284099768271,-0.056199200917166285,-0.00363103698130047,True
425,0.6507936507936507,0.09523809523809523,-0.1516918564271237,-0.058617191219618996,-0.003359015552638021,True
426,0.6666666666666666,0.09523809523809523,-0.13625849691110448,-0.05971520009976103,-0.0032365240345190592,True
427,0.6825396825396826,0.09523809523809523,-0.12026458094007561,-0.05943371582956475,-0.003270432602583436,True
428,0.6984126984126984,0.09523809523809523,-0.10405475319363772,-0.057769714194169576,-0.0034589113068796027,True
429,0.7142857142857142,0.09523809523809523,-0.08781853719227879,-0.054768844227859895,-0.003776752213981842,True
430,0.7301587301587301,0.09523809523809523,-0.07215352464865213,-0.05058196596897416,-0.0042158949273318905,True
431,0.746031746031746,0.09523809523809523,-0.05717238898606562,-0.04533241030068584,-0.00473450249037255,True
432,0.7619047619047619,0.09523809523809523,-0.04326949394122612,-0.039261725620215515,-0.005302875013959016,True
433,0.7777777777777777,0.09523809523809523,-0.030735307231951507,-0.03263247554200795,-0.005887557560134308,True
434,0.7936507936507936,0.09523809523809523,-0.01970731963299922,-0.025683120937083432,-0.0064557081586875155,True
435,0.8095238095238095,0.09523809523809523,-0.01041560198074299,-0.018736539589409407,-0.006983988423374175,True
436,0.8253968253968254,0.09523809523809523,-0.002901609637797081,-0.01202245602146791,-0.007453082169869929,True
437,0.8412698412698412,0.09523809523809523,0.002821464122319611,-0.0057772417559152755,-0.007852858606523464,True
438,0.8571428571428571,0.09523809523809523,0.006822860923141403,-0.00017976735162885792,-0.008179294738421891,True
439,0.873015873015873,0.09523809523809523,0.009205484245492146,0.004598009585791932,-0.00843611475786491,True
440,0.8888888888888888,0.09523809523809523,0.010163416991223233,0.008465934944033315,-0.008629083516692575,True
441,0.9047619047619047,0.09523809523809523,0.009877764826231572,0.011292813447766887,-0.008767656781907992,True
442,0.9206349206349206,0.09523809523809523,0.008676556260035495,0.013059965636757275,-0.008860662296655554,True
443,0.9365079365079365,0.09523809523809523,0.0068062913450611835,0.01361072124107294,-0.008915646366784977,True
444,0.9523809523809523,0.09523809523809523,0.004596408937487375,0.012817595908390881,-0.008936396431297377,True
445,0.9682539682539681,0.09523809523809523,0.002423692764755904,0.0104722027949484,-0.008921989777761569,True
446,0.9841269841269841,0.09523809523809523,0.0007171855158460982,0.006314135696388859,-0.008865937996932768,True
447,1.0,0.09523809523809523,6.448370312272786e-09,-4.0801640617603005e-06,-0.00876778332997602,True
448,0.0,0.1111111111111111,1.7476223471506547e-08,-9.522824999057748e-07,0.0006394379379804967,True
449,0.015873015873015872,0.1111111111111111,-0.0002600733669062114,-0.001517216074547206,0.0005946338510315452,True
450,0.031746031746031744,0.1111111111111111,-0.0011681800636670482,-0.0010436780186104137,0.0005261312388944761,True
451,0.047619047619047616,0.1111111111111111,-0.002837179576782504,0.000768046375244195,0.0004396689552987253,True
452,0.06349206349206349,0.1111111111111111,-0.005360280656314894,0.003498030070581855,0.0003368912325112022,True
453,0.07936507936507936,0.1111111111111111,-0.00877183470620129,0.006818776165507705,0.00021947257309553808,True
454,0.09523809523809523,0.1111111111111111,-0.013148606709581208,0.010559672390473089,8.809085427840057e-05,True
455,0.1111111111111111,0.1111111111111111,-0.0184867843134697,0.01454117174660486,-5.753338113506895e-05,True
456,0.12698412698412698,0.1111111111111111,-0.02487930574946642,0.018720896552211094,-0.00021961364976962465,True
457,0.14285714285714285,0.1111111111111111,-0.03236307426888205,0.023042718202532786,-0.00040193267207575787,True
458,0.15873015873015872,0.1111111111111111,-0.040946815264851256,0.027456359684284892,-0.0006095081285764582,True
459,0.1746031746031746,0.1111111111111111,-0.05065582944513319,0.03194047567663102,-0.000849194490049494,True
460,0.19047619047619047,0.1111111111111111,-0.061443719375851594,0.03642859138876669,-0.0011278335742847946,True
461,0.20634920634920634,0.1111111111111111,-0.07331603513335301,0.040882087761867754,-0.001454411466361525,True
462,0.2222222222222222,0.1111111111111111,-0.08608267586464258,0.04514936092493962,-0.0018331755687904334,True
463,0.23809523809523808,0.1111111111111111,-0.09970695668169136,0.04915578570264151,-0.0022729320016584495,True
464,0.25396825396825395,0.1111111111111111,-0.11394514847944978,0.0527249154680067,-0.002775253870691539,True
465,0.2698412698412698,0.1111111111111111,-0.1286067664717136,0.05571483659743489,-0.00334127456258637,True
466,0.2857142857142857,0.1111111111111111,-0.1434233412594499,0.057981522963661956,-0.003962391901568908,True
467,0.30158730158730157,0.1111111111111111,-0.15821688838184264,0.059410830160155394,-0.004638521904347098,True
468,0.31746031746031744,0.1111111111111111,-0.172758904385538,0.05988108354167644,-0.00535875447846022,True
469,0.3333333333333333,0.1111111111111111,-0.18677656570155657,0.059332383984497014,-0.006102369070619503,True
470,0.3492063492063492,0.1111111111111111,-0.20007114652087768,0.05770271417443839,-0.006855140073186614,True
471,0.36507936507936506,0.1111111111111111,-0.21250319179338514,0.055002254528369016,-0.007590641283120134,True
472,0.38095238095238093,0.1111111111111111,-0.22390438415477487,0.05130011968739763,-0.008279086592385082,True
473,0.3968253968253968,0.1111111111111111,-0.23411094938095436,0.04652080434315348,-0.008912878064877654,True
474,0.4126984126984127,0.1111111111111111,-0.24302309508307432,0.040834700461896,-0.009454748690280092,True
475,0.42857142857142855,0.1111111111111111,-0.2506123648627351,0.03423843081018935,-0.009891874348162131,True
476,0.4444444444444444,0.1111111111111111,-0.256742570830152,0.02693622523356255,-0.010196812330963978,True
477,0.4603174603174603,0.1111111111111111,-0.2613604953846732,0.018947665855765777,-0.010363237508690372,True
478,0.47619047619047616,0.1111111111111111,-0.2643958766818395,0.010362033777163281,-0.010384206245449093,True
479,0.49206349206349204,0.1111111111111111,-0.26582113118566164,0.001471445961211802,-0.010247656658928045,True
480,0.5079365079365079,0.1111111111111111,-0.2655995771617755,-0.007790807425966283,-0.009966362036794484,True
481,0.5238095238095237,0.1111111111111111,-0.26364390832539425,-0.01705761898957858,-0.009549445651820948,True
482,0.5396825396825397,0.1111111111111111,-0.2600028440829191,-0.026473580862715368,-0.009017589660935155,True
483,0.5555555555555556,0.1111111111111111,-0.2545045633056435,-0.03543723954273406,-0.008398727030985697,True
484,0.5714285714285714,0.1111111111111111,-0.2473373237863106,-0.044178659410953794,-0.007713137548068194,True
485,0.5873015873015872,0.1111111111111111,-0.23835073767744291,-0.05219945716487518,-0.00700982925658952,True
486,0.6031746031746031,0.1111111111111111,-0.22765953654928014,-0.05943212134840782,-0.006318587358050474,True
487,0.6190476190476191,0.1111111111111111,-0.2153340681298339,-0.06561203364279229,-0.0056804225383980935,True
488,0.6349206349206349,0.1111111111111111,-0.20143818875567118,-0.07057138721696254,-0.005133994351930311,True
489,0.6507936507936507,0.1111111111111111,-0.18623117952875756,-0.07409458575379077,-0.004704477524560038,True
490,0.6666666666666666,0.1111111111111111,-0.16983570232870876,-0.07605829078623448,-0.004419999390505577,True
491,0.6825396825396826,0.1111111111111111,-0.15257257671427943,-0.07634450595632719,-0.004294329686739767,True
492,0.6984126984126984,0.1111111111111111,-0.13475734001315118,-0.07491461934902967,-0.004330484833659287,True
493,0.7142857142857142,0.1111111111111111,-0.11668774068776613,-0.0718060622276435,-0.004513577263406398,True
494,0.7301587301587301,0.1111111111111111,-0.09882912375023575,-0.06711060918820291,-0.004832530317733965,True
495,0.746031746031746,0.1111111111111111,-0.08152460627715477,-0.06102257330983575,-0.005253011485070101,True
496,0.7619047619047619,0.1111111111111111,-0.06515326201043194,-0.05377584403929195,-0.0057431420082179226,True
497,0.7777777777777777,0.1111111111111111,-0.05008466065162697,-0.04570783691918719,-0.006268309480602227,True
498,0.7936507936507936,0.1111111111111111,-0.03654221895520477,-0.03710034801989943,-0.0067927900602466505,True
499,0.8095238095238095,0.1111111111111111,-0.02479673026260862,-0.028346072520090675,-0.007290051922278365,True
500,0.8253968253968254,0.1111111111111111,-0.014951703304279355,-0.01975329430202676,-0.007736899591831715,True
501,0.8412698412698412,0.1111111111111111,-0.007049813857195816,-0.011622312505907837,-0.008120789771795821,True
502,0.8571428571428571,0.1111111111111111,-0.0011341291893029323,-0.004273831305662349,-0.0084348590491553,True
503,0.873015873015873,0.1111111111111111,0.003005552737959751,0.002176097479807813,-0.008680779189450104,True
504,0.8888888888888888,0.1111111111111111,0.005452778739211674,0.007481198969268123,-0.008863916739399869,True
505,0.9047619047619047,0.1111111111111111,0.0064564079101062976,0.01153300515319366,-0.008993950294672854,True
506,0.9206349206349206,0.1111111111111111,0.0062842748346523805,0.01420442770326375,-0.009080140817439086,True
507,0.9365079365079365,0.1111111111111111,0.005246967804988692,0.015357855670789414,-0.009130831431775368,True
508,0.9523809523809523,0.1111111111111111,0.003689671780382969,0.014810295824071066,-0.009150795763170311,True
509,0.9682539682539681,0.1111111111111111,0.001990294311758244,0.012304920856902317,-0.009140247223522456,True
510,0.9841269841269841,0.1111111111111111,0.0005952071309028172,0.0075171279261054,-0.009093904161566599,True
511,1.0,0.1111111111111111,7.07555327558832e-09,-2.783681484330455e-06,-0.009012274107985122,True
512,0.0,0.12698412698412698,-3.0230519317386947e-09,2.6285182443722846e-07,0.0008842276265327129,True
513,0.015873015873015872,0.12698412698412698,-0.000505631716874914,-0.000742020016519334,0.0008044157905782683,True
514,0.031746031746031744,0.12698412698412698,-0.0020415184553227517,0.0006070263969753643,0.000709346156607259,True
515,0.047619047619047616,0.12698412698412698,-0.004617249679364135,0.003349830859049262,0.0006049801409733586,True
516,0.06349206349206349,0.12698412698412698,-0.008221746748622243,0.007027925972326935,0.0004901030144968045,True
517,0.07936507936507936,0.12698412698412698,-0.012842351783782725,0.011325818091388037,0.00036337537464527453,True
518,0.09523809523809523,0.12698412698412698,-0.018511189327093853,0.016067208186806195,0.0002229775526389246,True
519,0.1111111111111111,0.12698412698412698,-0.025268914187621408,0.021127713402848535,6.623325715846838e-05,True
520,0.12698412698412698,0.12698412698412698,-0.0331507231941705,0.026413634172715018,-0.00011072464423519977,True
521,0.14285714285714285,0.12698412698412698,-0.04218789040525105,0.03186384362740042,-0.00031372956298708155,True
522,0.15873015873015872,0.12698412698412698,-0.052436817539773424,0.03744758160761881,-0.0005511801545951468,True
523,0.1746031746031746,0.12698412698412698,-0.06385154357460221,0.04307302575022376,-0.0008310985330768405,True
524,0.19047619047619047,0.12698412698412698,-0.07637423710214461,0.048651971526573023,-0.0011639040783374096,True
525,0.20634920634920634,0.12698412698412698,-0.08995143268839834,0.05408693684697258,-0.0015590476336002246,True
526,0.2222222222222222,0.12698412698412698,-0.10440623516633049,0.05921600372611125,-0.002025338049305773,True
527,0.23809523809523808,0.12698412698412698,-0.11956813285087114,0.06387811607274754,-0.002567649278727805,True
528,0.25396825396825395,0.12698412698412698,-0.1352349704928802,0.06790467512733837,-0.0031949346788338225,True
529,0.2698412698412698,0.12698412698412698,-0.15117569932124575,0.07112291766507756,-0.0039038550394743816,True
530,0.2857142857142857,0.12698412698412698,-0.1671071372075908,0.07337441420311681,-0.004686700132145404,True
531,0.30158730158730157,0.12698412698412698,-0.1828552548102704,0.07454719506800861,-0.005537029518388356,True
532,0.31746031746031744,0.12698412698412698,-0.19814077396992807,0.07455613389520992,-0.006434866549710272,True
533,0.3333333333333333,0.12698412698412698,-0.21277707756056244,0.0733269880929169,-0.007368624582072847,True
534,0.3492063492063492,0.12698412698412698,-0.2266184138151822,0.07086041460800212,-0.008311017010588213,True
535,0.36507936507936506,0.12698412698412698,-0.23947668024993077,0.0671651931272366,-0.00923656278087757,True
536,0.38095238095238093,0.12698412698412698,-0.25123696533541867,0.06227870117655774,-0.01011924663452118,True
537,0.3968253968253968,0.12698412698412698,-0.2618234216671038,0.05632180508206013,-0.010923546214828196,True
538,0.4126984126984127,0.12698412698412698,-0.2711590314088833,0.049271912027722166,-0.011638444076768251,True
539,0.42857142857142855,0.12698412698412698,-0.2791297122430601,0.04135478759162413,-0.01222198759024224,True
540,0.4444444444444444,0.12698412698412698,-0.2856955725924593,0.03251086260391058,-0.01267348270381382,True
541,0.4603174603174603,0.12698412698412698,-0.2908178033182853,0.023055761323323567,-0.012954793937188416,True
542,0.47619047619047616,0.12698412698412698,-0.29439697066566983,0.01290726614462597,-0.013075876486213358,True
543,0.49206349206349204,0.12698412698412698,-0.29640799291416825,0.0024276229767690254,-0.013014330931658458,True
544,0.5079365079365079,0.12698412698412698,-0.2968721434005567,-0.00856068299974575,-0.012787275537418865,True
545,0.5238095238095237,0.12698412698412698,-0.295648035207144,-0.019535708379139313,-0.012390126737858855,True
546,0.5396825396825397,0.12698412698412698,-0.2926916723300855,-0.03061942564409308,-0.011852509978065537,True
547,0.5555555555555556,0.12698412698412698,-0.2879445415900049,-0.041444469389281105,-0.011193264420614824,True
548,0.5714285714285714,0.12698412698412698,-0.2814945213061775,-0.051983688469186426,-0.010432988652195982,True
549,0.5873015873015872,0.12698412698412698,-0.2730659831836691,-0.061717128940035844,-0.009630785290988288,True
550,0.6031746031746031,0.12698412698412698,-0.26293906447917953,-0.0707985344721156,-0.008791770367574822,True
551,0.6190476190476191,0.12698412698412698,-0.2509198071342107,-0.0786882754020974,-0.00798337941486635,True
552,0.6349206349206349,0.12698412698412698,-0.23708923888745603,-0.08515883274632283,-0.007252406524005172,True
553,0.6507936507936507,0.12698412698412698,-0.22166539650105152,-0.09015137814106113,-0.006605252533331144,True
554,0.6666666666666666,0.12698412698412698,-0.2047528208588734,-0.09332559584958727,-0.0060930403830160434,True
555,0.6825396825396826,0.12698412698412698,-0.18657179938200066,-0.0945274877182655,-0.005740944197834914,True
556,0.6984126984126984,0.12698412698412698,-0.16741758357135192,-0.09369730280052578,-0.005548959373066171,True
557,0.7142857142857142,0.12698412698412698,-0.14773326325331088,-0.0907740715236303,-0.005533724031993361,True
558,0.7301587301587301,0.12698412698412698,-0.12782242151384451,-0.08587236465834165,-0.005664076763831599,True
559,0.746031746031746,0.12698412698412698,-0.10821707926500201,-0.07914280795932334,-0.005929596596736008,True
560,0.7619047619047619,0.12698412698412698,-0.08934038788099698,-0.07087730631307353,-0.006291942166325542,True
561,0.7777777777777777,0.12698412698412698,-0.07157365067646736,-0.06139156865853685,-0.006715584096207947,True
562,0.7936507936507936,0.12698412698412698,-0.05538214114501781,-0.051128479541641104,-0.007168112630968734,True
563,0.8095238095238095,0.12698412698412698,-0.040925399019986444,-0.040436995363141326,-0.007612259876855456,True
564,0.8253968253968254,0.12698412698412698,-0.028569424944757546,-0.029846942799392578,-0.008026280589611403,True
565,0.8412698412698412,0.12698412698412698,-0.018346115707049904,-0.019702951715957127,-0.008388922566550692,True
566,0.8571428571428571,0.12698412698412698,-0.010202593976905946,-0.010287768910296256,-0.008690945630945229,True
567,0.873015873015873,0.12698412698412698,-0.004148849722964291,-0.001970381106545846,-0.00892990725114065,True
568,0.8888888888888888,0.12698412698412698,-1.7973628357857702e-05,0.00502580255997682,-0.009110119739506825,True
569,0.9047619047619047,0.12698412698412698,0.0024234965903144417,0.01051596203226409,-0.009239014210638545,True
570,0.9206349206349206,0.12698412698412698,0.0034542482295868223,0.014336687021176017,-0.009325958938884655,True
571,0.9365079365079365,0.12698412698412698,0.0033909495383744265,0.01629661738649663,-0.009379275924046391,True
572,0.9523809523809523,0.12698412698412698,0.0025932086162705247,0.016180402329010884,-0.009404430143535092,True
573,0.9682539682539681,0.12698412698412698,0.0014738953807757423,0.013701576712642152,-0.009402797610525327,True
574,0.9841269841269841,0.12698412698412698,0.0004519218788597886,0.00847040844649639,-0.009370678525523436,True
575,1.0,0.12698412698412698,-1.3778231411772103e-10,2.6937879213361427e-07,-0.009308865058550388,True
576,0.0,0.14285714285714285,-6.657904824903706e-08,6.485641099542867e-06,0.0011399158237296592,True
577,0.015873015873015872,0.14285714285714285,-0.0007841121113470274,0.0005242841340868012,0.0010208352019757607,True
578,0.031746031746031744,0.14285714285714285,-0.003027853472105629,0.0030996502809101556,0.0008969457515206814,True
579,0.047619047619047616,0.14285714285714285,-0.006588506321378726,0.006983721117815685,0.0007737986702687768,True
580,0.06349206349206349,0.14285714285714285,-0.011338090556381415,0.01173747913389873,0.0006456387409787341,True
581,0.07936507936507936,0.14285714285714285,-0.017236997873412013,0.017122938996807044,0.0005066086867538397,True
582,0.09523809523809523,0.14285714285714285,-0.024274122914402722,0.022970539795056137,0.0003519441005714004,True
583,0.1111111111111111,0.14285714285714285,-0.03245742376704051,0.02916667249246961,0.00017633947119753633,True
584,0.12698412698412698,0.14285714285714285,-0.04185874793450639,0.035650070268267664,-2.725650228635128e-05,True
585,0.14285714285714285,0.14285714285714285,-0.05245074952078011,0.04230121016360661,-0.0002660062705117322,True
586,0.15873015873015872,0.14285714285714285,-0.06431280038829565,0.04910056496974782,-0.000553414290760863,True
587,0.1746031746031746,0.14285714285714285,-0.07732114891162666,0.055871512188951714,-0.0008970864961307268,True
588,0.19047619047619047,0.14285714285714285,-0.09144149537083193,0.06252195545839771,-0.0013114247121912951,True
589,0.20634920634920634,0.14285714285714285,-0.10654202336399288,0.06888958400013902,-0.0018109616956644024,True
590,0.2222222222222222,0.14285714285714285,-0.12242198629758423,0.07476820168959546,-0.0023995667194414683,True
591,0.23809523809523808,0.14285714285714285,-0.13886113644134337,0.0799635103689016,-0.003086711977344114,True
592,0.25396825396825395,0.14285714285714285,-0.15566477272939044,0.08429087017277666,-0.003882456986269903,True
593,0.2698412698412698,0.14285714285714285,-0.17255487551143908,0.08756384938964339,-0.004776429087017355,True
594,0.2857142857142857,0.14285714285714285,-0.18928323147115875,0.089621761754595,-0.0057689786325257324,True
595,0.30158730158730157,0.14285714285714285,-0.20563774720690575,0.09037327690694529,-0.006838561766161861,True
596,0.31746031746031744,0.14285714285714285,-0.22143036372343008,0.08979274714357964,-0.007956306940430457,True
597,0.3333333333333333,0.14285714285714285,-0.236447296369389,0.08777299276558927,-0.0091233432909102,True
598,0.3492063492063492,0.14285714285714285,-0.25056551357360013,0.08437810296274965,-0.010297044924783904,True
599,0.36507936507936506,0.14285714285714285,-0.2636621667440709,0.07958456116385682,-0.011462065584036977,True
600,0.38095238095238093,0.14285714285714285,-0.2756673060357887,0.07362666261677767,-0.01255130969485417,True
601,0.3968253968253968,0.14285714285714285,-0.2864651013094651,0.06638247411439445,-0.01357855300021547,True
602,0.4126984126984127,0.14285714285714285,-0.29602361644747344,0.05805181515255768,-0.014490975617839016,True
603,0.42857142857142855,0.14285714285714285,-0.30426831370686874,0.04878869832068733,-0.015256486020373881,True
604,0.4444444444444444,0.14285714285714285,-0.31115274341138865,0.03852729478069254,-0.015876337117264615,True
605,0.4603174603174603,0.14285714285714285,-0.3166438083906132,0.02767354563245577,-0.016296479786391132,True
606,0.47619047619047616,0.14285714285714285,-0.320725922473753,0.016011960017934767,-0.01654292664808704,True
607,0.49206349206349204,0.14285714285714285,-0.3233256100038152,0.003916563094307211,-0.01658060538149207,True
608,0.5079365079365079,0.14285714285714285,-0.32444966839032546,-0.008531074022063826,-0.016415809344095388,True
609,0.5238095238095237,0.14285714285714285,-0.32399358213133017,-0.02125044199304779,-0.01605856157619988,True
610,0.5396825396825397,0.14285714285714285,-0.3218786216561621,-0.03398222869388459,-0.015521542703685208,True
611,0.5555555555555556,0.14285714285714285,-0.3181088420626639,-0.04662621924721369,-0.014823046016455194,True
612,0.5714285714285714,0.14285714285714285,-0.31249717546920247,-0.05883905065530217,-0.01399749123475912,True
613,0.5873015873015872,0.14285714285714285,-0.3051475311940847,-0.07059908143328653,-0.013066718282563096,True
614,0.6031746031746031,0.14285714285714285,-0.2959034990095002,-0.0814564518980377,-0.0120775078068977,True
615,0.6190476190476191,0.14285714285714285,-0.28471113689956923,-0.09123445296492283,-0.011070319553893431,True
616,0.6349206349206349,0.14285714285714285,-0.271523681451988,-0.0996011749652617,-0.010093703059241857,True
617,0.6507936507936507,0.14285714285714285,-0.2564491307113486,-0.10629339076280882,-0.009185428606015284,True
618,0.6666666666666666,0.14285714285714285,-0.23959111347726306,-0.11103825468276238,-0.008384277133330903,True
619,0.6825396825396826,0.14285714285714285,-0.22104877668331974,-0.11357197181182432,-0.007730731928608708,True
620,0.6984126984126984,0.14285714285714285,-0.20111024831491445,-0.1137093341976296,-0.007250836970825334,True
621,0.7142857142857142,0.14285714285714285,-0.18009398684603023,-0.11144222670147569,-0.006931530606644767,True
622,0.7301587301587301,0.14285714285714285,-0.1585047591879101,-0.10668520448935158,-0.006807416611678784,True
623,0.746031746031746,0.14285714285714285,-0.1367432287864156,-0.09964479330255388,-0.006835646466993486,True
624,0.7619047619047619,0.14285714285714285,-0.11539942268571647,-0.09057374447970608,-0.0070035609278579205,True
625,0.7777777777777777,0.14285714285714285,-0.0949054665103461,-0.07980923258923152,-0.0072700088074066,True
626,0.7936507936507936,0.14285714285714285,-0.07587014581976248,-0.06789204708245437,-0.007604385660269337,True
627,0.8095238095238095,0.14285714285714285,-0.058698939718585454,-0.05533337068289789,-0.007968988879880666,True
628,0.8253968253968254,0.14285714285714285,-0.04350863898338176,-0.042536254333705656,-0.008325048452239674,True
629,0.8412698412698412,0.14285714285714285,-0.030639145091792497,-0.030103252845677088,-0.008654651933966919,True
630,0.8571428571428571,0.14285714285714285,-0.020130046097340957,-0.018458780981184805,-0.008940346161258692,True
631,0.873015873015873,0.14285714285714285,-0.01197436355075958,-0.008028799710730665,-0.00917458275733772,True
632,0.8888888888888888,0.14285714285714285,-0.0059691595317284745,0.0009342049349235989,-0.009356943116113394,True
633,0.9047619047619047,0.14285714285714285,-0.0019436201716592483,0.008136140896697227,-0.009492684744067451,True
634,0.9206349206349206,0.14285714285714285,0.00039994693869761035,0.013334759014464341,-0.009588673721601972,True
635,0.9365079365079365,0.14285714285714285,0.0013940468315809724,0.01630855379224699,-0.009652656592214983,True
636,0.9523809523809523,0.14285714285714285,0.0014392743184404439,0.016854434191643567,-0.009689945928122595,True
637,0.9682539682539681,0.14285714285714285,0.0009381433146202842,0.014600863249711942,-0.00970268724349748,True
638,0.9841269841269841,0.14285714285714285,0.0003086761362781918,0.00914462132108401,-0.009688104961641995,True
639,1.0,0.14285714285714285,-1.542287876437712e-08,1.1410746992915786e-06,-0.009646723598241277,True
640,0.0,0.15873015873015872,-1.9860160908377445e-07,1.4572923739677735e-05,0.001388940050971885,True
641,0.015873015873015872,0.15873015873015872,-0.001086741637579068,0.0023269244308385135,0.0012274388252686715,True
642,0.031746031746031744,0.15873015873015872,-0.004078463835838542,0.006454921860471974,0.0010737443921821444,True
643,0.047619047619047616,0.15873015873015872,-0.008675614626370525,0.011711703889109854,0.0009310189446601385,True
644,0.06349206349206349,0.15873015873015872,-0.014638186668248772,0.01769735656759506,0.0007878554847225529,True
645,0.07936507936507936,0.15873015873015872,-0.021836103790202482,0.02425381464973366,0.0006329136876910057,True
646,0.09523809523809523,0.15873015873015872,-0.030262461089704765,0.03129586308153237,0.000456852463362828,True
647,0.1111111111111111,0.15873015873015872,-0.0398481653510306,0.03866690115972438,0.0002532456537320243,True
648,0.12698412698412698,0.15873015873015872,-0.05073060149858341,0.04639749811044033,8.569862856797718e-06,True
649,0.14285714285714285,0.15873015873015872,-0.06283609436752773,0.05430372936284589,-0.0002854199922303947,True
650,0.15873015873015872,0.15873015873015872,-0.07614698156132385,0.062274016534278394,-0.0006428749656900069,True
651,0.1746031746031746,0.15873015873015872,-0.09065152645172414,0.07019956122525492,-0.0010800227809813776,True
652,0.19047619047619047,0.15873015873015872,-0.10614247122348162,0.07783945562398725,-0.0016094156049596042,True
653,0.20634920634920634,0.15873015873015872,-0.12253768972179727,0.08503526433288189,-0.0022458642128253773,True
654,0.2222222222222222,0.15873015873015872,-0.1395598325795635,0.09152644022941754,-0.002999869410903497,True
655,0.23809523809523808,0.15873015873015872,-0.15702630170759796,0.0971111247418871,-0.0038832573160091604,True
656,0.25396825396825395,0.15873015873015872,-0.1746285249646969,0.10156129057469655,-0.004886859956388969,True
657,0.2698412698412698,0.15873015873015872,-0.1921433468502827,0.10470601437764707,-0.00601631654369529,True
658,0.2857142857142857,0.15873015873015872,-0.20935899722572154,0.10643815259743777,-0.00724961687570468,True
659,0.30158730158730157,0.15873015873015872,-0.2260579873880854,0.10663534288667449,-0.008584676081376173,True
660,0.31746031746031744,0.15873015873015872,-0.24204078826934014,0.10530441367715958,-0.009977880643760892,True
661,0.3333333333333333,0.15873015873015872,-0.25717830423832083,0.10243361626875752,-0.011410576400318211,True
662,0.3492063492063492,0.15873015873015872,-0.2713113573582353,0.09797849065434935,-0.012871503582259556,True
663,0.36507936507936506,0.15873015873015872,-0.28445785441163346,0.09220376230764425,-0.014277406210043623,True
664,0.38095238095238093,0.15873015873015872,-0.2964210469129974,0.08500690678862892,-0.01563859854195661,True
665,0.3968253968253968,0.15873015873015872,-0.307116362164547,0.07652580994454432,-0.016908890229601674,True
666,0.4126984126984127,0.15873015873015872,-0.31667417391853947,0.06696476277841495,-0.018041933017848722,True
667,0.42857142857142855,0.15873015873015872,-0.3249173904543283,0.05636784838555091,-0.019020184288672415,True
668,0.4444444444444444,0.15873015873015872,-0.33191197405994105,0.04484586584670654,-0.019819235761028127,True
669,0.4603174603174603,0.15873015873015872,-0.33762676904473815,0.03255536571275535,-0.020414562695960085,True
670,0.47619047619047616,0.15873015873015872,-0.34193198211674275,0.019503205534498795,-0.02080232733652725,True
671,0.49206349206349204,0.15873015873015872,-0.3450065723056541,0.006078730564861539,-0.020946200710531594,True
672,0.5079365079365079,0.15873015873015872,-0.34661922724811584,-0.00793626354839088,-0.020874511842080716,True
673,0.5238095238095237,0.15873015873015872,-0.346864558351634,-0.022100545643497036,-0.020566255388016597,True
674,0.5396825396825397,0.15873015873015872,-0.34567190075940335,-0.036410521474051064,-0.020044706883766358,True
675,0.5555555555555556,0.15873015873015872,-0.34291685800747285,-0.050659240538944064,-0.019323485232925562,True
676,0.5714285714285714,0.15873015873015872,-0.33856475781227013,-0.06465936137193291,-0.01842725138223544,True
677,0.5873015873015872,0.15873015873015872,-0.3325918597480166,-0.07824442082019233,-0.017378424400780322,True
678,0.6031746031746031,0.15873015873015872,-0.32465297350967387,-0.09102774810114432,-0.016226613017772062,True
679,0.6190476190476191,0.15873015873015872,-0.31478529725813603,-0.10277928933616592,-0.015007207616015804,True
680,0.6349206349206349,0.15873015873015872,-0.3028987669832308,-0.11322505230480967,-0.013758866918840934,True
681,0.6507936507936507,0.15873015873015872,-0.2888171459197428,-0.12185609927551845,-0.012555090270084706,True
682,0.6666666666666666,0.15873015873015872,-0.2727097892267165,-0.12854995740613281,-0.011410134028445287,True
683,0.6825396825396826,0.15873015873015872,-0.25452748740155656,-0.1328158870802362,-0.010395376375742987,True
684,0.6984126984126984,0.15873015873015872,-0.23450595777832509,-0.13450655972378733,-0.00952337724005107,True
685,0.7142857142857142,0.15873015873015872,-0.21285933183559316,-0.13328878363657506,-0.008850870865289113,True
686,0.7301587301587301,0.15873015873015872,-0.19005372662250636,-0.129232900716749,-0.008358021075710808,True
687,0.746031746031746,0.15873015873015872,-0.16658299563442752,-0.12232843997491213,-0.00806781061265182,True
688,0.7619047619047619,0.15873015873015872,-0.143037975916759,-0.11280485380797603,-0.00796435059120531,True
689,0.7777777777777777,0.15873015873015872,-0.1199341016058605,-0.10105942526409507,-0.007996140320652646,True
690,0.7936507936507936,0.15873015873015872,-0.09801025638329681,-0.08760331869723587,-0.008151262342133129,True
691,0.8095238095238095,0.15873015873015872,-0.07777384993539051,-0.07304168114320199,-0.00838273212533251,True
692,0.8253968253968254,0.15873015873015872,-0.05964245345796407,-0.05800393576311688,-0.008651862745410563,True
693,0.8412698412698412,0.15873015873015872,-0.04397903107982343,-0.043170882635507,-0.008928208815411105,True
694,0.8571428571428571,0.15873015873015872,-0.030820343381019365,-0.029009613255914946,-0.009186997579086503,True
695,0.873015873015873,0.15873015873015872,-0.02029880952214544,-0.016137226327224887,-0.009413691084300117,True
696,0.8888888888888888,0.15873015873015872,-0.012270147264675268,-0.004944197486188858,-0.009601405032330682,True
697,0.9047619047619047,0.15873015873015872,-0.006520026359752308,0.004227707588102431,-0.009749901379552032,True
698,0.9206349206349206,0.15873015873015872,-0.00275781227060291,0.011080964231227957,-0.009863057102671486,True
699,0.9365079365079365,0.15873015873015872,-0.000610681083882844,0.01538125766916279,-0.009946003659406231,True
700,0.9523809523809523,0.15873015873015872,0.00030401217920467637,0.016787412508789363,-0.01000279938972712,True
701,0.9682539682539681,0.15873015873015872,0.0004225855961825003,0.014997134646855308,-0.010034730285266613,True
702,0.9841269841269841,0.15873015873015872,0.00017517948837491803,0.009559239922130489,-0.01003985193782532,True
703,1.0,0.15873015873015872,-4.7528431098735185e-08,1.925866278759964e-06,-0.010018684087126091,True
704,0.0,0.1746031746031746,1.531922575543322e-07,-4.81662421310372e-06,0.001610254582795096,True
705,0.015873015873015872,0.1746031746031746,-0.0014092045644506174,0.004721267605238663,0.001403764012543129,True
706,0.031746031746031744,0.1746031746031746,-0.005187852647034334,0.010767362906341216,0.00121978665763936,True
707,0.047619047619047616,0.1746031746031746,-0.010843023825544024,0.01758234320408113,0.0010574642671679394,True
708,0.06349206349206349,0.1746031746031746,-0.01801127881356992,0.024915700480240152,0.0008971148545573472,True
709,0.07936507936507936,0.1746031746031746,-0.026507085398416248,0.03271814341538046,0.0007215915697488466,True
710,0.09523809523809523,0.1746031746031746,-0.036258222903458856,0.04096529753075858,0.0005172875007384497,True
711,0.1111111111111111,0.1746031746031746,-0.04725153739554644,0.049615417371028044,0.00027115904958118105,True
712,0.12698412698412698,0.1746031746031746,-0.05949839223665104,0.05857753540348491,-2.9702695198060036e-05,True
713,0.14285714285714285,0.1746031746031746,-0.07299042783008305,0.0677288352460381,-0.00040074848187344705,True
714,0.15873015873015872,0.1746031746031746,-0.08765223171923583,0.07687583857918172,-0.0008555086668658364,True
715,0.1746031746031746,0.1746031746031746,-0.10341109892958507,0.08585239863544612,-0.0014164122932754507,True
716,0.19047619047619047,0.1746031746031746,-0.12009639277512064,0.0944064669349256,-0.0020973782767030346,True
717,0.20634920634920634,0.1746031746031746,-0.1374915284900731,0.10227745418564872,-0.0029134082573280466,True
718,0.2222222222222222,0.1746031746031746,-0.15539427400166034,0.10922890126624413,-0.0038767093704191596,True
719,0.23809523809523808,0.1746031746031746,-0.173499514061198,0.1149952652935446,-0.004986516687178536,True
720,0.25396825396825395,0.1746031746031746,-0.19161449509440437,0.11939756856711967,-0.0062509990093230355,True
721,0.2698412698412698,0.1746031746031746,-0.20945788567628865,0.12224578457183702,-0.00766349211352942,True
722,0.2857142857142857,0.1746031746031746,-0.22684648092485035,0.12350759326297521,-0.009175196510986515,True
723,0.30158730158730157,0.1746031746031746,-0.24355232647611175,0.1229882676879556,-0.010826579752799777,True
724,0.31746031746031744,0.1746031746031746,-0.2594520458261464,0.12083285884871177,-0.012522746351751646,True
725,0.3333333333333333,0.1746031746031746,-0.2744057873484452,0.11699036442052838,-0.014266504642403982,True
726,0.3492063492063492,0.1746031746031746,-0.28828370896841776,0.11152609218607601,-0.016016588450794806,True
727,0.36507936507936506,0.1746031746031746,-0.3010557536165469,0.10456705608423801,-0.017727030701157272,True
728,0.38095238095238093,0.1746031746031746,-0.31264612451916574,0.0961863407917149,-0.019367424032885095,True
729,0.3968253968253968,0.1746031746031746,-0.3231247551766386,0.08656691233792724,-0.020889742922949234,True
730,0.4126984126984127,0.1746031746031746,-0.3322940326999812,0.07574847360027714,-0.022270805292137038,True
731,0.42857142857142855,0.1746031746031746,-0.34015733679657134,0.06382919791291908,-0.02348399031793203,True
732,0.4444444444444444,0.1746031746031746,-0.3469363116370894,0.05109893830305228,-0.02447901741133037,True
733,0.4603174603174603,0.1746031746031746,-0.3524945888175147,0.03753167457468313,-0.025256339450599918,True
734,0.47619047619047616,0.1746031746031746,-0.35695755840096915,0.02332334698480561,-0.02578913550845237,True
735,0.49206349206349204,0.1746031746031746,-0.36012977686332576,0.008546199691717151,-0.026068691187642455,True
736,0.5079365079365079,0.1746031746031746,-0.36218975491065564,-0.006660833478024772,-0.026087733976747338,True
737,0.5238095238095237,0.1746031746031746,-0.3630885672129401,-0.022182031047781575,-0.025848015091013803,True
738,0.5396825396825397,0.1746031746031746,-0.3626575970599028,-0.03787905497560051,-0.02535773647153322,True
739,0.5555555555555556,0.1746031746031746,-0.36113356377219014,-0.05361429303789275,-0.02462744506327998,True
740,0.5714285714285714,0.1746031746031746,-0.3580890834961357,-0.06919333523458439,-0.023678068277865345,True
741,0.5873015873015872,0.1746031746031746,-0.35345586217802405,-0.08440745552109233,-0.022537357031136844,True
742,0.6031746031746031,0.1746031746031746,-0.3471984047335866,-0.09897392257131431,-0.021238738933409763,True
743,0.6190476190476191,0.1746031746031746,-0.3392346308253522,-0.11278152737586371,-0.01980530732080557,True
744,0.6349206349206349,0.1746031746031746,-0.32915457327636716,-0.12531897097207276,-0.018294269585329852,True
745,0.6507936507936507,0.1746031746031746,-0.316825812394175,-0.13613703640206287,-0.0167708424071888,True
746,0.6666666666666666,0.1746031746031746,-0.30225876832743703,-0.145058610658416,-0.015254237001778866,True
747,0.6825396825396826,0.1746031746031746,-0.2853169312922117,-0.15151542002551843,-0.01382038582177028,True
748,0.6984126984126984,0.1746031746031746,-0.2660523693378731,-0.15516316623132978,-0.012514492083636499,True
749,0.7142857142857142,0.1746031746031746,-0.24469866091207523,-0.1557150792980424,-0.01137613262116046,True
750,0.7301587301587301,0.1746031746031746,-0.22147804186897263,-0.1529079626645109,-0.010444336917443694,True
751,0.746031746031746,0.1746031746031746,-0.19693009221769578,-0.14671065408224362,-0.009740624227719723,True
752,0.7619047619047619,0.1746031746031746,-0.1716309612128039,-0.1372835926374807,-0.009254919264309217,True
753,0.7777777777777777,0.1746031746031746,-0.14627811881020808,-0.12495404740275812,-0.008974368157741252,True
754,0.7936507936507936,0.1746031746031746,-0.12161420254122529,-0.11024910745073532,-0.00887210244789566,True
755,0.8095238095238095,0.1746031746031746,-0.09837887300061306,-0.09386581150805919,-0.008910965613699098,True
756,0.8253968253968254,0.1746031746031746,-0.07709470502260578,-0.07651538258551474,-0.009042071058589722,True
757,0.8412698412698412,0.1746031746031746,-0.05834036395141105,-0.059059900764847316,-0.009232505370924012,True
758,0.8571428571428571,0.1746031746031746,-0.04233349039587914,-0.042188340236937766,-0.009444856919037415,True
759,0.873015873015873,0.1746031746031746,-0.029204599419319195,-0.02657922304948602,-0.009654917992669983,True
760,0.8888888888888888,0.1746031746031746,-0.018919132480955902,-0.012809097852721742,-0.009846760137168762,True
761,0.9047619047619047,0.1746031746031746,-0.011263951466105707,-0.0013090369012009587,-0.010012278157777223,True
762,0.9206349206349206,0.1746031746031746,-0.005960582256518593,0.007530612526766683,-0.010148922009301143,True
763,0.9365079365079365,0.1746031746031746,-0.002606646876566382,0.01340652871666026,-0.010258160897379916,True
764,0.9523809523809523,0.1746031746031746,-0.0007887781814243091,0.015986014364645276,-0.010340861146172725,True
765,0.9682539682539681,0.1746031746031746,-5.488443223375306e-05,0.014896369036245086,-0.01039688469326429,True
766,0.9841269841269841,0.1746031746031746,5.752790710140874e-05,0.009721340588327482,-0.010423876556177285,True
767,1.0,0.1746031746031746,1.1393429254475836e-08,-3.791789231687365e-07,-0.010420882052315693,True
768,0.0,0.19047619047619047,-2.6724879189667846e-08,1.546154016213164e-05,0.0017781014066374236,True
769,0.015873015873015872,0.19047619047619047,-0.0017389377413521583,0.007712074615407078,0.001526644250009026,True
770,0.031746031746031744,0.19047619047619047,-0.006330218729172985,0.016070439961912014,0.00131173953527312,True
771,0.047619047619047616,0.19047619047619047,-0.013020330871192079,0.02460602328876889,0.0011295563609913738,True
772,0.06349206349206349,0.19047619047619047,-0.021369049064772112,0.033374771383171256,0.0009500686414293159,True
773,0.07936507936507936,0.19047619047619047,-0.03110400542230592,0.042471980521098324,0.0007477037957074371,True
774,0.09523809523809523,0.19047619047619047,-0.04215706267380536,0.05200754571017329,0.0005031551866250451,True
775,0.1111111111111111,0.19047619047619047,-0.05440010140870293,0.06187187867867538,0.0002037259464668944,True
776,0.12698412698412698,0.19047619047619047,-0.06791406025085939,0.07207938970670465,-0.00017257036751361634,True
777,0.14285714285714285,0.19047619047619047,-0.08261957224812295,0.08241581549682632,-0.0006413638296516362,True
778,0.15873015873015872,0.19047619047619047,-0.09842831387636537,0.09266830107014284,-0.0012234072319482858,True
779,0.1746031746031746,0.19047619047619047,-0.11525662773805412,0.1026210188225664,-0.0019440041295577613,True
780,0.19047619047619047,0.19047619047619047,-0.13281840840657255,0.11191110651332777,-0.0028083475151769056,True
781,0.20634920634920634,0.19047619047619047,-0.150969667761571,0.1203175846442468,-0.003848409970525798,True
782,0.2222222222222222,0.19047619047619047,-0.16939451153836807,0.12752102069994947,-0.005054920825283593,True
783,0.23809523809523808,0.19047619047619047,-0.18789578441884547,0.13331788502276148,-0.00644045782305707,True
784,0.25396825396825395,0.19047619047619047,-0.20617491562123402,0.13747387442413517,-0.008008768246550222,True
785,0.2698412698412698,0.19047619047619047,-0.2240591556332066,0.13989882507145215,-0.00972772728154791,True
786,0.2857142857142857,0.19047619047619047,-0.24124806911110583,0.14044123123700875,-0.011594795780441291,True
787,0.30158730158730157,0.19047619047619047,-0.2577030025664065,0.13916890698061102,-0.013561540209760704,True
788,0.31746031746031744,0.19047619047619047,-0.2731724231122739,0.13604490940052133,-0.0156015234361431,True
789,0.3333333333333333,0.19047619047619047,-0.2875975525621549,0.13115308512094362,-0.01767554806415202,True
790,0.3492063492063492,0.19047619047619047,-0.30088128965882727,0.12458906963821303,-0.019739886863639484,True
791,0.36507936507936506,0.19047619047619047,-0.3130040871738672,0.11644497977270044,-0.021763037809570507,True
792,0.38095238095238093,0.19047619047619047,-0.32382493835760323,0.10682541522702473,-0.023698014899930078,True
793,0.3968253968253968,0.19047619047619047,-0.33354109498127904,0.09600218983269013,-0.02548699933063904,True
794,0.4126984126984127,0.19047619047619047,-0.34197906778774023,0.08395246631223216,-0.027121603841648446,True
795,0.42857142857142855,0.19047619047619047,-0.3493521764553122,0.07094288465594353,-0.028548675267687,True
796,0.4444444444444444,0.19047619047619047,-0.3555689347987381,0.05700956155216543,-0.029757576420710648,True
797,0.4603174603174603,0.19047619047619047,-0.3607359940325252,0.042343974067533506,-0.03071209456813541,True
798,0.47619047619047616,0.19047619047619047,-0.3649318731465165,0.027084321400503864,-0.031394882560128935,True
799,0.49206349206349204,0.19047619047619047,-0.36810638398644413,0.011199375046244566,-0.031810879567486294,True
800,0.5079365079365079,0.19047619047619047,-0.37041740928002576,-0.005012991494265764,-0.03193181832738089,True
801,0.5238095238095237,0.19047619047619047,-0.3717489082695128,-0.021618328474591116,-0.03177023475192762,True
802,0.5396825396825397,0.19047619047619047,-0.37206894574988836,-0.0384426383740074,-0.03132561552536058,True
803,0.5555555555555556,0.19047619047619047,-0.3713595336475455,-0.05536207662369669,-0.030609200671731594,True
804,0.5714285714285714,0.19047619047619047,-0.3696753255524138,-0.07224355113237146,-0.029635121776621965,True
805,0.5873015873015872,0.19047619047619047,-0.366711167021885,-0.08889343323859093,-0.028422620261034457,True
806,0.6031746031746031,0.19047619047619047,-0.36235213117762216,-0.10514720481253527,-0.026997297601899867,True
807,0.6190476190476191,0.19047619047619047,-0.35620936175795076,-0.12061968367815373,-0.02540206355786097,True
808,0.6349206349206349,0.19047619047619047,-0.3486170807909261,-0.13529405623779134,-0.023646171624331854,True
809,0.6507936507936507,0.19047619047619047,-0.33858811100212394,-0.14837491583225848,-0.02181744482096466,True
810,0.6666666666666666,0.19047619047619047,-0.32638061290405246,-0.1597308103851137,-0.019930702590266226,True
811,0.6825396825396826,0.19047619047619047,-0.31156274793826844,-0.16869193606895694,-0.018068497514004463,True
812,0.6984126984126984,0.19047619047619047,-0.29401764891744464,-0.17474542666577103,-0.016296931899137015,True
813,0.7142857142857142,0.19047619047619047,-0.27395016441313225,-0.17765140561702197,-0.014634866350901927,True
814,0.7301587301587301,0.19047619047619047,-0.25137144543425805,-0.17680498125761943,-0.013184216403657469,True
815,0.746031746031746,0.19047619047619047,-0.22668937872998782,-0.17205464300154147,-0.011972975429487522,True
816,0.7619047619047619,0.19047619047619047,-0.20046311199203296,-0.16344132013120455,-0.011004840183808113,True
817,0.7777777777777777,0.19047619047619047,-0.17347541815392187,-0.15115409688734985,-0.010313609462503903,True
818,0.7936507936507936,0.19047619047619047,-0.14647451194234623,-0.13569897868627237,-0.009855769993386462,True
819,0.8095238095238095,0.19047619047619047,-0.12036396064432967,-0.11775757025152908,-0.009618869447422596,True
820,0.8253968253968254,0.19047619047619047,-0.09593382223605305,-0.09821889920838459,-0.00954620800473863,True
821,0.8412698412698412,0.19047619047619047,-0.07396571772711388,-0.0780958447054102,-0.009604926144724623,True
822,0.8571428571428571,0.19047619047619047,-0.054804815378295776,-0.058231126414425016,-0.009738319248967044,True
823,0.873015873015873,0.19047619047619047,-0.03884473802155541,-0.03961000096499958,-0.009915170530259611,True
824,0.8888888888888888,0.19047619047619047,-0.026030454403376705,-0.02286884037198836,-0.010103931052857102,True
825,0.9047619047619047,0.19047619047619047,-0.016273938700834465,-0.008670514974111464,-0.010286411356498569,True
826,0.9206349206349206,0.19047619047619047,-0.009285717144250019,0.0025014501120402288,-0.010450677487466144,True
827,0.9365079365079365,0.19047619047619047,-0.004590840633558496,0.010369806042239037,-0.01059307873268497,True
828,0.9523809523809523,0.19047619047619047,-0.001858416824964746,0.014379139632582421,-0.01070655396106426,True
829,0.9682539682539681,0.19047619047619047,-0.0004919831395693416,0.014320443328445624,-0.01079129093623239,True
830,0.9841269841269841,0.19047619047619047,-4.233455409538719e-05,0.0096691901052817,-0.010841636401650171,True
831,1.0,0.19047619047619047,4.606500716851697e-08,3.5157227554513363e-07,-0.010855377649875767,True
832,0.0,0.20634920634920634,1.0042233499509451e-07,-1.1467978139084684e-05,0.0018667415441365443,True
833,0.015873015873015872,0.20634920634920634,-0.002063180790668224,0.011285804265106586,0.0015701258247492746,True
834,0.031746031746031744,0.20634920634920634,-0.007414012597109679,0.022235049254473185,0.0013268313279392219,True
835,0.047619047619047616,0.20634920634920634,-0.01513421570468133,0.03273276730379258,0.001123416057330368,True
836,0.06349206349206349,0.20634920634920634,-0.024615875491392453,0.0430395889254102,0.000919533575941352,True
837,0.07936507936507936,0.20634920634920634,-0.03551343655868035,0.05345708352226444,0.0006839474077641833,True
838,0.09523809523809523,0.20634920634920634,-0.047698215089082015,0.06421037947941967,0.00039126831884286136,True
839,0.1111111111111111,0.20634920634920634,-0.06111801167664363,0.07534367034195925,1.9350919701447337e-05,True
840,0.12698412698412698,0.20634920634920634,-0.07572906823747542,0.0867437001985896,-0.0004520926984566885,True
841,0.14285714285714285,0.20634920634920634,-0.09147312378829238,0.09821860041925302,-0.0010477749693978888,True
842,0.15873015873015872,0.20634920634920634,-0.10822842705564506,0.10947833444012216,-0.0017860444247137636,True
843,0.1746031746031746,0.20634920634920634,-0.12580173756853072,0.12020516937392063,-0.002688638476729243,True
844,0.19047619047619047,0.20634920634920634,-0.14401685288198265,0.13010925254459593,-0.0037837269179460667,True
845,0.20634920634920634,0.20634920634920634,-0.16260125709776754,0.13884836225306446,-0.005068146477377731,True
846,0.2222222222222222,0.20634920634920634,-0.18129942008918573,0.14614415070090997,-0.006567925631741998,True
847,0.23809523809523808,0.20634920634920634,-0.1998468768681158,0.15175350035815519,-0.008272749761788625,True
848,0.25396825396825395,0.20634920634920634,-0.21801171350553894,0.15550878828621917,-0.010170476546879973,True
849,0.2698412698412698,0.20634920634920634,-0.2355403288683932,0.15726725376910553,-0.012251969291614689,True
850,0.2857142857142857,0.20634920634920634,-0.25235730618686275,0.15709844414177662,-0.014448353969377757,True
851,0.30158730158730157,0.20634920634920634,-0.268116564806493,0.1548126718924122,-0.01679001202811117,True
852,0.31746031746031744,0.20634920634920634,-0.2828470338657092,0.15062750004954523,-0.01918302751270137,True
853,0.3333333333333333,0.20634920634920634,-0.29638282105573227,0.14456189660222457,-0.021605287507099648,True
854,0.3492063492063492,0.20634920634920634,-0.30873742574863994,0.13681145847919796,-0.02399226997202393,True
855,0.36507936507936506,0.20634920634920634,-0.31981087588488416,0.12741427181386142,-0.026329484480772238,True
856,0.38095238095238093,0.20634920634920634,-0.3297010526997816,0.11664716804537892,-0.028538151142236692,True
857,0.3968253968253968,0.20634920634920634,-0.3382875961252786,0.10455935727679604,-0.030597028253971835,True
858,0.4126984126984127,0.20634920634920634,-0.3458843617074261,0.0914272831170669,-0.03246422050682719,True
859,0.42857142857142855,0.20634920634920634,-0.352394399134249,0.07732413599802902,-0.034109327007350844,True
860,0.4444444444444444,0.20634920634920634,-0.3578562167180064,0.06240617734633587,-0.035496821748225944,True
861,0.4603174603174603,0.20634920634920634,-0.36251542279564786,0.046815069600262466,-0.03662017357455311,True
862,0.47619047619047616,0.20634920634920634,-0.3662564557676268,0.03057460126410391,-0.03746232066711343,True
863,0.49206349206349204,0.20634920634920634,-0.3693008049005293,0.01395917423232404,-0.037990098210684366,True
864,0.5079365079365079,0.20634920634920634,-0.3715252457834398,-0.003166717656498883,-0.038223211982913945,True
865,0.5238095238095237,0.20634920634920634,-0.37314026616172985,-0.0205664772403161,-0.03814498013324552,True
866,0.5396825396825397,0.20634920634920634,-0.3740488514596978,-0.03823668079408655,-0.037763348374961925,True
867,0.5555555555555556,0.20634920634920634,-0.3741361746175626,-0.05604883150141308,-0.03707690947408141,True
868,0.5714285714285714,0.20634920634920634,-0.37347633138093655,-0.07392071811737187,-0.036103165409812246,True
869,0.5873015873015872,0.20634920634920634,-0.3719363616212067,-0.09172272671318454,-0.03485426604753813,True
870,0.6031746031746031,0.20634920634920634,-0.36936962027823633,-0.10928606312021481,-0.0333498767283881,True
871,0.6190476190476191,0.20634920634920634,-0.3655849114682276,-0.12645715490375894,-0.03160621310859438,True
872,0.6349206349206349,0.20634920634920634,-0.3600144537068107,-0.14272890017101844,-0.02967876720498932,True
873,0.6507936507936507,0.20634920634920634,-0.3529305851073165,-0.15808767474442123,-0.02757692443129545,True
874,0.6666666666666666,0.20634920634920634,-0.3435381363655266,-0.17182646098985882,-0.025370278039685196,True
875,0.6825396825396826,0.20634920634920634,-0.33156791475383185,-0.1834663006397933,-0.023106072638689537,True
876,0.6984126984126984,0.20634920634920634,-0.3166823350190959,-0.19233320998645217,-0.020863259477987447,True
877,0.7142857142857142,0.20634920634920634,-0.29902306240352033,-0.1981263174994976,-0.018666460839949047,True
878,0.7301587301587301,0.20634920634920634,-0.27813024640644646,-0.1998785951146345,-0.016653460256025706,True
879,0.746031746031746,0.20634920634920634,-0.2544642315193599,-0.19741617107362847,-0.014849646359809425,True
880,0.7619047619047619,0.20634920634920634,-0.22840857468130749,-0.19043599443493084,-0.013326455383883766,True
881,0.7777777777777777,0.20634920634920634,-0.20060894728987944,-0.17901735985916964,-0.01209763480611976,True
882,0.7936507936507936,0.20634920634920634,-0.1719485292629309,-0.1634749495957707,-0.01119151906013573,True
883,0.8095238095238095,0.20634920634920634,-0.14342753029724767,-0.14452058455333802,-0.01057833208746303,True
884,0.8253968253968254,0.20634920634920634,-0.11608044233348469,-0.12309386380330445,-0.010228853281037849,True
885,0.8412698412698412,0.20634920634920634,-0.09086027231824043,-0.10034543318244782,-0.01009065563653462,True
886,0.8571428571428571,0.20634920634920634,-0.06848149309007179,-0.0774414271009566,-0.010105357927294091,True
887,0.873015873015873,0.20634920634920634,-0.04936458242612168,-0.05543281867645807,-0.010219350263690329,True
888,0.8888888888888888,0.20634920634920634,-0.03376807612259956,-0.03534884855524737,-0.010390895542134675,True
889,0.9047619047619047,0.20634920634920634,-0.021666699503870273,-0.018017644141418408,-0.010585189773056556,True
890,0.9206349206349206,0.20634920634920634,-0.012766656234148833,-0.0040189780273947335,-0.010778757985466035,True
891,0.9365079365079365,0.20634920634920634,-0.006684718611502534,0.006126273672960462,-0.010955845428464806,True
892,0.9523809523809523,0.20634920634920634,-0.0029037166807707017,0.012047035652124536,-0.011106716732202296,True
893,0.9682539682539681,0.20634920634920634,-0.000908864401950387,0.013282203151472027,-0.011223340286875006,True
894,0.9841269841269841,0.20634920634920634,-0.00013304636992426947,0.009407748741268715,-0.011298900239408334,True
895,1.0,0.20634920634920634,3.3335117820163293e-09,4.541270991976648e-08,-0.011328130545304297,True
896,0.0,0.2222222222222222,7.266273130909807e-07,-2.963824785250646e-05,0.00184594958593929,True
897,0.015873015873015872,0.2222222222222222,-0.0023732624338494734,0.015446589451753754,0.0015066345829752173,True
898,0.031746031746031744,0.2222222222222222,-0.008454132889300185,0.02932731248411666,0.0012351703446273443,True
899,0.047619047619047616,0.2222222222222222,-0.0171248688491706,0.0419203709496645,0.0010089403609295014,True
900,0.06349206349206349,0.2222222222222222,-0.027630840405637014,0.053792398519229026,0.0007782576394683682,True
901,0.07936507936507936,0.2222222222222222,-0.03958057084424873,0.06555738998856497,0.0004993198237585187,True
902,0.09523809523809523,0.2222222222222222,-0.052791428742923925,0.0775345000266666,0.0001462863003255345,True
903,0.1111111111111111,0.2222222222222222,-0.06719241440886686,0.08985108220293699,-0.0003121476650441996,True
904,0.12698412698412698,0.2222222222222222,-0.08272236044650398,0.1023834150699746,-0.0008999170253493456,True
905,0.14285714285714285,0.2222222222222222,-0.0992760091301919,0.11486920233976071,-0.0016418725560772257,True
906,0.15873015873015872,0.2222222222222222,-0.11670713294405596,0.12699078989784204,-0.0025660243168544165,True
907,0.1746031746031746,0.2222222222222222,-0.13483306135163647,0.13839475979560936,-0.0036950236557952813,True
908,0.19047619047619047,0.2222222222222222,-0.15337811269114177,0.14869283991544682,-0.00504727492636538,True
909,0.20634920634920634,0.2222222222222222,-0.17212646927568254,0.1575828744286154,-0.006618811539128231,True
910,0.2222222222222222,0.2222222222222222,-0.19076438947110166,0.16474699127129674,-0.008440476234173388,True
911,0.23809523809523808,0.2222222222222222,-0.2090854698075815,0.17000161958994153,-0.010482392347572079,True
912,0.25396825396825395,0.2222222222222222,-0.22679945524914752,0.17314535432441122,-0.012745414719828393,True
913,0.2698412698412698,0.2222222222222222,-0.24376670879086856,0.17415786918975057,-0.015180595562824604,True
914,0.2857142857142857,0.2222222222222222,-0.25970663101157376,0.1729316446504475,-0.017779806823240988,True
915,0.30158730158730157,0.2222222222222222,-0.2745865324090956,0.1696015261505923,-0.02047534686061156,True
916,0.31746031746031744,0.2222222222222222,-0.28821903064776455,0.1642110418993428,-0.02322310410414721,True
917,0.3333333333333333,0.2222222222222222,-0.30065129962407233,0.15694700064461078,-0.025974630519742168,True
918,0.3492063492063492,0.2222222222222222,-0.3117131814589454,0.14787430430838885,-0.02869046004758721,True
919,0.36507936507936506,0.2222222222222222,-0.3215646975407731,0.1372838907893457,-0.03130191848696253,True
920,0.38095238095238093,0.2222222222222222,-0.3301351507069256,0.12524652778715234,-0.03378833000693506,True
921,0.3968253968253968,0.2222222222222222,-0.33770096533434674,0.11211681047054294,-0.036075639650343896,True
922,0.4126984126984127,0.2222222222222222,-0.34412014275536135,0.09789961008597249,-0.03815309059282273,True
923,0.42857142857142855,0.2222222222222222,-0.3495976056888711,0.08281925350655778,-0.039986360162253216,True
924,0.4444444444444444,0.2222222222222222,-0.3543072500306106,0.06706738137981984,-0.04154139007526429,True
925,0.4603174603174603,0.2222222222222222,-0.3581205186559156,0.0506411918678761,-0.04280885306062825,True
926,0.47619047619047616,0.2222222222222222,-0.36137452085057975,0.03375776992272171,-0.04377262234432783,True
927,0.49206349206349204,0.2222222222222222,-0.36402757303368616,0.016445247576784866,-0.04442165459703523,True
928,0.5079365079365079,0.2222222222222222,-0.3661440634188647,-0.0012408635819499082,-0.04475089324003173,True
929,0.5238095238095237,0.2222222222222222,-0.3678046782710028,-0.019199863330079888,-0.044751579137589516,True
930,0.5396825396825397,0.2222222222222222,-0.36905232285800316,-0.03746773956339221,-0.04444277924665363,True
931,0.5555555555555556,0.2222222222222222,-0.36981504333441856,-0.05587027654424973,-0.04380745092765932,True
932,0.5714285714285714,0.2222222222222222,-0.37013958156213767,-0.07444328363797127,-0.042863626957544546,True
933,0.5873015873015872,0.2222222222222222,-0.3698620813474722,-0.09307266083098012,-0.041614618767210336,True
934,0.6031746031746031,0.2222222222222222,-0.3687192448950065,-0.11158426289991168,-0.040070765339558945,True
935,0.6190476190476191,0.2222222222222222,-0.3668089705554495,-0.12992309760167184,-0.03825217375846933,True
936,0.6349206349206349,0.2222222222222222,-0.3637543673431815,-0.14781659337766573,-0.0361815388813792,True
937,0.6507936507936507,0.2222222222222222,-0.3590977493833352,-0.1648832835801257,-0.03389174480514374,True
938,0.6666666666666666,0.2222222222222222,-0.3526349099774045,-0.18077384777159058,-0.03142827630543196,True
939,0.6825396825396826,0.2222222222222222,-0.34399584804805466,-0.19505256137898072,-0.02882589428534598,True
940,0.6984126984126984,0.2222222222222222,-0.3326781416267772,-0.20705830441310127,-0.02614406336126693,True
941,0.7142857142857142,0.2222222222222222,-0.3180468144785124,-0.21588532947051453,-0.02347150242602633,True
942,0.7301587301587301,0.2222222222222222,-0.3000973570851504,-0.2209533381607736,-0.02087965931405851,True
943,0.746031746031746,0.2222222222222222,-0.27868895048803805,-0.2215704358468615,-0.01845398265918066,True
944,0.7619047619047619,0.2222222222222222,-0.25395852051816986,-0.2171311330669845,-0.016298142664958156,True
945,0.7777777777777777,0.2222222222222222,-0.22656542540759883,-0.20749389097531254,-0.014481732141726635,True
946,0.7936507936507936,0.2222222222222222,-0.19729794494079586,-0.19290686847878707,-0.0129966061001852,True
947,0.8095238095238095,0.2222222222222222,-0.16713742238351204,-0.17370495285095494,-0.011916990639390312,True
948,0.8253968253968254,0.2222222222222222,-0.137336025560913,-0.15097826871294903,-0.011176123287031407,True
949,0.8412698412698412,0.2222222222222222,-0.10907254844462166,-0.1258968204379371,-0.010758231166415461,True
950,0.8571428571428571,0.2222222222222222,-0.08335982289706799,-0.09987409243825329,-0.010587645417889252,True
951,0.873015873015873,0.2222222222222222,-0.06097257015809898,-0.07431793304033432,-0.010598801424880327,True
952,0.8888888888888888,0.2222222222222222,-0.04239500367233039,-0.050578876999480035,-0.010730195159350964,True
953,0.9047619047619047,0.2222222222222222,-0.02761155338862505,-0.029548542494853863,-0.010924699236302331,True
954,0.9206349206349206,0.2222222222222222,-0.016640496147663865,-0.012342681169595988,-0.011143345663434449,True
955,0.9365079365079365,0.2222222222222222,-0.008943367538825527,0.0006358319995460727,-0.011358059860701172,True
956,0.9523809523809523,0.2222222222222222,-0.004037362658318546,0.008832753301899827,-0.011548564274044309,True
957,0.9682539682539681,0.2222222222222222,-0.0013491157458366263,0.011746563715174446,-0.011700334767583654,True
958,0.9841269841269841,0.2222222222222222,-0.00022444186747352812,0.008953250394517949,-0.011803730025054247,True
959,1.0,0.2222222222222222,3.152919284528306e-08,1.3568394872430246e-06,-0.011849226025216398,True
960,0.0,0.23809523809523808,-3.7959574236728984e-07,-4.82135628591379e-06,0.0016875346939056823,True
961,0.015873015873015872,0.23809523809523808,-0.002657296265241049,0.02015971266334566,0.0013088109627667883,True
962,0.031746031746031744,0.23809523809523808,-0.009405328681641324,0.03727709084413282,0.001011543339905805,True
963,0.047619047619047616,0.23809523809523808,-0.018911736587396453,0.05204486278129898,0.0007621752441977094,True
964,0.06349206349206349,0.23809523809523808,-0.03031713899881009,0.06550968730935418,0.0004995390416979609,True
965,0.07936507936507936,0.23809523809523808,-0.04317648350605735,0.07859403229995043,0.00017066680915474113,True
966,0.09523809523809523,0.23809523809523808,-0.05726123611230442,0.09178509090477537,-0.0002592771868791556,True
967,0.1111111111111111,0.23809523809523808,-0.07247275277763224,0.10522876241436964,-0.0008205547635030806,True
968,0.12698412698412698,0.23809523809523808,-0.08871158831525122,0.11878841684897108,-0.0015426892070660976,True
969,0.14285714285714285,0.23809523809523808,-0.10584372484948919,0.1321655076832021,-0.002456433465039635,True
970,0.15873015873015872,0.23809523809523808,-0.12370553754590019,0.14498930713440647,-0.0035909078984705414,True
971,0.1746031746031746,0.23809523809523808,-0.14210149258962657,0.1568752126720757,-0.004965265505819205,True
972,0.19047619047619047,0.23809523809523808,-0.16072979439189014,0.16739882882748472,-0.006597249276485542,True
973,0.20634920634920634,0.23809523809523808,-0.17935781264862607,0.17624408293205296,-0.00849078580457823,True
974,0.2222222222222222,0.23809523809523808,-0.1976557361783877,0.18308136289195143,-0.010662195748742463,True
975,0.23809523809523808,0.23809523809523808,-0.21544248629838297,0.18776286742445025,-0.013072031669758245,True
976,0.25396825396825395,0.23809523809523808,-0.23245621849030723,0.1901360895402732,-0.01570732731853034,True
977,0.2698412698412698,0.23809523809523808,-0.2484847765065527,0.19015157959076273,-0.01852006910333971,True
978,0.2857142857142857,0.23809523809523808,-0.26336615294488064,0.18780169047983364,-0.02149653229539172,True
979,0.30158730158730157,0.23809523809523808,-0.2770893443978023,0.18328791386150903,-0.02454087478791308,True
980,0.31746031746031744,0.23809523809523808,-0.2893575689178757,0.17655149737759882,-0.027639637488406758,True
981,0.3333333333333333,0.23809523809523808,-0.30041019091567017,0.1679711863722228,-0.030712294676409266,True
982,0.3492063492063492,0.23809523809523808,-0.310115923964461,0.1576527611743938,-0.0337033234327435,True
983,0.36507936507936506,0.23809523809523808,-0.31860286760530865,0.14581786121535256,-0.036584658760416666,True
984,0.38095238095238093,0.23809523809523808,-0.32590332665709043,0.13268673313669635,-0.03928567807346366,True
985,0.3968253968253968,0.23809523809523808,-0.3321344114359188,0.11845195083287426,-0.04177923430115747,True
986,0.4126984126984127,0.23809523809523808,-0.33740503734407873,0.10330251360574032,-0.044029495064742075,True
987,0.42857142857142855,0.23809523809523808,-0.34176832714816563,0.08736933921344134,-0.04600763863663978,True
988,0.4444444444444444,0.23809523809523808,-0.34542409270417856,0.07083166398771983,-0.047700111144758736,True
989,0.4603174603174603,0.23809523809523808,-0.34857165680858737,0.0538411023696451,-0.04908691866411589,True
990,0.47619047619047616,0.23809523809523808,-0.35108875130512945,0.036388828767506556,-0.05015393524207705,True
991,0.49206349206349204,0.23809523809523808,-0.3532926268864266,0.018645042337587174,-0.05088929137000577,True
992,0.5079365079365079,0.23809523809523808,-0.35515825327509537,0.0005870486047002749,-0.05130792531575706,True
993,0.5238095238095237,0.23809523809523808,-0.3567648437811028,-0.01773521443712914,-0.05139251039059462,True
994,0.5396825396825397,0.23809523809523808,-0.358190670220312,-0.03627401279553497,-0.05114258165544966,True
995,0.5555555555555556,0.23809523809523808,-0.35943651160731444,-0.055044996866396176,-0.050577076946877124,True
996,0.5714285714285714,0.23809523809523808,-0.3603532367505233,-0.07398207270383278,-0.04967162350131175,True
997,0.5873015873015872,0.23809523809523808,-0.3611140730943597,-0.09310531016364108,-0.04845843959176639,True
998,0.6031746031746031,0.23809523809523808,-0.36143101243529757,-0.11230254267683515,-0.04692705215487401,True
999,0.6190476190476191,0.23809523809523808,-0.3611115350295144,-0.1314570539053302,-0.04508737590666446,True
1000,0.6349206349206349,0.23809523809523808,-0.36009619352904576,-0.15048564003401294,-0.04294801643215654,True
1001,0.6507936507936507,0.23809523809523808,-0.35786979506186795,-0.16900052200130042,-0.04054621701344379,True
1002,0.6666666666666666,0.23809523809523808,-0.3542718524518942,-0.18681178040137464,-0.037885686676786885,True
1003,0.6825396825396826,0.23809523809523808,-0.3487599897171779,-0.2033507408612895,-0.035029045264368126,True
1004,0.6984126984126984,0.23809523809523808,-0.3408841526146209,-0.2180758635128369,-0.03201928377976691,True
1005,0.7142857142857142,0.23809523809523808,-0.33014206760043985,-0.230259630668,-0.028922139996784717,True
1006,0.7301587301587301,0.23809523809523808,-0.3158779035446659,-0.2389445057441933,-0.02581693989106593,True
1007,0.746031746031746,0.23809523809523808,-0.2977335050605204,-0.2431891465074058,-0.02280586283566853,True
1008,0.7619047619047619,0.23809523809523808,-0.2755852464498554,-0.24214660523809092,-0.020006297991857158,True
1009,0.7777777777777777,0.23809523809523808,-0.24999831838319164,-0.23557778097578377,-0.017477714025362287,True
1010,0.7936507936507936,0.23809523809523808,-0.22132908172405594,-0.22296183522484686,-0.015355843383818771,True
1011,0.8095238095238095,0.23809523809523808,-0.1905641567859513,-0.20457584592153674,-0.013688151050371489,True
1012,0.8253968253968254,0.23809523809523808,-0.1591100863452245,-0.18135535745245937,-0.012472169074690814,True
1013,0.8412698412698412,0.23809523809523808,-0.12831702854776997,-0.1545344747152765,-0.011676596922242388,True
1014,0.8571428571428571,0.23809523809523808,-0.09958583874304683,-0.12574840288444142,-0.011253500426564426,True
1015,0.873015873015873,0.23809523809523808,-0.07383278308070093,-0.0965350376004998,-0.011097369025312274,True
1016,0.8888888888888888,0.23809523809523808,-0.05200696048942024,-0.06873335701057816,-0.011149251185330533,True
1017,0.9047619047619047,0.23809523809523808,-0.03446912102543654,-0.04380892071272891,-0.011324289322447185,True
1018,0.9206349206349206,0.23809523809523808,-0.021022943588273595,-0.022633837431709217,-0.011561185396059782,True
1019,0.9365079365079365,0.23809523809523808,-0.01153174024580743,-0.006352820459977842,-0.011810773710358907,True
1020,0.9523809523809523,0.23809523809523808,-0.005327812345495107,0.004651630520676198,-0.012042271618819439,True
1021,0.9682539682539681,0.23809523809523808,-0.0018420686836399496,0.009686693871228372,-0.012232907407213594,True
1022,0.9841269841269841,0.23809523809523808,-0.00032821783713494725,0.008284197966798756,-0.012367081615591326,True
1023,1.0,0.23809523809523808,-5.712668556823061e-08,-2.2021122500949475e-06,-0.012430650299553717,True
1024,0.0,0.25396825396825395,3.9739766329065665e-08,-2.333999248093841e-06,0.0013621695166196877,True
1025,0.015873015873015872,0.25396825396825395,-0.002901660291317995,0.025347123146566362,0.0009507193412484111,True
1026,0.031746031746031744,0.25396825396825395,-0.010215068831043271,0.04591861501934664,0.000629703244055402,True
1027,0.047619047619047616,0.25396825396825395,-0.0204444024922553,0.06300134117592586,0.0003558981253662092,True
1028,0.06349206349206349,0.25396825396825395,-0.03261709660083209,0.0780994454373355,5.371408113845167e-05,True
1029,0.07936507936507936,0.25396825396825395,-0.04621504110410516,0.09246328561320363,-0.00033459926837510826,True
1030,0.09523809523809523,0.25396825396825395,-0.06098432043777579,0.10677642684429933,-0.0008497783329676463,True
1031,0.1111111111111111,0.25396825396825395,-0.07679703225347256,0.12126217207860655,-0.001532698643415678,True
1032,0.12698412698412698,0.25396825396825395,-0.09352449116006091,0.13573791647788425,-0.0024110586872399626,True
1033,0.14285714285714285,0.25396825396825395,-0.11101831238159109,0.14986974290047084,-0.0035171587513194015,True
1034,0.15873015873015872,0.25396825396825395,-0.12908852767613627,0.16324489082119395,-0.004881020580821657,True
1035,0.1746031746031746,0.25396825396825395,-0.14746682571050782,0.17540282615324038,-0.006528233805394013,True
1036,0.19047619047619047,0.25396825396825395,-0.1659062614651792,0.18594320312246132,-0.00846513752939483,True
1037,0.20634920634920634,0.25396825396825395,-0.1841199835753329,0.19451459254562073,-0.0107012044541649,True
1038,0.2222222222222222,0.25396825396825395,-0.20185473085367742,0.2008560564865943,-0.013221445290381885,True
1039,0.23809523809523808,0.25396825396825395,-0.21885206162820303,0.20477821134312318,-0.016004817718208445,True
1040,0.25396825396825395,0.25396825396825395,-0.23488252578599797,0.20617480358774987,-0.019017389953470333,True
1041,0.2698412698412698,0.25396825396825395,-0.24980768863814806,0.20507358411925317,-0.02220899502443429,True
1042,0.2857142857142857,0.25396825396825395,-0.2634191015138476,0.201478816364433,-0.025532750082817815,True
1043,0.30158730158730157,0.25396825396825395,-0.27562880932450623,0.19552248934689168,-0.02893327301163849,True
1044,0.31746031746031744,0.25396825396825395,-0.286573127748822,0.18752797962693193,-0.03233244041155972,True
1045,0.3333333333333333,0.25396825396825395,-0.2961381165712328,0.17760406669647924,-0.03568532855396738,True
1046,0.3492063492063492,0.25396825396825395,-0.30442784386444777,0.16602461603580948,-0.038932535426170006,True
1047,0.36507936507936506,0.25396825396825395,-0.3114291370125641,0.1529674677290433,-0.04202062126224974,True
1048,0.38095238095238093,0.25396825396825395,-0.31737597848641225,0.13874736549396002,-0.04491143667178138,True
1049,0.3968253968253968,0.25396825396825395,-0.32237460196715667,0.12357236601746908,-0.047559129203842,True
1050,0.4126984126984127,0.25396825396825395,-0.32631589144368733,0.1074879764320883,-0.04994457915744805,True
1051,0.42857142857142855,0.25396825396825395,-0.329713682032197,0.0908943018103593,-0.05203523977718587,True
1052,0.4444444444444444,0.25396825396825395,-0.3324295252622057,0.07375979921617579,-0.0538251181975235,True
1053,0.4603174603174603,0.25396825396825395,-0.3346790692307702,0.05626392904128684,-0.05527634942203617,True
1054,0.47619047619047616,0.25396825396825395,-0.3366355301385947,0.038479214739346186,-0.056428651321162794,True
1055,0.49206349206349204,0.25396825396825395,-0.33835704592059046,0.020457796346443187,-0.05724264919678786,True
1056,0.5079365079365079,0.25396825396825395,-0.33985376143959245,0.002202473571602049,-0.057707013744488195,True
1057,0.5238095238095237,0.25396825396825395,-0.3413642022596,-0.016237494555803846,-0.057866717883306586,True
1058,0.5396825396825397,0.25396825396825395,-0.34279244665784353,-0.034888991597487956,-0.057682404320068284,True
1059,0.5555555555555556,0.25396825396825395,-0.3442344209550105,-0.053750732000549035,-0.057174124524330176,True
1060,0.5714285714285714,0.25396825396825395,-0.34567124315271164,-0.07282979690662479,-0.0563382191075911,True
1061,0.5873015873015872,0.25396825396825395,-0.34706723036046777,-0.09213411249512683,-0.05517398520414219,True
1062,0.6031746031746031,0.25396825396825395,-0.34837972611436,-0.1116474112937482,-0.05368762904306185,True
1063,0.6190476190476191,0.25396825396825395,-0.34937715154831267,-0.1313026113890931,-0.05186652502316627,True
1064,0.6349206349206349,0.25396825396825395,-0.35010783045974114,-0.15106094542987136,-0.049743366489168515,True
1065,0.6507936507936507,0.25396825396825395,-0.3500101891149972,-0.17066935991152027,-0.047293734194122417,True
1066,0.6666666666666666,0.25396825396825395,-0.3489088214908577,-0.18990927695129461,-0.0445496791928625,True
1067,0.6825396825396826,0.25396825396825395,-0.34631051772678156,-0.208363126470631,-0.041532301787917496,True
1068,0.6984126984126984,0.25396825396825395,-0.34175383587575875,-0.22551306440985783,-0.03828260033286209,True
1069,0.7142857142857142,0.25396825396825395,-0.3347590808166219,-0.24073992608569653,-0.0348501303242158,True
1070,0.7301587301587301,0.25396825396825395,-0.3244665748170601,-0.25295093693395954,-0.03134093841066118,True
1071,0.746031746031746,0.25396825396825395,-0.31052792794615286,-0.26136025491726717,-0.02780157327871703,True
1072,0.7619047619047619,0.25396825396825395,-0.2921786160090374,-0.26457471853918474,-0.024375237390751835,True
1073,0.7777777777777777,0.25396825396825395,-0.26947735110828247,-0.2617979374425688,-0.021177615780610615,True
1074,0.7936507936507936,0.25396825396825395,-0.24264832213324786,-0.25224246608648054,-0.018372200052669017,True
1075,0.8095238095238095,0.25396825396825395,-0.2126058042676984,-0.2359216035089282,-0.016042708895191365,True
1076,0.8253968253968254,0.25396825396825395,-0.18058189580887757,-0.2134137302006404,-0.014215005172218114,True
1077,0.8412698412698412,0.25396825396825395,-0.14802616829443066,-0.18572008880770316,-0.012932675045049268,True
1078,0.8571428571428571,0.25396825396825395,-0.11660830965789697,-0.15458748884039503,-0.012143181943762448,True
1079,0.873015873015873,0.25396825396825395,-0.08778789826031042,-0.12201184522578835,-0.011760490986718008,True
1080,0.8888888888888888,0.25396825396825395,-0.06271106559932009,-0.09005666049481541,-0.011682654293871778,True
1081,0.9047619047619047,0.25396825396825395,-0.04208012239487922,-0.06061858078858099,-0.011807843357747046,True
1082,0.9206349206349206,0.25396825396825395,-0.026055759858909032,-0.03515360222130568,-0.012045308776861902,True
1083,0.9365079365079365,0.25396825396825395,-0.014481308711706158,-0.01488193384641156,-0.01232625660778858,True
1084,0.9523809523809523,0.25396825396825395,-0.006835158918535416,-0.0006081720737134922,-0.012599962791132985,True
1085,0.9682539682539681,0.25396825396825395,-0.0024387214270212457,0.006976966369606304,-0.012831756343856983,True
1086,0.9841269841269841,0.25396825396825395,-0.00045352281620546176,0.007380821442506041,-0.012999873465500205,True
1087,1.0,0.25396825396825395,-1.938729819846006e-08,-6.373743085448653e-07,-0.013085619020783137,True
1088,0.0,0.2698412698412698,-9.83806856778605e-07,2.9138561380901808e-05,0.0008488513670677462,True
1089,0.015873015873015872,0.2698412698412698,-0.0031004230992007875,0.030936779597211167,0.00040879673305809096,True
1090,0.031746031746031744,0.2698412698412698,-0.010862341080161268,0.05516593608026354,6.769549201684981e-05,True
1091,0.047619047619047616,0.2698412698412698,-0.02166470077549187,0.07463735397342476,-0.00023279118588971856,True
1092,0.06349206349206349,0.2698412698412698,-0.03443659089579219,0.09135984116436124,-0.0005786480627405843,True
1093,0.07936507936507936,0.2698412698412698,-0.04859778777859325,0.10695735765556892,-0.0010348326132009085,True
1094,0.09523809523809523,0.2698412698412698,-0.06386063003901614,0.12232172361653065,-0.0016485404912552108,True
1095,0.1111111111111111,0.2698412698412698,-0.08006802403239427,0.13773151383567742,-0.0024637301098267106,True
1096,0.12698412698412698,0.2698412698412698,-0.09707435044508682,0.15299384877848324,-0.0035101045957968615,True
1097,0.14285714285714285,0.2698412698412698,-0.11469026836062572,0.16773746895945427,-0.004832777977597829,True
1098,0.15873015873015872,0.2698412698412698,-0.13267236322049034,0.1814511134016759,-0.006457059485078868,True
1099,0.1746031746031746,0.2698412698412698,-0.1508370820238008,0.19371289790928273,-0.008377386799304326,True
1100,0.19047619047619047,0.2698412698412698,-0.16885288261120232,0.20408159066861947,-0.010632445218174472,True
1101,0.20634920634920634,0.2698412698412698,-0.18643992099360146,0.21220144511799874,-0.013216099200935525,True
1102,0.2222222222222222,0.2698412698412698,-0.2033474637691626,0.2178248423920008,-0.016093481277110046,True
1103,0.23809523809523808,0.2698412698412698,-0.21933386210440933,0.22079976927820494,-0.019247629283033287,True
1104,0.25396825396825395,0.2698412698412698,-0.23419854980845708,0.22106449394992508,-0.02262583665784509,True
1105,0.2698412698412698,0.2698412698412698,-0.24777356128903855,0.21865324933214894,-0.02617298194131813,True
1106,0.2857142857142857,0.2698412698412698,-0.25990176852019137,0.2136279248576769,-0.02984039735471244,True
1107,0.30158730158730157,0.2698412698412698,-0.2708008572761787,0.20641525272768577,-0.03352836908733809,True
1108,0.31746031746031744,0.2698412698412698,-0.28021289935793137,0.19700542928733364,-0.03720447124256354,True
1109,0.3333333333333333,0.2698412698412698,-0.2883609293395482,0.1858064201502927,-0.04079076296901096,True
1110,0.3492063492063492,0.2698412698412698,-0.2950637114558328,0.1728751943298862,-0.04424551284936228,True
1111,0.36507936507936506,0.2698412698412698,-0.3008268025553936,0.1587926324096084,-0.047499456243905454,True
1112,0.38095238095238093,0.2698412698412698,-0.30539351403137727,0.14351184463500782,-0.05052862774402391,True
1113,0.3968253968253968,0.2698412698412698,-0.30908255361296216,0.12740628332085174,-0.05327727869065342,True
1114,0.4126984126984127,0.2698412698412698,-0.3120333732317856,0.11065066842563567,-0.05575414805483242,True
1115,0.42857142857142855,0.2698412698412698,-0.3143983689079056,0.09342873371134504,-0.05791605059562138,True
1116,0.4444444444444444,0.2698412698412698,-0.31631024312235534,0.0758573634584673,-0.05975371676027131,True
1117,0.4603174603174603,0.2698412698412698,-0.31790032752296415,0.058038190312962,-0.06127279836257848,True
1118,0.47619047619047616,0.2698412698412698,-0.3192692183197578,0.04002605261480608,-0.06244900706117523,True
1119,0.49206349206349204,0.2698412698412698,-0.32055386955086684,0.021875034976429612,-0.06330773138992807,True
1120,0.5079365079365079,0.2698412698412698,-0.321825162195478,0.0035878495875789184,-0.06384017320258974,True
1121,0.5238095238095237,0.2698412698412698,-0.3231015922442072,-0.014852783200700194,-0.06403447667895323,True
1122,0.5396825396825397,0.2698412698412698,-0.3244607813150353,-0.03345324103881761,-0.0639068367604925,True
1123,0.5555555555555556,0.2698412698412698,-0.3259561874752286,-0.05224509841918933,-0.06345857182361196,True
1124,0.5714285714285714,0.2698412698412698,-0.3275949587788098,-0.07124663988351725,-0.06268741381951275,True
1125,0.5873015873015872,0.2698412698412698,-0.3293494460852147,-0.09051253263486803,-0.06158770951967828,True
1126,0.6031746031746031,0.2698412698412698,-0.3312762318879278,-0.11005226860578955,-0.060169021796604626,True
1127,0.6190476190476191,0.2698412698412698,-0.33319596790674594,-0.12987953209920242,-0.058419029599285965,True
1128,0.6349206349206349,0.2698412698412698,-0.33504641856507245,-0.1499642868847702,-0.05632718874108966,True
1129,0.6507936507936507,0.2698412698412698,-0.3366024477907708,-0.17021787842323818,-0.053912919800994274,True
1130,0.6666666666666666,0.2698412698412698,-0.33760577195091657,-0.1904739643477947,-0.051166207093249975,True
1131,0.6825396825396826,0.2698412698412698,-0.3376432052336954,-0.21044317022946152,-0.048096599761624934,True
1132,0.6984126984126984,0.2698412698412698,-0.3360222431077731,-0.22956101264148288,-0.04472242204827061,True
1133,0.7142857142857142,0.2698412698412698,-0.3323856006223947,-0.24732203482858883,-0.04108783377857198,True
1134,0.7301587301587301,0.2698412698412698,-0.326196830019972,-0.2629997531625676,-0.03724625236973248,True
1135,0.746031746031746,0.2698412698412698,-0.31641199955350974,-0.2752891081796192,-0.033306968341077124,True
1136,0.7619047619047619,0.2698412698412698,-0.3024174517779516,-0.2829954338522717,-0.02937032137650942,True
1137,0.7777777777777777,0.2698412698412698,-0.28375736519266553,-0.2848900982141362,-0.025545379113999834,True
1138,0.7936507936507936,0.2698412698412698,-0.2600635048775484,-0.2795423659148095,-0.022043167847073806,True
1139,0.8095238095238095,0.2698412698412698,-0.2320591301788717,-0.2665954551258654,-0.018987220042835797,True
1140,0.8253968253968254,0.2698412698412698,-0.20075416927500153,-0.24613266331060324,-0.016471087841845176,True
1141,0.8412698412698412,0.2698412698412698,-0.16750637678416855,-0.21875114584618185,-0.014605414075344167,True
1142,0.8571428571428571,0.2698412698412698,-0.13421256592539482,-0.18620656696914695,-0.013361646765657438,True
1143,0.873015873015873,0.2698412698412698,-0.10263062722632571,-0.15064464982422024,-0.012640931968065471,True
1144,0.8888888888888888,0.2698412698412698,-0.07448365610684458,-0.11468986440054112,-0.012373520838089482,True
1145,0.9047619047619047,0.2698412698412698,-0.050582205462276125,-0.08033257533894148,-0.012400255279885055,True
1146,0.9206349206349206,0.2698412698412698,-0.03182860816459423,-0.05017995519550179,-0.012617806897463207,True
1147,0.9365079365079365,0.2698412698412698,-0.017958203422643954,-0.025364287311076063,-0.012919590837338171,True
1148,0.9523809523809523,0.2698412698412698,-0.00864884928690443,-0.007204199025596117,-0.013232226709373063,True
1149,0.9682539682539681,0.2698412698412698,-0.0031640402531702924,0.003523717343008297,-0.013509038863839716,True
1150,0.9841269841269841,0.2698412698412698,-0.0006077696186455821,0.006188130765580521,-0.013716169638297917,True
1151,1.0,0.2698412698412698,-2.2802348365534223e-07,-1.7636431349203434e-06,-0.013827915357067202,True
1152,0.0,0.2857142857142857,3.713642348515761e-08,2.7646536746712942e-05,0.00012629428194120158,True
1153,0.015873015873015872,0.2857142857142857,-0.0032296460381910125,0.03672825888982483,-0.0003299667735119665,True
1154,0.031746031746031744,0.2857142857142857,-0.011323645820947017,0.06490511200773519,-0.0006909110500717944,True
1155,0.047619047619047616,0.2857142857142857,-0.02252972140608478,0.08677010785827012,-0.0010201048950684007,True
1156,0.06349206349206349,0.2857142857142857,-0.03571205887241769,0.10507148988518136,-0.001415154672040234,True
1157,0.07936507936507936,0.2857142857142857,-0.05025754657717959,0.12187015735473439,-0.001944175108531238,True
1158,0.09523809523809523,0.2857142857142857,-0.0658216849754178,0.13824645202096708,-0.0026759231921871323,True
1159,0.1111111111111111,0.2857142857142857,-0.08222342442784217,0.15444890354800903,-0.0036283504342255416,True
1160,0.12698412698412698,0.2857142857142857,-0.0992812619764822,0.17035563053810746,-0.004859798321115937,True
1161,0.14285714285714285,0.2857142857142857,-0.11678069472885384,0.1855153081325697,-0.006405511260971453,True
1162,0.15873015873015872,0.2857142857142857,-0.13451462233576958,0.19941939639173806,-0.008276966307952343,True
1163,0.1746031746031746,0.2857142857142857,-0.15219068446585285,0.21157360545542253,-0.010504158851619656,True
1164,0.19047619047619047,0.2857142857142857,-0.16954862972484153,0.22156597118792884,-0.013087109478494131,True
1165,0.20634920634920634,0.2857142857142857,-0.1863062186500949,0.22904372298115025,-0.016008780134708953,True
1166,0.2222222222222222,0.2857142857142857,-0.20215117879866326,0.23372263709213048,-0.01925671432273945,True
1167,0.23809523809523808,0.2857142857142857,-0.21694022108981886,0.2355627830754244,-0.02276245070993432,True
1168,0.25396825396825395,0.2857142857142857,-0.23058021576180557,0.23463802552065294,-0.02646823319441199,True
1169,0.2698412698412698,0.2857142857142857,-0.242713909210809,0.23080895789895722,-0.030344261691193006,True
1170,0.2857142857142857,0.2857142857142857,-0.2535228280207841,0.22449019043890395,-0.034285655712466244,True
1171,0.30158730158730157,0.2857142857142857,-0.26285863963541434,0.21578057218816163,-0.03824699636805284,True
1172,0.31746031746031744,0.2857142857142857,-0.2708653344706122,0.2050477119517715,-0.04215196828851657,True
1173,0.3333333333333333,0.2857142857142857,-0.2775389613516103,0.19251812471829863,-0.04592398806246161,True
1174,0.3492063492063492,0.2857142857142857,-0.282955447650543,0.17846374430650372,-0.049530311126680694,True
1175,0.36507936507936506,0.2857142857142857,-0.2873292758210229,0.16324368599546069,-0.0529024329161052,True
1176,0.38095238095238093,0.2857142857142857,-0.2906548356463408,0.14700443955869136,-0.056012937925487324,True
1177,0.3968253968253968,0.2857142857142857,-0.2933740611295683,0.13019776150559295,-0.0588440516098872,True
1178,0.4126984126984127,0.2857142857142857,-0.2954112001894513,0.11284749837325261,-0.06135361490175991,True
1179,0.42857142857142855,0.2857142857142857,-0.29697226370284824,0.09515804434878733,-0.06354536316639926,True
1180,0.4444444444444444,0.2857142857142857,-0.29828506899473795,0.07729197560324962,-0.06541114925366215,True
1181,0.4603174603174603,0.2857142857142857,-0.2993643516663509,0.059270866292759156,-0.06695069309914249,True
1182,0.47619047619047616,0.2857142857142857,-0.3003716104021925,0.04116810814351196,-0.06815628707388051,True
1183,0.49206349206349204,0.2857142857142857,-0.3013398559337595,0.022987512574222865,-0.06903575179145217,True
1184,0.5079365079365079,0.2857142857142857,-0.30234782773535435,0.004739703033967882,-0.06959119200540044,True
1185,0.5238095238095237,0.2857142857142857,-0.30345593893599615,-0.013606485520629957,-0.0698256764368786,True
1186,0.5396825396825397,0.2857142857142857,-0.3047168423149784,-0.032068128716459296,-0.06974777167362885,True
1187,0.5555555555555556,0.2857142857142857,-0.30615788576791925,-0.050685323992993705,-0.06934778728940813,True
1188,0.5714285714285714,0.2857142857142857,-0.3078134808232077,-0.06950285250927295,-0.06863520688830635,True
1189,0.5873015873015872,0.2857142857142857,-0.3097039138941724,-0.08857014319498771,-0.06760472980620387,True
1190,0.6031746031746031,0.2857142857142857,-0.31184165823349697,-0.10794153051857373,-0.06625601711475416,True
1191,0.6190476190476191,0.2857142857142857,-0.3141975689796294,-0.12765724926088767,-0.06457790400365734,True
1192,0.6349206349206349,0.2857142857142857,-0.3167366963066003,-0.14775920031214146,-0.06257823101230138,True
1193,0.6507936507936507,0.2857142857142857,-0.31929180241175315,-0.168229134366436,-0.060231264309929186,True
1194,0.6666666666666666,0.2857142857142857,-0.3217084417551736,-0.18900015522650304,-0.057541941988708246,True
1195,0.6825396825396826,0.2857142857142857,-0.3236552158867629,-0.20989373329113434,-0.05450435718856183,True
1196,0.6984126984126984,0.2857142857142857,-0.3247443682414232,-0.23062577847806898,-0.05111569743453012,True
1197,0.7142857142857142,0.2857142857142857,-0.32398129176193935,-0.2504056129524123,-0.047390580800623056,True
1198,0.7301587301587301,0.2857142857142857,-0.3213523543155606,-0.2689007525478275,-0.043384916822536104,True
1199,0.746031746031746,0.2857142857142857,-0.3155230072164075,-0.284735288877512,-0.03915443872484129,True
1200,0.7619047619047619,0.2857142857142857,-0.3061338010056446,-0.29698945109371644,-0.034806935285908266,True
1201,0.7777777777777777,0.2857142857142857,-0.29204075592054973,-0.30387516754483435,-0.03046918013837436,True
1202,0.7936507936507936,0.2857142857142857,-0.27263333766066716,-0.3037526183483359,-0.026312791605443014,True
1203,0.8095238095238095,0.2857142857142857,-0.24785994421041876,-0.29533225943308283,-0.022537368096484225,True
1204,0.8253968253968254,0.2857142857142857,-0.21842829600008387,-0.27807091089055375,-0.019332105702333048,True
1205,0.8412698412698412,0.2857142857142857,-0.18576771673148543,-0.25252285472627334,-0.0167647574042688,True
1206,0.8571428571428571,0.2857142857142857,-0.15158458233000072,-0.21978052689950678,-0.014936675310629123,True
1207,0.873015873015873,0.2857142857142857,-0.11798470589835656,-0.1821095300970548,-0.013811289663913878,True
1208,0.8888888888888888,0.2857142857142857,-0.0869359995762551,-0.14229631827384762,-0.013254738066795854,True
1209,0.9047619047619047,0.2857142857142857,-0.06005282608803468,-0.10330374568129083,-0.01313388053203116,True
1210,0.9206349206349206,0.2857142857142857,-0.038300048904707604,-0.06781723722847981,-0.01329700136740461,True
1211,0.9365079365079365,0.2857142857142857,-0.021965114209617335,-0.03795161903983277,-0.013602702287766432,True
1212,0.9523809523809523,0.2857142857142857,-0.010734848519047716,-0.015153092818774841,-0.01395288143076697,True
1213,0.9682539682539681,0.2857142857142857,-0.004014178055161713,-0.0007299542389465315,-0.014274555965804682,True
1214,0.9841269841269841,0.2857142857142857,-0.0008135755385420097,0.004550862037688091,-0.014523849838431193,True
1215,1.0,0.2857142857142857,3.3535793378640814e-08,-5.796123295259463e-06,-0.014669649787600223,True
1216,0.0,0.30158730158730157,7.406292662078156e-08,-2.631993232025567e-05,-0.0008149437763522896,True
1217,0.015873015873015872,0.30158730158730157,-0.0033032504662766824,0.042954501379635156,-0.0012814453150077024,True
1218,0.031746031746031744,0.30158730158730157,-0.011574536590632824,0.07489888340491398,-0.001658011746178914,True
1219,0.047619047619047616,0.30158730158730157,-0.02301571492558431,0.099259604315786,-0.0020171594847762484,True
1220,0.06349206349206349,0.30158730158730157,-0.03643999384853176,0.11919147975865545,-0.0024668370584523714,True
1221,0.07936507936507936,0.30158730158730157,-0.051161898868974515,0.13707271844598215,-0.00308118619755661,True
1222,0.09523809523809523,0.30158730158730157,-0.06682708466750192,0.15427490725523135,-0.003919058137446011,True
1223,0.1111111111111111,0.30158730158730157,-0.08319994588832907,0.17117528522901718,-0.0050329610116375744,True
1224,0.12698412698412698,0.30158730158730157,-0.10010767539218134,0.18757265075063892,-0.006452319315682894,True
1225,0.14285714285714285,0.30158730158730157,-0.11729713907606933,0.20299270129474048,-0.008224333692566426,True
1226,0.15873015873015872,0.30158730158730157,-0.1345467242354715,0.21690926876564282,-0.010364645567310034,True
1227,0.1746031746031746,0.30158730158730157,-0.15155280379532188,0.22878149599477987,-0.01289217758970463,True
1228,0.19047619047619047,0.30158730158730157,-0.16810494299873283,0.2382395076963721,-0.015784128557468507,True
1229,0.20634920634920634,0.30158730158730157,-0.18385136106288386,0.24488308211767468,-0.01903862978889269,True
1230,0.2222222222222222,0.30158730158730157,-0.1985915812549727,0.24855756715144747,-0.02260994884574589,True
1231,0.23809523809523808,0.30158730158730157,-0.21216097580091703,0.24921891010262395,-0.026436535783710816,True
1232,0.25396825396825395,0.30158730158730157,-0.22433047343499052,0.2468277517054157,-0.030469202087932693,True
1233,0.2698412698412698,0.30158730158730157,-0.235055283380224,0.2415734520952237,-0.03462699765542545,True
1234,0.2857142857142857,0.30158730158730157,-0.24446357343536734,0.23384902226660298,-0.038825573832950606,True
1235,0.30158730158730157,0.30158730158730157,-0.2524442622731501,0.22379250999116806,-0.042996527027561966,True
1236,0.31746031746031744,0.30158730158730157,-0.25901298404866585,0.21166890074583336,-0.04707341164880194,True
1237,0.3333333333333333,0.30158730158730157,-0.2643558181915195,0.19788911567988912,-0.05099195619365936,True
1238,0.3492063492063492,0.30158730158730157,-0.26855109258724624,0.18273397693681037,-0.05469040430605111,True
1239,0.36507936507936506,0.30158730158730157,-0.2717765892508358,0.16653086522685795,-0.05814451839453585,True
1240,0.38095238095238093,0.30158730158730157,-0.2742473878026379,0.14960182080597229,-0.0613018007351485,True
1241,0.3968253968253968,0.30158730158730157,-0.27605869573480873,0.1321211283038303,-0.06414566808639101,True
1242,0.4126984126984127,0.30158730158730157,-0.2774391837598563,0.1143308483255712,-0.06667857468224705,True
1243,0.42857142857142855,0.30158730158730157,-0.27850162110274385,0.09634953759407022,-0.0688804103999714,True
1244,0.4444444444444444,0.30158730158730157,-0.27936488126950754,0.07826951366046664,-0.07074217653358347,True
1245,0.4603174603174603,0.30158730158730157,-0.2801289455399534,0.06015114855723817,-0.07227635062983846,True
1246,0.47619047619047616,0.30158730158730157,-0.2808734429497756,0.042024036245146855,-0.07349378207775263,True
1247,0.49206349206349204,0.30158730158730157,-0.28165550715982113,0.023881937905288576,-0.07437927842592558,True
1248,0.5079365079365079,0.30158730158730157,-0.2825190861922974,0.005722722156192013,-0.07495106251620974,True
1249,0.5238095238095237,0.30158730158730157,-0.28351091311630505,-0.012487157625940158,-0.07521182772371147,True
1250,0.5396825396825397,0.30158730158730157,-0.2846632346533216,-0.0307748326957619,-0.07516034692823428,True
1251,0.5555555555555556,0.30158730158730157,-0.2860132613810916,-0.049183764090009886,-0.07480336798379196,True
1252,0.5714285714285714,0.30158730158730157,-0.28759208764948324,-0.06776012426194328,-0.07414127564685348,True
1253,0.5873015873015872,0.30158730158730157,-0.2894384914265743,-0.08656351633216074,-0.07317329286762234,True
1254,0.6031746031746031,0.30158730158730157,-0.29157576226364734,-0.10565536840884727,-0.07189633938640773,True
1255,0.6190476190476191,0.30158730158730157,-0.2940256955954782,-0.12510986498014223,-0.0703072459129158,True
1256,0.6349206349206349,0.30158730158730157,-0.29679621290233593,-0.14499750608900466,-0.06838871656263643,True
1257,0.6507936507936507,0.30158730158730157,-0.29983154887034047,-0.1653544055798719,-0.0661455792732386,True
1258,0.6666666666666666,0.30158730158730157,-0.303042094033088,-0.18623227092688396,-0.06354867959880706,True
1259,0.6825396825396826,0.30158730158730157,-0.30619889407710926,-0.2075452986907329,-0.06059573573655774,True
1260,0.6984126984126984,0.30158730158730157,-0.309012314818835,-0.22914411770419607,-0.05727400932020525,True
1261,0.7142857142857142,0.30158730158730157,-0.310896627184816,-0.2506218997157503,-0.05357005977469979,True
1262,0.7301587301587301,0.30158730158730157,-0.31121522481605834,-0.27135568531242515,-0.04950770962874736,True
1263,0.746031746031746,0.30158730158730157,-0.30916488203361225,-0.2904281160427986,-0.045137462113493815,True
1264,0.7619047619047619,0.30158730158730157,-0.30364260517959973,-0.306423946667714,-0.04052761874134661,True
1265,0.7777777777777777,0.30158730158730157,-0.29410117177944634,-0.31814060533226585,-0.03580376883040786,True
1266,0.7936507936507936,0.30158730158730157,-0.2795030683730449,-0.3236284331333703,-0.031124569319934566,True
1267,0.8095238095238095,0.30158730158730157,-0.2589232375625624,-0.32064950427703126,-0.026698762695565727,True
1268,0.8253968253968254,0.30158730158730157,-0.23286315988610354,-0.3083618866997161,-0.022725540536310273,True
1269,0.8412698412698412,0.30158730158730157,-0.2019741910316277,-0.2859755315714264,-0.019450027142843954,True
1270,0.8571428571428571,0.30158730158730157,-0.16799515664827572,-0.25437019830077545,-0.016984992234425244,True
1271,0.873015873015873,0.30158730158730157,-0.1332191576996381,-0.21572445103514898,-0.015306834922887895,True
1272,0.8888888888888888,0.30158730158730157,-0.0999029625363437,-0.17284057995870597,-0.014384857676587391,True
1273,0.9047619047619047,0.30158730158730157,-0.07014360923976141,-0.1292170075765635,-0.014041221657411352,True
1274,0.9206349206349206,0.30158730158730157,-0.04541597986035771,-0.08821570073056509,-0.014102791515752796,True
1275,0.9365079365079365,0.30158730158730157,-0.02640529095841172,-0.05263653915660217,-0.014392979950333448,True
1276,0.9523809523809523,0.30158730158730157,-0.013181899949069273,-0.024840610918429023,-0.014772841518997727,True
1277,0.9682539682539681,0.30158730158730157,-0.005029562754388867,-0.006019910770908451,-0.015140943782673357,True
1278,0.9841269841269841,0.30158730158730157,-0.0010425551493487932,0.0025685603994623336,-0.015440209610548407,True
1279,1.0,0.30158730158730157,5.373896156818484e-08,1.1004095382462193e-05,-0.015621880728605498,True
1280,0.0,0.31746031746031744,-2.0809740852382618e-08,-8.915387542366278e-06,-0.001977962882300685,True
1281,0.015873015873015872,0.31746031746031744,-0.003306357071464102,0.04901929860408179,-0.002447980376683851,True
1282,0.031746031746031744,0.31746031746031744,-0.011607286048021834,0.08505969670977662,-0.0028362697755343717,True
1283,0.047619047619047616,0.31746031746031744,-0.023100518601180123,0.1118922214374732,-0.003226470315575735,True
1284,0.06349206349206349,0.31746031746031744,-0.0365662523826194,0.13334860216277272,-0.0037311612929056917,True
1285,0.07936507936507936,0.31746031746031744,-0.05128533765149939,0.1523007399044546,-0.004432823057484525,True
1286,0.09523809523809523,0.31746031746031744,-0.06685393601115479,0.17027290652055374,-0.005394071063955416,True
1287,0.1111111111111111,0.31746031746031744,-0.08302264906300294,0.187727379765265,-0.006662201107745881,True
1288,0.12698412698412698,0.31746031746031744,-0.09956586150885685,0.20446430523518802,-0.008281250835986402,True
1289,0.14285714285714285,0.31746031746031744,-0.11627513880125648,0.22000240038307836,-0.010276558234704464,True
1290,0.15873015873015872,0.31746031746031744,-0.13285259237546254,0.23374377469564883,-0.012680664936561486,True
1291,0.1746031746031746,0.31746031746031744,-0.14906263079593954,0.24519570518817324,-0.015488622681470077,True
1292,0.19047619047619047,0.31746031746031744,-0.16458600884943617,0.2538887092985098,-0.018697960142824495,True
1293,0.20634920634920634,0.31746031746031744,-0.1792240630553166,0.2595767314548737,-0.02226230377646694,True
1294,0.2222222222222222,0.31746031746031744,-0.19273619612833892,0.2620818371528195,-0.02613861753665498,True
1295,0.23809523809523808,0.31746031746031744,-0.20493242795477565,0.261358092586808,-0.03026462800580715,True
1296,0.25396825396825395,0.31746031746031744,-0.21578703645600023,0.25761076007309247,-0.03456145845042744,True
1297,0.2698412698412698,0.31746031746031744,-0.22522897041567136,0.251015570893461,-0.03895125635433228,True
1298,0.2857142857142857,0.31746031746031744,-0.23322483027899515,0.2418081173936526,-0.04335444110406594,True
1299,0.30158730158730157,0.31746031746031744,-0.23985804185587664,0.23035092010962321,-0.047692151269189464,True
1300,0.31746031746031744,0.31746031746031744,-0.24522812763241836,0.2170011791412011,-0.05189676768110734,True
1301,0.3333333333333333,0.31746031746031744,-0.24940984374511468,0.20206732585770604,-0.055903010726539436,True
1302,0.3492063492063492,0.31746031746031744,-0.25258762413433566,0.18593344169864287,-0.05966416260566427,True
1303,0.36507936507936506,0.31746031746031744,-0.2549482362656444,0.16893878556675856,-0.06313713383061835,True
1304,0.38095238095238093,0.31746031746031744,-0.2566621509268221,0.15135527870031754,-0.06630970262055232,True
1305,0.3968253968253968,0.31746031746031744,-0.25792727709207963,0.13343806936211,-0.06916326192724291,True
1306,0.4126984126984127,0.31746031746031744,-0.25885983110021243,0.11532494111406366,-0.0716743940205893,True
1307,0.42857142857142855,0.31746031746031744,-0.2596029022182284,0.09714768769724245,-0.07385555241872005,True
1308,0.4444444444444444,0.31746031746031744,-0.26024376111227354,0.07897096569689206,-0.07570661915616886,True
1309,0.4603174603174603,0.31746031746031744,-0.2608602743519384,0.06082920572795898,-0.07723812083665044,True
1310,0.47619047619047616,0.31746031746031744,-0.2615048910752473,0.04273053785833177,-0.07843948807451324,True
1311,0.49206349206349204,0.31746031746031744,-0.2622140694755581,0.024664633759979158,-0.0793285863882788,True
1312,0.5079365079365079,0.31746031746031744,-0.26302068392709954,0.006613383818926727,-0.07990762448702705,True
1313,0.5238095238095237,0.31746031746031744,-0.26395312709567936,-0.011454871157808126,-0.08018019090041292,True
1314,0.5396825396825397,0.31746031746031744,-0.2650362546118407,-0.029570320001789278,-0.0801530719423417,True
1315,0.5555555555555556,0.31746031746031744,-0.2662973632304943,-0.047774948113927795,-0.0798281048734424,True
1316,0.5714285714285714,0.31746031746031744,-0.26776771498422913,-0.06611264829437632,-0.07920827599182705,True
1317,0.5873015873015872,0.31746031746031744,-0.2694848486331072,-0.08464081251020646,-0.07829225687663219,True
1318,0.6031746031746031,0.31746031746031744,-0.27148519791961945,-0.10342103111031385,-0.07708159041748645,True
1319,0.6190476190476191,0.31746031746031744,-0.273828209882751,-0.12254179740874202,-0.07555870782026364,True
1320,0.6349206349206349,0.31746031746031744,-0.27651802837820305,-0.1420729342545765,-0.07373802164925168,True
1321,0.6507936507936507,0.31746031746031744,-0.2795991088706496,-0.1621256247284398,-0.07158957225530149,True
1322,0.6666666666666666,0.31746031746031744,-0.28303705834078585,-0.18277429257818018,-0.06911043604009856,True
1323,0.6825396825396826,0.31746031746031744,-0.2867510886281839,-0.2040794472463348,-0.06627004708550722,True
1324,0.6984126984126984,0.31746031746031744,-0.2905311832427887,-0.22599668493661576,-0.06305379399247935,True
1325,0.7142857142857142,0.31746031746031744,-0.29403201240674465,-0.24834165330996244,-0.05945574737406038,True
1326,0.7301587301587301,0.31746031746031744,-0.29667470163357795,-0.2706829672669036,-0.05545664668832028,True
1327,0.746031746031746,0.31746031746031744,-0.29760846295331517,-0.29220488375414444,-0.05106499340750655,True
1328,0.7619047619047619,0.31746031746031744,-0.2960056665578978,-0.31185873964144095,-0.04633843084768248,True
1329,0.7777777777777777,0.31746031746031744,-0.2904261733852429,-0.32771521137521575,-0.041372754863242725,True
1330,0.7936507936507936,0.31746031746031744,-0.28054619253346713,-0.3386272581303107,-0.036302925048978606,True
1331,0.8095238095238095,0.31746031746031744,-0.26494483305746935,-0.34190978169920694,-0.031336227525310026,True
1332,0.8253968253968254,0.31746031746031744,-0.24295819889082498,-0.33529171782789274,-0.026709263458799797,True
1333,0.8412698412698412,0.31746031746031744,-0.21511419575484875,-0.31768227027195656,-0.022688338583808164,True
1334,0.8571428571428571,0.31746031746031744,-0.18266431333468894,-0.28898432608523855,-0.01948780847486144,True
1335,0.873015873015873,0.31746031746031744,-0.14773386225047663,-0.2507204994008468,-0.017202467289972954,True
1336,0.8888888888888888,0.31746031746031744,-0.11288677557266617,-0.20578119240637668,-0.015804067860794243,True
1337,0.9047619047619047,0.31746031746031744,-0.08067179318004952,-0.15802361355676106,-0.015160622008929245,True
1338,0.9206349206349206,0.31746031746031744,-0.05312200298373258,-0.11155446694595113,-0.015067006639956788,True
1339,0.9365079365079365,0.31746031746031744,-0.03142687223704615,-0.0700118272677988,-0.01530863075164421,True
1340,0.9523809523809523,0.31746031746031744,-0.01592557848928846,-0.03629929017159153,-0.015703502748346244,True
1341,0.9682539682539681,0.31746031746031744,-0.00621035693030715,-0.012496803700839856,-0.01611849018429145,True
1342,0.9841269841269841,0.31746031746031744,-0.0013249833215661772,-4.1688321331148045e-06,-0.016469992981473645,True
1343,1.0,0.31746031746031744,-1.1701243368362474e-08,-1.3531639115485193e-06,-0.016696458221369625,True
1344,0.0,0.3333333333333333,-2.6750194738471676e-08,1.6617769443387918e-05,-0.0033637383628525204,True
1345,0.015873015873015872,0.3333333333333333,-0.0032410254898985213,0.055107331887133605,-0.003825177513646448,True
1346,0.031746031746031744,0.3333333333333333,-0.011419477212130295,0.09517217151153952,-0.004222919797230981,True
1347,0.047619047619047616,0.3333333333333333,-0.02278212298415647,0.1244792950061395,-0.004643562135624066,True
1348,0.06349206349206349,0.3333333333333333,-0.03610606396487364,0.14746232532672504,-0.005205655503162562,True
1349,0.07936507936507936,0.3333333333333333,-0.05062931902753893,0.16739734309501467,-0.00599775530161407,True
1350,0.09523809523809523,0.3333333333333333,-0.06592028897688092,0.1860299259495304,-0.007081450068079196,True
1351,0.1111111111111111,0.3333333333333333,-0.08168789385522855,0.2039073182324294,-0.008510194984537513,True
1352,0.12698412698412698,0.3333333333333333,-0.0977194136396818,0.22084912604963006,-0.010317038598657844,True
1353,0.14285714285714285,0.3333333333333333,-0.11374838051236691,0.23632149127581703,-0.01254023680765465,True
1354,0.15873015873015872,0.3333333333333333,-0.129541732392226,0.24977303641880744,-0.015189557484941144,True
1355,0.1746031746031746,0.3333333333333333,-0.14478249170003923,0.26062275121564554,-0.018274285833277414,True
1356,0.19047619047619047,0.3333333333333333,-0.1592522469627828,0.26849545785481815,-0.021760812248763594,True
1357,0.20634920634920634,0.3333333333333333,-0.17266801709349397,0.27307002924241924,-0.025615934325929932,True
1358,0.2222222222222222,0.3333333333333333,-0.18491499977038248,0.2743168787127997,-0.02976353408261121,True
1359,0.23809523809523808,0.3333333333333333,-0.1958578439088528,0.27228928039908273,-0.03413816007185834,True
1360,0.25396825396825395,0.3333333333333333,-0.2053785223214642,0.26710173370822254,-0.03866518146182391,True
1361,0.2698412698412698,0.3333333333333333,-0.21349791706397048,0.2590505748284173,-0.043249608373030324,True
1362,0.2857142857142857,0.3333333333333333,-0.22032702424870731,0.2485524620595151,-0.047805306370221165,True
1363,0.30158730158730157,0.3333333333333333,-0.22576963088482233,0.23577321036659526,-0.052266078656435684,True
1364,0.31746031746031744,0.3333333333333333,-0.23004389854884405,0.22122054649480277,-0.05654478266784701,True
1365,0.3333333333333333,0.3333333333333333,-0.2332935364878631,0.20528306345428612,-0.060600995903604224,True
1366,0.3492063492063492,0.3333333333333333,-0.2356363831645225,0.1882711633782486,-0.06437826172644186,True
1367,0.36507936507936506,0.3333333333333333,-0.23738291217578783,0.1706556215825756,-0.06785803906768857,True
1368,0.38095238095238093,0.3333333333333333,-0.238614098591509,0.15260134842807707,-0.07101300158824556,True
1369,0.3968253968253968,0.3333333333333333,-0.23952193149793122,0.13435432868891758,-0.07383164818492169,True
1370,0.4126984126984127,0.3333333333333333,-0.24022650504535592,0.11604778050967345,-0.0763273747206284,True
1371,0.42857142857142855,0.3333333333333333,-0.24083244468184195,0.0977705072182105,-0.07848293049274106,True
1372,0.4444444444444444,0.3333333333333333,-0.24141251777371606,0.07956697487845622,-0.08030826817199399,True
1373,0.4603174603174603,0.3333333333333333,-0.24200583581743904,0.06144370615130197,-0.08181804785596268,True
1374,0.47619047619047616,0.3333333333333333,-0.2426621894314752,0.043410102971996316,-0.08301076921333463,True
1375,0.49206349206349204,0.3333333333333333,-0.243388757718332,0.025422197522825825,-0.0838942856854558,True
1376,0.5079365079365079,0.3333333333333333,-0.24421904818173143,0.007488210738742604,-0.08447457889301824,True
1377,0.5238095238095237,0.3333333333333333,-0.245154492915959,-0.01045971906540979,-0.08475431379004082,True
1378,0.5396825396825397,0.3333333333333333,-0.24621289709886734,-0.028423843116503558,-0.08474486513432848,True
1379,0.5555555555555556,0.3333333333333333,-0.24741462113134355,-0.046463089614731085,-0.08444564220914552,True
1380,0.5714285714285714,0.3333333333333333,-0.24877716066749606,-0.06458179051742356,-0.08386086817782021,True
1381,0.5873015873015872,0.3333333333333333,-0.25036024593039563,-0.08287642818047723,-0.08298194784544624,True
1382,0.6031746031746031,0.3333333333333333,-0.2521688790332117,-0.1013651486389828,-0.08182510386857854,True
1383,0.6190476190476191,0.3333333333333333,-0.2542638033279938,-0.12013303242962561,-0.08038256687150296,True
1384,0.6349206349206349,0.3333333333333333,-0.2567375076214938,-0.1392854308941994,-0.07862975114759703,True
1385,0.6507936507936507,0.3333333333333333,-0.2596153363244039,-0.15893552128446695,-0.07657425775188412,True
1386,0.6666666666666666,0.3333333333333333,-0.26293446714445773,-0.17919314855222812,-0.07419656014858357,True
1387,0.6825396825396826,0.3333333333333333,-0.2666851824044827,-0.20016344137363953,-0.0714880492702176,True
1388,0.6984126984126984,0.3333333333333333,-0.27081520342077814,-0.22196252873223996,-0.06841318795655797,True
1389,0.7142857142857142,0.3333333333333333,-0.2751042868620304,-0.2445630924340602,-0.06494060804496063,True
1390,0.7301587301587301,0.3333333333333333,-0.2791406269083551,-0.26772639675381266,-0.06105784350594961,True
1391,0.746031746031746,0.3333333333333333,-0.28236576529243673,-0.2910055280162329,-0.05676553604346298,True
1392,0.7619047619047619,0.3333333333333333,-0.28377666397674156,-0.31339167117992234,-0.052050527977441086,True
1393,0.7777777777777777,0.3333333333333333,-0.2820354550119085,-0.333186858340565,-0.04698945483579021,True
1394,0.7936507936507936,0.3333333333333333,-0.2764094889624477,-0.348941451737412,-0.04168513946622656,True
1395,0.8095238095238095,0.3333333333333333,-0.2654729239634118,-0.35807697116724374,-0.036331816819563004,True
1396,0.8253968253968254,0.3333333333333333,-0.2484319081679245,-0.358197792837772,-0.031144353444508156,True
1397,0.8412698412698412,0.3333333333333333,-0.22453624476637815,-0.3465159443439586,-0.02643867274023704,True
1398,0.8571428571428571,0.3333333333333333,-0.19474650082992417,-0.3222746448273291,-0.022500031110256533,True
1399,0.873015873015873,0.3333333333333333,-0.16083309008186658,-0.2860899348413027,-0.019526188689383914,True
1400,0.8888888888888888,0.3333333333333333,-0.12539134544116237,-0.24046786338239431,-0.017567523331411636,True
1401,0.9047619047619047,0.3333333333333333,-0.0912959333280724,-0.18937519331019026,-0.01652766193924709,True
1402,0.9206349206349206,0.3333333333333333,-0.061199364374031354,-0.13769235758909218,-0.016215222112105954,True
1403,0.9365079365079365,0.3333333333333333,-0.0368296264329953,-0.08989604518504198,-0.016367862802052848,True
1404,0.9523809523809523,0.3333333333333333,-0.018991870198257984,-0.04982686229994888,-0.01676089611630382,True
1405,0.9682539682539681,0.3333333333333333,-0.007542539740695948,-0.020260643364518945,-0.017218318891350618,True
1406,0.9841269841269841,0.3333333333333333,-0.0016489992186413838,-0.0031768961822978125,-0.01762528854701531,True
1407,1.0,0.3333333333333333,-1.1310371243007944e-07,-6.162016246222049e-06,-0.017901609004912934,True
1408,0.0,0.3492063492063492,-1.5973857459939882e-08,-1.923898533822517e-05,-0.004955185716773463,True
1409,0.015873015873015872,0.3492063492063492,-0.0031028884643391447,0.06110382202747481,-0.005399515525546604,True
1410,0.031746031746031744,0.3492063492063492,-0.011014337255783855,0.10504967975845234,-0.005802921739342396,True
1411,0.047619047619047616,0.3492063492063492,-0.022070993456094607,0.136836563470864,-0.006251771171418574,True
1412,0.06349206349206349,0.3492063492063492,-0.035054889458352854,0.16134677813715265,-0.006877723848515949,True
1413,0.07936507936507936,0.3492063492063492,-0.04922588171015121,0.18217417108825965,-0.007754798145522534,True
1414,0.09523809523809523,0.3492063492063492,-0.06405277141444912,0.20136247367767834,-0.008964747797547782,True
1415,0.1111111111111111,0.3492063492063492,-0.07928963049822244,0.2195532489199975,-0.010539721521570927,True
1416,0.12698412698412698,0.3492063492063492,-0.09462595280060787,0.23656291522580916,-0.012536657476387832,True
1417,0.14285714285714285,0.3492063492063492,-0.10984728252194016,0.2518565468910275,-0.014974703648732776,True
1418,0.15873015873015872,0.3492063492063492,-0.12467531667324833,0.26482531035054674,-0.01786764957082706,True
1419,0.1746031746031746,0.3492063492063492,-0.13891006127979322,0.275007139450716,-0.02119496220211922,True
1420,0.19047619047619047,0.3492063492063492,-0.15222639049721978,0.2818908753094701,-0.024936168793716684,True
1421,0.20634920634920634,0.3492063492063492,-0.1644778271040999,0.2853705389141177,-0.029031020171936043,True
1422,0.2222222222222222,0.3492063492063492,-0.17543785665241893,0.2852991114845305,-0.03342258717334262,True
1423,0.23809523809523808,0.3492063492063492,-0.18507622378507232,0.28183832179800344,-0.03801355509552551,True
1424,0.25396825396825395,0.3492063492063492,-0.19344338234789515,0.27535727498461615,-0.04271719956476147,True
1425,0.2698412698412698,0.3492063492063492,-0.20035873689126205,0.2658954980009145,-0.04744907543774973,True
1426,0.2857142857142857,0.3492063492063492,-0.20608092482117776,0.2540938031891421,-0.05211749682574651,True
1427,0.30158730158730157,0.3492063492063492,-0.21053258711289968,0.24012603761219625,-0.0566479858443014,True
1428,0.31746031746031744,0.3492063492063492,-0.21391041548151637,0.22450035034462054,-0.060973516224641484,True
1429,0.3333333333333333,0.3492063492063492,-0.21643249853755694,0.20769896411267924,-0.0650403827502709,True
1430,0.3492063492063492,0.3492063492063492,-0.21824676977987317,0.19005922731278124,-0.06880893704243801,True
1431,0.36507936507936506,0.3492063492063492,-0.21955098454152042,0.17192467745662537,-0.07226748057270557,True
1432,0.38095238095238093,0.3492063492063492,-0.22048896175738558,0.15352479736799202,-0.0753914757497613,True
1433,0.3968253968253968,0.3492063492063492,-0.22123034523295887,0.13507193605303214,-0.07817466276541965,True
1434,0.4126984126984127,0.3492063492063492,-0.22187292848170367,0.1166679102839218,-0.08062256553837359,True
1435,0.42857142857142855,0.3492063492063492,-0.22247178686404923,0.09835956200437553,-0.0827536338656601,True
1436,0.4444444444444444,0.3492063492063492,-0.22308830145994982,0.08017260549711085,-0.0845633344684981,True
1437,0.4603174603174603,0.3492063492063492,-0.22376585237966706,0.06210544537018459,-0.08604027864124814,True
1438,0.47619047619047616,0.3492063492063492,-0.22450404973926055,0.04413857292863096,-0.08722285234555571,True
1439,0.49206349206349204,0.3492063492063492,-0.22532208432150944,0.026243399238552834,-0.08810077995757386,True
1440,0.5079365079365079,0.3492063492063492,-0.2262331309883184,0.008395878230302247,-0.08867379829101592,True
1441,0.5238095238095237,0.3492063492063492,-0.22720544328096545,-0.009448203183591786,-0.08897157477735305,True
1442,0.5396825396825397,0.3492063492063492,-0.22828904202553657,-0.027298266420781165,-0.08897127283338338,True
1443,0.5555555555555556,0.3492063492063492,-0.22947808980769657,-0.045203307613446354,-0.0886853582237939,True
1444,0.5714285714285714,0.3492063492063492,-0.23078063681987007,-0.0631721728867909,-0.08812292125135852,True
1445,0.5873015873015872,0.3492063492063492,-0.232219479460659,-0.08126631543694222,-0.08728847907807326,True
1446,0.6031746031746031,0.3492063492063492,-0.23386522874102578,-0.09952894048242412,-0.08616521729611433,True
1447,0.6190476190476191,0.3492063492063492,-0.2357472670454169,-0.11801921677500951,-0.08476203766396893,True
1448,0.6349206349206349,0.3492063492063492,-0.23788022575973758,-0.13678529221409316,-0.08309309747708853,True
1449,0.6507936507936507,0.3492063492063492,-0.24043489394637332,-0.15600935679129074,-0.08111571551285542,True
1450,0.6666666666666666,0.3492063492063492,-0.24342240317040897,-0.17578284076180492,-0.07883997316107753,True
1451,0.6825396825396826,0.3492063492063492,-0.24693085150332394,-0.1962966802489118,-0.07623810710184882,True
1452,0.6984126984126984,0.3492063492063492,-0.2509460646984082,-0.21766477695487096,-0.07329987729783367,True
1453,0.7142857142857142,0.3492063492063492,-0.2554381695248182,-0.24006329083271857,-0.06998370172399798,True
1454,0.7301587301587301,0.3492063492063492,-0.2601561158417073,-0.2634576566150337,-0.06626870530291218,True
1455,0.746031746031746,0.3492063492063492,-0.2646327937913519,-0.2875793790129426,-0.06210848423951653,True
1456,0.7619047619047619,0.3492063492063492,-0.2682270231592684,-0.3118412860604429,-0.05751800598084119,True
1457,0.7777777777777777,0.3492063492063492,-0.2697559790913175,-0.33494292631741496,-0.052490669917077376,True
1458,0.7936507936507936,0.3492063492063492,-0.26778862478886284,-0.35485831107095706,-0.047104270240961824,True
1459,0.8095238095238095,0.3492063492063492,-0.2614563198314416,-0.36976016193112937,-0.04149742934758696,True
1460,0.8253968253968254,0.3492063492063492,-0.24914528278451828,-0.37638770916655967,-0.03590966401830037,True
1461,0.8412698412698412,0.3492063492063492,-0.22997127583768232,-0.3717228868887246,-0.03061259974152772,True
1462,0.8571428571428571,0.3492063492063492,-0.20363040216942757,-0.35308271353550397,-0.025995889464099562,True
1463,0.873015873015873,0.3492063492063492,-0.1718915657954365,-0.320763553240995,-0.022293078296360177,True
1464,0.8888888888888888,0.3492063492063492,-0.13685767827417697,-0.2760361700682021,-0.01970092976040006,True
1465,0.9047619047619047,0.3492063492063492,-0.10167428976713629,-0.22284643928868705,-0.01818973365338903,True
1466,0.9206349206349206,0.3492063492063492,-0.06939010116095828,-0.166356830345337,-0.017571358490373473,True
1467,0.9365079365079365,0.3492063492063492,-0.0424856768948017,-0.11226014033490801,-0.01759000245463594,True
1468,0.9523809523809523,0.3492063492063492,-0.02226053229799953,-0.06531400750256472,-0.017954402742264355,True
1469,0.9682539682539681,0.3492063492063492,-0.009009063310053177,-0.029424913856772875,-0.018446760790334374,True
1470,0.9841269841269841,0.3492063492063492,-0.002018826246323883,-0.00706468976266469,-0.018914771749344722,True
1471,1.0,0.3492063492063492,2.7675972836207e-07,-2.661783967244433e-06,-0.019245808559286072,True
1472,0.0,0.36507936507936506,-8.972186719197586e-08,2.965105434990493e-07,-0.006732742865135953,True
1473,0.015873015873015872,0.36507936507936506,-0.002910518850046092,0.06672317716094626,-0.007156685985328711,True
1474,0.031746031746031744,0.36507936507936506,-0.010406536462341614,0.11453195661422089,-0.007558655535733663,True
1475,0.047619047619047616,0.36507936507936506,-0.020979757532873154,0.14880358282566858,-0.008035365787052376,True
1476,0.06349206349206349,0.36507936507936506,-0.03349032281763006,0.17474578872626056,-0.008712513647437033,True
1477,0.07936507936507936,0.36507936507936506,-0.047078578445337964,0.1964888736326563,-0.009685279970479755,True
1478,0.09523809523809523,0.36507936507936506,-0.06132991814508603,0.21614312522299683,-0.011005134423145185,True
1479,0.1111111111111111,0.36507936507936506,-0.07582716040735156,0.23452278091551598,-0.01273691950588147,True
1480,0.12698412698412698,0.36507936507936506,-0.09038567988213204,0.2514771131665156,-0.014902528776322123,True
1481,0.14285714285714285,0.36507936507936506,-0.10468811610414325,0.26646407889181434,-0.01753860897815378,True
1482,0.15873015873015872,0.36507936507936506,-0.11851037182313318,0.2788802651896627,-0.020643860715236526,True
1483,0.1746031746031746,0.36507936507936506,-0.13160028725797812,0.2882246061871575,-0.024202031480654362,True
1484,0.19047619047619047,0.36507936507936506,-0.14371764385016061,0.29407154825019505,-0.0281728813846987,True
1485,0.20634920634920634,0.36507936507936506,-0.15472551525625763,0.29630909074519657,-0.032486210369685437,True
1486,0.2222222222222222,0.36507936507936506,-0.16456588592326102,0.2950340616095982,-0.037057755277296996,True
1487,0.23809523809523808,0.36507936507936506,-0.1730821007366187,0.290325445709108,-0.04181957415984048,True
1488,0.25396825396825395,0.36507936507936506,-0.18026393092582904,0.2824056206077916,-0.04666093069478838,True
1489,0.2698412698412698,0.36507936507936506,-0.18623853043165897,0.27179117596126173,-0.051496025408212284,True
1490,0.2857142857142857,0.36507936507936506,-0.19094600551917354,0.25868813758654813,-0.05623543871828563,True
1491,0.30158730158730157,0.36507936507936506,-0.19456254732443687,0.24363189354303544,-0.06080452174938448,True
1492,0.31746031746031744,0.36507936507936506,-0.19729346658808905,0.2271478969525649,-0.06513869985508419,True
1493,0.3333333333333333,0.36507936507936506,-0.19925568288313208,0.20958814944701984,-0.06919166328624722,True
1494,0.3492063492063492,0.36507936507936506,-0.20067193939845118,0.1913943226995622,-0.07293285492222719,True
1495,0.36507936507936506,0.36507936507936506,-0.2017381759432793,0.1729104989941269,-0.07635001159650613,True
1496,0.38095238095238093,0.36507936507936506,-0.20256757480934848,0.15431064709581788,-0.07942772942621872,True
1497,0.3968253968253968,0.36507936507936506,-0.20327636663691834,0.1357460217572144,-0.08218102118536466,True
1498,0.4126984126984127,0.36507936507936506,-0.203942345309184,0.1173016833031356,-0.08460152179294843,True
1499,0.42857142857142855,0.36507936507936506,-0.20462835282706526,0.09901164443491917,-0.08668861574452108,True
1500,0.4444444444444444,0.36507936507936506,-0.20536399302755795,0.08087613768787118,-0.08846559834432084,True
1501,0.4603174603174603,0.36507936507936506,-0.20616003753300297,0.06287297037565165,-0.08994050792687464,True
1502,0.47619047619047616,0.36507936507936506,-0.20705019577885508,0.04498631651025679,-0.0910924150044551,True
1503,0.49206349206349204,0.36507936507936506,-0.20798801624103844,0.02716297857746347,-0.09196068537219175,True
1504,0.5079365079365079,0.36507936507936506,-0.2089898110077644,0.009385937028113717,-0.09255340707910095,True
1505,0.5238095238095237,0.36507936507936506,-0.21006716541811313,-0.008377277947181638,-0.09284330902668532,True
1506,0.5396825396825397,0.36507936507936506,-0.21120456665488288,-0.02615259913867756,-0.09285410952790349,True
1507,0.5555555555555556,0.36507936507936506,-0.21240677028082597,-0.04396454612363526,-0.09258725814448027,True
1508,0.5714285714285714,0.36507936507936506,-0.21369249769166682,-0.06183712143402948,-0.09203996440632387,True
1509,0.5873015873015872,0.36507936507936506,-0.21505661306123247,-0.07979361973282853,-0.09122815552831662,True
1510,0.6031746031746031,0.36507936507936506,-0.2165495835339567,-0.09786862726539067,-0.0901417689591634,True
1511,0.6190476190476191,0.36507936507936506,-0.2182206494298281,-0.1161203309551989,-0.08877787881994216,True
1512,0.6349206349206349,0.36507936507936506,-0.2201012264917347,-0.13461334190506516,-0.08715500212336053,True
1513,0.6507936507936507,0.36507936507936506,-0.2223005908614741,-0.1534499381264,-0.08524487070999122,True
1514,0.6666666666666666,0.36507936507936506,-0.22489025970392787,-0.17275810160470007,-0.08304979193001752,True
1515,0.6825396825396826,0.36507936507936506,-0.2279603627715692,-0.1927072596758239,-0.08055745516398304,True
1516,0.6984126984126984,0.36507936507936506,-0.23163629746809272,-0.21354108553503248,-0.07772891516626482,True
1517,0.7142857142857142,0.36507936507936506,-0.2358823962076222,-0.2354232265354813,-0.07457052882760874,True
1518,0.7301587301587301,0.36507936507936506,-0.24068549171519638,-0.25853649762993314,-0.07102733492022115,True
1519,0.746031746031746,0.36507936507936506,-0.24580143061420046,-0.2829042006819116,-0.06706217557717536,True
1520,0.7619047619047619,0.36507936507936506,-0.25063902707301233,-0.30814534080604633,-0.06262813548919377,True
1521,0.7777777777777777,0.36507936507936506,-0.2544542102967633,-0.33349584438815766,-0.05773710788525567,True
1522,0.7936507936507936,0.36507936507936506,-0.2558604720825024,-0.3572348175211455,-0.05239876156530228,True
1523,0.8095238095238095,0.36507936507936506,-0.25303357745178234,-0.37655807291733867,-0.04671436860135015,True
1524,0.8253968253968254,0.36507936507936506,-0.24518243879114326,-0.38931679693377896,-0.040874771157384644,True
1525,0.8412698412698412,0.36507936507936506,-0.2308583312774578,-0.39194468971189234,-0.035142073419926236,True
1526,0.8571428571428571,0.36507936507936506,-0.20912536322360123,-0.38074838793185967,-0.029883721196421305,True
1527,0.873015873015873,0.36507936507936506,-0.18041299870023886,-0.3537139538734511,-0.025483053076531828,True
1528,0.8888888888888888,0.36507936507936506,-0.1467665882686347,-0.31152788594878916,-0.022217642166279108,True
1529,0.9047619047619047,0.36507936507936506,-0.11133232787540102,-0.257643165726873,-0.02016573864870295,True
1530,0.9206349206349206,0.36507936507936506,-0.07752588218640931,-0.19744133960626528,-0.01917124580927182,True
1531,0.9365079365079365,0.36507936507936506,-0.04829054230649972,-0.1370965527243398,-0.01898928962025376,True
1532,0.9523809523809523,0.36507936507936506,-0.025791358312038642,-0.08318560088476135,-0.01930052236810103,True
1533,0.9682539682539681,0.36507936507936506,-0.010620950225827626,-0.04018489718847407,-0.01981635569789697,True
1534,0.9841269841269841,0.36507936507936506,-0.0024203760500960117,-0.011677685938580762,-0.02034051564085735,True
1535,1.0,0.36507936507936506,3.7043363685438283e-07,2.648765485559227e-06,-0.020732748808988257,True
1536,0.0,0.38095238095238093,1.8777378502574508e-07,2.428408984906094e-05,-0.008673124693329993,True
1537,0.015873015873015872,0.38095238095238093,-0.0026628631722355467,0.07193729784007516,-0.009066160923618232,True
1538,0.031746031746031744,0.38095238095238093,-0.009600067123415833,0.1235120316647466,-0.009462131101492454,True
1539,0.047619047619047616,0.38095238095238093,-0.019537330904232167,0.16019666657322906,-0.0099631358810439,True
1540,0.06349206349206349,0.38095238095238093,-0.031370145286180456,0.18762836706859107,-0.010697199029063626,True
1541,0.07936507936507936,0.38095238095238093,-0.044312358134572134,0.2101300182910279,-0.011746318158545868,True
1542,0.09523809523809523,0.38095238095238093,-0.05779716269417344,0.23018805572975526,-0.013180276683035213,True
1543,0.1111111111111111,0.38095238095238093,-0.0715038514454988,0.24865965123993547,-0.015042698620728033,True
1544,0.12698412698412698,0.38095238095238093,-0.08509395731232691,0.2654435825227092,-0.017377505057868413,True
1545,0.14285714285714285,0.38095238095238093,-0.09838286442158889,0.2800242221189632,-0.020193380166704994,True
1546,0.15873015873015872,0.38095238095238093,-0.1111454487527702,0.2918423999524678,-0.02348588727069583,True
1547,0.1746031746031746,0.38095238095238093,-0.12310048827696546,0.3002813454061709,-0.02723642940708746,True
1548,0.19047619047619047,0.38095238095238093,-0.13407942269428183,0.3051302329431451,-0.03139109097436383,True
1549,0.20634920634920634,0.38095238095238093,-0.14395568522351876,0.30624736092090354,-0.03587874237239007,True
1550,0.2222222222222222,0.38095238095238093,-0.1526062029969279,0.303659607398602,-0.04061663487359339,True
1551,0.23809523809523808,0.38095238095238093,-0.16003666121048235,0.297646854730999,-0.04550455017180608,True
1552,0.25396825396825395,0.38095238095238093,-0.16625012903574973,0.28852765983061557,-0.050448872896934754,True
1553,0.2698412698412698,0.38095238095238093,-0.17125279304438784,0.2766116306626962,-0.055349322865093094,True
1554,0.2857142857142857,0.38095238095238093,-0.17516596274761365,0.2624114356341828,-0.060123863495211906,True
1555,0.30158730158730157,0.38095238095238093,-0.17817472513890867,0.2464812072763135,-0.0647029623871,True
1556,0.31746031746031744,0.38095238095238093,-0.1803704361272367,0.22919366310467512,-0.0690192312367926,True
1557,0.3333333333333333,0.38095238095238093,-0.18199866998575845,0.2110981601443548,-0.07303576313066733,True
1558,0.3492063492063492,0.38095238095238093,-0.18320866224880236,0.19254038346753063,-0.07674919306426141,True
1559,0.36507936507936506,0.38095238095238093,-0.18415644227080935,0.17379426468686882,-0.08011918806193809,True
1560,0.38095238095238093,0.38095238095238093,-0.18496529716546978,0.15506372127197643,-0.08315356209846397,True
1561,0.3968253968253968,0.38095238095238093,-0.18572805321727914,0.13646078172696177,-0.08585254063011222,True
1562,0.4126984126984127,0.38095238095238093,-0.1864932162887005,0.11802791768228979,-0.08824078023730739,True
1563,0.42857142857142855,0.38095238095238093,-0.1873090560267604,0.09978479634542795,-0.09030788397715138,True
1564,0.4444444444444444,0.38095238095238093,-0.1882051159232381,0.08172296813317048,-0.09204904386670963,True
1565,0.4603174603174603,0.38095238095238093,-0.18914454616718443,0.06378719908781098,-0.09350210391900432,True
1566,0.47619047619047616,0.38095238095238093,-0.1901662333254468,0.04596220336481977,-0.09466975778070894,True
1567,0.49206349206349204,0.38095238095238093,-0.19124920053607442,0.028207215868710823,-0.09553342327324507,True
1568,0.5079365079365079,0.38095238095238093,-0.19239243495204655,0.010488967802151649,-0.09609922412030843,True
1569,0.5238095238095237,0.38095238095238093,-0.19356947318754442,-0.007224009109736804,-0.09640287177046229,True
1570,0.5396825396825397,0.38095238095238093,-0.19478809827102544,-0.024950971539452235,-0.09642624658654628,True
1571,0.5555555555555556,0.38095238095238093,-0.19604543459084753,-0.04271045819779745,-0.09616435513998269,True
1572,0.5714285714285714,0.38095238095238093,-0.19733758782260943,-0.060518667553896274,-0.09564258584136832,True
1573,0.5873015873015872,0.38095238095238093,-0.19868891662160382,-0.07839787396948554,-0.09484203822339875,True
1574,0.6031746031746031,0.38095238095238093,-0.2001021657222734,-0.0963610739153697,-0.09378003810378081,True
1575,0.6190476190476191,0.38095238095238093,-0.20161403828284977,-0.11445060691920378,-0.09245804778380771,True
1576,0.6349206349206349,0.38095238095238093,-0.20331509217162416,-0.1327343722429947,-0.09085206187540744,True
1577,0.6507936507936507,0.38095238095238093,-0.20517797259731807,-0.15123380873167544,-0.089006907961143,True
1578,0.6666666666666666,0.38095238095238093,-0.20741403113520915,-0.17015282539973345,-0.08686631350748114,True
1579,0.6825396825396826,0.38095238095238093,-0.21003238634868596,-0.18958835420347694,-0.08446184246128668,True
1580,0.6984126984126984,0.38095238095238093,-0.21323991419376828,-0.20982549625298952,-0.08174038250945236,True
1581,0.7142857142857142,0.38095238095238093,-0.2170559737637016,-0.23107239296676124,-0.07870768338252067,True
1582,0.7301587301587301,0.38095238095238093,-0.22156241246280642,-0.2536072234701254,-0.07531727467189156,True
1583,0.746031746031746,0.38095238095238093,-0.22664884830584103,-0.27762691703859227,-0.07153871038320836,True
1584,0.7619047619047619,0.38095238095238093,-0.2320665125615217,-0.3031209578880461,-0.06732284185185897,True
1585,0.7777777777777777,0.38095238095238093,-0.2370968647208416,-0.329558700201678,-0.06261088549014078,True
1586,0.7936507936507936,0.38095238095238093,-0.24075199197494573,-0.35579575995645973,-0.057420176834971345,True
1587,0.8095238095238095,0.38095238095238093,-0.2416738769901991,-0.3798591668226915,-0.05179447542012275,True
1588,0.8253968253968254,0.38095238095238093,-0.23784053252541756,-0.39826216213366333,-0.04584726754523818,True
1589,0.8412698412698412,0.38095238095238093,-0.22781684180120906,-0.407452775544064,-0.03984629941579257,True
1590,0.8571428571428571,0.38095238095238093,-0.21089580094982546,-0.40421705932425905,-0.03409522677191651,True
1591,0.873015873015873,0.38095238095238093,-0.185890054474645,-0.383689355985254,-0.029072769273347097,True
1592,0.8888888888888888,0.38095238095238093,-0.1546697662494669,-0.34593908330465256,-0.02512541868809922,True
1593,0.9047619047619047,0.38095238095238093,-0.1199037396579785,-0.2930388557378927,-0.02245484730173361,True
1594,0.9206349206349206,0.38095238095238093,-0.08520055609852048,-0.23017051220559254,-0.021024494460789873,True
1595,0.9365079365079365,0.38095238095238093,-0.054168349430452796,-0.16450840061176614,-0.02059339099970261,True
1596,0.9523809523809523,0.38095238095238093,-0.0294234100902115,-0.10319089984217972,-0.020804577022842722,True
1597,0.9682539682539681,0.38095238095238093,-0.012322825215065336,-0.05254499619072165,-0.021326124892319664,True
1598,0.9841269841269841,0.38095238095238093,-0.002846951042210199,-0.017080537537911653,-0.02190598448669605,True
1599,1.0,0.38095238095238093,-5.170185716134268e-07,-9.257065374861616e-06,-0.022366082848383123,True
1600,0.0,0.3968253968253968,8.995048550098679e-08,2.573874965586155e-05,-0.010742103501979619,True
1601,0.015873015873015872,0.3968253968253968,-0.0023529159054459805,0.07672685383303421,-0.011091365700881005,True
1602,0.031746031746031744,0.3968253968253968,-0.008637705278340456,0.1317918941258613,-0.011477351431999652,True
1603,0.047619047619047616,0.3968253968253968,-0.017783256618426883,0.17085104140111707,-0.012001776369747417,True
1604,0.06349206349206349,0.3968253968253968,-0.028807604847868807,0.1996940875913797,-0.01278733230569031,True
1605,0.07936507936507936,0.3968253968253968,-0.04090589730255983,0.22301482837272754,-0.013913980137456672,True
1606,0.09523809523809523,0.3968253968253968,-0.05353803415838636,0.24340195266925527,-0.015447006082474651,True
1607,0.1111111111111111,0.3968253968253968,-0.06629634585361766,0.2619025534412145,-0.017434750727340072,True
1608,0.12698412698412698,0.3968253968253968,-0.07892705074244089,0.27848018240934563,-0.019905090986418895,True
1609,0.14285714285714285,0.3968253968253968,-0.09113611086968222,0.2925719055019098,-0.02288068172219745,True
1610,0.15873015873015872,0.3968253968253968,-0.10271998252063841,0.30359918713016026,-0.026345740374080957,True
1611,0.1746031746031746,0.3968253968253968,-0.1135668925388682,0.3112388478251798,-0.030256037330012767,True
1612,0.19047619047619047,0.3968253968253968,-0.12342003210668054,0.314998976047386,-0.034562438337742224,True
1613,0.20634920634920634,0.3968253968253968,-0.13214586767773917,0.31493436621204174,-0.039194161906830144,True
1614,0.2222222222222222,0.3968253968253968,-0.13972485105833402,0.3111227680081562,-0.04404978601299766,True
1615,0.23809523809523808,0.3968253968253968,-0.14621300830057238,0.3039587000076969,-0.04902721747745408,True
1616,0.25396825396825395,0.3968253968253968,-0.15155884177688894,0.2936973642564217,-0.054037078842280165,True
1617,0.2698412698412698,0.3968253968253968,-0.15581561335610736,0.2807199443629207,-0.05896952037347408,True
1618,0.2857142857142857,0.3968253968253968,-0.15910922500337907,0.2655818344044902,-0.06375098375940655,True
1619,0.30158730158730157,0.3968253968253968,-0.16158097958804601,0.24879192463311617,-0.06831078625250889,True
1620,0.31746031746031744,0.3968253968253968,-0.16344234610151093,0.23092435662048666,-0.07259890823956575,True
1621,0.3333333333333333,0.3968253968253968,-0.1648480282450102,0.2124035257728952,-0.0765882645204098,True
1622,0.3492063492063492,0.3968253968253968,-0.1659469273300802,0.19355628354282534,-0.08023240898870525,True
1623,0.36507936507936506,0.3968253968253968,-0.16687752335497136,0.17465957013982486,-0.08356551410053197,True
1624,0.38095238095238093,0.3968253968253968,-0.16774370606340988,0.15587348688357547,-0.08655234795170373,True
1625,0.3968253968253968,0.3968253968253968,-0.16860120608580415,0.13727067177612107,-0.08922081411751136,True
1626,0.4126984126984127,0.3968253968253968,-0.16949375664810803,0.11888453844701527,-0.09156926627020398,True
1627,0.42857142857142855,0.3968253968253968,-0.170467398742672,0.1007149793690464,-0.0936010383787234,True
1628,0.4444444444444444,0.3968253968253968,-0.17148762536556977,0.082708608868884,-0.095347493416785,True
1629,0.4603174603174603,0.3968253968253968,-0.17259278830674799,0.06485074771378019,-0.09678099583303683,True
1630,0.47619047619047616,0.3968253968253968,-0.17376400941741094,0.047090273420459086,-0.09792600797255148,True
1631,0.49206349206349204,0.3968253968253968,-0.17499023295336383,0.02938838552700806,-0.09878784569974709,True
1632,0.5079365079365079,0.3968253968253968,-0.1762526140894604,0.011710812536599119,-0.09936886001510645,True
1633,0.5238095238095237,0.3968253968253968,-0.17754158436164,-0.005970418120966129,-0.09966940150192707,True
1634,0.5396825396825397,0.3968253968253968,-0.17886404894071026,-0.02366942196594694,-0.09969002236398578,True
1635,0.5555555555555556,0.3968253968253968,-0.18018593853772039,-0.0414059207516218,-0.0994559318964603,True
1636,0.5714285714285714,0.3968253968253968,-0.1815323041123553,-0.05918572701264855,-0.09893890596020866,True
1637,0.5873015873015872,0.3968253968253968,-0.1828961238295803,-0.07702237545792266,-0.09815822695428646,True
1638,0.6031746031746031,0.3968253968253968,-0.1842938015831634,-0.09492706349946015,-0.09710789564372074,True
1639,0.6190476190476191,0.3968253968253968,-0.18574199596451002,-0.11291887107812834,-0.0958046855535865,True
1640,0.6349206349206349,0.3968253968253968,-0.18728344714204664,-0.13103794953734452,-0.09423990954440391,True
1641,0.6507936507936507,0.3968253968253968,-0.1889817703675595,-0.14935124260204766,-0.09241427132474009,True
1642,0.6666666666666666,0.3968253968253968,-0.19086928721641244,-0.1679135182596085,-0.09034148614434612,True
1643,0.6825396825396826,0.3968253968253968,-0.19314034322524812,-0.18693935890746333,-0.08798222015922924,True
1644,0.6984126984126984,0.3968253968253968,-0.19583085777650375,-0.20657300621585545,-0.08536419737574513,True
1645,0.7142857142857142,0.3968253968253968,-0.19915247956127877,-0.2271424698400395,-0.08243232033262944,True
1646,0.7301587301587301,0.3968253968253968,-0.2031671474077981,-0.24895015275412044,-0.07919665818753137,True
1647,0.746031746031746,0.3968253968253968,-0.2079724737209646,-0.2723712333027967,-0.07558279139690464,True
1648,0.7619047619047619,0.3968253968253968,-0.21339737701365824,-0.29755097630468325,-0.07157127589735117,True
1649,0.7777777777777777,0.3968253968253968,-0.21911588788122674,-0.32446498381320815,-0.06709396978936702,True
1650,0.7936507936507936,0.3968253968253968,-0.22428643351966085,-0.3523348250688138,-0.062118682524879114,True
1651,0.8095238095238095,0.3968253968253968,-0.22751962764765718,-0.37935134267962695,-0.05662123836731483,True
1652,0.8253968253968254,0.3968253968253968,-0.22721518779878958,-0.4027687920733963,-0.050718588880916515,True
1653,0.8412698412698412,0.3968253968253968,-0.2215567667286896,-0.4187514857747783,-0.04457723861454358,True
1654,0.8571428571428571,0.3968253968253968,-0.20885894622691922,-0.42267263724550075,-0.038516993490037454,True
1655,0.873015873015873,0.3968253968253968,-0.18846438751312006,-0.4104405775329063,-0.03293975646156842,True
1656,0.8888888888888888,0.3968253968253968,-0.16030003552246375,-0.37842883788134807,-0.02835541207939591,True
1657,0.9047619047619047,0.3968253968253968,-0.12708139688540235,-0.32828380429564763,-0.025050107142502043,True
1658,0.9206349206349206,0.3968253968253968,-0.09220017692220571,-0.26412785680846995,-0.02312821502439639,True
1659,0.9365079365079365,0.3968253968253968,-0.059719785024525206,-0.19352205125755959,-0.022385555256452614,True
1660,0.9523809523809523,0.3968253968253968,-0.03301427252417673,-0.12505210099644584,-0.02246858842889572,True
1661,0.9682539682539681,0.3968253968253968,-0.014044928731584928,-0.0663067441460313,-0.022981585894391376,True
1662,0.9841269841269841,0.3968253968253968,-0.0033169759447018556,-0.02345608709201084,-0.02361274403065508,True
1663,1.0,0.3968253968253968,-1.897571228855331e-07,-2.9404612060683815e-05,-0.024144417554964468,True
1664,0.0,0.4126984126984127,-2.1292718115544162e-07,-3.572912346998666e-05,-0.012897505880021856,True
1665,0.015873015873015872,0.4126984126984127,-0.0020017752554084244,0.08094719359447249,-0.013202515179494537,True
1666,0.031746031746031744,0.4126984126984127,-0.007526885440913755,0.13925455878414145,-0.01357392004646537,True
1667,0.047619047619047616,0.4126984126984127,-0.01574398292796669,0.18062606691249794,-0.014116069730524188,True
1668,0.06349206349206349,0.4126984126984127,-0.025838221038503917,0.21095673598804093,-0.014941606863059696,True
1669,0.07936507936507936,0.4126984126984127,-0.03699604454981236,0.23499269017730942,-0.01613838225528734,True
1670,0.09523809523809523,0.4126984126984127,-0.0486436341582354,0.2556800597581874,-0.01776195395932294,True
1671,0.1111111111111111,0.4126984126984127,-0.06039867023190502,0.27413124785288656,-0.01985762912798057,True
1672,0.12698412698412698,0.4126984126984127,-0.07194799544343908,0.290398519891304,-0.022454079261524283,True
1673,0.14285714285714285,0.4126984126984127,-0.08306458118877952,0.3039879317375904,-0.025559065186567524,True
1674,0.15873015873015872,0.4126984126984127,-0.09355550767708966,0.3143419509948801,-0.029155180631329297,True
1675,0.1746031746031746,0.4126984126984127,-0.10320601117947507,0.32101266733030354,-0.03320490153710276,True
1676,0.19047619047619047,0.4126984126984127,-0.11189105942956452,0.32369865965494243,-0.03763965582189188,True
1677,0.20634920634920634,0.4126984126984127,-0.11964962437759451,0.3226273645239163,-0.042369726996484065,True
1678,0.2222222222222222,0.4126984126984127,-0.12630610130345654,0.31775861423860685,-0.04730564236641226,True
1679,0.23809523809523808,0.4126984126984127,-0.13192585307407506,0.30951144107519385,-0.05234835649575783,True
1680,0.25396825396825395,0.4126984126984127,-0.13648221402716093,0.29813425787085124,-0.057386850245873464,True
1681,0.2698412698412698,0.4126984126984127,-0.14007937653684396,0.284175415525058,-0.06233285741205775,True
1682,0.2857142857142857,0.4126984126984127,-0.14287010649803186,0.26821598172820105,-0.06709913142443324,True
1683,0.30158730158730157,0.4126984126984127,-0.14499637648155916,0.25080426399704325,-0.07162872142544814,True
1684,0.31746031746031744,0.4126984126984127,-0.14661449518293962,0.23244973189174753,-0.0758811393229395,True
1685,0.3333333333333333,0.4126984126984127,-0.14788618201019754,0.21357740135893993,-0.07980975080514102,True
1686,0.3492063492063492,0.4126984126984127,-0.14895586623564033,0.19454890344015777,-0.08342005201632213,True
1687,0.36507936507936506,0.4126984126984127,-0.1499275283203606,0.17556963635227532,-0.0866921279368581,True
1688,0.38095238095238093,0.4126984126984127,-0.15086992681844344,0.1567697854652265,-0.08964561074451849,True
1689,0.3968253968253968,0.4126984126984127,-0.15184002156001974,0.13820171692886046,-0.09227979325854377,True
1690,0.4126984126984127,0.4126984126984127,-0.15287591931477293,0.11988301840299458,-0.09459746846656021,True
1691,0.42857142857142855,0.4126984126984127,-0.15397616214195212,0.1017780327732486,-0.0966155441708621,True
1692,0.4444444444444444,0.4126984126984127,-0.1551440090022958,0.08384890668568806,-0.09833975187308586,True
1693,0.4603174603174603,0.4126984126984127,-0.15639250457402645,0.06606035327206064,-0.09976198350843675,True
1694,0.47619047619047616,0.4126984126984127,-0.15769443703447394,0.048355254979957685,-0.10089999586108989,True
1695,0.49206349206349204,0.4126984126984127,-0.15903392244297038,0.03069272858677002,-0.10176797496309091,True
1696,0.5079365079365079,0.4126984126984127,-0.160406424029501,0.013044928793354147,-0.10235409070672027,True
1697,0.5238095238095237,0.4126984126984127,-0.1618106595521965,-0.004612580254759998,-0.10265572507317658,True
1698,0.5396825396825397,0.4126984126984127,-0.16322176537921507,-0.022299306840007218,-0.1026824221456042,True
1699,0.5555555555555556,0.4126984126984127,-0.16464320490790058,-0.040026339889762313,-0.1024560726177482,True
1700,0.5714285714285714,0.4126984126984127,-0.1660680425361131,-0.05779938796432076,-0.10194660457569206,True
1701,0.5873015873015872,0.4126984126984127,-0.1674944129500336,-0.07562364412536553,-0.10117152586299441,True
1702,0.6031746031746031,0.4126984126984127,-0.1689167778453458,-0.09350495189318044,-0.1001505389140999,True
1703,0.6190476190476191,0.4126984126984127,-0.17036573393998514,-0.11145421500698824,-0.09885625772493523,True
1704,0.6349206349206349,0.4126984126984127,-0.17184822866556698,-0.129482389257564,-0.09731324108081195,True
1705,0.6507936507936507,0.4126984126984127,-0.17341946439453715,-0.14763919853599755,-0.09551900125580666,True
1706,0.6666666666666666,0.4126984126984127,-0.17513370624031926,-0.16599077742135443,-0.09347405842432678,True
1707,0.6825396825396826,0.4126984126984127,-0.17710058049674923,-0.18466329683308044,-0.09116500469705696,True
1708,0.6984126984126984,0.4126984126984127,-0.1794021982172206,-0.20381606369876232,-0.088612400769408,True
1709,0.7142857142857142,0.4126984126984127,-0.1822396700016244,-0.22375804214239464,-0.08577496291978164,True
1710,0.7301587301587301,0.4126984126984127,-0.18573114202254315,-0.2448124909146427,-0.0826536717926247,True
1711,0.746031746031746,0.4126984126984127,-0.1900126990159884,-0.26738321482142907,-0.07920977789189643,True
1712,0.7619047619047619,0.4126984126984127,-0.1951757363659489,-0.29196786577120326,-0.07536666999063772,True
1713,0.7777777777777777,0.4126984126984127,-0.20093837305374646,-0.3185977784609384,-0.07112350221683081,True
1714,0.7936507936507936,0.4126984126984127,-0.20684473862969166,-0.3471219469736019,-0.06638947528440367,True
1715,0.8095238095238095,0.4126984126984127,-0.21180499029217947,-0.3762894728665081,-0.061119239780549575,True
1716,0.8253968253968254,0.4126984126984127,-0.21440579166043,-0.40391493059019923,-0.05536944377292323,True
1717,0.8412698412698412,0.4126984126984127,-0.21226649213525,-0.4255212369969932,-0.04922722792503323,True
1718,0.8571428571428571,0.4126984126984127,-0.20383556346144033,-0.43681778077091554,-0.0429855203287015,True
1719,0.873015873015873,0.4126984126984127,-0.18805027854853107,-0.43324876057453054,-0.03701805446492898,True
1720,0.8888888888888888,0.4126984126984127,-0.16357332282528675,-0.4084068054269618,-0.03185995650183757,True
1721,0.9047619047619047,0.4126984126984127,-0.13251605480216086,-0.3623861431059566,-0.02796311953471602,True
1722,0.9206349206349206,0.4126984126984127,-0.09828066206706813,-0.29869266717968795,-0.02549487520717749,True
1723,0.9365079365079365,0.4126984126984127,-0.06495416581180236,-0.22432313339140061,-0.024389854323529775,True
1724,0.9523809523809523,0.4126984126984127,-0.0365846807353653,-0.14903465441624714,-0.02430081846353497,True
1725,0.9682539682539681,0.4126984126984127,-0.015873545637114142,-0.08211859788286736,-0.024777272277996643,True
1726,0.9841269841269841,0.4126984126984127,-0.0037944719943758132,-0.030625853779070084,-0.025455322721408526,True
1727,1.0,0.4126984126984127,4.1685013276110503e-07,3.4883866705022826e-05,-0.02605636175633645,True
1728,0.0,0.42857142857142855,1.8926533293010277e-07,1.583993820860318e-05,-0.015104281639520366,True
1729,0.015873015873015872,0.42857142857142855,-0.0016299339588589296,0.08442582801996913,-0.015359812281561653,True
1730,0.031746031746031744,0.42857142857142855,-0.00629814125950936,0.14574603872038286,-0.015710741739956586,True
1731,0.047619047619047616,0.42857142857142855,-0.013499747619564758,0.18942599621437184,-0.016261997487813325,True
1732,0.06349206349206349,0.42857142857142855,-0.0225331003003298,0.221178867455408,-0.017125713217575205,True
1733,0.07936507936507936,0.42857142857142855,-0.03260940877165668,0.24597801095817395,-0.018382881768069965,True
1734,0.09523809523809523,0.42857142857142855,-0.04323329542115489,0.2668800689330077,-0.020083359680780687,True
1735,0.1111111111111111,0.42857142857142855,-0.05387731810441523,0.2852454373517077,-0.022272703105934197,True
1736,0.12698412698412698,0.42857142857142855,-0.06430607305204723,0.301170857107197,-0.024972279991918218,True
1737,0.14285714285714285,0.42857142857142855,-0.07429869841150999,0.3142574616338155,-0.0281847474892885,True
1738,0.15873015873015872,0.42857142857142855,-0.08364497177005094,0.32388724357709336,-0.03188996333749703,True
1739,0.1746031746031746,0.42857142857142855,-0.092234360129489,0.32969862266167205,-0.036037243277092054,True
1740,0.19047619047619047,0.42857142857142855,-0.09988888480708324,0.3314863113944999,-0.040560409250478525,True
1741,0.20634920634920634,0.42857142857142855,-0.10661573336220369,0.32935070685612217,-0.0453689006830587,True
1742,0.2222222222222222,0.42857142857142855,-0.1123651646708895,0.32343864002236916,-0.0503614832887568,True
1743,0.23809523809523808,0.42857142857142855,-0.11719993990010599,0.31415818249601274,-0.05543207912175558,True
1744,0.25396825396825395,0.42857142857142855,-0.12109682462356837,0.3018435857133241,-0.0604813371808042,True
1745,0.2698412698412698,0.42857142857142855,-0.12420590536050123,0.28710184619318707,-0.06541291967395596,True
1746,0.2857142857142857,0.42857142857142855,-0.1266123447747791,0.27047110047658474,-0.07015544008208179,True
1747,0.30158730158730157,0.42857142857142855,-0.12846545259150363,0.25250523364207,-0.07463520222514561,True
1748,0.31746031746031744,0.42857142857142855,-0.1299403603305267,0.23379448817856596,-0.07884098825227602,True
1749,0.3333333333333333,0.42857142857142855,-0.131163277040122,0.21471592089299374,-0.08272668851304692,True
1750,0.3492063492063492,0.42857142857142855,-0.13224585042843826,0.19556926544405484,-0.08628680575339749,True
1751,0.36507936507936506,0.42857142857142855,-0.13327463526312935,0.17655175965473913,-0.0895246147781573,True
1752,0.38095238095238093,0.42857142857142855,-0.13431159746751645,0.15776860470103118,-0.09244153993700507,True
1753,0.3968253968253968,0.42857142857142855,-0.13539613155820648,0.1392589396565188,-0.09503273216116126,True
1754,0.4126984126984127,0.42857142857142855,-0.1365474001191541,0.12100629508435537,-0.09733399351020837,True
1755,0.42857142857142855,0.42857142857142855,-0.13776224532546916,0.10297162676385616,-0.0993386995195424,True
1756,0.4444444444444444,0.42857142857142855,-0.13905652345849306,0.08512013117169678,-0.10104065804155304,True
1757,0.4603174603174603,0.42857142857142855,-0.14040831592165212,0.06738669132609056,-0.10246444460378491,True
1758,0.47619047619047616,0.42857142857142855,-0.14180790582525266,0.049726664711145785,-0.10360653160357783,True
1759,0.49206349206349204,0.42857142857142855,-0.1432542498922486,0.03210472144932409,-0.10446845432945152,True
1760,0.5079365079365079,0.42857142857142855,-0.14473459550717419,0.014486894216777223,-0.10505416468863621,True
1761,0.5238095238095237,0.42857142857142855,-0.1462323357631538,-0.0031543004888069178,-0.10536545724045077,True
1762,0.5396825396825397,0.42857142857142855,-0.14774231947706834,-0.02083287930574397,-0.10540913557747611,True
1763,0.5555555555555556,0.42857142857142855,-0.14925942498284292,-0.03855690191225065,-0.10517450380523229,True
1764,0.5714285714285714,0.42857142857142855,-0.15077796334097235,-0.05633267681971687,-0.10467780024254661,True
1765,0.5873015873015872,0.42857142857142855,-0.15227794182067775,-0.07415975388547712,-0.10391476277331203,True
1766,0.6031746031746031,0.42857142857142855,-0.15378319654816347,-0.09204016375535208,-0.10290312302772564,True
1767,0.6190476190476191,0.42857142857142855,-0.1552848351497448,-0.10997375740038053,-0.1016208453470841,True
1768,0.6349206349206349,0.42857142857142855,-0.15679675889568467,-0.127967388838248,-0.10008778788631977,True
1769,0.6507936507936507,0.42857142857142855,-0.15833174499284267,-0.1460435453323291,-0.09832153377337764,True
1770,0.6666666666666666,0.42857142857142855,-0.15996420130295264,-0.1642479302319183,-0.0962901772652667,True
1771,0.6825396825396826,0.42857142857142855,-0.16173356904839328,-0.1826654087193765,-0.09403296689738204,True
1772,0.6984126984126984,0.42857142857142855,-0.1637837247991443,-0.20145943445592426,-0.09151477141102529,True
1773,0.7142857142857142,0.42857142857142855,-0.1662304104325181,-0.22086702891132687,-0.08875322598265663,True
1774,0.7301587301587301,0.42857142857142855,-0.16923570433025883,-0.24120237223393032,-0.08572978548170941,True
1775,0.746031746031746,0.42857142857142855,-0.17299555436013211,-0.2629414574158858,-0.08241439535180992,True
1776,0.7619047619047619,0.42857142857142855,-0.17765071372182778,-0.28658319902023377,-0.07876115584508352,True
1777,0.7777777777777777,0.42857142857142855,-0.18318331250692446,-0.31260087212011967,-0.07472604536387054,True
1778,0.7936507936507936,0.42857142857142855,-0.18931118458413349,-0.34109541717306197,-0.07023245996108253,True
1779,0.8095238095238095,0.42857142857142855,-0.19530302317372886,-0.3714747394089387,-0.06522799589741132,True
1780,0.8253968253968254,0.42857142857142855,-0.19982071348344133,-0.40188698907799697,-0.059689271281346795,True
1781,0.8412698412698412,0.42857142857142855,-0.20094163277344804,-0.42883523812536867,-0.05367715762592386,True
1782,0.8571428571428571,0.42857142857142855,-0.19628249073117582,-0.4468636309946291,-0.047390557263345894,True
1783,0.873015873015873,0.42857142857142855,-0.18436146346646684,-0.45072755408225157,-0.04120738435465888,True
1784,0.8888888888888888,0.42857142857142855,-0.16433186838202438,-0.4349658572704991,-0.035575041944171784,True
1785,0.9047619047619047,0.42857142857142855,-0.13622085156951544,-0.3949197473658526,-0.03109323744323305,True
1786,0.9206349206349206,0.42857142857142855,-0.10318401895872754,-0.33304889304424634,-0.028117654040449844,True
1787,0.9365079365079365,0.42857142857142855,-0.0696515476750068,-0.2563651730414824,-0.026606353040384625,True
1788,0.9523809523809523,0.42857142857142855,-0.040003072714566906,-0.17483435965945457,-0.026294817526798353,True
1789,0.9682539682539681,0.42857142857142855,-0.017622992000106405,-0.09917966018883446,-0.026705607090930894,True
1790,0.9841269841269841,0.42857142857142855,-0.004301814970687027,-0.03891857160697341,-0.02741846276658081,True
1791,1.0,0.42857142857142855,-7.464732646245619e-07,4.112675342844137e-05,-0.028088336853748803,True
1792,0.0,0.4444444444444444,-6.555489406556402e-10,-3.100825520577865e-07,-0.01732029039693624,True
1793,0.015873015873015872,0.4444444444444444,-0.0012296329345651688,0.08724503001264225,-0.017520797333233442,True
1794,0.031746031746031744,0.4444444444444444,-0.004980476437145449,0.1513040693820811,-0.017847134994971297,True
1795,0.047619047619047616,0.4444444444444444,-0.01108082438104199,0.19707545013042588,-0.01840420390925902,True
1796,0.06349206349206349,0.4444444444444444,-0.018919050292915615,0.23029023412095592,-0.019297901902529214,True
1797,0.07936507936507936,0.4444444444444444,-0.027903158758111203,0.2558008551935732,-0.020600950861385903,True
1798,0.09523809523809523,0.4444444444444444,-0.03733822089358203,0.2770015196233686,-0.022367721680411092,True
1799,0.1111111111111111,0.4444444444444444,-0.046872993474402214,0.2953182347759009,-0.02463032759191535,True
1800,0.12698412698412698,0.4444444444444444,-0.056168517309027166,0.3109061906111238,-0.027411672204963648,True
1801,0.14285714285714285,0.4444444444444444,-0.06501004754286252,0.3234025971773693,-0.03071000221944153,True
1802,0.15873015873015872,0.4444444444444444,-0.07321946690252726,0.3322838460081362,-0.03449726107725756,True
1803,0.1746031746031746,0.4444444444444444,-0.08066566807063015,0.3372536739625739,-0.03872214963369976,True
1804,0.19047619047619047,0.4444444444444444,-0.08736443926621859,0.3382048189666566,-0.043304311555391155,True
1805,0.20634920634920634,0.4444444444444444,-0.09320580646192567,0.33517676399903695,-0.04815698344493812,True
1806,0.2222222222222222,0.4444444444444444,-0.09820003739316151,0.32840882081662315,-0.05317546239808372,True
1807,0.23809523809523808,0.4444444444444444,-0.10231786966760774,0.3182181127957331,-0.05825648315491833,True
1808,0.25396825396825395,0.4444444444444444,-0.10567928055858158,0.30512107619307344,-0.06329303926982306,True
1809,0.2698412698412698,0.4444444444444444,-0.10832923988196372,0.28964889874718597,-0.06820018779593247,True
1810,0.2857142857142857,0.4444444444444444,-0.11041568849329722,0.2724121112445911,-0.07289190712659303,True
1811,0.30158730158730157,0.4444444444444444,-0.11209981191001364,0.25409647277847824,-0.0773482238964021,True
1812,0.31746031746031744,0.4444444444444444,-0.11347815952540297,0.2350996397432348,-0.08149629427644198,True
1813,0.3333333333333333,0.4444444444444444,-0.11467843047483721,0.21585277286325927,-0.08533352710567811,True
1814,0.3492063492063492,0.4444444444444444,-0.115793178589508,0.19663620591441774,-0.08884946505751605,True
1815,0.36507936507936506,0.4444444444444444,-0.11688802713503837,0.17761487792346217,-0.09204710486040749,True
1816,0.38095238095238093,0.4444444444444444,-0.11801702561656231,0.1588761759279694,-0.09492230664875957,True
1817,0.3968253968253968,0.4444444444444444,-0.11918526643494032,0.14041577635582905,-0.09750953215061058,True
1818,0.4126984126984127,0.4444444444444444,-0.12042865624830404,0.12223330068412051,-0.09978635383280625,True
1819,0.42857142857142855,0.4444444444444444,-0.12173916681864996,0.1042736546793234,-0.10177334654385575,True
1820,0.4444444444444444,0.4444444444444444,-0.123115047017364,0.08648234672228479,-0.10347150264673717,True
1821,0.4603174603174603,0.4444444444444444,-0.12455005361553831,0.06880505130197696,-0.10489118259674438,True
1822,0.47619047619047616,0.4444444444444444,-0.12603605599667128,0.051194843266669544,-0.1060360835129104,True
1823,0.49206349206349204,0.4444444444444444,-0.12755751536939966,0.03360809723409465,-0.10688952018942396,True
1824,0.5079365079365079,0.4444444444444444,-0.12912098490571552,0.01601878491230748,-0.10748028701913584,True
1825,0.5238095238095237,0.4444444444444444,-0.13069614375612082,-0.0016059033986928705,-0.10780202951140103,True
1826,0.5396825396825397,0.4444444444444444,-0.1323024752939458,-0.019271390742566535,-0.10785077601575217,True
1827,0.5555555555555556,0.4444444444444444,-0.13390464114565637,-0.036991557178551154,-0.10762077931890232,True
1828,0.5714285714285714,0.4444444444444444,-0.13552910339969543,-0.05476906647215556,-0.10714017462158756,True
1829,0.5873015873015872,0.4444444444444444,-0.13713544296794777,-0.07260307438963245,-0.1063846420287402,True
1830,0.6031746031746031,0.4444444444444444,-0.13875108777370018,-0.0904919819775909,-0.10536988546415474,True
1831,0.6190476190476191,0.4444444444444444,-0.1403420935985668,-0.10843084575741532,-0.10410381849075519,True
1832,0.6349206349206349,0.4444444444444444,-0.14192753376634804,-0.1264176031668645,-0.10259186771634084,True
1833,0.6507936507936507,0.4444444444444444,-0.1435241725361563,-0.14446067414599847,-0.10081991319242195,True
1834,0.6666666666666666,0.4444444444444444,-0.14515023176456895,-0.16258155503669022,-0.0988210244978647,True
1835,0.6825396825396826,0.4444444444444444,-0.1468636663593504,-0.18084416843492115,-0.0965829945068547,True
1836,0.6984126984126984,0.4444444444444444,-0.14874961279939253,-0.19935592361290114,-0.09410511014738121,True
1837,0.7142857142857142,0.4444444444444444,-0.15094294027375058,-0.21834520906247865,-0.09139418547050236,True
1838,0.7301587301587301,0.4444444444444444,-0.15356556307364225,-0.23805640725837762,-0.08844790851036838,True
1839,0.746031746031746,0.4444444444444444,-0.1568693509713626,-0.2590035831100396,-0.08523276519505286,True
1840,0.7619047619047619,0.4444444444444444,-0.16100871609911654,-0.2817233126383603,-0.08173391509303356,True
1841,0.7777777777777777,0.4444444444444444,-0.16615196435354287,-0.3068916285642199,-0.07787140449415735,True
1842,0.7936507936507936,0.4444444444444444,-0.1721163946244005,-0.33477239955235893,-0.07363120830956708,True
1843,0.8095238095238095,0.4444444444444444,-0.17853582874621757,-0.36546155434212385,-0.06889721744794722,True
1844,0.8253968253968254,0.4444444444444444,-0.18433406571211,-0.39768582694998217,-0.06362635967558347,True
1845,0.8412698412698412,0.4444444444444444,-0.1878523145783758,-0.42863911531396953,-0.057827869073515434,True
1846,0.8571428571428571,0.4444444444444444,-0.1866854452212524,-0.4531049424825736,-0.0516307854450179,True
1847,0.873015873015873,0.4444444444444444,-0.1787713050139392,-0.46494346481180643,-0.045325404787013863,True
1848,0.8888888888888888,0.4444444444444444,-0.16254629957106623,-0.45732017564708083,-0.03941065281815699,True
1849,0.9047619047619047,0.4444444444444444,-0.1378030951369432,-0.42457166912310124,-0.034452001497444,True
1850,0.9206349206349206,0.4444444444444444,-0.10683771182055639,-0.3666246196637398,-0.03091715651809573,True
1851,0.9365079365079365,0.4444444444444444,-0.07362799656025339,-0.2888430954481915,-0.028985388042764404,True
1852,0.9523809523809523,0.4444444444444444,-0.04308477894133469,-0.20181405639708686,-0.02841984620631519,True
1853,0.9682539682539681,0.4444444444444444,-0.01933705588644197,-0.1177850581134184,-0.028752641627297567,True
1854,0.9841269841269841,0.4444444444444444,-0.004802218284085597,-0.04803764866472949,-0.029488137623704263,True
1855,1.0,0.4444444444444444,3.410184980294857e-08,-7.736861785134831e-05,-0.03022578328010613,True
1856,0.0,0.4603174603174603,-3.1075904443051094e-07,-1.6676521884349007e-06,-0.019504934467423008,True
1857,0.015873015873015872,0.4603174603174603,-0.0008130053903692097,0.08937696978226727,-0.019649560443509427,True
1858,0.031746031746031744,0.4603174603174603,-0.0035962545125063916,0.15579227727823805,-0.019946340606846483,True
1859,0.047619047619047616,0.4603174603174603,-0.008469342159375478,0.20361677388613825,-0.02050147501524258,True
1860,0.06349206349206349,0.4603174603174603,-0.01509782364423464,0.23817781778964442,-0.02141514407919094,True
1861,0.07936507936507936,0.4603174603174603,-0.022838219516111397,0.2645789360748341,-0.02275712188003347,True
1862,0.09523809523809523,0.4603174603174603,-0.03112782446553105,0.2860184898020902,-0.024572434898455314,True
1863,0.1111111111111111,0.4603174603174603,-0.03948385789979765,0.30420271025977824,-0.02689437797753652,True
1864,0.12698412698412698,0.4603174603174603,-0.04758158979233022,0.31942783441190525,-0.029739353932045538,True
1865,0.14285714285714285,0.4603174603174603,-0.05529239665642316,0.3313717896841618,-0.03309783121804208,True
1866,0.15873015873015872,0.4603174603174603,-0.0624022471839206,0.3395941717941805,-0.036939772198225806,True
1867,0.1746031746031746,0.4603174603174603,-0.06884888332386266,0.34386049862987134,-0.04120964462891406,True
1868,0.19047619047619047,0.4603174603174603,-0.07457532969092259,0.3440170077282701,-0.04582910424063978,True
1869,0.20634920634920634,0.4603174603174603,-0.07955116374797809,0.34018396205244716,-0.05070520305914935,True
1870,0.2222222222222222,0.4603174603174603,-0.08376327460298001,0.3325582971306647,-0.05572861602152393,True
1871,0.23809523809523808,0.4603174603174603,-0.08731888511130638,0.3216592969288916,-0.06079914396032991,True
1872,0.25396825396825395,0.4603174603174603,-0.0901840312274578,0.3078759559140279,-0.06581417623730869,True
1873,0.2698412698412698,0.4603174603174603,-0.0925055339137037,0.29185229655096956,-0.07067960832574015,True
1874,0.2857142857142857,0.4603174603174603,-0.09435732914457778,0.27419682985865296,-0.0753359345377266,True
1875,0.30158730158730157,0.4603174603174603,-0.09589427782365577,0.2555460596841298,-0.07973982774227541,True
1876,0.31746031746031744,0.4603174603174603,-0.09721434588689049,0.2363443377372724,-0.08383335823880263,True
1877,0.3333333333333333,0.4603174603174603,-0.09841270797044643,0.21700238421296486,-0.0876305027039103,True
1878,0.3492063492063492,0.4603174603174603,-0.09956169930093155,0.19775321697509468,-0.0911085801133622,True
1879,0.36507936507936506,0.4603174603174603,-0.10071406776246683,0.17874941254075058,-0.09427019520343047,True
1880,0.38095238095238093,0.4603174603174603,-0.10190198379493492,0.1600490361897713,-0.09712922423477569,True
1881,0.3968253968253968,0.4603174603174603,-0.10314628810175362,0.1416576813894069,-0.09968713716671641,True
1882,0.4126984126984127,0.4603174603174603,-0.10445486554856215,0.1235428605452504,-0.10195127613282329,True
1883,0.42857142857142855,0.4603174603174603,-0.10582661345180173,0.10564741972243151,-0.10393125308285821,True
1884,0.4444444444444444,0.4603174603174603,-0.10726106174187898,0.0879185051697731,-0.10562422466055382,True
1885,0.4603174603174603,0.4603174603174603,-0.10874901262952366,0.0702937806524978,-0.10703383994052167,True
1886,0.47619047619047616,0.4603174603174603,-0.11028976972383028,0.05273045051854756,-0.10818204547158118,True
1887,0.49206349206349204,0.4603174603174603,-0.1118695209458692,0.03518222948308916,-0.10904728876590752,True
1888,0.5079365079365079,0.4603174603174603,-0.11348937969945627,0.017622121489713614,-0.10964550253680802,True
1889,0.5238095238095237,0.4603174603174603,-0.11513748562605604,2.4694920854673856e-05,-0.10996653638656775,True
1890,0.5396825396825397,0.4603174603174603,-0.11682116802811904,-0.017621647782556493,-0.11001880335328817,True
1891,0.5555555555555556,0.4603174603174603,-0.11851950869094546,-0.035328636088468666,-0.10980395759662132,True
1892,0.5714285714285714,0.4603174603174603,-0.12024184218599841,-0.053099238995298774,-0.10932068568254728,True
1893,0.5873015873015872,0.4603174603174603,-0.12196346032234907,-0.07093374089503214,-0.10857689998968396,True
1894,0.6031746031746031,0.4603174603174603,-0.12369935921245724,-0.08882819843990648,-0.10756422335906521,True
1895,0.6190476190476191,0.4603174603174603,-0.125412581552608,-0.10677741629140315,-0.10631009847494689,True
1896,0.6349206349206349,0.4603174603174603,-0.12713056845617213,-0.12477343503800611,-0.10480122798826484,True
1897,0.6507936507936507,0.4603174603174603,-0.12882917665950666,-0.14280860371642956,-0.10303952093049824,True
1898,0.6666666666666666,0.4603174603174603,-0.1305410359822037,-0.1608984853739976,-0.10105820618838073,True
1899,0.6825396825396826,0.4603174603174603,-0.13229279084890477,-0.1790677102473299,-0.09882761977808434,True
1900,0.6984126984126984,0.4603174603174603,-0.13414154295305453,-0.1974045459332587,-0.09637885025755694,True
1901,0.7142857142857142,0.4603174603174603,-0.13618859055225918,-0.2160504611072905,-0.09371414475360147,True
1902,0.7301587301587301,0.4603174603174603,-0.13858295082907246,-0.2352815458784945,-0.09082120288204122,True
1903,0.746031746031746,0.4603174603174603,-0.14150928299853585,-0.25552757166221957,-0.08770233195324506,True
1904,0.7619047619047619,0.4603174603174603,-0.14520551799152104,-0.27733851040118906,-0.08431672547415248,True
1905,0.7777777777777777,0.4603174603174603,-0.14984748172957216,-0.3014074930410204,-0.08063849680010635,True
1906,0.7936507936507936,0.4603174603174603,-0.15552523588997844,-0.3285015618630059,-0.07659732575760744,True
1907,0.8095238095238095,0.4603174603174603,-0.16200544982961484,-0.3588969811980793,-0.07211868421802971,True
1908,0.8253968253968254,0.4603174603174603,-0.16854912895410334,-0.39204521822873184,-0.06715420801825697,True
1909,0.8412698412698412,0.4603174603174603,-0.1736615994748135,-0.4256518896216378,-0.06160267864185346,True
1910,0.8571428571428571,0.4603174603174603,-0.17539751666727676,-0.45563361631800764,-0.05559522678555877,True
1911,0.873015873015873,0.4603174603174603,-0.170982504783613,-0.47469699573547214,-0.04932411900815343,True
1912,0.8888888888888888,0.4603174603174603,-0.15890978466399924,-0.47632793422114966,-0.04321993976579697,True
1913,0.9047619047619047,0.4603174603174603,-0.1377323171536727,-0.45170751540425547,-0.03787013881847939,True
1914,0.9206349206349206,0.4603174603174603,-0.10908948359779519,-0.39873953855538696,-0.03388308336846819,True
1915,0.9365079365079365,0.4603174603174603,-0.07683108648938465,-0.32161960136081735,-0.03151605269939255,True
1916,0.9523809523809523,0.4603174603174603,-0.04584312716916301,-0.2300450143816878,-0.030668882638255623,True
1917,0.9682539682539681,0.4603174603174603,-0.02096908681594581,-0.13801196120341042,-0.030889644459255402,True
1918,0.9841269841269841,0.4603174603174603,-0.005293138161287172,-0.05808517890383512,-0.03163542696190724,True
1919,1.0,0.4603174603174603,2.02596275826384e-06,0.0001093262833963744,-0.03243966532542568,True
1920,0.0,0.47619047619047616,4.151765383537454e-07,1.1502576308552357e-06,-0.021618108261761707,True
1921,0.015873015873015872,0.47619047619047616,-0.0003980111814866617,0.09072157221809225,-0.021707688134988544,True
1922,0.031746031746031744,0.47619047619047616,-0.0022120088759649396,0.15903891178903812,-0.021970938959676944,True
1923,0.047619047619047616,0.47619047619047616,-0.005844314236790827,0.2087284256257865,-0.022516204325019138,True
1924,0.06349206349206349,0.47619047619047616,-0.011150940004694012,0.24486528537441882,-0.02344254533439184,True
1925,0.07936507936507936,0.47619047619047616,-0.017603269451657494,0.2720351778419265,-0.02480982255315997,True
1926,0.09523809523809523,0.47619047619047616,-0.024626577226114967,0.29379966558504594,-0.02666268918950372,True
1927,0.1111111111111111,0.47619047619047616,-0.03174375163647815,0.3118335570621766,-0.029026042395418155,True
1928,0.12698412698412698,0.47619047619047616,-0.038741759848887974,0.32674016761856295,-0.031910688587239076,True
1929,0.14285714285714285,0.47619047619047616,-0.045256486191149685,0.33821480735565174,-0.035310521516467186,True
1930,0.15873015873015872,0.47619047619047616,-0.0513169832180127,0.3459037353055783,-0.039186359913227435,True
1931,0.1746031746031746,0.47619047619047616,-0.05675342557633816,0.3495201604586972,-0.043482308326013366,True
1932,0.19047619047619047,0.47619047619047616,-0.0615845248967066,0.3489409300048207,-0.048112013191798024,True
1933,0.20634920634920634,0.47619047619047616,-0.06576568554619013,0.3444203359397484,-0.05298789458010724,True
1934,0.2222222222222222,0.47619047619047616,-0.06933865124491369,0.3361603780497637,-0.05799868562967371,True
1935,0.23809523809523808,0.47619047619047616,-0.07232749484519922,0.3246005880916553,-0.06304302594480335,True
1936,0.25396825396825395,0.47619047619047616,-0.07477162187115029,0.31028469276709547,-0.06802759876560888,True
1937,0.2698412698412698,0.47619047619047616,-0.07676366265478118,0.29376589985958057,-0.07284534528782105,True
1938,0.2857142857142857,0.47619047619047616,-0.0784404634193607,0.2758034867562156,-0.07745790769634271,True
1939,0.30158730158730157,0.47619047619047616,-0.07986381633947418,0.25690798690401384,-0.08180697582192978,True
1940,0.31746031746031744,0.47619047619047616,-0.08113956555673042,0.23758291040529578,-0.08587068833143542,True
1941,0.3333333333333333,0.47619047619047616,-0.08233664635652885,0.2181716829490477,-0.08962254486502486,True
1942,0.3492063492063492,0.47619047619047616,-0.08351149133993269,0.19891303626850007,-0.09306586937427624,True
1943,0.36507936507936506,0.47619047619047616,-0.08470321008953503,0.1799379525409813,-0.09619759303399388,True
1944,0.38095238095238093,0.47619047619047616,-0.08593363690515188,0.16128414945623176,-0.09903765530774611,True
1945,0.3968253968253968,0.47619047619047616,-0.08721844269316753,0.14295355925778216,-0.10157954667333519,True
1946,0.4126984126984127,0.47619047619047616,-0.08856352409191694,0.12490112023659551,-0.10382829333590662,True
1947,0.42857142857142855,0.47619047619047616,-0.08996766758714914,0.10707168804260933,-0.10579918162765452,True
1948,0.4444444444444444,0.47619047619047616,-0.09143101107107961,0.08939792868138086,-0.10749582480245073,True
1949,0.4603174603174603,0.47619047619047616,-0.09294694061209378,0.0718241501814837,-0.10891772442424356,True
1950,0.47619047619047616,0.47619047619047616,-0.09451679814610806,0.05430944963069596,-0.11005107265510841,True
1951,0.49206349206349204,0.47619047619047616,-0.09613305739994464,0.036802778586880906,-0.11093410795400768,True
1952,0.5079365079365079,0.47619047619047616,-0.09779716918788679,0.019282985115602308,-0.1115334777609296,True
1953,0.5238095238095237,0.47619047619047616,-0.09950449702204602,0.0017233140849851876,-0.11186122632715353,True
1954,0.5396825396825397,0.47619047619047616,-0.10125464331103752,-0.015891665053962653,-0.11192044770624053,True
1955,0.5555555555555556,0.47619047619047616,-0.10304225508581524,-0.03357012425035611,-0.11170636066554326,True
1956,0.5714285714285714,0.47619047619047616,-0.10485781719119412,-0.05132159407433034,-0.11122676725348467,True
1957,0.5873015873015872,0.47619047619047616,-0.10670657193055388,-0.06914152068153939,-0.11048857069736745,True
1958,0.6031746031746031,0.47619047619047616,-0.10856938473731638,-0.08703299361938635,-0.10948875381049461,True
1959,0.6190476190476191,0.47619047619047616,-0.11042941064162361,-0.10498452350967187,-0.10822963241224186,True
1960,0.6349206349206349,0.47619047619047616,-0.1123059357482808,-0.12298860604101972,-0.10672102615214643,True
1961,0.6507936507936507,0.47619047619047616,-0.11415947145864415,-0.1410353106648888,-0.10498017881628673,True
1962,0.6666666666666666,0.47619047619047616,-0.11601169027322228,-0.15911471598619445,-0.10299031098620022,True
1963,0.6825396825396826,0.47619047619047616,-0.11787769942883382,-0.1772443118869775,-0.10078658316070226,True
1964,0.6984126984126984,0.47619047619047616,-0.11978620623930523,-0.1954714295947576,-0.09835609217133559,True
1965,0.7142857142857142,0.47619047619047616,-0.12182838904794117,-0.2139058183227581,-0.0957105955437264,True
1966,0.7301587301587301,0.47619047619047616,-0.12411162168988388,-0.23278136505792218,-0.0928679899118263,True
1967,0.746031746031746,0.47619047619047616,-0.1268109806096096,-0.25241262652966956,-0.08981095297552419,True
1968,0.7619047619047619,0.47619047619047616,-0.13015842122256385,-0.2733980037739859,-0.08652576714804336,True
1969,0.7777777777777777,0.47619047619047616,-0.13440238843339203,-0.29653684594454005,-0.08297903378595382,True
1970,0.7936507936507936,0.47619047619047616,-0.13966526353206715,-0.3225077921139091,-0.07913615426388587,True
1971,0.8095238095238095,0.47619047619047616,-0.14596819362236976,-0.3521542764469383,-0.07490307057209221,True
1972,0.8253968253968254,0.47619047619047616,-0.1528189550590649,-0.3854534629069467,-0.07019301179438102,True
1973,0.8412698412698412,0.47619047619047616,-0.1591857865433663,-0.4210928155052089,-0.06498883062908367,True
1974,0.8571428571428571,0.47619047619047616,-0.162973394141421,-0.4550471360337914,-0.05921483547459491,True
1975,0.873015873015873,0.47619047619047616,-0.16193114684668672,-0.48137938418661097,-0.05308987444669062,True
1976,0.8888888888888888,0.47619047619047616,-0.15316853432842722,-0.49057503253636997,-0.04693394878194908,True
1977,0.9047619047619047,0.47619047619047616,-0.1358468664533191,-0.4753716629086339,-0.041323058961979756,True
1978,0.9206349206349206,0.47619047619047616,-0.11010450620804633,-0.4292409208729179,-0.03691009264258018,True
1979,0.9365079365079365,0.47619047619047616,-0.07916204563147032,-0.35387937210097065,-0.034140200355011516,True
1980,0.9523809523809523,0.47619047619047616,-0.048181140660414075,-0.2590221843987606,-0.03299884872666077,True
1981,0.9682539682539681,0.47619047619047616,-0.02240023390155335,-0.15897436466000725,-0.03308682760382616,True
1982,0.9841269841269841,0.47619047619047616,-0.005737100157831578,-0.068943313085272,-0.03382947670498642,True
1983,1.0,0.47619047619047616,-1.3266903334636935e-06,-1.562561715171102e-05,-0.03469404901615497,True
1984,0.0,0.49206349206349204,-6.834132069719865e-07,1.1764198419775918e-05,-0.023631886663810806,True
1985,0.015873015873015872,0.49206349206349204,1.1801388966429227e-05,0.09124993261357506,-0.023658825945609745,True
1986,0.031746031746031744,0.49206349206349204,-0.0007757992644937032,0.1612063634753879,-0.02388790049283349,True
1987,0.047619047619047616,0.49206349206349204,-0.0031603399658101244,0.21264226605074893,-0.024419938149873335,True
1988,0.06349206349206349,0.49206349206349204,-0.007093259296562293,0.250198342984642,-0.025347765237456125,True
1989,0.07936507936507936,0.49206349206349204,-0.01221463114243719,0.2782314309569406,-0.02672873377517973,True
1990,0.09523809523809523,0.49206349206349204,-0.01797520681075766,0.3002740557983636,-0.02860148832388468,True
1991,0.1111111111111111,0.49206349206349204,-0.023906402497502893,0.31839566800495034,-0.030991788335412166,True
1992,0.12698412698412698,0.49206349206349204,-0.029647974976014856,0.33299752698987434,-0.03390221482989275,True
1993,0.14285714285714285,0.49206349206349204,-0.035064571605003904,0.343980909964248,-0.03731809529837016,True
1994,0.15873015873015872,0.49206349206349204,-0.04005558907681939,0.35116265498890964,-0.041207394652737026,True
1995,0.1746031746031746,0.49206349206349204,-0.04453588824414623,0.3541712169050853,-0.0455042808182181,True
1996,0.19047619047619047,0.49206349206349204,-0.04846005337372775,0.3530027869305508,-0.05012576674910669,True
1997,0.20634920634920634,0.49206349206349204,-0.0519418195426364,0.3479949830621766,-0.05499174314498112,True
1998,0.2222222222222222,0.49206349206349204,-0.05486749475226685,0.3391158979004372,-0.059969435009067804,True
1999,0.23809523809523808,0.49206349206349204,-0.0573547284037749,0.32707046556724506,-0.06498029557434323,True
2000,0.25396825396825395,0.49206349206349204,-0.05942287555662993,0.3123027404531488,-0.06991571434840123,True
2001,0.2698412698412698,0.49206349206349204,-0.06117589324705328,0.2954956219670478,-0.07469853497586282,True
2002,0.2857142857142857,0.49206349206349204,-0.06267341701790229,0.2772688772502628,-0.07926017460824898,True
2003,0.30158730158730157,0.49206349206349204,-0.06400241538776699,0.25821383720247354,-0.08356601742884673,True
2004,0.31746031746031744,0.49206349206349204,-0.06522907151246135,0.2387939612067601,-0.08759367686617976,True
2005,0.3333333333333333,0.49206349206349204,-0.06641897282752579,0.21935105441235642,-0.09129996928184712,True
2006,0.3492063492063492,0.49206349206349204,-0.06760047547448504,0.2000970097535754,-0.0947202655721286,True
2007,0.36507936507936506,0.49206349206349204,-0.06880778269534088,0.1811518483011065,-0.0978349045921915,True
2008,0.38095238095238093,0.49206349206349204,-0.07005743781144835,0.16255125525578346,-0.1006446589403261,True
2009,0.3968253968253968,0.49206349206349204,-0.07135522458354228,0.1442811867424493,-0.10317317580758692,True
2010,0.4126984126984127,0.49206349206349204,-0.07270698450949668,0.1262792925665813,-0.10543046521543337,True
2011,0.42857142857142855,0.49206349206349204,-0.07411663432211538,0.10850415935350187,-0.10739694456869811,True
2012,0.4444444444444444,0.49206349206349204,-0.07558320393658446,0.09088679034924994,-0.10908436139673139,True
2013,0.4603174603174603,0.49206349206349204,-0.0771047867870968,0.07337375084584911,-0.11050744842310145,True
2014,0.47619047619047616,0.49206349206349204,-0.07868474014112378,0.055907986609988844,-0.11166180303331627,True
2015,0.49206349206349204,0.49206349206349204,-0.08032075832196649,0.038456884385781875,-0.11253831680017685,True
2016,0.5079365079365079,0.49206349206349204,-0.08201383699015043,0.020988529469194342,-0.11314256473730198,True
2017,0.5238095238095237,0.49206349206349204,-0.08376558695786349,0.003478731834578902,-0.11347723489952137,True
2018,0.5396825396825397,0.49206349206349204,-0.08557507083781396,-0.014086748151554558,-0.1135351223344653,True
2019,0.5555555555555556,0.49206349206349204,-0.08744002283917511,-0.031721912420314156,-0.11332960072225988,True
2020,0.5714285714285714,0.49206349206349204,-0.08935287071218928,-0.049433851207468835,-0.11285872425029186,True
2021,0.5873015873015872,0.49206349206349204,-0.0913097567224302,-0.0672243645001955,-0.11211513676117885,True
2022,0.6031746031746031,0.49206349206349204,-0.09331678885453464,-0.08509285567957049,-0.11112858064697691,True
2023,0.6190476190476191,0.49206349206349204,-0.09534324131563308,-0.10303281396404895,-0.1098685976592687,True
2024,0.6349206349206349,0.49206349206349204,-0.09738649634629452,-0.12103528215415194,-0.10836175795943456,True
2025,0.6507936507936507,0.49206349206349204,-0.09942130980596024,-0.1390908609425162,-0.10662867451678687,True
2026,0.6666666666666666,0.49206349206349204,-0.10145623046729395,-0.15717339290816543,-0.10464335441510621,True
2027,0.6825396825396826,0.49206349206349204,-0.10349059234591149,-0.1752877072539371,-0.10243765796209653,True
2028,0.6984126984126984,0.49206349206349204,-0.10556039494990636,-0.19345509041653475,-0.10002560523228445,True
2029,0.7142857142857142,0.49206349206349204,-0.10768637034603114,-0.21174447662553947,-0.09739827569729931,True
2030,0.7301587301587301,0.49206349206349204,-0.10999011986236731,-0.2303211862173497,-0.09459024481495641,True
2031,0.746031746031746,0.49206349206349204,-0.11260055272168155,-0.24952030911152379,-0.09158261166685018,True
2032,0.7619047619047619,0.49206349206349204,-0.11573777319022907,-0.26983173998942894,-0.08837502276205475,True
2033,0.7777777777777777,0.49206349206349204,-0.11962720474227442,-0.2919087510998229,-0.08495502290082432,True
2034,0.7936507936507936,0.49206349206349204,-0.12454628615748253,-0.3168528729069276,-0.08126414809749838,True
2035,0.8095238095238095,0.49206349206349204,-0.1305719666439964,-0.3454998695115807,-0.07725047202943253,True
2036,0.8253968253968254,0.49206349206349204,-0.13749928719156385,-0.3784094101431962,-0.07282478777819609,True
2037,0.8412698412698412,0.49206349206349204,-0.14445406270013864,-0.41481951803228573,-0.06789014363150842,True
2038,0.8571428571428571,0.49206349206349204,-0.14998923491221933,-0.45215610077455065,-0.06244434408819263,True
2039,0.873015873015873,0.49206349206349204,-0.15137875579114696,-0.483847041533855,-0.0565122978589911,True
2040,0.8888888888888888,0.49206349206349204,-0.1462480446921804,-0.5017371232632846,-0.05042916670971655,True
2041,0.9047619047619047,0.49206349206349204,-0.13255850784939646,-0.4959102962216184,-0.04468737966776817,True
2042,0.9206349206349206,0.49206349206349204,-0.10977590006106716,-0.4572396583206102,-0.03995773651357432,True
2043,0.9365079365079365,0.49206349206349204,-0.080624331132609,-0.3853540442187948,-0.036812089731471584,True
2044,0.9523809523809523,0.49206349206349204,-0.05004975953496826,-0.2883548306471687,-0.03537550458066651,True
2045,0.9682539682539681,0.49206349206349204,-0.023701487124865153,-0.18120500653253185,-0.03530907410697425,True
2046,0.9841269841269841,0.49206349206349204,-0.006156734777307054,-0.08053406414274883,-0.036034649866100554,True
2047,1.0,0.49206349206349204,-2.0393562778492453e-07,-6.974801777468291e-05,-0.03695345051199547,True
2048,0.0,0.5079365079365079,7.922890627832743e-07,-1.7814923879127206e-05,-0.02550895336795202,True
2049,0.015873015873015872,0.5079365079365079,0.0004086477555133357,0.09114334414591257,-0.025485384454769805,True
2050,0.031746031746031744,0.5079365079365079,0.0005793923647681609,0.16211176763089094,-0.025672202866297275,True
2051,0.047619047619047616,0.5079365079365079,-0.0004542578563376457,0.21519992366425583,-0.026180491760560802,True
2052,0.06349206349206349,0.5079365079365079,-0.003025504971353144,0.25404272476356554,-0.027098368328651538,True
2053,0.07936507936507936,0.5079365079365079,-0.006764803204026895,0.2830916800656595,-0.028484119794579058,True
2054,0.09523809523809523,0.5079365079365079,-0.011214415405932035,0.30562443221551866,-0.030367568001756155,True
2055,0.1111111111111111,0.5079365079365079,-0.015882006454907456,0.32367766179837937,-0.03276514050264772,True
2056,0.12698412698412698,0.5079365079365079,-0.020496249689366718,0.3380365589143836,-0.035680253300001755,True
2057,0.14285714285714285,0.5079365079365079,-0.024832748873262166,0.34872587167613045,-0.03909899446155853,True
2058,0.15873015873015872,0.5079365079365079,-0.028786839857249353,0.3553858780869977,-0.042978478510660806,True
2059,0.1746031746031746,0.5079365079365079,-0.032282625992792933,0.35791612834542824,-0.047257683593089655,True
2060,0.19047619047619047,0.5079365079365079,-0.035421423370632185,0.3563824827923659,-0.05186199253698824,True
2061,0.20634920634920634,0.5079365079365079,-0.03814838570237195,0.3507904898042423,-0.05668361575736402,True
2062,0.2222222222222222,0.5079365079365079,-0.04050008384497749,0.341590623523411,-0.06163351685021688,True
2063,0.23809523809523808,0.5079365079365079,-0.0425140088306734,0.3291349868391379,-0.06659689855468974,True
2064,0.25396825396825395,0.5079365079365079,-0.04423308331627153,0.314055137934947,-0.07148544815759487,True
2065,0.2698412698412698,0.5079365079365079,-0.04572255455770849,0.2970058866682338,-0.07622428602079497,True
2066,0.2857142857142857,0.5079365079365079,-0.047052800509587454,0.2786042010225184,-0.08074191450354695,True
2067,0.30158730158730157,0.5079365079365079,-0.04828326406402852,0.25944567136785734,-0.08500812131757086,True
2068,0.31746031746031744,0.5079365079365079,-0.0494622559738381,0.239975146831171,-0.08898170224881304,True
2069,0.3333333333333333,0.5079365079365079,-0.050618704201260314,0.2205191476636724,-0.09268462174943169,True
2070,0.3492063492063492,0.5079365079365079,-0.05179306573134979,0.20128662239668701,-0.09606638532659043,True
2071,0.36507936507936506,0.5079365079365079,-0.052989618508152515,0.18237628890031585,-0.09916573410636105,True
2072,0.38095238095238093,0.5079365079365079,-0.054229443614108246,0.1638183025139954,-0.10197236335498094,True
2073,0.3968253968253968,0.5079365079365079,-0.05551440260726163,0.14559547885205082,-0.10449649924437343,True
2074,0.4126984126984127,0.5079365079365079,-0.05685087789080143,0.1276521021723007,-0.10674515868911626,True
2075,0.42857142857142855,0.5079365079365079,-0.05824079106204678,0.10993726819925752,-0.10870885488880425,True
2076,0.4444444444444444,0.5079365079365079,-0.05968828079547353,0.09238035042913927,-0.11039832366021084,True
2077,0.4603174603174603,0.5079365079365079,-0.06119781560669232,0.07492053086723652,-0.1118291586401139,True
2078,0.47619047619047616,0.5079365079365079,-0.06277074120064954,0.057515995904507844,-0.11298442718879714,True
2079,0.49206349206349204,0.5079365079365079,-0.06441048709326037,0.04012785497266117,-0.11386560919995087,True
2080,0.5079365079365079,0.5079365079365079,-0.06612078365371578,0.022724661026641998,-0.11447572624326315,True
2081,0.5238095238095237,0.5079365079365079,-0.06790506384088409,0.005282401972660672,-0.1148085711813751,True
2082,0.5396825396825397,0.5079365079365079,-0.06976553684616706,-0.012217879893258824,-0.11487605220501908,True
2083,0.5555555555555556,0.5079365079365079,-0.0716997589932649,-0.02979111876323599,-0.11467951595872854,True
2084,0.5714285714285714,0.5079365079365079,-0.07370995403840429,-0.04743902157605412,-0.11420447984402772,True
2085,0.5873015873015872,0.5079365079365079,-0.07578274619911538,-0.06517886751411175,-0.11346917077503436,True
2086,0.6031746031746031,0.5079365079365079,-0.07791729932518217,-0.08300237354449963,-0.1124735836195735,True
2087,0.6190476190476191,0.5079365079365079,-0.08010888358380341,-0.10091118330903963,-0.11121948441926509,True
2088,0.6349206349206349,0.5079365079365079,-0.0823295374735654,-0.11889901009720275,-0.1097244816455121,True
2089,0.6507936507936507,0.5079365079365079,-0.08456775662879547,-0.13693962502685916,-0.10796701089205173,True
2090,0.6666666666666666,0.5079365079365079,-0.08684098312494225,-0.1550293652812293,-0.10599791670592533,True
2091,0.6825396825396826,0.5079365079365079,-0.08909197405754628,-0.17314094427382254,-0.1037988084497395,True
2092,0.6984126984126984,0.5079365079365079,-0.09135996745865642,-0.1912742532438619,-0.10137934350543114,True
2093,0.7142857142857142,0.5079365079365079,-0.09366726992943293,-0.20948473163962164,-0.09877496182997828,True
2094,0.7301587301587301,0.5079365079365079,-0.09608499567501652,-0.22788965040381987,-0.09598106422740166,True
2095,0.746031746031746,0.5079365079365079,-0.09873123608711293,-0.24670937957325156,-0.09302080834983888,True
2096,0.7619047619047619,0.5079365079365079,-0.10179538389799064,-0.266405167440045,-0.08987165891250687,True
2097,0.7777777777777777,0.5079365079365079,-0.10551311322407192,-0.28775420638380483,-0.08653445020747465,True
2098,0.7936507936507936,0.5079365079365079,-0.11011962696527769,-0.3115390303575974,-0.08299078734881499,True
2099,0.8095238095238095,0.5079365079365079,-0.115876625176436,-0.3390475098395642,-0.07916155335614926,True
2100,0.8253968253968254,0.5079365079365079,-0.12267778328657955,-0.37112066635461743,-0.07499811566167722,True
2101,0.8412698412698412,0.5079365079365079,-0.13008274884875373,-0.40789344406032035,-0.07036777839250538,True
2102,0.8571428571428571,0.5079365079365079,-0.13668449187614223,-0.44721348112489684,-0.06520435125033078,True
2103,0.873015873015873,0.5079365079365079,-0.14046169325375618,-0.4842904711911058,-0.059574522886604225,True
2104,0.8888888888888888,0.5079365079365079,-0.13817144167510464,-0.5093077873129774,-0.05363787427376795,True
2105,0.9047619047619047,0.5079365079365079,-0.12781615575763378,-0.5123943367286161,-0.04787542717673379,True
2106,0.9206349206349206,0.5079365079365079,-0.10821895769426179,-0.4823297641420491,-0.04293022299583633,True
2107,0.9365079365079365,0.5079365079365079,-0.08123667587006982,-0.4155381617435316,-0.03945475905714401,True
2108,0.9523809523809523,0.5079365079365079,-0.051428459249560785,-0.3177329711949631,-0.03773074000971114,True
2109,0.9682539682539681,0.5079365079365079,-0.024787007926867836,-0.20406652928933092,-0.0375098127235258,True
2110,0.9841269841269841,0.5079365079365079,-0.006569232365599875,-0.09322409248022898,-0.0382039992555622,True
2111,1.0,0.5079365079365079,6.888271224420194e-07,8.556343984144006e-05,-0.03916973152357713,True
2112,0.0,0.5238095238095237,-9.234685119489744e-07,2.7097832879455987e-05,-0.027228210096565394,True
2113,0.015873015873015872,0.5238095238095237,0.0007850689284727854,0.09024856054264567,-0.027148984340046225,True
2114,0.031746031746031744,0.5238095238095237,0.001926366245575629,0.16180607741440087,-0.02728930206888776,True
2115,0.047619047619047616,0.5238095238095237,0.002099561478035604,0.2162358295919325,-0.027774137918382936,True
2116,0.06349206349206349,0.5238095238095237,0.0009967236952454562,0.2565912102715216,-0.028675907129497073,True
2117,0.07936507936507936,0.5238095238095237,-0.0013430867549276623,0.28658961406290934,-0.030050978961398744,True
2118,0.09523809523809523,0.5238095238095237,-0.004456969429920818,0.3095931363829331,-0.03192770545625799,True
2119,0.1111111111111111,0.5238095238095237,-0.007928353465510983,0.3277272242229716,-0.03431908563534197,True
2120,0.12698412698412698,0.5238095238095237,-0.011319542883110687,0.34194942701066505,-0.03722441005586637,True
2121,0.14285714285714285,0.5238095238095237,-0.014505415232052593,0.35229904657200545,-0.040623669117954335,True
2122,0.15873015873015872,0.5238095238095237,-0.017449138869347035,0.3586319428567675,-0.04447948477408075,True
2123,0.1746031746031746,0.5238095238095237,-0.020119952441739867,0.36086343443555124,-0.04873231614558309,True
2124,0.19047619047619047,0.5238095238095237,-0.022433950972872204,0.3589077640597498,-0.05329213993650468,True
2125,0.20634920634920634,0.5238095238095237,-0.024454120244809783,0.353009190879692,-0.058069600414842486,True
2126,0.2222222222222222,0.5238095238095237,-0.026241536171669383,0.3435106078724394,-0.06297199445278286,True
2127,0.23809523809523808,0.5238095238095237,-0.02776735815791923,0.3307720302335468,-0.06788045878867255,True
2128,0.25396825396825395,0.5238095238095237,-0.02915880908794539,0.3155088563311248,-0.07272592434510151,True
2129,0.2698412698412698,0.5238095238095237,-0.030407330469088313,0.2982919524882942,-0.07740999484931255,True
2130,0.2857142857142857,0.5238095238095237,-0.031577150308040564,0.27980119415396654,-0.081887555102842,True
2131,0.30158730158730157,0.5238095238095237,-0.03269193426546097,0.26059712345057684,-0.08611838619483367,True
2132,0.31746031746031744,0.5238095238095237,-0.033799439830817346,0.24111063855290324,-0.09007645647950828,True
2133,0.3333333333333333,0.5238095238095237,-0.034913315452654706,0.22166399329199046,-0.09373989147322435,True
2134,0.3492063492063492,0.5238095238095237,-0.03604645544679428,0.202450390993405,-0.09712078962915939,True
2135,0.36507936507936506,0.5238095238095237,-0.03721428774641328,0.18357543239634727,-0.10020412098619616,True
2136,0.38095238095238093,0.5238095238095237,-0.03842193351994195,0.16506092888277743,-0.10299965471165805,True
2137,0.3968253968253968,0.5238095238095237,-0.03966933998901582,0.14688486532033704,-0.10552260554842059,True
2138,0.4126984126984127,0.5238095238095237,-0.04096412063686342,0.12899823729355986,-0.10776599672756182,True
2139,0.42857142857142855,0.5238095238095237,-0.04231629204256949,0.11133626185458448,-0.10973649563652632,True
2140,0.4444444444444444,0.5238095238095237,-0.04372914695033412,0.09383466944687041,-0.11143689047110891,True
2141,0.4603174603174603,0.5238095238095237,-0.04520705712678044,0.07644445485310865,-0.1128654827153129,True
2142,0.47619047619047616,0.5238095238095237,-0.046757624392465315,0.05911402974316212,-0.11402666487029878,True
2143,0.49206349206349204,0.5238095238095237,-0.04838819472600921,0.041802487861846205,-0.11491382630055395,True
2144,0.5079365079365079,0.5238095238095237,-0.05010438972298201,0.024481798875637846,-0.11552372949864799,True
2145,0.5238095238095237,0.5238095238095237,-0.05191080707057816,0.007119501280583949,-0.11586444287189383,True
2146,0.5396825396825397,0.5238095238095237,-0.053815307513481805,-0.010293884333662167,-0.11594377324782613,True
2147,0.5555555555555556,0.5238095238095237,-0.05581471702057327,-0.027777451001292162,-0.11573699930027116,True
2148,0.5714285714285714,0.5238095238095237,-0.057910180196220996,-0.04534479538929246,-0.11526807965024852,True
2149,0.5873015873015872,0.5238095238095237,-0.060095353407863795,-0.0630075353443691,-0.1145396920509224,True
2150,0.6031746031746031,0.5238095238095237,-0.06237067555539856,-0.08076084922491368,-0.11353498909379532,True
2151,0.6190476190476191,0.5238095238095237,-0.06471741847483346,-0.0986161318827997,-0.11228520330886325,True
2152,0.6349206349206349,0.5238095238095237,-0.06713510627573034,-0.11655762616743018,-0.11077774226550971,True
2153,0.6507936507936507,0.5238095238095237,-0.06959343139333571,-0.13457466818363623,-0.10902639326778488,True
2154,0.6666666666666666,0.5238095238095237,-0.07207215444601797,-0.15264859566426286,-0.10704892087146353,True
2155,0.6825396825396826,0.5238095238095237,-0.07459444291561448,-0.17075367097183458,-0.10485103682813374,True
2156,0.6984126984126984,0.5238095238095237,-0.0771158503616751,-0.18887098618583084,-0.10243929483784991,True
2157,0.7142857142857142,0.5238095238095237,-0.07966996622142036,-0.20702229005546766,-0.09983744536479236,True
2158,0.7301587301587301,0.5238095238095237,-0.08230139592885004,-0.22528035164389837,-0.09705442413691474,True
2159,0.746031746031746,0.5238095238095237,-0.08510926623660973,-0.2438436723126964,-0.09411257352518364,True
2160,0.7619047619047619,0.5238095238095237,-0.08821024107070731,-0.2630987261631631,-0.0910178650204733,True
2161,0.7777777777777777,0.5238095238095237,-0.0918601991880258,-0.28364812837714576,-0.08775840532106417,True
2162,0.7936507936507936,0.5238095238095237,-0.0963071571909928,-0.30649874808922234,-0.08431986711984671,True
2163,0.8095238095238095,0.5238095238095237,-0.10181825078609041,-0.3328314134102789,-0.0806579611275847,True
2164,0.8253968253968254,0.5238095238095237,-0.10849045661917457,-0.3638776244550561,-0.0767035031714705,True
2165,0.8412698412698412,0.5238095238095237,-0.11605873977002748,-0.4003201594763995,-0.07235036585194293,True
2166,0.8571428571428571,0.5238095238095237,-0.12348366506877875,-0.44095760832085956,-0.06752167342707066,True
2167,0.873015873015873,0.5238095238095237,-0.12882049127713702,-0.48155754310058085,-0.062192125402224165,True
2168,0.8888888888888888,0.5238095238095237,-0.1294350181437559,-0.5140532568823437,-0.0564922478242634,True
2169,0.9047619047619047,0.5238095238095237,-0.12211944035159451,-0.5254992312103637,-0.050788676003261354,True
2170,0.9206349206349206,0.5238095238095237,-0.10573515774731045,-0.5049135540760461,-0.04573323026135812,True
2171,0.9365079365079365,0.5238095238095237,-0.08108228016926991,-0.4441267983760727,-0.04200393310693821,True
2172,0.9523809523809523,0.5238095238095237,-0.05234300676910277,-0.3468118986006771,-0.04001893910184142,True
2173,0.9682539682539681,0.5238095238095237,-0.025663316839545286,-0.227475890045935,-0.03963423662842766,True
2174,0.9841269841269841,0.5238095238095237,-0.006889448344438206,-0.10585192720214542,-0.040289689190625796,True
2175,1.0,0.5238095238095237,-1.9080050986689996e-06,-4.209133685479806e-05,-0.04129430866657939,True
2176,0.0,0.5396825396825397,8.204179261949694e-07,-1.4137119099992767e-05,-0.028767724274148226,True
2177,0.015873015873015872,0.5396825396825397,0.001130872277224217,0.08862112631553076,-0.028632844847305692,True
2178,0.031746031746031744,0.5396825396825397,0.0031762018947905485,0.16040825568332118,-0.0287338839913025,True
2179,0.047619047619047616,0.5396825396825397,0.004687636512652396,0.2160594740819017,-0.02918226510485728,True
2180,0.06349206349206349,0.5396825396825397,0.004962288942560027,0.2577262942900239,-0.030059134521041544,True
2181,0.07936507936507936,0.5396825396825397,0.004038810455784287,0.2887418570518219,-0.0314123205431438,True
2182,0.09523809523809523,0.5396825396825397,0.002247572013358613,0.3122970126896753,-0.03326914338228821,True
2183,0.1111111111111111,0.5396825396825397,9.807188831240443e-05,0.33062816811921614,-0.03563907429232809,True
2184,0.12698412698412698,0.5396825396825397,-0.002205798156505696,0.34474137361245266,-0.03851894200987426,True
2185,0.14285714285714285,0.5396825396825397,-0.004389122596727663,0.35488417391957244,-0.041887073836138974,True
2186,0.15873015873015872,0.5396825396825397,-0.006321390766607344,0.3609375440801762,-0.0457009607914802,True
2187,0.1746031746031746,0.5396825396825397,-0.007994372585460477,0.3628487566563363,-0.04989839596170498,True
2188,0.19047619047619047,0.5396825396825397,-0.009522640379712727,0.3606781064061659,-0.05440549296961621,True
2189,0.20634920634920634,0.5396825396825397,-0.010896523007946397,0.3546561646384845,-0.059139796864293416,True
2190,0.2222222222222222,0.5396825396825397,-0.012103208001992785,0.344877971797832,-0.06397338344982462,True
2191,0.23809523809523808,0.5396825396825397,-0.013228622407517902,0.3320471553498756,-0.06883766293154271,True
2192,0.25396825396825395,0.5396825396825397,-0.014246144322583776,0.31665901380629585,-0.07362655857453944,True
2193,0.2698412698412698,0.5396825396825397,-0.015232018561571938,0.29937973815609636,-0.07826600127523463,True
2194,0.2857142857142857,0.5396825396825397,-0.016222196287608823,0.28086490084579846,-0.08270772812930287,True
2195,0.30158730158730157,0.5396825396825397,-0.017210935512430584,0.26165239620432146,-0.08691061378167024,True
2196,0.31746031746031744,0.5396825396825397,-0.018224533339737996,0.24217753600065237,-0.09084467184061289,True
2197,0.3333333333333333,0.5396825396825397,-0.019265792258652027,0.22275417997990038,-0.09448545402557473,True
2198,0.3492063492063492,0.5396825396825397,-0.02033931431517112,0.20357092300521856,-0.09785969501078236,True
2199,0.36507936507936506,0.5396825396825397,-0.02144695921601151,0.18473325854562261,-0.10093566523911625,True
2200,0.38095238095238093,0.5396825396825397,-0.02259293307927322,0.16626335629640285,-0.10372905458226801,True
2201,0.3968253968253968,0.5396825396825397,-0.023787241476840793,0.1481280881381171,-0.10625524336030137,True
2202,0.4126984126984127,0.5396825396825397,-0.025024211275307205,0.13029247154651089,-0.10850556567025052,True
2203,0.42857142857142855,0.5396825396825397,-0.026320648280042755,0.1126871947831897,-0.11048539276253413,True
2204,0.4444444444444444,0.5396825396825397,-0.02767835597704566,0.09525796931876057,-0.11218768808539045,True
2205,0.4603174603174603,0.5396825396825397,-0.029112400788307694,0.07794078493463077,-0.1136199235468049,True
2206,0.47619047619047616,0.5396825396825397,-0.030630788665904088,0.0606909166071539,-0.11478959476678648,True
2207,0.49206349206349204,0.5396825396825397,-0.03224211977198239,0.043468284061853074,-0.1156822225005817,True
2208,0.5079365079365079,0.5396825396825397,-0.033954769311354105,0.026244176219743266,-0.11630215219813023,True
2209,0.5238095238095237,0.5396825396825397,-0.03577750043605321,0.008983562403394754,-0.11664569945123664,True
2210,0.5396825396825397,0.5396825396825397,-0.03771360137359118,-0.008325520367050249,-0.11671195451363023,True
2211,0.5555555555555556,0.5396825396825397,-0.039770042041964986,-0.025699763613738567,-0.11651793858721535,True
2212,0.5714285714285714,0.5396825396825397,-0.041947063208977835,-0.043159664093184405,-0.1160548663099377,True
2213,0.5873015873015872,0.5396825396825397,-0.044240897279984245,-0.060715031679280454,-0.11531401656053092,True
2214,0.6031746031746031,0.5396825396825397,-0.04664794262835558,-0.0783752784918344,-0.11431481335478563,True
2215,0.6190476190476191,0.5396825396825397,-0.04916116518817068,-0.09614210069471413,-0.11305240601109999,True
2216,0.6349206349206349,0.5396825396825397,-0.0517617020725721,-0.11401588342944638,-0.11154052886771695,True
2217,0.6507936507936507,0.5396825396825397,-0.05444007519742071,-0.13198262789866344,-0.10979131200120888,True
2218,0.6666666666666666,0.5396825396825397,-0.05717890820410497,-0.1500174229508551,-0.10780181591446841,True
2219,0.6825396825396826,0.5396825396825397,-0.05995700043475971,-0.16809039252230681,-0.10558649955514661,True
2220,0.6984126984126984,0.5396825396825397,-0.06278300802630521,-0.18619037668692903,-0.10318027309028513,True
2221,0.7142857142857142,0.5396825396825397,-0.06564371745019545,-0.2042908105837034,-0.10056888701776351,True
2222,0.7301587301587301,0.5396825396825397,-0.06855087654891368,-0.2224599805979887,-0.09779973488187957,True
2223,0.746031746031746,0.5396825396825397,-0.07158201507044573,-0.24083653044157893,-0.09487652894440034,True
2224,0.7619047619047619,0.5396825396825397,-0.07487165839211778,-0.25971296854800363,-0.09181091185375596,True
2225,0.7777777777777777,0.5396825396825397,-0.0785942715899203,-0.2796871513189007,-0.08860411290695101,True
2226,0.7936507936507936,0.5396825396825397,-0.08299531512063327,-0.3016168530608397,-0.0852609591936499,True
2227,0.8095238095238095,0.5396825396825397,-0.0883735426017124,-0.3268033786618952,-0.08173579469241914,True
2228,0.8253968253968254,0.5396825396825397,-0.09493473647185639,-0.3566948994627915,-0.07796823897750546,True
2229,0.8412698412698412,0.5396825396825397,-0.1025496469197409,-0.39240709124679396,-0.07386894302537214,True
2230,0.8571428571428571,0.5396825396825397,-0.11051868603398743,-0.4336113829708988,-0.0693665431635762,True
2231,0.873015873015873,0.5396825396825397,-0.11725925381419809,-0.47729439375591015,-0.06437421586413025,True
2232,0.8888888888888888,0.5396825396825397,-0.11992256255197768,-0.5151969392664094,-0.058920535865030335,True
2233,0.9047619047619047,0.5396825396825397,-0.11574926841557129,-0.5358241161454534,-0.05337924089875742,True
2234,0.9206349206349206,0.5396825396825397,-0.10250356851414535,-0.524908564016036,-0.048305234114175186,True
2235,0.9365079365079365,0.5396825396825397,-0.08021242056195886,-0.47091341725749514,-0.04439271680039837,True
2236,0.9523809523809523,0.5396825396825397,-0.05282112519137111,-0.37528700804242976,-0.04217470993644114,True
2237,0.9682539682539681,0.5396825396825397,-0.02635700063311829,-0.2513029247050847,-0.04163167279554273,True
2238,0.9841269841269841,0.5396825396825397,-0.0071758151739685075,-0.11961057129868616,-0.04224001184877482,True
2239,1.0,0.5396825396825397,8.390579332560983e-07,5.073079381818196e-05,-0.04327777992085562,True
2240,0.0,0.5555555555555556,-5.062979429203404e-08,-2.266875989938541e-05,-0.030111358845309966,True
2241,0.015873015873015872,0.5555555555555556,0.0014413623857628484,0.08646059937526519,-0.02993602423864327,True
2242,0.031746031746031744,0.5555555555555556,0.004317449312825489,0.15796655367289655,-0.02999402065015158,True
2243,0.047619047619047616,0.5555555555555556,0.007026670044183538,0.2144240495909944,-0.030399952796885333,True
2244,0.06349206349206349,0.5555555555555556,0.008701992596859673,0.25729383263947236,-0.031237342631384956,True
2245,0.07936507936507936,0.5555555555555556,0.009167341438808178,0.28938225566684883,-0.03255846881659233,True
2246,0.09523809523809523,0.5555555555555556,0.008797248938752633,0.3137022132413913,-0.03438267714711149,True
2247,0.1111111111111111,0.5555555555555556,0.007829890496110763,0.3322671259556518,-0.03671701973218469,True
2248,0.12698412698412698,0.5555555555555556,0.006745924607614847,0.3463937423681276,-0.03955348194637779,True
2249,0.14285714285714285,0.5555555555555556,0.005702084202519704,0.3564306888614561,-0.04287110334535384,True
2250,0.15873015873015872,0.5555555555555556,0.004711238765031956,0.3622642760562049,-0.046627011368074206,True
2251,0.1746031746031746,0.5555555555555556,0.0038662764656922305,0.3640912807140208,-0.05077050165548601,True
2252,0.19047619047619047,0.5555555555555556,0.003130728949561425,0.36178289789097184,-0.05521248927497697,True
2253,0.20634920634920634,0.5555555555555556,0.0024562469783702525,0.3555988197892223,-0.059873509549547045,True
2254,0.2222222222222222,0.5555555555555556,0.0018134689625627933,0.34577335045958424,-0.06464613944815888,True
2255,0.23809523809523808,0.5555555555555556,0.0011925813515293476,0.3329106585095265,-0.0694491472863318,True
2256,0.25396825396825395,0.5555555555555556,0.0005091030413109037,0.3175087993750961,-0.07418895778048044,True
2257,0.2698412698412698,0.5555555555555556,-0.00021762373258123684,0.3002518383643279,-0.07879203809120366,True
2258,0.2857142857142857,0.5555555555555556,-0.0009829686599016308,0.28176602288301095,-0.08319734970427088,True
2259,0.30158730158730157,0.5555555555555556,-0.0018164093753068272,0.2625871978133486,-0.08737036890016672,True
2260,0.31746031746031744,0.5555555555555556,-0.0027049474957715276,0.24315281605179892,-0.09128137269130981,True
2261,0.3333333333333333,0.5555555555555556,-0.003650076856968785,0.22376460534879625,-0.0949309751528589,True
2262,0.3492063492063492,0.5555555555555556,-0.004640661519920451,0.20462342557475927,-0.09828084462586989,True
2263,0.36507936507936506,0.5555555555555556,-0.005665470057072484,0.1858235360227824,-0.10136063177642736,True
2264,0.38095238095238093,0.5555555555555556,-0.006737008949734399,0.1673860389946718,-0.10417196875836844,True
2265,0.3968253968253968,0.5555555555555556,-0.007852605304381076,0.1493018023272012,-0.10669209023555576,True
2266,0.4126984126984127,0.5555555555555556,-0.009013148125373476,0.1315182857368021,-0.10895254408262829,True
2267,0.42857142857142855,0.5555555555555556,-0.010233189894425784,0.11397900639056119,-0.11093777635373633,True
2268,0.4444444444444444,0.5555555555555556,-0.011526956274628217,0.09662017330218088,-0.11265077576274916,True
2269,0.4603174603174603,0.5555555555555556,-0.012905216961168578,0.0793866869718688,-0.11410041216653864,True
2270,0.47619047619047616,0.5555555555555556,-0.014377742956430429,0.06223611962873654,-0.1152661097892515,True
2271,0.49206349206349204,0.5555555555555556,-0.015960357560149387,0.045117511816529635,-0.11616502371806384,True
2272,0.5079365079365079,0.5555555555555556,-0.01766034458045528,0.028014111586632574,-0.11679286499456287,True
2273,0.5238095238095237,0.5555555555555556,-0.019490366918603494,0.010879120865829761,-0.11713887013852708,True
2274,0.5396825396825397,0.5555555555555556,-0.021457856142529676,-0.006302620245747245,-0.11721965651774198,True
2275,0.5555555555555556,0.5555555555555556,-0.02356412740487578,-0.023553590016162057,-0.1170174810730421,True
2276,0.5714285714285714,0.5555555555555556,-0.025820698035523542,-0.040871427178403516,-0.11653829715410542,True
2277,0.5873015873015872,0.5555555555555556,-0.028211670804119144,-0.058307420276250375,-0.11580154583632214,True
2278,0.6031746031746031,0.5555555555555556,-0.030750330545866778,-0.07584184441707982,-0.11480111445679311,True
2279,0.6190476190476191,0.5555555555555556,-0.03342489341764052,-0.0934915001304504,-0.11352241685192357,True
2280,0.6349206349206349,0.5555555555555556,-0.036212077020944915,-0.11126922008101334,-0.11200836957739989,True
2281,0.6507936507936507,0.5555555555555556,-0.03912402012053631,-0.12914689909621394,-0.11024763112854974,True
2282,0.6666666666666666,0.5555555555555556,-0.04211843455952062,-0.1471128831228686,-0.10824455270867588,True
2283,0.6825396825396826,0.5555555555555556,-0.04519172861836404,-0.16514206987350333,-0.10602962970400133,True
2284,0.6984126984126984,0.5555555555555556,-0.048317889775704156,-0.1831905199601392,-0.10359665136452377,True
2285,0.7142857142857142,0.5555555555555556,-0.05150670521778611,-0.20125022000072398,-0.10098781936951046,True
2286,0.7301587301587301,0.5555555555555556,-0.05474888690261232,-0.21933959199893546,-0.09821708644754103,True
2287,0.746031746031746,0.5555555555555556,-0.05811197618952148,-0.23755317379461352,-0.0952969085846918,True
2288,0.7619047619047619,0.5555555555555556,-0.06168899747260762,-0.25613510235477094,-0.09224280360201711,True
2289,0.7777777777777777,0.5555555555555556,-0.06559682830313204,-0.27558488313228824,-0.08909214301484254,True
2290,0.7936507936507936,0.5555555555555556,-0.07008812173070367,-0.2967703560590018,-0.08581266007271462,True
2291,0.8095238095238095,0.5555555555555556,-0.07544538514070635,-0.3208817028672013,-0.08240183794732939,True
2292,0.8253968253968254,0.5555555555555556,-0.08193310561359578,-0.34957685052612714,-0.07879795240301522,True
2293,0.8412698412698412,0.5555555555555556,-0.08958586004996048,-0.3842756947640826,-0.07493927107346954,True
2294,0.8571428571428571,0.5555555555555556,-0.09794912339234597,-0.4255282165822161,-0.07070809054879545,True
2295,0.873015873015873,0.5555555555555556,-0.1056715145756645,-0.47111918407185643,-0.06603202394976931,True
2296,0.8888888888888888,0.5555555555555556,-0.11036838864488216,-0.5144161368917434,-0.06091279593319646,True
2297,0.9047619047619047,0.5555555555555556,-0.10878248075983935,-0.5428647884661276,-0.05557372486538835,True
2298,0.9206349206349206,0.5555555555555556,-0.09841412783721806,-0.541209997926939,-0.05056008056565087,True
2299,0.9365079365079365,0.5555555555555556,-0.07882767506120197,-0.4957159439470871,-0.04653622023659883,True
2300,0.9523809523809523,0.5555555555555556,-0.05291035185686932,-0.40306366654532105,-0.04413296096479015,True
2301,0.9682539682539681,0.5555555555555556,-0.02684390487178186,-0.2749892428777407,-0.043439945870598365,True
2302,0.9841269841269841,0.5555555555555556,-0.007414914056336569,-0.13346935385942787,-0.04399800278640494,True
2303,1.0,0.5555555555555556,1.45153349046606e-06,-0.00016159851623348534,-0.04505787818139244,True
2304,0.0,0.5714285714285714,-6.121491727437307e-08,3.673362614155628e-05,-0.03126255291446517,True
2305,0.015873015873015872,0.5714285714285714,0.0017145240843583595,0.08371648922822283,-0.03104546317965468,True
2306,0.031746031746031744,0.5714285714285714,0.005375905889645493,0.15444939172927682,-0.03105460690643363,True
2307,0.047619047619047616,0.5714285714285714,0.00923418472658371,0.21145499292744588,-0.03141329271698624,True
2308,0.06349206349206349,0.5714285714285714,0.012272786865597414,0.2555222381101175,-0.032207612876837835,True
2309,0.07936507936507936,0.5714285714285714,0.014244288740757005,0.2887991517042113,-0.033481011705321834,True
2310,0.09523809523809523,0.5714285714285714,0.015131226927394171,0.313762936857153,-0.03525928532259019,True
2311,0.1111111111111111,0.5714285714285714,0.015478438397380494,0.33277191168379544,-0.037542742879089895,True
2312,0.12698412698412698,0.5714285714285714,0.015538329791130122,0.3469915159699326,-0.04032153175001983,True
2313,0.14285714285714285,0.5714285714285714,0.015465354499545643,0.3569160590549964,-0.04357578218715963,True
2314,0.15873015873015872,0.5714285714285714,0.015469490679989487,0.36270803446665906,-0.04726143845604706,True
2315,0.1746031746031746,0.5714285714285714,0.015545152136532205,0.3644550573848742,-0.051325040594867394,True
2316,0.19047619047619047,0.5714285714285714,0.015580039090119228,0.36210915719950376,-0.05569030889625282,True
2317,0.20634920634920634,0.5714285714285714,0.015609034371889752,0.35591074235795345,-0.06027008884790121,True
2318,0.2222222222222222,0.5714285714285714,0.015526001623216771,0.3461709414794825,-0.06498269413840944,True
2319,0.23809523809523808,0.5714285714285714,0.0153502307624444,0.33331833486539125,-0.06971984498769956,True
2320,0.25396825396825395,0.5714285714285714,0.015091030853883223,0.3180301923017192,-0.0744074620733704,True
2321,0.2698412698412698,0.5714285714285714,0.01469081692211396,0.30086363302264857,-0.07896351263919386,True
2322,0.2857142857142857,0.5714285714285714,0.014148199644679086,0.28246708620054,-0.08334400097532606,True
2323,0.30158730158730157,0.5714285714285714,0.013500775483543686,0.2633682662553109,-0.08749782165337991,True
2324,0.31746031746031744,0.5714285714285714,0.012758306350537704,0.2439985944137332,-0.09139840856315244,True
2325,0.3333333333333333,0.5714285714285714,0.011951754176685845,0.2246732098296712,-0.0950396135680553,True
2326,0.3492063492063492,0.5714285714285714,0.011075458739256678,0.2055783698280026,-0.09839348394324803,True
2327,0.36507936507936506,0.5714285714285714,0.010155637711627506,0.18681894531848356,-0.10148838609858846,True
2328,0.38095238095238093,0.5714285714285714,0.009185935791088139,0.16842721081723513,-0.10430332634631018,True
2329,0.3968253968253968,0.5714285714285714,0.008171263571823536,0.15039308609577887,-0.10683796543535798,True
2330,0.4126984126984127,0.5714285714285714,0.007098957773562456,0.13266537052646268,-0.10910670209848601,True
2331,0.42857142857142855,0.5714285714285714,0.005964788910632896,0.11519568974219624,-0.11109925122335013,True
2332,0.4444444444444444,0.5714285714285714,0.0047445949026816946,0.0979146247088389,-0.11283015733770109,True
2333,0.4603174603174603,0.5714285714285714,0.003437546840336759,0.08078259938633552,-0.11428692458919175,True
2334,0.47619047619047616,0.5714285714285714,0.002017744666760751,0.06373904689833411,-0.11546742981798704,True
2335,0.49206349206349204,0.5714285714285714,0.0004725669163290551,0.04674049708323289,-0.11637410798727806,True
2336,0.5079365079365079,0.5714285714285714,-0.0012079664357138524,0.029761552373428497,-0.11699879617085013,True
2337,0.5238095238095237,0.5714285714285714,-0.0030375897451519846,0.012772444357738374,-0.11735888556117013,True
2338,0.5396825396825397,0.5714285714285714,-0.005026248877653994,-0.004251388276739919,-0.11743753916140481,True
2339,0.5555555555555556,0.5714285714285714,-0.007178037635995726,-0.02134554988655762,-0.11723311232776949,True
2340,0.5714285714285714,0.5714285714285714,-0.009505698305606785,-0.038507696016747674,-0.11675607368950824,True
2341,0.5873015873015872,0.5714285714285714,-0.011994856813103909,-0.055785616753125745,-0.1160117081636197,True
2342,0.6031746031746031,0.5714285714285714,-0.01466765711662822,-0.07315737110702115,-0.11498746036056162,True
2343,0.6190476190476191,0.5714285714285714,-0.017491793886288687,-0.09067447081386731,-0.11371819795433745,True
2344,0.6349206349206349,0.5714285714285714,-0.020471030068413044,-0.10831205098800474,-0.11217735203231952,True
2345,0.6507936507936507,0.5714285714285714,-0.023601690265693757,-0.1260736144804352,-0.11040100290143201,True
2346,0.6666666666666666,0.5714285714285714,-0.02686000750748502,-0.1439373556266027,-0.10838374096523656,True
2347,0.6825396825396826,0.5714285714285714,-0.030234594552734726,-0.161877200973955,-0.10614699427266638,True
2348,0.6984126984126984,0.5714285714285714,-0.033712735077316106,-0.1798531048275973,-0.10370102422606467,True
2349,0.7142857142857142,0.5714285714285714,-0.03725212508323305,-0.19785474671183417,-0.10108342222591124,True
2350,0.7301587301587301,0.5714285714285714,-0.040884775137738055,-0.21585296256725803,-0.09829460059223759,True
2351,0.746031746031746,0.5714285714285714,-0.04464194680341584,-0.23392122471352886,-0.09537121585922587,True
2352,0.7619047619047619,0.5714285714285714,-0.048547619527959544,-0.25227876605687133,-0.09233441269350293,True
2353,0.7777777777777777,0.5714285714285714,-0.05276176410548884,-0.27134561273521085,-0.08919453933384035,True
2354,0.7936507936507936,0.5714285714285714,-0.057479206478339824,-0.2918150757073319,-0.0859808253422776,True
2355,0.8095238095238095,0.5714285714285714,-0.06296408072554502,-0.3150483762478703,-0.0826412331233794,True
2356,0.8253968253968254,0.5714285714285714,-0.06945553616397232,-0.34245162425249714,-0.07919404402995507,True
2357,0.8412698412698412,0.5714285714285714,-0.07718112121466926,-0.3760755932633815,-0.07552059608617594,True
2358,0.8571428571428571,0.5714285714285714,-0.08583816504897933,-0.4168826733812131,-0.07155527464377402,True
2359,0.873015873015873,0.5714285714285714,-0.0943389296739263,-0.4637134487234514,-0.06718406135538335,True
2360,0.8888888888888888,0.5714285714285714,-0.10065437602486851,-0.5111660899679313,-0.06239987729010299,True
2361,0.9047619047619047,0.5714285714285714,-0.10147650138902653,-0.5469811752089724,-0.05732435360131634,True
2362,0.9206349206349206,0.5714285714285714,-0.09394011749802407,-0.554890866347739,-0.05243050645771891,True
2363,0.9365079365079365,0.5714285714285714,-0.07683090574384478,-0.5179477345052793,-0.04838275328353847,True
2364,0.9523809523809523,0.5714285714285714,-0.052661429802035725,-0.4296502881516899,-0.0458324325411925,True
2365,0.9682539682539681,0.5714285714285714,-0.027175130302160636,-0.2988913735727776,-0.04500716258806284,True
2366,0.9841269841269841,0.5714285714285714,-0.007629729618096666,-0.1477434248504967,-0.04550459791045348,True
2367,1.0,0.5714285714285714,-4.214300146129401e-07,0.0001599970282513835,-0.04658658701032112,True
2368,0.0,0.5873015873015872,1.1541670822480329e-07,-4.357277317456976e-05,-0.032208573053177314,True
2369,0.015873015873015872,0.5873015873015872,0.0019447497624064532,0.08044615178907065,-0.03195449686588332,True
2370,0.031746031746031744,0.5873015873015872,0.006278738304684732,0.14994772531006934,-0.03191930525468515,True
2371,0.047619047619047616,0.5873015873015872,0.011224178152103416,0.20723443174915623,-0.03222793416115287,True
2372,0.06349206349206349,0.5873015873015872,0.015614087195151614,0.25238946286643293,-0.03296808742801747,True
2373,0.07936507936507936,0.5873015873015872,0.018846717853958164,0.2866665671164894,-0.03418885641875815,True
2374,0.09523809523809523,0.5873015873015872,0.021178867392677485,0.31254412760022865,-0.035902707329534995,True
2375,0.1111111111111111,0.5873015873015872,0.022768171243008523,0.3320156827106256,-0.03811932917696097,True
2376,0.12698412698412698,0.5873015873015872,0.023935467202761275,0.34641461792901374,-0.04082695292105791,True
2377,0.14285714285714285,0.5873015873015872,0.025011719002271306,0.3564124954476103,-0.0439941651631393,True
2378,0.15873015873015872,0.5873015873015872,0.0259680198305984,0.3622620357649763,-0.04759750146981685,True
2379,0.1746031746031746,0.5873015873015872,0.026869951609212593,0.36393565451242305,-0.05156869713410272,True
2380,0.19047619047619047,0.5873015873015872,0.02772502784124771,0.3617030640988857,-0.05584540983443244,True
2381,0.20634920634920634,0.5873015873015872,0.02841738098665318,0.3556013227547444,-0.06034492731568236,True
2382,0.2222222222222222,0.5873015873015872,0.0289898550746702,0.34600259829203095,-0.0649732575582478,True
2383,0.23809523809523808,0.5873015873015872,0.029341232989557754,0.3333213240438642,-0.06964335749415541,True
2384,0.25396825396825395,0.5873015873015872,0.02948102827767325,0.3181815344974186,-0.07427777191433556,True
2385,0.2698412698412698,0.5873015873015872,0.029405898675734985,0.3011758099722361,-0.0787991318280838,True
2386,0.2857142857142857,0.5873015873015872,0.02916624773878476,0.28293597483457505,-0.08314825852449709,True
2387,0.30158730158730157,0.5873015873015872,0.028752386445936032,0.2639626453084426,-0.08728671514942885,True
2388,0.31746031746031744,0.5873015873015872,0.02820822142548955,0.24469654316942327,-0.09118706301686115,True
2389,0.3333333333333333,0.5873015873015872,0.027556804568061963,0.22544451495768703,-0.09481728347175497,True
2390,0.3492063492063492,0.5873015873015872,0.026825929553604473,0.20640769947612828,-0.09819973261149993,True
2391,0.36507936507936506,0.5873015873015872,0.026030522080727512,0.18770199429549259,-0.101289310247029,True
2392,0.38095238095238093,0.5873015873015872,0.025184092123531128,0.16936097965989638,-0.10411735650074505,True
2393,0.3968253968253968,0.5873015873015872,0.024287007257773864,0.15137617578881485,-0.10668421009936305,True
2394,0.4126984126984127,0.5873015873015872,0.023325718297947242,0.13371516945487233,-0.1089651731525387,True
2395,0.42857142857142855,0.5873015873015872,0.022286875268766212,0.11631708394969638,-0.11098553918209651,True
2396,0.4444444444444444,0.5873015873015872,0.021158986352444273,0.09913030467335404,-0.11272188591316148,True
2397,0.4603174603174603,0.5873015873015872,0.019925845069002565,0.08210156135087714,-0.11418461355954374,True
2398,0.47619047619047616,0.5873015873015872,0.018570132217335326,0.06518440318634573,-0.11538572420371683,True
2399,0.49206349206349204,0.5873015873015872,0.017075467007920418,0.04833965573836772,-0.11630323198741332,True
2400,0.5079365079365079,0.5873015873015872,0.015422903002331335,0.03152027806592485,-0.11693389302940298,True
2401,0.5238095238095237,0.5873015873015872,0.013599290602475809,0.014692540105365994,-0.11729583893086414,True
2402,0.5396825396825397,0.5873015873015872,0.011594030798309783,-0.002166540231741045,-0.11737742269096232,True
2403,0.5555555555555556,0.5873015873015872,0.009398689640332815,-0.019072727007640063,-0.11716988108328567,True
2404,0.5714285714285714,0.5873015873015872,0.007009271476754849,-0.036064367051882776,-0.1166866566255435,True
2405,0.5873015873015872,0.5873015873015872,0.004420605759767439,-0.05314603702849889,-0.11593577423616166,True
2406,0.6031746031746031,0.5873015873015872,0.0016265699630912721,-0.07033792859626212,-0.11489694735240848,True
2407,0.6190476190476191,0.5873015873015872,-0.0013484656747394976,-0.08768307374168308,-0.1136082992324728,True
2408,0.6349206349206349,0.5873015873015872,-0.004529043310754643,-0.10514635178509935,-0.11205862710154253,True
2409,0.6507936507936507,0.5873015873015872,-0.00787579018655338,-0.12275238628862696,-0.11024752719157531,True
2410,0.6666666666666666,0.5873015873015872,-0.011421073731376788,-0.1404677000825969,-0.10821609826215388,True
2411,0.6825396825396826,0.5873015873015872,-0.015086617258378007,-0.15829078627911675,-0.10595522199402484,True
2412,0.6984126984126984,0.5873015873015872,-0.018886875870206963,-0.17616778070090883,-0.10348768324461545,True
2413,0.7142857142857142,0.5873015873015872,-0.02283530950731437,-0.194063851043737,-0.10084474931905277,True
2414,0.7301587301587301,0.5873015873015872,-0.026901211515481083,-0.2119537985105836,-0.09803532757852848,True
2415,0.746031746031746,0.5873015873015872,-0.031065371689399147,-0.22990032801684873,-0.09510452035952531,True
2416,0.7619047619047619,0.5873015873015872,-0.03542535417284034,-0.24802890595016672,-0.09206189718657506,True
2417,0.7777777777777777,0.5873015873015872,-0.04004320350294294,-0.2667184141359978,-0.0889413073349228,True
2418,0.7936507936507936,0.5873015873015872,-0.045096298927610655,-0.2866642424567776,-0.08574575525420661,True
2419,0.8095238095238095,0.5873015873015872,-0.05080396299009296,-0.3089914338353415,-0.08248948216355338,True
2420,0.8253968253968254,0.5873015873015872,-0.05745533027629088,-0.33527365864700265,-0.07914866069465366,True
2421,0.8412698412698412,0.5873015873015872,-0.06529091698991041,-0.3677288403746633,-0.07563784951088497,True
2422,0.8571428571428571,0.5873015873015872,-0.07418419433934619,-0.4077551181564584,-0.07191436907344059,True
2423,0.873015873015873,0.5873015873015872,-0.08341890835014755,-0.4553926461263375,-0.06785043492720477,True
2424,0.8888888888888888,0.5873015873015872,-0.09103009354827113,-0.5060417708110441,-0.06337852102424878,True
2425,0.9047619047619047,0.5873015873015872,-0.09408274130123144,-0.5488433659610442,-0.05859636607670905,True
2426,0.9206349206349206,0.5873015873015872,-0.0891825503130232,-0.5658340162777904,-0.05386297477577763,True
2427,0.9365079365079365,0.5873015873015872,-0.07471549542282209,-0.5387539194951485,-0.04985043566419505,True
2428,0.9523809523809523,0.5873015873015872,-0.05215431517676333,-0.4551787717802164,-0.047211029808596754,True
2429,0.9682539682539681,0.5873015873015872,-0.027378799550984996,-0.3224888517035939,-0.046269258550075,True
2430,0.9841269841269841,0.5873015873015872,-0.007767146406121045,-0.16223567753992904,-0.046721463470738286,True
2431,1.0,0.5873015873015872,1.6265987280445217e-07,-0.00018485949015580643,-0.04780984586543951,True
2432,0.0,0.6031746031746031,-1.613322805727016e-07,2.7760326855104684e-05,-0.03295413669238158,True
2433,0.015873015873015872,0.6031746031746031,0.0021379443569700634,0.07674122050491916,-0.032668318342916496,True
2434,0.031746031746031744,0.6031746031746031,0.007065766297422026,0.14462344666611784,-0.03259289455704275,True
2435,0.047619047619047616,0.6031746031746031,0.012955755092436317,0.20190482954955952,-0.03285284354041008,True
2436,0.06349206349206349,0.6031746031746031,0.018543403342707827,0.24778481742166414,-0.03352926879552568,True
2437,0.07936507936507936,0.6031746031746031,0.02325944626003261,0.2832499381227992,-0.03467379291529621,True
2438,0.09523809523809523,0.6031746031746031,0.026878751260878846,0.3100170594470968,-0.03631524610415125,True
2439,0.1111111111111111,0.6031746031746031,0.029720240666383898,0.3300679861909471,-0.038449032911245656,True
2440,0.12698412698412698,0.6031746031746031,0.03208119923452184,0.34481898846437586,-0.0410652478275199,True
2441,0.14285714285714285,0.6031746031746031,0.034142846192252205,0.3549467125113657,-0.04414028481307399,True
2442,0.15873015873015872,0.6031746031746031,0.03606862139552212,0.3608428807303107,-0.047637449659222134,True
2443,0.1746031746031746,0.6031746031746031,0.03785568756647997,0.3626556683098144,-0.05150729076904499,True
2444,0.19047619047619047,0.6031746031746031,0.03949325350107206,0.3605137515425056,-0.055679455861193196,True
2445,0.20634920634920634,0.6031746031746031,0.040960932123451727,0.3546262407665084,-0.060076094646408035,True
2446,0.2222222222222222,0.6031746031746031,0.042136989990133704,0.34525212243588554,-0.06462412557700918,True
2447,0.23809523809523808,0.6031746031746031,0.043044206451373836,0.3328258369916358,-0.06922357174013115,True
2448,0.25396825396825395,0.6031746031746031,0.04366335906589108,0.31793871837986254,-0.073801041778449,True
2449,0.2698412698412698,0.6031746031746031,0.04400787611180102,0.3011741307189245,-0.0782774047884816,True
2450,0.2857142857142857,0.6031746031746031,0.04407445546482926,0.28312627046891314,-0.08260511105281376,True
2451,0.30158730158730157,0.6031746031746031,0.04393540232468417,0.26432506703135744,-0.08673291595045779,True
2452,0.31746031746031744,0.6031746031746031,0.04362451257334846,0.24519244730181164,-0.09063232328334929,True
2453,0.3333333333333333,0.6031746031746031,0.04317869520187298,0.22604450175776777,-0.09428066117593302,True
2454,0.3492063492063492,0.6031746031746031,0.04262721297460191,0.20708872387459076,-0.09766838936669958,True
2455,0.36507936507936506,0.6031746031746031,0.04200409199735033,0.18845056500685897,-0.10078473787176459,True
2456,0.38095238095238093,0.6031746031746031,0.041299622397538004,0.17016649408958007,-0.103637279238952,True
2457,0.3968253968253968,0.6031746031746031,0.040527932242581874,0.15224349052724562,-0.10621545266834308,True
2458,0.4126984126984127,0.6031746031746031,0.03968968466415384,0.1346510502118405,-0.1085313279287217,True
2459,0.42857142857142855,0.6031746031746031,0.038765267618198845,0.11734125109707262,-0.11056815757974832,True
2460,0.4444444444444444,0.6031746031746031,0.037742848823664264,0.10026528489505526,-0.1123259712399139,True
2461,0.4603174603174603,0.6031746031746031,0.03659696373960948,0.08335935043674329,-0.11381403535183011,True
2462,0.47619047619047616,0.6031746031746031,0.03531008484291912,0.06657598456107232,-0.11502077126706656,True
2463,0.49206349206349204,0.6031746031746031,0.03386974205601509,0.04988738036955742,-0.11595116345065186,True
2464,0.5079365079365079,0.6031746031746031,0.03225063105070185,0.03323239456558129,-0.11659631664672465,True
2465,0.5238095238095237,0.6031746031746031,0.030440624275369182,0.01659286953503643,-0.1169605969262592,True
2466,0.5396825396825397,0.6031746031746031,0.02842663445605355,-5.41089661524279e-05,-0.11703773097991546,True
2467,0.5555555555555556,0.6031746031746031,0.0261972592909366,-0.016757362556548812,-0.11682948467119146,True
2468,0.5714285714285714,0.6031746031746031,0.0237476107988408,-0.03353941163020773,-0.11634386848674184,True
2469,0.5873015873015872,0.6031746031746031,0.021072465096592836,-0.05041668672170107,-0.11556863681435951,True
2470,0.6031746031746031,0.6031746031746031,0.018158041898395285,-0.06739164341833344,-0.11453232765545393,True
2471,0.6190476190476191,0.6031746031746031,0.01502513804448046,-0.0845163315823451,-0.11321347091475113,True
2472,0.6349206349206349,0.6031746031746031,0.011646170373804247,-0.10176441926668946,-0.11163367643857026,True
2473,0.6507936507936507,0.6031746031746031,0.008071187094398252,-0.11918383285880821,-0.10981226513400116,True
2474,0.6666666666666666,0.6031746031746031,0.004286208589570236,-0.13672986883848073,-0.10774414575774882,True
2475,0.6825396825396826,0.6031746031746031,0.00027979185727672887,-0.15437219828366203,-0.10545086428845997,True
2476,0.6984126984126984,0.6031746031746031,-0.0039003211925109273,-0.1720953355441244,-0.1029547099828887,True
2477,0.7142857142857142,0.6031746031746031,-0.008246172128447585,-0.1898473838709074,-0.10027094697175627,True
2478,0.7301587301587301,0.6031746031746031,-0.012729059776493008,-0.20761629898595332,-0.09744069698897419,True
2479,0.746031746031746,0.6031746031746031,-0.017400770403092194,-0.22540383372303285,-0.09448622903178523,True
2480,0.7619047619047619,0.6031746031746031,-0.022237518940575754,-0.24332634725461125,-0.0914248545329295,True
2481,0.7777777777777777,0.6031746031746031,-0.027362690276431227,-0.2616902923631667,-0.08830258327692023,True
2482,0.7936507936507936,0.6031746031746031,-0.03283571266603046,-0.2811266996514524,-0.08513690523777291,True
2483,0.8095238095238095,0.6031746031746031,-0.03890998617321575,-0.30268504832821375,-0.08192553043774618,True
2484,0.8253968253968254,0.6031746031746031,-0.04580769141010777,-0.3279800058719462,-0.07866727514461767,True
2485,0.8412698412698412,0.6031746031746031,-0.05385368998483092,-0.35919270215930893,-0.07529899336830344,True
2486,0.8571428571428571,0.6031746031746031,-0.06300254448512038,-0.3982665643255658,-0.07177002251419516,True
2487,0.873015873015873,0.6031746031746031,-0.07276760231416482,-0.44599924834364857,-0.06795996916508162,True
2488,0.8888888888888888,0.6031746031746031,-0.08159594135146213,-0.49926467658320206,-0.06381425820772726,True
2489,0.9047619047619047,0.6031746031746031,-0.08659723356644339,-0.5480843914946993,-0.05933757962978112,True
2490,0.9206349206349206,0.6031746031746031,-0.08422169165465174,-0.5744764777096524,-0.05483442702171672,True
2491,0.9365079365079365,0.6031746031746031,-0.07213221771691711,-0.5564033716783446,-0.05089910392054559,True
2492,0.9523809523809523,0.6031746031746031,-0.05149556883673022,-0.4794753621943585,-0.048206297764439215,True
2493,0.9682539682539681,0.6031746031746031,-0.02747447021637793,-0.34580574755428123,-0.047175744492182495,True
2494,0.9841269841269841,0.6031746031746031,-0.007898115122770685,-0.17699090850821392,-0.04757862856040903,True
2495,1.0,0.6031746031746031,-9.63976213782462e-08,0.00018053346805530995,-0.04867534051404417,True
2496,0.0,0.6190476190476191,6.503056261496632e-07,1.9105332460444002e-05,-0.033514233388084624,True
2497,0.015873015873015872,0.6190476190476191,0.0022755283654746507,0.07273488969120812,-0.03320426657767088,True
2498,0.031746031746031744,0.6190476190476191,0.007697316879534566,0.1385807676529276,-0.033085737907019165,True
2499,0.047619047619047616,0.6190476190476191,0.014479621237896548,0.1954489993759805,-0.03328739988192889,True
2500,0.06349206349206349,0.6190476190476191,0.021212513975513207,0.24200286911856114,-0.033894522173643866,True
2501,0.07936507936507936,0.6190476190476191,0.027181590980956294,0.27845212223247423,-0.034958983127799687,True
2502,0.09523809523809523,0.6190476190476191,0.032094264680462684,0.30612107892574913,-0.03651024008058662,True
2503,0.1111111111111111,0.6190476190476191,0.03621465906479125,0.32693216045483325,-0.038545103045466086,True
2504,0.12698412698412698,0.6190476190476191,0.03973435239549266,0.34209294981877697,-0.04105167626415044,True
2505,0.14285714285714285,0.6190476190476191,0.04284843505291493,0.3524618279140068,-0.04401239373528032,True
2506,0.15873015873015872,0.6190476190476191,0.04572970991697322,0.35851571797039405,-0.047389851331088716,True
2507,0.1746031746031746,0.6190476190476191,0.048437907483432976,0.36048192521862654,-0.05113186843734729,True
2508,0.19047619047619047,0.6190476190476191,0.05089993785051935,0.35858364009195215,-0.0551888853860547,True
2509,0.20634920634920634,0.6190476190476191,0.05308026630489647,0.3529470771536907,-0.05948190200573683,True
2510,0.2222222222222222,0.6190476190476191,0.054959726831156894,0.34387735281164306,-0.06392824391319327,True
2511,0.23809523809523808,0.6190476190476191,0.0564487397107895,0.331791277916448,-0.06845551113978714,True
2512,0.25396825396825395,0.6190476190476191,0.05758323234985114,0.31719548011894727,-0.07296546175704642,True
2513,0.2698412698412698,0.6190476190476191,0.05837755769568638,0.3007664766887333,-0.07741309385556444,True
2514,0.2857142857142857,0.6190476190476191,0.05885127885627758,0.2829813925920433,-0.08170762848084821,True
2515,0.30158730158730157,0.6190476190476191,0.05904165839794043,0.26440659131636746,-0.08583517349277399,True
2516,0.31746031746031744,0.6190476190476191,0.05901964084734851,0.24544644960553239,-0.08973228462301214,True
2517,0.3333333333333333,0.6190476190476191,0.058824032738691454,0.22643658897408755,-0.09340663981033795,True
2518,0.3492063492063492,0.6190476190476191,0.05847902354865033,0.20757871485926813,-0.09680370434233995,True
2519,0.36507936507936506,0.6190476190476191,0.05805355260693566,0.18902513012272018,-0.09995665942303414,True
2520,0.38095238095238093,0.6190476190476191,0.05752298579277984,0.17081417152223105,-0.10284380875479363,True
2521,0.3968253968253968,0.6190476190476191,0.05691458411532345,0.15296883839205122,-0.10545452015560597,True
2522,0.4126984126984127,0.6190476190476191,0.056215093301298674,0.13546206020216328,-0.10778634171394086,True
2523,0.42857142857142855,0.6190476190476191,0.05542545575872421,0.11825660090347641,-0.10985246180950368,True
2524,0.4444444444444444,0.6190476190476191,0.05451310230997401,0.1012927905071433,-0.11164282226250763,True
2525,0.4603174603174603,0.6190476190476191,0.053462445567917405,0.08451977789914263,-0.11315737303409887,True
2526,0.47619047619047616,0.6190476190476191,0.05226258843637661,0.0679081350623659,-0.11438056746881757,True
2527,0.49206349206349204,0.6190476190476191,0.05087946595430818,0.0513790710350683,-0.11532639964924482,True
2528,0.5079365079365079,0.6190476190476191,0.049308197888554214,0.03494079693638429,-0.11598534204756465,True
2529,0.5238095238095237,0.6190476190476191,0.04751702280648908,0.018492316537434446,-0.11634511780580127,True
2530,0.5396825396825397,0.6190476190476191,0.04550078222090149,0.002074835660234004,-0.1164297028100995,True
2531,0.5555555555555556,0.6190476190476191,0.04324239267455735,-0.014401971487618301,-0.11622283137835303,True
2532,0.5714285714285714,0.6190476190476191,0.040733791767349724,-0.030931046244594147,-0.11572050462342551,True
2533,0.5873015873015872,0.6190476190476191,0.03796463977354041,-0.04754621070053439,-0.11493471084919316,True
2534,0.6031746031746031,0.6190476190476191,0.03494238110597745,-0.06429836762937045,-0.11387948242335359,True
2535,0.6190476190476191,0.6190476190476191,0.03164831765419119,-0.0811664755181265,-0.1125352981549953,True
2536,0.6349206349206349,0.6190476190476191,0.02809359177693096,-0.09818853370198871,-0.11093080770729603,True
2537,0.6507936507936507,0.6190476190476191,0.024282088663537236,-0.11536588507948635,-0.10907629541819781,True
2538,0.6666666666666666,0.6190476190476191,0.020198846400451873,-0.13266754939697473,-0.10696533970340759,True
2539,0.6825396825396826,0.6190476190476191,0.01589142225270545,-0.15010962392161858,-0.10463654454358647,True
2540,0.6984126984126984,0.6190476190476191,0.011339100565126915,-0.1676312097791945,-0.10209792795694586,True
2541,0.7142857142857142,0.6190476190476191,0.006578466112148224,-0.18520427708422613,-0.0993772268998446,True
2542,0.7301587301587301,0.6190476190476191,0.001582517168249609,-0.20277962163591046,-0.0965033712525874,True
2543,0.746031746031746,0.6190476190476191,-0.0035849938761876874,-0.22038821934149838,-0.09351382983193196,True
2544,0.7619047619047619,0.6190476190476191,-0.0089912287172649,-0.23808635098527192,-0.09043081217857107,True
2545,0.7777777777777777,0.6190476190476191,-0.014642913242020855,-0.2561645020028494,-0.08729363119040891,True
2546,0.7936507936507936,0.6190476190476191,-0.020639258596097936,-0.27516160731320866,-0.08413174479343416,True
2547,0.8095238095238095,0.6190476190476191,-0.02720405759397092,-0.29604952302615684,-0.0809428241987619,True
2548,0.8253968253968254,0.6190476190476191,-0.034482326315989,-0.3203591838042631,-0.07775560029716573,True
2549,0.8412698412698412,0.6190476190476191,-0.042810986458675086,-0.3503800040990069,-0.07450194273273303,True
2550,0.8571428571428571,0.6190476190476191,-0.05229383051257422,-0.3884353624888014,-0.07113579613671889,True
2551,0.873015873015873,0.6190476190476191,-0.06259480757466519,-0.43593299825007353,-0.06757544837746637,True
2552,0.8888888888888888,0.6190476190476191,-0.07238165374099992,-0.490957903813077,-0.06368932546586852,True
2553,0.9047619047619047,0.6190476190476191,-0.07908343731764197,-0.5448025803191207,-0.05951781522900033,True
2554,0.9206349206349206,0.6190476190476191,-0.07919151778446369,-0.5802991065394618,-0.05527050866039313,True
2555,0.9365079365079365,0.6190476190476191,-0.06959349032563525,-0.5727069439599597,-0.05146726514540612,True
2556,0.9523809523809523,0.6190476190476191,-0.05070078895541813,-0.5025497852060942,-0.04876994066059824,True
2557,0.9682539682539681,0.6190476190476191,-0.027507682569971773,-0.36894728871078575,-0.04767454017538149,True
2558,0.9841269841269841,0.6190476190476191,-0.008013183601343458,-0.1917116920867917,-0.04802872303736111,True
2559,1.0,0.6190476190476191,9.360923624940496e-08,-0.0001744249873300319,-0.049134056740951365,True
2560,0.0,0.6349206349206349,-4.893430056137588e-07,-3.988535686198704e-05,-0.03389056121084559,True
2561,0.015873015873015872,0.6349206349206349,0.00237222448150842,0.06844015146257952,-0.03356402099292161,True
2562,0.031746031746031744,0.6349206349206349,0.008172694838245868,0.13193322171437113,-0.03340959494465823,True
2563,0.047619047619047616,0.6349206349206349,0.015662739584976066,0.18803724745753161,-0.03355470712227544,True
2564,0.06349206349206349,0.6349206349206349,0.023459089670406275,0.23494482650119108,-0.034081142739268495,True
2565,0.07936507936507936,0.6349206349206349,0.030602170435879282,0.2723173862424459,-0.035057793897192616,True
2566,0.09523809523809523,0.6349206349206349,0.03686030431444003,0.3010078615702606,-0.03649704294148487,True
2567,0.1111111111111111,0.6349206349206349,0.04220748890236948,0.322534668062554,-0.03841266574959533,True
2568,0.12698412698412698,0.6349206349206349,0.04682025528178354,0.3381873656907643,-0.040798653201217276,True
2569,0.14285714285714285,0.6349206349206349,0.05102603315671465,0.3489295256086422,-0.04362146190871557,True
2570,0.15873015873015872,0.6349206349206349,0.05489780315379923,0.35526890219217916,-0.046859446816154955,True
2571,0.1746031746031746,0.6349206349206349,0.0584608792599497,0.357479521649367,-0.05047182324080746,True
2572,0.19047619047619047,0.6349206349206349,0.06176900311098265,0.35581293490048277,-0.054390235015518616,True
2573,0.20634920634920634,0.6349206349206349,0.06475329470067202,0.3505547044606791,-0.05856301504611733,True
2574,0.2222222222222222,0.6349206349206349,0.0673187607772761,0.3418151077100569,-0.06290394467189278,True
2575,0.23809523809523808,0.6349206349206349,0.0695141017260966,0.3301507702666282,-0.06733435344273486,True
2576,0.25396825396825395,0.6349206349206349,0.0712393449846626,0.3160009948628336,-0.07179231530766562,True
2577,0.2698412698412698,0.6349206349206349,0.07254938898700032,0.2998935061634242,-0.07617977092208994,True
2578,0.2857142857142857,0.6349206349206349,0.07347351608178197,0.2824544784740308,-0.08046443865072404,True
2579,0.30158730158730157,0.6349206349206349,0.07405386191287461,0.264144658442145,-0.08458069613318567,True
2580,0.31746031746031744,0.6349206349206349,0.07438314406660912,0.24541156811702586,-0.0884943767156198,True
2581,0.3333333333333333,0.6349206349206349,0.07449216404932195,0.22657376225446244,-0.0921826684523129,True
2582,0.3492063492063492,0.6349206349206349,0.07442084646282353,0.2078534988046695,-0.09562855091294258,True
2583,0.36507936507936506,0.6349206349206349,0.07421099254139844,0.1893998119696598,-0.0988068686090467,True
2584,0.38095238095238093,0.6349206349206349,0.07388365650061979,0.17128620980057646,-0.10171577628698017,True
2585,0.3968253968253968,0.6349206349206349,0.07346763448358287,0.15353684276223864,-0.10437300556360926,True
2586,0.4126984126984127,0.6349206349206349,0.07293710288807176,0.13613336409225688,-0.10675080817170719,True
2587,0.42857142857142855,0.6349206349206349,0.07227542224669009,0.11902771079255965,-0.108847001233996,True
2588,0.4444444444444444,0.6349206349206349,0.07150118044988149,0.10220624985163984,-0.11067375665954207,True
2589,0.4603174603174603,0.6349206349206349,0.07056287502292605,0.08559037214524184,-0.11221091630514897,True
2590,0.47619047619047616,0.6349206349206349,0.06945834228504136,0.06916059895174971,-0.11345988302105126,True
2591,0.49206349206349204,0.6349206349206349,0.06814243962819666,0.05281451389767403,-0.1144209502097414,True
2592,0.5079365079365079,0.6349206349206349,0.0666251528117561,0.036597142605911535,-0.11509879813761946,True
2593,0.5238095238095237,0.6349206349206349,0.06486081877444344,0.02038252728670269,-0.11546775666049744,True
2594,0.5396825396825397,0.6349206349206349,0.06284860552580658,0.004203784477073491,-0.1155514873637038,True
2595,0.5555555555555556,0.6349206349206349,0.06056871176060545,-0.01200050898894656,-0.11534541127802116,True
2596,0.5714285714285714,0.6349206349206349,0.05801155254384185,-0.028273582472620393,-0.11483357264988202,True
2597,0.5873015873015872,0.6349206349206349,0.0551642395720405,-0.044623694419032675,-0.11403459682872541,True
2598,0.6031746031746031,0.6349206349206349,0.0520247405234004,-0.06108575105187607,-0.11294504076431569,True
2599,0.6190476190476191,0.6349206349206349,0.04857397766498753,-0.07765862910373768,-0.11158022048718118,True
2600,0.6349206349206349,0.6349206349206349,0.0448310619110129,-0.09440258499160399,-0.10994895446969505,True
2601,0.6507936507936507,0.6349206349206349,0.04077713867184539,-0.11128813856517593,-0.10804511249398825,True
2602,0.6666666666666666,0.6349206349206349,0.036421304654876564,-0.1283207840574642,-0.10589100757922261,True
2603,0.6825396825396826,0.6349206349206349,0.0317656654830771,-0.14548861766165702,-0.10351922895195574,True
2604,0.6984126984126984,0.6349206349206349,0.026822995926400497,-0.16275347589322683,-0.10092878736100351,True
2605,0.7142857142857142,0.6349206349206349,0.02162451311554863,-0.18008902128078202,-0.0981575565682937,True
2606,0.7301587301587301,0.6349206349206349,0.01613325228350494,-0.19744061942480265,-0.09523602902169427,True
2607,0.746031746031746,0.6349206349206349,0.010405583743578178,-0.21481436561257392,-0.09219668175195633,True
2608,0.7619047619047619,0.6349206349206349,0.00442553780790478,-0.23227980454140995,-0.08907819368215575,True
2609,0.7777777777777777,0.6349206349206349,-0.001851303161401402,-0.2500489363341076,-0.08591105792103801,True
2610,0.7936507936507936,0.6349206349206349,-0.008503118059747914,-0.26861342424863177,-0.08273184011509954,True
2611,0.8095238095238095,0.6349206349206349,-0.015585799485313785,-0.2889082026350259,-0.07956536475560345,True
2612,0.8253968253968254,0.6349206349206349,-0.02336956421574141,-0.3124525012844848,-0.07640158714084952,True
2613,0.8412698412698412,0.6349206349206349,-0.032096495073790796,-0.34129767645770953,-0.07324124674298445,True
2614,0.8571428571428571,0.6349206349206349,-0.041962005697563066,-0.3781989213371968,-0.07001050368384547,True
2615,0.873015873015873,0.6349206349206349,-0.05274632607930218,-0.42517728225842405,-0.06663478725468734,True
2616,0.8888888888888888,0.6349206349206349,-0.06351130145171456,-0.48153701044052377,-0.06302552914022434,True
2617,0.9047619047619047,0.6349206349206349,-0.07180724161336285,-0.5399082253970318,-0.059150387448138664,True
2618,0.9206349206349206,0.6349206349206349,-0.07407054367556566,-0.5833627221270354,-0.05515838307883982,True
2619,0.9365079365079365,0.6349206349206349,-0.06691171665832539,-0.5863698571574114,-0.051506812624968,True
2620,0.9523809523809523,0.6349206349206349,-0.049863345099315316,-0.5241496832056479,-0.048846776777645,True
2621,0.9682539682539681,0.6349206349206349,-0.02754026184872793,-0.39146916136720894,-0.04770553533569769,True
2622,0.9841269841269841,0.6349206349206349,-0.008123208381975642,-0.20672584384103299,-0.04802579041682192,True
2623,1.0,0.6349206349206349,-1.5558984406262966e-07,0.0001838963544082302,-0.049139452655723975,True
2624,0.0,0.6507936507936507,9.31284896955008e-08,4.5718605149034166e-05,-0.034102504620001875,True
2625,0.015873015873015872,0.6507936507936507,0.0024259788429481528,0.06400172723126932,-0.033763409278489864,True
2626,0.031746031746031744,0.6507936507936507,0.00849322642861058,0.12478240115243992,-0.03357789013980383,True
2627,0.047619047619047616,0.6507936507936507,0.016573995829177353,0.17979907646746365,-0.03366549384258014,True
2628,0.06349206349206349,0.6507936507936507,0.025257941343431376,0.22684242802338325,-0.03411185552155181,True
2629,0.07936507936507936,0.6507936507936507,0.033579633014725115,0.26500525959436255,-0.03497779474909318,True
2630,0.09523809523809523,0.6507936507936507,0.04102232008135046,0.2946608194846874,-0.036299615672498724,True
2631,0.1111111111111111,0.6507936507936507,0.0475707605866558,0.3170254715348829,-0.038081603213412814,True
2632,0.12698412698412698,0.6507936507936507,0.053367518180644544,0.33331152737974107,-0.04031670918884994,True
2633,0.14285714285714285,0.6507936507936507,0.05859606399816768,0.34440758904529317,-0.04298588203893717,True
2634,0.15873015873015872,0.6507936507936507,0.06341986819239738,0.3510676736682843,-0.046069913856763935,True
2635,0.1746031746031746,0.6507936507936507,0.06793363139417549,0.3536060123570485,-0.04952036692515821,True
2636,0.19047619047619047,0.6507936507936507,0.07206613857530586,0.35222919224391397,-0.053293156613088734,True
2637,0.20634920634920634,0.6507936507936507,0.07589591224397502,0.34734642200854626,-0.05732048143802382,True
2638,0.2222222222222222,0.6507936507936507,0.07928195513455819,0.33910139299015013,-0.06153801494043583,True
2639,0.23809523809523808,0.6507936507936507,0.08211751975946564,0.32785185508661,-0.06588265455639086,True
2640,0.25396825396825395,0.6507936507936507,0.08452626397252176,0.314163113179547,-0.07025859477402586,True
2641,0.2698412698412698,0.6507936507936507,0.08642616110673576,0.2985093875527356,-0.07460627880612039,True
2642,0.2857142857142857,0.6507936507936507,0.08787875829890071,0.28144750742293195,-0.07886234022526334,True
2643,0.30158730158730157,0.6507936507936507,0.08896249429005558,0.26348971084415235,-0.08297435523221666,True
2644,0.31746031746031744,0.6507936507936507,0.08969150116043556,0.2450241781081194,-0.0869077546738931,True
2645,0.3333333333333333,0.6507936507936507,0.0901470204313476,0.22638965958693685,-0.09061551117281894,True
2646,0.3492063492063492,0.6507936507936507,0.09040391878262115,0.20784845992023834,-0.09409970910750338,True
2647,0.36507936507936506,0.6507936507936507,0.09047662154006998,0.18953584256784797,-0.09732602318934742,True
2648,0.38095238095238093,0.6507936507936507,0.09040041377020099,0.17154494566037706,-0.10029135979743263,True
2649,0.3968253968253968,0.6507936507936507,0.09018915189515099,0.15391040633492603,-0.10297801146558624,True
2650,0.4126984126984127,0.6507936507936507,0.08985297007307617,0.13662752341806134,-0.10541127431230034,True
2651,0.42857142857142855,0.6507936507936507,0.08937219185848856,0.11966792188033656,-0.10755387828383693,True
2652,0.4444444444444444,0.6507936507936507,0.0887390790613201,0.10299495230461092,-0.10941291039110608,True
2653,0.4603174603174603,0.6507936507936507,0.08792501082247735,0.08655071889876362,-0.11098525805557569,True
2654,0.47619047619047616,0.6507936507936507,0.08692136226098748,0.0703056550355406,-0.11227043815424972,True
2655,0.49206349206349204,0.6507936507936507,0.08569749359755041,0.05420071895980463,-0.11325578047042581,True
2656,0.5079365079365079,0.6507936507936507,0.08423644991754428,0.03820989430122908,-0.11393711338480633,True
2657,0.5238095238095237,0.6507936507936507,0.08251265013412408,0.02226707420495286,-0.11433845986644914,True
2658,0.5396825396825397,0.6507936507936507,0.08050917986089566,0.006352372309199379,-0.114415525086008,True
2659,0.5555555555555556,0.6507936507936507,0.07821254347833431,-0.009578743242625923,-0.11419911098865289,True
2660,0.5714285714285714,0.6507936507936507,0.07560516739517587,-0.02552514695630585,-0.11368481770816018,True
2661,0.5873015873015872,0.6507936507936507,0.07267822590680612,-0.04156863805647019,-0.11286255159071296,True
2662,0.6031746031746031,0.6507936507936507,0.06942191220620984,-0.05770967538714535,-0.11175908105078255,True
2663,0.6190476190476191,0.6507936507936507,0.06582906260886956,-0.0739852181273161,-0.1103621879986856,True
2664,0.6349206349206349,0.6507936507936507,0.06188665639602909,-0.0903930482613914,-0.10868242571568905,True
2665,0.6507936507936507,0.6507936507936507,0.057586532582597674,-0.10694206632393737,-0.10672872266202126,True
2666,0.6666666666666666,0.6507936507936507,0.05294929891649207,-0.12366424866171163,-0.10453746869131902,True
2667,0.6825396825396826,0.6507936507936507,0.04796348349343262,-0.1405176313847621,-0.10210124970655879,True
2668,0.6984126984126984,0.6507936507936507,0.042620968256386414,-0.15747091508855007,-0.0994541182133943,True
2669,0.7142857142857142,0.6507936507936507,0.036918999551707146,-0.17448446278285862,-0.09662229712022898,True
2670,0.7301587301587301,0.6507936507936507,0.030942433943619865,-0.19157148334631738,-0.09364527379507652,True
2671,0.746031746031746,0.6507936507936507,0.02461601231120736,-0.2086545225419018,-0.09054380196790944,True
2672,0.7619047619047619,0.6507936507936507,0.017981077346129876,-0.22582524387191832,-0.08737063124227426,True
2673,0.7777777777777777,0.6507936507936507,0.011027084806200313,-0.24327302079839974,-0.08416047652100869,True
2674,0.7936507936507936,0.6507936507936507,0.0037390798993132226,-0.2614676988256819,-0.08095204988569314,True
2675,0.8095238095238095,0.6507936507936507,-0.004032538444682112,-0.2812047453136434,-0.07777669290789421,True
2676,0.8253968253968254,0.6507936507936507,-0.012427579974626207,-0.3039399246559251,-0.07463456548145776,True
2677,0.8412698412698412,0.6507936507936507,-0.021663746459420496,-0.3317830222292842,-0.07152609583530369,True
2678,0.8571428571428571,0.6507936507936507,-0.03195669880625332,-0.3675541500256863,-0.06840041793174208,True
2679,0.873015873015873,0.6507936507936507,-0.04328463448114158,-0.4138106755041153,-0.06518372878355631,True
2680,0.8888888888888888,0.6507936507936507,-0.05486587895420453,-0.47080953428516964,-0.06179879074059873,True
2681,0.9047619047619047,0.6507936507936507,-0.06468107203500835,-0.5330832347943361,-0.05819867105513089,True
2682,0.9206349206349206,0.6507936507936507,-0.0690309033499008,-0.5841374142197518,-0.054461418988576336,True
2683,0.9365079365079365,0.6507936507936507,-0.0642195894482909,-0.5972295519318673,-0.05098545156053422,True
2684,0.9523809523809523,0.6507936507936507,-0.04906828048836744,-0.5443725739661122,-0.04839475004936575,True
2685,0.9682539682539681,0.6507936507936507,-0.027595131627345875,-0.41368244074234783,-0.047227843947151356,True
2686,0.9841269841269841,0.6507936507936507,-0.008256116027657185,-0.22187714776782227,-0.04751784096631814,True
2687,1.0,0.6507936507936507,8.76826691026568e-08,-0.0001154045215475953,-0.04864684712902721,True
2688,0.0,0.6666666666666666,8.251603903535337e-08,-1.5478897527905943e-05,-0.034166364982989764,True
2689,0.015873015873015872,0.6666666666666666,0.002437517271732022,0.05942345610463378,-0.03382148780601757,True
2690,0.031746031746031744,0.6666666666666666,0.008658889435096259,0.11728608859001434,-0.03360926117040736,True
2691,0.047619047619047616,0.6666666666666666,0.01717189519509986,0.17089766595071834,-0.03364134786059791,True
2692,0.06349206349206349,0.6666666666666666,0.026612084102664853,0.21777102664360937,-0.03400077851278417,True
2693,0.07936507936507936,0.6666666666666666,0.03592632610609614,0.25650225775066315,-0.034752161170346685,True
2694,0.09523809523809523,0.6666666666666666,0.04453001421944412,0.2870873532222154,-0.035935322704101734,True
2695,0.1111111111111111,0.6666666666666666,0.052251584936124994,0.310313947611618,-0.037562032213190405,True
2696,0.12698412698412698,0.6666666666666666,0.059184364103965374,0.3272861470720351,-0.039627708825106356,True
2697,0.14285714285714285,0.6666666666666666,0.0654769610487329,0.3389296117497872,-0.04212247553287289,True
2698,0.15873015873015872,0.6666666666666666,0.07129409357393528,0.34593984886575707,-0.04502188133468812,True
2699,0.1746031746031746,0.6666666666666666,0.07671480498915823,0.3487775702106287,-0.048293724181330155,True
2700,0.19047619047619047,0.6666666666666666,0.08177518711325633,0.3478276175049846,-0.051893792119135924,True
2701,0.20634920634920634,0.6666666666666666,0.08642919839332075,0.3433320541460419,-0.05576835869630462,True
2702,0.2222222222222222,0.6666666666666666,0.09061464650606008,0.33555914107028284,-0.059855291838957485,True
2703,0.23809523809523808,0.6666666666666666,0.0942834666916587,0.32485672554488504,-0.06408260434487024,True
2704,0.25396825396825395,0.6666666666666666,0.09740215672629612,0.3116749645031546,-0.06837974614292792,True
2705,0.2698412698412698,0.6666666666666666,0.0999893091669943,0.29652583248696157,-0.07267425062151296,True
2706,0.2857142857142857,0.6666666666666666,0.10204040677871021,0.27990751870906716,-0.07690511575417214,True
2707,0.30158730158730157,0.6666666666666666,0.1036772437382897,0.26234391048528755,-0.08101724464340462,True
2708,0.31746031746031744,0.6666666666666666,0.10490532092707364,0.24420842217357316,-0.08496625113332976,True
2709,0.3333333333333333,0.6666666666666666,0.10579935247087821,0.22584330143768294,-0.08870886317280476,True
2710,0.3492063492063492,0.6666666666666666,0.10643954269664858,0.20751969272598908,-0.09223486141471066,True
2711,0.36507936507936506,0.6666666666666666,0.10684551119776366,0.18938642164939115,-0.0955140596409542,True
2712,0.38095238095238093,0.6666666666666666,0.10706672557095473,0.17155629477729858,-0.0985291931089505,True
2713,0.3968253968253968,0.6666666666666666,0.10711527825409749,0.1540666973601775,-0.10129134160122698,True
2714,0.4126984126984127,0.6666666666666666,0.10699821151865413,0.13693319142689728,-0.10376461416792612,True
2715,0.42857142857142855,0.6666666666666666,0.10671145690780767,0.12013106958543128,-0.10596034180403291,True
2716,0.4444444444444444,0.6666666666666666,0.10624670912011433,0.10363266886485867,-0.10786908560025366,True
2717,0.4603174603174603,0.6666666666666666,0.10558129421590665,0.08739007974815394,-0.10948405708870002,True
2718,0.47619047619047616,0.6666666666666666,0.1046956425285778,0.07135644127674728,-0.11080517194894869,True
2719,0.49206349206349204,0.6666666666666666,0.10357393501038173,0.055509869290041106,-0.11181722645669283,True
2720,0.5079365079365079,0.6666666666666666,0.1021775198455472,0.03975476237986111,-0.11252717207537787,True
2721,0.5238095238095237,0.6666666666666666,0.10050302392114771,0.024104129790875662,-0.11293326919129151,True
2722,0.5396825396825397,0.6666666666666666,0.0985194128884076,0.008512121670326623,-0.11302678306728661,True
2723,0.5555555555555556,0.6666666666666666,0.09621189664972934,-0.007122605234085106,-0.11280269338476087,True
2724,0.5714285714285714,0.6666666666666666,0.09356342064300732,-0.022735319921642832,-0.11228136379878847,True
2725,0.5873015873015872,0.6666666666666666,0.09056355825079772,-0.038444089776350665,-0.11144900500948676,True
2726,0.6031746031746031,0.6666666666666666,0.0871911687947662,-0.0542272517630213,-0.11030292032424346,True
2727,0.6190476190476191,0.6666666666666666,0.08343834093552477,-0.0701240171121272,-0.108868983955397,True
2728,0.6349206349206349,0.6666666666666666,0.0793008524310027,-0.08616505249218973,-0.10715216460352016,True
2729,0.6507936507936507,0.6666666666666666,0.07475353533217693,-0.10233794177823997,-0.1051520360921096,True
2730,0.6666666666666666,0.6666666666666666,0.06981661431805698,-0.11868030295194557,-0.10289763276311728,True
2731,0.6825396825396826,0.6666666666666666,0.06445717772788682,-0.13514038786408006,-0.10039846067934302,True
2732,0.6984126984126984,0.6666666666666666,0.05870523885762985,-0.1517281970790405,-0.09768312385337762,True
2733,0.7142857142857142,0.6666666666666666,0.052539762789626236,-0.1683904605466605,-0.09478172795767936,True
2734,0.7301587301587301,0.6666666666666666,0.04598554073222964,-0.18510508128355396,-0.09172786677042984,True
2735,0.746031746031746,0.6666666666666666,0.03903576885236504,-0.2018486150274282,-0.08855782600793953,True
2736,0.7619047619047619,0.6666666666666666,0.03174492514143176,-0.21869322945758243,-0.08531968981274823,True
2737,0.7777777777777777,0.6666666666666666,0.0240612658026772,-0.2357858172438582,-0.08204942641129313,True
2738,0.7936507936507936,0.6666666666666666,0.016008672697710287,-0.2535681984170608,-0.07879842916677865,True
2739,0.8095238095238095,0.6666666666666666,0.007496951312872255,-0.2728121586883277,-0.07558843511439481,True
2740,0.8253968253968254,0.6666666666666666,-0.0015653558718617987,-0.29484747166456216,-0.07244910609069155,True
2741,0.8412698412698412,0.6666666666666666,-0.011396356860419468,-0.32178424924810545,-0.06936709938711631,True
2742,0.8571428571428571,0.6666666666666666,-0.02223586381678183,-0.356456188447965,-0.06630982030420945,True
2743,0.873015873015873,0.6666666666666666,-0.034120949435429274,-0.40177121060991394,-0.06322273115152206,True
2744,0.8888888888888888,0.6666666666666666,-0.0465274652146017,-0.45909952190162023,-0.060019645536679725,True
2745,0.9047619047619047,0.6666666666666666,-0.057637418647728526,-0.524237151201247,-0.056645547801678006,True
2746,0.9206349206349206,0.6666666666666666,-0.06408211675001635,-0.5826778995939833,-0.05316025155014439,True
2747,0.9365079365079365,0.6666666666666666,-0.061620447412263926,-0.6065663108968012,-0.04986953902712561,True
2748,0.9523809523809523,0.6666666666666666,-0.048336425937779946,-0.5632542642650694,-0.047362779944520525,True
2749,0.9682539682539681,0.6666666666666666,-0.027720000814322257,-0.43572388198942286,-0.04620141773516635,True
2750,0.9841269841269841,0.6666666666666666,-0.008389271018091421,-0.2371010370786045,-0.046472914179614404,True
2751,1.0,0.6666666666666666,-4.633413432855528e-08,9.808758497881311e-05,-0.047612314640272206,True
2752,0.0,0.6825396825396826,1.3178158654401765e-07,-7.604575736794893e-06,-0.03410007422753509,True
2753,0.015873015873015872,0.6825396825396826,0.0024046829388608597,0.05487248057041229,-0.0337563353839705,True
2754,0.031746031746031744,0.6825396825396826,0.008668849346078464,0.10959066948759767,-0.03352196416913,True
2755,0.047619047619047616,0.6825396825396826,0.017462163339145128,0.16147798718326573,-0.033500362486407545,True
2756,0.06349206349206349,0.6825396825396826,0.02748113220476237,0.20784926932345912,-0.0337704098836956,True
2757,0.07936507936507936,0.6825396825396826,0.037655244113867045,0.2469864001993267,-0.034399226907405954,True
2758,0.09523809523809523,0.6825396825396826,0.04730548178423877,0.2783634981837049,-0.03542852382073155,True
2759,0.1111111111111111,0.6825396825396826,0.05614578892784142,0.3024465573423352,-0.0368791824954407,True
2760,0.12698412698412698,0.6825396825396826,0.06417773210769738,0.32014060180500187,-0.0387545671208473,True
2761,0.14285714285714285,0.6825396825396826,0.07153220657186242,0.3323597536255273,-0.04104791914632709,True
2762,0.15873015873015872,0.6825396825396826,0.07834716414035739,0.33982692783062446,-0.04374374359486402,True
2763,0.1746031746031746,0.6825396825396826,0.08473781647630024,0.3430749865530491,-0.04681021912189018,True
2764,0.19047619047619047,0.6825396825396826,0.09071029194830613,0.3425083348694022,-0.05021768712562294,True
2765,0.20634920634920634,0.6825396825396826,0.09625965973284925,0.3384588406696153,-0.05391686012911527,True
2766,0.2222222222222222,0.6825396825396826,0.10130732995097674,0.33118277239981636,-0.057853030215038556,True
2767,0.23809523809523808,0.6825396825396826,0.10584148360327285,0.3210512569745104,-0.06195430144400232,True
2768,0.25396825396825395,0.6825396825396826,0.10977018474204508,0.3084374882698697,-0.06615852446280598,True
2769,0.2698412698412698,0.6825396825396826,0.11312926980028026,0.2938582967170116,-0.07039426437761577,True
2770,0.2857142857142857,0.6825396825396826,0.11588581166975226,0.2777438030619411,-0.07459494248574973,True
2771,0.30158730158730157,0.6825396825396826,0.11816482211518532,0.26062934765691576,-0.07870237709856265,True
2772,0.31746031746031744,0.6825396825396826,0.1199703517964917,0.24288068306426822,-0.08266792302691812,True
2773,0.3333333333333333,0.6825396825396826,0.12139399592911272,0.22485378593769062,-0.08645512658991025,True
2774,0.3492063492063492,0.6825396825396826,0.12247394300472855,0.2067903968401228,-0.09002688662977375,True
2775,0.36507936507936506,0.6825396825396826,0.12329829198111693,0.18889512683047455,-0.09337034576182796,True
2776,0.38095238095238093,0.6825396825396826,0.12386841852283596,0.17126294182783175,-0.0964561775871634,True
2777,0.3968253968253968,0.6825396825396826,0.12420985432850173,0.15395353097870274,-0.09926762189348069,True
2778,0.4126984126984127,0.6825396825396826,0.1243819749725993,0.13701701939856975,-0.10181943402255623,True
2779,0.42857142857142855,0.6825396825396826,0.12430736338556729,0.12039187939556968,-0.10406712575673288,True
2780,0.4444444444444444,0.6825396825396826,0.12405458817768429,0.1041094912188786,-0.10603872212596577,True
2781,0.4603174603174603,0.6825396825396826,0.12354734761343339,0.08807474818641559,-0.10770501142740813,True
2782,0.47619047619047616,0.6825396825396826,0.12281398502199513,0.07230936201587199,-0.10906443243655739,True
2783,0.49206349206349204,0.6825396825396826,0.12179405708339328,0.0567005451165981,-0.11012104469980775,True
2784,0.5079365079365079,0.6825396825396826,0.1204916077490357,0.041259132015332045,-0.11086487317142793,True
2785,0.5238095238095237,0.6825396825396826,0.11886926220860589,0.02591413894424037,-0.11127257794729187,True
2786,0.5396825396825397,0.6825396825396826,0.11691342747761388,0.010632789749105559,-0.11138335764475864,True
2787,0.5555555555555556,0.6825396825396826,0.11460262477797732,-0.004624522238226369,-0.11116934143561208,True
2788,0.5714285714285714,0.6825396825396826,0.11191503683047482,-0.01989122875469441,-0.11062260092248734,True
2789,0.5873015873015872,0.6825396825396826,0.10884093286498588,-0.035214664695245985,-0.10977448090502219,True
2790,0.6031746031746031,0.6825396825396826,0.10535126289239584,-0.05058802270308478,-0.10861108320405563,True
2791,0.6190476190476191,0.6825396825396826,0.10144951830220544,-0.06610102019617478,-0.1071389041415515,True
2792,0.6349206349206349,0.6825396825396826,0.09710466738737046,-0.08171602048904206,-0.10536491703957182,True
2793,0.6507936507936507,0.6825396825396826,0.09230745517418396,-0.09746507006617625,-0.10331536683386264,True
2794,0.6666666666666666,0.6825396825396826,0.0870502026528218,-0.11335794380360688,-0.10099355430753187,True
2795,0.6825396825396826,0.6825396825396826,0.08132772499611887,-0.1293863904327103,-0.09842204082875329,True
2796,0.6984126984126984,0.6825396825396826,0.07513277609498276,-0.14553035875039436,-0.0956309425976496,True
2797,0.7142857142857142,0.6825396825396826,0.06847278780810453,-0.161765960230658,-0.09265006467121627,True
2798,0.7301587301587301,0.6825396825396826,0.061328613907522506,-0.17804720495649476,-0.08951051893649657,True
2799,0.746031746031746,0.6825396825396826,0.05374167288608433,-0.19438857809119062,-0.08625873866023985,True
2800,0.7619047619047619,0.6825396825396826,0.0457245265344855,-0.21083159576144708,-0.08293850378243406,True
2801,0.7777777777777777,0.6825396825396826,0.03728329803157527,-0.2275424325504621,-0.07959929329151821,True
2802,0.7936507936507936,0.6825396825396826,0.028414885091601498,-0.2448990003979693,-0.07627982016065521,True
2803,0.8095238095238095,0.6825396825396826,0.019118100941421703,-0.2636583524622358,-0.07302703433636906,True
2804,0.8253968253968254,0.6825396825396826,0.00925720729073462,-0.28506837609540514,-0.06985463251737017,True
2805,0.8412698412698412,0.6825396825396826,-0.0012747685537104463,-0.3111714355985246,-0.06677244355092879,True
2806,0.8571428571428571,0.6825396825396826,-0.012717843034180379,-0.3447526045591179,-0.06375691534096474,True
2807,0.873015873015873,0.6825396825396826,-0.025206365948825082,-0.38909789170492454,-0.06075287471489633,True
2808,0.8888888888888888,0.6825396825396826,-0.03838936186508458,-0.4463284328510721,-0.05768999724802056,True
2809,0.9047619047619047,0.6825396825396826,-0.05080340660100018,-0.513932614610169,-0.05450953175634506,True
2810,0.9206349206349206,0.6825396825396826,-0.05916965482354172,-0.5788140228880648,-0.05123764711126601,True
2811,0.9365079365079365,0.6825396825396826,-0.05908730732494065,-0.613352089654903,-0.04813679001730387,True
2812,0.9523809523809523,0.6825396825396826,-0.04773293329351205,-0.5807098257392561,-0.0457226010064751,True
2813,0.9682539682539681,0.6825396825396826,-0.027956506884629383,-0.4572873643759309,-0.04456942471054156,True
2814,0.9841269841269841,0.6825396825396826,-0.008573225580330123,-0.2525643205563442,-0.04483238251989825,True
2815,1.0,0.6825396825396826,1.7991246207922802e-09,1.793326778254246e-05,-0.045991630085212586,True
2816,0.0,0.6984126984126984,-1.610911522907065e-07,-1.7630298358175773e-05,-0.03392203260086122,True
2817,0.015873015873015872,0.6984126984126984,0.002333022249813294,0.05034142784356101,-0.03358558987558903,True
2818,0.031746031746031744,0.6984126984126984,0.008531887157759403,0.10184359312586364,-0.03333505682151889,True
2819,0.047619047619047616,0.6984126984126984,0.01743798653984728,0.15171258389207049,-0.0332633391569954,True
2820,0.06349206349206349,0.6984126984126984,0.027851279220517593,0.19730395023975097,-0.0334447152849897,True
2821,0.07936507936507936,0.6984126984126984,0.03871942913080573,0.23655575404318605,-0.03394124887655732,True
2822,0.09523809523809523,0.6984126984126984,0.04926564812589798,0.2685606297883064,-0.03480642185494471,True
2823,0.1111111111111111,0.6984126984126984,0.05915402135287147,0.29348078101473046,-0.036059958639227986,True
2824,0.12698412698412698,0.6984126984126984,0.06826806458028435,0.31191335163212,-0.03771538527908813,True
2825,0.14285714285714285,0.6984126984126984,0.07666111551744034,0.32475609311279313,-0.039785837188402784,True
2826,0.15873015873015872,0.6984126984126984,0.08452785459051311,0.33275185678110797,-0.04224248179504719,True
2827,0.1746031746031746,0.6984126984126984,0.09187881931168768,0.3364055093580737,-0.045082514735651724,True
2828,0.19047619047619047,0.6984126984126984,0.09877771142746566,0.3362529918705335,-0.04827979427432782,True
2829,0.20634920634920634,0.6984126984126984,0.10526048467120108,0.33265557715901317,-0.05178106026348831,True
2830,0.2222222222222222,0.6984126984126984,0.11127858839010513,0.32593142612208675,-0.05553868038322355,True
2831,0.23809523809523808,0.6984126984126984,0.11667562311074287,0.3163267756794128,-0.05950447747243313,True
2832,0.25396825396825395,0.6984126984126984,0.1215325530077992,0.3043694363150617,-0.06360287205204557,True
2833,0.2698412698412698,0.6984126984126984,0.1257273866692607,0.2903675774036617,-0.06776644621006378,True
2834,0.2857142857142857,0.6984126984126984,0.12933442351325747,0.27486906807080524,-0.07193282560100489,True
2835,0.30158730158730157,0.6984126984126984,0.13234990136525693,0.2582641924223937,-0.07603609815552952,True
2836,0.31746031746031744,0.6984126984126984,0.1348228204627612,0.24096334453117543,-0.08002344642466273,True
2837,0.3333333333333333,0.6984126984126984,0.1368453458603942,0.2233198293069294,-0.08385127622990843,True
2838,0.3492063492063492,0.6984126984126984,0.13849485687698315,0.20560514345507197,-0.08748186057010847,True
2839,0.36507936507936506,0.6984126984126984,0.13978866650062066,0.18799194457580976,-0.09088389411909756,True
2840,0.38095238095238093,0.6984126984126984,0.14077674887594085,0.17060975315225288,-0.09405146633932861,True
2841,0.3968253968253968,0.6984126984126984,0.14149660351822474,0.15354078014267825,-0.09694561824048721,True
2842,0.4126984126984127,0.6984126984126984,0.1419718142669735,0.13681943400970684,-0.09956539588260699,True
2843,0.42857142857142855,0.6984126984126984,0.14218729146861067,0.1204351169946916,-0.10189539170970523,True
2844,0.4444444444444444,0.6984126984126984,0.14214893969176928,0.1043718569838854,-0.10392549076950544,True
2845,0.4603174603174603,0.6984126984126984,0.14185864921613728,0.08861593421954937,-0.10565182910408658,True
2846,0.47619047619047616,0.6984126984126984,0.14127686557895433,0.07310224732907235,-0.10706801920571897,True
2847,0.49206349206349204,0.6984126984126984,0.1403954066311983,0.057799755503316154,-0.10816730733588709,True
2848,0.5079365079365079,0.6984126984126984,0.13919308780598705,0.0426850309301962,-0.10893138947169252,True
2849,0.5238095238095237,0.6984126984126984,0.13764098777967956,0.02767129481201272,-0.10938707449610302,True
2850,0.5396825396825397,0.6984126984126984,0.1357202982266086,0.01275279084992177,-0.10949840164847888,True
2851,0.5555555555555556,0.6984126984126984,0.13341079816662252,-0.0021279502828353883,-0.109280437038104,True
2852,0.5714285714285714,0.6984126984126984,0.1306939500986745,-0.0169911536472891,-0.10874909302527873,True
2853,0.5873015873015872,0.6984126984126984,0.12754337425297102,-0.031886061198542426,-0.10787292753168827,True
2854,0.6031746031746031,0.6984126984126984,0.12394422416788621,-0.04684355952137139,-0.1066757579374564,True
2855,0.6190476190476191,0.6984126984126984,0.11987289040484901,-0.06187270113285882,-0.10516711878498138,True
2856,0.6349206349206349,0.6984126984126984,0.1153220402188641,-0.07703026700245685,-0.1033473587780288,True
2857,0.6507936507936507,0.6984126984126984,0.11025893813914467,-0.09229346857597415,-0.10123023900545912,True
2858,0.6666666666666666,0.6984126984126984,0.10468543475443048,-0.10769969368765982,-0.09884092309893158,True
2859,0.6825396825396826,0.6984126984126984,0.09856971752912544,-0.1232149665591443,-0.09619026133361001,True
2860,0.6984126984126984,0.6984126984126984,0.09192785707321822,-0.13886113069123196,-0.09331960271503813,True
2861,0.7142857142857142,0.6984126984126984,0.08472430006438607,-0.15457266320643992,-0.09024049780123052,True
2862,0.7301587301587301,0.6984126984126984,0.07699927171341654,-0.17036971430354308,-0.08700986790174241,True
2863,0.746031746031746,0.6984126984126984,0.06873394724618469,-0.18623253050838384,-0.08366504891879444,True
2864,0.7619047619047619,0.6984126984126984,0.059948802749323835,-0.2022037235871858,-0.08024851494541131,True
2865,0.7777777777777777,0.6984126984126984,0.050699519915401184,-0.2184685731084902,-0.07681737465509465,True
2866,0.7936507936507936,0.6984126984126984,0.04100968123306122,-0.2354014284289274,-0.07342250275929413,True
2867,0.8095238095238095,0.6984126984126984,0.030810831617005114,-0.2536680397181261,-0.07009511154277331,True
2868,0.8253968253968254,0.6984126984126984,0.020125844268381918,-0.2745118117469049,-0.06687273698512633,True
2869,0.8412698412698412,0.6984126984126984,0.008805417227046095,-0.2998314348482598,-0.06376237329728224,True
2870,0.8571428571428571,0.6984126984126984,-0.003332525965261009,-0.3324617307712281,-0.060746267650144674,True
2871,0.873015873015873,0.6984126984126984,-0.016462378339084656,-0.3757399939778688,-0.05778894434485964,True
2872,0.8888888888888888,0.6984126984126984,-0.030425023141341333,-0.43264139515028416,-0.05481203460403471,True
2873,0.9047619047619047,0.6984126984126984,-0.0440321831745493,-0.5019594275958877,-0.05177093917901144,True
2874,0.9206349206349206,0.6984126984126984,-0.0543367201255955,-0.5728266229393197,-0.048683129890063334,True
2875,0.9365079365079365,0.6984126984126984,-0.05663432383524354,-0.6179382208296997,-0.045744471561457126,True
2876,0.9523809523809523,0.6984126984126984,-0.047232019641024824,-0.596367218734383,-0.04341603200232999,True
2877,0.9682539682539681,0.6984126984126984,-0.028337407532929532,-0.4786725354936815,-0.042288984724628234,True
2878,0.9841269841269841,0.6984126984126984,-0.008823531026144107,-0.26820609509991145,-0.0425441637380608,True
2879,1.0,0.6984126984126984,-1.0434446383014571e-07,-0.00015052055691499764,-0.04373641864748658,True
2880,0.0,0.7142857142857142,1.3668819644518806e-07,3.2814093883145745e-05,-0.03365342887350989,True
2881,0.015873015873015872,0.7142857142857142,0.00223174929932452,0.04606108877895544,-0.03332801462476385,True
2882,0.031746031746031744,0.7142857142857142,0.008248866406579736,0.09409273207776604,-0.033067089907923466,True
2883,0.047619047619047616,0.7142857142857142,0.017107183965477633,0.1418459222643191,-0.03295247431301781,True
2884,0.06349206349206349,0.7142857142857142,0.027725663596468025,0.18631944690066066,-0.03304186117580776,True
2885,0.07936507936507936,0.7142857142857142,0.03908312461714788,0.22540071138215484,-0.03340261539339129,True
2886,0.09523809523809523,0.7142857142857142,0.050423182756942755,0.25788041869657374,-0.03407809734316883,True
2887,0.1111111111111111,0.7142857142857142,0.06122501327732472,0.2835120553603123,-0.03512065114782688,True
2888,0.12698412698412698,0.7142857142857142,0.07133997726897898,0.3026841324134958,-0.03653998135655707,True
2889,0.14285714285714285,0.7142857142857142,0.08080629787547518,0.3161466031846504,-0.0383414653442184,True
2890,0.15873015873015872,0.7142857142857142,0.08964359009677045,0.3246321947683874,-0.04054938232726996,True
2891,0.1746031746031746,0.7142857142857142,0.09802471663374006,0.32880035695695753,-0.04313230509922621,True
2892,0.19047619047619047,0.7142857142857142,0.1059335483204615,0.32906532109549064,-0.04607884996597144,True
2893,0.20634920634920634,0.7142857142857142,0.1134044036127045,0.32595667370317294,-0.049361884639423204,True
2894,0.2222222222222222,0.7142857142857142,0.12036275646237578,0.31969271903323604,-0.05293115501808631,True
2895,0.23809523809523808,0.7142857142857142,0.1267664951130053,0.3107328941340448,-0.05674276507552212,True
2896,0.25396825396825395,0.7142857142857142,0.1325891915992031,0.2993855110803246,-0.06071958994722975,True
2897,0.2698412698412698,0.7142857142857142,0.1376852808152913,0.2859944212599003,-0.06480700940447423,True
2898,0.2857142857142857,0.7142857142857142,0.14217266946062004,0.27109076910940233,-0.06892532202788232,True
2899,0.30158730158730157,0.7142857142857142,0.14605515841407227,0.2550898776945845,-0.07302071205381509,True
2900,0.31746031746031744,0.7142857142857142,0.1493595834495151,0.23834666253683273,-0.07703332096801047,True
2901,0.3333333333333333,0.7142857142857142,0.1521071896813308,0.2211693171695603,-0.08090492077457828,True
2902,0.3492063492063492,0.7142857142857142,0.15439216793270152,0.2038547270439631,-0.08459872062535131,True
2903,0.36507936507936506,0.7142857142857142,0.1562448987591249,0.1865881385853196,-0.08808410718375859,True
2904,0.38095238095238093,0.7142857142857142,0.15771771256205555,0.1695112120381072,-0.09131963491251507,True
2905,0.3968253968253968,0.7142857142857142,0.15891033123127088,0.1527525266564885,-0.09431026164487612,True
2906,0.4126984126984127,0.7142857142857142,0.1597402368103555,0.13628956037578766,-0.09700998987021914,True
2907,0.42857142857142855,0.7142857142857142,0.16030165394317816,0.12019035059108378,-0.09943266950384406,True
2908,0.4444444444444444,0.7142857142857142,0.16053778121653176,0.10440362542747424,-0.10153498734354743,True
2909,0.4603174603174603,0.7142857142857142,0.16047972869404514,0.08893775424222032,-0.10333205179860673,True
2910,0.47619047619047616,0.7142857142857142,0.16009891975542687,0.07373766062731016,-0.10481449398348033,True
2911,0.49206349206349204,0.7142857142857142,0.15937458675841365,0.058765705896230126,-0.10595874455913058,True
2912,0.5079365079365079,0.7142857142857142,0.15829577009078144,0.043996705883551084,-0.1067819894271351,True
2913,0.5238095238095237,0.7142857142857142,0.15682633825013403,0.029358214203639023,-0.10725283657629982,True
2914,0.5396825396825397,0.7142857142857142,0.1549573880165401,0.014847253628877295,-0.10739306147668805,True
2915,0.5555555555555556,0.7142857142857142,0.15265851627937796,0.0003908452069551569,-0.10718836767879422,True
2916,0.5714285714285714,0.7142857142857142,0.14991066632655894,-0.01405432364905107,-0.10663424354114644,True
2917,0.5873015873015872,0.7142857142857142,0.14668324271465236,-0.02845063223883272,-0.1057446599428774,True
2918,0.6031746031746031,0.7142857142857142,0.1429740451981044,-0.04294386470322338,-0.10452844568288057,True
2919,0.6190476190476191,0.7142857142857142,0.1387407777604669,-0.057477863636109794,-0.10297663409524735,True
2920,0.6349206349206349,0.7142857142857142,0.1339689156527744,-0.07210648153529403,-0.10110470910608856,True
2921,0.6507936507936507,0.7142857142857142,0.1286351776564162,-0.08683642425043048,-0.09892622651930554,True
2922,0.6666666666666666,0.7142857142857142,0.12271806374030851,-0.10166882788206899,-0.0964619769150164,True
2923,0.6825396825396826,0.7142857142857142,0.11621097233823957,-0.11662926525953182,-0.0937309352566448,True
2924,0.6984126984126984,0.7142857142857142,0.10908148272191605,-0.13167420383205242,-0.09076241514717726,True
2925,0.7142857142857142,0.7142857142857142,0.1013447694046971,-0.14682383619713918,-0.08758862293314007,True
2926,0.7301587301587301,0.7142857142857142,0.09298803531686914,-0.162037679923893,-0.08425220512051411,True
2927,0.746031746031746,0.7142857142857142,0.08400453059973022,-0.1773315079778895,-0.08079891461528128,True
2928,0.7619047619047619,0.7142857142857142,0.07446783153621048,-0.19278629338481518,-0.07727676535029976,True
2929,0.7777777777777777,0.7142857142857142,0.06437921418918584,-0.20855988386917498,-0.07374322332925465,True
2930,0.7936507936507936,0.7142857142857142,0.05374384417054145,-0.2249843242365662,-0.07023950701211495,True
2931,0.8095238095238095,0.7142857142857142,0.042671219536869365,-0.24278858598625414,-0.06682588002838767,True
2932,0.8253968253968254,0.7142857142857142,0.03108916801602731,-0.2631016879715037,-0.06352477120643688,True
2933,0.8412698412698412,0.7142857142857142,0.01890899139699606,-0.28776183686076195,-0.06034967559801833,True
2934,0.8571428571428571,0.7142857142857142,0.0060213197836703975,-0.31948326145633493,-0.05729931648482454,True
2935,0.873015873015873,0.7142857142857142,-0.007795656998267649,-0.3617611593908717,-0.05433645823946902,True
2936,0.8888888888888888,0.7142857142857142,-0.022535571517146233,-0.41804884984729346,-0.051398346907968344,True
2937,0.9047619047619047,0.7142857142857142,-0.03729125846701043,-0.48849346764263446,-0.04843749258856406,True
2938,0.9206349206349206,0.7142857142857142,-0.049462191839184856,-0.5644957588145714,-0.045477085133465385,True
2939,0.9365079365079365,0.7142857142857142,-0.05416191170713326,-0.6198256630285213,-0.04265897413737334,True
2940,0.9523809523809523,0.7142857142857142,-0.046927833253757656,-0.6108655177359968,-0.04041514781755628,True
2941,0.9682539682539681,0.7142857142857142,-0.02889423228326624,-0.49961842739033147,-0.03929905967898289,True
2942,0.9841269841269841,0.7142857142857142,-0.009153765357047212,-0.2844557916343098,-0.03955751625960373,True
2943,1.0,0.7142857142857142,3.958835862601762e-07,0.0001742309299209022,-0.04079296597513144,True
2944,0.0,0.7301587301587301,-8.72394561447162e-08,-2.6643106465022937e-05,-0.033310416343293285,True
2945,0.015873015873015872,0.7301587301587301,0.0020856549555993255,0.041813797201624224,-0.033002995770835306,True
2946,0.031746031746031744,0.7301587301587301,0.007838994556931033,0.08667501396174247,-0.03273856039550442,True
2947,0.047619047619047616,0.7301587301587301,0.016465997806070446,0.13190955563495496,-0.03258164557220277,True
2948,0.06349206349206349,0.7301587301587301,0.027076892244664273,0.1750808632450457,-0.032587373961838785,True
2949,0.07936507936507936,0.7301587301587301,0.03872532457735289,0.21372631193885086,-0.032804449137239976,True
2950,0.09523809523809523,0.7301587301587301,0.05060735719946348,0.24638665639708515,-0.03329383080085272,True
2951,0.1111111111111111,0.7301587301587301,0.06221908124160822,0.27255613874665774,-0.034092198195978175,True
2952,0.12698412698412698,0.7301587301587301,0.07329174794887905,0.2924319675386777,-0.03524080451000992,True
2953,0.14285714285714285,0.7301587301587301,0.08372561535274907,0.30647748666899416,-0.03676434905216595,True
2954,0.15873015873015872,0.7301587301587301,0.09362993755420619,0.3155218002276555,-0.03867102698248246,True
2955,0.1746031746031746,0.7301587301587301,0.10303146943101382,0.3201540613599335,-0.04097160076752788,True
2956,0.19047619047619047,0.7301587301587301,0.11196038722789117,0.32087979721514276,-0.04365407306034293,True
2957,0.20634920634920634,0.7301587301587301,0.12044890784982021,0.31820238025058856,-0.04669329165344061,True
2958,0.2222222222222222,0.7301587301587301,0.12847481816339287,0.3125037988925631,-0.05004909514523703,True
2959,0.23809523809523808,0.7301587301587301,0.13589970536240248,0.3040943508985142,-0.053688146728971764,True
2960,0.25396825396825395,0.7301587301587301,0.1427628679152082,0.2933761239791581,-0.05753198878820313,True
2961,0.2698412698412698,0.7301587301587301,0.14897687198832468,0.2807258537164932,-0.061524597056395784,True
2962,0.2857142857142857,0.7301587301587301,0.15445121154899688,0.2664715144148721,-0.06559608800825496,True
2963,0.30158730158730157,0.7301587301587301,0.15928756256245125,0.25108627548080126,-0.06967460312266913,True
2964,0.31746031746031744,0.7301587301587301,0.16344559146415055,0.2349081075149845,-0.07370602327226315,True
2965,0.3333333333333333,0.7301587301587301,0.16702795803741072,0.21827647393305477,-0.07762822130035994,True
2966,0.3492063492063492,0.7301587301587301,0.17006176798487416,0.2014409151398309,-0.081392449911434,True
2967,0.36507936507936506,0.7301587301587301,0.17261161757244603,0.1846182719243805,-0.08496090057789182,True
2968,0.38095238095238093,0.7301587301587301,0.17468801809578657,0.16793130665869213,-0.08829548960382363,True
2969,0.3968253968253968,0.7301587301587301,0.17637084208033996,0.15150831708504806,-0.09137813102707507,True
2970,0.4126984126984127,0.7301587301587301,0.17766848062544746,0.13539201904849274,-0.0941799282149516,True
2971,0.42857142857142855,0.7301587301587301,0.17860778505925876,0.11960955755947111,-0.09669110798474981,True
2972,0.4444444444444444,0.7301587301587301,0.17918771537940892,0.10416404403583979,-0.09888817475877859,True
2973,0.4603174603174603,0.7301587301587301,0.1794166377586993,0.08904862192648359,-0.10076542125259202,True
2974,0.47619047619047616,0.7301587301587301,0.17925016425982482,0.07417572986995387,-0.10231257005214983,True
2975,0.49206349206349204,0.7301587301587301,0.17872686057593573,0.05959249581488223,-0.1035302157352168,True
2976,0.5079365079365079,0.7301587301587301,0.17778668113091473,0.04520387123642271,-0.1043951992791414,True
2977,0.5238095238095237,0.7301587301587301,0.17642328112246977,0.031001276597268746,-0.10490666578379233,True
2978,0.5396825396825397,0.7301587301587301,0.17461555521191152,0.01689744488834118,-0.10507480483723196,True
2979,0.5555555555555556,0.7301587301587301,0.17233650926543675,0.0029235647712148372,-0.10487983706797954,True
2980,0.5714285714285714,0.7301587301587301,0.16956054418180908,-0.011029090675371458,-0.10432651773674986,True
2981,0.5873015873015872,0.7301587301587301,0.1662742549146176,-0.024950420197391653,-0.10343329676508477,True
2982,0.6031746031746031,0.7301587301587301,0.1624412816369926,-0.038901581850186155,-0.10218316978254796,True
2983,0.6190476190476191,0.7301587301587301,0.15803286927851404,-0.05287243503973324,-0.10058615243193623,True
2984,0.6349206349206349,0.7301587301587301,0.15303045332362056,-0.06691124783860697,-0.09865985811270488,True
2985,0.6507936507936507,0.7301587301587301,0.14742369378658507,-0.08105712628204381,-0.09642546666697621,True
2986,0.6666666666666666,0.7301587301587301,0.14116905076893177,-0.09528811147211762,-0.09388570289016628,True
2987,0.6825396825396826,0.7301587301587301,0.1342293066247589,-0.10958438015161308,-0.09106367286230342,True
2988,0.6984126984126984,0.7301587301587301,0.12659943102769816,-0.12395998226997779,-0.08799481288341583,True
2989,0.7142857142857142,0.7301587301587301,0.11830066390225549,-0.13845584321070384,-0.08472087421338946,True
2990,0.7301587301587301,0.7301587301587301,0.10930433239800928,-0.15302958053969212,-0.08127394312703629,True
2991,0.746031746031746,0.7301587301587301,0.09961548941849474,-0.16769584139862875,-0.07770022986360416,True
2992,0.7619047619047619,0.7301587301587301,0.08924841180266582,-0.18253150315802533,-0.07405645746117263,True
2993,0.7777777777777777,0.7301587301587301,0.07831782338560041,-0.19775724431768857,-0.07040131697138075,True
2994,0.7936507936507936,0.7301587301587301,0.06678342329190023,-0.21367408726260156,-0.06678075293640723,True
2995,0.8095238095238095,0.7301587301587301,0.0547363030615244,-0.23097781203850917,-0.06324637069214586,True
2996,0.8253968253968254,0.7301587301587301,0.04220666417223337,-0.25076172875944636,-0.05983827786373751,True
2997,0.8412698412698412,0.7301587301587301,0.029179019637300126,-0.2748180040014676,-0.05657383238384289,True
2998,0.8571428571428571,0.7301587301587301,0.015459940412951881,-0.30579453125629225,-0.05343727266174899,True
2999,0.873015873015873,0.7301587301587301,0.0008924324616909887,-0.3471404909236658,-0.05041377908482803,True
3000,0.8888888888888888,0.7301587301587301,-0.01462712462865615,-0.40252761208365423,-0.047458046704868195,True
3001,0.9047619047619047,0.7301587301587301,-0.030542999123848814,-0.47366963632888986,-0.04451617862001599,True
3002,0.9206349206349206,0.7301587301587301,-0.04445516504603905,-0.5538676133601497,-0.041602539747198464,True
3003,0.9365079365079365,0.7301587301587301,-0.0516619326027651,-0.6192150057151633,-0.03885713885200657,True
3004,0.9523809523809523,0.7301587301587301,-0.04673692281065894,-0.6236803022822147,-0.03665911920187181,True
3005,0.9682539682539681,0.7301587301587301,-0.0296708713437995,-0.5207130767920652,-0.03554731417706277,True
3006,0.9841269841269841,0.7301587301587301,-0.009548798430895539,-0.30127277475675457,-0.0358170135457658,True
3007,1.0,0.7301587301587301,-5.017145744638113e-07,-0.00011889955981129605,-0.037096733931412995,True
3008,0.0,0.746031746031746,1.0577857548367035e-08,3.949454162230128e-06,-0.032911298231868516,True
3009,0.015873015873015872,0.746031746031746,0.001919551644200477,0.03799246715865379,-0.03262618113714675,True
3010,0.031746031746031744,0.746031746031746,0.007286923273064603,0.07950229375239766,-0.03236433461823416,True
3011,0.047619047619047616,0.746031746031746,0.01553272718985511,0.12231085409554726,-0.032175096130889466,True
3012,0.06349206349206349,0.746031746031746,0.025909570144983907,0.16381132648418967,-0.032094253476788515,True
3013,0.07936507936507936,0.746031746031746,0.03760118842307682,0.20169621776092514,-0.03216836539782435,True
3014,0.09523809523809523,0.746031746031746,0.049848130765143696,0.23429554357829357,-0.03244981163680839,True
3015,0.1111111111111111,0.746031746031746,0.06208541141414223,0.26081698924015734,-0.032992423985175205,True
3016,0.12698412698412698,0.746031746031746,0.07397241180951514,0.28118736036539477,-0.03384646779320887,True
3017,0.14285714285714285,0.746031746031746,0.08538058059286778,0.29582903284488593,-0.03505075828393502,True
3018,0.15873015873015872,0.746031746031746,0.09629528343497004,0.30538705012347617,-0.03663970523194203,True
3019,0.1746031746031746,0.746031746031746,0.10673572736839662,0.310443982084784,-0.03862611271277722,True
3020,0.19047619047619047,0.746031746031746,0.1167344694139469,0.311617008266103,-0.04101429807241005,True
3021,0.20634920634920634,0.746031746031746,0.1263243026187501,0.30939202783299535,-0.04378081226197733,True
3022,0.2222222222222222,0.746031746031746,0.13543037180929976,0.304189186999066,-0.04690902734591002,True
3023,0.23809523809523808,0.746031746031746,0.14400154289113576,0.29636959056774453,-0.050351564127614684,True
3024,0.25396825396825395,0.746031746031746,0.15197880961220825,0.2862882518629314,-0.0540500726951634,True
3025,0.2698412698412698,0.746031746031746,0.15928863691075026,0.274299651863579,-0.05794083016416251,True
3026,0.2857142857142857,0.746031746031746,0.16591910606160204,0.26078429038157885,-0.06195202457867956,True
3027,0.30158730158730157,0.746031746031746,0.1717856031662315,0.24607980028632973,-0.06601836478288328,True
3028,0.31746031746031744,0.746031746031746,0.1769737409393079,0.23056610546941092,-0.07006689878086275,True
3029,0.3333333333333333,0.746031746031746,0.18148570310783074,0.21453402228923749,-0.07403511811961942,True
3030,0.3492063492063492,0.746031746031746,0.18537381283471732,0.19825314282557513,-0.07786902355929771,True
3031,0.36507936507936506,0.746031746031746,0.18870379796992792,0.18194009045966564,-0.08153081196426436,True
3032,0.38095238095238093,0.746031746031746,0.19148652075993453,0.16572401932100755,-0.08496985726256134,True
3033,0.3968253968253968,0.746031746031746,0.19380483820224806,0.1497494963796938,-0.08815846367929114,True
3034,0.4126984126984127,0.746031746031746,0.19560750994932286,0.1340115163556861,-0.09106550047528672,True
3035,0.42857142857142855,0.746031746031746,0.1970414658881024,0.11864975970308275,-0.09368691660855337,True
3036,0.4444444444444444,0.746031746031746,0.19800913515424629,0.10358937001791937,-0.09598099139345785,True
3037,0.4603174603174603,0.746031746031746,0.19856435363569688,0.08884140670048274,-0.09795869520634447,True
3038,0.47619047619047616,0.746031746031746,0.19869763429269688,0.07439821446872373,-0.09959495833184932,True
3039,0.49206349206349204,0.746031746031746,0.19838089209014653,0.06022549718958471,-0.10086623027112067,True
3040,0.5079365079365079,0.746031746031746,0.1976232108457337,0.04627328161377023,-0.10179988011035092,True
3041,0.5238095238095237,0.746031746031746,0.19639223584702997,0.03252723994446462,-0.1023669054279469,True
3042,0.5396825396825397,0.746031746031746,0.19465211719842057,0.018901198504949167,-0.10255079446413207,True
3043,0.5555555555555556,0.746031746031746,0.19241425195045853,0.005439007697779323,-0.10238840597656229,True
3044,0.5714285714285714,0.746031746031746,0.18963014618535431,-0.00800480444517322,-0.1018497318789321,True
3045,0.5873015873015872,0.746031746031746,0.1862666160772477,-0.021348257785445073,-0.10093320499522432,True
3046,0.6031746031746031,0.746031746031746,0.1823193643487167,-0.034719806905834184,-0.0996645739773773,True
3047,0.6190476190476191,0.746031746031746,0.17774368092633946,-0.04808114475673715,-0.0980380573774057,True
3048,0.6349206349206349,0.746031746031746,0.1725139866183186,-0.06150025640422995,-0.09606008415008924,True
3049,0.6507936507936507,0.746031746031746,0.1666029116122282,-0.0749620471709368,-0.09375514847353,True
3050,0.6666666666666666,0.746031746031746,0.15997469110545798,-0.08847932716405515,-0.0911349751789289,True
3051,0.6825396825396826,0.746031746031746,0.1526185437708618,-0.10208017987878996,-0.08822981842442254,True
3052,0.6984126984126984,0.746031746031746,0.14449583132574026,-0.11574448552794693,-0.08506106143394988,True
3053,0.7142857142857142,0.746031746031746,0.1356250072199457,-0.12950853371562568,-0.08167743796089771,True
3054,0.7301587301587301,0.746031746031746,0.12594791317885973,-0.1433194788206494,-0.07810691476414808,True
3055,0.746031746031746,0.746031746031746,0.11552747680549613,-0.1572803735518579,-0.07440874214204693,True
3056,0.7619047619047619,0.746031746031746,0.10437255567507872,-0.17145498126381065,-0.0706335194886394,True
3057,0.7777777777777777,0.746031746031746,0.0925568130396714,-0.18605386498609353,-0.06684066635289661,True
3058,0.7936507936507936,0.746031746031746,0.08011293364638213,-0.2014215524468441,-0.06307955075102195,True
3059,0.8095238095238095,0.746031746031746,0.06711562807116363,-0.21821702519973002,-0.05940417297294135,True
3060,0.8253968253968254,0.746031746031746,0.05364384815195936,-0.23753258553629178,-0.0558555109825273,True
3061,0.8412698412698412,0.746031746031746,0.039659192488365705,-0.26103714979540904,-0.05244795610812603,True
3062,0.8571428571428571,0.746031746031746,0.025111175622087565,-0.29126779016975085,-0.04918931762683216,True
3063,0.873015873015873,0.746031746031746,0.009768073360063266,-0.3316618325083543,-0.04605211768328405,True
3064,0.8888888888888888,0.746031746031746,-0.006550091956727975,-0.3861689340068068,-0.04299945481525637,True
3065,0.9047619047619047,0.746031746031746,-0.023530856601941545,-0.4573668300922996,-0.03999623924659213,True
3066,0.9206349206349206,0.746031746031746,-0.039256383502661356,-0.5411554678235301,-0.037048836006066226,True
3067,0.9365079365079365,0.746031746031746,-0.04904510083146293,-0.6160679808825689,-0.034297672981202794,True
3068,0.9523809523809523,0.746031746031746,-0.046640747294878174,-0.6347071189344777,-0.03209191434054575,True
3069,0.9682539682539681,0.746031746031746,-0.030650005142524958,-0.5416972959671197,-0.03095626965059197,True
3070,0.9841269841269841,0.746031746031746,-0.010076078188816773,-0.3187424684066974,-0.031219100876197763,True
3071,1.0,0.746031746031746,1.4588086141840675e-07,1.2847035419183746e-05,-0.03256204868495648,True
3072,0.0,0.7619047619047619,5.792903097366628e-08,1.9324864267224946e-05,-0.03247198453432262,True
3073,0.015873015873015872,0.7619047619047619,0.0017204238979846563,0.03447643506203584,-0.032214476280072804,True
3074,0.031746031746031744,0.7619047619047619,0.006602701852432099,0.072835546661769,-0.031961893116624555,True
3075,0.047619047619047616,0.7619047619047619,0.01429181479182051,0.11311618045371553,-0.03174523557158418,True
3076,0.06349206349206349,0.7619047619047619,0.024205664728197754,0.15276656481275394,-0.031580651967430005,True
3077,0.07936507936507936,0.7619047619047619,0.03569752311708406,0.18960739349007424,-0.03150723663971239,True
3078,0.09523809523809523,0.7619047619047619,0.04806194604471583,0.2218209736785234,-0.03157332747852882,True
3079,0.1111111111111111,0.7619047619047619,0.06072079580414551,0.24838919635177248,-0.031836911568620146,True
3080,0.12698412698412698,0.7619047619047619,0.073300539348323,0.26911526127173896,-0.03237285546672047,True
3081,0.14285714285714285,0.7619047619047619,0.08560118560688156,0.28421297378364474,-0.03322704128740196,True
3082,0.15873015873015872,0.7619047619047619,0.0974676932804677,0.2941373991613103,-0.034471024711087865,True
3083,0.1746031746031746,0.7619047619047619,0.1090142383316296,0.2996689820896585,-0.03610701573621708,True
3084,0.19047619047619047,0.7619047619047619,0.12014209181817194,0.30124163565754847,-0.03816733574645481,True
3085,0.20634920634920634,0.7619047619047619,0.1308528035853672,0.29946728240217524,-0.040652360876046546,True
3086,0.2222222222222222,0.7619047619047619,0.1411399416970413,0.2947357239326371,-0.04352433251910692,True
3087,0.23809523809523808,0.7619047619047619,0.1508706888773278,0.28746311064963087,-0.046764934249118734,True
3088,0.25396825396825395,0.7619047619047619,0.1600730673767934,0.27803444416615014,-0.05030124120066734,True
3089,0.2698412698412698,0.7619047619047619,0.16856651167510547,0.2667103198463195,-0.05408093492176193,True
3090,0.2857142857142857,0.7619047619047619,0.1763907812729627,0.25393139970141887,-0.058027577007111454,True
3091,0.30158730158730157,0.7619047619047619,0.1834532006903563,0.2399791888721197,-0.06206992376642476,True
3092,0.31746031746031744,0.7619047619047619,0.18974045845405874,0.22516820417666278,-0.06613306087882126,True
3093,0.3333333333333333,0.7619047619047619,0.19533360925629284,0.20984291464249621,-0.0701540922260382,True
3094,0.3492063492063492,0.7619047619047619,0.20020446664058916,0.1942060498113198,-0.07406733372046734,True
3095,0.36507936507936506,0.7619047619047619,0.20438683559542703,0.1784597283388052,-0.07781681229054305,True
3096,0.38095238095238093,0.7619047619047619,0.20802216447057154,0.16283161447946362,-0.08136733981523483,True
3097,0.3968253968253968,0.7619047619047619,0.2110203183678742,0.14734077610054594,-0.08467273511653237,True
3098,0.4126984126984127,0.7619047619047619,0.2134893995174169,0.13212204947861103,-0.08770225535364333,True
3099,0.42857142857142855,0.7619047619047619,0.2154486889967917,0.11721852678082932,-0.09043146597961588,True
3100,0.4444444444444444,0.7619047619047619,0.2168906262755052,0.10260086011157882,-0.09284868764546692,True
3101,0.4603174603174603,0.7619047619047619,0.21784930045931578,0.08832525720496666,-0.09492528099286408,True
3102,0.47619047619047616,0.7619047619047619,0.21828850056641844,0.07432589832025717,-0.09664016899393521,True
3103,0.49206349206349204,0.7619047619047619,0.2182774987270746,0.060649740395141975,-0.09802178239792982,True
3104,0.5079365079365079,0.7619047619047619,0.21771409265831493,0.04717463444706656,-0.09901139046915042,True
3105,0.5238095238095237,0.7619047619047619,0.2166414175443084,0.033936541469417526,-0.09963501275641064,True
3106,0.5396825396825397,0.7619047619047619,0.21501094082789332,0.02086347753773913,-0.09987167140461928,True
3107,0.5555555555555556,0.7619047619047619,0.21281144199210134,0.007935172853599338,-0.0997241016986516,True
3108,0.5714285714285714,0.7619047619047619,0.21002376627114452,-0.004925534328313825,-0.09919905120626844,True
3109,0.5873015873015872,0.7619047619047619,0.20660631146052075,-0.017650074973650915,-0.09828971261120699,True
3110,0.6031746031746031,0.7619047619047619,0.20254401170246342,-0.030404633335897383,-0.09700038168373089,True
3111,0.6190476190476191,0.7619047619047619,0.19779195899207627,-0.0430966494238557,-0.09534011288629457,True
3112,0.6349206349206349,0.7619047619047619,0.19232939766919832,-0.0557937776098228,-0.09332347242369698,True
3113,0.6507936507936507,0.7619047619047619,0.18611805013066265,-0.06852913608044305,-0.09095597631845254,True
3114,0.6666666666666666,0.7619047619047619,0.17912590387573166,-0.08128486226334267,-0.08826297658290944,True
3115,0.6825396825396826,0.7619047619047619,0.17132752439606513,-0.09410057829673192,-0.08526540491134559,True
3116,0.6984126984126984,0.7619047619047619,0.16271891806125366,-0.10698543547481625,-0.08200421465712633,True
3117,0.7142857142857142,0.7619047619047619,0.15325841672808582,-0.11993244548350626,-0.07850356745596755,True
3118,0.7301587301587301,0.7619047619047619,0.14293580344844817,-0.13294523367134822,-0.07481053210708137,True
3119,0.746031746031746,0.7619047619047619,0.13178285554501493,-0.14611072250672408,-0.07097784423484353,True
3120,0.7619047619047619,0.7619047619047619,0.11981588965828742,-0.15952577039635638,-0.06705382248976029,True
3121,0.7777777777777777,0.7619047619047619,0.10714779736360519,-0.17345432590625534,-0.06310837131810522,True
3122,0.7936507936507936,0.7619047619047619,0.09381639839288818,-0.18823279366131854,-0.05918861993910395,True
3123,0.8095238095238095,0.7619047619047619,0.07986422669674571,-0.2045070010445897,-0.05533710064533249,True
3124,0.8253968253968254,0.7619047619047619,0.06545513174917013,-0.2233310659001368,-0.051613760653160236,True
3125,0.8412698412698412,0.7619047619047619,0.05056866162918653,-0.24635924615049412,-0.04802648450093301,True
3126,0.8571428571428571,0.7619047619047619,0.03512980934674842,-0.2759687108199524,-0.044575462552148296,True
3127,0.873015873015873,0.7619047619047619,0.01899380664078395,-0.3155000249853518,-0.041257129921383744,True
3128,0.8888888888888888,0.7619047619047619,0.0018719466301516654,-0.36891498772129,-0.03803375843750463,True
3129,0.9047619047619047,0.7619047619047619,-0.01617363376189255,-0.4397763803504872,-0.03487024651108729,True
3130,0.9206349206349206,0.7619047619047619,-0.03360136258011452,-0.5261194620067473,-0.03178679664588752,True
3131,0.9365079365079365,0.7619047619047619,-0.046124521877550555,-0.6099995166105958,-0.028923633721447697,True
3132,0.9523809523809523,0.7619047619047619,-0.04649247981117126,-0.6432449441055667,-0.026630259606103872,True
3133,0.9682539682539681,0.7619047619047619,-0.03183156561925649,-0.5621647477581785,-0.025419923719097737,True
3134,0.9841269841269841,0.7619047619047619,-0.010755666370568961,-0.3369538949935018,-0.025655512925394815,True
3135,1.0,0.7619047619047619,3.7649703965473177e-06,-1.1390122299657685e-05,-0.027098123138424347,True
3136,0.0,0.7777777777777777,-6.463612398654622e-08,-1.80807588182383e-05,-0.03200674461820844,True
3137,0.015873015873015872,0.7777777777777777,0.0014811472676815672,0.03132724995801649,-0.03178260384224533,True
3138,0.031746031746031744,0.7777777777777777,0.005794214657175472,0.06687124009189777,-0.0315461596111646,True
3139,0.047619047619047616,0.7777777777777777,0.01272655016130648,0.10456603880135323,-0.03130768295449485,True
3140,0.06349206349206349,0.7777777777777777,0.02196580485022617,0.14227804189803886,-0.031068050304800764,True
3141,0.07936507936507936,0.7777777777777777,0.03297377024095516,0.17773017864133556,-0.030842381407797725,True
3142,0.09523809523809523,0.7777777777777777,0.045178589252606524,0.20917625340542254,-0.030678144118474242,True
3143,0.1111111111111111,0.7777777777777777,0.058055241467601645,0.2355387950489928,-0.030647219394941434,True
3144,0.12698412698412698,0.7777777777777777,0.07116727650681913,0.2563304018528443,-0.030829260587656893,True
3145,0.14285714285714285,0.7777777777777777,0.08422412250310168,0.27163825963689436,-0.031312826518926244,True
3146,0.15873015873015872,0.7777777777777777,0.09710307657349937,0.2819414097293695,-0.032160302403270946,True
3147,0.1746031746031746,0.7777777777777777,0.10970572204683855,0.28776413352700697,-0.03342722447066555,True
3148,0.19047619047619047,0.7777777777777777,0.12199212057388316,0.28974109861304925,-0.03514554446011084,True
3149,0.20634920634920634,0.7777777777777777,0.1339242548680869,0.28836072619325065,-0.0373154555082553,True
3150,0.2222222222222222,0.7777777777777777,0.14540023437593486,0.2840665864524932,-0.03993188963915783,True
3151,0.23809523809523808,0.7777777777777777,0.15646770922200134,0.2773629011238141,-0.04294050255544161,True
3152,0.25396825396825395,0.7777777777777777,0.1669305303479679,0.2685441879402744,-0.04631014353992987,True
3153,0.2698412698412698,0.7777777777777777,0.17672498660111827,0.2579357698706614,-0.04997203624073762,True
3154,0.2857142857142857,0.7777777777777777,0.185788961400486,0.24586178009487364,-0.05384813990513993,True
3155,0.30158730158730157,0.7777777777777777,0.19414252997875833,0.2326977408903105,-0.05786519536487834,True
3156,0.31746031746031744,0.7777777777777777,0.20164103007405243,0.21866265188403272,-0.061945966346226615,True
3157,0.3333333333333333,0.7777777777777777,0.2083425885185827,0.2040541023468164,-0.06601276578788434,True
3158,0.3492063492063492,0.7777777777777777,0.21432929997572822,0.18915893409616158,-0.07000661391798726,True
3159,0.36507936507936506,0.7777777777777777,0.21955786980204003,0.1741234004105073,-0.07386227679786732,True
3160,0.38095238095238093,0.7777777777777777,0.22401248225706444,0.15907530166946685,-0.07751667926047966,True
3161,0.3968253968253968,0.7777777777777777,0.22788029208695781,0.14423149503793606,-0.08094942193887966,True
3162,0.4126984126984127,0.7777777777777777,0.23107448826134153,0.1295802267730846,-0.08410857375423765,True
3163,0.42857142857142855,0.7777777777777777,0.23367286653823316,0.11521877037713317,-0.08697239605576876,True
3164,0.4444444444444444,0.7777777777777777,0.2356384320975931,0.1011289433753748,-0.08949662681022208,True
3165,0.4603174603174603,0.7777777777777777,0.2371028523155017,0.0874255960916604,-0.09169671398910836,True
3166,0.47619047619047616,0.7777777777777777,0.23794494031731553,0.07394602839910977,-0.09352995425933,True
3167,0.49206349206349204,0.7777777777777777,0.23823065604615978,0.06078871191589109,-0.0949880508615725,True
3168,0.5079365079365079,0.7777777777777777,0.23792548218362866,0.04786498725453082,-0.0960629790165584,True
3169,0.5238095238095237,0.7777777777777777,0.23706020267624603,0.03521151504393373,-0.09676116439497,True
3170,0.5396825396825397,0.7777777777777777,0.23553894967896596,0.022699455174026068,-0.09703768028843844,True
3171,0.5555555555555556,0.7777777777777777,0.2334187105153118,0.0103830046643729,-0.0969354707093162,True
3172,0.5714285714285714,0.7777777777777777,0.23064864734440857,-0.0017975108945308168,-0.09643670006675795,True
3173,0.5873015873015872,0.7777777777777777,0.2271825475422353,-0.01389582179050895,-0.09553061663968206,True
3174,0.6031746031746031,0.7777777777777777,0.22299739622122872,-0.025908921707705708,-0.0942278436463335,True
3175,0.6190476190476191,0.7777777777777777,0.21808627053579605,-0.03788244379197497,-0.09254762709345284,True
3176,0.6349206349206349,0.7777777777777777,0.21240123670207545,-0.04984819001900739,-0.09049194493941749,True
3177,0.6507936507936507,0.7777777777777777,0.20587757234013715,-0.061759483650871944,-0.08806575428564,True
3178,0.6666666666666666,0.7777777777777777,0.19854187338758897,-0.07372574176370277,-0.08530776752334004,True
3179,0.6825396825396826,0.7777777777777777,0.19032027779793526,-0.08568066181674247,-0.08223120936361115,True
3180,0.6984126984126984,0.7777777777777777,0.18119432539281247,-0.09766780492467553,-0.0788660088829418,True
3181,0.7142857142857142,0.7777777777777777,0.17115225708234022,-0.10970265691278393,-0.07525203687037733,True
3182,0.7301587301587301,0.7777777777777777,0.16019135469783413,-0.12183917180579029,-0.07143213140164985,True
3183,0.746031746031746,0.7777777777777777,0.14836352422454985,-0.1341782782969031,-0.06746304310344077,True
3184,0.7619047619047619,0.7777777777777777,0.13568310845022585,-0.14683804971684414,-0.06339380609435975,True
3185,0.7777777777777777,0.7777777777777777,0.12218435841335933,-0.16001308457543023,-0.05927434993376985,True
3186,0.7936507936507936,0.7777777777777777,0.10797993733868358,-0.1741403828189181,-0.05516420796728212,True
3187,0.8095238095238095,0.7777777777777777,0.09315756512531166,-0.18986329309438482,-0.051112791012523494,True
3188,0.8253968253968254,0.7777777777777777,0.07783942218564369,-0.2082331027040743,-0.04716545337346162,True
3189,0.8412698412698412,0.7777777777777777,0.06206087935526381,-0.2307888730581861,-0.04334135912529374,True
3190,0.8571428571428571,0.7777777777777777,0.04577051892913526,-0.25977742504883006,-0.03964144970333167,True
3191,0.873015873015873,0.7777777777777777,0.02880528091106709,-0.29847009311235323,-0.03605313787233181,True
3192,0.8888888888888888,0.7777777777777777,0.01086896131948896,-0.35082226259020505,-0.032557930180936834,True
3193,0.9047619047619047,0.7777777777777777,-0.008218302689536805,-0.4208999594479269,-0.02911488740854616,True
3194,0.9206349206349206,0.7777777777777777,-0.027391874006981773,-0.5089724701101066,-0.025777830278785593,True
3195,0.9365079365079365,0.7777777777777777,-0.04256970062485748,-0.6003894136625665,-0.022675619044592952,True
3196,0.9523809523809523,0.7777777777777777,-0.046159958148816876,-0.6489773652862005,-0.02017640228077152,True
3197,0.9682539682539681,0.7777777777777777,-0.03321523679327893,-0.5823030830854488,-0.018810897858572904,True
3198,0.9841269841269841,0.7777777777777777,-0.011554539166641297,-0.3564125133355315,-0.019012394894810623,True
3199,1.0,0.7777777777777777,-2.459114508008311e-06,2.427852691075751e-05,-0.02054517152356541,True
3200,0.0,0.7936507936507936,-3.094419567828525e-08,-5.810505537490753e-06,-0.03152735048431282,True
3201,0.015873015873015872,0.7936507936507936,0.0012020578756605164,0.028675208514082846,-0.03134343897346502,True
3202,0.031746031746031744,0.7936507936507936,0.0047907905199546606,0.06158991973220315,-0.031130370866669012,True
3203,0.047619047619047616,0.7936507936507936,0.010789393786892323,0.09687511832002187,-0.0308751711807095,True
3204,0.06349206349206349,0.7936507936507936,0.01907467560267424,0.13245049585194335,-0.03055469521770811,True
3205,0.07936507936507936,0.7936507936507936,0.02933469246024471,0.16627425943955215,-0.030170790781717974,True
3206,0.09523809523809523,0.7936507936507936,0.04112654950186528,0.1966325980966656,-0.029764057158156065,True
3207,0.1111111111111111,0.7936507936507936,0.0539711571408171,0.22236883948296632,-0.02941593143137719,True
3208,0.12698412698412698,0.7936507936507936,0.0674255414758622,0.24291885102194608,-0.029230983413155675,True
3209,0.14285714285714285,0.7936507936507936,0.08117558374535899,0.2582631342633623,-0.029303527537042538,True
3210,0.15873015873015872,0.7936507936507936,0.09495139308146201,0.26868684661956527,-0.029743599448038834,True
3211,0.1746031746031746,0.7936507936507936,0.10864666183778021,0.27475633656880066,-0.030612123440763805,True
3212,0.19047619047619047,0.7936507936507936,0.12213539393441145,0.2769960892394313,-0.03196002326214722,True
3213,0.20634920634920634,0.7936507936507936,0.13531226058232618,0.2759658295726574,-0.033809290847903496,True
3214,0.2222222222222222,0.7936507936507936,0.1481417672279985,0.27215321944884685,-0.03614051244788668,True
3215,0.23809523809523808,0.7936507936507936,0.16054723107312657,0.26595825854036215,-0.0389224942086528,True
3216,0.25396825396825395,0.7936507936507936,0.17233690242383673,0.2577086262061346,-0.04212032846647637,True
3217,0.2698412698412698,0.7936507936507936,0.18350658925995622,0.24779179673392318,-0.04565734586008732,True
3218,0.2857142857142857,0.7936507936507936,0.19395208110492573,0.2364969073983361,-0.04946037142489386,True
3219,0.30158730158730157,0.7936507936507936,0.2036358765518218,0.224129450969033,-0.05345063520126333,True
3220,0.31746031746031744,0.7936507936507936,0.212425028477041,0.21089720706708842,-0.0575443012381083,True
3221,0.3333333333333333,0.7936507936507936,0.22040390895475365,0.19712450071085585,-0.061664198670948384,True
3222,0.3492063492063492,0.7936507936507936,0.22755846274078242,0.1830172808500787,-0.06573530748566107,True
3223,0.36507936507936506,0.7936507936507936,0.2338723192033143,0.16874300228931532,-0.06969110875735682,True
3224,0.38095238095238093,0.7936507936507936,0.23936729983201352,0.15444195300076144,-0.07347165476464483,True
3225,0.3968253968253968,0.7936507936507936,0.24415150726828944,0.14028519243955137,-0.07703772290846331,True
3226,0.4126984126984127,0.7936507936507936,0.24816322418822012,0.1263072621003839,-0.08033030195737813,True
3227,0.42857142857142855,0.7936507936507936,0.2514837071428705,0.11258761927315059,-0.08332713671930726,True
3228,0.4444444444444444,0.7936507936507936,0.25411819805759706,0.09914704955194152,-0.08599533646708334,True
3229,0.4603174603174603,0.7936507936507936,0.25609479012023034,0.0860241219223208,-0.08831285081691458,True
3230,0.47619047619047616,0.7936507936507936,0.25739190092679476,0.0731583322827116,-0.09025644731094866,True
3231,0.49206349206349204,0.7936507936507936,0.2580864958521461,0.0606313661421244,-0.0918318909234084,True
3232,0.5079365079365079,0.7936507936507936,0.2580894916940811,0.04832841866018516,-0.09300011648441972,True
3233,0.5238095238095237,0.7936507936507936,0.25742330290107196,0.03631073379541152,-0.09375621173199662,True
3234,0.5396825396825397,0.7936507936507936,0.2561032126601227,0.024446955435795052,-0.09411967140351432,True
3235,0.5555555555555556,0.7936507936507936,0.25407668820833573,0.01280747453636627,-0.09406075773879007,True
3236,0.5714285714285714,0.7936507936507936,0.251308607202646,0.0013200839253342711,-0.09357639901071439,True
3237,0.5873015873015872,0.7936507936507936,0.24783045908723295,-0.010056230779612306,-0.09269679789974342,True
3238,0.6031746031746031,0.7936507936507936,0.24356886683345222,-0.021314362886219032,-0.09140310064186183,True
3239,0.6190476190476191,0.7936507936507936,0.2384808782584665,-0.032496378799020786,-0.08969774325862612,True
3240,0.6349206349206349,0.7936507936507936,0.2325676642750426,-0.04362154013412514,-0.08760865019534715,True
3241,0.6507936507936507,0.7936507936507936,0.2257923254841233,-0.05470152564792787,-0.08514765492530486,True
3242,0.6666666666666666,0.7936507936507936,0.21809743134583984,-0.06574098428761387,-0.08232553410319475,True
3243,0.6825396825396826,0.7936507936507936,0.20946932854667427,-0.07678919665178119,-0.07917130912398686,True
3244,0.6984126984126984,0.7936507936507936,0.19988064419623366,-0.08784331291446021,-0.07571573702122901,True
3245,0.7142857142857142,0.7936507936507936,0.18931909627467947,-0.0989480813173512,-0.0719954367710057,True
3246,0.7301587301587301,0.7936507936507936,0.17779913096350475,-0.11015750397023466,-0.06805493735463183,True
3247,0.746031746031746,0.7936507936507936,0.16532032896460627,-0.1215705747295271,-0.06393839742652979,True
3248,0.7619047619047619,0.7936507936507936,0.15194883250523986,-0.13336011984275378,-0.059702433245501924,True
3249,0.7777777777777777,0.7936507936507936,0.1377279189513967,-0.14576061227211884,-0.05539585148960124,True
3250,0.7936507936507936,0.7936507936507936,0.12276698428587636,-0.15921461075914572,-0.0510751695966847,True
3251,0.8095238095238095,0.7936507936507936,0.10716166136367748,-0.1743730421070782,-0.04678561495588106,True
3252,0.8253968253968254,0.7936507936507936,0.0910246709088487,-0.19224574180245255,-0.04256727992052987,True
3253,0.8412698412698412,0.7936507936507936,0.07441274484386375,-0.2143287319724941,-0.038439192967065376,True
3254,0.8571428571428571,0.7936507936507936,0.05730031107802968,-0.24280889659188762,-0.03440214710034245,True
3255,0.873015873015873,0.7936507936507936,0.03952841412455413,-0.28066614606890794,-0.030454359806631297,True
3256,0.8888888888888888,0.7936507936507936,0.02075446572352312,-0.33187495257279376,-0.02656482407254706,True
3257,0.9047619047619047,0.7936507936507936,0.0006422652133079287,-0.4007239926361381,-0.022720370968416368,True
3258,0.9206349206349206,0.7936507936507936,-0.020220562023215066,-0.48950565753814895,-0.01896499620675613,True
3259,0.9365079365079365,0.7936507936507936,-0.038347598367647194,-0.5878302906962459,-0.015464199095652475,True
3260,0.9523809523809523,0.7936507936507936,-0.045617305448719184,-0.6526377020049925,-0.012613626634043086,True
3261,0.9682539682539681,0.7936507936507936,-0.034762791661543724,-0.6026457388918822,-0.010994007567844946,True
3262,0.9841269841269841,0.7936507936507936,-0.012515007027744173,-0.37721868311142115,-0.011096109260987651,True
3263,1.0,0.7936507936507936,-1.045177730123972e-09,3.649354075529806e-05,-0.012726627322991825,True
3264,0.0,0.8095238095238095,3.303574988719507e-08,7.18995123283758e-06,-0.031044233835645692,True
3265,0.015873015873015872,0.8095238095238095,0.0008673758212860759,0.02662460672566513,-0.030909750340948585,True
3266,0.031746031746031744,0.8095238095238095,0.003579150133118291,0.057326216544136104,-0.03072866358313905,True
3267,0.047619047619047616,0.8095238095238095,0.008403153153580794,0.09031076970756875,-0.030460585350648446,True
3268,0.06349206349206349,0.8095238095238095,0.015475941358997677,0.12369169501970827,-0.030059289040146486,True
3269,0.07936507936507936,0.8095238095238095,0.02468794540669801,0.15559504775347704,-0.029506198058277956,True
3270,0.09523809523809523,0.8095238095238095,0.03578663327617434,0.18446971982377516,-0.028842205787727518,True
3271,0.1111111111111111,0.8095238095238095,0.04836099048483262,0.20916947658583235,-0.02815541939359931,True
3272,0.12698412698412698,0.8095238095238095,0.06198356811258102,0.22906330018527743,-0.0275630565673081,True
3273,0.14285714285714285,0.8095238095238095,0.07624895619612365,0.24408647096301728,-0.02722518230732344,True
3274,0.15873015873015872,0.8095238095238095,0.09091067646657587,0.2544149925874606,-0.02721753688298481,True
3275,0.1746031746031746,0.8095238095238095,0.10567053492906579,0.2605666501593948,-0.027675950189007616,True
3276,0.19047619047619047,0.8095238095238095,0.12039927230677636,0.2630018160419224,-0.02863950547423414,True
3277,0.20634920634920634,0.8095238095238095,0.13492586550361998,0.2622519107937632,-0.030147172800869055,True
3278,0.2222222222222222,0.8095238095238095,0.14913697636417378,0.2588171250877095,-0.032194742187767175,True
3279,0.23809523809523808,0.8095238095238095,0.1629627807214777,0.2531155803861887,-0.0347459711806628,True
3280,0.25396825396825395,0.8095238095238095,0.17618364889883523,0.24547077322179714,-0.03776911353416327,True
3281,0.2698412698412698,0.8095238095238095,0.18879283729302446,0.23623699456275787,-0.04118362462793296,True
3282,0.2857142857142857,0.8095238095238095,0.20068720172171267,0.22572494163397266,-0.044911848582503966,True
3283,0.30158730158730157,0.8095238095238095,0.21178039589569395,0.21417874293646683,-0.04887592172386258,True
3284,0.31746031746031744,0.8095238095238095,0.22195495338028862,0.20182154762985413,-0.052985331324314835,True
3285,0.3333333333333333,0.8095238095238095,0.23129086653492398,0.1889438482245754,-0.057157556559622055,True
3286,0.3492063492063492,0.8095238095238095,0.23963274189872058,0.1756571653008887,-0.061306490494212794,True
3287,0.36507936507936506,0.8095238095238095,0.24718128768576905,0.16225896729006,-0.0653726452562919,True
3288,0.38095238095238093,0.8095238095238095,0.25382145294156866,0.1488216192794866,-0.06928219718532277,True
3289,0.3968253968253968,0.8095238095238095,0.25950747918824457,0.1353898168482076,-0.07296595972649654,True
3290,0.4126984126984127,0.8095238095238095,0.2645038290562725,0.12222381083438401,-0.07641339884411612,True
3291,0.42857142857142855,0.8095238095238095,0.2686283708951535,0.10923418507246041,-0.07955225036563722,True
3292,0.4444444444444444,0.8095238095238095,0.27198521982517054,0.09651891519170776,-0.08236234363622946,True
3293,0.4603174603174603,0.8095238095238095,0.2745765612032854,0.0840994215571708,-0.08481311678517724,True
3294,0.47619047619047616,0.8095238095238095,0.27641838021125537,0.07194821730005914,-0.08688566808218498,True
3295,0.49206349206349204,0.8095238095238095,0.2775339724045074,0.06009120058826278,-0.08856838518156725,True
3296,0.5079365079365079,0.8095238095238095,0.27790876281905147,0.0485307779744706,-0.08984139425844284,True
3297,0.5238095238095237,0.8095238095238095,0.27752212180507047,0.03714718935115704,-0.0906916169904038,True
3298,0.5396825396825397,0.8095238095238095,0.27641136508444863,0.026055467912930525,-0.09112585085492524,True
3299,0.5555555555555556,0.8095238095238095,0.274504601781992,0.015132441006583444,-0.09111977016613534,True
3300,0.5714285714285714,0.8095238095238095,0.27183025995424365,0.004411214916773185,-0.09069409125617664,True
3301,0.5873015873015872,0.8095238095238095,0.2683330412290846,-0.006175221066486366,-0.08983279589621786,True
3302,0.6031746031746031,0.8095238095238095,0.2639834770332663,-0.01662083671030571,-0.08854291238231055,True
3303,0.6190476190476191,0.8095238095238095,0.2587931302331022,-0.026941220680573197,-0.0868474908041818,True
3304,0.6349206349206349,0.8095238095238095,0.25270386363276043,-0.03717052242787674,-0.08474446465033995,True
3305,0.6507936507936507,0.8095238095238095,0.24565511932435835,-0.04731032923009256,-0.08224127270935183,True
3306,0.6666666666666666,0.8095238095238095,0.23767715605581674,-0.05742292355510737,-0.07937533804549042,True
3307,0.6825396825396826,0.8095238095238095,0.22868865843940872,-0.0674851543883906,-0.076154605217148,True
3308,0.6984126984126984,0.8095238095238095,0.2187014856777333,-0.07754117400963985,-0.07261759589697327,True
3309,0.7142857142857142,0.8095238095238095,0.2077093380240352,-0.08766893742645296,-0.06879923270478362,True
3310,0.7301587301587301,0.8095238095238095,0.19568903146990424,-0.09788826907161956,-0.06473424511011161,True
3311,0.746031746031746,0.8095238095238095,0.1827036176491553,-0.10836371736879187,-0.06047476596492216,True
3312,0.7619047619047619,0.8095238095238095,0.1687710821355666,-0.11923998707504659,-0.05606242063888032,True
3313,0.7777777777777777,0.8095238095238095,0.15397307175465116,-0.1308408718832159,-0.05155327437560444,True
3314,0.7936507936507936,0.8095238095238095,0.13840701150959298,-0.14358835259265185,-0.04699287233748353,True
3315,0.8095238095238095,0.8095238095238095,0.12216526444379876,-0.15814748771131631,-0.042422976878124276,True
3316,0.8253968253968254,0.8095238095238095,0.10534843902990332,-0.17550336847111364,-0.037875289702586655,True
3317,0.8412698412698412,0.8095238095238095,0.08801449183508346,-0.19711838503286022,-0.03336104796228782,True
3318,0.8571428571428571,0.8095238095238095,0.07014898477718459,-0.22498745504799061,-0.028902409432239786,True
3319,0.873015873015873,0.8095238095238095,0.05157581473542241,-0.2620363572244136,-0.024464476451428678,True
3320,0.8888888888888888,0.8095238095238095,0.031930283672911744,-0.31199618205526536,-0.020026825235433848,True
3321,0.9047619047619047,0.8095238095238095,0.010813276457039007,-0.37942370080087806,-0.015623228452504289,True
3322,0.9206349206349206,0.8095238095238095,-0.011757850673080626,-0.46781428669272923,-0.011256206739479739,True
3323,0.9365079365079365,0.8095238095238095,-0.03287131897451296,-0.5713958893741916,-0.007147571140320625,True
3324,0.9523809523809523,0.8095238095238095,-0.044279564379401684,-0.6516194979821652,-0.003730646072180433,True
3325,0.9682539682539681,0.8095238095238095,-0.036286048941784346,-0.6210916530969692,-0.0017136697858223292,True
3326,0.9841269841269841,0.8095238095238095,-0.013651788950064128,-0.39927811549625714,-0.001653384489508357,True
3327,1.0,0.8095238095238095,-7.639842771685265e-07,-0.0002426743344938943,-0.003406465164535585,True
3328,0.0,0.8253968253968254,-8.466402627966536e-08,-9.643417375243523e-07,-0.030566708541976566,True
3329,0.015873015873015872,0.8253968253968254,0.00043679265774343716,0.02526153684709785,-0.03049502280683427,True
3330,0.031746031746031744,0.8253968253968254,0.0020461116688767073,0.0542459812535963,-0.030355525188988586,True
3331,0.047619047619047616,0.8253968253968254,0.005399311038522979,0.08513121718764056,-0.030075769521568586,True
3332,0.06349206349206349,0.8253968253968254,0.01093581913906946,0.11622461980376686,-0.029582630399827496,True
3333,0.07936507936507936,0.8253968253968254,0.0188266407752362,0.14593944482855178,-0.028845323406345998,True
3334,0.09523809523809523,0.8253968253968254,0.028969554270171966,0.17290426084024638,-0.0279006087914877,True
3335,0.1111111111111111,0.8253968253968254,0.04105458045454759,0.19608817278485108,-0.026849610214108303,True
3336,0.12698412698412698,0.8253968253968254,0.05467843681758831,0.2149378875603194,-0.02584451660153192,True
3337,0.14285714285714285,0.8253968253968254,0.06939632799135646,0.22923640051270397,-0.025044638474478357,True
3338,0.15873015873015872,0.8253968253968254,0.08485370376136471,0.23922501937975332,-0.024594715719600663,True
3339,0.1746031746031746,0.8253968253968254,0.10069531797129794,0.24518942074613265,-0.02461985024180753,True
3340,0.19047619047619047,0.8253968253968254,0.1166824532670992,0.24768633551369354,-0.025197533956053918,True
3341,0.20634920634920634,0.8253968253968254,0.13262603110709928,0.24715282420090715,-0.026361586908116554,True
3342,0.2222222222222222,0.8253968253968254,0.1483403983069011,0.2440697552364619,-0.02811962672945507,True
3343,0.23809523809523808,0.8253968253968254,0.163571301598512,0.23880180999185613,-0.030460710715565286,True
3344,0.25396825396825395,0.8253968253968254,0.17836678860428404,0.23177475830762959,-0.03330408917780967,True
3345,0.2698412698412698,0.8253968253968254,0.19251006924196523,0.22325595391482547,-0.03659920294877632,True
3346,0.2857142857142857,0.8253968253968254,0.2058330345414293,0.21347597490365347,-0.04026639626796453,True
3347,0.30158730158730157,0.8253968253968254,0.2184151256676393,0.20280525938848998,-0.04420461331895221,True
3348,0.31746031746031744,0.8253968253968254,0.2300620990639096,0.19137309010849968,-0.048333546582197205,True
3349,0.3333333333333333,0.8253968253968254,0.24076242290957614,0.1794112010987032,-0.05255931725143719,True
3350,0.3492063492063492,0.8253968253968254,0.2504879928956881,0.16709904672803289,-0.05679741793696487,True
3351,0.36507936507936506,0.8253968253968254,0.2591897926343025,0.1545728998500509,-0.06096269114321332,True
3352,0.38095238095238093,0.8253968253968254,0.26705224323540977,0.14206932811110579,-0.06500292760695098,True
3353,0.3968253968253968,0.8253968253968254,0.2738718100730389,0.12956878544433845,-0.06883508947677332,True
3354,0.4126984126984127,0.8253968253968254,0.2797966117480731,0.1172239432549004,-0.07241943825921167,True
3355,0.42857142857142855,0.8253968253968254,0.2848202443626092,0.10508447905560729,-0.0757085851656867,True
3356,0.4444444444444444,0.8253968253968254,0.2889592391597559,0.0931798437061516,-0.07866448127031621,True
3357,0.4603174603174603,0.8253968253968254,0.2922767829228079,0.08156579983929149,-0.08126728450394734,True
3358,0.47619047619047616,0.8253968253968254,0.29466463181678076,0.07017869216446591,-0.08346039388347536,True
3359,0.49206349206349204,0.8253968253968254,0.2963096613412622,0.05913023162165548,-0.08527219257890394,True
3360,0.5079365079365079,0.8253968253968254,0.2971175976048494,0.04831421430918579,-0.0866643798719424,True
3361,0.5238095238095237,0.8253968253968254,0.29707062456508737,0.037766142195202634,-0.08761399985248296,True
3362,0.5396825396825397,0.8253968253968254,0.29617204576450273,0.027446137997909528,-0.08811767054834513,True
3363,0.5555555555555556,0.8253968253968254,0.2944683392679396,0.01738224059933361,-0.08819262902827865,True
3364,0.5714285714285714,0.8253968253968254,0.29189596606203183,0.0074245186877292466,-0.08781770996567602,True
3365,0.5873015873015872,0.8253968253968254,0.288442272096669,-0.002233101747447543,-0.08700113710622126,True
3366,0.6031746031746031,0.8253968253968254,0.28408649862295554,-0.01183334239832067,-0.0857420189360541,True
3367,0.6190476190476191,0.8253968253968254,0.2788251710750084,-0.02123713201508281,-0.08405913686132588,True
3368,0.6349206349206349,0.8253968253968254,0.27259106156430096,-0.030541793272751368,-0.08194766561614296,True
3369,0.6507936507936507,0.8253968253968254,0.26536594302372446,-0.03969425866410861,-0.0794276666960623,True
3370,0.6666666666666666,0.8253968253968254,0.25715397433785087,-0.04883113326097872,-0.07652284218634206,True
3371,0.6825396825396826,0.8253968253968254,0.2479183338811589,-0.057871971254922244,-0.07325340255840329,True
3372,0.6984126984126984,0.8253968253968254,0.2376363164479998,-0.06690447577793669,-0.06964424086946244,True
3373,0.7142857142857142,0.8253968253968254,0.2263325981083298,-0.07599395368364552,-0.06573391288149437,True
3374,0.7301587301587301,0.8253968253968254,0.21399817998065748,-0.08521546637790262,-0.06155463551099434,True
3375,0.746031746031746,0.8253968253968254,0.20066876981592613,-0.09470520386532538,-0.0571479468964521,True
3376,0.7619047619047619,0.8253968253968254,0.1863898922653931,-0.1046837035210078,-0.052557837520425636,True
3377,0.7777777777777777,0.8253968253968254,0.17123063653007975,-0.11545033042795773,-0.04782713901896663,True
3378,0.7936507936507936,0.8253968253968254,0.15526592062571895,-0.1274450220275589,-0.04299224855232377,True
3379,0.8095238095238095,0.8253968253968254,0.1385893640535109,-0.1413515790292084,-0.038088958347876525,True
3380,0.8253968253968254,0.8253968253968254,0.1212939609888921,-0.15815401258569395,-0.0331502722579998,True
3381,0.8412698412698412,0.8253968253968254,0.10339246890970186,-0.17918261982323702,-0.028172638028099137,True
3382,0.8571428571428571,0.8253968253968254,0.08487498080957367,-0.20646934157466984,-0.023151913550800415,True
3383,0.873015873015873,0.8253968253968254,0.06554402479600169,-0.24261720784896182,-0.018085390428998045,True
3384,0.8888888888888888,0.8253968253968254,0.045013799159465635,-0.29117657591333723,-0.012942312058005584,True
3385,0.9047619047619047,0.8253968253968254,0.022744474743828572,-0.3567181804988358,-0.00772807964100136,True
3386,0.9206349206349206,0.8253968253968254,-0.0015227452675627882,-0.4439141807420689,-0.002523556390172641,True
3387,0.9365079365079365,0.8253968253968254,-0.02582622295106489,-0.5511492685152873,0.002444603662699517,True
3388,0.9523809523809523,0.8253968253968254,-0.04201266856791019,-0.6467423949539685,0.006651968247206933,True
3389,0.9682539682539681,0.8253968253968254,-0.037790527879868904,-0.6389917539372224,0.009291855812486243,True
3390,0.9841269841269841,0.8253968253968254,-0.014996370141525422,-0.42323603459185605,0.009626352280196955,True
3391,1.0,0.8253968253968254,-3.653252686710994e-07,-6.401646842158885e-05,0.0077456387189502145,True
3392,0.0,0.8412698412698412,-2.2814449148113244e-07,-2.5685273586315897e-06,-0.030104782176032744,True
3393,0.015873015873015872,0.8412698412698412,-0.0001470710472064714,0.02485574811784531,-0.03011816402515004,True
3394,0.031746031746031744,0.8412698412698412,3.219519322435628e-05,0.0527005461495181,-0.030031065460541236,True
3395,0.047619047619047616,0.8412698412698412,0.001545007503667511,0.08172034677003048,-0.02973632831896341,True
3396,0.06349206349206349,0.8412698412698412,0.005177613368675178,0.11038912998099562,-0.029133954430924744,True
3397,0.07936507936507936,0.8412698412698412,0.011448070176073109,0.13756511285600753,-0.028184001315136393,True
3398,0.09523809523809523,0.8412698412698412,0.020425144048327654,0.16217519103681446,-0.026931118691469667,True
3399,0.1111111111111111,0.8412698412698412,0.031855407491045026,0.18333986317006193,-0.025489327804391056,True
3400,0.12698412698412698,0.8412698412698412,0.04535513718227915,0.20063282112831624,-0.024050527322288694,True
3401,0.14285714285714285,0.8412698412698412,0.060450819452673304,0.2138050235289259,-0.022778579205339537,True
3402,0.15873015873015872,0.8412698412698412,0.07663408943744947,0.2230165402930413,-0.021886522459781694,True
3403,0.1746031746031746,0.8412698412698412,0.09359121021845661,0.228614710256722,-0.02147163524145423,True
3404,0.19047619047619047,0.8412698412698412,0.11088359954095035,0.23097078757294787,-0.02166311567764807,True
3405,0.20634920634920634,0.8412698412698412,0.12826110139712088,0.23055916887497033,-0.022500622260115753,True
3406,0.2222222222222222,0.8412698412698412,0.14548366270210955,0.22776364517310238,-0.023988492634131657,True
3407,0.23809523809523808,0.8412698412698412,0.16235253053987228,0.22296178415944412,-0.026106247640154814,True
3408,0.25396825396825395,0.8412698412698412,0.17871283364642013,0.21652359074024777,-0.02879081420559481,True
3409,0.2698412698412698,0.8412698412698412,0.19437495706955907,0.2086729098639502,-0.03198598149753537,True
3410,0.2857142857142857,0.8412698412698412,0.209334928775782,0.1997643912880514,-0.035586469832717856,True
3411,0.30158730158730157,0.8412698412698412,0.22338676530452012,0.1899455788576687,-0.039512140513916355,True
3412,0.31746031746031744,0.8412698412698412,0.23651745817370265,0.17946385828778863,-0.04366436454881982,True
3413,0.3333333333333333,0.8412698412698412,0.2486196131837475,0.1684715809710308,-0.047948382847909095,True
3414,0.3492063492063492,0.8412698412698412,0.25972059109424744,0.1571706790934678,-0.05227176516292588,True
3415,0.36507936507936506,0.8412698412698412,0.26980675845523533,0.14571037507888876,-0.05655338745041416,True
3416,0.38095238095238093,0.8412698412698412,0.27882140128513994,0.1341621681854824,-0.060714575216154656,True
3417,0.3968253968253968,0.8412698412698412,0.28680406414649595,0.12265316244474468,-0.06469021605823914,True
3418,0.4126984126984127,0.8412698412698412,0.2937107520417002,0.11124073047480018,-0.06841429165281301,True
3419,0.42857142857142855,0.8412698412698412,0.29974040353789,0.10007087689075742,-0.07186412251888297,True
3420,0.4444444444444444,0.8412698412698412,0.3047168532228388,0.08906949848026419,-0.07496867692104874,True
3421,0.4603174603174603,0.8412698412698412,0.3087408611395614,0.07831821540076189,-0.07770769153030795,True
3422,0.47619047619047616,0.8412698412698412,0.3118897868990532,0.06789527796622971,-0.0800667471988809,True
3423,0.49206349206349204,0.8412698412698412,0.31402966123866455,0.0576357917033375,-0.08199314816688272,True
3424,0.5079365079365079,0.8412698412698412,0.3153252109148011,0.047744380631462476,-0.08350536230423407,True
3425,0.5238095238095237,0.8412698412698412,0.3156596668533175,0.038037663844164835,-0.0845608103865253,True
3426,0.5396825396825397,0.8412698412698412,0.3150717705317806,0.02859617681450298,-0.08516082411599289,True
3427,0.5555555555555556,0.8412698412698412,0.31361337850344034,0.019388049437890513,-0.08531903772023036,True
3428,0.5714285714285714,0.8412698412698412,0.3112352459736791,0.010404668141705839,-0.08502064284254605,True
3429,0.5873015873015872,0.8412698412698412,0.3078737338880205,0.0015829562686101716,-0.08425212505895212,True
3430,0.6031746031746031,0.8412698412698412,0.3035823203239159,-0.007003991063093888,-0.08303843311511629,True
3431,0.6190476190476191,0.8412698412698412,0.2983189729523427,-0.015494961232844974,-0.08137856775907541,True
3432,0.6349206349206349,0.8412698412698412,0.2920520597230938,-0.023789638906343082,-0.07928058926523036,True
3433,0.6507936507936507,0.8412698412698412,0.28477384188586236,-0.0319642563434695,-0.07676000361830355,True
3434,0.6666666666666666,0.8412698412698412,0.2764828725899986,-0.04004119405993552,-0.07383865489640112,True
3435,0.6825396825396826,0.8412698412698412,0.26714072419622037,-0.04806291647618363,-0.07053016851639386,True
3436,0.6984126984126984,0.8412698412698412,0.25677556730220363,-0.056057112895272425,-0.06686761369140969,True
3437,0.7142857142857142,0.8412698412698412,0.24536825590013334,-0.0640987353416871,-0.06287247951974041,True
3438,0.7301587301587301,0.8412698412698412,0.2329428266078423,-0.07231137917912307,-0.05858335802728148,True
3439,0.746031746031746,0.8412698412698412,0.21954025830912896,-0.08084514666561941,-0.054032780414665596,True
3440,0.7619047619047619,0.8412698412698412,0.20519313797583422,-0.0898832864743985,-0.049250717114793195,True
3441,0.7777777777777777,0.8412698412698412,0.18995572509394576,-0.09980149123122253,-0.04427743011543749,True
3442,0.7936507936507936,0.8412698412698412,0.17390306455656052,-0.11102609423992205,-0.03913449140347316,True
3443,0.8095238095238095,0.8412698412698412,0.15709334005129716,-0.12427138722331812,-0.03386334263071104,True
3444,0.8253968253968254,0.8412698412698412,0.1395519456702664,-0.14039116813306887,-0.02844680190771712,True
3445,0.8412698412698412,0.8412698412698412,0.1213182175333242,-0.160802631401665,-0.02289323618049949,True
3446,0.8571428571428571,0.8412698412698412,0.10228593447593703,-0.18729748910505312,-0.017200840070647247,True
3447,0.873015873015873,0.8412698412698412,0.08223612505652625,-0.22237507167836185,-0.011312879562286384,True
3448,0.8888888888888888,0.8412698412698412,0.06074336863650372,-0.2693559668545323,-0.0052043493373069355,True
3449,0.9047619047619047,0.8412698412698412,0.037263276088759616,-0.3327305273415807,0.0010395680275261238,True
3450,0.9206349206349206,0.8412698412698412,0.011107420527822287,-0.41768987541895686,0.007423947359284337,True
3451,0.9365079365079365,0.8412698412698412,-0.016519662121044963,-0.5265749027527404,0.013585333679704825,True
3452,0.9523809523809523,0.8412698412698412,-0.03798105034767944,-0.6355340813544613,0.01890503725099196,True
3453,0.9682539682539681,0.8412698412698412,-0.038870434493878114,-0.6534742485821828,0.02243577110418343,True
3454,0.9841269841269841,0.8412698412698412,-0.016536380396123537,-0.4484300530191621,0.02320142713923234,True
3455,1.0,0.8412698412698412,2.520254475242995e-06,0.00016500587405981877,0.02118308931585615,True
3456,0.0,0.8571428571428571,2.682701157035747e-07,-1.0841837414430168e-05,-0.029675282217374054,True
3457,0.015873015873015872,0.8571428571428571,-0.0009653763096021977,0.025733890385396193,-0.029807119406063225,True
3458,0.031746031746031744,0.8571428571428571,-0.002748780469743958,0.05314252868338551,-0.029785870728083027,True
3459,0.047619047619047616,0.8571428571428571,-0.003637283264762127,0.08040143371576829,-0.029463176734054675,True
3460,0.06349206349206349,0.8571428571428571,-0.002258635777313177,0.106510737898254,-0.028722097515517277,True
3461,0.07936507936507936,0.8571428571428571,0.0021259702457953216,0.1307043955107096,-0.027517066709372585,True
3462,0.09523809523809523,0.8571428571428571,0.009780871026872485,0.15239806862554464,-0.025914552033442142,True
3463,0.1111111111111111,0.8571428571428571,0.020495873027821264,0.17103222246026198,-0.02406403915321718,True
3464,0.12698412698412698,0.8571428571428571,0.03383711433988975,0.1861894637288872,-0.022158464879389134,True
3465,0.14285714285714285,0.8571428571428571,0.04928178787943149,0.1977697493421611,-0.0204240052763749,True
3466,0.15873015873015872,0.8571428571428571,0.06626044248040001,0.20591678808262248,-0.019075028049177146,True
3467,0.1746031746031746,0.8571428571428571,0.08429951373807593,0.2108442725550046,-0.018251326332668256,True
3468,0.19047619047619047,0.8571428571428571,0.10292985605182987,0.2128709642541161,-0.018079349830241297,True
3469,0.20634920634920634,0.8571428571428571,0.12179500320332237,0.21245596772288347,-0.018602897596910997,True
3470,0.2222222222222222,0.8571428571428571,0.14062296244147632,0.2098695949399444,-0.01983990846892202,True
3471,0.23809523809523808,0.8571428571428571,0.15908837213973226,0.20550981309033095,-0.02175981697070588,True
3472,0.25396825396825395,0.8571428571428571,0.1770976339896341,0.19965093246809373,-0.024304649623184973,True
3473,0.2698412698412698,0.8571428571428571,0.1944178193077225,0.19255736852459718,-0.027402791716510166,True
3474,0.2857142857142857,0.8571428571428571,0.21090193639340823,0.18443695149976708,-0.03096473647463013,True
3475,0.30158730158730157,0.8571428571428571,0.22658609963533474,0.17559534222115306,-0.03488397013747662,True
3476,0.31746031746031744,0.8571428571428571,0.2411858056391048,0.16608556701043253,-0.03906661861427802,True
3477,0.3333333333333333,0.8571428571428571,0.2547734350192481,0.15615510952862946,-0.04341188296451877,True
3478,0.3492063492063492,0.8571428571428571,0.26727247977771695,0.14593371569214506,-0.04782658896933928,True
3479,0.36507936507936506,0.8571428571428571,0.2786369689708089,0.1355319491339573,-0.052217730869260126,True
3480,0.38095238095238093,0.8571428571428571,0.2889033918382656,0.12506506584871968,-0.05650568859985612,True
3481,0.3968253968253968,0.8571428571428571,0.2980274187484519,0.11461325497797764,-0.060618249266931254,True
3482,0.4126984126984127,0.8571428571428571,0.30609046285974156,0.10428899710652982,-0.06450180127612393,True
3483,0.42857142857142855,0.8571428571428571,0.3130282485495217,0.09409457165418277,-0.06809078672451695,True
3484,0.4444444444444444,0.8571428571428571,0.31895659432936807,0.084146769064308,-0.07135847499821493,True
3485,0.4603174603174603,0.8571428571428571,0.3237927904178594,0.07439374915731291,-0.07424914416676688,True
3486,0.47619047619047616,0.8571428571428571,0.3276010204589875,0.06489386850830742,-0.07674110890188748,True
3487,0.49206349206349204,0.8571428571428571,0.330425028503489,0.0556640175667945,-0.0788173109296535,True
3488,0.5079365079365079,0.8571428571428571,0.3321993129248486,0.0466802574920412,-0.08044142305908897,True
3489,0.5238095238095237,0.8571428571428571,0.33301984493366266,0.03793780998019964,-0.08161936384976907,True
3490,0.5396825396825397,0.8571428571428571,0.33284881121217413,0.029440454016472235,-0.08233206814794451,True
3491,0.5555555555555556,0.8571428571428571,0.3317033421188358,0.02117839094677423,-0.08257902421360774,True
3492,0.5714285714285714,0.8571428571428571,0.32956563929230714,0.013144404054952302,-0.08235263352030686,True
3493,0.5873015873015872,0.8571428571428571,0.3264602195703972,0.005306888566610742,-0.08166286029285659,True
3494,0.6031746031746031,0.8571428571428571,0.3223459620142158,-0.002303612285513629,-0.08050248631698118,True
3495,0.6190476190476191,0.8571428571428571,0.31720799634250946,-0.009770750879725834,-0.07887703329957894,True
3496,0.6349206349206349,0.8571428571428571,0.3110894058040167,-0.017060670969892888,-0.07681010441253995,True
3497,0.6507936507936507,0.8571428571428571,0.30396034852969556,-0.02422582777793126,-0.07430866009756415,True
3498,0.6666666666666666,0.8571428571428571,0.295787753417482,-0.03129901645411047,-0.07138011729549054,True
3499,0.6825396825396826,0.8571428571428571,0.28661382831815485,-0.03827507828639103,-0.06805268073790309,True
3500,0.6984126984126984,0.8571428571428571,0.27643057237289864,-0.045230024545970506,-0.06434238180531913,True
3501,0.7142857142857142,0.8571428571428571,0.26523018609947985,-0.05229931275817703,-0.06028134240328505,True
3502,0.7301587301587301,0.8571428571428571,0.2530614590842604,-0.05950595612180506,-0.05588565912855364,True
3503,0.746031746031746,0.8571428571428571,0.2399345691522406,-0.06707515300156656,-0.05118675502475939,True
3504,0.7619047619047619,0.8571428571428571,0.2258905703286884,-0.0752298104937746,-0.04620957372861833,True
3505,0.7777777777777777,0.8571428571428571,0.21095677546694877,-0.0842762173903033,-0.04097244628353873,True
3506,0.7936507936507936,0.8571428571428571,0.1951887766146168,-0.09468893269372988,-0.035487048087182234,True
3507,0.8095238095238095,0.8571428571428571,0.17857404408077537,-0.10713093322960057,-0.029769661869037577,True
3508,0.8253968253968254,0.8571428571428571,0.16113945344273742,-0.1225203310654161,-0.02380750744350552,True
3509,0.8412698412698412,0.8571428571428571,0.1427999365318192,-0.142061960304542,-0.017560183218602456,True
3510,0.8571428571428571,0.8571428571428571,0.12342010286185505,-0.16753248094980353,-0.01102173975052324,True
3511,0.873015873015873,0.8571428571428571,0.1027325787922636,-0.20129683361567544,-0.004107730670545592,True
3512,0.8888888888888888,0.8571428571428571,0.08024185853447957,-0.2464009713858087,0.0032016202365154106,True
3513,0.9047619047619047,0.8571428571428571,0.05529969460281709,-0.30710116521820985,0.010865571379041036,True
3514,0.9206349206349206,0.8571428571428571,0.027051142578830206,-0.38893209980571974,0.018794353922051,True
3515,0.9365079365079365,0.8571428571428571,-0.004081077366403674,-0.497380449092871,0.0265606626487595,True
3516,0.9523809523809523,0.8571428571428571,-0.031826805180998105,-0.6183881502460641,0.033427029226160275,True
3517,0.9682539682539681,0.8571428571428571,-0.03930376862997867,-0.6648185489256507,0.03821507384180714,True
3518,0.9841269841269841,0.8571428571428571,-0.018246567743189147,-0.4760480987243325,0.039604434009236106,True
3519,1.0,0.8571428571428571,6.086126956002692e-06,-2.8344659985011e-05,0.03745401009016163,True
3520,0.0,0.873015873015873,7.621509692529881e-08,-1.3224563487043895e-06,-0.02931375131594437,True
3521,0.015873015873015872,0.873015873015873,-0.0021807316046239898,0.028437404801270903,-0.029617261066910924,True
3522,0.031746031746031744,0.873015873015873,-0.006719817524697652,0.056255667211221355,-0.029675554416275153,True
3523,0.047619047619047616,0.873015873015873,-0.010693954939869453,0.08179809404878106,-0.029297227391290315,True
3524,0.06349206349206349,0.873015873015873,-0.012028384073196851,0.10489012599979486,-0.028365093491019778,True
3525,0.07936507936507936,0.873015873015873,-0.009683380247467753,0.125564083524371,-0.026854659837994965,True
3526,0.09523809523809523,0.873015873015873,-0.003386027325823041,0.14369347363773768,-0.024854203990411577,True
3527,0.1111111111111111,0.873015873015873,0.006647106540645501,0.15910066116067792,-0.02254871003601188,True
3528,0.12698412698412698,0.873015873015873,0.019915860060005168,0.17158827939250904,-0.02017312052321363,True
3529,0.14285714285714285,0.873015873015873,0.03580033532560727,0.18112432515528326,-0.017977906496191003,True
3530,0.15873015873015872,0.873015873015873,0.053635474358010735,0.1878090088396943,-0.016192643558446834,True
3531,0.1746031746031746,0.873015873015873,0.07281959756365719,0.19179287859629074,-0.01499090700157454,True
3532,0.19047619047619047,0.873015873015873,0.09283905591802259,0.19335396884317718,-0.014481468462592418,True
3533,0.20634920634920634,0.873015873015873,0.1132299042321934,0.1927742224097054,-0.014731992677755174,True
3534,0.2222222222222222,0.873015873015873,0.1336549838216029,0.19037727098694845,-0.015743659215946396,True
3535,0.23809523809523808,0.873015873015873,0.15383234421210612,0.18641765282980688,-0.017491322921401774,True
3536,0.25396825396825395,0.873015873015873,0.17348251495046121,0.18113562105198228,-0.019926974156318028,True
3537,0.2698412698412698,0.873015873015873,0.19246564392512508,0.17480400480856292,-0.022949705941070642,True
3538,0.2857142857142857,0.873015873015873,0.21063082254834806,0.16760446900526485,-0.026480019961525013,True
3539,0.30158730158730157,0.873015873015873,0.22778658322864268,0.15967710319269732,-0.03041310777231491,True
3540,0.31746031746031744,0.873015873015873,0.24393526819314937,0.1512383714088106,-0.03463535161875251,True
3541,0.3333333333333333,0.873015873015873,0.25898066292579447,0.1424082434809018,-0.03904690957465301,True
3542,0.3492063492063492,0.873015873015873,0.27288534689576927,0.1333272260500105,-0.043552850622622596,True
3543,0.36507936507936506,0.873015873015873,0.2855507455092676,0.12404573612197974,-0.048052720545809384,True
3544,0.38095238095238093,0.873015873015873,0.29709737635348477,0.1147684077453663,-0.05247080943301716,True
3545,0.3968253968253968,0.873015873015873,0.3074118575562478,0.10546371800412624,-0.056722884843175406,True
3546,0.4126984126984127,0.873015873015873,0.3165896665770931,0.0962899434083548,-0.06075498033432598,True
3547,0.42857142857142855,0.873015873015873,0.3244790236137077,0.08718221971094893,-0.06448710652169415,True
3548,0.4444444444444444,0.873015873015873,0.3313563373616013,0.07835265127877399,-0.06790596665168101,True
3549,0.4603174603174603,0.873015873015873,0.3370512851104676,0.06965708485579716,-0.07094802692577643,True
3550,0.47619047619047616,0.873015873015873,0.341652409090293,0.061247715358455655,-0.07358816175341247,True
3551,0.49206349206349204,0.873015873015873,0.34515724472660825,0.05301927597095408,-0.07580022942334713,True
3552,0.5079365079365079,0.873015873015873,0.34759385360771783,0.045075990212637675,-0.07756298273438318,True
3553,0.5238095238095237,0.873015873015873,0.34895872391553834,0.037343763560615924,-0.07885659910757993,True
3554,0.5396825396825397,0.873015873015873,0.3493327657647401,0.029896218657716186,-0.07968715397731115,True
3555,0.5555555555555556,0.873015873015873,0.34862783150984283,0.022589455589637878,-0.08003020123674898,True
3556,0.5714285714285714,0.873015873015873,0.3469632009596604,0.015611732590158718,-0.07990175309322282,True
3557,0.5873015873015872,0.873015873015873,0.3441969630435602,0.008714152931116232,-0.0792741037366599,True
3558,0.6031746031746031,0.873015873015873,0.34052344595824946,0.0021339290637029796,-0.07819135221576241,True
3559,0.6190476190476191,0.873015873015873,0.33579194606272295,-0.004344210917837103,-0.0766258086340182,True
3560,0.6349206349206349,0.873015873015873,0.3300778706784475,-0.010619941653977134,-0.07459456936287533,True
3561,0.6507936507936507,0.873015873015873,0.32335358060146335,-0.016813630788871898,-0.07211618948040549,True
3562,0.6666666666666666,0.873015873015873,0.31568981147718367,-0.02283808747864781,-0.0692007700672069,True
3563,0.6825396825396826,0.873015873015873,0.30702798591391206,-0.02883732777003375,-0.06586476244452771,True
3564,0.6984126984126984,0.873015873015873,0.29741040018768866,-0.03482908617554432,-0.06212327854333268,True
3565,0.7142857142857142,0.873015873015873,0.2868462671955953,-0.04089849251965783,-0.05799750783804252,True
3566,0.7301587301587301,0.873015873015873,0.2753682973838139,-0.04718515870309121,-0.05349961838148234,True
3567,0.746031746031746,0.873015873015873,0.26296587492207996,-0.05382804335951099,-0.048653670226383845,True
3568,0.7619047619047619,0.873015873015873,0.2496756496437807,-0.06107761892733004,-0.043466572831248475,True
3569,0.7777777777777777,0.873015873015873,0.23550043238773896,-0.06925385766038505,-0.03794620257101437,True
3570,0.7936507936507936,0.873015873015873,0.22043208202628806,-0.07880820723104312,-0.032086627857578605,True
3571,0.8095238095238095,0.873015873015873,0.20447053065121673,-0.09037456936003706,-0.02586190233175488,True
3572,0.8253968253968254,0.873015873015873,0.18745238855669588,-0.10478220273097272,-0.019259568428716407,True
3573,0.8412698412698412,0.873015873015873,0.16931742297890723,-0.12325954513324018,-0.012211625589342056,True
3574,0.8571428571428571,0.873015873015873,0.14981531918222804,-0.14740223759514354,-0.004628561298425614,True
3575,0.873015873015873,0.873015873015873,0.12853991394996403,-0.1793724622861577,0.0035568619859737997,True
3576,0.8888888888888888,0.873015873015873,0.1049594403570942,-0.22213845903883087,0.012404259603184442,True
3577,0.9047619047619047,0.873015873015873,0.07831046503407331,-0.27965635507664466,0.02189931093278174,True
3578,0.9206349206349206,0.873015873015873,0.04763071278317264,-0.3575093074884358,0.03184109450386143,True
3579,0.9365079365079365,0.873015873015873,0.012518533351788586,-0.4631817437324235,0.04179788311189398,True
3580,0.9523809523809523,0.873015873015873,-0.022358728652857714,-0.5928123632644666,0.05084077300541287,True
3581,0.9682539682539681,0.873015873015873,-0.03851815995041571,-0.6700479171902506,0.057374979535244494,True
3582,0.9841269841269841,0.873015873015873,-0.020162818374639638,-0.5049021382225687,0.0596913833111456,True
3583,1.0,0.873015873015873,4.8282732683707754e-08,-1.4999387401022848e-05,0.05745321637036992,True
3584,0.0,0.8888888888888888,-4.304308711527907e-07,-1.3315659793268588e-05,-0.029099154296681685,True
3585,0.015873015873015872,0.8888888888888888,-0.004070806622915257,0.033881354443057496,-0.029662143695348073,True
3586,0.031746031746031744,0.8888888888888888,-0.012547899834335763,0.06298140413417072,-0.02980398331150933,True
3587,0.047619047619047616,0.8888888888888888,-0.020504850431495185,0.08649771226852672,-0.02931420146471135,True
3588,0.06349206349206349,0.8888888888888888,-0.024955700153720915,0.1058198758725009,-0.028110475401707018,True
3589,0.07936507936507936,0.8888888888888888,-0.024726298648026817,0.12206046285818706,-0.0262055654925429,True
3590,0.09523809523809523,0.8888888888888888,-0.01961551913420664,0.1358320597916419,-0.023740758183265567,True
3591,0.1111111111111111,0.8888888888888888,-0.010001014442623487,0.1473955682352605,-0.02095126693879369,True
3592,0.12698412698412698,0.8888888888888888,0.003436310610019015,0.156722651636203,-0.018105979558224017,True
3593,0.14285714285714285,0.8888888888888888,0.019957671454341717,0.16375540872047528,-0.015470048827557568,True
3594,0.15873015873015872,0.8888888888888888,0.03878742072151621,0.16862500363965802,-0.013288106392478674,True
3595,0.1746031746031746,0.8888888888888888,0.059241316890059875,0.1714231990909653,-0.011737608551717977,True
3596,0.19047619047619047,0.8888888888888888,0.08068829626552766,0.17230610654386902,-0.010947165271312943,True
3597,0.20634920634920634,0.8888888888888888,0.10266908190278497,0.1715011232803114,-0.010958622752528523,True
3598,0.2222222222222222,0.8888888888888888,0.12474431379506606,0.16919916348013755,-0.011793179248753402,True
3599,0.23809523809523808,0.8888888888888888,0.14653805438070047,0.16561317174545864,-0.013415048461178409,True
3600,0.25396825396825395,0.8888888888888888,0.16788422971384664,0.16096246935706932,-0.01575512599079127,True
3601,0.2698412698412698,0.8888888888888888,0.18850111096177527,0.15540112145909615,-0.01873597474902075,True
3602,0.2857142857142857,0.8888888888888888,0.20826151049895958,0.14911908319982378,-0.022250907472919166,True
3603,0.30158730158730157,0.8888888888888888,0.22697670158601976,0.14221714868633975,-0.026203911261892403,True
3604,0.31746031746031744,0.8888888888888888,0.24466031769630087,0.13490474531923055,-0.030472800084689892,True
3605,0.3333333333333333,0.8888888888888888,0.2611468281019732,0.1272313495280162,-0.03495605599525622,True
3606,0.3492063492063492,0.8888888888888888,0.27640335656825016,0.11932390020076358,-0.03955321950779689,True
3607,0.36507936507936506,0.8888888888888888,0.29049244280054887,0.1113290370622086,-0.04416490051828418,True
3608,0.38095238095238093,0.8888888888888888,0.30323065707293817,0.10320165345877325,-0.04869897825404398,True
3609,0.3968253968253968,0.8888888888888888,0.31478124193740536,0.09518602326198,-0.053089712744820716,True
3610,0.4126984126984127,0.8888888888888888,0.325052642327387,0.08716681229319624,-0.057255348814602716,True
3611,0.42857142857142855,0.8888888888888888,0.3341245678004705,0.07931599304483533,-0.061148379564355274,True
3612,0.4444444444444444,0.8888888888888888,0.3419061534882044,0.071582365344749,-0.06470012752407363,True
3613,0.4603174603174603,0.8888888888888888,0.34859905164210664,0.06412078745155216,-0.06789379566246191,True
3614,0.47619047619047616,0.8888888888888888,0.3540213274063527,0.05673219092380472,-0.07066519356797901,True
3615,0.49206349206349204,0.8888888888888888,0.35842931359767977,0.04968249557677954,-0.07302472733388496,True
3616,0.5079365079365079,0.8888888888888888,0.36164326606257685,0.04277575539145242,-0.0749174039939123,True
3617,0.5238095238095237,0.8888888888888888,0.3637973651750296,0.03615346936332862,-0.07633125689460542,True
3618,0.5396825396825397,0.8888888888888888,0.36488314651176196,0.0296882592676073,-0.07727867206073462,True
3619,0.5555555555555556,0.8888888888888888,0.36492350468634727,0.023464791380789548,-0.07772767125303791,True
3620,0.5714285714285714,0.8888888888888888,0.3639465219552202,0.017451059811025564,-0.07768868439091918,True
3621,0.5873015873015872,0.8888888888888888,0.36196398943798125,0.01161927875940951,-0.07715920312261355,True
3622,0.6031746031746031,0.8888888888888888,0.35899284082409544,0.005979139230539031,-0.07613992044953272,True
3623,0.6190476190476191,0.8888888888888888,0.3550632124763834,0.0005101187376676826,-0.0746424067655518,True
3624,0.6349206349206349,0.8888888888888888,0.3501561847356677,-0.004835876904355631,-0.07265898764555158,True
3625,0.6507936507936507,0.8888888888888888,0.34433822112687495,-0.010027136903324525,-0.07022209656574158,True
3626,0.6666666666666666,0.8888888888888888,0.33761404240971565,-0.015119224209372568,-0.0673259364074688,True
3627,0.6825396825396826,0.8888888888888888,0.32995058452842446,-0.02018218300346864,-0.06399060705795187,True
3628,0.6984126984126984,0.8888888888888888,0.32138718573854924,-0.025264554584274047,-0.06022474781178933,True
3629,0.7142857142857142,0.8888888888888888,0.31198684175861324,-0.0304257646048255,-0.05603835534807067,True
3630,0.7301587301587301,0.8888888888888888,0.30169350599890843,-0.03583156416698019,-0.05144319241101272,True
3631,0.746031746031746,0.8888888888888888,0.2905487699512054,-0.04157529980533989,-0.04644355177194947,True
3632,0.7619047619047619,0.8888888888888888,0.2784867739704815,-0.047927906554925154,-0.04104019523774411,True
3633,0.7777777777777777,0.8888888888888888,0.26554007168616317,-0.05521429416987003,-0.035216603837418,True
3634,0.7936507936507936,0.8888888888888888,0.25166565356008047,-0.06383490473375047,-0.028939210243801,True
3635,0.8095238095238095,0.8888888888888888,0.2367288984953805,-0.07435252004818174,-0.02216143920396503,True
3636,0.8253968253968254,0.8888888888888888,0.22053263086487282,-0.08756686841914069,-0.014822754420244704,True
3637,0.8412698412698412,0.8888888888888888,0.20290162206738066,-0.10461760194189865,-0.006820420145480268,True
3638,0.8571428571428571,0.8888888888888888,0.18345953489426764,-0.12693661550056837,0.0019912267797011587,True
3639,0.873015873015873,0.8888888888888888,0.1616979379484559,-0.15663727094145827,0.011694786889596196,True
3640,0.8888888888888888,0.8888888888888888,0.13694634348204113,-0.1964113014485302,0.022476960342541416,True
3641,0.9047619047619047,0.8888888888888888,0.10825806568414766,-0.24994401935535962,0.03425288369669458,True
3642,0.9206349206349206,0.8888888888888888,0.07454145867092246,-0.3227511244103215,0.046918181282408225,True
3643,0.9365079365079365,0.8888888888888888,0.034790181131841055,-0.42344701554553354,0.05985291874241736,True
3644,0.9523809523809523,0.8888888888888888,-0.008228098692928213,-0.5576766822266512,0.07187812703958217,True
3645,0.9682539682539681,0.8888888888888888,-0.03565734829990801,-0.666274135459137,0.08087190654709084,True
3646,0.9841269841269841,0.8888888888888888,-0.02230754507982605,-0.5351263255317718,0.08455505085557942,True
3647,1.0,0.8888888888888888,6.622292018186289e-07,9.449707679437801e-05,0.08226481192790017,True
3648,0.0,0.9047619047619047,9.94540327761228e-07,-6.899607167620359e-05,-0.029215501066974025,True
3649,0.015873015873015872,0.9047619047619047,-0.00709711044773298,0.043512099336886934,-0.030174487447189872,True
3650,0.031746031746031744,0.9047619047619047,-0.021217394172513816,0.07462745600990257,-0.030378027364748043,True
3651,0.047619047619047616,0.9047619047619047,-0.03421483930656723,0.09509576471799534,-0.029660296944491998,True
3652,0.06349206349206349,0.9047619047619047,-0.042026405526197054,0.10927318389820749,-0.02804284658626924,True
3653,0.07936507936507936,0.9047619047619047,-0.043611680317581905,0.1199950079555834,-0.025631713112054786,True
3654,0.09523809523809523,0.9047619047619047,-0.039200548293136635,0.12855213834737808,-0.022623627651820754,True
3655,0.1111111111111111,0.9047619047619047,-0.02951372544710305,0.13556168453221065,-0.019304902588002184,True
3656,0.12698412698412698,0.9047619047619047,-0.015457127803725539,0.14120619858457506,-0.015984409364791067,True
3657,0.14285714285714285,0.9047619047619047,0.0020319488667048216,0.14541733259784737,-0.01293280426381326,True
3658,0.15873015873015872,0.9047619047619047,0.022097800166689188,0.14822658366217717,-0.01040675675892615,True
3659,0.1746031746031746,0.9047619047619047,0.04397397256986128,0.14963132911648355,-0.008566172413329963,True
3660,0.19047619047619047,0.9047619047619047,0.06695497678365389,0.14972808629302506,-0.007545290590626003,True
3661,0.20634920634920634,0.9047619047619047,0.09053129035543461,0.1486081167809518,-0.007378980415207427,True
3662,0.2222222222222222,0.9047619047619047,0.11425524160958866,0.14638060345297085,-0.008080171754761827,True
3663,0.23809523809523808,0.9047619047619047,0.13772239168713107,0.14318047885562368,-0.009610204442976496,True
3664,0.25396825396825395,0.9047619047619047,0.16068362707741168,0.13914121507019214,-0.011898150677452677,True
3665,0.2698412698412698,0.9047619047619047,0.18288409594101646,0.1343719761091827,-0.014856309619978143,True
3666,0.2857142857142857,0.9047619047619047,0.2042630312470899,0.12906056503510005,-0.018377887328639576,True
3667,0.30158730158730157,0.9047619047619047,0.2245703754443983,0.12325820874602228,-0.022362338140572254,True
3668,0.31746031746031744,0.9047619047619047,0.2437376249013101,0.11708207439613338,-0.02668359141690298,True
3669,0.3333333333333333,0.9047619047619047,0.2616897517473593,0.11062141447598754,-0.031239730769980642,True
3670,0.3492063492063492,0.9047619047619047,0.2783979217707211,0.10397894765066176,-0.03592579651202127,True
3671,0.36507936507936506,0.9047619047619047,0.2938489398720028,0.09723764163210313,-0.040639299637002003,True
3672,0.38095238095238093,0.9047619047619047,0.30794768492957125,0.09041892047916117,-0.04529296434122757,True
3673,0.3968253968253968,0.9047619047619047,0.3208001670200727,0.08364798139962296,-0.04980714336429054,True
3674,0.4126984126984127,0.9047619047619047,0.3323156839448997,0.07689501311723246,-0.05410380261496147,True
3675,0.42857142857142855,0.9047619047619047,0.3426487883355886,0.07032904413005268,-0.05813231197741255,True
3676,0.4444444444444444,0.9047619047619047,0.35160610758169253,0.06377307616137974,-0.061820726450988725,True
3677,0.4603174603174603,0.9047619047619047,0.3594500731134476,0.05746708818115111,-0.06514720541438698,True
3678,0.47619047619047616,0.9047619047619047,0.36609279512990306,0.05132029859993965,-0.0680609900206469,True
3679,0.49206349206349204,0.9047619047619047,0.37156490460466884,0.04534659468801105,-0.07054725145390671,True
3680,0.5079365079365079,0.9047619047619047,0.3759126081342788,0.03956450794431608,-0.07256458795773622,True
3681,0.5238095238095237,0.9047619047619047,0.379194794781922,0.033988316140684,-0.07409925662203272,True
3682,0.5396825396825397,0.9047619047619047,0.3813947858845404,0.028597609147746526,-0.07516104133996723,True
3683,0.5555555555555556,0.9047619047619047,0.3825853342100567,0.02339584971839589,-0.07571379467262186,True
3684,0.5714285714285714,0.9047619047619047,0.38279884751595633,0.018365442674078847,-0.07576229472005723,True
3685,0.5873015873015872,0.9047619047619047,0.3820097719731428,0.013522727838522004,-0.07532954373518194,True
3686,0.6031746031746031,0.9047619047619047,0.38030790238688517,0.008832416887991036,-0.07438570332445106,True
3687,0.6190476190476191,0.9047619047619047,0.3776723517684241,0.00426595657724503,-0.07294233987373583,True
3688,0.6349206349206349,0.9047619047619047,0.3741583753815757,-0.00011653762795795334,-0.07103034673008726,True
3689,0.6507936507936507,0.9047619047619047,0.36972804467129167,-0.004428407550390446,-0.06863044317650968,True
3690,0.6666666666666666,0.9047619047619047,0.36450901837240735,-0.008655514268130327,-0.06575499660063991,True
3691,0.6825396825396826,0.9047619047619047,0.358409634638905,-0.01284896993999319,-0.06242178394923813,True
3692,0.6984126984126984,0.9047619047619047,0.35148722257913767,-0.017067416191773908,-0.058631367867744255,True
3693,0.7142857142857142,0.9047619047619047,0.34370633794784855,-0.02139308656201217,-0.054391930548371145,True
3694,0.7301587301587301,0.9047619047619047,0.3351996770215927,-0.02592220637184193,-0.04969144389646009,True
3695,0.746031746031746,0.9047619047619047,0.32572875700907483,-0.030817170958016615,-0.04453863011885137,True
3696,0.7619047619047619,0.9047619047619047,0.3153748047180432,-0.0362743313346646,-0.03890648719721071,True
3697,0.7777777777777777,0.9047619047619047,0.3040807620678537,-0.042587410093409474,-0.03275798157035303,True
3698,0.7936507936507936,0.9047619047619047,0.29176006778630265,-0.050137505554043144,-0.02603404687895174,True
3699,0.8095238095238095,0.9047619047619047,0.27816432806689906,-0.059430221928920536,-0.018663963276715937,True
3700,0.8253968253968254,0.9047619047619047,0.2631389757183683,-0.07119902223797246,-0.010511838635559746,True
3701,0.8412698412698412,0.9047619047619047,0.24626821019930592,-0.08643079567669154,-0.001445620484878937,True
3702,0.8571428571428571,0.9047619047619047,0.22709400077098504,-0.10646557979374002,0.008746671598179523,True
3703,0.873015873015873,0.9047619047619047,0.2049396820427538,-0.13314007867277997,0.020285700987399652,True
3704,0.8888888888888888,0.9047619047619047,0.17889695331784325,-0.16897176802315145,0.03338821132265762,True
3705,0.9047619047619047,0.9047619047619047,0.14784721420767746,-0.21750286945470662,0.04806044955839709,True
3706,0.9206349206349206,0.9047619047619047,0.11037477548859226,-0.283901331815154,0.0642954829826801,True
3707,0.9365079365079365,0.9047619047619047,0.06514080275143899,-0.37741908187741857,0.08119193738821985,True
3708,0.9523809523809523,0.9047619047619047,0.012802759383500123,-0.5108399521665838,0.09736069016022682,True
3709,0.9682539682539681,0.9047619047619047,-0.029656055197461638,-0.6506793216597863,0.11003798925551353,True
3710,0.9841269841269841,0.9047619047619047,-0.024726623664575877,-0.5651883720360007,0.11582791070509438,True
3711,1.0,0.9047619047619047,-1.1592101526323101e-07,8.429660044497901e-05,0.11348466895318425,True
3712,0.0,0.9206349206349206,1.5864087946345531e-06,-7.113310364761805e-05,-0.030072853668178027,True
3713,0.015873015873015872,0.9206349206349206,-0.011972062716128237,0.05954014611381877,-0.031636156872054656,True
3714,0.031746031746031744,0.9206349206349206,-0.0340600598103629,0.09278595761189715,-0.03180670858858945,True
3715,0.047619047619047616,0.9206349206349206,-0.05286245745011715,0.10812499905459547,-0.030640045168418846,True
3716,0.06349206349206349,0.9206349206349206,-0.0636549890281606,0.11503887807768663,-0.02837444931371585,True
3717,0.07936507936507936,0.9206349206349206,-0.06614906460532785,0.11866225217741087,-0.02526286922596319,True
3718,0.09523809523809523,0.9206349206349206,-0.061390035013030385,0.12109064008960839,-0.021598617128389026,True
3719,0.1111111111111111,0.9206349206349206,-0.05072539519797054,0.12298560484458128,-0.017698442645462206,True
3720,0.12698412698412698,0.9206349206349206,-0.03531038549901519,0.12457320338069203,-0.013896005055577199,True
3721,0.14285714285714285,0.9206349206349206,-0.01629143190120116,0.1257164814400332,-0.010463525492176547,True
3722,0.15873015873015872,0.9206349206349206,0.005405855935806093,0.12631039232751956,-0.0076362834081717705,True
3723,0.1746031746031746,0.9206349206349206,0.028898546247217227,0.1262790688382505,-0.005575207241513843,True
3724,0.19047619047619047,0.9206349206349206,0.053538373690298575,0.12554265422197716,-0.004378215162680514,True
3725,0.20634920634920634,0.9206349206349206,0.07880256833676443,0.1240725737468293,-0.004096737355879898,True
3726,0.2222222222222222,0.9206349206349206,0.1042124307725817,0.12189612890871027,-0.004723152949784898,True
3727,0.23809523809523808,0.9206349206349206,0.12937463405505933,0.11907624793574806,-0.006205399680660939,True
3728,0.25396825396825395,0.9206349206349206,0.15398945090254135,0.11568053939463716,-0.00846454495417525,True
3729,0.2698412698412698,0.9206349206349206,0.1779214095954638,0.11176522186925357,-0.011430942528305281,True
3730,0.2857142857142857,0.9206349206349206,0.20085073397578293,0.1074150795444348,-0.014966219939728489,True
3731,0.30158730158730157,0.9206349206349206,0.22277767451490088,0.10270064626169872,-0.018985503774411012,True
3732,0.31746031746031744,0.9206349206349206,0.2435980225516651,0.09771198734443412,-0.023371232739936475,True
3733,0.3333333333333333,0.9206349206349206,0.26316638104357787,0.09250019093692706,-0.027999004711465596,True
3734,0.3492063492063492,0.9206349206349206,0.2814631748961875,0.08711059963720245,-0.03276890935101039,True
3735,0.36507936507936506,0.9206349206349206,0.29851924045297284,0.08170539726751101,-0.03757882647357007,True
3736,0.38095238095238093,0.9206349206349206,0.31417714662918594,0.07616629621651094,-0.04233357484997359,True
3737,0.3968253968253968,0.9206349206349206,0.3286235357029854,0.07070967069653486,-0.0469603419551606,True
3738,0.4126984126984127,0.9206349206349206,0.34171837113314624,0.06525720190985437,-0.051376191614034936,True
3739,0.42857142857142855,0.9206349206349206,0.3535720544375013,0.059874408563122726,-0.055515184152287456,True
3740,0.4444444444444444,0.9206349206349206,0.36424760190768407,0.05465104837665521,-0.059331736692021214,True
3741,0.4603174603174603,0.9206349206349206,0.37360049289317837,0.049490087903330066,-0.06277210480964453,True
3742,0.47619047619047616,0.9206349206349206,0.38180982083081305,0.04451502560160531,-0.06581674128288166,True
3743,0.49206349206349204,0.9206349206349206,0.38887688137541987,0.039665476481269314,-0.06841336458151634,True
3744,0.5079365079365079,0.9206349206349206,0.39492284193704363,0.03497732279891121,-0.07053366263098121,True
3745,0.5238095238095237,0.9206349206349206,0.3998475635918522,0.03045392708681375,-0.07218403033218644,True
3746,0.5396825396825397,0.9206349206349206,0.403736703956115,0.026089113739581418,-0.07334177682563787,True
3747,0.5555555555555556,0.9206349206349206,0.4066499710359769,0.02187223067189881,-0.07399378521236187,True
3748,0.5714285714285714,0.9206349206349206,0.40857701668029317,0.01781264002059901,-0.0741432311955507,True
3749,0.5873015873015872,0.9206349206349206,0.4096340742090503,0.013884592582761096,-0.07377249184870312,True
3750,0.6031746031746031,0.9206349206349206,0.4097628014977037,0.01010996304855428,-0.0729041332774303,True
3751,0.6190476190476191,0.9206349206349206,0.4090017641483667,0.006451191088774387,-0.07153233176125465,True
3752,0.6349206349206349,0.9206349206349206,0.40739712756674823,0.0029037724568992435,-0.06966112139922291,True
3753,0.6507936507936507,0.9206349206349206,0.4049307164736699,-0.0005445981959198332,-0.06730255569151856,True
3754,0.6666666666666666,0.9206349206349206,0.40168582773982126,-0.003960853880379436,-0.06444714038899366,True
3755,0.6825396825396826,0.9206349206349206,0.3975915867993849,-0.007329568500990541,-0.06111710083198024,True
3756,0.6984126984126984,0.9206349206349206,0.39274798641136544,-0.010725269401435481,-0.05730025989764455,True
3757,0.7142857142857142,0.9206349206349206,0.3869738251931385,-0.014258044491926117,-0.053002681998676776,True
3758,0.7301587301587301,0.9206349206349206,0.38045696718461763,-0.017922097813772842,-0.04820796414263412,True
3759,0.746031746031746,0.9206349206349206,0.37303173872078355,-0.021944117772964376,-0.04289469859234371,True
3760,0.7619047619047619,0.9206349206349206,0.3647341233742678,-0.026475828180368966,-0.03702143774125568,True
3761,0.7777777777777777,0.9206349206349206,0.3552986480511173,-0.0317089917353649,-0.030540149076018153,True
3762,0.7936507936507936,0.9206349206349206,0.3447122707449723,-0.03803855121506248,-0.023354849865854056,True
3763,0.8095238095238095,0.9206349206349206,0.3326829691975791,-0.045927650476981385,-0.015357209893940649,True
3764,0.8253968253968254,0.9206349206349206,0.3189299337430852,-0.05586906836452101,-0.006341036654529087,True
3765,0.8412698412698412,0.9206349206349206,0.30298180040305805,-0.06887059040957484,0.0038782266068667372,True
3766,0.8571428571428571,0.9206349206349206,0.28417561381490103,-0.08594320556142064,0.015617598915586516,True
3767,0.873015873015873,0.9206349206349206,0.2617286270846607,-0.10885083668060604,0.029201201094124142,True
3768,0.8888888888888888,0.9206349206349206,0.23439926244509698,-0.13971283939799292,0.0449735884803056,True
3769,0.9047619047619047,0.9206349206349206,0.2007521915948193,-0.18181176696985138,0.06319977192720974,True
3770,0.9206349206349206,0.9206349206349206,0.15901585839798568,-0.2401989672129341,0.08384417237679542,True
3771,0.9365079365079365,0.9206349206349206,0.10714367099069505,-0.3238987850049679,0.10615011211529121,True
3772,0.9523809523809523,0.9206349206349206,0.04388895951804868,-0.45048844966078966,0.12833090425130822,True
3773,0.9682539682539681,0.9206349206349206,-0.017700247320024443,-0.6157357999984273,0.14666695707112207,True
3774,0.9841269841269841,0.9206349206349206,-0.0275184961912895,-0.5945526415155292,0.15588942813909343,True
3775,1.0,0.9206349206349206,1.4079649565263558e-06,7.119849656227264e-05,0.1537248106968561,True
3776,0.0,0.9365079365079365,-8.548373218453015e-06,9.97415310682858e-05,-0.03259672793659399,True
3777,0.015873015873015872,0.9365079365079365,-0.020106615722341965,0.08547458144241155,-0.0350789497969607,True
3778,0.031746031746031744,0.9365079365079365,-0.05285399790334429,0.1187755155633371,-0.03487936000667612,True
3779,0.047619047619047616,0.9365079365079365,-0.07671130992682372,0.1246174814266776,-0.03274604491590664,True
3780,0.06349206349206349,0.9365079365079365,-0.0879782691932808,0.12139394186235299,-0.0294153475807093,True
3781,0.07936507936507936,0.9365079365079365,-0.0886218586272475,0.1163533248342504,-0.02531308476298471,True
3782,0.09523809523809523,0.9365079365079365,-0.08112436641515132,0.11189076060980882,-0.02082091576901506,True
3783,0.1111111111111111,0.9365079365079365,-0.06754434480490837,0.10846495135012131,-0.01627468067059701,True
3784,0.12698412698412698,0.9365079365079365,-0.04932256187270314,0.10596177161494025,-0.01198385526349992,True
3785,0.14285714285714285,0.9365079365079365,-0.02783297051031561,0.10409365769181597,-0.008195862207452607,True
3786,0.15873015873015872,0.9365079365079365,-0.003797622095510647,0.10254630766954712,-0.005120216534945481,True
3787,0.1746031746031746,0.9365079365079365,0.021882508669366384,0.10109534708219722,-0.002893514419318962,True
3788,0.19047619047619047,0.9365079365079365,0.04845635917269349,0.09955557988079312,-0.0015846162647121763,True
3789,0.20634920634920634,0.9365079365079365,0.07567952862892673,0.09776536977216554,-0.001235955611934289,True
3790,0.2222222222222222,0.9365079365079365,0.10299463849491601,0.09567372537281627,-0.0018267656834337238,True
3791,0.23809523809523808,0.9365079365079365,0.12988018701940465,0.09325437578828996,-0.0032850185299809626,True
3792,0.25396825396825395,0.9365079365079365,0.15636521756239255,0.09049499560116668,-0.005556693645625147,True
3793,0.2698412698412698,0.9365079365079365,0.18209351065376714,0.08739825441796467,-0.008538071897955392,True
3794,0.2857142857142857,0.9365079365079365,0.20684903457658718,0.08405106784468656,-0.012107268481746532,True
3795,0.30158730158730157,0.9365079365079365,0.23058115852437458,0.08043849299504001,-0.016166881436132197,True
3796,0.31746031746031744,0.9365079365079365,0.25328045958148093,0.07661058945781513,-0.020602924985942274,True
3797,0.3333333333333333,0.9365079365079365,0.27473024413662117,0.07263271811370621,-0.02529188359683009,True
3798,0.3492063492063492,0.9365079365079365,0.29498259290177525,0.0685360664803954,-0.030130875153645664,True
3799,0.36507936507936506,0.9365079365079365,0.31389381917910747,0.06436959757590795,-0.035015370173667924,True
3800,0.38095238095238093,0.9365079365079365,0.33152411009733224,0.06017345532825635,-0.039857130262937066,True
3801,0.3968253968253968,0.9365079365079365,0.34794207824842327,0.05597426040911655,-0.04457045273952642,True
3802,0.4126984126984127,0.9365079365079365,0.36317165275887636,0.05180576389323583,-0.049077974251711745,True
3803,0.42857142857142855,0.9365079365079365,0.3769733042589015,0.047661621288198217,-0.053317219965406476,True
3804,0.4444444444444444,0.9365079365079365,0.38974622478146925,0.0436438745737318,-0.0572327110577774,True
3805,0.4603174603174603,0.9365079365079365,0.40126228988931717,0.039662455265811726,-0.0607681961082321,True
3806,0.47619047619047616,0.9365079365079365,0.41150344039323705,0.03583523411759494,-0.06391382399520643,True
3807,0.49206349206349204,0.9365079365079365,0.4207188252652042,0.03209618803915585,-0.06660660869525084,True
3808,0.5079365079365079,0.9365079365079365,0.42896889441387415,0.028478022268269548,-0.06882152402905901,True
3809,0.5238095238095237,0.9365079365079365,0.43595959014188634,0.02497634780582526,-0.0705651122077771,True
3810,0.5396825396825397,0.9365079365079365,0.44201215356036444,0.02163524159611673,-0.07181096353898457,True
3811,0.5555555555555556,0.9365079365079365,0.4470639833176406,0.01835243902077312,-0.07253242777593663,True
3812,0.5714285714285714,0.9365079365079365,0.4511679132580401,0.015266694612394943,-0.07276084455910672,True
3813,0.5873015873015872,0.9365079365079365,0.4542984768976951,0.012250298811662248,-0.07246579661496114,True
3814,0.6031746031746031,0.9365079365079365,0.4567071447477428,0.009370565095430257,-0.07164909380435536,True
3815,0.6190476190476191,0.9365079365079365,0.45792144430319687,0.006569721411503664,-0.07034070054088658,True
3816,0.6349206349206349,0.9365079365079365,0.45841648241309846,0.003874442704031984,-0.0685176683174117,True
3817,0.6507936507936507,0.9365079365079365,0.4581388512632887,0.0012359066802954842,-0.06618205549646446,True
3818,0.6666666666666666,0.9365079365079365,0.4570220543055742,-0.0013389385343884153,-0.06334871389746594,True
3819,0.6825396825396826,0.9365079365079365,0.45499869815979604,-0.003901775431961436,-0.06001762545388708,True
3820,0.6984126984126984,0.9365079365079365,0.45225233625442957,-0.006490906981165357,-0.0561733418741553,True
3821,0.7142857142857142,0.9365079365079365,0.4485779464476679,-0.009158547036661318,-0.05181767272563054,True
3822,0.7301587301587301,0.9365079365079365,0.4439895118996953,-0.011974850380651218,-0.04692752225707444,True
3823,0.746031746031746,0.9365079365079365,0.43854603859152763,-0.015054332679524942,-0.0414578346199775,True
3824,0.7619047619047619,0.9365079365079365,0.43210055952425624,-0.01856382444829647,-0.03535859738902809,True
3825,0.7777777777777777,0.9365079365079365,0.42453825256214345,-0.02265409161749577,-0.028541153895771287,True
3826,0.7936507936507936,0.9365079365079365,0.4155530170723748,-0.027597417502951086,-0.02090272590200116,True
3827,0.8095238095238095,0.9365079365079365,0.4050617055152511,-0.033768695038462776,-0.012245781412767507,True
3828,0.8253968253968254,0.9365079365079365,0.3925099562341819,-0.041685023845378505,-0.002384040679832882,True
3829,0.8412698412698412,0.9365079365079365,0.3775008757879766,-0.05200453046433513,0.009032877080513096,True
3830,0.8571428571428571,0.9365079365079365,0.3591067097124858,-0.06560260324193082,0.022351046437796847,True
3831,0.873015873015873,0.9365079365079365,0.33647562292181815,-0.08387189038228014,0.03811549568003284,True
3832,0.8888888888888888,0.9365079365079365,0.30806626205057136,-0.10868055729797475,0.05682336561227254,True
3833,0.9047619047619047,0.9365079365079365,0.2720524428703755,-0.1429291529988617,0.07899898661253248,True
3834,0.9206349206349206,0.9365079365079365,0.22592982030352185,-0.191035041460312,0.1049756674648425,True
3835,0.9365079365079365,0.9365079365079365,0.16670004937558555,-0.26165247800558755,0.13438254358224141,True
3836,0.9523809523809523,0.9365079365079365,0.09101944313811768,-0.374359587273988,0.1653229179505183,True
3837,0.9682539682539681,0.9365079365079365,0.004773042814120451,-0.5547081632979994,0.19301604085511323,True
3838,0.9841269841269841,0.9365079365079365,-0.030561039544478,-0.6181246272288456,0.20874029744429332,True
3839,1.0,0.9365079365079365,4.571962841672e-06,0.0002599861876497235,0.20709022608050898,True
3840,0.0,0.9523809523809523,-2.7922237583656223e-06,-6.767154083476782e-05,-0.03896909965473849,True
3841,0.015873015873015872,0.9523809523809523,-0.03433267159339893,0.12648818983506066,-0.04281545591005626,True
3842,0.031746031746031744,0.9523809523809523,-0.07835858807704454,0.15149192325217842,-0.04099689669639229,True
3843,0.047619047619047616,0.9523809523809523,-0.1002211107342277,0.1400420063014491,-0.03662695304267507,True
3844,0.06349206349206349,0.9523809523809523,-0.10322445000790632,0.1231108528490783,-0.031402972033408694,True
3845,0.07936507936507936,0.9523809523809523,-0.09472056473371625,0.10868903246484156,-0.025904994643188448,True
3846,0.09523809523809523,0.9523809523809523,-0.0785291939908995,0.09755237566520779,-0.02039190658095483,True
3847,0.1111111111111111,0.9523809523809523,-0.05781158674211842,0.089430303843391,-0.015142088851417445,True
3848,0.12698412698412698,0.9523809523809523,-0.0338128094794748,0.08352424768053471,-0.010364957834873432,True
3849,0.14285714285714285,0.9523809523809523,-0.00747207067043077,0.07922717018298109,-0.006265308256066879,True
3850,0.15873015873015872,0.9523809523809523,0.020362822671397895,0.07603637977591701,-0.0029915942945069516,True
3851,0.1746031746031746,0.9523809523809523,0.04875730958045697,0.0735432535149331,-0.0006360531895674886,True
3852,0.19047619047619047,0.9523809523809523,0.07798476217000642,0.07143060621403806,0.0007320503467595427,True
3853,0.20634920634920634,0.9523809523809523,0.10714189702107975,0.06949658953898383,0.0011205488446136337,True
3854,0.2222222222222222,0.9523809523809523,0.13635581268281002,0.06758782832528952,0.0005476620362247832,True
3855,0.23809523809523808,0.9523809523809523,0.16505037725513694,0.06560852398277688,-0.0009163737008662332,True
3856,0.25396825396825395,0.9523809523809523,0.19322797075783332,0.06350747610521063,-0.0031987231685424392,True
3857,0.2698412698412698,0.9523809523809523,0.22063904368924472,0.06124756429232989,-0.006196117161086679,True
3858,0.2857142857142857,0.9523809523809523,0.24719623550125783,0.05885128923609249,-0.009798533391208463,True
3859,0.30158730158730157,0.9523809523809523,0.27260299849224806,0.056298564211071524,-0.01389024004382943,True
3860,0.31746031746031744,0.9523809523809523,0.29702389729248413,0.05361509054801131,-0.018360944745913856,True
3861,0.3333333333333333,0.9523809523809523,0.3203124971249269,0.05082344773943521,-0.023095167433005048,True
3862,0.3492063492063492,0.9523809523809523,0.3423377303681708,0.04799008050165823,-0.02798374903928199,True
3863,0.36507936507936506,0.9523809523809523,0.3632092111458799,0.04505229076568972,-0.032925918864588344,True
3864,0.38095238095238093,0.9523809523809523,0.3829640410542518,0.042124292269235177,-0.03782770676613244,True
3865,0.3968253968253968,0.9523809523809523,0.40111535933922465,0.03917913109737579,-0.04260785427169419,True
3866,0.4126984126984127,0.9523809523809523,0.41822032668925285,0.036244648135806565,-0.04718545094757023,True
3867,0.42857142857142855,0.9523809523809523,0.43424981866130435,0.03336164373278204,-0.05149391242547197,True
3868,0.4444444444444444,0.9523809523809523,0.4488137817591052,0.030506849606223626,-0.05548321244873696,True
3869,0.4603174603174603,0.9523809523809523,0.46215024472453425,0.02774660901064891,-0.059108473878384284,True
3870,0.47619047619047616,0.9523809523809523,0.4743795347174973,0.02504770208700523,-0.06231893360544595,True
3871,0.49206349206349204,0.9523809523809523,0.48562496222641804,0.022426656638538274,-0.0650756733335234,True
3872,0.5079365079365079,0.9523809523809523,0.49548782868246716,0.019901161349264288,-0.06738456329062095,True
3873,0.5238095238095237,0.9523809523809523,0.5043627766079563,0.017467046861941865,-0.06919466748565885,True
3874,0.5396825396825397,0.9523809523809523,0.5122674300324722,0.0151084088887681,-0.07049204932797881,True
3875,0.5555555555555556,0.9523809523809523,0.5189526036637799,0.012883203746399037,-0.07130209669301897,True
3876,0.5714285714285714,0.9523809523809523,0.5247540516716873,0.010709281447150994,-0.07158023528493382,True
3877,0.5873015873015872,0.9523809523809523,0.5295713462391604,0.008656720865862014,-0.07134657461922825,True
3878,0.6031746031746031,0.9523809523809523,0.5334680256051845,0.006680409405602947,-0.07059067596320813,True
3879,0.6190476190476191,0.9523809523809523,0.5364354944173509,0.004750227870907364,-0.06931689654574855,True
3880,0.6349206349206349,0.9523809523809523,0.5385428832250495,0.0029359967158363955,-0.06753037699489653,True
3881,0.6507936507936507,0.9523809523809523,0.5397501231135655,0.0011419160118732428,-0.06522828868081779,True
3882,0.6666666666666666,0.9523809523809523,0.5401078604265274,-0.0005919104837229997,-0.06241444619313489,True
3883,0.6825396825396826,0.9523809523809523,0.5395820194419956,-0.002318368436394237,-0.059084967237480995,True
3884,0.6984126984126984,0.9523809523809523,0.5383333760650995,-0.004066209426904819,-0.05521780753378792,True
3885,0.7142857142857142,0.9523809523809523,0.53611591275283,-0.005865829946125406,-0.05081400674214765,True
3886,0.7301587301587301,0.9523809523809523,0.5329952317783189,-0.0077693471764361316,-0.04583433657932828,True
3887,0.746031746031746,0.9523809523809523,0.5289555959126656,-0.009870102735719585,-0.04022647856291016,True
3888,0.7619047619047619,0.9523809523809523,0.5238871296841251,-0.012275589231142562,-0.033919330301760225,True
3889,0.7777777777777777,0.9523809523809523,0.5175948039271401,-0.01510298322580736,-0.02680936389727593,True
3890,0.7936507936507936,0.9523809523809523,0.5099295997695903,-0.018567332876223856,-0.01874270652449941,True
3891,0.8095238095238095,0.9523809523809523,0.5005661406346151,-0.022918414828523703,-0.009511733101694427,True
3892,0.8253968253968254,0.9523809523809523,0.48908618286576777,-0.028504740939270985,0.0011718651221531379,True
3893,0.8412698412698412,0.9523809523809523,0.47492259387279095,-0.035822055113745456,0.013703571517845303,True
3894,0.8571428571428571,0.9523809523809523,0.45711292071525467,-0.045509863175580485,0.02854200299770672,True
3895,0.873015873015873,0.9523809523809523,0.4346274048346166,-0.05855284157516953,0.04637969048869729,True
3896,0.8888888888888888,0.9523809523809523,0.40577926849842366,-0.07630377027293196,0.0679974567890324,True
3897,0.9047619047619047,0.9523809523809523,0.3682986526184451,-0.10099953996527544,0.09429565971846095,True
3898,0.9206349206349206,0.9523809523809523,0.319038259400928,-0.13658932668936832,0.12609582360725458,True
3899,0.9365079365079365,0.9523809523809523,0.25354395816650926,-0.19034123072262393,0.16408193456354075,True
3900,0.9523809523809523,0.9523809523809523,0.16548667675663478,-0.2809589564273477,0.20723496255836713,True
3901,0.9682539682539681,0.9523809523809523,0.050231064336646786,-0.4545436962511722,0.2511858298353916,True
3902,0.9841269841269841,0.9523809523809523,-0.032225403262466486,-0.6250518695510601,0.28153322670240377,True
3903,1.0,0.9523809523809523,1.1090585052285528e-06,0.000248570703538728,0.2820460418202801,True
3904,0.0,0.9682539682539681,5.251207832623995e-05,-0.0007592484919502982,-0.05538150203700505,True
3905,0.015873015873015872,0.9682539682539681,-0.06184082400934237,0.1879226543438141,-0.06030596803123427,True
3906,0.031746031746031744,0.9682539682539681,-0.10024121954288409,0.17654838729232702,-0.051237381893750475,True
3907,0.047619047619047616,0.9682539682539681,-0.09064921723923847,0.13756057164439697,-0.04158211772829769,True
3908,0.06349206349206349,0.9682539682539681,-0.06274615450021225,0.10706547089750106,-0.033414505886924704,True
3909,0.07936507936507936,0.9682539682539681,-0.0290280517018967,0.08590567995363421,-0.026227638332048834,True
3910,0.09523809523809523,0.9682539682539681,0.006344076628220729,0.071341888770578,-0.019732611189597196,True
3911,0.1111111111111111,0.9682539682539681,0.040822739710210984,0.061311401659924346,-0.013904248168064647,True
3912,0.12698412698412698,0.9682539682539681,0.07456036418950157,0.054332414541630215,-0.008799782918398755,True
3913,0.14285714285714285,0.9682539682539681,0.10739249346689562,0.049442378196237945,-0.0045195722140473965,True
3914,0.15873015873015872,0.9682539682539681,0.13951698752931121,0.04595328233341594,-0.0011562637597742455,True
3915,0.1746031746031746,0.9682539682539681,0.1707214576298,0.0433823484849584,0.0012314847189207978,True
3916,0.19047619047619047,0.9682539682539681,0.20158215937709414,0.04139976432939715,0.002605791195547314,True
3917,0.20634920634920634,0.9682539682539681,0.2314241962412393,0.0397662119242739,0.002988442114819488,True
3918,0.2222222222222222,0.9682539682539681,0.2606982936721791,0.03831405319529388,0.0024092217324570286,True
3919,0.23809523809523808,0.9682539682539681,0.28945869204771646,0.03695830270553178,0.0009251801990489133,True
3920,0.25396825396825395,0.9682539682539681,0.31729902691818956,0.03559471345433318,-0.001367320217961352,True
3921,0.2698412698412698,0.9682539682539681,0.34436170083393036,0.03419801897420279,-0.004378044826299903,True
3922,0.2857142857142857,0.9682539682539681,0.3704415772342754,0.03276171581328709,-0.007995082256920366,True
3923,0.30158730158730157,0.9682539682539681,0.3955999095143692,0.031253850440849704,-0.01210758575995758,True
3924,0.31746031746031744,0.9682539682539681,0.41935405210649135,0.029679117570925586,-0.01659288011386226,True
3925,0.3333333333333333,0.9682539682539681,0.44230428298994773,0.028058395894885194,-0.021351925348338956,True
3926,0.3492063492063492,0.9682539682539681,0.46389337418343146,0.026399126695252677,-0.026268707018624056,True
3927,0.36507936507936506,0.9682539682539681,0.4845799905004115,0.02471197240429586,-0.031245002419128295,True
3928,0.38095238095238093,0.9682539682539681,0.50386021673455,0.023007066360271198,-0.036186160275399726,True
3929,0.3968253968253968,0.9682539682539681,0.5217708751865313,0.021333728845883696,-0.04100823911356168,True
3930,0.4126984126984127,0.9682539682539681,0.5387012238938663,0.019623598822701024,-0.04563269478358354,True
3931,0.42857142857142855,0.9682539682539681,0.5542315210805653,0.01797532162999556,-0.04999779631953099,True
3932,0.4444444444444444,0.9682539682539681,0.5686938693117944,0.016384545888888248,-0.05403806508763377,True
3933,0.4603174603174603,0.9682539682539681,0.5819653322352001,0.01476288761287863,-0.05771082158958901,True
3934,0.47619047619047616,0.9682539682539681,0.5938660443448821,0.013259304262909296,-0.06098258900845615,True
3935,0.49206349206349204,0.9682539682539681,0.6048086352644889,0.01177496098453068,-0.06380376895095821,True
3936,0.5079365079365079,0.9682539682539681,0.6145968250887417,0.01035936693150054,-0.06616274292050671,True
3937,0.5238095238095237,0.9682539682539681,0.6231842148468926,0.008994523920863837,-0.06803966052694532,True
3938,0.5396825396825397,0.9682539682539681,0.6309764697877664,0.007696089359372208,-0.06939122849637673,True
3939,0.5555555555555556,0.9682539682539681,0.6375265595101293,0.006455890788199099,-0.07025654346517339,True
3940,0.5714285714285714,0.9682539682539681,0.6431747816086194,0.005282340931387856,-0.07059561958648637,True
3941,0.5873015873015872,0.9682539682539681,0.6479840751811636,0.004177890699817978,-0.07040370617159339,True
3942,0.6031746031746031,0.9682539682539681,0.6518207073605554,0.003071931396432153,-0.06970210355999523,True
3943,0.6190476190476191,0.9682539682539681,0.6547604687118909,0.0020859449182030064,-0.06847840976573823,True
3944,0.6349206349206349,0.9682539682539681,0.65698865081662,0.0010962387408040431,-0.0667224177363412,True
3945,0.6507936507936507,0.9682539682539681,0.6583155589289645,0.00016273141901333065,-0.06445599848786629,True
3946,0.6666666666666666,0.9682539682539681,0.6588756146194591,-0.0007665431084821653,-0.061663615222559975,True
3947,0.6825396825396826,0.9682539682539681,0.6586659217984453,-0.0016705993252306218,-0.058340027940906376,True
3948,0.6984126984126984,0.9682539682539681,0.6577408591805476,-0.0025939580271551344,-0.0544669006254789,True
3949,0.7142857142857142,0.9682539682539681,0.6560048566190103,-0.0035443344146710277,-0.050026734005802376,True
3950,0.7301587301587301,0.9682539682539681,0.6533980970393578,-0.004567349175650643,-0.04498694567693044,True
3951,0.746031746031746,0.9682539682539681,0.649991473247709,-0.00571065170316825,-0.03927217202425134,True
3952,0.7619047619047619,0.9682539682539681,0.6456251504798579,-0.007026526087958321,-0.032802253604692695,True
3953,0.7777777777777777,0.9682539682539681,0.6401350830719827,-0.008609663287698773,-0.025455288905330577,True
3954,0.7936507936507936,0.9682539682539681,0.6333042375636917,-0.010569019448825817,-0.017058637886540162,True
3955,0.8095238095238095,0.9682539682539681,0.6248797161648612,-0.013050384174320197,-0.007358438597924807,True
3956,0.8253968253968254,0.9682539682539681,0.6143699081590904,-0.016276200216899257,0.003959719916578269,True
3957,0.8412698412698412,0.9682539682539681,0.6012737239586616,-0.02048992732098553,0.01737463756611702,True
3958,0.8571428571428571,0.9682539682539681,0.5846592159914019,-0.026151617913978208,0.03343927286088314,True
3959,0.873015873015873,0.9682539682539681,0.5633787046509935,-0.03369965631579579,0.052965850818348384,True
3960,0.8888888888888888,0.9682539682539681,0.5357959018521394,-0.04404873857652342,0.0769652020037661,True
3961,0.9047619047619047,0.9682539682539681,0.4995035849996158,-0.058532605673340024,0.106744978642648,True
3962,0.9206349206349206,0.9682539682539681,0.45089628640903223,-0.07964425488042881,0.14397200367984087,True
3963,0.9365079365079365,0.9682539682539681,0.38439128477508405,-0.1127511204253855,0.19074327050265436,True
3964,0.9523809523809523,0.9682539682539681,0.2898662018092267,-0.17256944278053918,0.24907423222786818,True
3965,0.9682539682539681,0.9682539682539681,0.14800405598431157,-0.30598089849373394,0.32004550205714044,True
3966,0.9841269841269841,0.9682539682539681,-0.019330751309266238,-0.5763980732760022,0.38778564226273127,True
3967,1.0,0.9682539682539681,8.793048107704084e-05,0.0011672373366960296,0.399343229352715,True
3968,0.0,0.9841269841269841,0.000794965848563614,0.0002052033488963536,-0.1116452013750445,True
3969,0.015873015873015872,0.9841269841269841,-0.0935585337417312,0.23257016533752992,-0.09684756603750379,True
3970,0.031746031746031744,0.9841269841269841,0.006519889645115131,0.13203266331563124,-0.0578544903132183,True
3971,0.047619047619047616,0.9841269841269841,0.11564719973264802,0.07935550296820326,-0.04062550666117695,True
3972,0.06349206349206349,0.9841269841269841,0.19955280776380827,0.05273213873268216,-0.030706085839299013,True
3973,0.07936507936507936,0.9841269841269841,0.2645465451281621,0.0378877648895084,-0.023259109964022938,True
3974,0.09523809523809523,0.9841269841269841,0.3162860389109593,0.02893610543367338,-0.016905380349730978,True
3975,0.1111111111111111,0.9841269841269841,0.35779608868224183,0.023291360778461022,-0.011314379991705415,True
3976,0.12698412698412698,0.9841269841269841,0.39334192060843476,0.01962710641289892,-0.0064471420971399865,True
3977,0.14285714285714285,0.9841269841269841,0.4243124304680492,0.017155511646470705,-0.0023707758398813943,True
3978,0.15873015873015872,0.9841269841269841,0.45241989350829476,0.015470937019521994,0.0008248898504687764,True
3979,0.1746031746031746,0.9841269841269841,0.47836867377465636,0.014283994499311593,0.0030782254975791653,True
3980,0.19047619047619047,0.9841269841269841,0.5026331979179549,0.013405699336991119,0.004358352203688051,True
3981,0.20634920634920634,0.9841269841269841,0.5257406091778406,0.012712996771118992,0.004666615330958118,True
3982,0.2222222222222222,0.9841269841269841,0.5479403043404505,0.012144858895816799,0.004028963278669151,True
3983,0.23809523809523808,0.9841269841269841,0.568901957412255,0.01161091792746206,0.0025191747847193007,True
3984,0.25396825396825395,0.9841269841269841,0.5892757639615045,0.011105161436789466,0.00020048715205526343,True
3985,0.2698412698412698,0.9841269841269841,0.6086573219572453,0.010616084963145525,-0.0028293161996586825,True
3986,0.2857142857142857,0.9841269841269841,0.6276187808796424,0.010079485813616645,-0.006458331709165296,True
3987,0.30158730158730157,0.9841269841269841,0.6451072612063378,0.009577141545741586,-0.010587347282169427,True
3988,0.31746031746031744,0.9841269841269841,0.6621867585519455,0.00902386875265443,-0.0150958351324192,True
3989,0.3333333333333333,0.9841269841269841,0.6781950347615998,0.008469474617644586,-0.019876319844730435,True
3990,0.3492063492063492,0.9841269841269841,0.6932494284961449,0.007903337817440653,-0.024820840756452245,True
3991,0.36507936507936506,0.9841269841269841,0.7073236119886952,0.007352302772428897,-0.029829420255688105,True
3992,0.38095238095238093,0.9841269841269841,0.7204779449935601,0.006773120478352921,-0.034808942451205145,True
3993,0.3968253968253968,0.9841269841269841,0.7327232085732274,0.006206483421081335,-0.03967246077225838,True
3994,0.4126984126984127,0.9841269841269841,0.7438521862622134,0.005665950215797547,-0.04434573793263324,True
3995,0.42857142857142855,0.9841269841269841,0.7542487667607308,0.005117430270810495,-0.048757013754306945,True
3996,0.4444444444444444,0.9841269841269841,0.7635801376946887,0.004606661698414746,-0.052849958873115215,True
3997,0.4603174603174603,0.9841269841269841,0.7720248994028455,0.004101710993412183,-0.05657718053853089,True
3998,0.47619047619047616,0.9841269841269841,0.7795278644513365,0.0036147936314092875,-0.05990676025606396,True
3999,0.49206349206349204,0.9841269841269841,0.7862981822925778,0.0031353114863583013,-0.06279634955910485,True
4000,0.5079365079365079,0.9841269841269841,0.7921538433179793,0.002709943136588347,-0.06520935175709615,True
4001,0.5238095238095237,0.9841269841269841,0.7973113312358833,0.0022904226800536764,-0.06712997146040846,True
4002,0.5396825396825397,0.9841269841269841,0.8016624807530253,0.00188831326157232,-0.06856563321309533,True
4003,0.5555555555555556,0.9841269841269841,0.8053485618822703,0.00151650082835476,-0.06947536734877006,True
4004,0.5714285714285714,0.9841269841269841,0.808386752559405,0.0011712273772442672,-0.06985613931123476,True
4005,0.5873015873015872,0.9841269841269841,0.8107327311869423,0.0008342397753716066,-0.06973740973685506,True
4006,0.6031746031746031,0.9841269841269841,0.8125199658608658,0.0005219631919210916,-0.0690800111025101,True
4007,0.6190476190476191,0.9841269841269841,0.8137490776133475,0.00023407312680755313,-0.06789014809654366,True
4008,0.6349206349206349,0.9841269841269841,0.8144336387405281,-5.801587689445133e-05,-0.06618752506201299,True
4009,0.6507936507936507,0.9841269841269841,0.814565759188028,-0.00031738412353039743,-0.06395421905965352,True
4010,0.6666666666666666,0.9841269841269841,0.8142182394856773,-0.000586845216499326,-0.06119318422983474,True
4011,0.6825396825396826,0.9841269841269841,0.8133645694713106,-0.0008489906388905502,-0.05789321156325792,True
4012,0.6984126984126984,0.9841269841269841,0.812012001469006,-0.0011129016784703805,-0.0540392257996242,True
4013,0.7142857142857142,0.9841269841269841,0.8101790830857379,-0.001399518382337869,-0.049596573790257954,True
4014,0.7301587301587301,0.9841269841269841,0.8078742759097122,-0.0017114314308740634,-0.0445180181041648,True
4015,0.746031746031746,0.9841269841269841,0.8048594693373285,-0.002066727878440171,-0.03876828302726765,True
4016,0.7619047619047619,0.9841269841269841,0.801272866105307,-0.0024957187534933494,-0.03221444863830859,True
4017,0.7777777777777777,0.9841269841269841,0.796852367970695,-0.0030087196635769633,-0.024749471840047117,True
4018,0.7936507936507936,0.9841269841269841,0.791391742950366,-0.0036682472687791404,-0.016178831998302844,True
4019,0.8095238095238095,0.9841269841269841,0.7847211239644254,-0.0045314387858500695,-0.006230586362459345,True
4020,0.8253968253968254,0.9841269841269841,0.7765298769865051,-0.005638472740711506,0.005455439852415023,True
4021,0.8412698412698412,0.9841269841269841,0.7662313422347292,-0.0070978233432144435,0.019342876978640542,True
4022,0.8571428571428571,0.9841269841269841,0.753209305397944,-0.009067589047544884,0.03609952344159102,True
4023,0.873015873015873,0.9841269841269841,0.7364038198395023,-0.011692435676309773,0.056546678857134734,True
4024,0.8888888888888888,0.9841269841269841,0.7147026146242986,-0.01526146597437608,0.0818894103199254,True
4025,0.9047619047619047,0.9841269841269841,0.6859196717383614,-0.02031562920589748,0.11367064147589918,True
4026,0.9206349206349206,0.9841269841269841,0.6472628311655931,-0.027725757156631402,0.15420314243653388,True
4027,0.9365079365079365,0.9841269841269841,0.5934795802021225,-0.039681027766336786,0.20703259185755024,True
4028,0.9523809523809523,0.9841269841269841,0.513732947928906,-0.0623657916547992,0.2785717042232791,True
4029,0.9682539682539681,0.9841269841269841,0.37900767821066866,-0.1211356286208502,0.3821899219854044,True
4030,0.9841269841269841,0.9841269841269841,0.0995770557746988,-0.3576981138901694,0.5462769384085714,True
4031,1.0,0.9841269841269841,0.00042720613806544337,-0.0003114762274667535,0.6395094419405004,True
4032,0.0,1.0,0.0,0.0,-1.5175718095962245,True
4033,0.015873015873015872,1.0,0.991586991049702,-0.0007507099383139663,-0.04268215843097854,True
4034,0.031746031746031744,1.0,1.0009423207652057,-0.0002146762222968355,-0.03330877810719529,True
4035,0.047619047619047616,1.0,1.0006259559735282,-5.365918461226735e-05,-0.02590946620344046,True
4036,0.06349206349206349,1.0,0.9998004606322827,-3.5190224887485045e-05,-0.02127851719545786,True
4037,0.07936507936507936,1.0,0.9998468175207073,-1.9724804293272597e-05,-0.016728253431283754,True
4038,0.09523809523809523,1.0,0.9997866627399106,-1.8200719770678154e-05,-0.012099507291783608,True
4039,0.1111111111111111,1.0,1.0000508369372403,-1.386534231944886e-05,-0.00758582312767528,True
4040,0.12698412698412698,1.0,0.9999566634573986,-9.779424506882871e-06,-0.0034221713068697023,True
4041,0.14285714285714285,1.0,1.0000877058722617,-8.62985933168481e-06,0.00017781402146510922,True
4042,0.15873015873015872,1.0,1.000247548856187,-5.082772485489481e-06,0.0030529473947734347,True
4043,0.1746031746031746,1.0,0.9999491883358806,-6.409130792980899e-06,0.0050835543070559515,True
4044,0.19047619047619047,1.0,0.9998949152392695,-2.8704718953110717e-06,0.006210752036972819,True
4045,0.20634920634920634,1.0,1.0000357204942496,-5.384772812686926e-06,0.006401906432992536,True
4046,0.2222222222222222,1.0,1.000209438099694,-4.8184437536174516e-06,0.005683930172892619,True
4047,0.23809523809523808,1.0,0.999886737753009,-4.396355178487668e-06,0.004093361350731098,True
4048,0.25396825396825395,1.0,1.000022907836636,-4.051781360208655e-06,0.0017207112344915486,True
4049,0.2698412698412698,1.0,1.000022103950586,2.7492632424599006e-07,-0.0013668236323508974,True
4050,0.2857142857142857,1.0,1.000120300339938,-3.3721983668469613e-06,-0.005052480921351536,True
4051,0.30158730158730157,1.0,0.9998793636618608,-5.2919387213207556e-06,-0.00923026546474791,True
4052,0.31746031746031744,1.0,0.999994473482703,-2.5493570374728028e-06,-0.01379663109989441,True
4053,0.3333333333333333,1.0,0.9999665197565214,-2.2871363759607437e-06,-0.018636217382243612,True
4054,0.3492063492063492,1.0,1.0001578302292282,-2.731180243012052e-06,-0.023642675623086713,True
4055,0.36507936507936506,1.0,0.9998953045114534,-3.184504125487502e-06,-0.0287142620906483,True
4056,0.38095238095238093,1.0,1.000069102889647,-2.1321889597120897e-07,-0.03375929747879769,True
4057,0.3968253968253968,1.0,1.0000695693469273,-2.234577251777965e-06,-0.03868605010268397,True
4058,0.4126984126984127,1.0,0.999953478394837,-1.5304350291991812e-06,-0.043422501681723104,True
4059,0.42857142857142855,1.0,0.9999670373341822,2.612228023154119e-07,-0.047908489933928426,True
4060,0.4444444444444444,1.0,1.0000910765512203,-2.612204651709969e-06,-0.05206880878032746,True
4061,0.4603174603174603,1.0,0.9999338288584644,-1.4683079270947953e-06,-0.055866440198870826,True
4062,0.47619047619047616,1.0,1.000027757117954,-3.2477009314026366e-07,-0.059259365184205035,True
4063,0.49206349206349204,1.0,1.0000325732874167,-9.927059795176534e-07,-0.06219620366799385,True
4064,0.5079365079365079,1.0,0.9999819457820134,-8.103291053567613e-07,-0.06467515690150083,True
4065,0.5238095238095237,1.0,1.0000119444618232,1.264697262189063e-07,-0.06666333372399649,True
4066,0.5396825396825397,1.0,1.00000436117088,-1.2414530942812314e-06,-0.06814927428742301,True
4067,0.5555555555555556,1.0,1.0000140961866044,-6.713385387541628e-07,-0.0691105125878169,True
4068,0.5714285714285714,1.0,1.000004260878941,-3.8204786482284845e-07,-0.06954299796110859,True
4069,0.5873015873015872,1.0,0.9999983576285627,-3.27526353759327e-07,-0.0694614464144258,True
4070,0.6031746031746031,1.0,0.9999987287642303,1.5279042691429373e-07,-0.0688600711757315,True
4071,0.6190476190476191,1.0,1.0000017232754714,-4.6408398066843525e-07,-0.06772188241931701,True
4072,0.6349206349206349,1.0,0.9999848281529399,1.216108986039653e-08,-0.06604731330431707,True
4073,0.6507936507936507,1.0,1.000012245806677,7.521621606490027e-08,-0.06385796563508855,True
4074,0.6666666666666666,1.0,0.9999860586437985,1.2156168738803222e-07,-0.06113092126934422,True
4075,0.6825396825396826,1.0,0.9999881730207153,2.131273664325439e-07,-0.05786215073355077,True
4076,0.6984126984126984,1.0,0.9999846157055878,2.9449793715989947e-07,-0.05403834311322281,True
4077,0.7142857142857142,1.0,0.9999552344496786,5.21086307865783e-07,-0.0496218749702902,True
4078,0.7301587301587301,1.0,1.0000076980406198,5.201502849232429e-07,-0.04457303945123486,True
4079,0.746031746031746,1.0,0.9999887773051571,7.440930404702726e-07,-0.03884289419619828,True
4080,0.7619047619047619,1.0,0.9999487487858459,9.334384478649042e-07,-0.032311759435269684,True
4081,0.7777777777777777,1.0,1.0000450495825173,1.4047237313236272e-06,-0.02487055521850018,True
4082,0.7936507936507936,1.0,0.9999870246633183,1.4451680751057267e-06,-0.016307763028796936,True
4083,0.8095238095238095,1.0,0.9999776455971809,-1.380480442650355e-07,-0.006370744970120631,True
4084,0.8253968253968254,1.0,0.9999459114441422,1.5128082764732933e-06,0.005286705753209997,True
4085,0.8412698412698412,1.0,0.9999144735312345,2.8368532111842836e-06,0.019159717388757876,True
4086,0.8571428571428571,1.0,0.9999758789092835,2.710058082372141e-06,0.03585923241971452,True
4087,0.873015873015873,1.0,0.9999528697271335,5.2534385016755005e-06,0.056299262129400444,True
4088,0.8888888888888888,1.0,0.99992944923279,1.0440877578933981e-05,0.08158460126596313,True
4089,0.9047619047619047,1.0,0.999837681823922,9.559087190267052e-06,0.11338714207473097,True
4090,0.9206349206349206,1.0,1.0000109490752946,1.7403767860940257e-05,0.15401827477063917,True
4091,0.9365079365079365,1.0,0.9999897349923993,2.865499960551578e-05,0.20734966366234706,True
4092,0.9523809523809523,1.0,0.9995559185829869,3.22770152661599e-05,0.28086656096631296,True
4093,0.9682539682539681,1.0,1.0007419996105946,0.0001226915356126383,0.3931712299304572,True
4094,0.9841269841269841,1.0,0.9886297803063535,0.00045420178611678505,0.6093934510824751,True
4095,1.0,1.0,0.0,0.0,3.177494220449628,True
