,x,y,u (m/s),v (m/s),p (Pa),mask
0,0.0,0.0,0.0,0.0,0.0,True
1,0.015873015873015872,0.0,-1.0190732632353816e-07,3.279839855650217e-09,1.597036384608164e-05,True
2,0.031746031746031744,0.0,-2.4123955315689906e-07,-1.165324875996689e-08,-5.950803962916072e-05,True
3,0.047619047619047616,0.0,7.51761328054929e-08,-1.041496160254994e-08,-0.0002373860757576834,True
4,0.06349206349206349,0.0,-4.5236763802886805e-08,-5.109411483609234e-10,-0.00048543214354916485,True
5,0.07936507936507936,0.0,-2.7637802002850537e-07,1.502465423760774e-08,-0.0007733610367744317,True
6,0.09523809523809523,0.0,3.316990796365568e-07,-4.857746690959308e-09,-0.0010777953189514073,True
7,0.1111111111111111,0.0,-1.4629278025916145e-08,-2.444073522396925e-08,-0.0013806818272470093,True
8,0.12698412698412698,0.0,5.973144615295934e-08,-6.170357763683672e-09,-0.0016685674042797491,True
9,0.14285714285714285,0.0,-1.4076860565767559e-06,-7.316934787568876e-10,-0.001931800385640011,True
10,0.15873015873015872,0.0,-3.599571264280579e-06,1.594708889573787e-08,-0.002163548911241033,True
11,0.1746031746031746,0.0,1.1014207547009226e-06,-6.6219650803332624e-09,-0.002358975915715983,True
12,0.19047619047619047,0.0,4.30558283383147e-06,-2.9145647561322893e-08,-0.002514598804049816,True
13,0.20634920634920634,0.0,4.19303743888223e-07,-1.5280118777589983e-08,-0.002628390406201806,True
14,0.2222222222222222,0.0,-2.896200969250398e-06,4.8796458544923145e-08,-0.002698389300398378,True
15,0.23809523809523808,0.0,2.5926813592510343e-06,-5.3714636023165787e-08,-0.002725025135871087,True
16,0.25396825396825395,0.0,-5.249573902567677e-07,-4.827805248390514e-09,-0.0027071681925988846,True
17,0.2698412698412698,0.0,2.551224440816855e-06,-2.6193080750009673e-09,-0.0026443489005193413,True
18,0.2857142857142857,0.0,-6.25904400047698e-07,1.0012297643656911e-07,-0.0025368890359326384,True
19,0.30158730158730157,0.0,3.1944402466621552e-06,-5.8891716044198885e-08,-0.0023856921490522575,True
20,0.31746031746031744,0.0,3.7958047240822846e-07,1.93166625599769e-09,-0.00218955551766008,True
21,0.3333333333333333,0.0,8.338010289415039e-07,-8.84821068967369e-10,-0.001949670629281721,True
22,0.3492063492063492,0.0,-1.6630990988299177e-06,3.467467969633942e-08,-0.001666838546913889,True
23,0.36507936507936506,0.0,2.9915353100495845e-07,-7.635518539693473e-08,-0.0013421144560536826,True
24,0.38095238095238093,0.0,-1.1254922159093762e-06,1.0457993051922572e-08,-0.0009756836023050226,True
25,0.3968253968253968,0.0,-3.1455335379852715e-06,-3.626844884878129e-08,-0.0005695083770207124,True
26,0.4126984126984127,0.0,4.25210971996094e-06,4.779970633733978e-08,-0.00012699960249169776,True
27,0.42857142857142855,0.0,-3.659517804443892e-06,-4.04888153392928e-08,0.0003500732820860377,True
28,0.4444444444444444,0.0,2.888890675180098e-06,2.999807000088896e-08,0.0008588682460043658,True
29,0.4603174603174603,0.0,-2.0454163552005703e-06,-2.45460660434176e-08,0.0013945866753624211,True
30,0.47619047619047616,0.0,1.1090382950789534e-06,2.9006371966775733e-08,0.001953474135336145,True
31,0.49206349206349204,0.0,-7.119359126203514e-07,-5.1136968275643964e-09,0.0025296168193844966,True
32,0.5079365079365079,0.0,5.953729931300264e-07,-2.612238471251372e-08,0.0031183896857270997,True
33,0.5238095238095237,0.0,-1.783688839305965e-06,4.974952716572368e-08,0.0037116526386941242,True
34,0.5396825396825397,0.0,2.532050197896787e-06,-6.117378572294342e-08,0.004301938740689173,True
35,0.5555555555555556,0.0,-3.1415009538334274e-06,5.056792005227026e-08,0.004883808137110829,True
36,0.5714285714285714,0.0,3.679493056396453e-06,-5.024679440486225e-08,0.0054474884117294954,True
37,0.5873015873015872,0.0,-2.43216901048206e-06,1.8652570069610524e-08,0.005986370103723902,True
38,0.6031746031746031,0.0,-1.0329523534861905e-06,2.2154427303345092e-08,0.006493172554604605,True
39,0.6190476190476191,0.0,8.886431408542693e-08,-2.5314390032486502e-08,0.006958732294891847,True
40,0.6349206349206349,0.0,3.32440041084804e-06,-4.0473744375426716e-09,0.007375717932402976,True
41,0.6507936507936507,0.0,-5.619211438259201e-06,9.339758314885885e-09,0.007739749863454923,True
42,0.6666666666666666,0.0,2.168643358897558e-06,-2.6823454077557035e-09,0.008042995965608282,True
43,0.6825396825396826,0.0,1.2982506524906585e-06,-7.995010684540151e-10,0.008281472550876239,True
44,0.6984126984126984,0.0,-3.930211068997239e-06,3.2123364190843084e-09,0.008451474252528627,True
45,0.7142857142857142,0.0,6.401896572831651e-06,-9.652685997734693e-09,0.008550815805213904,True
46,0.7301587301587301,0.0,-3.3230222697822845e-06,2.5210305868523477e-08,0.00857799815937514,True
47,0.746031746031746,0.0,-6.314773906770161e-07,-1.554479503349883e-08,0.008535562211057375,True
48,0.7619047619047619,0.0,-3.85385602263271e-06,-3.323738893887923e-08,0.008424307120143703,True
49,0.7777777777777777,0.0,4.053550038153547e-06,1.2207368056453003e-08,0.008249093029395183,True
50,0.7936507936507936,0.0,1.5241250411230278e-06,2.646395797252284e-09,0.008015172469113608,True
51,0.8095238095238095,0.0,-2.4350652818282567e-06,1.3148390694806102e-08,0.007729872287643461,True
52,0.8253968253968254,0.0,3.4671069424174213e-07,2.121867162707914e-08,0.007402736396408147,True
53,0.8412698412698412,0.0,1.2421055882907536e-08,-2.8762275924518444e-08,0.007043121547230815,True
54,0.8571428571428571,0.0,-1.1144935613896154e-06,-1.1530683292268845e-08,0.006663164093934478,True
55,0.873015873015873,0.0,-6.422226563775113e-08,-3.880104447592858e-10,0.006275819083601698,True
56,0.8888888888888888,0.0,3.2781950735936635e-08,4.97554600029896e-09,0.005895070707648563,True
57,0.9047619047619047,0.0,1.0259831075769762e-07,2.7626712843982044e-09,0.005536487100571697,True
58,0.9206349206349206,0.0,2.6983193674948737e-09,-8.477353307078973e-09,0.005216291692014312,True
59,0.9365079365079365,0.0,-2.1063487998327906e-07,7.893719366477367e-09,0.004952192281179297,True
60,0.9523809523809523,0.0,-4.041412795704086e-08,1.1544429699113996e-08,0.004761628428189155,True
61,0.9682539682539681,0.0,-4.240571749396063e-07,-3.177116544108748e-09,0.0046608538540954475,True
62,0.9841269841269841,0.0,6.48730884770749e-08,-2.1789449308203586e-09,0.0046544395674515205,True
63,1.0,0.0,0.0,0.0,0.0046877919942122,True
64,0.0,0.015873015873015872,4.375249065558121e-09,-8.49741157830014e-08,-1.5924316429240034e-05,True
65,0.015873015873015872,0.015873015873015872,3.217588177038409e-05,-3.2128690644022754e-05,2.3263819725239844e-08,True
66,0.031746031746031744,0.015873015873015872,7.377471557262256e-05,-2.2825168831238428e-05,-6.75850539132934e-05,True
67,0.047619047619047616,0.015873015873015872,7.271090478396796e-05,9.36514624004199e-06,-0.00021306579223919804,True
68,0.06349206349206349,0.015873015873015872,2.622024867419312e-06,5.043954351092954e-05,-0.0004170654536169241,True
69,0.07936507936507936,0.015873015873015872,-0.00014604955464491497,9.3275051551711e-05,-0.0006576735891239133,True
70,0.09523809523809523,0.015873015873015872,-0.0003739249624968386,0.00013432646249632538,-0.0009160041356522102,True
71,0.1111111111111111,0.015873015873015872,-0.0006742712575356869,0.00017121936808001836,-0.0011764952597753562,True
72,0.12698412698412698,0.015873015873015872,-0.001043822655333605,0.00020424708015585793,-0.0014265604523207565,True
73,0.14285714285714285,0.015873015873015872,-0.0014687111419249908,0.0002325091624947358,-0.0016574273092425744,True
74,0.15873015873015872,0.015873015873015872,-0.0019461647707215961,0.0002556697385769434,-0.0018618167301548171,True
75,0.1746031746031746,0.015873015873015872,-0.002463236687510638,0.0002747054446612138,-0.0020348776292996194,True
76,0.19047619047619047,0.015873015873015872,-0.0030114142878107193,0.0002890615581229564,-0.0021732235147160837,True
77,0.20634920634920634,0.015873015873015872,-0.003586364736139283,0.0003004115051265677,-0.0022738759709641275,True
78,0.2222222222222222,0.015873015873015872,-0.004177921881479146,0.0003076858604847164,-0.002335655266372338,True
79,0.23809523809523808,0.015873015873015872,-0.004780271635904417,0.00031170518990066806,-0.002357330015959337,True
80,0.25396825396825395,0.015873015873015872,-0.005388201155865172,0.0003128346738134129,-0.0023380147125040785,True
81,0.2698412698412698,0.015873015873015872,-0.005993942026651838,0.000311285630075023,-0.002277442994991439,True
82,0.2857142857142857,0.015873015873015872,-0.00659436658888082,0.0003063001105538446,-0.0021759098690640926,True
83,0.30158730158730157,0.015873015873015872,-0.007183986155163498,0.00029875070543015404,-0.0020330118702888613,True
84,0.31746031746031744,0.015873015873015872,-0.007755806653257789,0.00028943868971624277,-0.0018484616556674151,True
85,0.3333333333333333,0.015873015873015872,-0.008306136450533155,0.00027707507482796034,-0.00162346960782362,True
86,0.3492063492063492,0.015873015873015872,-0.008830190637722073,0.00026253337598864236,-0.0013581447560237522,True
87,0.36507936507936506,0.015873015873015872,-0.009324139168305138,0.00024421558582481313,-0.0010544346154493084,True
88,0.38095238095238093,0.015873015873015872,-0.009767626417607377,0.00022557562371704093,-0.0007110926615365559,True
89,0.3968253968253968,0.015873015873015872,-0.010192325109377827,0.0002014958777538156,-0.00033354865001556836,True
90,0.4126984126984127,0.015873015873015872,-0.010557194950416328,0.0001766054468815597,7.948459005163834e-05,True
91,0.42857142857142855,0.015873015873015872,-0.010869391591656776,0.00014997671443718537,0.000525076038767438,True
92,0.4444444444444444,0.015873015873015872,-0.011132370783992086,0.00011939091040831518,0.0009978729654732759,True
93,0.4603174603174603,0.015873015873015872,-0.01133147610663899,8.774123120682436e-05,0.001496346948239353,True
94,0.47619047619047616,0.015873015873015872,-0.011465674443790392,5.508970095886134e-05,0.002016129450292059,True
95,0.49206349206349204,0.015873015873015872,-0.011536645613912322,1.8554681611351066e-05,0.0025501575282119875,True
96,0.5079365079365079,0.015873015873015872,-0.011536469930762832,-1.7490472359807868e-05,0.0030962651765233267,True
97,0.5238095238095237,0.015873015873015872,-0.01146731614217274,-5.481406424436626e-05,0.003645610201641217,True
98,0.5396825396825397,0.015873015873015872,-0.011322371239448875,-9.234841590125584e-05,0.004192354711925846,True
99,0.5555555555555556,0.015873015873015872,-0.011102394728960772,-0.0001302133508375085,0.004729735463162442,True
100,0.5714285714285714,0.015873015873015872,-0.01081493391863743,-0.00016679674043630334,0.005251002712764502,True
101,0.5873015873015872,0.015873015873015872,-0.010460900779787157,-0.00020174533797839562,0.005749226656596126,True
102,0.6031746031746031,0.015873015873015872,-0.010032523681362948,-0.00023546565848010843,0.006216269963746021,True
103,0.6190476190476191,0.015873015873015872,-0.009549769373986194,-0.00026610689427946824,0.006646168683379509,True
104,0.6349206349206349,0.015873015873015872,-0.009013447160597904,-0.0002935693405856851,0.0070317588835211095,True
105,0.6507936507936507,0.015873015873015872,-0.008406731328670005,-0.0003183987197301696,0.007366877027886893,True
106,0.6666666666666666,0.015873015873015872,-0.007783120828422976,-0.00033756244008456343,0.0076476524620783136,True
107,0.6825396825396826,0.015873015873015872,-0.007110920252864154,-0.0003528534126894013,0.007868485639384347,True
108,0.6984126984126984,0.015873015873015872,-0.006415996478561113,-0.00036293360382329916,0.008026781582025522,True
109,0.7142857142857142,0.015873015873015872,-0.005720027127006939,-0.00036743543847766774,0.008120736069845692,True
110,0.7301587301587301,0.015873015873015872,-0.00499298381036462,-0.0003660961427977179,0.008149852253296135,True
111,0.746031746031746,0.015873015873015872,-0.004299368801633392,-0.00035954991536129655,0.008114499677894776,True
112,0.7619047619047619,0.015873015873015872,-0.0036183699316439644,-0.0003474345154734416,0.00801742854269912,True
113,0.7777777777777777,0.015873015873015872,-0.0029596770640381628,-0.00032904903406224563,0.007862916488223558,True
114,0.7936507936507936,0.015873015873015872,-0.0023426081413239854,-0.00030587167529163087,0.007655698976098221,True
115,0.8095238095238095,0.015873015873015872,-0.0017732839157536902,-0.00027772877153959966,0.007403100048585367,True
116,0.8253968253968254,0.015873015873015872,-0.0012672871878229531,-0.00024506649339567436,0.007112816567611427,True
117,0.8412698412698412,0.015873015873015872,-0.0008215226768349013,-0.0002085716366394041,0.00679498185398754,True
118,0.8571428571428571,0.015873015873015872,-0.00045040091806433034,-0.00016966954693916733,0.006459686863370016,True
119,0.873015873015873,0.015873015873015872,-0.00015608126388851445,-0.00012902254995159204,0.006118631963103674,True
120,0.8888888888888888,0.015873015873015872,6.058997164746161e-05,-8.777056497018336e-05,0.005785052103587681,True
121,0.9047619047619047,0.015873015873015872,0.00019984690557525432,-4.694953677343845e-05,0.0054725640732514414,True
122,0.9206349206349206,0.015873015873015872,0.00026452220226611694,-8.932101475887984e-06,0.005195007588481625,True
123,0.9365079365079365,0.015873015873015872,0.0002622376238414742,2.3734244402748026e-05,0.0049668363118681134,True
124,0.9523809523809523,0.015873015873015872,0.00020692747351651038,4.6802077150279184e-05,0.004801311964587333,True
125,0.9682539682539681,0.015873015873015872,0.0001209842241848433,5.439482230886003e-05,0.004708253361017415,True
126,0.9841269841269841,0.015873015873015872,3.784925011252384e-05,3.7884983218581894e-05,0.004687760773042262,True
127,1.0,0.015873015873015872,-6.942274370828133e-10,4.711391927620211e-08,0.004721169704821667,True
128,0.0,0.031746031746031744,6.753958477377036e-09,2.3059782897663677e-07,5.971077562660876e-05,True
129,0.015873015873015872,0.031746031746031744,2.2980787537076276e-05,-7.379367407848959e-05,6.772786401866136e-05,True
130,0.031746031746031744,0.031746031746031744,2.4339518971918505e-05,-2.3990409153990134e-05,-4.0513846323173945e-07,True
131,0.047619047619047616,0.031746031746031744,-5.851230605345556e-05,9.1373158279746e-05,-0.00013123946382436553,True
132,0.06349206349206349,0.031746031746031744,-0.0002601286979141914,0.00023575113641641725,-0.0003086378821603026,True
133,0.07936507936507936,0.031746031746031744,-0.0005990334723775178,0.0003896442577751118,-0.0005162639844998375,True
134,0.09523809523809523,0.031746031746031744,-0.0010715656397806837,0.0005369894097829569,-0.0007395417868668,True
135,0.1111111111111111,0.031746031746031744,-0.0016752323553966206,0.0006733863207898821,-0.0009653598696418426,True
136,0.12698412698412698,0.031746031746031744,-0.00239664390928436,0.0007943212002881333,-0.0011834587610888043,True
137,0.14285714285714285,0.031746031746031744,-0.003222131479248599,0.000898486036628488,-0.0013855256233120282,True
138,0.15873015873015872,0.031746031746031744,-0.00413447023163249,0.0009861035387573177,-0.0015652589647082895,True
139,0.1746031746031746,0.031746031746031744,-0.005128743775552433,0.001057531407686192,-0.0017176017619252705,True
140,0.19047619047619047,0.031746031746031744,-0.0061852130600599155,0.0011147671357005877,-0.0018389617197748706,True
141,0.20634920634920634,0.031746031746031744,-0.007275209441005505,0.001154767720369373,-0.0019277522974530655,True
142,0.2222222222222222,0.031746031746031744,-0.008404391710903769,0.0011827558611991528,-0.0019810985831605283,True
143,0.23809523809523808,0.031746031746031744,-0.009553877468386596,0.001198524186734251,-0.0019979534730551855,True
144,0.25396825396825395,0.031746031746031744,-0.010713009721470445,0.0012018664862621475,-0.0019779129123160414,True
145,0.2698412698412698,0.031746031746031744,-0.011869816624288954,0.001194762424044419,-0.001919898271381505,True
146,0.2857142857142857,0.031746031746031744,-0.013008438864264546,0.0011765635807643505,-0.0018240873907162173,True
147,0.30158730158730157,0.031746031746031744,-0.014135969741755528,0.001147812036574718,-0.0016903087619175522,True
148,0.31746031746031744,0.031746031746031744,-0.0152195807621383,0.0011093814585438461,-0.0015184375780230514,True
149,0.3333333333333333,0.031746031746031744,-0.016265034710856652,0.001060563307899777,-0.0013091113798355768,True
150,0.3492063492063492,0.031746031746031744,-0.01725406177912549,0.0010028946935526236,-0.001062266374948301,True
151,0.36507936507936506,0.031746031746031744,-0.018190726530276834,0.0009335471516340327,-0.0007796439225987129,True
152,0.38095238095238093,0.031746031746031744,-0.019039607487305373,0.0008575970322608671,-0.0004613754691745758,True
153,0.3968253968253968,0.031746031746031744,-0.01982852166740452,0.0007670630823746585,-0.00011066206019689154,True
154,0.4126984126984127,0.031746031746031744,-0.020503354900226194,0.0006749159545873536,0.00027389796328071593,True
155,0.42857142857142855,0.031746031746031744,-0.02110883806862168,0.0005630982769037568,0.0006846334611287279,True
156,0.4444444444444444,0.031746031746031744,-0.0215819699998396,0.00045383326068987784,0.0011248543134240823,True
157,0.4603174603174603,0.031746031746031744,-0.021956818544404764,0.0003292823089598202,0.0015860381604407994,True
158,0.47619047619047616,0.031746031746031744,-0.02220392432797984,0.0002017785276415644,0.002067032302522855,True
159,0.49206349206349204,0.031746031746031744,-0.02232964051867178,6.535093970049201e-05,0.002561511407537188,True
160,0.5079365079365079,0.031746031746031744,-0.02232110885017099,-7.199327090567252e-05,0.00306762682638929,True
161,0.5238095238095237,0.031746031746031744,-0.022170867693340455,-0.00021707362150977244,0.0035748853472222,True
162,0.5396825396825397,0.031746031746031744,-0.021895185129929093,-0.0003581159663121485,0.00408073081108839,True
163,0.5555555555555556,0.031746031746031744,-0.021483167156597937,-0.0004989716339485221,0.004578152225547261,True
164,0.5714285714285714,0.031746031746031744,-0.020930508339990533,-0.0006398635237685152,0.00505923888852782,True
165,0.5873015873015872,0.031746031746031744,-0.02026064640263993,-0.0007699080367448096,0.005520075707178057,True
166,0.6031746031746031,0.031746031746031744,-0.019452575434839973,-0.0008990312425647369,0.0059507628672945435,True
167,0.6190476190476191,0.031746031746031744,-0.018536675331974607,-0.0010151886526285638,0.0063476723228088686,True
168,0.6349206349206349,0.031746031746031744,-0.017522720119689805,-0.001118658673678896,0.006704350664207721,True
169,0.6507936507936507,0.031746031746031744,-0.01640915933107421,-0.0012092715410961664,0.007014475009240794,True
170,0.6666666666666666,0.031746031746031744,-0.015215995484331068,-0.0012842105747547382,0.007274098707441991,True
171,0.6825396825396826,0.031746031746031744,-0.013963072600076936,-0.0013409787576575693,0.0074792445394313845,True
172,0.6984126984126984,0.031746031746031744,-0.01266610817422401,-0.001379093310107525,0.0076267361569380895,True
173,0.7142857142857142,0.031746031746031744,-0.011327302991835568,-0.001397169630064137,0.0077152182472231745,True
174,0.7301587301587301,0.031746031746031744,-0.010010159623599165,-0.0013938608327057297,0.007744693746673571,True
175,0.746031746031746,0.031746031746031744,-0.008681607406252512,-0.001368732784514188,0.007716046618456189,True
176,0.7619047619047619,0.031746031746031744,-0.007387357017771083,-0.0013227879397256681,0.0076309761621175184,True
177,0.7777777777777777,0.031746031746031744,-0.006160777432704185,-0.0012577806950068273,0.007493437232345461,True
178,0.7936507936507936,0.031746031746031744,-0.0049867232850924394,-0.0011703064973165786,0.007309353682647592,True
179,0.8095238095238095,0.031746031746031744,-0.003909704753247964,-0.0010677645066084751,0.007083565080893466,True
180,0.8253968253968254,0.031746031746031744,-0.0029329316852503102,-0.0009469268813901619,0.006825104802505584,True
181,0.8412698412698412,0.031746031746031744,-0.0020759031276530696,-0.0008144322003703572,0.006541749177963029,True
182,0.8571428571428571,0.031746031746031744,-0.00134360490417354,-0.0006699608067324855,0.006243761840833991,True
183,0.873015873015873,0.031746031746031744,-0.0007494068216363476,-0.0005201664248646857,0.005941450492174185,True
184,0.8888888888888888,0.031746031746031744,-0.00029352402026332957,-0.000367731654905964,0.0056463318070020824,True
185,0.9047619047619047,0.031746031746031744,2.2436293579594215e-05,-0.0002195135352694415,0.00537016031967852,True
186,0.9206349206349206,0.031746031746031744,0.0002075716912098472,-8.156259480842851e-05,0.005124987581504619,True
187,0.9365079365079365,0.031746031746031744,0.0002751490129261425,3.692540459432715e-05,0.0049227643208244005,True
188,0.9523809523809523,0.031746031746031744,0.0002470583487487208,0.00012189905637069459,0.0047739197902513285,True
189,0.9682539682539681,0.031746031746031744,0.00015826481738479144,0.00015726135636521933,0.004686919281809166,True
190,0.9841269841269841,0.031746031746031744,5.4682454487446934e-05,0.00012095002389408078,0.004667206839859929,True
191,1.0,0.031746031746031744,4.748851798958307e-09,1.3981494042902545e-07,0.004715486856213431,True
192,0.0,0.047619047619047616,1.893723969637415e-09,2.0183661635830654e-08,0.00023978040569361936,True
193,0.015873015873015872,0.047619047619047616,-8.955540389647242e-06,-7.343235395016696e-05,0.000214700327312731,True
194,0.031746031746031744,0.047619047619047616,-9.229945565320204e-05,5.898277310016856e-05,0.00012943050352933434,True
195,0.047619047619047616,0.047619047619047616,-0.0003066279632167247,0.00030362915539788426,-3.084635317184572e-06,True
196,0.06349206349206349,0.047619047619047616,-0.0006864393732284641,0.0006022904506038878,-0.00017042194464801178,True
197,0.07936507936507936,0.047619047619047616,-0.001244681559398371,0.0009152819524421246,-0.0003603587116503461,True
198,0.09523809523809523,0.047619047619047616,-0.0019849326073716205,0.0012209574544165237,-0.0005612439467674532,True
199,0.1111111111111111,0.047619047619047616,-0.002894094726301323,0.001502432111806435,-0.0007633183219441272,True
200,0.12698412698412698,0.047619047619047616,-0.0039630712973010495,0.0017550169470853028,-0.0009577057475532872,True
201,0.14285714285714285,0.047619047619047616,-0.005174415559335554,0.001974969843227553,-0.0011375200103666675,True
202,0.15873015873015872,0.047619047619047616,-0.006504276783769086,0.0021594403208940434,-0.0012974589587391408,True
203,0.1746031746031746,0.047619047619047616,-0.007938536707695695,0.002311249812931772,-0.0014329101158956131,True
204,0.19047619047619047,0.047619047619047616,-0.009447896784128582,0.0024299415161402253,-0.0015409826911960663,True
205,0.20634920634920634,0.047619047619047616,-0.011035608509324026,0.0025186595062696767,-0.0016189405073214233,True
206,0.2222222222222222,0.047619047619047616,-0.012658773688550843,0.0025784251068905932,-0.0016652357518082692,True
207,0.23809523809523808,0.047619047619047616,-0.014312283826463813,0.0026102548068577965,-0.0016787358213080788,True
208,0.25396825396825395,0.047619047619047616,-0.015974068330401964,0.002617582064128899,-0.001658116688941568,True
209,0.2698412698412698,0.047619047619047616,-0.01763203486585472,0.0025998898259451285,-0.001603203906799619,True
210,0.2857142857142857,0.047619047619047616,-0.019260900812826498,0.0025600998524878834,-0.0015131757663080392,True
211,0.30158730158730157,0.047619047619047616,-0.020876102228474944,0.0024953030354988655,-0.0013887016861535545,True
212,0.31746031746031744,0.047619047619047616,-0.02242718329547405,0.0024098156841317843,-0.0012289079435909575,True
213,0.3333333333333333,0.047619047619047616,-0.023919076735009842,0.0023021295843342225,-0.0010344689392431847,True
214,0.3492063492063492,0.047619047619047616,-0.025335807289357654,0.0021726875188088778,-0.0008056201212013468,True
215,0.36507936507936506,0.047619047619047616,-0.026647847874765145,0.0020253225022162434,-0.0005424463760155292,True
216,0.38095238095238093,0.047619047619047616,-0.02787697618035532,0.0018510958235630006,-0.0002479862478071706,True
217,0.3968253968253968,0.047619047619047616,-0.028975142920459645,0.0016618576137426009,7.87814373160777e-05,True
218,0.4126984126984127,0.047619047619047616,-0.029956822156887598,0.001445297555640478,0.0004337745634338559,True
219,0.42857142857142855,0.047619047619047616,-0.030783729245218196,0.001217508724991106,0.0008175278733935599,True
220,0.4444444444444444,0.047619047619047616,-0.03146259970419043,0.0009688463152469575,0.0012253122915162216,True
221,0.4603174603174603,0.047619047619047616,-0.031985435451220706,0.0007008092466202759,0.0016537059773922055,True
222,0.47619047619047616,0.047619047619047616,-0.03232328254729222,0.00042485150603547233,0.002101318672749747,True
223,0.49206349206349204,0.047619047619047616,-0.032490425149302074,0.0001320245043056679,0.002561431608368606,True
224,0.5079365079365079,0.047619047619047616,-0.03246954640649097,-0.00017130356797787397,0.003031331594522368,True
225,0.5238095238095237,0.047619047619047616,-0.032260231600216877,-0.00046873253412549993,0.0035056431257796273,True
226,0.5396825396825397,0.047619047619047616,-0.031852141468520785,-0.0007856025983117084,0.003974141694269209,True
227,0.5555555555555556,0.047619047619047616,-0.03126346455605843,-0.0010846610640607515,0.004438152034962279,True
228,0.5714285714285714,0.047619047619047616,-0.030475969823456607,-0.0013853524327743275,0.004886011659665832,True
229,0.5873015873015872,0.047619047619047616,-0.029517319755530166,-0.0016696204429350807,0.005315047788553762,True
230,0.6031746031746031,0.047619047619047616,-0.028378399160929376,-0.0019413038452370834,0.005716969065253203,True
231,0.6190476190476191,0.047619047619047616,-0.027082444006565645,-0.0021894548346406795,0.006087036425155251,True
232,0.6349206349206349,0.047619047619047616,-0.025637238817140764,-0.002414152351207546,0.006419381109698831,True
233,0.6507936507936507,0.047619047619047616,-0.02406271515847915,-0.0026086253360447266,0.0067084404637843525,True
234,0.6666666666666666,0.047619047619047616,-0.022377889557172282,-0.002768722312417912,0.006951189331455272,True
235,0.6825396825396826,0.047619047619047616,-0.02060383790693996,-0.002891591199639801,0.00714306609053003,True
236,0.6984126984126984,0.047619047619047616,-0.018764404271967083,-0.002973997826000026,0.007281638126239737,True
237,0.7142857142857142,0.047619047619047616,-0.016897922801717053,-0.003013188291827056,0.0073656732283314975,True
238,0.7301587301587301,0.047619047619047616,-0.015003254234046814,-0.003008163560128418,0.007394907909286893,True
239,0.746031746031746,0.047619047619047616,-0.013128540430180928,-0.002957712044926683,0.007370441471598927,True
240,0.7619047619047619,0.047619047619047616,-0.011295775327727043,-0.0028630556826274274,0.0072940609709502184,True
241,0.7777777777777777,0.047619047619047616,-0.00953131134880939,-0.002724815586597345,0.00716957307585236,True
242,0.7936507936507936,0.047619047619047616,-0.007859255926737842,-0.00254513299599318,0.00700171900947506,True
243,0.8095238095238095,0.047619047619047616,-0.006308226787665721,-0.002328101074010878,0.006796470644777073,True
244,0.8253968253968254,0.047619047619047616,-0.004895474071861614,-0.002077617648538762,0.006560883263826583,True
245,0.8412698412698412,0.047619047619047616,-0.0036460869931031733,-0.001801698430872915,0.006302734080957635,True
246,0.8571428571428571,0.047619047619047616,-0.0025584998991770047,-0.001499404480080756,0.006031821481255304,True
247,0.873015873015873,0.047619047619047616,-0.001657996576268219,-0.0011856648296441703,0.0057570467377714195,True
248,0.8888888888888888,0.047619047619047616,-0.0009448069208812845,-0.0008677266211110879,0.0054886242136983855,True
249,0.9047619047619047,0.047619047619047616,-0.0004187448663507188,-0.000557569740777189,0.005237052154526773,True
250,0.9206349206349206,0.047619047619047616,-7.367192501666085e-05,-0.0002727842385701647,0.005012372384880393,True
251,0.9365079365079365,0.047619047619047616,0.0001147900494687673,-2.474115475579771e-05,0.004825157027276924,True
252,0.9523809523809523,0.047619047619047616,0.0001694239046887381,0.0001588077182041916,0.004684329210711885,True
253,0.9682539682539681,0.047619047619047616,0.00012929853315306612,0.00024832196846387043,0.004598169082866531,True
254,0.9841269841269841,0.047619047619047616,4.894239103237213e-05,0.00020938877191554268,0.0045745633395929694,True
255,1.0,0.047619047619047616,8.187852185690992e-09,2.6047254960709904e-07,0.004617269453748645,True
256,0.0,0.06349206349206349,-5.160399665454055e-09,1.1558046763330415e-07,0.0004939322757220689,True
257,0.015873015873015872,0.06349206349206349,-5.188709537277471e-05,-1.0837152106139094e-06,0.00042241598486532014,True
258,0.031746031746031744,0.06349206349206349,-0.00024525088882520536,0.00026750026039592514,0.0003067058018453466,True
259,0.047619047619047616,0.06349206349206349,-0.0006209921153094619,0.0006870624979226416,0.00015974057274984613,True
260,0.06349206349206349,0.06349206349206349,-0.001205240950848898,0.0011800835957578705,-1.0182670815333535e-05,True
261,0.07936507936507936,0.06349206349206349,-0.0020090761335154798,0.0016946724208217758,-0.0001940830932651254,True
262,0.09523809523809523,0.06349206349206349,-0.003028534126934364,0.0021947630349715874,-0.00038343955550571994,True
263,0.1111111111111111,0.06349206349206349,-0.004257686402067689,0.0026621520194575615,-0.0005704020494723719,True
264,0.12698412698412698,0.06349206349206349,-0.005672038479791025,0.0030796650274403296,-0.0007486338279685834,True
265,0.14285714285714285,0.06349206349206349,-0.007254514644696353,0.003443656017033327,-0.0009124622354923748,True
266,0.15873015873015872,0.06349206349206349,-0.00898346131114597,0.003752145573326635,-0.00105734043362679,True
267,0.1746031746031746,0.06349206349206349,-0.010843655372729808,0.004007363467432477,-0.0011795337583691036,True
268,0.19047619047619047,0.06349206349206349,-0.012798896422337112,0.0042078977288203725,-0.00127657684504953,True
269,0.20634920634920634,0.06349206349206349,-0.014829735709331644,0.004355238356293148,-0.0013465103992290786,True
270,0.2222222222222222,0.06349206349206349,-0.016910846717478986,0.004455039668944065,-0.0013873921299882351,True
271,0.23809523809523808,0.06349206349206349,-0.01903312335893519,0.00450743001296829,-0.001398473691669724,True
272,0.25396825396825395,0.06349206349206349,-0.02116117960514806,0.004516590857521332,-0.0013785180139530503,True
273,0.2698412698412698,0.06349206349206349,-0.023281241319211398,0.00448385139220844,-0.0013270203727204432,True
274,0.2857142857142857,0.06349206349206349,-0.025374234294127742,0.004410580788037843,-0.001243684561327154,True
275,0.30158730158730157,0.06349206349206349,-0.02741890808781466,0.004298200858816558,-0.0011281577145327174,True
276,0.31746031746031744,0.06349206349206349,-0.02940360424608294,0.004147330557746238,-0.0009802531512154388,True
277,0.3333333333333333,0.06349206349206349,-0.031303946454023,0.003958529273364287,-0.0008003919350216196,True
278,0.3492063492063492,0.06349206349206349,-0.033100376812019966,0.0037337178829076334,-0.000588280683011567,True
279,0.36507936507936506,0.06349206349206349,-0.03477471592193901,0.0034746044827364706,-0.0003445263578652431,True
280,0.38095238095238093,0.06349206349206349,-0.03633412363543592,0.0031706413748225607,-7.168770893438181e-05,True
281,0.3968253968253968,0.06349206349206349,-0.03772503433908396,0.0028418293541122345,0.0002316969882072301,True
282,0.4126984126984127,0.06349206349206349,-0.03896116964109158,0.0024731930455052713,0.0005619427399827187,True
283,0.42857142857142855,0.06349206349206349,-0.04000234233825143,0.0020752088703726154,0.0009191597817416952,True
284,0.4444444444444444,0.06349206349206349,-0.040862912735332275,0.0016440314516841669,0.0012981821735191686,True
285,0.4603174603174603,0.06349206349206349,-0.04150826379116514,0.0011894983800992316,0.0016988964857124428,True
286,0.47619047619047616,0.06349206349206349,-0.041937424196690117,0.0007079911175183592,0.0021154188277803998,True
287,0.49206349206349204,0.06349206349206349,-0.042140679664470555,0.00021021598536855645,0.0025459874727589414,True
288,0.5079365079365079,0.06349206349206349,-0.04209611656612289,-0.00030474345507619624,0.0029866394263001563,True
289,0.5238095238095237,0.06349206349206349,-0.041827444822977414,-0.0008243340788644363,0.0034297742752761903,True
290,0.5396825396825397,0.06349206349206349,-0.041311411563621746,-0.001353227864842516,0.0038701767141552292,True
291,0.5555555555555556,0.06349206349206349,-0.040553982072338256,-0.0018670484884266145,0.004305009729300599,True
292,0.5714285714285714,0.06349206349206349,-0.03955841870469036,-0.0023777054045756164,0.0047257785750987845,True
293,0.5873015873015872,0.06349206349206349,-0.03834122727665326,-0.002864012205173487,0.005128841969775751,True
294,0.6031746031746031,0.06349206349206349,-0.036906711918690875,-0.0033245442362054792,0.005507501428246889,True
295,0.6190476190476191,0.06349206349206349,-0.03527107540315885,-0.003745899537975336,0.005856241245141087,True
296,0.6349206349206349,0.06349206349206349,-0.033434150799630226,-0.004131586581086846,0.006168308976294894,True
297,0.6507936507936507,0.06349206349206349,-0.03145461780473572,-0.004459509519117822,0.006442044837058603,True
298,0.6666666666666666,0.06349206349206349,-0.029332211578899876,-0.004731862492136257,0.006671282356955539,True
299,0.6825396825396826,0.06349206349206349,-0.027091990552291414,-0.004942620342538964,0.006852408493721588,True
300,0.6984126984126984,0.06349206349206349,-0.02476984093115177,-0.005085166599425844,0.006983707719206024,True
301,0.7142857142857142,0.06349206349206349,-0.022395634887562868,-0.005154805549426488,0.007064272645411407,True
302,0.7301587301587301,0.06349206349206349,-0.020006842674725023,-0.0051507955985763965,0.007092570128605611,True
303,0.746031746031746,0.06349206349206349,-0.01762650386868213,-0.00507097228963759,0.007070368230377657,True
304,0.7619047619047619,0.06349206349206349,-0.015288473518369632,-0.004914830469647829,0.0069999347918015195,True
305,0.7777777777777777,0.06349206349206349,-0.01305443932868312,-0.004690954710745171,0.006883872741568443,True
306,0.7936507936507936,0.06349206349206349,-0.010906856222394283,-0.004392350037953909,0.006727746008221067,True
307,0.8095238095238095,0.06349206349206349,-0.008911683278124015,-0.004034017674334587,0.006536319698366463,True
308,0.8253968253968254,0.06349206349206349,-0.007079837111328043,-0.003618031092156037,0.006316621974999066,True
309,0.8412698412698412,0.06349206349206349,-0.0054383415812930816,-0.0031556355080797904,0.006076080004847095,True
310,0.8571428571428571,0.06349206349206349,-0.00400493292571872,-0.002657713912181961,0.005822895771599848,True
311,0.873015873015873,0.06349206349206349,-0.0027937234668790603,-0.002138530307032129,0.005565790026725744,True
312,0.8888888888888888,0.06349206349206349,-0.0018084853669030863,-0.0016125872244899836,0.005313919313970197,True
313,0.9047619047619047,0.06349206349206349,-0.0010483089197915799,-0.0010981215384546902,0.005076565001260622,True
314,0.9206349206349206,0.06349206349206349,-0.0005073252794267917,-0.0006217534069101105,0.004862643895521961,True
315,0.9365079365079365,0.06349206349206349,-0.0001622035621817711,-0.000205866656690089,0.0046810831199915305,True
316,0.9523809523809523,0.06349206349206349,1.1662872606049881e-05,0.00011032823334861248,0.004540038756495621,True
317,0.9682539682539681,0.06349206349206349,5.785970478762054e-05,0.00028730906012687464,0.004446950886764159,True
318,0.9841269841269841,0.06349206349206349,2.9596925955266054e-05,0.0002721233419931333,0.004409677581453379,True
319,1.0,0.06349206349206349,1.4390051944995303e-09,-9.266210609180897e-08,0.004431615558182178,True
320,0.0,0.07936507936507936,3.7158810957750622e-09,-2.4310499138141354e-07,0.0007944137817425548,True
321,0.015873015873015872,0.07936507936507936,-9.912425420550663e-05,0.00015606497986800884,0.0006702803435955256,True
322,0.031746031746031744,0.07936507936507936,-0.00041410620000089114,0.0006218715399487725,0.0005160975413547737,True
323,0.047619047619047616,0.07936507936507936,-0.0009686731189561448,0.001265263261067782,0.00034538802106299805,True
324,0.06349206349206349,0.07936507936507936,-0.0017778765190629964,0.0019957254755642406,0.00016349486588287677,True
325,0.07936507936507936,0.07936507936507936,-0.0028421274014885397,0.0027465251973378692,-2.3397472330250978e-05,True
326,0.09523809523809523,0.07936507936507936,-0.004155713454667735,0.0034752543677917616,-0.00020941366393337527,True
327,0.1111111111111111,0.07936507936507936,-0.005703892917568923,0.004153456688066021,-0.0003890452802491158,True
328,0.12698412698412698,0.07936507936507936,-0.007468199098660767,0.004764799397539548,-0.0005574008133045941,True
329,0.14285714285714285,0.07936507936507936,-0.009422593175417432,0.005298603187076462,-0.0007104239683125307,True
330,0.15873015873015872,0.07936507936507936,-0.011548499444305822,0.00575415902924817,-0.000844566505990571,True
331,0.1746031746031746,0.07936507936507936,-0.013802932011143815,0.006124442147251775,-0.0009574846916615109,True
332,0.19047619047619047,0.07936507936507936,-0.01617839252514177,0.006418815953849455,-0.0010466111219556821,True
333,0.20634920634920634,0.07936507936507936,-0.018634721138681764,0.006635350356163521,-0.0011106331641635998,True
334,0.2222222222222222,0.07936507936507936,-0.021153103936178582,0.006780399728471362,-0.0011479969364404812,True
335,0.23809523809523808,0.07936507936507936,-0.02370644293545909,0.006854905050964106,-0.001158011123187691,True
336,0.25396825396825395,0.07936507936507936,-0.026271055950106283,0.006864222567109152,-0.0011396235646258563,True
337,0.2698412698412698,0.07936507936507936,-0.028822011103702968,0.006809179098577168,-0.0010925342128012684,True
338,0.2857142857142857,0.07936507936507936,-0.03133521911571795,0.006694595635693513,-0.001015839764044309,True
339,0.30158730158730157,0.07936507936507936,-0.0337955549122031,0.006519250410165746,-0.000909684863048731,True
340,0.31746031746031744,0.07936507936507936,-0.03616809640564519,0.006287071480924752,-0.0007735726225234727,True
341,0.3333333333333333,0.07936507936507936,-0.038443316183442044,0.005996986846375881,-0.0006077626106178793,True
342,0.3492063492063492,0.07936507936507936,-0.04059400496162393,0.0056521676071562225,-0.0004120181942101655,True
343,0.36507936507936506,0.07936507936507936,-0.04261507941368031,0.005245546666698734,-0.00018770234418979354,True
344,0.38095238095238093,0.07936507936507936,-0.044455832348345624,0.0047933758320362905,6.625032997288048e-05,True
345,0.3968253968253968,0.07936507936507936,-0.04612241431108029,0.004285163035139468,0.0003475795617918271,True
346,0.4126984126984127,0.07936507936507936,-0.04758614380152262,0.003725138430311666,0.0006552793607917479,True
347,0.42857142857142855,0.07936507936507936,-0.048830624220674045,0.0031203163272331877,0.0009878687494811157,True
348,0.4444444444444444,0.07936507936507936,-0.04985410583788729,0.002468034923335169,0.0013420526392028099,True
349,0.4603174603174603,0.07936507936507936,-0.05061880605445768,0.0017773730004997052,0.0017170253300102648,True
350,0.47619047619047616,0.07936507936507936,-0.05111634042089932,0.0010518384833494185,0.002108126769079811,True
351,0.49206349206349204,0.07936507936507936,-0.05136149730036433,0.00029941492516828065,0.0025124557296190074,True
352,0.5079365079365079,0.07936507936507936,-0.051311392921775126,-0.0004766187223189872,0.002927736265305081,True
353,0.5238095238095237,0.07936507936507936,-0.050981693907412994,-0.0012591541465501452,0.0033459630893647786,True
354,0.5396825396825397,0.07936507936507936,-0.050364484711455264,-0.0020531396036763574,0.003762091189261859,True
355,0.5555555555555556,0.07936507936507936,-0.04946516009707816,-0.002821004020207132,0.0041741388131776936,True
356,0.5714285714285714,0.07936507936507936,-0.048279121734182764,-0.0035982379686093696,0.004572547290201296,True
357,0.5873015873015872,0.07936507936507936,-0.046837525547761036,-0.004317055562074647,0.004956038433981399,True
358,0.6031746031746031,0.07936507936507936,-0.045118143931707225,-0.005015754421532139,0.005314871786188002,True
359,0.6190476190476191,0.07936507936507936,-0.04318147042777756,-0.005647117278625421,0.005647485565570461,True
360,0.6349206349206349,0.07936507936507936,-0.041023665709791844,-0.006215354003888998,0.005946300548560593,True
361,0.6507936507936507,0.07936507936507936,-0.03865268625950714,-0.006718485119483392,0.006206603115994917,True
362,0.6666666666666666,0.07936507936507936,-0.036128037670333076,-0.007129372203909803,0.006425390706785995,True
363,0.6825396825396826,0.07936507936507936,-0.033469711246760805,-0.007447263269917986,0.00659917833149545,True
364,0.6984126984126984,0.07936507936507936,-0.030706086420607827,-0.007665234128074781,0.006725044217322272,True
365,0.7142857142857142,0.07936507936507936,-0.027878118184642472,-0.007776300031248525,0.00680201534751908,True
366,0.7301587301587301,0.07936507936507936,-0.025026106999040173,-0.007777485872769947,0.006829913098203678,True
367,0.746031746031746,0.07936507936507936,-0.02217867091640579,-0.0076673166114563625,0.006808972506587221,True
368,0.7619047619047619,0.07936507936507936,-0.01937871295712269,-0.007445044103855819,0.006742021626195132,True
369,0.7777777777777777,0.07936507936507936,-0.016680479752719243,-0.007118485400907601,0.006631547185151941,True
370,0.7936507936507936,0.07936507936507936,-0.014092092560999065,-0.006686767571538235,0.006482236720155396,True
371,0.8095238095238095,0.07936507936507936,-0.011666769042854689,-0.0061626112920330845,0.006299511280835886,True
372,0.8253968253968254,0.07936507936507936,-0.009430402016291056,-0.005556027587846743,0.006089379934894362,True
373,0.8412698412698412,0.07936507936507936,-0.007406793313759019,-0.004878968904254187,0.005859052800429199,True
374,0.8571428571428571,0.07936507936507936,-0.005622879342629354,-0.004151193482372367,0.005615984378978237,True
375,0.873015873015873,0.07936507936507936,-0.0040901009678890555,-0.003390075758681612,0.005368358857115885,True
376,0.8888888888888888,0.07936507936507936,-0.0028166963048662087,-0.002618520788057264,0.005124425087853947,True
377,0.9047619047619047,0.07936507936507936,-0.0018062890597738586,-0.0018662645765530953,0.004892499528384734,True
378,0.9206349206349206,0.07936507936507936,-0.0010439591908583494,-0.0011591317564328086,0.004680650818547359,True
379,0.9365079365079365,0.07936507936507936,-0.0005172118820696827,-0.0005405479619691182,0.004496581933127246,True
380,0.9523809523809523,0.07936507936507936,-0.00019611875119759565,-5.4505047711451e-05,0.004347528599508404,True
381,0.9682539682539681,0.07936507936507936,-4.020874467882278e-05,0.0002450089132222758,0.004240134960091372,True
382,0.9841269841269841,0.07936507936507936,2.925985885649754e-06,0.0002908631301369809,0.004180596191596332,True
383,1.0,0.07936507936507936,2.8880802868632303e-09,-4.350534982258411e-08,0.004173066428476281,True
384,0.0,0.09523809523809523,6.07593738485074e-09,-7.359138383154959e-07,0.001118311955487377,True
385,0.015873015873015872,0.09523809523809523,-0.00014683875121644316,0.0004020212869840664,0.0009398310305613236,True
386,0.031746031746031744,0.09523809523809523,-0.0005874415119576008,0.0011305103532300567,0.000742433108050462,True
387,0.047619047619047616,0.09523809523809523,-0.0013291940759529112,0.0020500860442966644,0.0005418947843807405,True
388,0.06349206349206349,0.09523809523809523,-0.0023725010864020226,0.0030588960118350028,0.0003413494668847723,True
389,0.07936507936507936,0.09523809523809523,-0.0037086251839971987,0.00408185007836435,0.00014467660094755772,True
390,0.09523809523809523,0.09523809523809523,-0.005322174410755901,0.005066671441900744,-4.451147057389409e-05,True
391,0.1111111111111111,0.09523809523809523,-0.007198247294388279,0.0059836754900636285,-0.00022269371049832157,True
392,0.12698412698412698,0.09523809523809523,-0.009306970053126402,0.006806903499079152,-0.0003866376181003311,True
393,0.14285714285714285,0.09523809523809523,-0.011631349889833307,0.007530487202575241,-0.0005335497151320154,True
394,0.15873015873015872,0.09523809523809523,-0.014135388897676515,0.008144839883842148,-0.0006612330147455226,True
395,0.1746031746031746,0.09523809523809523,-0.016781196522952707,0.008646393711873885,-0.0007679601567860715,True
396,0.19047619047619047,0.09523809523809523,-0.01955465047195279,0.009042656676250435,-0.0008520550446904474,True
397,0.20634920634920634,0.09523809523809523,-0.022423947202295808,0.009335892471730358,-0.0009124278528511091,True
398,0.2222222222222222,0.09523809523809523,-0.025361719916906028,0.009529874933518782,-0.0009481579942344165,True
399,0.23809523809523808,0.09523809523809523,-0.028321160767490593,0.009626088690308015,-0.000958607036426146,True
400,0.25396825396825395,0.09523809523809523,-0.031297380198225803,0.00963178678870703,-0.000943018105304419,True
401,0.2698412698412698,0.09523809523809523,-0.034249576787172345,0.009548765913571587,-0.0009009389159581744,True
402,0.2857142857142857,0.09523809523809523,-0.0371517752704255,0.009382979256916734,-0.0008316036073699502,True
403,0.30158730158730157,0.09523809523809523,-0.04000479973099695,0.009129460792661259,-0.0007354458549723596,True
404,0.31746031746031744,0.09523809523809523,-0.0427457924407391,0.008798413850174124,-0.00061127307956268,True
405,0.3333333333333333,0.09523809523809523,-0.04537097538355057,0.008386790224427912,-0.0004593275828367705,True
406,0.3492063492063492,0.09523809523809523,-0.04785503636764539,0.007896606007506737,-0.00027963030628676456,True
407,0.36507936507936506,0.09523809523809523,-0.05016909464083962,0.007329108320183235,-7.210396807290904e-05,True
408,0.38095238095238093,0.09523809523809523,-0.05229929167258677,0.0066878112738301835,0.0001623367973338267,True
409,0.3968253968253968,0.09523809523809523,-0.05421652569788586,0.005973306335727393,0.00042348978270510313,True
410,0.4126984126984127,0.09523809523809523,-0.055902766175823494,0.005186048594992018,0.0007097970510347234,True
411,0.42857142857142855,0.09523809523809523,-0.05732933305241793,0.004343378312138334,0.0010210450508469577,True
412,0.4444444444444444,0.09523809523809523,-0.0585039328306274,0.003426595423053679,0.0013526985285470855,True
413,0.4603174603174603,0.09523809523809523,-0.059384288438329214,0.002462366729505409,0.0017051837837837578,True
414,0.47619047619047616,0.09523809523809523,-0.05996174297065287,0.0014537219078427743,0.0020739528980580238,True
415,0.49206349206349204,0.09523809523809523,-0.06023663581465268,0.00039748177019239026,0.0024559827530985347,True
416,0.5079365079365079,0.09523809523809523,-0.06018866418105368,-0.0006737632708239267,0.0028506206400366932,True
417,0.5238095238095237,0.09523809523809523,-0.0598097050206369,-0.0017665668979653533,0.0032481365524577722,True
418,0.5396825396825397,0.09523809523809523,-0.059106453002319564,-0.002862920132394252,0.0036450334763481447,True
419,0.5555555555555556,0.09523809523809523,-0.058081060050700406,-0.0039447059122779465,0.004038276733922837,True
420,0.5714285714285714,0.09523809523809523,-0.056732036409889566,-0.004999997569639038,0.004420892073175795,True
421,0.5873015873015872,0.09523809523809523,-0.05507785609379041,-0.006015060755206268,0.00478819913915162,True
422,0.6031746031746031,0.09523809523809523,-0.05312941332924879,-0.00697066751904948,0.0051343113335487614,True
423,0.6190476190476191,0.09523809523809523,-0.05090382037594658,-0.007855394432122822,0.005453967125396686,True
424,0.6349206349206349,0.09523809523809523,-0.04842855469456576,-0.008651469927971656,0.005742255696367205,True
425,0.6507936507936507,0.09523809523809523,-0.045730768733257064,-0.009343677798263882,0.00599475485802111,True
426,0.6666666666666666,0.09523809523809523,-0.042838021078781735,-0.009920139213477945,0.00620681139472295,True
427,0.6825396825396826,0.09523809523809523,-0.03978722875673451,-0.010368034315798452,0.006375267696561412,True
428,0.6984126984126984,0.09523809523809523,-0.03662163122018274,-0.010676765629578717,0.006497533604106715,True
429,0.7142857142857142,0.09523809523809523,-0.03335274775246499,-0.010843350237801964,0.0065724352902539335,True
430,0.7301587301587301,0.09523809523809523,-0.030077217992905157,-0.010855771307204031,0.0065997015325109975,True
431,0.746031746031746,0.09523809523809523,-0.02678857438122875,-0.01071708345387539,0.006579587319255321,True
432,0.7619047619047619,0.09523809523809523,-0.023550840874737838,-0.010426401556553602,0.006514382587019891,True
433,0.7777777777777777,0.09523809523809523,-0.020407615434305533,-0.009989088541326407,0.006406753371732715,True
434,0.7936507936507936,0.09523809523809523,-0.01738907509141746,-0.0094102339241733,0.00626112455412256,True
435,0.8095238095238095,0.09523809523809523,-0.01454783560943987,-0.00870528290826216,0.006082472629083535,True
436,0.8253968253968254,0.09523809523809523,-0.011909976443388728,-0.007886261216103915,0.005876646798029073,True
437,0.8412698412698412,0.09523809523809523,-0.009508068671956778,-0.006972454110887379,0.005650391283630347,True
438,0.8571428571428571,0.09523809523809523,-0.007363714257096114,-0.0059837562647196895,0.0054108479309499845,True
439,0.873015873015873,0.09523809523809523,-0.0055010969435873225,-0.004951556886959342,0.00516553333534016,True
440,0.8888888888888888,0.09523809523809523,-0.003925029356181676,-0.0039009440069500577,0.004922071549329427,True
441,0.9047619047619047,0.09523809523809523,-0.002647677700607685,-0.002877254241213589,0.0046881156823891015,True
442,0.9206349206349206,0.09523809523809523,-0.0016475638941041027,-0.0019067398330112294,0.004470770244995866,True
443,0.9365079365079365,0.09523809523809523,-0.0009183146943196841,-0.0010476177672123874,0.004276911092526929,True
444,0.9523809523809523,0.09523809523809523,-0.0004332792836717537,-0.0003562450692764597,0.0041132324477154035,True
445,0.9682539682539681,0.09523809523809523,-0.0001522774335801027,0.00010418589767849535,0.003984966744664187,True
446,0.9841269841269841,0.09523809523809523,-2.7387141982968934e-05,0.00025496235102735325,0.0038971651994527613,True
447,1.0,0.09523809523809523,3.0855477289806045e-09,8.576458816533653e-08,0.0038553342269480153,True
448,0.0,0.1111111111111111,4.659461399495254e-09,-8.081061748844281e-07,0.0014472462315924123,True
449,0.015873015873015872,0.1111111111111111,-0.00019418280519526676,0.0007384463170314017,0.0012144704860288932,True
450,0.031746031746031744,0.1111111111111111,-0.0007630862995397976,0.0018036350565800417,0.0009710958600992681,True
451,0.047619047619047616,0.1111111111111111,-0.001691971657408839,0.003048359867093388,0.0007375713710193277,True
452,0.06349206349206349,0.1111111111111111,-0.0029716212117618167,0.004375935293490457,0.0005140911798465554,True
453,0.07936507936507936,0.1111111111111111,-0.004580577347178442,0.005701227811165814,0.00030280084533284755,True
454,0.09523809523809523,0.1111111111111111,-0.006503371723865526,0.006975033842066986,0.00010536240854984055,True
455,0.1111111111111111,0.1111111111111111,-0.008702938968917363,0.00814819004729982,-7.603765532869408e-05,True
456,0.12698412698412698,0.1111111111111111,-0.011160365993353766,0.009205250622715145,-0.0002399606336535532,True
457,0.14285714285714285,0.1111111111111111,-0.013843661423182323,0.010130426894690616,-0.00038488599388650024,True
458,0.15873015873015872,0.1111111111111111,-0.016717971405933292,0.010915250222307946,-0.0005095976053123031,True
459,0.1746031746031746,0.1111111111111111,-0.019753908033960023,0.011560451814042612,-0.0006131767697839997,True
460,0.19047619047619047,0.1111111111111111,-0.022913394183049513,0.012066044548773061,-0.0006948390487940958,True
461,0.20634920634920634,0.1111111111111111,-0.02617942737476429,0.012439267627563241,-0.0007539368958494741,True
462,0.2222222222222222,0.1111111111111111,-0.029499124312569,0.012680840189452139,-0.0007899578994935175,True
463,0.23809523809523808,0.1111111111111111,-0.03286445657917183,0.012798739103873968,-0.0008024936057296406,True
464,0.25396825396825395,0.1111111111111111,-0.036230192403848734,0.012795989657068012,-0.0007910115101396669,True
465,0.2698412698412698,0.1111111111111111,-0.03957101452187799,0.01267701440156292,-0.0007551223244115108,True
466,0.2857142857142857,0.1111111111111111,-0.04284795237103174,0.012447055370413079,-0.0006941283936660131,True
467,0.30158730158730157,0.1111111111111111,-0.046046384057896655,0.0121087079705924,-0.0006077593883921865,True
468,0.31746031746031744,0.1111111111111111,-0.04914603321830223,0.011659384177193016,-0.0004960482409824337,True
469,0.3333333333333333,0.1111111111111111,-0.05210235673794911,0.011107469889546837,-0.0003580468853030535,True
470,0.3492063492063492,0.1111111111111111,-0.05489495850506706,0.010451365809327668,-0.00019378459088310236,True
471,0.36507936507936506,0.1111111111111111,-0.057504906670954356,0.009692344427321597,-3.5166411569312654e-06,True
472,0.38095238095238093,0.1111111111111111,-0.05989600209714748,0.008843388464515989,0.00021337233749639677,True
473,0.3968253968253968,0.1111111111111111,-0.062053715655286015,0.007890096759375966,0.0004554150818794772,True
474,0.4126984126984127,0.1111111111111111,-0.06394435505760838,0.006853254986836156,0.0007227847671101257,True
475,0.42857142857142855,0.1111111111111111,-0.06556512547792237,0.005719529922195939,0.0010129270696053086,True
476,0.4444444444444444,0.1111111111111111,-0.06687777523066908,0.004520182423205333,0.0013257394297255941,True
477,0.4603174603174603,0.1111111111111111,-0.06787304092214641,0.003245805229298646,0.0016585978665311309,True
478,0.47619047619047616,0.1111111111111111,-0.06852875772897743,0.0018997049675667287,0.0020073730476892386,True
479,0.49206349206349204,0.1111111111111111,-0.06884137719234795,0.0005276371852302151,0.002372308240293027,True
480,0.5079365079365079,0.1111111111111111,-0.06879575456587321,-0.0008999973249055291,0.0027487045531767893,True
481,0.5238095238095237,0.1111111111111111,-0.06839242596174838,-0.002321222827338106,0.003130671467939499,True
482,0.5396825396825397,0.1111111111111111,-0.06761468289604787,-0.0037852534341879943,0.00351170600515426,True
483,0.5555555555555556,0.1111111111111111,-0.06648177516091093,-0.005187328267604525,0.0038919244538231476,True
484,0.5714285714285714,0.1111111111111111,-0.06499024761499773,-0.006590510252645649,0.004262204561647271,True
485,0.5873015873015872,0.1111111111111111,-0.06315409429140374,-0.007920194321772631,0.0046190591077549395,True
486,0.6031746031746031,0.1111111111111111,-0.06098640565089974,-0.009181833240896489,0.004956205084412826,True
487,0.6190476190476191,0.1111111111111111,-0.05851684362657275,-0.010343355824354814,0.005268877318799415,True
488,0.6349206349206349,0.1111111111111111,-0.05574617923781933,-0.011398781986015197,0.005550449222209554,True
489,0.6507936507936507,0.1111111111111111,-0.05274394629178564,-0.01231025297025141,0.005798618322518718,True
490,0.6666666666666666,0.1111111111111111,-0.04950814698597706,-0.0130769082618107,0.006007088672769723,True
491,0.6825396825396826,0.1111111111111111,-0.04609466320919331,-0.013675491550832905,0.006173257745310918,True
492,0.6984126984126984,0.1111111111111111,-0.04254351170916176,-0.01409420063284376,0.0062943928833313,True
493,0.7142857142857142,0.1111111111111111,-0.038885557848105115,-0.014326699284256136,0.006368965631619882,True
494,0.7301587301587301,0.1111111111111111,-0.035180893283644675,-0.014362525955008294,0.006395837279955377,True
495,0.746031746031746,0.1111111111111111,-0.03147207937444455,-0.014200382872141573,0.006376341076949465,True
496,0.7619047619047619,0.1111111111111111,-0.027803976077882334,-0.013840343034129713,0.0063116203165089315,True
497,0.7777777777777777,0.1111111111111111,-0.024235385714104943,-0.013290593006419488,0.006205277233285882,True
498,0.7936507936507936,0.1111111111111111,-0.02079388094565513,-0.012556735282735107,0.006060301954172012,True
499,0.8095238095238095,0.1111111111111111,-0.017537186056233143,-0.011657464370090095,0.005882147042205915,True
500,0.8253968253968254,0.1111111111111111,-0.014496157160461353,-0.010608597394550544,0.005676177751365912,True
501,0.8412698412698412,0.1111111111111111,-0.011705952757857158,-0.009434016348751347,0.005449006181923196,True
502,0.8571428571428571,0.1111111111111111,-0.00920480893400027,-0.008169433222108835,0.005207294873959964,True
503,0.873015873015873,0.1111111111111111,-0.0069965901380254466,-0.0068346300639815,0.004958116905894303,True
504,0.8888888888888888,0.1111111111111111,-0.00510875556166653,-0.005478912517468456,0.004708678672679361,True
505,0.9047619047619047,0.1111111111111111,-0.003542993179703933,-0.00414463861125883,0.004466070157585486,True
506,0.9206349206349206,0.1111111111111111,-0.002294876812337209,-0.002881509196158903,0.004236906230519483,True
507,0.9365079365079365,0.1111111111111111,-0.0013505601265074764,-0.0017473971197987164,0.004027365795150812,True
508,0.9523809523809523,0.1111111111111111,-0.0006863422614364655,-0.0008081474555238092,0.0038430184092629566,True
509,0.9682539682539681,0.1111111111111111,-0.0002711116112599348,-0.00014421802290068877,0.003688902944761898,True
510,0.9841269841269841,0.1111111111111111,-5.884199511804814e-05,0.00016121667794279646,0.0035687804909169444,True
511,1.0,0.1111111111111111,3.5167846794005485e-09,2.1217881810515913e-07,0.0034902380259976716,True
512,0.0,0.12698412698412698,-6.505379247910013e-10,1.307368229871925e-07,0.0017660229591210054,True
513,0.015873015873015872,0.12698412698412698,-0.0002403845217622569,0.0011640170641620672,0.001479965197719194,True
514,0.031746031746031744,0.12698412698412698,-0.0009333805941207708,0.002631895578312766,0.0011904789893452655,True
515,0.047619047619047616,0.12698412698412698,-0.0020520205774129177,0.004264392437483183,0.0009212751937625166,True
516,0.06349206349206349,0.12698412698412698,-0.003569038357374755,0.005954197889555072,0.0006719837537987317,True
517,0.07936507936507936,0.12698412698412698,-0.005452786764071138,0.0076165184446583,0.0004428141000456513,True
518,0.09523809523809523,0.12698412698412698,-0.007675090857179136,0.009195842672143469,0.00023384032830155364,True
519,0.1111111111111111,0.12698412698412698,-0.010204072349122831,0.01065159122060738,4.544647790354379e-05,True
520,0.12698412698412698,0.12698412698412698,-0.013004738051184633,0.011956312566393146,-0.00012194504724860025,True
521,0.14285714285714285,0.12698412698412698,-0.016040295072488654,0.013093986391853465,-0.00026814859595890035,True
522,0.15873015873015872,0.12698412698412698,-0.019284764202946017,0.014062290841888822,-0.0003929852521100804,True
523,0.1746031746031746,0.12698412698412698,-0.022696174672178753,0.014855674073319688,-0.0004962702965482319,True
524,0.19047619047619047,0.12698412698412698,-0.02623522723797528,0.015475875986566811,-0.0005780340851893743,True
525,0.20634920634920634,0.12698412698412698,-0.02988093592003148,0.015929524437696425,-0.0006380447351392057,True
526,0.2222222222222222,0.12698412698412698,-0.03358664987822205,0.016220435428798998,-0.0006763011692044083,True
527,0.23809523809523808,0.12698412698412698,-0.037323347451805114,0.016354473924018818,-0.0006925040571550515,True
528,0.25396825396825395,0.12698412698412698,-0.041059473190652424,0.016338611633351593,-0.0006865320263317503,True
529,0.2698412698412698,0.12698412698412698,-0.04476711338797046,0.01617594003460594,-0.0006579638945847223,True
530,0.2857142857142857,0.12698412698412698,-0.048403454084783026,0.015872781363156264,-0.0006061609530622601,True
531,0.30158730158730157,0.12698412698412698,-0.0519565584153718,0.015428916662338695,-0.0005310039183854816,True
532,0.31746031746031744,0.12698412698412698,-0.05537790571360629,0.014853144854199326,-0.00043147889391899287,True
533,0.3333333333333333,0.12698412698412698,-0.05864916737097562,0.014143326364399049,-0.0003075257303110346,True
534,0.3492063492063492,0.12698412698412698,-0.06174562490438513,0.013301837430316604,-0.00015879274648996643,True
535,0.36507936507936506,0.12698412698412698,-0.06462976482643645,0.012333752745647557,1.528376483799895e-05,True
536,0.38095238095238093,0.12698412698412698,-0.06727782919616068,0.011240205676598797,0.00021454975995699758,True
537,0.3968253968253968,0.12698412698412698,-0.06966249549983225,0.010034738064925759,0.00043934149122088113,True
538,0.4126984126984127,0.12698412698412698,-0.07177159939269472,0.008701532354556068,0.0006878246163806958,True
539,0.42857142857142855,0.12698412698412698,-0.0735608311298354,0.007277952104674949,0.0009609833371903263,True
540,0.4444444444444444,0.12698412698412698,-0.07502464746807258,0.005734209036115605,0.0012552293443082025,True
541,0.4603174603174603,0.12698412698412698,-0.0761363100748364,0.004126621196227101,0.0015714696899800683,True
542,0.47619047619047616,0.12698412698412698,-0.07687687007830979,0.0024217540336518833,0.0019039473158781923,True
543,0.49206349206349204,0.12698412698412698,-0.07723921973117395,0.0006877299333556863,0.0022539378151155047,True
544,0.5079365079365079,0.12698412698412698,-0.07721217045747533,-0.0011342240875052826,0.0026161419888328158,True
545,0.5238095238095237,0.12698412698412698,-0.07679345304286914,-0.0029345582437267123,0.002985789140877889,True
546,0.5396825396825397,0.12698412698412698,-0.07596413986160967,-0.004765203526217322,0.0033565175669761993,True
547,0.5555555555555556,0.12698412698412698,-0.07473845125356321,-0.006561767836021475,0.003726733262234682,True
548,0.5714285714285714,0.12698412698412698,-0.07312349684945808,-0.008334240444450539,0.004089700073673031,True
549,0.5873015873015872,0.12698412698412698,-0.07113058298147328,-0.010004354406773186,0.004440347644155737,True
550,0.6031746031746031,0.12698412698412698,-0.0687691440622205,-0.011616224287697704,0.004773296069504812,True
551,0.6190476190476191,0.12698412698412698,-0.06606684252395452,-0.01309322739617465,0.005082756322531499,True
552,0.6349206349206349,0.12698412698412698,-0.06304999948500103,-0.01441990247297113,0.005362646557528882,True
553,0.6507936507936507,0.12698412698412698,-0.059743954034269825,-0.015594125031912178,0.005609523412508603,True
554,0.6666666666666666,0.12698412698412698,-0.05619697272554774,-0.016574039655425057,0.005818635792595794,True
555,0.6825396825396826,0.12698412698412698,-0.05243939095520951,-0.01734680717194869,0.005985452602141013,True
556,0.6984126984126984,0.12698412698412698,-0.04851042613890058,-0.017899598606271303,0.006107780840928115,True
557,0.7142857142857142,0.12698412698412698,-0.044481643277312057,-0.01821148595079463,0.0061836395221819005,True
558,0.7301587301587301,0.12698412698412698,-0.04037203793552505,-0.01828304930529139,0.006212241412840948,True
559,0.746031746031746,0.12698412698412698,-0.0362504345054668,-0.018105308264392522,0.006193336724640582,True
560,0.7619047619047619,0.12698412698412698,-0.03216620163220656,-0.017681696261440727,0.006129213228227238,True
561,0.7777777777777777,0.12698412698412698,-0.028164929659563583,-0.01701654007427987,0.006022415121804727,True
562,0.7936507936507936,0.12698412698412698,-0.024308073905200282,-0.016125136551612407,0.005876236632955065,True
563,0.8095238095238095,0.12698412698412698,-0.0206243559004544,-0.015017806781565578,0.005695600053722782,True
564,0.8253968253968254,0.12698412698412698,-0.01718149461920045,-0.013729766263273319,0.005486147187492385,True
565,0.8412698412698412,0.12698412698412698,-0.014005662783015493,-0.012284621011556172,0.005253813239875147,True
566,0.8571428571428571,0.12698412698412698,-0.011119289261477244,-0.010708968175322952,0.005005068330160285,True
567,0.873015873015873,0.12698412698412698,-0.008560838409315211,-0.00905259914778067,0.004746788371689825,True
568,0.8888888888888888,0.12698412698412698,-0.006346764793605437,-0.007362830078307345,0.004485977622693685,True
569,0.9047619047619047,0.12698412698412698,-0.0044837032143851315,-0.005690559728184985,0.004229078065578954,True
570,0.9206349206349206,0.12698412698412698,-0.0029710752891538173,-0.004096079949228632,0.003982485883044346,True
571,0.9365079365079365,0.12698412698412698,-0.0018000907184068508,-0.002648620368447573,0.0037519153909110906,True
572,0.9523809523809523,0.12698412698412698,-0.0009515459878011306,-0.0014254890971190095,0.0035426876337240824,True
573,0.9682539682539681,0.12698412698412698,-0.0003931271652201802,-0.0005066384973823641,0.003358434293527399,True
574,0.9841269841269841,0.12698412698412698,-9.1361096097532e-05,3.819903753858102e-06,0.003203198673603986,True
575,1.0,0.12698412698412698,-1.1135757058151958e-09,-4.446557133046273e-08,0.0030868816538779822,True
576,0.0,0.14285714285714285,-1.18181204713238e-08,2.404496995349172e-06,0.002061726317618647,True
577,0.015873015873015872,0.14285714285714285,-0.0002852304094845468,0.0016774277016095027,0.0017238037902803246,True
578,0.031746031746031744,0.14285714285714285,-0.0011015580141564845,0.0036221875609164364,0.0013881134496994678,True
579,0.047619047619047616,0.14285714285714285,-0.0024050178525584997,0.005695635011085981,0.00108274820093727,True
580,0.06349206349206349,0.14285714285714285,-0.004152959264271689,0.0077854435402818075,0.0008063964659216151,True
581,0.07936507936507936,0.14285714285714285,-0.006308969927560013,0.009819067967154333,0.0005570356436093202,True
582,0.09523809523809523,0.14285714285714285,-0.008833081269900414,0.011734941854156687,0.0003338372638507629,True
583,0.1111111111111111,0.14285714285714285,-0.011682195727936183,0.013487214555887339,0.00013590952555425355,True
584,0.12698412698412698,0.14285714285714285,-0.014825142803787031,0.015057053064737824,-3.78321796035243e-05,True
585,0.14285714285714285,0.14285714285714285,-0.018211281110069217,0.01641971268277038,-0.00018798300022397787,True
586,0.15873015873015872,0.14285714285714285,-0.021819175062242478,0.017578791332795444,-0.0003156407536203243,True
587,0.1746031746031746,0.14285714285714285,-0.02559168594939901,0.018522726809177013,-0.00042114358077921987,True
588,0.19047619047619047,0.14285714285714285,-0.029503045914448262,0.019260043641850418,-0.0005052096077041835,True
589,0.20634920634920634,0.14285714285714285,-0.033515915019880035,0.019795037499622452,-0.0005684349829765237,True
590,0.2222222222222222,0.14285714285714285,-0.037590347266289556,0.020132363084539272,-0.0006106949594055992,True
591,0.23809523809523808,0.14285714285714285,-0.04168605033190266,0.020279988243897908,-0.0006323036645094323,True
592,0.25396825396825395,0.14285714285714285,-0.04578523046980925,0.020243918571173136,-0.0006333877758238726,True
593,0.2698412698412698,0.14285714285714285,-0.049842415909139966,0.020029815027438697,-0.0006133074031631808,True
594,0.2857142857142857,0.14285714285714285,-0.05382948387625445,0.019641484387344803,-0.0005719797837124718,True
595,0.30158730158730157,0.14285714285714285,-0.05771176259666255,0.01908361077478854,-0.0005085275033599133,True
596,0.31746031746031744,0.14285714285714285,-0.06145162439335692,0.01836552967820242,-0.0004218732662055653,True
597,0.3333333333333333,0.14285714285714285,-0.06503063142531255,0.01748029081282089,-0.0003124401016352964,True
598,0.3492063492063492,0.14285714285714285,-0.06841018465369096,0.01643810651621939,-0.0001788946540455531,True
599,0.36507936507936506,0.14285714285714285,-0.07157328497333898,0.01522876864229594,-2.1660219310465566e-05,True
600,0.38095238095238093,0.14285714285714285,-0.07446214487372389,0.013891000531291732,0.00016179014675124934,True
601,0.3968253968253968,0.14285714285714285,-0.077083704694403,0.012388154020355395,0.00036893500157021236,True
602,0.4126984126984127,0.14285714285714285,-0.07939374289097444,0.010747678549342478,0.0006008707893656135,True
603,0.42857142857142855,0.14285714285714285,-0.08136171768620527,0.008992450685469522,0.0008575645738426298,True
604,0.4444444444444444,0.14285714285714285,-0.08298099974898766,0.007087321780532754,0.0011358824460731512,True
605,0.4603174603174603,0.14285714285714285,-0.08420949072447834,0.0051216702390531384,0.001437616331499744,True
606,0.47619047619047616,0.14285714285714285,-0.08505490855939588,0.00301923277530525,0.0017563176900437963,True
607,0.49206349206349204,0.14285714285714285,-0.08548158619290433,0.0008642644989911247,0.0020935095819477967,True
608,0.5079365079365079,0.14285714285714285,-0.0854929094803662,-0.001336193601560603,0.0024461556831419555,True
609,0.5238095238095237,0.14285714285714285,-0.08506773897687255,-0.003578249516744848,0.002806369150924553,True
610,0.5396825396825397,0.14285714285714285,-0.08420754669530053,-0.005812669582983286,0.0031703059452922876,True
611,0.5555555555555556,0.14285714285714285,-0.08291430097111666,-0.008034969435402991,0.003535424643152574,True
612,0.5714285714285714,0.14285714285714285,-0.08119569276860633,-0.01018463831171915,0.0038947404268644013,True
613,0.5873015873015872,0.14285714285714285,-0.07905693991044946,-0.012280021717862574,0.00424373509225488,True
614,0.6031746031746031,0.14285714285714285,-0.07653290997373116,-0.014241654432927232,0.0045766644252210565,True
615,0.6190476190476191,0.14285714285714285,-0.07362723019807829,-0.01606721540355401,0.0048874005934572565,True
616,0.6349206349206349,0.14285714285714285,-0.0703665453259458,-0.01771988735666187,0.005170060939883487,True
617,0.6507936507936507,0.14285714285714285,-0.06679324001914987,-0.019171465405449464,0.005420110772159276,True
618,0.6666666666666666,0.14285714285714285,-0.0629498098116426,-0.020393668407030403,0.005633297271147531,True
619,0.6825396825396826,0.14285714285714285,-0.05886602821957856,-0.021366271140460934,0.005804469510365486,True
620,0.6984126984126984,0.14285714285714285,-0.054595623540638946,-0.02206684194358806,0.005930562119021641,True
621,0.7142857142857142,0.14285714285714285,-0.05017049500271798,-0.02248790196118092,0.006010185033292765,True
622,0.7301587301587301,0.14285714285714285,-0.04567874782582416,-0.022606747073572565,0.006041447836459367,True
623,0.746031746031746,0.14285714285714285,-0.04114631612615877,-0.022425822174118672,0.006025018173886408,True
624,0.7619047619047619,0.14285714285714285,-0.03664401067631118,-0.021944725064795993,0.005961744765412883,True
625,0.7777777777777777,0.14285714285714285,-0.03221156375171636,-0.021166337024560448,0.005853721586304555,True
626,0.7936507936507936,0.14285714285714285,-0.027927439182841327,-0.02011367971578722,0.0057055565498646465,True
627,0.8095238095238095,0.14285714285714285,-0.023837715533958182,-0.0188057759968445,0.00552064955838782,True
628,0.8253968253968254,0.14285714285714285,-0.019966396212685783,-0.01725808248106486,0.0053045221041990885,True
629,0.8412698412698412,0.14285714285714285,-0.01637937577240107,-0.01551759122094644,0.005063645513256075,True
630,0.8571428571428571,0.14285714285714285,-0.013107394236551141,-0.013619731527303372,0.0048038817220327585,True
631,0.873015873015873,0.14285714285714285,-0.010186781463498464,-0.011619858162633622,0.004532274329665283,True
632,0.8888888888888888,0.14285714285714285,-0.007629001228651092,-0.009563145520695345,0.004255009049285735,True
633,0.9047619047619047,0.14285714285714285,-0.005455392197380281,-0.007520980271876695,0.00397926747667664,True
634,0.9206349206349206,0.14285714285714285,-0.0036683852643486377,-0.00556075706612292,0.003710410189857156,True
635,0.9365079365079365,0.14285714285714285,-0.0022640541285108905,-0.0037645415769783958,0.0034544353544852056,True
636,0.9523809523809523,0.14285714285714285,-0.0012205002906622929,-0.002207333176921349,0.0032160880349209023,True
637,0.9682539682539681,0.14285714285714285,-0.0005166345973701864,-0.0009868264480514055,0.0029985971223069814,True
638,0.9841269841269841,0.14285714285714285,-0.00012354435688399968,-0.00021460484350787118,0.002806102654809369,True
639,1.0,0.14285714285714285,2.549713676532595e-08,5.0309511660526495e-08,0.0026519437612201446,True
640,0.0,0.15873015873015872,-3.258335654161989e-08,4.359067891333515e-06,0.0023230869378920065,True
641,0.015873015873015872,0.15873015873015872,-0.00032840495019309323,0.0022729133315466774,0.001935182098945977,True
642,0.031746031746031744,0.15873015873015872,-0.0012613138343163617,0.0047580232476563825,0.0015546841774626873,True
643,0.047619047619047616,0.15873015873015872,-0.002744886122442928,0.007327543272302936,0.001212975182189346,True
644,0.06349206349206349,0.15873015873015872,-0.004722692665002856,0.009870270728736742,0.0009082304933632301,True
645,0.07936507936507936,0.15873015873015872,-0.007144186252018414,0.012306251202160681,0.0006375063196765879,True
646,0.09523809523809523,0.15873015873015872,-0.009967147344634428,0.014586474457770726,0.00039815260356854294,True
647,0.1111111111111111,0.15873015873015872,-0.0131278939139901,0.01665120862002794,0.0001890004994045343,True
648,0.12698412698412698,0.15873015873015872,-0.01660694907201897,0.018500279983606777,6.655774333674944e-06,True
649,0.14285714285714285,0.15873015873015872,-0.02034155472610302,0.020100846169751014,-0.000149799789255381,True
650,0.15873015873015872,0.15873015873015872,-0.024291655054047893,0.021449745485540263,-0.0002822790719491554,True
651,0.1746031746031746,0.15873015873015872,-0.028429041990490837,0.022553511792223216,-0.000392243443555809,True
652,0.19047619047619047,0.15873015873015872,-0.032692046643838193,0.023406796191636284,-0.0004809640224257676,True
653,0.20634920634920634,0.15873015873015872,-0.03706575526088613,0.024022727902489424,-0.0005490176762677698,True
654,0.2222222222222222,0.15873015873015872,-0.041493265428622465,0.024404615488571868,-0.0005973633012234901,True
655,0.23809523809523808,0.15873015873015872,-0.04595557551131928,0.02456142916501998,-0.0006263831976314306,True
656,0.25396825396825395,0.15873015873015872,-0.05039640208263519,0.02449968668948784,-0.0006357921639435003,True
657,0.2698412698412698,0.15873015873015872,-0.05479304017382042,0.02422593274162714,-0.0006257550548031581,True
658,0.2857142857142857,0.15873015873015872,-0.059108207645045,0.023747050436032955,-0.0005954247523352688,True
659,0.30158730158730157,0.15873015873015872,-0.06332049366345925,0.0230617092096509,-0.0005448437543841854,True
660,0.31746031746031744,0.15873015873015872,-0.06737172107118507,0.02218466584889014,-0.00047231937640531655,True
661,0.3333333333333333,0.15873015873015872,-0.07124377241439663,0.0211145119008657,-0.0003774780250541925,True
662,0.3492063492063492,0.15873015873015872,-0.07491827896845987,0.01983971235340376,-0.000260537889762687,True
663,0.36507936507936506,0.15873015873015872,-0.07833496315590939,0.018399356541214565,-0.00011819448877978385,True
664,0.38095238095238093,0.15873015873015872,-0.08148595274373532,0.016767100591428094,4.785327306395399e-05,True
665,0.3968253968253968,0.15873015873015872,-0.08432641560312423,0.014957065427440927,0.0002387449518175599,True
666,0.4126984126984127,0.15873015873015872,-0.08684258098516155,0.012991136817112572,0.0004551227723872248,True
667,0.42857142857142855,0.15873015873015872,-0.08899655674223103,0.01087070327483303,0.0006963042528871686,True
668,0.4444444444444444,0.15873015873015872,-0.09077575485618053,0.008603003129281599,0.0009610478538369487,True
669,0.4603174603174603,0.15873015873015872,-0.09215359333371172,0.006213951881125533,0.0012491163831175765,True
670,0.47619047619047616,0.15873015873015872,-0.09310027000680178,0.003690175704623392,0.0015565694887945821,True
671,0.49206349206349204,0.15873015873015872,-0.09361394620377399,0.001132092585300069,0.001884789483017179,True
672,0.5079365079365079,0.15873015873015872,-0.09366493994446101,-0.001545841373783997,0.0022293188945026075,True
673,0.5238095238095237,0.15873015873015872,-0.09325773265456282,-0.004216067922138049,0.002584129897841537,True
674,0.5396825396825397,0.15873015873015872,-0.0923890416938669,-0.006902646816944891,0.0029447597554124114,True
675,0.5555555555555556,0.15873015873015872,-0.09105112740400122,-0.009560183365851361,0.0033084091928934603,True
676,0.5714285714285714,0.15873015873015872,-0.0892562007421467,-0.012160261609909337,0.003668659149962608,True
677,0.5873015873015872,0.15873015873015872,-0.0870158080525772,-0.01467573019089876,0.004020987688471542,True
678,0.6031746031746031,0.15873015873015872,-0.08433471068750373,-0.01704832300948971,0.004357878890332721,True
679,0.6190476190476191,0.15873015873015872,-0.08124649716263467,-0.01925286521036814,0.004674431876705394,True
680,0.6349206349206349,0.15873015873015872,-0.07776866223490374,-0.02126218304429516,0.004964624417240335,True
681,0.6507936507936507,0.15873015873015872,-0.0739529810290441,-0.02301760172985228,0.005222115672456905,True
682,0.6666666666666666,0.15873015873015872,-0.06981706334649004,-0.02451971669400968,0.005443085769989152,True
683,0.6825396825396826,0.15873015873015872,-0.06542263872284046,-0.02571739495560666,0.005622065087342174,True
684,0.6984126984126984,0.15873015873015872,-0.06080153639350992,-0.026601824122969332,0.005756243411727272,True
685,0.7142857142857142,0.15873015873015872,-0.0560240618232206,-0.02714048929070819,0.005841870003859973,True
686,0.7301587301587301,0.15873015873015872,-0.051129571978222245,-0.027331439991201592,0.00587878158706814,True
687,0.746031746031746,0.15873015873015872,-0.04619433569002963,-0.02716220210919684,0.005866138251184454,True
688,0.7619047619047619,0.15873015873015872,-0.041273978687687986,-0.026633303368431217,0.005803998456505914,True
689,0.7777777777777777,0.15873015873015872,-0.03640944727853323,-0.025752630838861423,0.005696162544277281,True
690,0.7936507936507936,0.15873015873015872,-0.03168463132158484,-0.024537090785676906,0.005544661791638707,True
691,0.8095238095238095,0.15873015873015872,-0.027148341678449615,-0.023010177520189485,0.0053541343617331035,True
692,0.8253968253968254,0.15873015873015872,-0.022851369216833062,-0.021202560688463972,0.005129730072008101,True
693,0.8412698412698412,0.15873015873015872,-0.018850965006423442,-0.0191598684496659,0.004877561780779958,True
694,0.8571428571428571,0.15873015873015872,-0.015172031937285547,-0.016916907925967856,0.004603571312320623,True
695,0.873015873015873,0.15873015873015872,-0.011866503345010231,-0.014542707931059468,0.004314735704723064,True
696,0.8888888888888888,0.15873015873015872,-0.008956393787441836,-0.012097031012700462,0.0040174372717261845,True
697,0.9047619047619047,0.15873015873015872,-0.006460103751118182,-0.00965224321347624,0.0037181946470217953,True
698,0.9206349206349206,0.15873015873015872,-0.0043877377011549345,-0.0072901097727463265,0.003423132854536862,True
699,0.9365079365079365,0.15873015873015872,-0.0027340252460568014,-0.0050916001030227335,0.0031376797293476326,True
700,0.9523809523809523,0.15873015873015872,-0.0014930863783950395,-0.0031591181149357695,0.0028665322919712946,True
701,0.9682539682539681,0.15873015873015872,-0.0006413749523830759,-0.0015868379546738727,0.002613646462713125,True
702,0.9841269841269841,0.15873015873015872,-0.00015545218479731993,-0.0004954960517781817,0.0023825794900592958,True
703,1.0,0.15873015873015872,-1.8728777606227105e-09,-1.198062124836521e-06,0.0021898082355016894,True
704,0.0,0.1746031746031746,2.9003259355676998e-08,-1.218387360337981e-06,0.0025403460080459968,True
705,0.015873015873015872,0.1746031746031746,-0.0003697993981494424,0.002954607770049871,0.0021037378277290082,True
706,0.031746031746031744,0.1746031746031746,-0.0014166512801366295,0.006048969664621942,0.0016794933187136735,True
707,0.047619047619047616,0.1746031746031746,-0.0030734770547670574,0.009165357327808129,0.0013023363761048433,True
708,0.06349206349206349,0.1746031746031746,-0.0052725327884289306,0.012197432687389445,0.0009692795280996988,True
709,0.07936507936507936,0.1746031746031746,-0.007954153385486126,0.015072059883030679,0.000676433900632834,True
710,0.09523809523809523,0.1746031746031746,-0.01106132415915421,0.017733930535428263,0.00042039750793937056,True
711,0.1111111111111111,0.1746031746031746,-0.014539766793085275,0.020143377690439584,0.0001977513067583209,True
712,0.12698412698412698,0.1746031746031746,-0.018339338941136075,0.02227777828454286,5.5449513949681145e-06,True
713,0.14285714285714285,0.1746031746031746,-0.022412759463009316,0.024124812557409215,-0.00015910902404969344,True
714,0.15873015873015872,0.1746031746031746,-0.02670811177159137,0.025675535111138056,-0.00029831592764339017,True
715,0.1746031746031746,0.1746031746031746,-0.031189916275003886,0.02693692136357169,-0.00041472942811123,True
716,0.19047619047619047,0.1746031746031746,-0.0358115293700057,0.02791114352472813,-0.0005097698155946118,True
717,0.20634920634920634,0.1746031746031746,-0.040528138380771614,0.028604714061083922,-0.00058496597476999,True
718,0.2222222222222222,0.1746031746031746,-0.04531000193753219,0.029028224630537117,-0.000641132381249095,True
719,0.23809523809523808,0.1746031746031746,-0.050099928285403515,0.029188752764601186,-0.0006788923441182974,True
720,0.25396825396825395,0.1746031746031746,-0.054884658614917294,0.029095361192759895,-0.0006985379028576395,True
721,0.2698412698412698,0.1746031746031746,-0.05962000147039305,0.028752777227284733,-0.000700219714297442,True
722,0.2857142857142857,0.1746031746031746,-0.06424585783159853,0.028177361452484596,-0.0006818981603751106,True
723,0.30158730158730157,0.1746031746031746,-0.06878295051275361,0.027351540815493507,-0.0006457848356028476,True
724,0.31746031746031744,0.1746031746031746,-0.07313571225297597,0.026306914708428376,-0.0005879428863093702,True
725,0.3333333333333333,0.1746031746031746,-0.07730582477314536,0.02503155918463488,-0.000508961952216449,True
726,0.3492063492063492,0.1746031746031746,-0.08124983180888924,0.023532339437823062,-0.00040759655545304514,True
727,0.36507936507936506,0.1746031746031746,-0.08493554373888278,0.021818362885918815,-0.00028231376542237936,True
728,0.38095238095238093,0.1746031746031746,-0.08833645936402873,0.01988848379812495,-0.00013268648866455652,True
729,0.3968253968253968,0.1746031746031746,-0.09142336696279854,0.017762044617373143,4.2720229877080246e-05,True
730,0.4126984126984127,0.1746031746031746,-0.09415150718460533,0.015441716664809417,0.00024362751173192593,True
731,0.42857142857142855,0.1746031746031746,-0.09650155655374086,0.012922696515853638,0.0004697565872548478,True
732,0.4444444444444444,0.1746031746031746,-0.09844897248484509,0.010262330011736234,0.0007220411453380627,True
733,0.4603174603174603,0.1746031746031746,-0.09997472449048872,0.007438468800959342,0.0009984673077086158,True
734,0.47619047619047616,0.1746031746031746,-0.1010592652533022,0.0044950733854759,0.001297294747652818,True
735,0.49206349206349204,0.1746031746031746,-0.10166301228149924,0.001446592435172515,0.0016175722600739718,True
736,0.5079365079365079,0.1746031746031746,-0.1017911601103214,-0.0016759210071759724,0.001957927683903439,True
737,0.5238095238095237,0.1746031746031746,-0.10143107898819555,-0.004839442201641471,0.002310329233845492,True
738,0.5396825396825397,0.1746031746031746,-0.10056191366235397,-0.00801195359299149,0.0026705113605010127,True
739,0.5555555555555556,0.1746031746031746,-0.09921727281425789,-0.011155745995812531,0.0030373871179177024,True
740,0.5714285714285714,0.1746031746031746,-0.09736407664287133,-0.014230182080393321,0.0034025690197309203,True
741,0.5873015873015872,0.1746031746031746,-0.09501884645963728,-0.01719693401421596,0.003760828739119792,True
742,0.6031746031746031,0.1746031746031746,-0.09222185746094554,-0.019997028647363916,0.00410652204766723,True
743,0.6190476190476191,0.1746031746031746,-0.08896935719055661,-0.02263500358474784,0.004434141901314434,True
744,0.6349206349206349,0.1746031746031746,-0.08529304126472137,-0.02502685923702254,0.004735814899624303,True
745,0.6507936507936507,0.1746031746031746,-0.08124985921849404,-0.02712611313476508,0.005005764127783064,True
746,0.6666666666666666,0.1746031746031746,-0.07684202522980864,-0.02893723252532754,0.005239144755403428,True
747,0.6825396825396826,0.1746031746031746,-0.07214197617331237,-0.03039634588276151,0.0054305615327404615,True
748,0.6984126984126984,0.1746031746031746,-0.0671894419172781,-0.03148427920997352,0.005575741503436917,True
749,0.7142857142857142,0.1746031746031746,-0.062047683233052,-0.03217708278267416,0.005672443300959622,True
750,0.7301587301587301,0.1746031746031746,-0.05676706143151168,-0.0324570582314245,0.005717501185581244,True
751,0.746031746031746,0.1746031746031746,-0.05142104638198038,-0.032315968684962226,0.005710500150716418,True
752,0.7619047619047619,0.1746031746031746,-0.04606530143321566,-0.031753734775908586,0.005652366543795327,True
753,0.7777777777777777,0.1746031746031746,-0.04076615284995962,-0.03077733082785927,0.005544670876386491,True
754,0.7936507936507936,0.1746031746031746,-0.03559105672244535,-0.029404196516293682,0.005390472059456089,True
755,0.8095238095238095,0.1746031746031746,-0.030606216932698528,-0.027662654562441203,0.005193816407950781,True
756,0.8253968253968254,0.1746031746031746,-0.025858209612031488,-0.025582914894982847,0.004959870881127772,True
757,0.8412698412698412,0.1746031746031746,-0.021417002220391883,-0.023217994248663353,0.004694361148335658,True
758,0.8571428571428571,0.1746031746031746,-0.01732187068005186,-0.02061841702060959,0.004403941720322766,True
759,0.873015873015873,0.1746031746031746,-0.013614999597392378,-0.01784595627241981,0.004094641829899883,True
760,0.8888888888888888,0.1746031746031746,-0.010333435683268105,-0.01497885284731039,0.0037737476560945407,True
761,0.9047619047619047,0.1746031746031746,-0.007497984778641271,-0.012094769292675753,0.0034475418712246768,True
762,0.9206349206349206,0.1746031746031746,-0.005126498291176257,-0.009288586636342768,0.003122765579282269,True
763,0.9365079365079365,0.1746031746031746,-0.0032187988681548546,-0.006650642709716226,0.002804345269104388,True
764,0.9523809523809523,0.1746031746031746,-0.0017709601932453375,-0.004288010264552815,0.0024976870466790696,True
765,0.9682539682539681,0.1746031746031746,-0.0007685072627880491,-0.00231293313315007,0.0022068991988896092,True
766,0.9841269841269841,0.1746031746031746,-0.0001882482241106023,-0.0008425687565933143,0.0019354094230117536,True
767,1.0,0.1746031746031746,5.172318535720053e-09,5.899088992906001e-07,0.0017037444489070418,True
768,0.0,0.19047619047619047,1.0838811787206666e-08,3.3207647817316544e-06,0.002703217157422737,True
769,0.015873015873015872,0.19047619047619047,-0.000409583645429185,0.003712757492914689,0.0022206543686369533,True
770,0.031746031746031744,0.19047619047619047,-0.0015691698144096589,0.0074926621122477196,0.0017532230135525325,True
771,0.047619047619047616,0.19047619047619047,-0.0033907142523134553,0.01119852877841372,0.0013420737758675354,True
772,0.06349206349206349,0.19047619047619047,-0.005802491958243843,0.014763075258110131,0.0009813325809771437,True
773,0.07936507936507936,0.19047619047619047,-0.008734431768326613,0.0181060554826451,0.000666227660525608,True
774,0.09523809523809523,0.19047619047619047,-0.012128189435639305,0.0211885636440427,0.0003920933486729895,True
775,0.1111111111111111,0.19047619047619047,-0.015900540495827918,0.023944917675561613,0.00015608011300188789,True
776,0.12698412698412698,0.19047619047619047,-0.02001727220795315,0.026383147864976527,-4.745365233500404e-05,True
777,0.14285714285714285,0.19047619047619047,-0.024415262528328832,0.028481925025942424,-0.0002214343497660413,True
778,0.15873015873015872,0.19047619047619047,-0.029043764486851295,0.030238790135177843,-0.00036932896775526285,True
779,0.1746031746031746,0.19047619047619047,-0.03387280758108976,0.03166674799897059,-0.0004939224563730079,True
780,0.19047619047619047,0.19047619047619047,-0.03882445897466613,0.032756581273877254,-0.0005971241968672358,True
781,0.20634920634920634,0.19047619047619047,-0.04388931384835759,0.033530369294370664,-0.0006812726844343498,True
782,0.2222222222222222,0.19047619047619047,-0.04899498084617785,0.033990984911138764,-0.0007470127207384852,True
783,0.23809523809523808,0.19047619047619047,-0.054125387483822986,0.034152757393104714,-0.0007953286286875373,True
784,0.25396825396825395,0.19047619047619047,-0.059239204473639034,0.034021845521198676,-0.0008271138409942018,True
785,0.2698412698412698,0.19047619047619047,-0.06429494589613377,0.033607711761680065,-0.00084116515770589,True
786,0.2857142857142857,0.19047619047619047,-0.06925319297517403,0.03291498404591639,-0.0008383633895258356,True
787,0.30158730158730157,0.19047619047619047,-0.07408584892175786,0.03195239872728102,-0.0008163688890141023,True
788,0.31746031746031744,0.19047619047619047,-0.07874403970981074,0.030725423467892643,-0.0007749256264167923,True
789,0.3333333333333333,0.19047619047619047,-0.08320309281350043,0.02923740389372597,-0.0007125143970866394,True
790,0.3492063492063492,0.19047619047619047,-0.08742145626206013,0.02749710513575709,-0.0006277283704147628,True
791,0.36507936507936506,0.19047619047619047,-0.0913864261286477,0.025498413315155476,-0.0005196878070985142,True
792,0.38095238095238093,0.19047619047619047,-0.09504055061966396,0.02325225247725907,-0.00038719080845185064,True
793,0.3968253968253968,0.19047619047619047,-0.09835366642589845,0.020792424740819142,-0.00022755293350039648,True
794,0.4126984126984127,0.19047619047619047,-0.10130880220772144,0.018089905701719703,-4.219587075190672e-05,True
795,0.42857142857142855,0.19047619047619047,-0.10386850930899026,0.01519069082286295,0.00017092695079676373,True
796,0.4444444444444444,0.19047619047619047,-0.10601230520572365,0.012082200023351752,0.0004104780888112697,True
797,0.4603174603174603,0.19047619047619047,-0.10770056455831867,0.008814560993800263,0.0006770558629478075,True
798,0.47619047619047616,0.19047619047619047,-0.10891861466810818,0.005415453793364678,0.0009681144928786012,True
799,0.49206349206349204,0.19047619047619047,-0.10965191912146666,0.0018527310780269764,0.0012829209619939237,True
800,0.5079365079365079,0.19047619047619047,-0.1098779592880174,-0.0017484294425847732,0.0016211967572708117,True
801,0.5238095238095237,0.19047619047619047,-0.10958357155580825,-0.005424917211882839,0.0019739176106400684,True
802,0.5396825396825397,0.19047619047619047,-0.1087561012164479,-0.009114747609059153,0.0023375369253472093,True
803,0.5555555555555556,0.19047619047619047,-0.10739728815141997,-0.012775275005611882,0.0027095702446734778,True
804,0.5714285714285714,0.19047619047619047,-0.10552508957287268,-0.01635605907575611,0.0030839939201283122,True
805,0.5873015873015872,0.19047619047619047,-0.103130383737181,-0.01980725570137249,0.0034541238277974143,True
806,0.6031746031746031,0.19047619047619047,-0.10022582700588979,-0.023100858186425977,0.0038135464164649746,True
807,0.6190476190476191,0.19047619047619047,-0.0968343755565941,-0.02615939269781113,0.0041542774017965,True
808,0.6349206349206349,0.19047619047619047,-0.0929898271168488,-0.02898916396385926,0.004474128930082851,True
809,0.6507936507936507,0.19047619047619047,-0.08872077229592001,-0.031480396121835265,0.004760842362350723,True
810,0.6666666666666666,0.19047619047619047,-0.08406341747870182,-0.03363276305966325,0.005012213370636488,True
811,0.6825396825396826,0.19047619047619047,-0.07907200185455919,-0.03538668621913676,0.005220814119286745,True
812,0.6984126984126984,0.19047619047619047,-0.07380245704837088,-0.03670798984863836,0.00538174740043147,True
813,0.7142857142857142,0.19047619047619047,-0.06828731210347642,-0.03758715785049404,0.0054928770202161675,True
814,0.7301587301587301,0.19047619047619047,-0.0626236990132161,-0.03798337367470944,0.0055503182757988484,True
815,0.746031746031746,0.19047619047619047,-0.05686393462151657,-0.03789405437366292,0.005552688446495219,True
816,0.7619047619047619,0.19047619047619047,-0.05106245747915299,-0.03731501968101924,0.005500447225953582,True
817,0.7777777777777777,0.19047619047619047,-0.045320384393191304,-0.036256783909676106,0.005395142222437945,True
818,0.7936507936507936,0.19047619047619047,-0.03967925932877065,-0.03473355099454576,0.005239714493201698,True
819,0.8095238095238095,0.19047619047619047,-0.03422137057495305,-0.03277399930729371,0.005037014324943995,True
820,0.8253968253968254,0.19047619047619047,-0.0290044877572694,-0.030417284131170466,0.0047930195765574675,True
821,0.8412698412698412,0.19047619047619047,-0.024107395091569107,-0.027722035636296497,0.004513185841085517,True
822,0.8571428571428571,0.19047619047619047,-0.01956475446653817,-0.024736959062380753,0.004203787461673531,True
823,0.873015873015873,0.19047619047619047,-0.015443580652036349,-0.02154945405449829,0.003872312589783312,True
824,0.8888888888888888,0.19047619047619047,-0.01176877349781967,-0.018226780725409272,0.0035249026008003993,True
825,0.9047619047619047,0.19047619047619047,-0.008579338236687684,-0.01486869594570127,0.00316875469772488,True
826,0.9206349206349206,0.19047619047619047,-0.005897097351438386,-0.011579849494891298,0.00281095467106417,True
827,0.9365079365079365,0.19047619047619047,-0.0037160300335674855,-0.008439132751337357,0.0024553956466644646,True
828,0.9523809523809523,0.19047619047619047,-0.0020607037733590245,-0.005610633647943296,0.0021114765264432277,True
829,0.9682539682539681,0.19047619047619047,-0.0008977038804539423,-0.0031624249561502883,0.001779740749523621,True
830,0.9841269841269841,0.19047619047619047,-0.00022065251934759455,-0.0012506189134497416,0.0014663007269994518,True
831,1.0,0.19047619047619047,7.60310745094332e-08,2.7604812896258403e-06,0.0011948633439238091,True
832,0.0,0.20634920634920634,1.1005674401283832e-08,-2.328777550862036e-06,0.002804578616178323,True
833,0.015873015873015872,0.20634920634920634,-0.00044743420100441507,0.004541249314136298,0.0022774681940451597,True
834,0.031746031746031744,0.20634920634920634,-0.0017085238651121932,0.009051019328540601,0.0017701978795273676,True
835,0.047619047619047616,0.20634920634920634,-0.0036926251970002127,0.013420578195483176,0.0013248816327341825,True
836,0.06349206349206349,0.20634920634920634,-0.006313261299916932,0.017563886516634947,0.0009363274459378775,True
837,0.07936507936507936,0.20634920634920634,-0.009486604693863462,0.021407921692818476,0.0005993585890246496,True
838,0.09523809523809523,0.20634920634920634,-0.013141837434353687,0.024914252021932485,0.0003080337188523844,True
839,0.1111111111111111,0.20634920634920634,-0.017212060332585027,0.02805285915178445,5.6928987041690766e-05,True
840,0.12698412698412698,0.20634920634920634,-0.021633029129705744,0.03080547889757212,-0.000158718427318312,True
841,0.14285714285714285,0.20634920634920634,-0.026350832893094756,0.03316879251675515,-0.0003436896095113515,True
842,0.15873015873015872,0.20634920634920634,-0.031308117063267644,0.03514081258399322,-0.0005012780623533474,True
843,0.1746031746031746,0.20634920634920634,-0.03644811219964843,0.03672483523150633,-0.0006353104960640722,True
844,0.19047619047619047,0.20634920634920634,-0.04174106492956962,0.03793916978948932,-0.000748727002611335,True
845,0.20634920634920634,0.20634920634920634,-0.0471212466810113,0.03878722521085439,-0.0008428741939513956,True
846,0.2222222222222222,0.20634920634920634,-0.05256472067539589,0.039285717835837806,-0.0009202756604019283,True
847,0.23809523809523808,0.20634920634920634,-0.058021754388324846,0.039443596714415566,-0.0009814185213793977,True
848,0.25396825396825395,0.20634920634920634,-0.06345482808094502,0.03927128807662606,-0.0010265528020809774,True
849,0.2698412698412698,0.20634920634920634,-0.06882969812103622,0.03877552630376593,-0.0010562305320037362,True
850,0.2857142857142857,0.20634920634920634,-0.07408685562367989,0.03797492966904319,-0.0010676039872812024,True
851,0.30158730158730157,0.20634920634920634,-0.07922810343526901,0.036855851810752877,-0.0010633330772244901,True
852,0.31746031746031744,0.20634920634920634,-0.0841861837744101,0.03544112451728486,-0.0010392358507498101,True
853,0.3333333333333333,0.20634920634920634,-0.08893842236530673,0.033727345047096485,-0.0009950699901380392,True
854,0.3492063492063492,0.20634920634920634,-0.09343611515546768,0.031732826821997386,-0.0009280993801511267,True
855,0.36507936507936506,0.20634920634920634,-0.09767664821377958,0.029437555977629634,-0.0008383494320793251,True
856,0.38095238095238093,0.20634920634920634,-0.10158906693594981,0.0268798788091232,-0.0007223965177153798,True
857,0.3968253968253968,0.20634920634920634,-0.10514787416119188,0.02404893781443633,-0.0005803980457400352,True
858,0.4126984126984127,0.20634920634920634,-0.10834500712550292,0.020966580843159433,-0.00040972198420977866,True
859,0.42857142857142855,0.20634920634920634,-0.11113125028045878,0.01764179874339261,-0.00021041442713076183,True
860,0.4444444444444444,0.20634920634920634,-0.11346051768460791,0.014108125045488461,1.7749081818772923e-05,True
861,0.4603174603174603,0.20634920634920634,-0.11534434777271399,0.010376999854336558,0.00027526493886382517,True
862,0.47619047619047616,0.20634920634920634,-0.11674003776132197,0.006438893483065096,0.0005592155197840185,True
863,0.49206349206349204,0.20634920634920634,-0.11760526269273126,0.002436654745280877,0.000871144035442684,True
864,0.5079365079365079,0.20634920634920634,-0.1179505450545154,-0.0017406205469355375,0.0012084165680448888,True
865,0.5238095238095237,0.20634920634920634,-0.11775017171456802,-0.005939445646308418,0.0015641691604292808,True
866,0.5396825396825397,0.20634920634920634,-0.11699624902531516,-0.010172641973189516,0.0019344166425647033,True
867,0.5555555555555556,0.20634920634920634,-0.11566859657984178,-0.014370615602007617,0.0023156952591026235,True
868,0.5714285714285714,0.20634920634920634,-0.11378748128331155,-0.01849477467356675,0.0027021414299894554,True
869,0.5873015873015872,0.20634920634920634,-0.1113535207880767,-0.02249141156314828,0.0030878205700619467,True
870,0.6031746031746031,0.20634920634920634,-0.10838241482301285,-0.026295661400749275,0.0034657086516898614,True
871,0.6190476190476191,0.20634920634920634,-0.10487450164856443,-0.02988180111527016,0.003829056885732211,True
872,0.6349206349206349,0.20634920634920634,-0.10087660528852704,-0.03312712987434575,0.004167074047060992,True
873,0.6507936507936507,0.20634920634920634,-0.09640811885763126,-0.03606834547495542,0.004478653316026112,True
874,0.6666666666666666,0.20634920634920634,-0.09151804212428308,-0.03859429634151135,0.004752578413678005,True
875,0.6825396825396826,0.20634920634920634,-0.0862445718400677,-0.040680759106953596,0.0049834707348582205,True
876,0.6984126984126984,0.20634920634920634,-0.0806554060766048,-0.042277627689344593,0.005165572951426483,True
877,0.7142857142857142,0.20634920634920634,-0.07478394726389356,-0.043374769379875375,0.005296969480011912,True
878,0.7301587301587301,0.20634920634920634,-0.06872960509864853,-0.043916246187348004,0.005370536720786558,True
879,0.746031746031746,0.20634920634920634,-0.06253952098823526,-0.04390450011363092,0.005386464317071736,True
880,0.7619047619047619,0.20634920634920634,-0.05630283909647578,-0.04333139263690846,0.00534393801357245,True
881,0.7777777777777777,0.20634920634920634,-0.050077698839548025,-0.04220151979008798,0.00524381415366876,True
882,0.7936507936507936,0.20634920634920634,-0.04395711661136582,-0.04053463092230365,0.005088194437599028,True
883,0.8095238095238095,0.20634920634920634,-0.0380071298774718,-0.03836061240676522,0.004881115634900882,True
884,0.8253968253968254,0.20634920634920634,-0.03230723460523068,-0.03572436394412849,0.0046272311672075975,True
885,0.8412698412698412,0.20634920634920634,-0.026927355676481326,-0.032683622701560826,0.004332441220552224,True
886,0.8571428571428571,0.20634920634920634,-0.021927718650409864,-0.02930576890561646,0.0040034351530365735,True
887,0.873015873015873,0.20634920634920634,-0.017356938727197208,-0.025663281870467555,0.003646958294324217,True
888,0.8888888888888888,0.20634920634920634,-0.013269620503307314,-0.021852485029302857,0.0032703848843075034,True
889,0.9047619047619047,0.20634920634920634,-0.009707344695174801,-0.017981354427083002,0.0028817044937624312,True
890,0.9206349206349206,0.20634920634920634,-0.006690925070810162,-0.014151676967826836,0.00248724089694476,True
891,0.9365079365079365,0.20634920634920634,-0.004239551960880558,-0.010487329558942757,0.0020939933309383437,True
892,0.9523809523809523,0.20634920634920634,-0.0023528382464581186,-0.007102987663693281,0.0017074682970337931,True
893,0.9682539682539681,0.20634920634920634,-0.001029998215689937,-0.004137448956623093,0.001333257960218493,True
894,0.9841269841269841,0.20634920634920634,-0.00025468642454222327,-0.0017261879356254073,0.0009761096881669194,True
895,1.0,0.20634920634920634,-4.933637583676147e-09,5.013494870570847e-07,0.0006643188925699905,True
896,0.0,0.2222222222222222,1.1983813726655048e-07,-5.694580951894511e-06,0.002835402764615817,True
897,0.015873015873015872,0.2222222222222222,-0.00048355840066170605,0.005442891588310424,0.002265886797460024,True
898,0.031746031746031744,0.2222222222222222,-0.0018445290958110068,0.010748352238926272,0.001719751543370234,True
899,0.047619047619047616,0.2222222222222222,-0.0039833768999353565,0.01582551407982541,0.001241828289496089,True
900,0.06349206349206349,0.2222222222222222,-0.006798929750795575,0.020580767746980002,0.0008273243560273996,True
901,0.07936507936507936,0.2222222222222222,-0.010206004250726453,0.02496114510799758,0.0004683682525697713,True
902,0.09523809523809523,0.2222222222222222,-0.014117460675786613,0.028924176466651907,0.0001597913874494708,True
903,0.1111111111111111,0.2222222222222222,-0.018465091785268957,0.03245187178883198,-0.00010609392312273555,True
904,0.12698412698412698,0.2222222222222222,-0.023180443769623423,0.035533603712474,-0.00033468297950648026,True
905,0.14285714285714285,0.2222222222222222,-0.028199112242174185,0.03816505927323666,-0.0005311038132838623,True
906,0.15873015873015872,0.2222222222222222,-0.03346629150891846,0.04035390866162233,-0.0007002074645598556,True
907,0.1746031746031746,0.2222222222222222,-0.038933223433744266,0.04211166459572424,-0.0008454808373882783,True
908,0.19047619047619047,0.2222222222222222,-0.04454060446576066,0.04344472552392858,-0.0009706314826625075,True
909,0.20634920634920634,0.2222222222222222,-0.05023837096589282,0.04436888953927177,-0.0010767689737946526,True
910,0.2222222222222222,0.2222222222222222,-0.05599857742028739,0.04490091930992285,-0.0011676434149838358,True
911,0.23809523809523808,0.2222222222222222,-0.06176728866996509,0.04505291173957971,-0.0012427994174493563,True
912,0.25396825396825395,0.2222222222222222,-0.0675135793101514,0.04483489951760637,-0.0013037576431074354,True
913,0.2698412698412698,0.2222222222222222,-0.07318961805682099,0.04425933003979564,-0.0013490407032385457,True
914,0.2857142857142857,0.2222222222222222,-0.07876892473219588,0.04332888752189999,-0.0013797636803660484,True
915,0.30158730158730157,0.2222222222222222,-0.08420573262066337,0.04205628839075807,-0.0013930793442006864,True
916,0.31746031746031744,0.2222222222222222,-0.08945280616065962,0.040448813327281986,-0.001388306595163795,True
917,0.3333333333333333,0.2222222222222222,-0.09449463037804534,0.038509942729087566,-0.0013628979542568657,True
918,0.3492063492063492,0.2222222222222222,-0.09928502960683973,0.03623943962754233,-0.0013164116159707345,True
919,0.36507936507936506,0.2222222222222222,-0.1037815603000171,0.03365924441818655,-0.001245111241693788,True
920,0.38095238095238093,0.2222222222222222,-0.10797372759607646,0.030747358539795242,-0.0011488899938458784,True
921,0.3968253968253968,0.2222222222222222,-0.11179646722209845,0.027561299662231316,-0.0010231122850041065,True
922,0.4126984126984127,0.2222222222222222,-0.11523394233213972,0.02407343088158446,-0.0008688842711357346,True
923,0.42857142857142855,0.2222222222222222,-0.11825385359134323,0.02031532908814239,-0.0006837038136052562,True
924,0.4444444444444444,0.2222222222222222,-0.12081873188191072,0.016328767262603308,-0.00046649700259353586,True
925,0.4603174603174603,0.2222222222222222,-0.12289871028082601,0.01209499175475459,-0.00021850475753734162,True
926,0.47619047619047616,0.2222222222222222,-0.12447786417012309,0.0076817649228890965,6.020674805381031e-05,True
927,0.49206349206349204,0.2222222222222222,-0.12552223015237862,0.003109780540837903,0.0003694825561331585,True
928,0.5079365079365079,0.2222222222222222,-0.12601395007974475,-0.001598671950013764,0.0007082818993436081,True
929,0.5238095238095237,0.2222222222222222,-0.1259253943952987,-0.0063421292989988215,0.0010683274438084162,True
930,0.5396825396825397,0.2222222222222222,-0.1252697076998682,-0.01118437862868633,0.0014477665426549959,True
931,0.5555555555555556,0.2222222222222222,-0.12401129913610873,-0.01594078116864973,0.0018417990433597493,True
932,0.5714285714285714,0.2222222222222222,-0.12216611101282827,-0.020642394372765948,0.0022450623554475624,True
933,0.5873015873015872,0.2222222222222222,-0.11972622095297673,-0.025216096489285463,0.0026508885178756878,True
934,0.6031746031746031,0.2222222222222222,-0.11669730971766232,-0.029564616423967995,0.0030500331688491145,True
935,0.6190476190476191,0.2222222222222222,-0.11310994447049968,-0.03367261120703537,0.003438364721127601,True
936,0.6349206349206349,0.2222222222222222,-0.10897836916116799,-0.037463820303510746,0.0038067509873799628,True
937,0.6507936507936507,0.2222222222222222,-0.10433592200698609,-0.040851338008825254,0.0041448277273658,True
938,0.6666666666666666,0.2222222222222222,-0.09923004313968432,-0.0437982209964289,0.004447320968430837,True
939,0.6825396825396826,0.2222222222222222,-0.0936929077736091,-0.04626215679089759,0.004707430798472049,True
940,0.6984126984126984,0.2222222222222222,-0.08777938437577361,-0.04819128661722938,0.004918456999743081,True
941,0.7142857142857142,0.2222222222222222,-0.08156480136423318,-0.04952852207768804,0.005073247325767705,True
942,0.7301587301587301,0.2222222222222222,-0.0751164525280794,-0.050257991091931194,0.005170152349455317,True
943,0.746031746031746,0.2222222222222222,-0.0684965453085453,-0.050355913878916365,0.005205041372487905,True
944,0.7619047619047619,0.2222222222222222,-0.0617949172551158,-0.0498106077179261,0.0051758363061008535,True
945,0.7777777777777777,0.2222222222222222,-0.05510645262792164,-0.04863373325579731,0.005084231997326145,True
946,0.7936507936507936,0.2222222222222222,-0.04847444177633175,-0.04683706041963799,0.004932758034961272,True
947,0.8095238095238095,0.2222222222222222,-0.04202114111491934,-0.044455777181403144,0.004722498866996235,True
948,0.8253968253968254,0.2222222222222222,-0.035800774914249246,-0.04153350283161787,0.00446023499409984,True
949,0.8412698412698412,0.2222222222222222,-0.0299114033839463,-0.03813595828068288,0.004150757788492373,True
950,0.8571428571428571,0.2222222222222222,-0.024413789077757393,-0.03433340710411539,0.0038010248508904988,True
951,0.873015873015873,0.2222222222222222,-0.01937652619940634,-0.030218055496277107,0.0034191355834590573,True
952,0.8888888888888888,0.2222222222222222,-0.0148589750356334,-0.025891701703620887,0.003011857286153647,True
953,0.9047619047619047,0.2222222222222222,-0.010890196730742877,-0.02144773811424318,0.0025870027597554223,True
954,0.9206349206349206,0.2222222222222222,-0.0075324844919750005,-0.017048399163931697,0.0021544976235923735,True
955,0.9365079365079365,0.2222222222222222,-0.0047848312132830004,-0.012785440054827029,0.001719082352993917,True
956,0.9523809523809523,0.2222222222222222,-0.0026624138563884196,-0.008801876769322715,0.001288278262487855,True
957,0.9682539682539681,0.2222222222222222,-0.0011694245028799045,-0.005251924628175045,0.0008689135610388773,True
958,0.9841269841269841,0.2222222222222222,-0.0002898853233170164,-0.002269109533114744,0.00046536030618058013,True
959,1.0,0.2222222222222222,1.4558966978502738e-08,3.1119798414578273e-06,0.00011099984412564112,True
960,0.0,0.23809523809523808,-6.941439109548604e-08,-6.760375796761467e-07,0.0027879491452501813,True
961,0.015873015873015872,0.23809523809523808,-0.0005179633929158378,0.006415185065187421,0.0021783348958623523,True
962,0.031746031746031744,0.23809523809523808,-0.0019739681457013646,0.012581142880981387,0.0015953534480662936,True
963,0.047619047619047616,0.23809523809523808,-0.004256718201290353,0.018399362564433114,0.0010871764104737063,True
964,0.06349206349206349,0.23809523809523808,-0.007256678819760903,0.02380067414041159,0.0006476625549867802,True
965,0.07936507936507936,0.23809523809523808,-0.010883758461050925,0.02874728865574577,0.0002678758581635355,True
966,0.09523809523809523,0.23809523809523808,-0.015044453129841451,0.033196436192599044,-5.884099444107894e-05,True
967,0.1111111111111111,0.23809523809523808,-0.019659488964187302,0.03713569178807963,-0.0003395427676578899,True
968,0.12698412698412698,0.23809523809523808,-0.02465390467040655,0.04055642622951643,-0.0005812367975208674,True
969,0.14285714285714285,0.23809523809523808,-0.02996019887524344,0.04346335187532616,-0.0007904438741079808,True
970,0.15873015873015872,0.23809523809523808,-0.035524091176576914,0.04587420161329757,-0.0009719888793087979,True
971,0.1746031746031746,0.23809523809523808,-0.041293730505793595,0.04780431124144306,-0.0011293446286920257,True
972,0.19047619047619047,0.23809523809523808,-0.047204536017126014,0.04925990200191542,-0.0012672861468955086,True
973,0.20634920634920634,0.23809523809523808,-0.053214235033122025,0.05026251589963957,-0.001387681799569533,True
974,0.2222222222222222,0.23809523809523808,-0.05928404294948915,0.05082833609447896,-0.0014941038259423545,True
975,0.23809523809523808,0.23809523809523808,-0.06536148380427269,0.05097150648687734,-0.0015857022802774029,True
976,0.25396825396825395,0.23809523809523808,-0.07141228412892131,0.050705574460315525,-0.001663836556628479,True
977,0.2698412698412698,0.23809523809523808,-0.07737775167924298,0.050044007424588435,-0.00172838055337282,True
978,0.2857142857142857,0.23809523809523808,-0.08326381506382588,0.048988038746964564,-0.0017787214278774202,True
979,0.30158730158730157,0.23809523809523808,-0.08898884186339794,0.047559204482901775,-0.001811660724443483,True
980,0.31746031746031744,0.23809523809523808,-0.09453624554772047,0.04574622456754109,-0.0018290329818402278,True
981,0.3333333333333333,0.23809523809523808,-0.09987218111899585,0.04356934503991517,-0.0018251303133743535,True
982,0.3492063492063492,0.23809523809523808,-0.10493187217212822,0.041037166468822606,-0.0017995720283548642,True
983,0.36507936507936506,0.23809523809523808,-0.10972906227765036,0.038138776370078564,-0.0017495415831130447,True
984,0.38095238095238093,0.23809523809523808,-0.1141804578039789,0.03490212630766356,-0.0016725045605870499,True
985,0.3968253968253968,0.23809523809523808,-0.1182746431179095,0.03133140142683279,-0.0015661930342980867,True
986,0.4126984126984127,0.23809523809523808,-0.12197161169649633,0.02744354639223976,-0.0014284184132296947,True
987,0.42857142857142855,0.23809523809523808,-0.12523444213261178,0.023247804606333623,-0.001258313776382475,True
988,0.4444444444444444,0.23809523809523808,-0.12804964360659102,0.018759278056047945,-0.0010540547612554556,True
989,0.4603174603174603,0.23809523809523808,-0.1303622290590762,0.014058220960082012,-0.0008138330025220032,True
990,0.47619047619047616,0.23809523809523808,-0.13216055406087157,0.009080625915120426,-0.0005413910962767089,True
991,0.49206349206349204,0.23809523809523808,-0.1333841031454655,0.003988195675909787,-0.00023390204279886677,True
992,0.5079365079365079,0.23809523809523808,-0.1340638437903213,-0.0013008650773396037,0.00010732432058515569,True
993,0.5238095238095237,0.23809523809523808,-0.13413924423840834,-0.006693661579140932,0.0004751405796217208,True
994,0.5396825396825397,0.23809523809523808,-0.13359149914974186,-0.012050787195172257,0.0008642982954093802,True
995,0.5555555555555556,0.23809523809523808,-0.1324447034443918,-0.017486572616376185,0.001275916800753987,True
996,0.5714285714285714,0.23809523809523808,-0.13064527665635903,-0.022746189115385177,0.0016965137787925083,True
997,0.5873015873015872,0.23809523809523808,-0.12823720933445792,-0.027949355954686044,0.0021273620597418385,True
998,0.6031746031746031,0.23809523809523808,-0.12520121396904868,-0.03290446253878098,0.0025556658803803293,True
999,0.6190476190476191,0.23809523809523808,-0.12155599074933059,-0.037571866005169645,0.0029733729314193975,True
1000,0.6349206349206349,0.23809523809523808,-0.11731072666955791,-0.041929986253629266,0.003375301164357661,True
1001,0.6507936507936507,0.23809523809523808,-0.11253128885779792,-0.04581484308198459,0.0037482986112942164,True
1002,0.6666666666666666,0.23809523809523808,-0.10720740726440044,-0.04926145853461942,0.004087887134044758,True
1003,0.6825396825396826,0.23809523809523808,-0.10142440724142249,-0.052140660380399204,0.0043832536626017245,True
1004,0.6984126984126984,0.23809523809523808,-0.09521753779327786,-0.05442379686494187,0.004627613101243739,True
1005,0.7142857142857142,0.23809523809523808,-0.0886596309739467,-0.05606003006907134,0.004815380972075887,True
1006,0.7301587301587301,0.23809523809523808,-0.081815830359339,-0.05701125778752184,0.004940507043973747,True
1007,0.746031746031746,0.23809523809523808,-0.07477078725531135,-0.05725242701165454,0.004999708488419305,True
1008,0.7619047619047619,0.23809523809523808,-0.06760609137157476,-0.05676835587867746,0.004989807987661311,True
1009,0.7777777777777777,0.23809523809523808,-0.06038756964579245,-0.055564168576647754,0.004912815326047779,True
1010,0.7936507936507936,0.23809523809523808,-0.053242066989880495,-0.053654115489371164,0.004768324059656988,True
1011,0.8095238095238095,0.23809523809523808,-0.04625102797559637,-0.05107056185774722,0.0045585938916460605,True
1012,0.8253968253968254,0.23809523809523808,-0.03950252934696036,-0.04786649274262452,0.004289563597955839,True
1013,0.8412698412698412,0.23809523809523808,-0.03307881317301225,-0.044105444937219136,0.003966862827972146,True
1014,0.8571428571428571,0.23809523809523808,-0.0270743353520536,-0.03987470354276698,0.0035968791561981966,True
1015,0.873015873015873,0.23809523809523808,-0.021529754481743244,-0.03524780277029421,0.0031882548931573256,True
1016,0.8888888888888888,0.23809523809523808,-0.016542766824617826,-0.030356571245519805,0.0027484216345041155,True
1017,0.9047619047619047,0.23809523809523808,-0.01216874085180814,-0.02533524839428673,0.002287870102567985,True
1018,0.9206349206349206,0.23809523809523808,-0.008423665492273543,-0.020272422168859324,0.001811632225623392,True
1019,0.9365079365079365,0.23809523809523808,-0.005366743996974067,-0.015365400784278175,0.0013323092890981175,True
1020,0.9523809523809523,0.23809523809523808,-0.0029913183464798003,-0.010715414011198677,0.0008543817747345452,True
1021,0.9682539682539681,0.23809523809523808,-0.0013154695607862001,-0.006503471621509314,0.0003861281829934247,True
1022,0.9841269841269841,0.23809523809523808,-0.00032727508359992833,-0.002883785311294553,-6.642238540171653e-05,True
1023,1.0,0.23809523809523808,-3.674835277963864e-08,-3.559461425970459e-06,-0.00046537124821608225,True
1024,0.0,0.25396825396825395,6.861153745714981e-09,-4.120940635146441e-07,0.0026547965240383874,True
1025,0.015873015873015872,0.25396825396825395,-0.0005503817536638196,0.0074505916134871815,0.0020077565709852798,True
1026,0.031746031746031744,0.25396825396825395,-0.002095152798502554,0.014521365158917984,0.0013902827849111427,True
1027,0.047619047619047616,0.25396825396825395,-0.004514865436293796,0.021139266799153372,0.000853249761423149,True
1028,0.06349206349206349,0.25396825396825395,-0.0076934273193051865,0.02723262814599398,0.0003892435797855039,True
1029,0.07936507936507936,0.25396825396825395,-0.011527210634267182,0.03276755102901324,-1.0509149289664678e-05,True
1030,0.09523809523809523,0.25396825396825395,-0.015918388603457442,0.03771747444326323,-0.0003539343900270238,True
1031,0.1111111111111111,0.25396825396825395,-0.020786879877794883,0.042083281102050285,-0.0006502116464948007,True
1032,0.12698412698412698,0.25396825396825395,-0.02604777780385974,0.04585734140340618,-0.0009059000860588445,True
1033,0.14285714285714285,0.25396825396825395,-0.03163289116176274,0.04905483365681439,-0.0011279578108424285,True
1034,0.15873015873015872,0.25396825396825395,-0.037483825813456655,0.05169736762846461,-0.0013220403396320803,True
1035,0.1746031746031746,0.25396825396825395,-0.043537838147558294,0.05379761406705206,-0.0014938939244996642,True
1036,0.19047619047619047,0.25396825396825395,-0.049739890164424455,0.05537641525381989,-0.0016464341317586953,True
1037,0.20634920634920634,0.25396825396825395,-0.05604542691477677,0.05645653579529362,-0.0017832137002793454,True
1038,0.2222222222222222,0.25396825396825395,-0.06240615065399257,0.05705518220332605,-0.001905866987848618,True
1039,0.23809523809523808,0.25396825396825395,-0.06877809389330701,0.057189842676544755,-0.002015938526794123,True
1040,0.25396825396825395,0.25396825396825395,-0.07512005615850238,0.05687466883940922,-0.0021139438349686004,True
1041,0.2698412698412698,0.25396825396825395,-0.0813952013341986,0.05612379406850921,-0.002198762096671373,True
1042,0.2857142857142857,0.25396825396825395,-0.08755746997658961,0.054945414388727125,-0.0022708811468691394,True
1043,0.30158730158730157,0.25396825396825395,-0.09357886472450042,0.05334366404881213,-0.002328783486338522,True
1044,0.31746031746031744,0.25396825396825395,-0.09941508635219243,0.05133739381712927,-0.0023679543116532854,True
1045,0.3333333333333333,0.25396825396825395,-0.10503205723764669,0.04892344190115326,-0.0023882402564834072,True
1046,0.3492063492063492,0.25396825396825395,-0.11039493708559343,0.04611160342062495,-0.0023860666056479177,True
1047,0.36507936507936506,0.25396825396825395,-0.11545506700310187,0.04290697039716209,-0.0023598194656679955,True
1048,0.38095238095238093,0.25396825396825395,-0.12020116599501372,0.039319080377138965,-0.0023046548320770927,True
1049,0.3968253968253968,0.25396825396825395,-0.12456584634591826,0.03538446398652718,-0.0022177457200742235,True
1050,0.4126984126984127,0.25396825396825395,-0.1285500243957308,0.031047891105309804,-0.0021005604925843475,True
1051,0.42857142857142855,0.25396825396825395,-0.13207964499184688,0.026425979856119164,-0.0019450091120696822,True
1052,0.4444444444444444,0.25396825396825395,-0.13515946181628877,0.021454800307430164,-0.0017539648317179844,True
1053,0.4603174603174603,0.25396825396825395,-0.1376964727487058,0.01623532733613965,-0.0015248831010106322,True
1054,0.47619047619047616,0.25396825396825395,-0.13974825982558567,0.010729546299723279,-0.0012573976158799507,True
1055,0.49206349206349204,0.25396825396825395,-0.14121648710603343,0.005035233831673185,-0.0009510964299756279,True
1056,0.5079365079365079,0.25396825396825395,-0.14206991344430134,-0.0008293535557289317,-0.0006080504347045521,True
1057,0.5238095238095237,0.25396825396825395,-0.14234229438328,-0.006809158299683989,-0.00023173888136604468,True
1058,0.5396825396825397,0.25396825396825395,-0.1419609197132985,-0.012844865892947267,0.00017119854569060757,True
1059,0.5555555555555556,0.25396825396825395,-0.14093406229013175,-0.018875538044032917,0.0005996096887057698,True
1060,0.5714285714285714,0.25396825396825395,-0.13924692546542067,-0.024837634776809468,0.0010460120760932533,True
1061,0.5873015873015872,0.25396825396825395,-0.13689106720094016,-0.030649862453227126,0.001503239776616071,True
1062,0.6031746031746031,0.25396825396825395,-0.1338764357564793,-0.03625349616364263,0.001964437985352068,True
1063,0.6190476190476191,0.25396825396825395,-0.1301968310646882,-0.0415448814096465,0.0024177053282614033,True
1064,0.6349206349206349,0.25396825396825395,-0.12589880708130619,-0.04648843019608412,0.002860177324246609,True
1065,0.6507936507936507,0.25396825396825395,-0.12097874175625885,-0.050961040231696904,0.0032749674950647476,True
1066,0.6666666666666666,0.25396825396825395,-0.11548797060272346,-0.0549175894683091,0.0036570254993393172,True
1067,0.6825396825396826,0.25396825396825395,-0.10946982214316243,-0.05827588472274625,0.003995705400185808,True
1068,0.6984126984126984,0.25396825396825395,-0.10297963124959877,-0.06097540025781398,0.0042828308637093615,True
1069,0.7142857142857142,0.25396825396825395,-0.09607184690115657,-0.06296282301030445,0.004510733966100074,True
1070,0.7301587301587301,0.25396825396825395,-0.08885353933839615,-0.06417454875630232,0.004671272948276272,True
1071,0.746031746031746,0.25396825396825395,-0.08136355834209671,-0.06460598943948737,0.004762988003403076,True
1072,0.7619047619047619,0.25396825396825395,-0.07371789617783432,-0.06422063400204284,0.004780282313834277,True
1073,0.7777777777777777,0.25396825396825395,-0.0659921358882664,-0.06301766330097164,0.004722541862758168,True
1074,0.7936507936507936,0.25396825396825395,-0.05831461510714771,-0.061014509352625326,0.0045896002103860125,True
1075,0.8095238095238095,0.25396825396825395,-0.050774665589750495,-0.05824723184579555,0.004384797421349533,True
1076,0.8253968253968254,0.25396825396825395,-0.0434451765777233,-0.05475457348586101,0.0041125004232003565,True
1077,0.8412698412698412,0.25396825396825395,-0.03645133018923034,-0.0506151547119029,0.0037777900625475327,True
1078,0.8571428571428571,0.25396825396825395,-0.029884527704252623,-0.04592022951452396,0.0033888755285588186,True
1079,0.873015873015873,0.25396825396825395,-0.023823120176953646,-0.04076908440236819,0.0029534161269274624,True
1080,0.8888888888888888,0.25396825396825395,-0.018343731134994722,-0.035283251798538647,0.0024806391885620217,True
1081,0.9047619047619047,0.25396825396825395,-0.013513707754960953,-0.02960109791243288,0.001980229111760702,True
1082,0.9206349206349206,0.25396825396825395,-0.009377641145969682,-0.023858905971700973,0.0014612499147647182,True
1083,0.9365079365079365,0.25396825396825395,-0.00597986733307793,-0.01822149970895826,0.0009334054995060694,True
1084,0.9523809523809523,0.25396825396825395,-0.0033410759504366246,-0.01284636880305495,0.000405248267045028,True
1085,0.9682539682539681,0.25396825396825395,-0.0014735189473470398,-0.007912978633885901,-0.00011435616801804914,True
1086,0.9841269841269841,0.25396825396825395,-0.0003661990183938831,-0.003571394274822799,-0.000619355051270426,True
1087,1.0,0.25396825396825395,-1.3885434842800915e-08,-6.660006359713371e-07,-0.0010663865273168151,True
1088,0.0,0.2698412698412698,-1.7496311746177145e-07,5.203945212451728e-06,0.002429693749377517,True
1089,0.015873015873015872,0.2698412698412698,-0.0005816221264069143,0.008547763290919913,0.001746905205462926,True
1090,0.031746031746031744,0.2698412698412698,-0.002208631590576285,0.016573471636721765,0.001097705312034451,True
1091,0.047619047619047616,0.2698412698412698,-0.00475671379520525,0.024032006404581464,0.0005335559361541446,True
1092,0.06349206349206349,0.2698412698412698,-0.008100645854587646,0.03085044041526241,4.686808915734858e-05,True
1093,0.07936507936507936,0.2698412698412698,-0.012128461638109777,0.0370023758629828,-0.0003719197958274997,True
1094,0.09523809523809523,0.2698412698412698,-0.016736787512148292,0.04247230695537477,-0.0007321655093737538,True
1095,0.1111111111111111,0.2698412698412698,-0.02184112959962807,0.047280093193063914,-0.0010432942438899175,True
1096,0.12698412698412698,0.2698412698412698,-0.027352159184835998,0.05142045387589918,-0.0013127034254514368,True
1097,0.14285714285714285,0.2698412698412698,-0.03320572976933611,0.05492246531566907,-0.0015491929363844843,True
1098,0.15873015873015872,0.2698412698412698,-0.039327194620207055,0.057799095514230944,-0.001759065802953271,True
1099,0.1746031746031746,0.2698412698412698,-0.04564706260679416,0.06007312843188985,-0.0019446566639371075,True
1100,0.19047619047619047,0.2698412698412698,-0.05212824898355699,0.06177976311623139,-0.0021130943026149386,True
1101,0.20634920634920634,0.2698412698412698,-0.05871764382793658,0.06293958287957989,-0.002267423667319608,True
1102,0.2222222222222222,0.2698412698412698,-0.06535150640472323,0.06356982592301785,-0.0024093280966577015,True
1103,0.23809523809523808,0.2698412698412698,-0.07200715589258765,0.0636962874454788,-0.002539927010633475,True
1104,0.25396825396825395,0.2698412698412698,-0.07863451588594259,0.06333230907740733,-0.002659824913367545,True
1105,0.2698412698412698,0.2698412698412698,-0.08518760150341637,0.062492573089712795,-0.002768683973674756,True
1106,0.2857142857142857,0.2698412698412698,-0.09164443380543483,0.06118034980931272,-0.0028667721228455684,True
1107,0.30158730158730157,0.2698412698412698,-0.0979449201567347,0.059424891893129266,-0.0029475826284683284,True
1108,0.31746031746031744,0.2698412698412698,-0.10406624369964625,0.057213135213737505,-0.0030139798759301418,True
1109,0.3333333333333333,0.2698412698412698,-0.10996703564248482,0.05456722397439457,-0.0030597493729987674,True
1110,0.3492063492063492,0.2698412698412698,-0.11562209525741877,0.05146374840008438,-0.0030864116165332015,True
1111,0.36507936507936506,0.2698412698412698,-0.12097122107987036,0.04796686483532655,-0.0030828060829899296,True
1112,0.38095238095238093,0.2698412698412698,-0.1260034883375716,0.04402863678195806,-0.0030529196447128255,True
1113,0.3968253968253968,0.2698412698412698,-0.13064171663779686,0.039702773802885616,-0.0029905081013359416,True
1114,0.4126984126984127,0.2698412698412698,-0.1349157764122357,0.034966539812489275,-0.0028925440318296543,True
1115,0.42857142857142855,0.2698412698412698,-0.1387371522049989,0.029868375001619207,-0.0027562745956794727,True
1116,0.4444444444444444,0.2698412698412698,-0.14207540292814172,0.0244284367852721,-0.002580274572270559,True
1117,0.4603174603174603,0.2698412698412698,-0.1449251066937484,0.018650561895545117,-0.0023620241105455912,True
1118,0.47619047619047616,0.2698412698412698,-0.14720572102952578,0.012605939433864559,-0.0021025831884072224,True
1119,0.49206349206349204,0.2698412698412698,-0.14892793098349547,0.006318961911659531,-0.0017985869925830394,True
1120,0.5079365079365079,0.2698412698412698,-0.15004119736536956,-0.00014136719188351032,-0.001450782370653698,True
1121,0.5238095238095237,0.2698412698412698,-0.15051384152384145,-0.006764199330462035,-0.001067021361130487,True
1122,0.5396825396825397,0.2698412698412698,-0.15033165417064973,-0.013469026752485824,-0.0006490785506344578,True
1123,0.5555555555555556,0.2698412698412698,-0.1494688696097379,-0.02013175292136693,-0.00020117465648394295,True
1124,0.5714285714285714,0.2698412698412698,-0.14792268847836018,-0.02682132695320866,0.0002730317107104844,True
1125,0.5873015873015872,0.2698412698412698,-0.14566293636134264,-0.03327418223703728,0.0007604935801361969,True
1126,0.6031746031746031,0.2698412698412698,-0.14270649627136084,-0.03960298131732629,0.0012610275532900582,True
1127,0.6190476190476191,0.2698412698412698,-0.13904988344517155,-0.045546110378669756,0.0017570226942601028,True
1128,0.6349206349206349,0.2698412698412698,-0.1346937740383636,-0.0511439187489324,0.00224316430679009,True
1129,0.6507936507936507,0.2698412698412698,-0.12969077188647246,-0.05622645230910102,0.0027073588096478496,True
1130,0.6666666666666666,0.2698412698412698,-0.12404978191164502,-0.060776990947045174,0.003141684717816722,True
1131,0.6825396825396826,0.2698412698412698,-0.11782492053961045,-0.06467066434507875,0.003532985528042878,True
1132,0.6984126984126984,0.2698412698412698,-0.11106924929739229,-0.06782926057709793,0.0038692931446139365,True
1133,0.7142857142857142,0.2698412698412698,-0.10384833037340534,-0.07021017397358609,0.004145727628796525,True
1134,0.7301587301587301,0.2698412698412698,-0.0962227328679754,-0.07176419302759063,0.004354794910608128,True
1135,0.746031746031746,0.2698412698412698,-0.08830406506701956,-0.0724214147220486,0.00448545546069141,True
1136,0.7619047619047619,0.2698412698412698,-0.0801824321251876,-0.0721712498320108,0.004536508235152794,True
1137,0.7777777777777777,0.2698412698412698,-0.07193618812558182,-0.07100734346570307,0.004506188742825928,True
1138,0.7936507936507936,0.2698412698412698,-0.06370120822285084,-0.06893726818990999,0.0043918585090894045,True
1139,0.8095238095238095,0.2698412698412698,-0.055572477903471015,-0.0659943366851125,0.004197181371463903,True
1140,0.8253968253968254,0.2698412698412698,-0.04764318109515132,-0.06222145478304512,0.003925901276230716,True
1141,0.8412698412698412,0.2698412698412698,-0.04006007081906493,-0.0577061886375953,0.0035828864780499993,True
1142,0.8571428571428571,0.2698412698412698,-0.03291580249469465,-0.05254119550523302,0.0031760335797005835,True
1143,0.873015873015873,0.2698412698412698,-0.02627971006102758,-0.04681936988981461,0.0027147775729025963,True
1144,0.8888888888888888,0.2698412698412698,-0.020286555536604352,-0.04071207954621891,0.002208793873747753,True
1145,0.9047619047619047,0.2698412698412698,-0.01495492977870175,-0.03429998950781161,0.0016663211423555205,True
1146,0.9206349206349206,0.2698412698412698,-0.010406238757153081,-0.0278276254446401,0.0011021098579096656,True
1147,0.9365079365079365,0.2698412698412698,-0.006646800928603946,-0.021402039966314717,0.0005235277376446181,True
1148,0.9523809523809523,0.2698412698412698,-0.0037223371396626482,-0.015231749782770705,-5.731906144800693e-05,True
1149,0.9682539682539681,0.2698412698412698,-0.001644309243092507,-0.009483912073010047,-0.0006331646962691061,True
1150,0.9841269841269841,0.2698412698412698,-0.00040806577753826196,-0.0043309691139308435,-0.0011953802631128137,True
1151,1.0,0.2698412698412698,-1.3400835869320784e-07,-4.0496510358558096e-07,-0.0016929619722083707,True
1152,0.0,0.2857142857142857,4.861669232975158e-09,4.779148792319039e-06,0.002105808434075007,True
1153,0.015873015873015872,0.2857142857142857,-0.0006076740435666647,0.009676805814042008,0.0013921243654926659,True
1154,0.031746031746031744,0.2857142857142857,-0.002313985135029968,0.018738420075598543,0.0007116172394791236,True
1155,0.047619047619047616,0.2857142857142857,-0.004979593131038343,0.027060868890324743,0.00012237007947536082,True
1156,0.06349206349206349,0.2857142857142857,-0.008473733294451872,0.0346167633946126,-0.00038572796850996536,True
1157,0.07936507936507936,0.2857142857142857,-0.012681299801483172,0.041422592005153,-0.0008219446440959281,True
1158,0.09523809523809523,0.2857142857142857,-0.01750451808998629,0.04746687319598041,-0.0012000935366070506,True
1159,0.1111111111111111,0.2857142857142857,-0.022823510008675683,0.052721583178291766,-0.001524671260142493,True
1160,0.12698412698412698,0.2857142857142857,-0.02856989698563452,0.05723891310618439,-0.0018088323112459123,True
1161,0.14285714285714285,0.2857142857142857,-0.03466508141725148,0.06104289625982793,-0.0020602773547538865,True
1162,0.15873015873015872,0.2857142857142857,-0.04103126410975724,0.06415618681781832,-0.0022840393382120294,True
1163,0.1746031746031746,0.2857142857142857,-0.04761304297458768,0.06661529888075556,-0.0024875124258376935,True
1164,0.19047619047619047,0.2857142857142857,-0.054359769556091765,0.06845472110594704,-0.0026739033952092556,True
1165,0.20634920634920634,0.2857142857142857,-0.061208191899905194,0.06969353043865992,-0.002847418139475453,True
1166,0.2222222222222222,0.2857142857142857,-0.06812222919932974,0.070360396387025,-0.003011530098204888,True
1167,0.23809523809523808,0.2857142857142857,-0.07504217927191373,0.07047627532399349,-0.003165527239039438,True
1168,0.25396825396825395,0.2857142857142857,-0.08193375482052881,0.07006734571919815,-0.0033079787302498095,True
1169,0.2698412698412698,0.2857142857142857,-0.08876245546151335,0.06913742721299178,-0.0034439692110006795,True
1170,0.2857142857142857,0.2857142857142857,-0.0954787829041817,0.06770916528035485,-0.0035672397629860184,True
1171,0.30158730158730157,0.2857142857142857,-0.10206098933619047,0.06578368701452082,-0.003678632927138255,True
1172,0.31746031746031744,0.2857142857142857,-0.10847322246442903,0.06337415549543876,-0.0037730282463726847,True
1173,0.3333333333333333,0.2857142857142857,-0.11464824949756382,0.060490307812059795,-0.003849255143632152,True
1174,0.3492063492063492,0.2857142857142857,-0.1205914861423902,0.05712560839639394,-0.0039032612936029517,True
1175,0.36507936507936506,0.2857142857142857,-0.12622594631490194,0.053311130644429015,-0.003930192484398831,True
1176,0.38095238095238093,0.2857142857142857,-0.13155104957174243,0.049011487117131436,-0.003930334847221089,True
1177,0.3968253968253968,0.2857142857142857,-0.13650858320778642,0.04430616569570528,-0.0038916012716227644,True
1178,0.4126984126984127,0.2857142857142857,-0.14105192870336317,0.03916348403446229,-0.00381787497732405,True
1179,0.42857142857142855,0.2857142857142857,-0.14518227178288082,0.033580644573944204,-0.003704368638728715,True
1180,0.4444444444444444,0.2857142857142857,-0.14881537398820754,0.027655334667889327,-0.0035449852344603063,True
1181,0.4603174603174603,0.2857142857142857,-0.1519484413880014,0.021363957565642796,-0.003339988872945411,True
1182,0.47619047619047616,0.2857142857142857,-0.1545179703273867,0.01477496430796504,-0.003088355664833159,True
1183,0.49206349206349204,0.2857142857142857,-0.15651037774949358,0.0078992001939308,-0.002788262600239857,True
1184,0.5079365079365079,0.2857142857142857,-0.15790002546208814,0.0007678440777642982,-0.002438940456577863,True
1185,0.5238095238095237,0.2857142857142857,-0.15862395370423557,-0.006496324214402325,-0.0020461064584747597,True
1186,0.5396825396825397,0.2857142857142857,-0.15867661174919073,-0.013862485836376096,-0.0016124301267377058,True
1187,0.5555555555555556,0.2857142857142857,-0.15802080200382246,-0.021263743866526807,-0.0011418401532169143,True
1188,0.5714285714285714,0.2857142857142857,-0.15664398689108766,-0.028623377906265533,-0.0006399890042696387,True
1189,0.5873015873015872,0.2857142857142857,-0.15452765003132185,-0.035845183367224316,-0.00011514151330233219,True
1190,0.6031746031746031,0.2857142857142857,-0.15166601407568253,-0.042853786636414606,0.00042492052379406695,True
1191,0.6190476190476191,0.2857142857142857,-0.14805305456152867,-0.049551658614709955,0.0009695173044989185,True
1192,0.6349206349206349,0.2857142857142857,-0.14371089520851776,-0.055840030688574814,0.0015095388713981426,True
1193,0.6507936507936507,0.2857142857142857,-0.1386477093232414,-0.06159834097069261,0.0020294421203947872,True
1194,0.6666666666666666,0.2857142857142857,-0.1328954049406525,-0.06677202592144889,0.0025218895368844586,True
1195,0.6825396825396826,0.2857142857142857,-0.12649305942687372,-0.07126332269276577,0.0029745625739498465,True
1196,0.6984126984126984,0.2857142857142857,-0.11948560771477038,-0.07498375072040865,0.0033755738399764254,True
1197,0.7142857142857142,0.2857142857142857,-0.1119657238668962,-0.07779951041793802,0.003706017774008405,True
1198,0.7301587301587301,0.2857142857142857,-0.10397411006865258,-0.07974401008322107,0.003972742084730905,True
1199,0.746031746031746,0.2857142857142857,-0.09562500955837838,-0.08068836450807816,0.004154030054757205,True
1200,0.7619047619047619,0.2857142857142857,-0.0870015758319057,-0.08063354237778819,0.004251024877243715,True
1201,0.7777777777777777,0.2857142857142857,-0.07822507644801974,-0.07954584049973905,0.0042560126833447835,True
1202,0.7936507936507936,0.2857142857142857,-0.06940794073664391,-0.07743880387720997,0.004169265679274661,True
1203,0.8095238095238095,0.2857142857142857,-0.060672561872987175,-0.07434123819315949,0.003991261182221015,True
1204,0.8253968253968254,0.2857142857142857,-0.052152374775976514,-0.07031200932203538,0.0037257260505100835,True
1205,0.8412698412698412,0.2857142857142857,-0.043919551321358205,-0.06540132695012012,0.003378284004456409,True
1206,0.8571428571428571,0.2857142857142857,-0.0361437265808896,-0.059737961842076914,0.002957417160411961,True
1207,0.873015873015873,0.2857142857142857,-0.028930960427892193,-0.053442444687356615,0.00247121948417568,True
1208,0.8888888888888888,0.2857142857142857,-0.022358490901672017,-0.04664026891692994,0.0019313732937638294,True
1209,0.9047619047619047,0.2857142857142857,-0.016527632025030204,-0.039500241128397305,0.0013489019276197412,True
1210,0.9206349206349206,0.2857142857142857,-0.011513238408781105,-0.03219874236638763,0.0007354295168427304,True
1211,0.9365079365079365,0.2857142857142857,-0.007369088587569391,-0.024926720249759508,0.00010434374532282027,True
1212,0.9523809523809523,0.2857142857142857,-0.004127893092042394,-0.01785270864246515,-0.0005353896789408644,True
1213,0.9682539682539681,0.2857142857142857,-0.001824871087290322,-0.011217609276287725,-0.001170181920742207,True
1214,0.9841269841269841,0.2857142857142857,-0.0004562184506861994,-0.005213371671340779,-0.0017909451184141795,True
1215,1.0,0.2857142857142857,1.8921717874956508e-08,-4.617245915638762e-06,-0.002346782786070292,True
1216,0.0,0.30158730158730157,2.173914480250964e-08,-4.631060160545727e-06,0.001677584380088731,True
1217,0.015873015873015872,0.30158730158730157,-0.0006342903953253489,0.010912974601992979,0.0009336686408697886,True
1218,0.031746031746031744,0.30158730158730157,-0.0024095997523704174,0.020984685568392104,0.00022646573430276057,True
1219,0.047619047619047616,0.30158730158730157,-0.005184825802507959,0.030229022150096842,-0.00038608721350377945,True
1220,0.06349206349206349,0.30158730158730157,-0.008824418320868116,0.038597846651944115,-0.0009141985085324651,True
1221,0.07936507936507936,0.30158730158730157,-0.013197018757247039,0.04605273342373286,-0.0013682956777891797,True
1222,0.09523809523809523,0.30158730158730157,-0.018196285053146227,0.052638595733288836,-0.0017600306295426581,True
1223,0.1111111111111111,0.30158730158730157,-0.023724068169327997,0.05837327875825048,-0.0021012077723204375,True
1224,0.12698412698412698,0.30158730158730157,-0.029684576907283444,0.06327926468663092,-0.0023995055138687793,True
1225,0.14285714285714285,0.30158730158730157,-0.03600396068431,0.06739772187538955,-0.0026659119409798444,True
1226,0.15873015873015872,0.30158730158730157,-0.04260813849531645,0.07076429123573678,-0.002906114189145802,True
1227,0.1746031746031746,0.30158730158730157,-0.04943409541005872,0.0734146314932837,-0.0031275327429837146,True
1228,0.19047619047619047,0.30158730158730157,-0.056416109258212215,0.07538281211416686,-0.0033328652317911613,True
1229,0.20634920634920634,0.30158730158730157,-0.06350915085268538,0.07670346299260539,-0.003528254369711844,True
1230,0.2222222222222222,0.30158730158730157,-0.07066790728634526,0.07740991870213765,-0.0037145127004504,True
1231,0.23809523809523808,0.30158730158730157,-0.07784022032386329,0.07752465962222596,-0.0038924053354401486,True
1232,0.25396825396825395,0.30158730158730157,-0.08499375572182533,0.07706640158158308,-0.004064558065292437,True
1233,0.2698412698412698,0.30158730158730157,-0.09208318119540536,0.07605081167569429,-0.0042300321341164696,True
1234,0.2857142857142857,0.30158730158730157,-0.09907277388284125,0.07450153706048004,-0.0043830226493196366,True
1235,0.30158730158730157,0.30158730158730157,-0.10591597208119463,0.07242213551418192,-0.0045249217045585655,True
1236,0.31746031746031744,0.30158730158730157,-0.11258991087040328,0.06981437591153884,-0.0046535377291407835,True
1237,0.3333333333333333,0.30158730158730157,-0.11905710800991996,0.06669478664123943,-0.004762513176057383,True
1238,0.3492063492063492,0.30158730158730157,-0.125263753113006,0.06306892124642333,-0.004849744879607031,True
1239,0.36507936507936506,0.30158730158730157,-0.13121211207785405,0.058934750271150096,-0.004909976562228349,True
1240,0.38095238095238093,0.30158730158730157,-0.13681393136052677,0.054324746279144104,-0.00493815495687771,True
1241,0.3968253968253968,0.30158730158730157,-0.1420621512890024,0.049220436759897984,-0.004932709397766386,True
1242,0.4126984126984127,0.30158730158730157,-0.14693108118546164,0.04365326723819334,-0.004885961752540867,True
1243,0.42857142857142855,0.30158730158730157,-0.15135378500480404,0.037652514243621094,-0.004794842145954508,True
1244,0.4444444444444444,0.30158730158730157,-0.15529744125930783,0.031222154658828414,-0.0046578189488139,True
1245,0.4603174603174603,0.30158730158730157,-0.15873737005359032,0.024392257526991114,-0.004470232780997278,True
1246,0.47619047619047616,0.30158730158730157,-0.16163901004860562,0.017211683124720167,-0.004229922151692868,True
1247,0.49206349206349204,0.30158730158730157,-0.16393032307002386,0.009734573445869756,-0.003935716499597632,True
1248,0.5079365079365079,0.30158730158730157,-0.16560950513681577,0.001979812767567048,-0.0035856478203559238,True
1249,0.5238095238095237,0.30158730158730157,-0.16661928977737686,-0.005953645973803281,-0.0031848458516996114,True
1250,0.5396825396825397,0.30158730158730157,-0.1669353025935906,-0.014031407426280519,-0.0027364342969214183,True
1251,0.5555555555555556,0.30158730158730157,-0.16652408965559617,-0.02215976843822493,-0.0022426501528294432,True
1252,0.5714285714285714,0.30158730158730157,-0.1653633773978603,-0.03026513429687262,-0.0017100506600261386,True
1253,0.5873015873015872,0.30158730158730157,-0.16342941895108154,-0.038251680784762834,-0.00114621791352694,True
1254,0.6031746031746031,0.30158730158730157,-0.16071002045126756,-0.04602717911545888,-0.0005598781535150651,True
1255,0.6190476190476191,0.30158730158730157,-0.15720034025261906,-0.05347955635375264,3.8179110730501335e-05,True
1256,0.6349206349206349,0.30158730158730157,-0.1528936476472625,-0.06051252406477996,0.0006355440013897928,True
1257,0.6507936507936507,0.30158730158730157,-0.1478175407391,-0.06704791547221164,0.0012242745376272355,True
1258,0.6666666666666666,0.30158730158730157,-0.14198464739650177,-0.07292562434182875,0.0017850057765696232,True
1259,0.6825396825396826,0.30158730158730157,-0.13543787264968563,-0.07807470375001735,0.002308570162529121,True
1260,0.6984126984126984,0.30158730158730157,-0.12822227890536236,-0.08239354266354497,0.0027813975443915138,True
1261,0.7142857142857142,0.30158730158730157,-0.12040916661545949,-0.08575771417962594,0.0031858604751984787,True
1262,0.7301587301587301,0.30158730158730157,-0.11205993381166007,-0.088131892390423,0.003516265766780147,True
1263,0.746031746031746,0.30158730158730157,-0.10328772289149897,-0.08943335896423966,0.0037624528368739546,True
1264,0.7619047619047619,0.30158730158730157,-0.09419627301065972,-0.08960669355503609,0.003911577251428923,True
1265,0.7777777777777777,0.30158730158730157,-0.08488244075383393,-0.08864549624125177,0.0039633176980746355,True
1266,0.7936507936507936,0.30158730158730157,-0.07547999605859113,-0.08654235335050908,0.003913403766731566,True
1267,0.8095238095238095,0.30158730158730157,-0.06612817800255294,-0.0833212811229065,0.0037602965878963364,True
1268,0.8253968253968254,0.30158730158730157,-0.05692390900039048,-0.07902265817555307,0.0035089455967272725,True
1269,0.8412698412698412,0.30158730158730157,-0.04805492261547011,-0.07374331243540651,0.0031632273886610393,True
1270,0.8571428571428571,0.30158730158730157,-0.03964110202314361,-0.06758616499255636,0.0027310350851509004,True
1271,0.873015873015873,0.30158730158730157,-0.03177249821874256,-0.06065752572900281,0.0022230557608972313,True
1272,0.8888888888888888,0.30158730158730157,-0.02460325300957975,-0.05313731567626158,0.0016498879367641893,True
1273,0.9047619047619047,0.30158730158730157,-0.018217877960088055,-0.045189860735540745,0.00102561451234008,True
1274,0.9206349206349206,0.30158730158730157,-0.012708447693829525,-0.03700551264305648,0.00036236035774921946,True
1275,0.9365079365079365,0.30158730158730157,-0.008139495303632038,-0.028782539973270786,-0.0003263620687474569,True
1276,0.9523809523809523,0.30158730158730157,-0.0045753322372724895,-0.02077095046752461,-0.0010256386554645955,True
1277,0.9682539682539681,0.30158730158730157,-0.002024011903324875,-0.013145692447529226,-0.0017248161510771591,True
1278,0.9841269841269841,0.30158730158730157,-0.0005052704239493584,-0.006145121317965651,-0.002413028520747448,True
1279,1.0,0.30158730158730157,1.4200775298183588e-08,6.785018891739037e-06,-0.003028160677203044,True
1280,0.0,0.31746031746031744,1.4804429476600277e-09,-1.649668357357551e-06,0.0011405153041115954,True
1281,0.015873015873015872,0.31746031746031744,-0.0006565018073063161,0.012141901756565765,0.0003694664612945065,True
1282,0.031746031746031744,0.31746031746031744,-0.0024962405931981805,0.023327899686344345,-0.0003629540489357656,True
1283,0.047619047619047616,0.31746031746031744,-0.005369561908011211,0.03351527647223164,-0.0009966829017670163,True
1284,0.06349206349206349,0.31746031746031744,-0.009132426696607479,0.04267742873881998,-0.0015425642096034442,True
1285,0.07936507936507936,0.31746031746031744,-0.013657166827813738,0.05083636653624494,-0.0020128813942862527,True
1286,0.09523809523809523,0.31746031746031744,-0.018827721410836187,0.058009739782624505,-0.0024201008945959872,True
1287,0.1111111111111111,0.31746031746031744,-0.02453894126116556,0.06422990027940285,-0.002775304911740196,True
1288,0.12698412698412698,0.31746031746031744,-0.03069901085760422,0.06953885791226405,-0.003089498499020319,True
1289,0.14285714285714285,0.31746031746031744,-0.03722246001163556,0.07397904465222202,-0.0033706735666175426,True
1290,0.15873015873015872,0.31746031746031744,-0.04403921353088121,0.07759792899006578,-0.0036288085508850904,True
1291,0.1746031746031746,0.31746031746031744,-0.05108088558936401,0.0804392220454249,-0.0038686134320902164,True
1292,0.19047619047619047,0.31746031746031744,-0.058292088783756815,0.08254631535595001,-0.004096764922619373,True
1293,0.20634920634920634,0.31746031746031744,-0.06561429109281543,0.08395533951722076,-0.004315148896414193,True
1294,0.2222222222222222,0.31746031746031744,-0.07300285071386366,0.08470177979096016,-0.004526896794661848,True
1295,0.23809523809523808,0.31746031746031744,-0.08041171140251611,0.08481194599142142,-0.004734423804457247,True
1296,0.25396825396825395,0.31746031746031744,-0.08780421932040314,0.08431351586222433,-0.004935582163530745,True
1297,0.2698412698412698,0.31746031746031744,-0.09513529699319054,0.08322256674671043,-0.00513104331181333,True
1298,0.2857142857142857,0.31746031746031744,-0.10236752983598282,0.08155104029845404,-0.005320048540711287,True
1299,0.30158730158730157,0.31746031746031744,-0.10947092751905262,0.07931353828606462,-0.005498241272701983,True
1300,0.31746031746031744,0.31746031746031744,-0.11640825017101515,0.07652230542577552,-0.005661311135684594,True
1301,0.3333333333333333,0.31746031746031744,-0.12313959203580853,0.07317805804034078,-0.005807555691866197,True
1302,0.3492063492063492,0.31746031746031744,-0.1296338755835927,0.06928838916737672,-0.0059316628954086915,True
1303,0.36507936507936506,0.31746031746031744,-0.13583933279353913,0.06486619404705442,-0.006028801253513587,True
1304,0.38095238095238093,0.31746031746031744,-0.14175673961561408,0.059902465229103925,-0.006094508183185897,True
1305,0.3968253968253968,0.31746031746031744,-0.14731598032660898,0.05443667974015088,-0.006120950977257182,True
1306,0.4126984126984127,0.31746031746031744,-0.15247882734995977,0.04845703338935329,-0.006107346645433153,True
1307,0.42857142857142855,0.31746031746031744,-0.15721117649918262,0.042003911265051985,-0.0060459574029092,True
1308,0.4444444444444444,0.31746031746031744,-0.16149800374021947,0.03506141150973263,-0.005934584255779508,True
1309,0.4603174603174603,0.31746031746031744,-0.16525842607231292,0.027731630470477886,-0.005765472097440372,True
1310,0.47619047619047616,0.31746031746031744,-0.16847805993794476,0.01997623079421823,-0.005541308679973855,True
1311,0.49206349206349204,0.31746031746031744,-0.17110352859703679,0.011887341640593263,-0.005255623322851909,True
1312,0.5079365079365079,0.31746031746031744,-0.17310434535302055,0.0034914789019019417,-0.004907547941399538,True
1313,0.5238095238095237,0.31746031746031744,-0.1744260560564951,-0.005129746869471223,-0.004500978931708446,True
1314,0.5396825396825397,0.31746031746031744,-0.1750458128782232,-0.013927892401518063,-0.004038148267455518,True
1315,0.5555555555555556,0.31746031746031744,-0.1749158842843017,-0.02280440139675426,-0.0035211821454501657,True
1316,0.5714285714285714,0.31746031746031744,-0.1740138551068612,-0.03168784452503499,-0.002956419214303312,True
1317,0.5873015873015872,0.31746031746031744,-0.17230557246287925,-0.040471487591277146,-0.0023512421379414577,True
1318,0.6031746031746031,0.31746031746031744,-0.16977853648112487,-0.049062556018536777,-0.0017141176340497396,True
1319,0.6190476190476191,0.31746031746031744,-0.16640010730649063,-0.0573361848626379,-0.001058568198674352,True
1320,0.6349206349206349,0.31746031746031744,-0.16219554141224818,-0.06519710888466053,-0.0003922544956381227,True
1321,0.6507936507936507,0.31746031746031744,-0.15714771492982627,-0.07250865140367449,0.0002671111190063504,True
1322,0.6666666666666666,0.31746031746031744,-0.15128801571274794,-0.07916186643994967,0.0009076588452984881,True
1323,0.6825396825396826,0.31746031746031744,-0.1446380910772562,-0.08502992694448966,0.0015116255263203386,True
1324,0.6984126984126984,0.31746031746031744,-0.13724767346016956,-0.09000789655991352,0.002065388943621394,True
1325,0.7142857142857142,0.31746031746031744,-0.12918346225829605,-0.0939955634560256,0.0025565391147208886,True
1326,0.7301587301587301,0.31746031746031744,-0.12051751702726157,-0.09688662392733434,0.0029682403235782055,True
1327,0.746031746031746,0.31746031746031744,-0.11134000246111733,-0.09860165564619647,0.0032873872434192653,True
1328,0.7619047619047619,0.31746031746031744,-0.10175216718090681,-0.09909804841228322,0.0035088581365154397,True
1329,0.7777777777777777,0.31746031746031744,-0.09192305296579792,-0.09830937315893742,0.003616674128904299,True
1330,0.7936507936507936,0.31746031746031744,-0.08191212172438153,-0.09625797490491929,0.003615891490835953,True
1331,0.8095238095238095,0.31746031746031744,-0.07191377744469539,-0.09294694488738439,0.0034995768832232436,True
1332,0.8253968253968254,0.31746031746031744,-0.06205747773111551,-0.0884212526399458,0.0032698528931238108,True
1333,0.8412698412698412,0.31746031746031744,-0.05249013497929289,-0.08276173483451382,0.0029328086856257973,True
1334,0.8571428571428571,0.31746031746031744,-0.04337432200005152,-0.07608377134878669,0.0024958107980186796,True
1335,0.873015873015873,0.31746031746031744,-0.03484241245573595,-0.06851956588444659,0.0019689315333866622,True
1336,0.8888888888888888,0.31746031746031744,-0.02702547693126663,-0.060233032001051574,0.0013649033185272287,True
1337,0.9047619047619047,0.31746031746031744,-0.020048938801344854,-0.051421718031590964,0.0006981741719593093,True
1338,0.9206349206349206,0.31746031746031744,-0.01401315123645493,-0.04229597131302748,-1.602808999840005e-05,True
1339,0.9365079365079365,0.31746031746031744,-0.00899553062812764,-0.03307048206900477,-0.0007631574838945056,True
1340,0.9523809523809523,0.31746031746031744,-0.005059057640894874,-0.023984748291252078,-0.0015279675542575633,True
1341,0.9682539682539681,0.31746031746031744,-0.0022433257452390675,-0.01528638770665732,-0.0022960598214033416,True
1342,0.9841269841269841,0.31746031746031744,-0.0005610142904404586,-0.007208756040276914,-0.00305534188188651,True
1343,1.0,0.31746031746031744,-3.8421673003351076e-09,-7.332659398636071e-07,-0.0037377306224298914,True
1344,0.0,0.3333333333333333,-9.284410287867425e-09,3.2471028339833635e-06,0.00048717192252851327,True
1345,0.015873015873015872,0.3333333333333333,-0.0006765423329515945,0.013428615740636191,-0.0003066608181582306,True
1346,0.031746031746031744,0.3333333333333333,-0.0025738302725969303,0.025749636278101173,-0.001061870339130206,True
1347,0.047619047619047616,0.3333333333333333,-0.005533325530705323,0.03690622248430573,-0.0017142164744779259,True
1348,0.06349206349206349,0.3333333333333333,-0.00940780375151728,0.04690199915168051,-0.002276236902099498,True
1349,0.07936507936507936,0.3333333333333333,-0.014066907252702016,0.05577537854484354,-0.0027618405689876983,True
1350,0.09523809523809523,0.3333333333333333,-0.019388258944108498,0.06354845821669826,-0.003183264468678889,True
1351,0.1111111111111111,0.3333333333333333,-0.025265582105505936,0.07026875992747379,-0.003553607029479968,True
1352,0.12698412698412698,0.3333333333333333,-0.03159971339122939,0.0759861349891088,-0.0038821980975776303,True
1353,0.14285714285714285,0.3333333333333333,-0.038307190523156925,0.08075340238593952,-0.004181034011660577,True
1354,0.15873015873015872,0.3333333333333333,-0.04531434228309726,0.08463353488400553,-0.004456311274104746,True
1355,0.1746031746031746,0.3333333333333333,-0.052556105594208126,0.0876759678290925,-0.004717256301293413,True
1356,0.19047619047619047,0.3333333333333333,-0.05996885300303745,0.08992589826827765,-0.0049672980353376445,True
1357,0.20634920634920634,0.3333333333333333,-0.067501998063908,0.09142742671933374,-0.005212144098686817,True
1358,0.2222222222222222,0.3333333333333333,-0.0750989790842067,0.09221696853053608,-0.005452252810937572,True
1359,0.23809523809523808,0.3333333333333333,-0.0827222320832761,0.09233169589584034,-0.005689004264921585,True
1360,0.25396825396825395,0.3333333333333333,-0.09033595589517388,0.09179461171665827,-0.005924461720874361,True
1361,0.2698412698412698,0.3333333333333333,-0.09789258037191081,0.0906247778909618,-0.006156927930465456,True
1362,0.2857142857142857,0.3333333333333333,-0.10535602083439671,0.08884841126033,-0.006380657380992094,True
1363,0.30158730158730157,0.3333333333333333,-0.11270630418401188,0.08646340845652475,-0.0065981310038852265,True
1364,0.31746031746031744,0.3333333333333333,-0.11987759746622115,0.0834897799105233,-0.006802702805562595,True
1365,0.3333333333333333,0.3333333333333333,-0.1268661446032324,0.07993225541828275,-0.006989490094460899,True
1366,0.3492063492063492,0.3333333333333333,-0.13363346848863938,0.07577684165759674,-0.007158345663213793,True
1367,0.36507936507936506,0.3333333333333333,-0.1401203636695866,0.07107270618064224,-0.007295103055435397,True
1368,0.38095238095238093,0.3333333333333333,-0.14631365135530602,0.06579161570743905,-0.007401368519824406,True
1369,0.3968253968253968,0.3333333333333333,-0.1521550900503399,0.05996081350326248,-0.0074687096227000205,True
1370,0.4126984126984127,0.3333333333333333,-0.15764906638256743,0.05357643832355402,-0.007491513610749616,True
1371,0.42857142857142855,0.3333333333333333,-0.16270566716129886,0.046677534672776036,-0.007464324809261189,True
1372,0.4444444444444444,0.3333333333333333,-0.16731267271234349,0.0392612453825351,-0.007383278902149049,True
1373,0.4603174603174603,0.3333333333333333,-0.17139823747450128,0.031418933299990986,-0.00723951220004159,True
1374,0.47619047619047616,0.3333333333333333,-0.17499719312673498,0.023052582765607933,-0.007036139969139718,True
1375,0.49206349206349204,0.3333333333333333,-0.17793581059969127,0.0144122185022439,-0.006762267125744009,True
1376,0.5079365079365079,0.3333333333333333,-0.18031729814557998,0.005303741826359091,-0.006420628919432696,True
1377,0.5238095238095237,0.3333333333333333,-0.1819594903527542,-0.003970303861314674,-0.006011096915463979,True
1378,0.5396825396825397,0.3333333333333333,-0.18292490733691308,-0.013520576736993594,-0.005535382493172901,True
1379,0.5555555555555556,0.3333333333333333,-0.18310402639466308,-0.023127665131695518,-0.004997233993569468,True
1380,0.5714285714285714,0.3333333333333333,-0.18252501572656207,-0.03287301046848381,-0.004397511806491692,True
1381,0.5873015873015872,0.3333333333333333,-0.18106904796834286,-0.042449691048575496,-0.0037517412511439974,True
1382,0.6031746031746031,0.3333333333333333,-0.17878341526815503,-0.051900684044497256,-0.0030605385994435562,True
1383,0.6190476190476191,0.3333333333333333,-0.1756215367005731,-0.06105498905289839,-0.0023376071226128537,True
1384,0.6349206349206349,0.3333333333333333,-0.17154515228449208,-0.06978647260160328,-0.0015999162394632923,True
1385,0.6507936507936507,0.3333333333333333,-0.16658138399006467,-0.07793930153819889,-0.000860743771360191,True
1386,0.6666666666666666,0.3333333333333333,-0.16073735265743433,-0.08542145359991041,-0.0001341920716976543,True
1387,0.6825396825396826,0.3333333333333333,-0.15403985500954906,-0.09211124131160425,0.0005661307801970248,True
1388,0.6984126984126984,0.3333333333333333,-0.14652429098734726,-0.09783812086522913,0.0012170092879645734,True
1389,0.7142857142857142,0.3333333333333333,-0.13824723095959207,-0.10248998813394909,0.001801123910237882,True
1390,0.7301587301587301,0.3333333333333333,-0.1292819231511137,-0.1059821171016962,0.0023068799423551084,True
1391,0.746031746031746,0.3333333333333333,-0.11972641878804208,-0.10821203692178528,0.0027210625399757223,True
1392,0.7619047619047619,0.3333333333333333,-0.1096845907664919,-0.10908144137693879,0.0030240714457399993,True
1393,0.7777777777777777,0.3333333333333333,-0.09932073267464839,-0.10854129496632443,0.003205777062554726,True
1394,0.7936507936507936,0.3333333333333333,-0.08871289002242627,-0.10659904097746965,0.003268334340977956,True
1395,0.8095238095238095,0.3333333333333333,-0.07806838676134144,-0.10323775178115033,0.0031988965782907743,True
1396,0.8253968253968254,0.3333333333333333,-0.06751583363675295,-0.09850925783420841,0.0030037002657020023,True
1397,0.8412698412698412,0.3333333333333333,-0.05723649015983221,-0.09248753487486036,0.002683935090636285,True
1398,0.8571428571428571,0.3333333333333333,-0.04738952127146448,-0.08528672039212323,0.002248516156146399,True
1399,0.873015873015873,0.3333333333333333,-0.03814779205705912,-0.07706128792000926,0.0017084899561359437,True
1400,0.8888888888888888,0.3333333333333333,-0.029649925299001748,-0.06797700185972268,0.001076485040872371,True
1401,0.9047619047619047,0.3333333333333333,-0.022032023976045523,-0.05823786988898174,0.0003684616536052347,True
1402,0.9206349206349206,0.3333333333333333,-0.015431732343448598,-0.048100043072790394,-0.0003980124318582138,True
1403,0.9365079365079365,0.3333333333333333,-0.009925244466859365,-0.03777819458232537,-0.0012067086555119732,True
1404,0.9523809523809523,0.3333333333333333,-0.005592954063855796,-0.027539771034823645,-0.002040437026420882,True
1405,0.9682539682539681,0.3333333333333333,-0.002483478757536933,-0.01764771792262957,-0.002883274126217445,True
1406,0.9841269841269841,0.3333333333333333,-0.0006220991643026586,-0.008381131341564707,-0.00371984167497924,True
1407,1.0,0.3333333333333333,-4.409111870712861e-08,-2.767344925450595e-06,-0.004475402163003747,True
1408,0.0,0.3492063492063492,3.6781811020237228e-09,-3.966840531144828e-06,-0.0002841835857953004,True
1409,0.015873015873015872,0.3492063492063492,-0.0006930737117750334,0.014766818828158779,-0.0010977078737228268,True
1410,0.031746031746031744,0.3492063492063492,-0.0026394194218726415,0.028229119329480738,-0.0018728740594028336,True
1411,0.047619047619047616,0.3492063492063492,-0.005672548717066696,0.04038284279594837,-0.0025411206625050517,True
1412,0.06349206349206349,0.3492063492063492,-0.009649545113905358,0.05126130941908467,-0.0031197479218445135,True
1413,0.07936507936507936,0.3492063492063492,-0.014420702628370533,0.060842626681146636,-0.003618046073473697,True
1414,0.09523809523809523,0.3492063492063492,-0.019875910280298253,0.06923227825235632,-0.004054628877610722,True
1415,0.1111111111111111,0.3492063492063492,-0.025892876529456654,0.07645692978471254,-0.004437561303447129,True
1416,0.12698412698412698,0.3492063492063492,-0.03238451725460834,0.08260340821610693,-0.00478226129086625,True
1417,0.14285714285714285,0.3492063492063492,-0.0392568887125897,0.08771425171446182,-0.005098094167630194,True
1418,0.15873015873015872,0.3492063492063492,-0.04643498072881968,0.09186168728028567,-0.005394283923311662,True
1419,0.1746031746031746,0.3492063492063492,-0.05384972595115256,0.09510631514111378,-0.005675462365403307,True
1420,0.19047619047619047,0.3492063492063492,-0.06143377062039559,0.09749242133970323,-0.005951866792714582,True
1421,0.20634920634920634,0.3492063492063492,-0.06914574491793243,0.0990906701598856,-0.006222646155643272,True
1422,0.2222222222222222,0.3492063492063492,-0.07693990021508273,0.09993473538311906,-0.0064939118343787785,True
1423,0.23809523809523808,0.3492063492063492,-0.08475620478926618,0.10005234483851012,-0.006766780711792181,True
1424,0.25396825396825395,0.3492063492063492,-0.09256715629820941,0.0994880513088035,-0.007035975385849528,True
1425,0.2698412698412698,0.3492063492063492,-0.10032960492645294,0.09824568077985758,-0.007309140095055816,True
1426,0.2857142857142857,0.3492063492063492,-0.10800587654023963,0.0963666538868272,-0.007573260356026653,True
1427,0.30158730158730157,0.3492063492063492,-0.11556807773110177,0.0938451875980394,-0.00783380112410909,True
1428,0.31746031746031744,0.3492063492063492,-0.122986281717843,0.0906933050063492,-0.008084233228927247,True
1429,0.3333333333333333,0.3492063492063492,-0.1302082654043184,0.08693021640812275,-0.008316937918566159,True
1430,0.3492063492063492,0.3492063492063492,-0.1372080307859312,0.0825507087731755,-0.008529625520714314,True
1431,0.36507936507936506,0.3492063492063492,-0.1439685998559922,0.07756434546085364,-0.008714553934099386,True
1432,0.38095238095238093,0.3492063492063492,-0.15044807239787303,0.07196432063711093,-0.008868137725218266,True
1433,0.3968253968253968,0.3492063492063492,-0.1565897125623139,0.06577404327597017,-0.008981863437019563,True
1434,0.4126984126984127,0.3492063492063492,-0.16236675969382744,0.058999445134820874,-0.009049445716645923,True
1435,0.42857142857142855,0.3492063492063492,-0.16774444270802155,0.05168292044839234,-0.009060696225009754,True
1436,0.4444444444444444,0.3492063492063492,-0.17270437653554868,0.043794633331214645,-0.009014745793565117,True
1437,0.4603174603174603,0.3492063492063492,-0.17712197588901682,0.03542397806091675,-0.008904398548945244,True
1438,0.47619047619047616,0.3492063492063492,-0.181056518457283,0.026539022686138586,-0.008724639476797167,True
1439,0.49206349206349204,0.3492063492063492,-0.1843991596533003,0.017232417301163146,-0.008470451241449723,True
1440,0.5079365079365079,0.3492063492063492,-0.18711171404740934,0.007521572633519708,-0.008139854579088737,True
1441,0.5238095238095237,0.3492063492063492,-0.18915396589102332,-0.0024636776993767185,-0.007729583622295612,True
1442,0.5396825396825397,0.3492063492063492,-0.19048137416512584,-0.01275548895714109,-0.007245111445232739,True
1443,0.5555555555555556,0.3492063492063492,-0.19101183244322273,-0.02315883714863015,-0.006687366872292672,True
1444,0.5714285714285714,0.3492063492063492,-0.19076892804522988,-0.033720499180454826,-0.006056893498020744,True
1445,0.5873015873015872,0.3492063492063492,-0.18965136695926635,-0.04416600271026513,-0.005364529281793494,True
1446,0.6031746031746031,0.3492063492063492,-0.18763363129327032,-0.054472628193155195,-0.004620971289232026,True
1447,0.6190476190476191,0.3492063492063492,-0.18469908210537178,-0.06451045232153173,-0.003835006970697145,True
1448,0.6349206349206349,0.3492063492063492,-0.1808601092053667,-0.07421057092900328,-0.0030110059524341413,True
1449,0.6507936507936507,0.3492063492063492,-0.1760355462418588,-0.08329095549279052,-0.002182642019944735,True
1450,0.6666666666666666,0.3492063492063492,-0.17027118885151088,-0.09169631001047884,-0.0013557188582387998,True
1451,0.6825396825396826,0.3492063492063492,-0.16357251800815745,-0.09922833540992858,-0.0005555513441684843,True
1452,0.6984126984126984,0.3492063492063492,-0.1559755407345502,-0.10582054753532744,0.00020865858841214458,True
1453,0.7142857142857142,0.3492063492063492,-0.14753009238671466,-0.11125392007792824,0.0009069500130885023,True
1454,0.7301587301587301,0.3492063492063492,-0.13832368079194665,-0.11542219438534652,0.0015241823241190838,True
1455,0.746031746031746,0.3492063492063492,-0.1284361545610256,-0.11820214532688464,0.002038216813940871,True
1456,0.7619047619047619,0.3492063492063492,-0.11796652566451647,-0.11954943167567705,0.002445336040186051,True
1457,0.7777777777777777,0.3492063492063492,-0.10706830373078444,-0.11934363328656461,0.0027209087805881494,True
1458,0.7936507936507936,0.3492063492063492,-0.09589366176478033,-0.11755945712114838,0.0028561979855169597,True
1459,0.8095238095238095,0.3492063492063492,-0.08455671803044686,-0.11420732215742238,0.002855038031831552,True
1460,0.8253968253968254,0.3492063492063492,-0.0733018299526161,-0.10930845918524293,0.002704624086251546,True
1461,0.8412698412698412,0.3492063492063492,-0.06228761304508538,-0.10294546948748713,0.002413977460192308,True
1462,0.8571428571428571,0.3492063492063492,-0.05170905719254385,-0.09524219547753035,0.001988174154510886,True
1463,0.873015873015873,0.3492063492063492,-0.04170351813080629,-0.08632421290612914,0.0014411940936577617,True
1464,0.8888888888888888,0.3492063492063492,-0.03248261811070266,-0.07640469665137493,0.0007853547632854946,True
1465,0.9047619047619047,0.3492063492063492,-0.024194317794376866,-0.06570066097730114,3.8255010477259175e-05,True
1466,0.9206349206349206,0.3492063492063492,-0.016964586733803404,-0.05443972739382936,-0.0007823478823436014,True
1467,0.9365079365079365,0.3492063492063492,-0.010932800628797376,-0.04293307326637329,-0.0016551029540261262,True
1468,0.9523809523809523,0.3492063492063492,-0.006167710957280515,-0.03143176476260841,-0.002561638520984069,True
1469,0.9682539682539681,0.3492063492063492,-0.0027449490951667035,-0.020255909507752037,-0.003483347608516197,True
1470,0.9841269841269841,0.3492063492063492,-0.0006906823839219315,-0.009682609097906927,-0.004404717997324402,True
1471,1.0,0.3492063492063492,1.3078412429476587e-07,-1.846843688473618e-06,-0.005240943446906588,True
1472,0.0,0.36507936507936506,3.3139061902937234e-08,-7.932821587065631e-07,-0.0011767090013049641,True
1473,0.015873015873015872,0.36507936507936506,-0.0007089281134787302,0.016122684475986117,-0.002010192378244579,True
1474,0.031746031746031744,0.36507936507936506,-0.002695175945988392,0.030765703917650617,-0.002800871211636973,True
1475,0.047619047619047616,0.36507936507936506,-0.005791309563336375,0.04395058034871391,-0.003483125390134065,True
1476,0.06349206349206349,0.36507936507936506,-0.00984421564660253,0.05566910572209132,-0.004073043014500289,True
1477,0.07936507936507936,0.36507936507936506,-0.01472161528884576,0.06605204756429683,-0.0045857564448835994,True
1478,0.09523809523809523,0.36507936507936506,-0.02028363075906908,0.07505178884180445,-0.005033494470408964,True
1479,0.1111111111111111,0.36507936507936506,-0.026429659396227587,0.08281546306436328,-0.005432383120412664,True
1480,0.12698412698412698,0.36507936507936506,-0.03304751360145455,0.08936929899320653,-0.0057924381557074005,True
1481,0.14285714285714285,0.36507936507936506,-0.04005792695573972,0.09482437496947499,-0.006126493451689215,True
1482,0.15873015873015872,0.36507936507936506,-0.04737799310085091,0.09923932078624066,-0.006443128666582193,True
1483,0.1746031746031746,0.36507936507936506,-0.054944648872650666,0.10269588044438246,-0.006748763009310099,True
1484,0.19047619047619047,0.36507936507936506,-0.06269139959688359,0.10524098118633463,-0.007051625566062505,True
1485,0.20634920634920634,0.36507936507936506,-0.07056368474173155,0.10693545975531578,-0.007354021865193907,True
1486,0.2222222222222222,0.36507936507936506,-0.07850706063728463,0.10782752505182401,-0.007656701121248792,True
1487,0.23809523809523808,0.36507936507936506,-0.08649987941997535,0.10796526925705183,-0.007963139211961366,True
1488,0.25396825396825395,0.36507936507936506,-0.09447435521399458,0.10736501483662393,-0.00827601514362834,True
1489,0.2698412698412698,0.36507936507936506,-0.10241589090767081,0.10607314192758577,-0.008586111409841902,True
1490,0.2857142857142857,0.36507936507936506,-0.11028092103147276,0.10409138097551157,-0.008898574127082969,True
1491,0.30158730158730157,0.36507936507936506,-0.11804462569731138,0.10144006666882428,-0.009207055125756092,True
1492,0.31746031746031744,0.36507936507936506,-0.12565531836391297,0.09813753328308188,-0.009504192458435656,True
1493,0.3333333333333333,0.36507936507936506,-0.13310823710479242,0.09416900642626046,-0.009791456187631359,True
1494,0.3492063492063492,0.36507936507936506,-0.14035483340025792,0.08955068112119824,-0.010058881751620856,True
1495,0.36507936507936506,0.36507936507936506,-0.14734841130623394,0.08430665427285426,-0.010295801093236594,True
1496,0.38095238095238093,0.36507936507936506,-0.15406789582406383,0.07842003067970928,-0.010501004002894585,True
1497,0.3968253968253968,0.36507936507936506,-0.1605148544231012,0.07188825553123426,-0.010666658443477804,True
1498,0.4126984126984127,0.36507936507936506,-0.16659452703251015,0.06475303981651495,-0.010781443550771897,True
1499,0.42857142857142855,0.36507936507936506,-0.1722684487395722,0.057017292762109595,-0.01084171398501666,True
1500,0.4444444444444444,0.36507936507936506,-0.17754286979983083,0.048676671936106884,-0.01083989025373216,True
1501,0.4603174603174603,0.36507936507936506,-0.18235716344918196,0.03978321215135482,-0.010766722601270724,True
1502,0.47619047619047616,0.36507936507936506,-0.18662281033634281,0.030342736234727354,-0.01062226534600416,True
1503,0.49206349206349204,0.36507936507936506,-0.1903100462485833,0.02047605376373244,-0.010391765824316362,True
1504,0.5079365079365079,0.36507936507936506,-0.19345425046141024,0.010118168741763358,-0.010075183034992207,True
1505,0.5238095238095237,0.36507936507936506,-0.1958796885920653,-0.0005908013985010973,-0.00967354057743951,True
1506,0.5396825396825397,0.36507936507936506,-0.19759513442753363,-0.011606919996982469,-0.00918429992772139,True
1507,0.5555555555555556,0.36507936507936506,-0.1985351064391159,-0.022828977756302892,-0.008608484260121492,True
1508,0.5714285714285714,0.36507936507936506,-0.19864417966477432,-0.03417359584107044,-0.007951156929706825,True
1509,0.5873015873015872,0.36507936507936506,-0.19789315706678037,-0.04552302089984437,-0.007215480731505598,True
1510,0.6031746031746031,0.36507936507936506,-0.19623974774622438,-0.05680977332867916,-0.0064106380740516335,True
1511,0.6190476190476191,0.36507936507936506,-0.19360834534417362,-0.06782317263232822,-0.0055519796081612924,True
1512,0.6349206349206349,0.36507936507936506,-0.1900145516203026,-0.07842271393949558,-0.004649805828172635,True
1513,0.6507936507936507,0.36507936507936506,-0.1853991796574962,-0.08848889867304896,-0.0037237561121074157,True
1514,0.6666666666666666,0.36507936507936506,-0.17977797369312337,-0.0978708485299023,-0.0027889825434837716,True
1515,0.6825396825396826,0.36507936507936506,-0.17315610731821515,-0.1064035048187695,-0.0018654949606394654,True
1516,0.6984126984126984,0.36507936507936506,-0.1655333066755663,-0.11388135235449631,-0.0009833976293558678,True
1517,0.7142857142857142,0.36507936507936506,-0.15700332102072376,-0.12016689970352239,-0.00015619180489884185,True
1518,0.7301587301587301,0.36507936507936506,-0.14758450364504377,-0.12513841234436535,0.0005931176162979514,True
1519,0.746031746031746,0.36507936507936506,-0.13738792249450812,-0.12862423777239604,0.0012394704315862068,True
1520,0.7619047619047619,0.36507936507936506,-0.1265419830531615,-0.13048166743605327,0.001756883285991535,True
1521,0.7777777777777777,0.36507936507936506,-0.11513935545258407,-0.1306955518116797,0.002145333691122427,True
1522,0.7936507936507936,0.36507936507936506,-0.10337261003580232,-0.12916301348846818,0.002380251234551967,True
1523,0.8095238095238095,0.36507936507936506,-0.09144834938195087,-0.12586871357395543,0.002449589007779609,True
1524,0.8253968253968254,0.36507936507936506,-0.07948373446174985,-0.12085994736856732,0.0023632580987687506,True
1525,0.8412698412698412,0.36507936507936506,-0.06769685234143896,-0.11418192837643726,0.0021147360972390374,True
1526,0.8571428571428571,0.36507936507936506,-0.05630427165431359,-0.10595789638852846,0.0017129784000534205,True
1527,0.873015873015873,0.36507936507936506,-0.04551787090047497,-0.09634721243258065,0.001166977186615998,True
1528,0.8888888888888888,0.36507936507936506,-0.0355325089841917,-0.08555519739462625,0.000492325853470357,True
1529,0.9047619047619047,0.36507936507936506,-0.026530861013661405,-0.07382930007040593,-0.000291495955379326,True
1530,0.9206349206349206,0.36507936507936506,-0.018647996957893265,-0.061413262787190226,-0.0011630178865602674,True
1531,0.9365079365079365,0.36507936507936506,-0.012027621988472473,-0.04858514835985795,-0.002103755212788444,True
1532,0.9523809523809523,0.36507936507936506,-0.006809484757689237,-0.03575024796786451,-0.0030858251718681624,True
1533,0.9682539682539681,0.36507936507936506,-0.0030362595125705163,-0.023140224329487192,-0.0040938018617552325,True
1534,0.9841269841269841,0.36507936507936506,-0.0007639052299263663,-0.011116440653781845,-0.005106589319043846,True
1535,1.0,0.36507936507936506,1.336411120039124e-07,-2.96248431618987e-07,-0.006031260201793372,True
1536,0.0,0.38095238095238093,-5.832531690537811e-08,5.250601143136906e-06,-0.0021965629272745727,True
1537,0.015873015873015872,0.38095238095238093,-0.0007222112186199237,0.017503104102380637,-0.003044909282619646,True
1538,0.031746031746031744,0.38095238095238093,-0.0027406954131722256,0.033366770148759384,-0.003848139408883123,True
1539,0.047619047619047616,0.38095238095238093,-0.0058855450325975426,0.04758353216910986,-0.0045410567075112205,True
1540,0.06349206349206349,0.38095238095238093,-0.010007109826320451,0.06021925741644033,-0.0051427439086687765,True
1541,0.07936507936507936,0.38095238095238093,-0.0149574992542856,0.07131229953434899,-0.00566573026644718,True
1542,0.09523809523809523,0.38095238095238093,-0.02061299652860608,0.0809683857485925,-0.006126880629440841,True
1543,0.1111111111111111,0.38095238095238093,-0.026853925750448416,0.08923903472512362,-0.006539445757572011,True
1544,0.12698412698412698,0.38095238095238093,-0.03358458009033716,0.09625135441635187,-0.006917114712293493,True
1545,0.14285714285714285,0.38095238095238093,-0.040708652191006625,0.10206023837324683,-0.00726982710250952,True
1546,0.15873015873015872,0.38095238095238093,-0.048148932371542594,0.1067597838066323,-0.0076060982990993975,True
1547,0.1746031746031746,0.38095238095238093,-0.0558311109499923,0.11041249920305891,-0.007938478458428225,True
1548,0.19047619047619047,0.38095238095238093,-0.06370399298390844,0.1131191054213024,-0.008267632186542145,True
1549,0.20634920634920634,0.38095238095238093,-0.07170916304266545,0.11492334658269754,-0.008599853064391809,True
1550,0.2222222222222222,0.38095238095238093,-0.0797952736103359,0.11587636891244033,-0.008940097321450558,True
1551,0.23809523809523808,0.38095238095238093,-0.08791901963758386,0.11602542352457416,-0.009287460444448042,True
1552,0.25396825396825395,0.38095238095238093,-0.09604923824237646,0.11541356836457356,-0.009640404063374105,True
1553,0.2698412698412698,0.38095238095238093,-0.10414208279996652,0.11405874970928223,-0.010000762398985133,True
1554,0.2857142857142857,0.38095238095238093,-0.11216877618039375,0.11198934172992103,-0.010362513322292358,True
1555,0.30158730158730157,0.38095238095238093,-0.12009872036977887,0.10922682188291766,-0.01071970902598432,True
1556,0.31746031746031744,0.38095238095238093,-0.12790084617730438,0.10576145870220185,-0.011075501855273636,True
1557,0.3333333333333333,0.38095238095238093,-0.135526547769011,0.10161715911889856,-0.01141776286461115,True
1558,0.3492063492063492,0.38095238095238093,-0.14298709197834483,0.09680177573651004,-0.011739101940781713,True
1559,0.36507936507936506,0.38095238095238093,-0.15021535763041122,0.09129955797201426,-0.01203805884011672,True
1560,0.38095238095238093,0.38095238095238093,-0.15717910818121125,0.0851318126206173,-0.012302367257874921,True
1561,0.3968253968253968,0.38095238095238093,-0.16384731889123294,0.07829498474469662,-0.01252609936041931,True
1562,0.4126984126984127,0.38095238095238093,-0.17022199458029313,0.07079919824498278,-0.012699127190751138,True
1563,0.42857142857142855,0.38095238095238093,-0.17623090988500034,0.0626532108916013,-0.012814822021597777,True
1564,0.4444444444444444,0.38095238095238093,-0.18180727620438994,0.05386209392733168,-0.01286718349636158,True
1565,0.4603174603174603,0.38095238095238093,-0.18691855738720997,0.0445267269624215,-0.012837325853184532,True
1566,0.47619047619047616,0.38095238095238093,-0.19160891157496776,0.03455183504553307,-0.012730023112154409,True
1567,0.49206349206349204,0.38095238095238093,-0.19569726774256455,0.024073052707141374,-0.012533328710613901,True
1568,0.5079365079365079,0.38095238095238093,-0.199150084086351,0.013121943688402983,-0.01224327888819512,True
1569,0.5238095238095237,0.38095238095238093,-0.20201374513822962,0.001715429686796677,-0.011853719063653569,True
1570,0.5396825396825397,0.38095238095238093,-0.20416586387844834,-0.010055084144964015,-0.011365482415990615,True
1571,0.5555555555555556,0.38095238095238093,-0.20550098972457947,-0.022058828650924074,-0.010779177505024062,True
1572,0.5714285714285714,0.38095238095238093,-0.20606686260615478,-0.03428680447000773,-0.01009325243673433,True
1573,0.5873015873015872,0.38095238095238093,-0.20570424747288818,-0.04652280671269918,-0.009319150047170186,True
1574,0.6031746031746031,0.38095238095238093,-0.20444072953112286,-0.058754368379146604,-0.008457393703751164,True
1575,0.6190476190476191,0.38095238095238093,-0.20218852295893772,-0.07073573087126835,-0.00752430650983992,True
1576,0.6349206349206349,0.38095238095238093,-0.19886443309140978,-0.0823224186973465,-0.006542090457875888,True
1577,0.6507936507936507,0.38095238095238093,-0.1945773381435523,-0.09352416379801026,-0.005499659869418593,True
1578,0.6666666666666666,0.38095238095238093,-0.18914412947200956,-0.10391328617386938,-0.004453782496438325,True
1579,0.6825396825396826,0.38095238095238093,-0.18267814551835918,-0.11347559641184427,-0.003400176008166016,True
1580,0.6984126984126984,0.38095238095238093,-0.17511022184517086,-0.12193810613282788,-0.002382565342509668,True
1581,0.7142857142857142,0.38095238095238093,-0.16654786820267414,-0.1291820715881374,-0.0014117050866559791,True
1582,0.7301587301587301,0.38095238095238093,-0.15699156739795453,-0.1350323375357023,-0.0005168578941829152,True
1583,0.746031746031746,0.38095238095238093,-0.14658374391291454,-0.13927417405584255,0.00027170968409454254,True
1584,0.7619047619047619,0.38095238095238093,-0.1353771713098007,-0.14183614042150747,0.0009394710160385455,True
1585,0.7777777777777777,0.38095238095238093,-0.12355648171322028,-0.14252786475578122,0.0014497774000675541,True
1586,0.7936507936507936,0.38095238095238093,-0.11124961109295962,-0.14133559658075867,0.0018018580050646728,True
1587,0.8095238095238095,0.38095238095238093,-0.09862772815668527,-0.13820982294419015,0.0019835576743046884,True
1588,0.8253968253968254,0.38095238095238093,-0.08593812216066146,-0.13313535634339949,0.001977020290502056,True
1589,0.8412698412698412,0.38095238095238093,-0.07341630763207495,-0.1261989118133429,0.001784766074047473,True
1590,0.8571428571428571,0.38095238095238093,-0.06120530628049323,-0.11747990333561281,0.0014192231362619144,True
1591,0.873015873015873,0.38095238095238093,-0.04961443824790027,-0.10717723088909673,0.0008835355019189069,True
1592,0.8888888888888888,0.38095238095238093,-0.038822699239353345,-0.09548734378878324,0.00019872342609147207,True
1593,0.9047619047619047,0.38095238095238093,-0.0290422705123197,-0.08266325137668558,-0.0006168751516272675,True
1594,0.9206349206349206,0.38095238095238093,-0.020458689687702352,-0.06899607837459334,-0.0015403605863973018,True
1595,0.9365079365079365,0.38095238095238093,-0.013245219761227188,-0.054843142335231534,-0.0025451825110615477,True
1596,0.9523809523809523,0.38095238095238093,-0.007506553196618607,-0.04048856880535335,-0.003610072486691098,True
1597,0.9682539682539681,0.38095238095238093,-0.0033528623741202615,-0.02632485357232041,-0.004709197530723005,True
1598,0.9841269841269841,0.38095238095238093,-0.0008423324735220009,-0.012697053184522218,-0.005822002590960736,True
1599,1.0,0.38095238095238093,-1.5271305493122777e-07,-3.011112592954316e-06,-0.006843088516037177,True
1600,0.0,0.3968253968253968,-1.418137420729805e-08,8.520801797274386e-06,-0.0033457741876097152,True
1601,0.015873015873015872,0.3968253968253968,-0.0007284399752493017,0.018903462609937405,-0.00419945838913706,True
1602,0.031746031746031744,0.3968253968253968,-0.0027699818003669506,0.03597722343125128,-0.0050127627940844,True
1603,0.047619047619047616,0.3968253968253968,-0.005954888413541814,0.051262632954963916,-0.005717058658036867,True
1604,0.06349206349206349,0.3968253968253968,-0.010127285532204327,0.06479545553056106,-0.006329621146569525,True
1605,0.07936507936507936,0.3968253968253968,-0.015138173925726415,0.07668146155707078,-0.006862072384733937,True
1606,0.09523809523809523,0.3968253968253968,-0.02086149181383468,0.08697638866994378,-0.007334260778416992,True
1607,0.1111111111111111,0.3968253968253968,-0.027180874016263408,0.09580213677851879,-0.007760080446037368,True
1608,0.12698412698412698,0.3968253968253968,-0.033991475040263924,0.10324560765046849,-0.008152129671139825,True
1609,0.14285714285714285,0.3968253968253968,-0.04120386631607887,0.10940785385338865,-0.008525290903668319,True
1610,0.15873015873015872,0.3968253968253968,-0.04873515936902721,0.114382204152758,-0.008887980926314857,True
1611,0.1746031746031746,0.3968253968253968,-0.05651916570749631,0.11826791722950242,-0.009242080910927736,True
1612,0.19047619047619047,0.3968253968253968,-0.0644816931593947,0.12111152475371027,-0.009603320015838789,True
1613,0.20634920634920634,0.3968253968253968,-0.07259033740175845,0.12302821715774301,-0.009970796440756704,True
1614,0.2222222222222222,0.3968253968253968,-0.08078045739974031,0.12404187024316046,-0.010350795175536512,True
1615,0.23809523809523808,0.3968253968253968,-0.08901424445583715,0.12421520723833292,-0.01073874211251218,True
1616,0.25396825396825395,0.3968253968253968,-0.09726083102824476,0.12359288463998078,-0.011136273679780736,True
1617,0.2698412698412698,0.3968253968253968,-0.10546805096436189,0.12219073393052357,-0.011544946600115083,True
1618,0.2857142857142857,0.3968253968253968,-0.11362258933262441,0.12004342647613457,-0.011959421485368974,True
1619,0.30158730158730157,0.3968253968253968,-0.1216963677644139,0.11716238912448156,-0.012378405339088228,True
1620,0.31746031746031744,0.3968253968253968,-0.12964445990720525,0.11356568246618291,-0.012791239723512052,True
1621,0.3333333333333333,0.3968253968253968,-0.1374522397166262,0.10926277085813721,-0.013192160227580286,True
1622,0.3492063492063492,0.3968253968253968,-0.14506035007994064,0.10423660279649088,-0.013581573252643505,True
1623,0.36507936507936506,0.3968253968253968,-0.15249951738310452,0.09851152950533237,-0.013944714895447751,True
1624,0.38095238095238093,0.3968253968253968,-0.15968174520754816,0.09206952551463146,-0.014278602339435752,True
1625,0.3968253968253968,0.3968253968253968,-0.16660743587332844,0.08493416448860419,-0.014568361603663685,True
1626,0.4126984126984127,0.3968253968253968,-0.17320897695071405,0.0771190970709825,-0.014804443151531043,True
1627,0.42857142857142855,0.3968253968253968,-0.17949153774556587,0.06858022020547352,-0.014987463874581854,True
1628,0.4444444444444444,0.3968253968253968,-0.185395301401028,0.059417131679661964,-0.015091023504101379,True
1629,0.4603174603174603,0.3968253968253968,-0.1908466857764366,0.04958789855433688,-0.01512011227575216,True
1630,0.47619047619047616,0.3968253968253968,-0.19583667229473245,0.039126417747860257,-0.01506178666165816,True
1631,0.49206349206349204,0.3968253968253968,-0.20032317063575433,0.028058105603301946,-0.014908781365273517,True
1632,0.5079365079365079,0.3968253968253968,-0.20422229260593988,0.01647115683654584,-0.014649437036166788,True
1633,0.5238095238095237,0.3968253968253968,-0.20746378319665365,0.004428441337575475,-0.01428146645739658,True
1634,0.5396825396825397,0.3968253968253968,-0.2100370401850906,-0.008101903079090948,-0.013803941067199444,True
1635,0.5555555555555556,0.3968253968253968,-0.2118663577191856,-0.020899271549933623,-0.01320824484836422,True
1636,0.5714285714285714,0.3968253968253968,-0.21284683958578013,-0.033947748350443695,-0.012503300390389958,True
1637,0.5873015873015872,0.3968253968253968,-0.21295188293653264,-0.04711784828062495,-0.011689736543254108,True
1638,0.6031746031746031,0.3968253968253968,-0.2120851547336121,-0.06025816995529615,-0.010777591575259458,True
1639,0.6190476190476191,0.3968253968253968,-0.2102729771076261,-0.07332453185835229,-0.009768148778845872,True
1640,0.6349206349206349,0.3968253968253968,-0.2073737235576327,-0.08601009537707949,-0.008687396654925348,True
1641,0.6507936507936507,0.3968253968253968,-0.20336694510083142,-0.09817624103564723,-0.007552546857751839,True
1642,0.6666666666666666,0.3968253968253968,-0.1982758694561131,-0.10975317394681942,-0.006367860727451049,True
1643,0.6825396825396826,0.3968253968253968,-0.19199204055578067,-0.1203952421749887,-0.005182417185064509,True
1644,0.6984126984126984,0.3968253968253968,-0.18459785677589677,-0.12998559132630635,-0.004003664457691644,True
1645,0.7142857142857142,0.3968253968253968,-0.17604942582055513,-0.13829918124554047,-0.0028714871521013582,True
1646,0.7301587301587301,0.3968253968253968,-0.16646359577165312,-0.14510774743341945,-0.0018107052703963374,True
1647,0.746031746031746,0.3968253968253968,-0.15587063779681046,-0.15023146118787248,-0.0008581850977903492,True
1648,0.7619047619047619,0.3968253968253968,-0.1443938670550088,-0.15355454372362373,-2.7356901267799592e-05,True
1649,0.7777777777777777,0.3968253968253968,-0.13215054536680798,-0.1548875711575419,0.0006452533643171527,True
1650,0.7936507936507936,0.3968253968253968,-0.1193385034854298,-0.15413111490293901,0.0011393697629355918,True
1651,0.8095238095238095,0.3968253968253968,-0.1061474016005404,-0.15121420535140248,0.0014322252402240118,True
1652,0.8253968253968254,0.3968253968253968,-0.09275794397587477,-0.14616328264034767,0.0015292042392405444,True
1653,0.8412698412698412,0.3968253968253968,-0.07942416443019626,-0.13900169894452405,0.0014203066713760549,True
1654,0.8571428571428571,0.3968253968253968,-0.0664336164750351,-0.12984517428912562,0.001101832822828123,True
1655,0.873015873015873,0.3968253968253968,-0.05396766509696909,-0.11883367999349194,0.0005941141183106077,True
1656,0.8888888888888888,0.3968253968253968,-0.04233357145109335,-0.10621390431261227,-9.318043786442847e-05,True
1657,0.9047619047619047,0.3968253968253968,-0.03173333627883372,-0.09224177392596783,-0.0009346623025906699,True
1658,0.9206349206349206,0.3968253968253968,-0.022407454681834884,-0.07725812959458805,-0.00190665258350328,True
1659,0.9365079365079365,0.3968253968253968,-0.01452456135893904,-0.06159189576388344,-0.0029815069392017533,True
1660,0.9523809523809523,0.3968253968253968,-0.008251165579386554,-0.045649662923738,-0.004130041950591866,True
1661,0.9682539682539681,0.3968253968253968,-0.0036898503146700155,-0.029779772264180725,-0.005327666801680417,True
1662,0.9841269841269841,0.3968253968253968,-0.0009319992656796133,-0.014461372280842138,-0.006545100672298054,True
1663,1.0,0.3968253968253968,-3.105974146900006e-08,-8.996965815021632e-06,-0.007673304375925491,True
1664,0.0,0.4126984126984127,9.884841333821744e-08,-1.4659169834301942e-05,-0.004618960489402701,True
1665,0.015873015873015872,0.4126984126984127,-0.0007328496044409849,0.020327568445943623,-0.005480026599828341,True
1666,0.031746031746031744,0.4126984126984127,-0.0027906296862040512,0.03862594077781878,-0.006301177130997127,True
1667,0.047619047619047616,0.4126984126984127,-0.00600189554802101,0.054989591745719935,-0.0070137286381724015,True
1668,0.06349206349206349,0.4126984126984127,-0.010202834552222366,0.06943735737011152,-0.00763051925940219,True
1669,0.07936507936507936,0.4126984126984127,-0.01525594565933089,0.08208786517100941,-0.008173734654643092,True
1670,0.09523809523809523,0.4126984126984127,-0.021026518425708574,0.09305083311797233,-0.008656481168429103,True
1671,0.1111111111111111,0.4126984126984127,-0.02739826782500643,0.10241040178574773,-0.009096093232164041,True
1672,0.12698412698412698,0.4126984126984127,-0.03426663689193909,0.1103017586444903,-0.009505308248400386,True
1673,0.14285714285714285,0.4126984126984127,-0.041538782197845056,0.11682451187167625,-0.009897121864096185,True
1674,0.15873015873015872,0.4126984126984127,-0.049132307362232785,0.12208160458207946,-0.010281206597122476,True
1675,0.1746031746031746,0.4126984126984127,-0.056981660808881854,0.12618876193773637,-0.010665420265357271,True
1676,0.19047619047619047,0.4126984126984127,-0.06501793740160627,0.12920465121678776,-0.011059853408847905,True
1677,0.20634920634920634,0.4126984126984127,-0.07319155494052444,0.13122169260441005,-0.011460734414020162,True
1678,0.2222222222222222,0.4126984126984127,-0.08145110736461553,0.13230018591661435,-0.011879347271763574,True
1679,0.23809523809523808,0.4126984126984127,-0.08976480725142379,0.132506150349928,-0.012309968698947913,True
1680,0.25396825396825395,0.4126984126984127,-0.09808301307761315,0.13186762840501887,-0.012758778811507257,True
1681,0.2698412698412698,0.4126984126984127,-0.1063871360045214,0.1304297134385007,-0.0132217436879029,True
1682,0.2857142857142857,0.4126984126984127,-0.11463096217229712,0.12821195933809734,-0.013693215487817358,True
1683,0.30158730158730157,0.4126984126984127,-0.12279813878574079,0.12523727949975857,-0.014170119585432142,True
1684,0.31746031746031744,0.4126984126984127,-0.13086910389009299,0.12152026612820284,-0.01464637991247754,True
1685,0.3333333333333333,0.4126984126984127,-0.13879835592638823,0.11704875563560621,-0.015121451068349648,True
1686,0.3492063492063492,0.4126984126984127,-0.14657327979386722,0.11184806590169266,-0.015579321180035232,True
1687,0.36507936507936506,0.4126984126984127,-0.15415209850594083,0.10590174617771926,-0.016018017747258067,True
1688,0.38095238095238093,0.4126984126984127,-0.16151291238139975,0.09923699712306025,-0.016420207400633866,True
1689,0.3968253968253968,0.4126984126984127,-0.1686384191692021,0.09183161079586276,-0.016783034240979756,True
1690,0.4126984126984127,0.4126984126984127,-0.17548634891040077,0.08368059470285272,-0.017099215025518723,True
1691,0.42857142857142855,0.4126984126984127,-0.1820194955921992,0.07482154700857238,-0.017348452009152873,True
1692,0.4444444444444444,0.4126984126984127,-0.1881965652904816,0.06525775930767855,-0.01752346517208877,True
1693,0.4603174603174603,0.4126984126984127,-0.19397035565488063,0.05496728364370391,-0.01762082091739543,True
1694,0.47619047619047616,0.4126984126984127,-0.19929460023978154,0.044015386888210536,-0.017622163600119686,True
1695,0.49206349206349204,0.4126984126984127,-0.20414394696101512,0.03244571231287399,-0.017516132813225564,True
1696,0.5079365079365079,0.4126984126984127,-0.2084330925414372,0.02028204090751249,-0.017297503309139674,True
1697,0.5238095238095237,0.4126984126984127,-0.2121116684589233,0.00753859048177529,-0.01696265645811186,True
1698,0.5396825396825397,0.4126984126984127,-0.21507260304878925,-0.005613850629527683,-0.016500787663700136,True
1699,0.5555555555555556,0.4126984126984127,-0.21739476575777625,-0.019243208974634725,-0.015909153895737996,True
1700,0.5714285714285714,0.4126984126984127,-0.21885393378676085,-0.03315832088074329,-0.015191377434754415,True
1701,0.5873015873015872,0.4126984126984127,-0.21943356790383237,-0.04725915265107771,-0.014347099303036646,True
1702,0.6031746031746031,0.4126984126984127,-0.21909877338565967,-0.06138327729074927,-0.01337885152811093,True
1703,0.6190476190476191,0.4126984126984127,-0.21769765955004025,-0.07538793249411664,-0.012306638980047333,True
1704,0.6349206349206349,0.4126984126984127,-0.21525949405344214,-0.08919469172073918,-0.011131147908523828,True
1705,0.6507936507936507,0.4126984126984127,-0.21170109195303322,-0.10256029679461372,-0.009875854038334067,True
1706,0.6666666666666666,0.4126984126984127,-0.20695678985392407,-0.11525536466827944,-0.008566345662818223,True
1707,0.6825396825396826,0.4126984126984127,-0.2009770889586701,-0.12709134450723059,-0.007229114772371252,True
1708,0.6984126984126984,0.4126984126984127,-0.1938264049721799,-0.13788813414708662,-0.005880504607223873,True
1709,0.7142857142857142,0.4126984126984127,-0.18542027579504622,-0.14731895557215993,-0.004573434018074636,True
1710,0.7301587301587301,0.4126984126984127,-0.17586735655973995,-0.1552257028893006,-0.0033267345621791357,True
1711,0.746031746031746,0.4126984126984127,-0.1651983668146213,-0.16139591002680112,-0.002174926241816723,True
1712,0.7619047619047619,0.4126984126984127,-0.15351856909526218,-0.16553229571750486,-0.0011735526565255902,True
1713,0.7777777777777777,0.4126984126984127,-0.140952362170568,-0.1676315281222269,-0.0003138786071254913,True
1714,0.7936507936507936,0.4126984126984127,-0.1276869117266398,-0.1674358832363673,0.0003492343859023072,True
1715,0.8095238095238095,0.4126984126984127,-0.11391205039374798,-0.1648725747739574,0.0007956307480866607,True
1716,0.8253968253968254,0.4126984126984127,-0.09984206763987219,-0.15993273266759872,0.0010227420854987197,True
1717,0.8412698412698412,0.4126984126984127,-0.08576902269422679,-0.15262087714249203,0.0010072696628757839,True
1718,0.8571428571428571,0.4126984126984127,-0.0719267555992435,-0.14304462310869773,0.000762541988225319,True
1719,0.873015873015873,0.4126984126984127,-0.05857580127073846,-0.13134122711279533,0.00029763025433418285,True
1720,0.8888888888888888,0.4126984126984127,-0.046076553856070256,-0.11779170392268463,-0.0003796315016474071,True
1721,0.9047619047619047,0.4126984126984127,-0.034651068946852465,-0.10266927173175029,-0.0012396372769496549,True
1722,0.9206349206349206,0.4126984126984127,-0.024513000687540365,-0.08625720794286501,-0.0022567296182566636,True
1723,0.9365079365079365,0.4126984126984127,-0.01592404707124381,-0.06899786872480956,-0.0033998297319494104,True
1724,0.9523809523809523,0.4126984126984127,-0.009072550404200715,-0.051339571184140204,-0.004635157394944605,True
1725,0.9682539682539681,0.4126984126984127,-0.004074557536890182,-0.03367133381064164,-0.005933390657535197,True
1726,0.9841269841269841,0.4126984126984127,-0.0010276267165592898,-0.016375017618656573,-0.007271179632566892,True
1727,1.0,0.4126984126984127,9.710658210584467e-08,1.0029294728827544e-05,-0.00851390185156684,True
1728,0.0,0.42857142857142855,5.812889623862052e-08,4.547310553263862e-06,-0.006021798101346962,True
1729,0.015873015873015872,0.42857142857142855,-0.000736554737991882,0.021741782772589573,-0.006888332821409619,True
1730,0.031746031746031744,0.42857142857142855,-0.0028016020963441074,0.041289436432724515,-0.007713396267759451,True
1731,0.047619047619047616,0.42857142857142855,-0.006019507094844639,0.0587177781075126,-0.008426568497345953,True
1732,0.06349206349206349,0.42857142857142855,-0.010238930982991785,0.07409182504715214,-0.009050620606094519,True
1733,0.07936507936507936,0.42857142857142855,-0.015313782916007677,0.08754498505046063,-0.009602123139105299,True
1734,0.09523809523809523,0.42857142857142855,-0.02111075108560889,0.09913262587654013,-0.010096739466122759,True
1735,0.1111111111111111,0.42857142857142855,-0.027510866083225425,0.109053073499691,-0.010549762771310565,True
1736,0.12698412698412698,0.42857142857142855,-0.03440921647558306,0.11739542495787653,-0.010975323887445132,True
1737,0.14285714285714285,0.42857142857142855,-0.04171401685154966,0.12429093300389121,-0.011384776462387317,True
1738,0.15873015873015872,0.42857142857142855,-0.04934270735779758,0.1298398944814879,-0.011792535199948209,True
1739,0.1746031746031746,0.42857142857142855,-0.05722315110316876,0.13414845167610653,-0.012204910706631869,True
1740,0.19047619047619047,0.42857142857142855,-0.0652953171687746,0.1373348702796525,-0.012629723817577912,True
1741,0.20634920634920634,0.42857142857142855,-0.0735061714553982,0.13946926455827366,-0.013070372915076171,True
1742,0.2222222222222222,0.42857142857142855,-0.0818050526163543,0.14061905232824923,-0.013532009697996585,True
1743,0.23809523809523808,0.42857142857142855,-0.09015503444079437,0.14084916147541604,-0.014011418857140766,True
1744,0.25396825396825395,0.42857142857142855,-0.09852188453025114,0.14021052443982907,-0.014512711602712577,True
1745,0.2698412698412698,0.42857142857142855,-0.10686715580979095,0.1387358587832264,-0.01502922107427197,True
1746,0.2857142857142857,0.42857142857142855,-0.11517305066011965,0.13646016642393896,-0.015560758294346127,True
1747,0.30158730158730157,0.42857142857142855,-0.1233982484466783,0.13338470568929495,-0.016107849355455357,True
1748,0.31746031746031744,0.42857142857142855,-0.13154265591994763,0.12955481317668585,-0.016653214134259717,True
1749,0.3333333333333333,0.42857142857142855,-0.1395579504437391,0.124954183971046,-0.01719652631492913,True
1750,0.3492063492063492,0.42857142857142855,-0.1474297185470746,0.11958778590455332,-0.01773105930834588,True
1751,0.36507936507936506,0.42857142857142855,-0.15513786959862522,0.1134607860877538,-0.018245385543299072,True
1752,0.38095238095238093,0.42857142857142855,-0.16265106654133216,0.10656839931319731,-0.018731419961428717,True
1753,0.3968253968253968,0.42857142857142855,-0.1699112375680177,0.09890962728791025,-0.019176092909590662,True
1754,0.4126984126984127,0.42857142857142855,-0.17696420313366829,0.09048022146225422,-0.019574285989812014,True
1755,0.42857142857142855,0.42857142857142855,-0.18371691424915043,0.0813078579126152,-0.019902956595639905,True
1756,0.4444444444444444,0.42857142857142855,-0.19013126865976854,0.07135843663452092,-0.0201625964029214,True
1757,0.4603174603174603,0.42857142857142855,-0.19618955132265858,0.06068922520326081,-0.020330057183893198,True
1758,0.47619047619047616,0.42857142857142855,-0.2018253394555013,0.0493115954640044,-0.020396744034752765,True
1759,0.49206349206349204,0.42857142857142855,-0.20700817645792352,0.03722587617802644,-0.02035462863058879,True
1760,0.5079365079365079,0.42857142857142855,-0.2116945600801146,0.0244574033344563,-0.0201951342299147,True
1761,0.5238095238095237,0.42857142857142855,-0.21578255132540985,0.011117694112412074,-0.01989883966302501,True
1762,0.5396825396825397,0.42857142857142855,-0.21924449454022518,-0.0027698670485167367,-0.019464114930945183,True
1763,0.5555555555555556,0.42857142857142855,-0.2219717784012712,-0.01712951161407753,-0.018888134106161473,True
1764,0.5714285714285714,0.42857142857142855,-0.2239481288847935,-0.03189058885367272,-0.018163950597921367,True
1765,0.5873015873015872,0.42857142857142855,-0.2249890344638169,-0.04678734866450439,-0.017297157307658056,True
1766,0.6031746031746031,0.42857142857142855,-0.22521629352665226,-0.06196726926602329,-0.016281798155695467,True
1767,0.6190476190476191,0.42857142857142855,-0.224359592854476,-0.07707673572119875,-0.015137495686524019,True
1768,0.6349206349206349,0.42857142857142855,-0.22242684780735922,-0.09200226322607921,-0.013871440043034635,True
1769,0.6507936507936507,0.42857142857142855,-0.2193582392714994,-0.10647906395803738,-0.012504344550197471,True
1770,0.6666666666666666,0.42857142857142855,-0.21503917151592847,-0.12041597573344003,-0.011057749136923867,True
1771,0.6825396825396826,0.42857142857142855,-0.20949937195445406,-0.13350185464065184,-0.009556438760636572,True
1772,0.6984126984126984,0.42857142857142855,-0.20262739501960808,-0.14551773302550325,-0.00803867721007715,True
1773,0.7142857142857142,0.42857142857142855,-0.19447099919164093,-0.1561697337233108,-0.006539508523744877,True
1774,0.7301587301587301,0.42857142857142855,-0.1850640032363574,-0.16531487054506644,-0.005080956162305282,True
1775,0.746031746031746,0.42857142857142855,-0.17442387531974815,-0.17259513706474452,-0.003719755275857915,True
1776,0.7619047619047619,0.42857142857142855,-0.16261594342923447,-0.17784031177618534,-0.0024841768437927777,True
1777,0.7777777777777777,0.42857142857142855,-0.1498260699388756,-0.18076278924569517,-0.0014254252143174606,True
1778,0.7936507936507936,0.42857142857142855,-0.13617701702992077,-0.18123622334593492,-0.0005691631104149183,True
1779,0.8095238095238095,0.42857142857142855,-0.12188277202923785,-0.17913829016783162,5.7850348755744895e-05,True
1780,0.8253968253968254,0.42857142857142855,-0.10718337466413108,-0.17440440227425225,0.00043570948735542094,True
1781,0.8412698412698412,0.42857142857142855,-0.09234506375085877,-0.16702878722008704,0.0005505154164628655,True
1782,0.8571428571428571,0.42857142857142855,-0.07769187396413983,-0.1571002621174715,0.000397078048021294,True
1783,0.873015873015873,0.42857142857142855,-0.06351455800841857,-0.1447894772086041,-1.1737093965450488e-05,True
1784,0.8888888888888888,0.42857142857142855,-0.05006132055296443,-0.1302583510747032,-0.0006592327361043665,True
1785,0.9047619047619047,0.42857142857142855,-0.037716814446209786,-0.11386022141450759,-0.0015288228341128062,True
1786,0.9206349206349206,0.42857142857142855,-0.026796366117254566,-0.0960657973367096,-0.0025830680781697268,True
1787,0.9365079365079365,0.42857142857142855,-0.017459510637108933,-0.07713238216171274,-0.0037914161290833635,True
1788,0.9523809523809523,0.42857142857142855,-0.009972154006359434,-0.05759219168858505,-0.005116596051772977,True
1789,0.9682539682539681,0.42857142857142855,-0.004478835141215198,-0.037871067593757864,-0.0065267601793992675,True
1790,0.9841269841269841,0.42857142857142855,-0.0011364154833281167,-0.018532791898596426,-0.007986088354442507,True
1791,1.0,0.42857142857142855,-2.1675015654238576e-07,1.1698215171309749e-05,-0.009355959100005746,True
1792,0.0,0.4444444444444444,1.1677523928142398e-07,-2.0529359128274264e-06,-0.007554674002416316,True
1793,0.015873015873015872,0.4444444444444444,-0.0007361585985613649,0.02316548396083908,-0.008419979499649125,True
1794,0.031746031746031744,0.4444444444444444,-0.0027972874361384755,0.043958557597092704,-0.009243329892530334,True
1795,0.047619047619047616,0.4444444444444444,-0.006016095790484352,0.06244862198052342,-0.00996026903064447,True
1796,0.06349206349206349,0.4444444444444444,-0.010236688470918175,0.07877223248218765,-0.010589414915281991,True
1797,0.07936507936507936,0.4444444444444444,-0.015314142361506947,0.09297162385446082,-0.011148022606518558,True
1798,0.09523809523809523,0.4444444444444444,-0.021113162679660864,0.10526150268019671,-0.011651025846460892,True
1799,0.1111111111111111,0.4444444444444444,-0.02751610245569392,0.11573662887219095,-0.012113267730171056,True
1800,0.12698412698412698,0.4444444444444444,-0.034420365087576725,0.12452887714667749,-0.012554223003969269,True
1801,0.14285714285714285,0.4444444444444444,-0.04173006227758352,0.13177419273337865,-0.012985968184386456,True
1802,0.15873015873015872,0.4444444444444444,-0.04936096846237589,0.13760089438471,-0.013419826544961702,True
1803,0.1746031746031746,0.4444444444444444,-0.057244990355137054,0.1421510455806359,-0.013861530608006543,True
1804,0.19047619047619047,0.4444444444444444,-0.06531908569264362,0.14549233410930668,-0.014318215166977634,True
1805,0.20634920634920634,0.4444444444444444,-0.07352914084774487,0.14773356942645852,-0.014796802665257828,True
1806,0.2222222222222222,0.4444444444444444,-0.08182815936000691,0.1489493974906468,-0.015299361816803652,True
1807,0.23809523809523808,0.4444444444444444,-0.09017931019867534,0.14921712897149558,-0.015828602164911755,True
1808,0.25396825396825395,0.4444444444444444,-0.09854351274365795,0.14857417402512546,-0.016381527518754088,True
1809,0.2698412698412698,0.4444444444444444,-0.10689773281482665,0.14707397103444728,-0.016959514255675125,True
1810,0.2857142857142857,0.4444444444444444,-0.11520234323006474,0.14472858734596694,-0.01756128073355047,True
1811,0.30158730158730157,0.4444444444444444,-0.12346689692209747,0.14160009616383762,-0.018167785870077755,True
1812,0.31746031746031744,0.4444444444444444,-0.13162738553408473,0.1376609887243586,-0.018787057325768065,True
1813,0.3333333333333333,0.4444444444444444,-0.1396866888252448,0.13293163894012705,-0.019412272174014714,True
1814,0.3492063492063492,0.4444444444444444,-0.14761561890641733,0.12741610771121756,-0.020029445029147736,True
1815,0.36507936507936506,0.4444444444444444,-0.1553929304322736,0.12111665015864839,-0.020629404425774676,True
1816,0.38095238095238093,0.4444444444444444,-0.1629887896705696,0.11400971785876869,-0.021209096869410842,True
1817,0.3968253968253968,0.4444444444444444,-0.1704068901615949,0.10614606709676615,-0.021738785116555265,True
1818,0.4126984126984127,0.4444444444444444,-0.1775842649470328,0.09746662553274607,-0.02222446872446412,True
1819,0.42857142857142855,0.4444444444444444,-0.1845057242418076,0.08799741751789607,-0.022645979545865676,True
1820,0.4444444444444444,0.4444444444444444,-0.1911254593108134,0.0777389592871565,-0.022989733053320822,True
1821,0.4603174603174603,0.4444444444444444,-0.197425935677491,0.06669676790139911,-0.02324287814927652,True
1822,0.47619047619047616,0.4444444444444444,-0.20337078209659004,0.0548761027975638,-0.023395492084051846,True
1823,0.49206349206349204,0.4444444444444444,-0.20882015438321638,0.04234185106294195,-0.023424045243987113,True
1824,0.5079365079365079,0.4444444444444444,-0.21388014866187102,0.029023485911443693,-0.023333389936601393,True
1825,0.5238095238095237,0.4444444444444444,-0.21834935155458554,0.01514274958498807,-0.02308526270448438,True
1826,0.5396825396825397,0.4444444444444444,-0.22227396351563936,0.0005503430870340082,-0.022695087172999475,True
1827,0.5555555555555556,0.4444444444444444,-0.22541802851753517,-0.014467050666738234,-0.02214032961150818,True
1828,0.5714285714285714,0.4444444444444444,-0.22795376142219836,-0.030069420167357194,-0.021421881099298254,True
1829,0.5873015873015872,0.4444444444444444,-0.22954640442059177,-0.04589387501866051,-0.020538086660966133,True
1830,0.6031746031746031,0.4444444444444444,-0.23030229587483467,-0.06204983434862087,-0.019488858857478735,True
1831,0.6190476190476191,0.4444444444444444,-0.23000893882473963,-0.07815214909159113,-0.0182836767319729,True
1832,0.6349206349206349,0.4444444444444444,-0.22866988832312854,-0.0941795601923375,-0.016929366586311827,True
1833,0.6507936507936507,0.4444444444444444,-0.22610849220702875,-0.10986701675034052,-0.015452560763439474,True
1834,0.6666666666666666,0.4444444444444444,-0.2223733130169857,-0.12507540734758427,-0.013860194343212118,True
1835,0.6825396825396826,0.4444444444444444,-0.2173096817576431,-0.13946544883970113,-0.012195245911612517,True
1836,0.6984126984126984,0.4444444444444444,-0.2108793167154234,-0.15283991455514517,-0.010484041687554726,True
1837,0.7142857142857142,0.4444444444444444,-0.2030701486107918,-0.16482518551420872,-0.008776738190418585,True
1838,0.7301587301587301,0.4444444444444444,-0.19390631087279678,-0.1752859396544479,-0.007091501806335364,True
1839,0.746031746031746,0.4444444444444444,-0.18338249053845157,-0.1838216667621803,-0.005493917387506783,True
1840,0.7619047619047619,0.4444444444444444,-0.1716145846421214,-0.19017939733372893,-0.004024439690539945,True
1841,0.7777777777777777,0.4444444444444444,-0.1586687251519928,-0.19407164755455175,-0.0027391011064609775,True
1842,0.7936507936507936,0.4444444444444444,-0.1447307982738155,-0.1954338710114133,-0.0016395564735532074,True
1843,0.8095238095238095,0.4444444444444444,-0.12999755679732475,-0.19394484304459159,-0.0008000218359246108,True
1844,0.8253968253968254,0.4444444444444444,-0.11472131705094676,-0.1895481156069257,-0.00023667021537444776,True
1845,0.8412698412698412,0.4444444444444444,-0.0991694776556823,-0.18221772601082523,3.6715494342355655e-05,True
1846,0.8571428571428571,0.4444444444444444,-0.08370158401493685,-0.17201717394121988,5.782823681090901e-06,True
1847,0.873015873015873,0.4444444444444444,-0.06861334106274537,-0.15906997201451545,-0.00032085506825465403,True
1848,0.8888888888888888,0.4444444444444444,-0.0543047696541605,-0.14366783955172177,-0.0009282351046565958,True
1849,0.9047619047619047,0.4444444444444444,-0.041064499383252816,-0.126072702773802,-0.0017903003604795445,True
1850,0.9206349206349206,0.4444444444444444,-0.029200275619061192,-0.10661964395973576,-0.002877861052524722,True
1851,0.9365079365079365,0.4444444444444444,-0.01907651885237345,-0.0858978282686906,-0.0041496954312009275,True
1852,0.9523809523809523,0.4444444444444444,-0.010918488323438051,-0.06436152388452437,-0.00556616365138028,True
1853,0.9682539682539681,0.4444444444444444,-0.0049227259918703005,-0.04248302917530045,-0.0070905655210391876,True
1854,0.9841269841269841,0.4444444444444444,-0.001253472219396115,-0.020876018876613438,-0.008683024442339765,True
1855,1.0,0.4444444444444444,3.375475772111456e-08,-2.1416197920540572e-05,-0.010189523127438671,True
1856,0.0,0.4603174603174603,-1.8612109692711314e-07,-4.347059387512596e-06,-0.009213440024904117,True
1857,0.015873015873015872,0.4603174603174603,-0.0007307466764360428,0.024585923443793845,-0.010072269618703894,True
1858,0.031746031746031744,0.4603174603174603,-0.002781654679337275,0.046630344286524086,-0.010893121194103704,True
1859,0.047619047619047616,0.4603174603174603,-0.005988716380739608,0.06622158175893408,-0.011611745833762848,True
1860,0.06349206349206349,0.4603174603174603,-0.010195365648185337,0.08343480374205327,-0.012244528935217705,True
1861,0.07936507936507936,0.4603174603174603,-0.01525283581959919,0.09845443400089304,-0.012804792963746774,True
1862,0.09523809523809523,0.4603174603174603,-0.02103545658976903,0.1113805304620131,-0.013315950513810187,True
1863,0.1111111111111111,0.4603174603174603,-0.027420837148112026,0.12239678265580672,-0.013791706245034386,True
1864,0.12698412698412698,0.4603174603174603,-0.03430273771911026,0.13164925255249887,-0.014248676954951035,True
1865,0.14285714285714285,0.4603174603174603,-0.041588866079710116,0.1392422686598826,-0.014701019452860812,True
1866,0.15873015873015872,0.4603174603174603,-0.049192445610637216,0.1453520193635405,-0.015158696118617804,True
1867,0.1746031746031746,0.4603174603174603,-0.05704631370017085,0.15011502586420528,-0.015627458854884833,True
1868,0.19047619047619047,0.4603174603174603,-0.06508630886821917,0.1536227124408055,-0.016118164045776807,True
1869,0.20634920634920634,0.4603174603174603,-0.07326050520282813,0.15598154386379007,-0.016635912210079054,True
1870,0.2222222222222222,0.4603174603174603,-0.08151628227094115,0.15726787267263098,-0.017186246751556646,True
1871,0.23809523809523808,0.4603174603174603,-0.08982977802400546,0.1575630283360094,-0.017762399205657337,True
1872,0.25396825396825395,0.4603174603174603,-0.0981568343373793,0.15692746641128136,-0.01837175472492259,True
1873,0.2698412698412698,0.4603174603174603,-0.10646649969877543,0.15539221389842944,-0.019008502969674605,True
1874,0.2857142857142857,0.4603174603174603,-0.11474284218387715,0.15300835640198043,-0.019674431605570388,True
1875,0.30158730158730157,0.4603174603174603,-0.12297332153352356,0.1498037379233076,-0.02035524192260107,True
1876,0.31746031746031744,0.4603174603174603,-0.13110483733725553,0.1457605650757951,-0.021059186383637272,True
1877,0.3333333333333333,0.4603174603174603,-0.13915630713013144,0.14092803470972773,-0.021761471901124877,True
1878,0.3492063492063492,0.4603174603174603,-0.1470891932958571,0.1352839698536432,-0.022464749740522795,True
1879,0.36507936507936506,0.4603174603174603,-0.15488250502284293,0.1288305210332026,-0.02315549975029337,True
1880,0.38095238095238093,0.4603174603174603,-0.16253251501513855,0.12156668166223034,-0.023824572280163492,True
1881,0.3968253968253968,0.4603174603174603,-0.1700066160013455,0.11348556630086158,-0.024457684220814884,True
1882,0.4126984126984127,0.4603174603174603,-0.17728033354581085,0.1045822227820568,-0.025042440511962583,True
1883,0.42857142857142855,0.4603174603174603,-0.18433078876126585,0.09485790830735139,-0.025562296619317436,True
1884,0.4444444444444444,0.4603174603174603,-0.19111425181474487,0.08429662561992243,-0.026007265587073516,True
1885,0.4603174603174603,0.4603174603174603,-0.1975775877838081,0.07292841796231742,-0.026353544969294936,True
1886,0.47619047619047616,0.4603174603174603,-0.2037681456753484,0.0607231147078284,-0.026601296031635285,True
1887,0.49206349206349204,0.4603174603174603,-0.2095362815118829,0.047739069426965555,-0.026718999718325694,True
1888,0.5079365079365079,0.4603174603174603,-0.21489915770207255,0.03398636208797971,-0.026698513473581542,True
1889,0.5238095238095237,0.4603174603174603,-0.21973133340832257,0.019535126283920762,-0.026520397864238456,True
1890,0.5396825396825397,0.4603174603174603,-0.22405201294246704,0.004344289703258652,-0.026181485417337964,True
1891,0.5555555555555556,0.4603174603174603,-0.22771031820822812,-0.011396591976055147,-0.025663191945713218,True
1892,0.5714285714285714,0.4603174603174603,-0.23069666242367395,-0.027732290510332783,-0.0249637157304594,True
1893,0.5873015873015872,0.4603174603174603,-0.23285713701158073,-0.044413849580800475,-0.02407594691047522,True
1894,0.6031746031746031,0.4603174603174603,-0.23416596633649292,-0.06149920193897768,-0.022999524876169696,True
1895,0.6190476190476191,0.4603174603174603,-0.2344819478088574,-0.07861041389685601,-0.021741009087242923,True
1896,0.6349206349206349,0.4603174603174603,-0.23377657946199595,-0.09579918160150738,-0.02030478033253326,True
1897,0.6507936507936507,0.4603174603174603,-0.23182308545968158,-0.11266706329118063,-0.018719077010615107,True
1898,0.6666666666666666,0.4603174603174603,-0.22873669416676662,-0.12917927676773458,-0.01698366464156737,True
1899,0.6825396825396826,0.4603174603174603,-0.22422392022013632,-0.1449282528747289,-0.015150065177932878,True
1900,0.6984126984126984,0.4603174603174603,-0.21832132584136507,-0.1596443353941446,-0.013248462049057623,True
1901,0.7142857142857142,0.4603174603174603,-0.21102364125653275,-0.1731610609166628,-0.011300913175096489,True
1902,0.7301587301587301,0.4603174603174603,-0.20222260812739515,-0.18502464912060437,-0.00937504481592313,True
1903,0.746031746031746,0.4603174603174603,-0.19198077356316584,-0.19488943277864187,-0.007526047022566809,True
1904,0.7619047619047619,0.4603174603174603,-0.18031359850571912,-0.20255296053859823,-0.0057871315658444555,True
1905,0.7777777777777777,0.4603174603174603,-0.16734318520332536,-0.2077026714001889,-0.0042094830479568884,True
1906,0.7936507936507936,0.4603174603174603,-0.15323675588241145,-0.2099607244602002,-0.0028708306449640943,True
1907,0.8095238095238095,0.4603174603174603,-0.13815125520143953,-0.20921621265368137,-0.0017884213639724515,True
1908,0.8253968253968254,0.4603174603174603,-0.12237404262308275,-0.20532912052796323,-0.00099607842387599,True
1909,0.8412698412698412,0.4603174603174603,-0.10621318509560815,-0.19815371750663405,-0.000548409946426014,True
1910,0.8571428571428571,0.4603174603174603,-0.08994124207402834,-0.18777843368807284,-0.0004217033557254596,True
1911,0.873015873015873,0.4603174603174603,-0.0739990459528268,-0.17431284075714457,-0.000639199913389137,True
1912,0.8888888888888888,0.4603174603174603,-0.058709575834114534,-0.15795019068807561,-0.001178980764107141,True
1913,0.9047619047619047,0.4603174603174603,-0.044536215249269706,-0.13909418914895824,-0.0020211903311985824,True
1914,0.9206349206349206,0.4603174603174603,-0.03180299384275516,-0.11812246293134793,-0.0031274229996456804,True
1915,0.9365079365079365,0.4603174603174603,-0.02083297974123729,-0.095496088258607,-0.004458041352668545,True
1916,0.9523809523809523,0.4603174603174603,-0.01195229025319679,-0.07178676045685398,-0.0059673183513002616,True
1917,0.9682539682539681,0.4603174603174603,-0.005413430428449536,-0.04761801406505751,-0.007607189839354786,True
1918,0.9841269841269841,0.4603174603174603,-0.001381595635349694,-0.02346192656360649,-0.009344957699345973,True
1919,1.0,0.4603174603174603,5.283390379515052e-07,2.8296648208391376e-05,-0.011002190131134985,True
1920,0.0,0.47619047619047616,3.408065735590493e-08,1.0992643315812717e-05,-0.010996818795892153,True
1921,0.015873015873015872,0.47619047619047616,-0.0007239087226058369,0.025996268000812194,-0.011846812814746296,True
1922,0.031746031746031744,0.47619047619047616,-0.0027587795550777588,0.049255463255827685,-0.01266331763803253,True
1923,0.047619047619047616,0.47619047619047616,-0.0059427870170456615,0.06991306421372455,-0.01338085876181847,True
1924,0.06349206349206349,0.47619047619047616,-0.010116048895604331,0.08807259793997789,-0.01401055502633263,True
1925,0.07936507936507936,0.47619047619047616,-0.015141730946689637,0.1038684351746817,-0.014577249001789867,True
1926,0.09523809523809523,0.47619047619047616,-0.02088495214026646,0.11747285533323058,-0.015094798277099057,True
1927,0.1111111111111111,0.47619047619047616,-0.0272284046880223,0.1290294269499255,-0.01558461742301258,True
1928,0.12698412698412698,0.47619047619047616,-0.03406563682861367,0.13869560499469433,-0.01605550789586482,True
1929,0.14285714285714285,0.47619047619047616,-0.04129573989378376,0.14668009550962563,-0.016525054308171486,True
1930,0.15873015873015872,0.47619047619047616,-0.04884501049174903,0.1530759432707364,-0.017002995603812715,True
1931,0.1746031746031746,0.47619047619047616,-0.05663656495506605,0.15805724044043895,-0.01749945881254698,True
1932,0.19047619047619047,0.47619047619047616,-0.06460559448884035,0.1617019618541086,-0.018025776605054698,True
1933,0.20634920634920634,0.47619047619047616,-0.07270170268944148,0.16416714238699465,-0.018582244353927503,True
1934,0.2222222222222222,0.47619047619047616,-0.08087866358632435,0.16551641062616818,-0.01917471672149903,True
1935,0.23809523809523808,0.47619047619047616,-0.0891062402413111,0.16584051382295387,-0.019802189639306817,True
1936,0.25396825396825395,0.47619047619047616,-0.09735037664950308,0.1652143920395973,-0.02046627694054711,True
1937,0.2698412698412698,0.47619047619047616,-0.10556180840299076,0.16364926010861455,-0.021172109298717146,True
1938,0.2857142857142857,0.47619047619047616,-0.11375747331671897,0.16122079009040352,-0.0219012312249869,True
1939,0.30158730158730157,0.47619047619047616,-0.12189125869163263,0.1579415162478505,-0.02266274317234097,True
1940,0.31746031746031744,0.47619047619047616,-0.12996709903901707,0.15383535596015052,-0.023437286785874,True
1941,0.3333333333333333,0.47619047619047616,-0.13794454033092382,0.1488955454346418,-0.024230353164860382,True
1942,0.3492063492063492,0.47619047619047616,-0.14582379586012445,0.14313374614033347,-0.025025855839551567,True
1943,0.36507936507936506,0.47619047619047616,-0.153575222638379,0.13653819881699883,-0.025816811915426115,True
1944,0.38095238095238093,0.47619047619047616,-0.1612144248767946,0.12912996754956788,-0.026583269091708866,True
1945,0.3968253968253968,0.47619047619047616,-0.16869292754760645,0.12087548503369692,-0.02732112153849098,True
1946,0.4126984126984127,0.47619047619047616,-0.1759893541337859,0.11177127106699412,-0.028009505301080363,True
1947,0.42857142857142855,0.47619047619047616,-0.1830978272608612,0.10180653405590727,-0.028645837141550792,True
1948,0.4444444444444444,0.47619047619047616,-0.18999764281793216,0.09100071322381859,-0.029196504735602532,True
1949,0.4603174603174603,0.47619047619047616,-0.196638559250343,0.07934434363802136,-0.02964976248315222,True
1950,0.47619047619047616,0.47619047619047616,-0.2029566226190746,0.06679211406659853,-0.030000006503635837,True
1951,0.49206349206349204,0.47619047619047616,-0.20898925281495748,0.05345922333796073,-0.03020978625702945,True
1952,0.5079365079365079,0.47619047619047616,-0.21461784389012076,0.03926910910011852,-0.030279928046547885,True
1953,0.5238095238095237,0.47619047619047616,-0.21980399990287497,0.02429454945155012,-0.030184583160991166,True
1954,0.5396825396825397,0.47619047619047616,-0.2244963074594467,0.008569466664397835,-0.029909351705698736,True
1955,0.5555555555555556,0.47619047619047616,-0.2286016835023892,-0.007853551954677471,-0.02944417148177735,True
1956,0.5714285714285714,0.47619047619047616,-0.23203733465383583,-0.02485485837902524,-0.02877339010941107,True
1957,0.5873015873015872,0.47619047619047616,-0.23478767665134953,-0.04241340547027252,-0.027896520474181334,True
1958,0.6031746031746031,0.47619047619047616,-0.2366906396235781,-0.06035345630871255,-0.026804348655380044,True
1959,0.6190476190476191,0.47619047619047616,-0.23760510649646083,-0.07847334120682446,-0.025505182386375193,True
1960,0.6349206349206349,0.47619047619047616,-0.23756180495699908,-0.09679318300921605,-0.023994889689479916,True
1961,0.6507936507936507,0.47619047619047616,-0.23636256220435198,-0.11489141915725655,-0.022297634223816865,True
1962,0.6666666666666666,0.47619047619047616,-0.2338732010752643,-0.13263442343222184,-0.020435571509445447,True
1963,0.6825396825396826,0.47619047619047616,-0.2301190224739184,-0.14981746874784946,-0.01842136699254247,True
1964,0.6984126984126984,0.47619047619047616,-0.22484665143048943,-0.16596525512018923,-0.01631863645440739,True
1965,0.7142857142857142,0.47619047619047616,-0.2180834071700155,-0.1809220245006619,-0.014148382275051259,True
1966,0.7301587301587301,0.47619047619047616,-0.20979693793191795,-0.19423231622030146,-0.011975095011354481,True
1967,0.746031746031746,0.47619047619047616,-0.19995895121579463,-0.20569856136584844,-0.009827983089076196,True
1968,0.7619047619047619,0.47619047619047616,-0.18857548238536062,-0.2148204484770308,-0.007790263184823535,True
1969,0.7777777777777777,0.47619047619047616,-0.1757328054265746,-0.22117331831003742,-0.005940864791496269,True
1970,0.7936507936507936,0.47619047619047616,-0.16156640530409666,-0.22466894447030866,-0.0042853529035891316,True
1971,0.8095238095238095,0.47619047619047616,-0.1462565199538024,-0.2248681823262351,-0.002917117911728906,True
1972,0.8253968253968254,0.47619047619047616,-0.13008475964470012,-0.22157928520900547,-0.0018834433428281847,True
1973,0.8412698412698412,0.47619047619047616,-0.11329991598276187,-0.21477610891415316,-0.0011800770916225846,True
1974,0.8571428571428571,0.47619047619047616,-0.09634849295360404,-0.20434802898109208,-0.0008795147776728498,True
1975,0.873015873015873,0.47619047619047616,-0.07952414492538425,-0.1904135437031758,-0.000950045574978688,True
1976,0.8888888888888888,0.47619047619047616,-0.06337791429801214,-0.17325158670128443,-0.0014058581468375272,True
1977,0.9047619047619047,0.47619047619047616,-0.04822553675338528,-0.15311510737758016,-0.002205839426617065,True
1978,0.9206349206349206,0.47619047619047616,-0.0345220988106366,-0.13045871174135354,-0.003319824379724492,True
1979,0.9365079365079365,0.47619047619047616,-0.02268935437432934,-0.10584581637495559,-0.004701976825869371,True
1980,0.9523809523809523,0.47619047619047616,-0.013056079509945735,-0.07985977535282145,-0.006301659649388263,True
1981,0.9682539682539681,0.47619047619047616,-0.005918939010998449,-0.05311208497802355,-0.00806890665470849,True
1982,0.9841269841269841,0.47619047619047616,-0.0015133622210395754,-0.026298041249219445,-0.009955715913959544,True
1983,1.0,0.47619047619047616,-3.46851113425321e-07,-3.349730014345129e-06,-0.0117709870302709,True
1984,0.0,0.49206349206349204,5.0287569332974175e-08,-1.7144928583857628e-05,-0.012897798892794538,True
1985,0.015873015873015872,0.49206349206349204,-0.0007170145245979529,0.02738465304332431,-0.013741983812067485,True
1986,0.031746031746031744,0.49206349206349204,-0.002724931770236498,0.05190801810919211,-0.014547818067625286,True
1987,0.047619047619047616,0.49206349206349204,-0.005874371777943222,0.07359813460939774,-0.015260434814885131,True
1988,0.06349206349206349,0.49206349206349204,-0.01000516053306545,0.09268024898701001,-0.015890152869611766,True
1989,0.07936507936507936,0.49206349206349204,-0.01498167343201922,0.10925138240792595,-0.016459657828600822,True
1990,0.09523809523809523,0.49206349206349204,-0.02067081042265286,0.12348496157687011,-0.01698583681673905,True
1991,0.1111111111111111,0.49206349206349204,-0.026948069114248956,0.13560227230261665,-0.01747868115595819,True
1992,0.12698412698412698,0.49206349206349204,-0.03371078417584944,0.14574004788550568,-0.0179635803897516,True
1993,0.14285714285714285,0.49206349206349204,-0.040862618554896396,0.1540446160546297,-0.018453078305246628,True
1994,0.15873015873015872,0.49206349206349204,-0.04832355379447789,0.16072410755122968,-0.018951982869828174,True
1995,0.1746031746031746,0.49206349206349204,-0.056016801198643044,0.16589326044530672,-0.019477235680631057,True
1996,0.19047619047619047,0.49206349206349204,-0.06387177910197861,0.16969469143185925,-0.020036910087391845,True
1997,0.20634920634920634,0.49206349206349204,-0.07186571716711551,0.17226858719601637,-0.020626552436423796,True
1998,0.2222222222222222,0.49206349206349204,-0.07991133703074191,0.17366345943643188,-0.021266020548140634,True
1999,0.23809523809523808,0.49206349206349204,-0.08800882962769101,0.17401931323216355,-0.02194327048230585,True
2000,0.25396825396825395,0.49206349206349204,-0.0961080457571747,0.17337899342198995,-0.022665794451964198,True
2001,0.2698412698412698,0.49206349206349204,-0.1041989452177444,0.17179991048636106,-0.023426775335942215,True
2002,0.2857142857142857,0.49206349206349204,-0.11224779916812383,0.16932159714837716,-0.024227438926118235,True
2003,0.30158730158730157,0.49206349206349204,-0.12024804734725573,0.16598178755139498,-0.025060744748313872,True
2004,0.31746031746031744,0.49206349206349204,-0.12818903891601896,0.16180654412210418,-0.02592300022019573,True
2005,0.3333333333333333,0.49206349206349204,-0.1360271693750126,0.15676166992919238,-0.026804208104001196,True
2006,0.3492063492063492,0.49206349206349204,-0.14379431723784933,0.15090536706212507,-0.02769495659594273,True
2007,0.36507936507936506,0.49206349206349204,-0.15145511094888064,0.14420299396919975,-0.02858484122980739,True
2008,0.38095238095238093,0.49206349206349204,-0.15898901386992875,0.13664707754834296,-0.029455096769958094,True
2009,0.3968253968253968,0.49206349206349204,-0.1663950415049082,0.12822949699847971,-0.03031379966380796,True
2010,0.4126984126984127,0.49206349206349204,-0.17369424081068385,0.11898349759411976,-0.03111139920120926,True
2011,0.42857142857142855,0.49206349206349204,-0.1807991974066907,0.10884095112097192,-0.031854421636266096,True
2012,0.4444444444444444,0.49206349206349204,-0.18770876575921916,0.09780882469368873,-0.032520384828587115,True
2013,0.4603174603174603,0.49206349206349204,-0.19442873558926335,0.08587792438406822,-0.03310244404580199,True
2014,0.47619047619047616,0.49206349206349204,-0.2009116569399816,0.07308235310532961,-0.03355838540714846,True
2015,0.49206349206349204,0.49206349206349204,-0.2070926205288107,0.05938580299669587,-0.03388405941148438,True
2016,0.5079365079365079,0.49206349206349204,-0.21294480825904358,0.0448173864075006,-0.03405729235920696,True
2017,0.5238095238095237,0.49206349206349204,-0.2184208327083466,0.02940457061096297,-0.03405426408181688,True
2018,0.5396825396825397,0.49206349206349204,-0.22343572662039926,0.01316243556067351,-0.033861017976315216,True
2019,0.5555555555555556,0.49206349206349204,-0.2279588874929285,-0.003832079238204276,-0.03345995874981574,True
2020,0.5714285714285714,0.49206349206349204,-0.2318791797937561,-0.021488012611374785,-0.03283574375493211,True
2021,0.5873015873015872,0.49206349206349204,-0.23508987895868272,-0.03975497905224672,-0.031981356334496884,True
2022,0.6031746031746031,0.49206349206349204,-0.23765019871073037,-0.058575497601211626,-0.03088843755179402,True
2023,0.6190476190476191,0.49206349206349204,-0.2392381457995729,-0.07771998760926463,-0.029556128161334325,True
2024,0.6349206349206349,0.49206349206349204,-0.23986010725058857,-0.09706186429143945,-0.027986965342524033,True
2025,0.6507936507936507,0.49206349206349204,-0.23940798812198996,-0.11632854128871252,-0.026196343269546715,True
2026,0.6666666666666666,0.49206349206349204,-0.23766689577167835,-0.13535832356991942,-0.02420157909617708,True
2027,0.6825396825396826,0.49206349206349204,-0.234598221699213,-0.15384408080848164,-0.022032534997906583,True
2028,0.6984126984126984,0.49206349206349204,-0.23017534297026282,-0.17162328639635863,-0.01970534662196284,True
2029,0.7142857142857142,0.49206349206349204,-0.2240765095502892,-0.18807015495660773,-0.01730385551650283,True
2030,0.7301587301587301,0.49206349206349204,-0.21649736515099782,-0.20313995846863675,-0.014832587496453121,True
2031,0.746031746031746,0.49206349206349204,-0.20716888574115938,-0.21609446903451004,-0.012409299569546858,True
2032,0.7619047619047619,0.49206349206349204,-0.19618834173689842,-0.2267039092562085,-0.010070735293776582,True
2033,0.7777777777777777,0.49206349206349204,-0.18364455551973738,-0.23472579265589477,-0.007850069025623204,True
2034,0.7936507936507936,0.49206349206349204,-0.16957558689283536,-0.23946194331569534,-0.005886706050697298,True
2035,0.8095238095238095,0.49206349206349204,-0.154185033546308,-0.24076224959622833,-0.004202457868097288,True
2036,0.8253968253968254,0.49206349206349204,-0.13770592830953618,-0.2383381091646653,-0.0028562152391028222,True
2037,0.8412698412698412,0.49206349206349204,-0.12050025901478155,-0.23199170938847896,-0.001911826000278542,True
2038,0.8571428571428571,0.49206349206349204,-0.10285409639009477,-0.2216831952452277,-0.0013680150338470096,True
2039,0.873015873015873,0.49206349206349204,-0.08529946974613309,-0.20744822511621305,-0.0012774614231973469,True
2040,0.8888888888888888,0.49206349206349204,-0.0681731516968493,-0.18944494699916084,-0.0016000871309860517,True
2041,0.9047619047619047,0.49206349206349204,-0.05205798701437919,-0.16806258191450502,-0.002335657306547482,True
2042,0.9206349206349206,0.49206349206349204,-0.037410799999539564,-0.1437564462510014,-0.0034409535137520653,True
2043,0.9365079365079365,0.49206349206349204,-0.02467368793314317,-0.117075138296946,-0.0048637675157252504,True
2044,0.9523809523809523,0.49206349206349204,-0.014253002925176209,-0.0886658742768996,-0.0065493179006889226,True
2045,0.9682539682539681,0.49206349206349204,-0.006481647348377907,-0.059196700466357575,-0.008443659054352714,True
2046,0.9841269841269841,0.49206349206349204,-0.0016577310829852777,-0.029384383105121124,-0.010494716621557853,True
2047,1.0,0.49206349206349204,-6.627491214096447e-08,-1.887262242914804e-05,-0.012480294515249873,True
2048,0.0,0.5079365079365079,-1.0703472538219739e-07,1.789237258421602e-05,-0.0149184744779622,True
2049,0.015873015873015872,0.5079365079365079,-0.0007034165038908652,0.028765754964846218,-0.01574632392190928,True
2050,0.031746031746031744,0.5079365079365079,-0.0026848210593739324,0.054470543344660505,-0.016545322835841685,True
2051,0.047619047619047616,0.5079365079365079,-0.0057894616907569404,0.0772619625931211,-0.01725188161777017,True
2052,0.06349206349206349,0.5079365079365079,-0.009871196190738308,0.09721496185194131,-0.017882957582148685,True
2053,0.07936507936507936,0.5079365079365079,-0.014780113500277728,0.11457107382403346,-0.01845058121692251,True
2054,0.09523809523809523,0.5079365079365079,-0.02039257096739742,0.1294724936294905,-0.018977614064858452,True
2055,0.1111111111111111,0.5079365079365079,-0.02658666662093776,0.14211099258508145,-0.01948196749676563,True
2056,0.12698412698412698,0.5079365079365079,-0.0332578003232363,0.1526558382236594,-0.019978338623794972,True
2057,0.14285714285714285,0.5079365079365079,-0.04030744695522929,0.16131616234173068,-0.020479316180015975,True
2058,0.15873015873015872,0.5079365079365079,-0.047649258662209766,0.16823677822485827,-0.02100139126058837,True
2059,0.1746031746031746,0.5079365079365079,-0.05520317295463566,0.17361049060300454,-0.02155185475113594,True
2060,0.19047619047619047,0.5079365079365079,-0.06292571714158197,0.17756176609160518,-0.02213676403273162,True
2061,0.20634920634920634,0.5079365079365079,-0.07074778549579741,0.18019755958093364,-0.02276849403272511,True
2062,0.2222222222222222,0.5079365079365079,-0.0786381117725715,0.1816676552016185,-0.023443996433551453,True
2063,0.23809523809523808,0.5079365079365079,-0.08655714528898166,0.18203350246014602,-0.024170245734812097,True
2064,0.25396825396825395,0.5079365079365079,-0.09447170740371877,0.18138254018461428,-0.02494622167701159,True
2065,0.2698412698412698,0.5079365079365079,-0.1023666010079246,0.17978207869221183,-0.025770519509434944,True
2066,0.2857142857142857,0.5079365079365079,-0.11021630315924325,0.17725812786901646,-0.026641696505949303,True
2067,0.30158730158730157,0.5079365079365079,-0.11802014603812765,0.1738595257550883,-0.02755099403052332,True
2068,0.31746031746031744,0.5079365079365079,-0.12574050068479406,0.169584615754587,-0.028497752525606105,True
2069,0.3333333333333333,0.5079365079365079,-0.13341496011445086,0.1644945737987262,-0.02946841001817272,True
2070,0.3492063492063492,0.5079365079365079,-0.1409872175979403,0.1585260256593727,-0.03045373544259388,True
2071,0.36507936507936506,0.5079365079365079,-0.14846986526106662,0.15172234479146013,-0.03145090168504018,True
2072,0.38095238095238093,0.5079365079365079,-0.15586655244959485,0.14406647756252725,-0.032432611479996175,True
2073,0.3968253968253968,0.5079365079365079,-0.16315350951507507,0.13553769532805976,-0.0333992600997389,True
2074,0.4126984126984127,0.5079365079365079,-0.17033837680466687,0.1261412716139956,-0.034319751053673256,True
2075,0.42857142857142855,0.5079365079365079,-0.17736425726180005,0.11582683246378248,-0.03519322959791345,True
2076,0.4444444444444444,0.5079365079365079,-0.18423768576948926,0.1046056633474448,-0.03598981839022837,True
2077,0.4603174603174603,0.5079365079365079,-0.19097764061169825,0.09249661953760814,-0.036685122457216626,True
2078,0.47619047619047616,0.5079365079365079,-0.19750371200949365,0.0794563769324474,-0.0372644903134305,True
2079,0.49206349206349204,0.5079365079365079,-0.20379121105234532,0.06548315152371463,-0.037710517960169936,True
2080,0.5079365079365079,0.5079365079365079,-0.20980807406453833,0.050592284432979064,-0.037998019530758174,True
2081,0.5238095238095237,0.5079365079365079,-0.2154884785228124,0.034786142016246496,-0.038102470771577204,True
2082,0.5396825396825397,0.5079365079365079,-0.22081380989644908,0.018112649887609564,-0.0380035605415606,True
2083,0.5555555555555556,0.5079365079365079,-0.22570677824400062,0.0006292251901994668,-0.03767872170316832,True
2084,0.5714285714285714,0.5079365079365079,-0.23006006383404057,-0.017668891975944002,-0.03711891724138856,True
2085,0.5873015873015872,0.5079365079365079,-0.23380621196024515,-0.03662390739992152,-0.03630190037377924,True
2086,0.6031746031746031,0.5079365079365079,-0.23686421727668822,-0.05617530737098497,-0.03522587804890323,True
2087,0.6190476190476191,0.5079365079365079,-0.23913811997202714,-0.0762354131024999,-0.03387751609535699,True
2088,0.6349206349206349,0.5079365079365079,-0.24049955823206673,-0.09655546573974168,-0.03226155862452219,True
2089,0.6507936507936507,0.5079365079365079,-0.2407097205630566,-0.116956327481308,-0.030390170821691813,True
2090,0.6666666666666666,0.5079365079365079,-0.2399356741619299,-0.13737848194083632,-0.028260144634103354,True
2091,0.6825396825396826,0.5079365079365079,-0.23771833402164452,-0.15725702980999642,-0.025925942853655404,True
2092,0.6984126984126984,0.5079365079365079,-0.23402401591984728,-0.17641739613689358,-0.023411452810339014,True
2093,0.7142857142857142,0.5079365079365079,-0.2288202075095939,-0.1944995327390135,-0.020762206769097197,True
2094,0.7301587301587301,0.5079365079365079,-0.2219236193327277,-0.21107753635587673,-0.01803862120768806,True
2095,0.746031746031746,0.5079365079365079,-0.21338969393136206,-0.22590571162841486,-0.015274387584276568,True
2096,0.7619047619047619,0.5079365079365079,-0.2030165182765024,-0.2383338274897749,-0.012572219883535247,True
2097,0.7777777777777777,0.5079365079365079,-0.19087140669127078,-0.24778686919973014,-0.010041643595877467,True
2098,0.7936507936507936,0.5079365079365079,-0.1770939834966175,-0.25414867003613606,-0.0076882712378158035,True
2099,0.8095238095238095,0.5079365079365079,-0.16175939492511146,-0.25678853792807105,-0.005635302515795842,True
2100,0.8253968253968254,0.5079365079365079,-0.14518099403764834,-0.25541612297100974,-0.003953352793728226,True
2101,0.8412698412698412,0.5079365079365079,-0.12757801471343191,-0.24975149828983237,-0.002690940899919013,True
2102,0.8571428571428571,0.5079365079365079,-0.10941634161199541,-0.23968501344751583,-0.0019022632961510238,True
2103,0.873015873015873,0.5079365079365079,-0.09106349312094884,-0.22524680196136646,-0.001575544365432836,True
2104,0.8888888888888888,0.5079365079365079,-0.07314356015219876,-0.2066136315165244,-0.0017579647547238638,True
2105,0.9047619047619047,0.5079365079365079,-0.056078608316959724,-0.18403457179533456,-0.0024003353107505078,True
2106,0.9206349206349206,0.5079365079365079,-0.040453380611408775,-0.15802579550904777,-0.003473639293403178,True
2107,0.9365079365079365,0.5079365079365079,-0.02676287946583744,-0.12916697363121796,-0.004927508243082757,True
2108,0.9523809523809523,0.5079365079365079,-0.015499882215535258,-0.09816363757230974,-0.006697448596709648,True
2109,0.9682539682539681,0.5079365079365079,-0.007077348055132839,-0.06579711904342711,-0.008717535363496348,True
2110,0.9841269841269841,0.5079365079365079,-0.0018266337203212625,-0.03286973044416318,-0.010929466340983433,True
2111,1.0,0.5079365079365079,2.2873470763965105e-07,2.3428441053970757e-05,-0.013105626700529964,True
2112,0.0,0.5238095238095237,2.308460747526011e-07,-1.4482119745973823e-05,-0.01704912891105322,True
2113,0.015873015873015872,0.5238095238095237,-0.000691001047958723,0.030120994702487785,-0.017864073403991064,True
2114,0.031746031746031744,0.5238095238095237,-0.0026410617449143386,0.05703147459390655,-0.0186542770860292,True
2115,0.047619047619047616,0.5238095238095237,-0.005697791063653973,0.08080360735347342,-0.019352276820531988,True
2116,0.06349206349206349,0.5238095238095237,-0.009712145265053089,0.10169902239243589,-0.019977122252235982,True
2117,0.07936507936507936,0.5238095238095237,-0.01454742871848972,0.11980937422099279,-0.020545801235963612,True
2118,0.09523809523809523,0.5238095238095237,-0.02007205522268238,0.13534204755891077,-0.021076199777225683,True
2119,0.1111111111111111,0.5238095238095237,-0.02616906558929201,0.1484778164918014,-0.02158622585423547,True
2120,0.12698412698412698,0.5238095238095237,-0.03271781867505947,0.15946984790722987,-0.02209021363627497,True
2121,0.14285714285714285,0.5238095238095237,-0.03962678788846776,0.16846398882410546,-0.022605312269189853,True
2122,0.15873015873015872,0.5238095238095237,-0.046821136354837395,0.1756410247960834,-0.02314259911372343,True
2123,0.1746031746031746,0.5238095238095237,-0.05422814400358137,0.18118547720606878,-0.023711444099437373,True
2124,0.19047619047619047,0.5238095238095237,-0.06176417645195996,0.1852423495113026,-0.024325881906568356,True
2125,0.20634920634920634,0.5238095238095237,-0.06938547134680323,0.18796101548087985,-0.024988598861133214,True
2126,0.2222222222222222,0.5238095238095237,-0.07706756347704022,0.18946935174290208,-0.025701875845977894,True
2127,0.23809523809523808,0.5238095238095237,-0.08473768294216061,0.18983744387473395,-0.026476983466662003,True
2128,0.25396825396825395,0.5238095238095237,-0.09242854949487818,0.18917777769859395,-0.027302303791403727,True
2129,0.2698412698412698,0.5238095238095237,-0.1000654909018438,0.1875238792362418,-0.028187497716294595,True
2130,0.2857142857142857,0.5238095238095237,-0.10766672359205266,0.1849503935175063,-0.02912316908931153,True
2131,0.30158730158730157,0.5238095238095237,-0.11519397848631388,0.18149139569386705,-0.030111676153749482,True
2132,0.31746031746031744,0.5238095238095237,-0.12267871524362704,0.17716934025377695,-0.03113631223868317,True
2133,0.3333333333333333,0.5238095238095237,-0.1300763799695283,0.17198033256576384,-0.03219761235369807,True
2134,0.3492063492063492,0.5238095238095237,-0.1374066512138825,0.16595308535857484,-0.03328461083398721,True
2135,0.36507936507936506,0.5238095238095237,-0.14465516948657745,0.15906082578872488,-0.03438257414270062,True
2136,0.38095238095238093,0.5238095238095237,-0.1518262214097691,0.15130449072735494,-0.03547427000300942,True
2137,0.3968253968253968,0.5238095238095237,-0.15890704485939566,0.14268012210284908,-0.03655911656970515,True
2138,0.4126984126984127,0.5238095238095237,-0.16588425040685095,0.13315844389103013,-0.03761250112353515,True
2139,0.42857142857142855,0.5238095238095237,-0.17277547027604198,0.12273525238008348,-0.038609275623996714,True
2140,0.4444444444444444,0.5238095238095237,-0.17955822551472286,0.11139617093017111,-0.03952800693938897,True
2141,0.4603174603174603,0.5238095238095237,-0.18620732255289718,0.09910559392250526,-0.04036148875779202,True
2142,0.47619047619047616,0.5238095238095237,-0.19270853814071526,0.08587220724292184,-0.041080775738405725,True
2143,0.49206349206349204,0.5238095238095237,-0.19902694856613148,0.07167786133654355,-0.041657456154729364,True
2144,0.5079365079365079,0.5238095238095237,-0.2051185892895265,0.05651022042478491,-0.04207285605683394,True
2145,0.5238095238095237,0.5238095238095237,-0.2109596682234617,0.04041620881283612,-0.04229164469543031,True
2146,0.5396825396825397,0.5238095238095237,-0.2165454456189826,0.023381692154568694,-0.0423026217521354,True
2147,0.5555555555555556,0.5238095238095237,-0.22170732682828073,0.0054246496799211265,-0.04207456652419544,True
2148,0.5714285714285714,0.5238095238095237,-0.22645995489321757,-0.0133758997428462,-0.04159119596164764,True
2149,0.5873015873015872,0.5238095238095237,-0.23070594750505496,-0.032935224504003706,-0.04083002726708403,True
2150,0.6031746031746031,0.5238095238095237,-0.23430152583467828,-0.053229580393564735,-0.039782221463807096,True
2151,0.6190476190476191,0.5238095238095237,-0.23720743644840253,-0.07406325531292256,-0.03843517651751019,True
2152,0.6349206349206349,0.5238095238095237,-0.23927533442465385,-0.09536878642994057,-0.03678490393245562,True
2153,0.6507936507936507,0.5238095238095237,-0.240341350075319,-0.11688197338045304,-0.034839883459038,True
2154,0.6666666666666666,0.5238095238095237,-0.24028490711965794,-0.1383502644806519,-0.03261713477117581,True
2155,0.6825396825396826,0.5238095238095237,-0.2390636076197188,-0.15968985438290315,-0.03012061158287425,True
2156,0.6984126984126984,0.5238095238095237,-0.23633480210551314,-0.1803591196881648,-0.027405105212908627,True
2157,0.7142857142857142,0.5238095238095237,-0.2320689837146796,-0.20008982646507417,-0.024508478574382483,True
2158,0.7301587301587301,0.5238095238095237,-0.22609364691009046,-0.2184430075643737,-0.021488381777308947,True
2159,0.746031746031746,0.5238095238095237,-0.21839205863598307,-0.23504415089729652,-0.018402687262522414,True
2160,0.7619047619047619,0.5238095238095237,-0.2087757789069392,-0.24920081559394677,-0.015363133429637495,True
2161,0.7777777777777777,0.5238095238095237,-0.1972868333525182,-0.2606095093005567,-0.012412791540517413,True
2162,0.7936507936507936,0.5238095238095237,-0.18394810895493935,-0.2685829308728537,-0.009684367858732982,True
2163,0.8095238095238095,0.5238095238095237,-0.16888384987532637,-0.2727266103431235,-0.007242010787122196,True
2164,0.8253968253968254,0.5238095238095237,-0.15231862045834554,-0.27261491628999435,-0.005173356792452401,True
2165,0.8412698412698412,0.5238095238095237,-0.1345195888186898,-0.26785668902058574,-0.003557750794186106,True
2166,0.8571428571428571,0.5238095238095237,-0.11591171997167929,-0.2582997915169719,-0.0024427481060439265,True
2167,0.873015873015873,0.5238095238095237,-0.0969745838303089,-0.24387957013131195,-0.0018724333372476067,True
2168,0.8888888888888888,0.5238095238095237,-0.07817270752202339,-0.2246293998228813,-0.0018422281009637966,True
2169,0.9047619047619047,0.5238095238095237,-0.0602113267821897,-0.20094903307421175,-0.002365971217271303,True
2170,0.9206349206349206,0.5238095238095237,-0.04360952159446942,-0.17326691112872247,-0.0033870265685928508,True
2171,0.9365079365079365,0.5238095238095237,-0.028956476364685436,-0.14215907677416206,-0.00485272348270229,True
2172,0.9523809523809523,0.5238095238095237,-0.016839881536001838,-0.10848433918757319,-0.006696790904445918,True
2173,0.9682539682539681,0.5238095238095237,-0.007704681013786759,-0.07296653718201264,-0.008850194740078485,True
2174,0.9841269841269841,0.5238095238095237,-0.0019872470815975062,-0.03648316765545661,-0.011242418485956108,True
2175,1.0,0.5238095238095237,-5.510403281557787e-07,-1.068889714367875e-05,-0.013609416339756004,True
2176,0.0,0.5396825396825397,-2.505027258491874e-07,7.3309806472964035e-06,-0.019287303164204468,True
2177,0.015873015873015872,0.5396825396825397,-0.0006801132278584451,0.03144348330957123,-0.020089307044081687,True
2178,0.031746031746031744,0.5396825396825397,-0.0025921623800204,0.059532343380847695,-0.02086471820024578,True
2179,0.047619047619047616,0.5396825396825397,-0.005592520565237167,0.08438360737431752,-0.021554462938583735,True
2180,0.06349206349206349,0.5396825396825397,-0.009538493597579242,0.10613113781346079,-0.022174288499192764,True
2181,0.07936507936507936,0.5396825396825397,-0.014290151287918794,0.12498274692147035,-0.022741047130264872,True
2182,0.09523809523809523,0.5396825396825397,-0.01971694720082752,0.14112160300049623,-0.02327224210257633,True
2183,0.1111111111111111,0.5396825396825397,-0.025689309930927367,0.15479363382567957,-0.023784093214057982,True
2184,0.12698412698412698,0.5396825396825397,-0.03211096837542838,0.16615136070534836,-0.0242940562972649,True
2185,0.14285714285714285,0.5396825396825397,-0.038877806846258446,0.1754331844156973,-0.024817059344222632,True
2186,0.15873015873015872,0.5396825396825397,-0.0458930444401435,0.18284072032770246,-0.025367101991250158,True
2187,0.1746031746031746,0.5396825396825397,-0.053080026636692014,0.18855480591903445,-0.025955433156419103,True
2188,0.19047619047619047,0.5396825396825397,-0.060396440166693106,0.1927175947795114,-0.026590661009017583,True
2189,0.20634920634920634,0.5396825396825397,-0.06779728319909341,0.1955192754277925,-0.02727654118007274,True
2190,0.2222222222222222,0.5396825396825397,-0.07520510489683316,0.1970165172314464,-0.028027791602307617,True
2191,0.23809523809523808,0.5396825396825397,-0.0826329663193085,0.19738774297693665,-0.028836631870558696,True
2192,0.25396825396825395,0.5396825396825397,-0.0900053215024687,0.19668950628854692,-0.029713963462815757,True
2193,0.2698412698412698,0.5396825396825397,-0.09732865391932075,0.19498978651047005,-0.030655590697079405,True
2194,0.2857142857142857,0.5396825396825397,-0.10461842959721643,0.192361647041438,-0.031653799593548956,True
2195,0.30158730158730157,0.5396825396825397,-0.11183233996745105,0.1888429296041082,-0.0327117906401033,True
2196,0.31746031746031744,0.5396825396825397,-0.1189831086030211,0.18445008537562232,-0.033818799256698256,True
2197,0.3333333333333333,0.5396825396825397,-0.1260382696736584,0.17917555278577144,-0.034970684695742306,True
2198,0.3492063492063492,0.5396825396825397,-0.1330528745151033,0.17308656025270094,-0.03615335323288859,True
2199,0.36507936507936506,0.5396825396825397,-0.13996786075202172,0.16611247694728204,-0.037360766923561745,True
2200,0.38095238095238093,0.5396825396825397,-0.1468101377975423,0.15827240335583287,-0.038576586739892685,True
2201,0.3968253968253968,0.5396825396825397,-0.15363303400651998,0.14958236585860962,-0.039771354054515796,True
2202,0.4126984126984127,0.5396825396825397,-0.1603586592253559,0.13998457779837087,-0.04095249177523246,True
2203,0.42857142857142855,0.5396825396825397,-0.16703309732812668,0.12947964785062172,-0.04207917313502181,True
2204,0.4444444444444444,0.5396825396825397,-0.17360041297103823,0.11802079262775948,-0.04314504540475608,True
2205,0.4603174603174603,0.5396825396825397,-0.18008961276360735,0.10561319934987486,-0.04411528460127208,True
2206,0.47619047619047616,0.5396825396825397,-0.18649504513877785,0.09225075100739602,-0.04497006733426918,True
2207,0.49206349206349204,0.5396825396825397,-0.19276503930526737,0.07789162591562186,-0.04568462914592484,True
2208,0.5079365079365079,0.5396825396825397,-0.19888277414414332,0.06253800877410057,-0.04623546286786507,True
2209,0.5238095238095237,0.5396825396825397,-0.20480956874916514,0.046191103122068713,-0.046581852195627695,True
2210,0.5396825396825397,0.5396825396825397,-0.21047971796880194,0.028854464082244815,-0.04670846060907339,True
2211,0.5555555555555556,0.5396825396825397,-0.2159139649893336,0.010565577832935217,-0.0465938594689233,True
2212,0.5714285714285714,0.5396825396825397,-0.22101442300931778,-0.008656393123169341,-0.04620362659573737,True
2213,0.5873015873015872,0.5396825396825397,-0.22564444613964185,-0.02875997747949928,-0.04551479034428767,True
2214,0.6031746031746031,0.5396825396825397,-0.22978049613927906,-0.049650499967143574,-0.04451473419314858,True
2215,0.6190476190476191,0.5396825396825397,-0.23327998304193395,-0.07124122432738939,-0.04318491716163096,True
2216,0.6349206349206349,0.5396825396825397,-0.23603142969199384,-0.0933677425401838,-0.041521961450821106,True
2217,0.6507936507936507,0.5396825396825397,-0.23793672678755187,-0.11587667998832663,-0.0395245533500712,True
2218,0.6666666666666666,0.5396825396825397,-0.2387843766038552,-0.1385538070906413,-0.03720085187581293,True
2219,0.6825396825396826,0.5396825396825397,-0.2383968350125535,-0.1610916848213853,-0.034573425615969954,True
2220,0.6984126984126984,0.5396825396825397,-0.2367903510896274,-0.18330302047293673,-0.03166426147831863,True
2221,0.7142857142857142,0.5396825396825397,-0.23355277348127712,-0.20467834691041314,-0.028522107981523822,True
2222,0.7301587301587301,0.5396825396825397,-0.2286549568495584,-0.22477704314252692,-0.025219115850358423,True
2223,0.746031746031746,0.5396825396825397,-0.22192191903439648,-0.24313950532221462,-0.021820550966810216,True
2224,0.7619047619047619,0.5396825396825397,-0.21328068121938698,-0.2593319836118891,-0.018388285880991357,True
2225,0.7777777777777777,0.5396825396825397,-0.20257526318015345,-0.272603708833469,-0.01504826943178418,True
2226,0.7936507936507936,0.5396825396825397,-0.189928184572786,-0.28253622956117735,-0.011876262392680005,True
2227,0.8095238095238095,0.5396825396825397,-0.1753290769758485,-0.28844228772981484,-0.008993346049533366,True
2228,0.8253968253968254,0.5396825396825397,-0.15897168547869536,-0.289828704133117,-0.0064899953807638164,True
2229,0.8412698412698412,0.5396825396825397,-0.1411633548987538,-0.2862218333383385,-0.004478601384431731,True
2230,0.8571428571428571,0.5396825396825397,-0.12228662777821775,-0.2774231723314489,-0.002995891258506893,True
2231,0.873015873015873,0.5396825396825397,-0.10279317336264934,-0.2631814249382538,-0.002109528166201222,True
2232,0.8888888888888888,0.5396825396825397,-0.08333199794463833,-0.24357406151542632,-0.0018645790821802005,True
2233,0.9047619047619047,0.5396825396825397,-0.06443708735682566,-0.21883499900263226,-0.0022154064373506614,True
2234,0.9206349206349206,0.5396825396825397,-0.04685017649049396,-0.1894446537022582,-0.003152711172251027,True
2235,0.9365079365079365,0.5396825396825397,-0.03126509325527173,-0.15615352863064658,-0.004614246689036694,True
2236,0.9523809523809523,0.5396825396825397,-0.018248706732967915,-0.11960228103159061,-0.0065205222293818164,True
2237,0.9682539682539681,0.5396825396825397,-0.008395183047045417,-0.08082477459282066,-0.008799832839918519,True
2238,0.9841269841269841,0.5396825396825397,-0.0021702622652863077,-0.04061898832106383,-0.011377599537089904,True
2239,1.0,0.5396825396825397,2.3647347965740344e-07,1.545191392022334e-05,-0.01396102149345067,True
2240,0.0,0.5555555555555556,6.032286552467132e-08,7.987450242789978e-06,-0.021626851801019246,True
2241,0.015873015873015872,0.5555555555555556,-0.0006657043200362907,0.032743644632407726,-0.02241133311752319,True
2242,0.031746031746031744,0.5555555555555556,-0.0025415334417939195,0.061979317449085795,-0.02317444494930151,True
2243,0.047619047619047616,0.5555555555555556,-0.005490414282189128,0.08782556061865869,-0.0238572102042163,True
2244,0.06349206349206349,0.5555555555555556,-0.00936862960813906,0.11043801100995555,-0.024472931969597274,True
2245,0.07936507936507936,0.5555555555555556,-0.014034493464389518,0.13000459103662013,-0.025036010718271638,True
2246,0.09523809523809523,0.5555555555555556,-0.01934754310876749,0.14678500885008805,-0.025562877301677493,True
2247,0.1111111111111111,0.5555555555555556,-0.025201007258438893,0.16090477741633932,-0.026075155384269497,True
2248,0.12698412698412698,0.5555555555555556,-0.03146489581212023,0.17266616306193916,-0.026586099378693818,True
2249,0.14285714285714285,0.5555555555555556,-0.038042123072609284,0.18226416188664696,-0.027111585474789146,True
2250,0.15873015873015872,0.5555555555555556,-0.044862136567705914,0.18985001718210887,-0.027669517621840757,True
2251,0.1746031746031746,0.5555555555555556,-0.05183617392998244,0.1957127924303289,-0.028265156267059253,True
2252,0.19047619047619047,0.5555555555555556,-0.05889831017024073,0.19995679179762849,-0.028915529048830886,True
2253,0.20634920634920634,0.5555555555555556,-0.06600817227468103,0.2027769104693857,-0.029624672248424473,True
2254,0.2222222222222222,0.5555555555555556,-0.07311200335739827,0.20427632819676958,-0.03040137863336023,True
2255,0.23809523809523808,0.5555555555555556,-0.08018171627115432,0.20462295147578885,-0.03124755651707486,True
2256,0.25396825396825395,0.5555555555555556,-0.0872293684519246,0.2038765423670341,-0.032163833680557224,True
2257,0.2698412698412698,0.5555555555555556,-0.09421276866140067,0.20212649284957085,-0.03315187387962396,True
2258,0.2857142857142857,0.5555555555555556,-0.10109389856877471,0.19942442023366835,-0.03421289884617597,True
2259,0.30158730158730157,0.5555555555555556,-0.10791096365804294,0.1958233038900653,-0.03533828370685529,True
2260,0.31746031746031744,0.5555555555555556,-0.11463740042592424,0.1913447024125792,-0.03652572000340087,True
2261,0.3333333333333333,0.5555555555555556,-0.12133193268130277,0.18603793619547881,-0.03775969111368962,True
2262,0.3492063492063492,0.5555555555555556,-0.1279262806433192,0.17984264848333836,-0.03903721700507177,True
2263,0.36507936507936506,0.5555555555555556,-0.13444449457419053,0.1728110816166964,-0.04034962097897917,True
2264,0.38095238095238093,0.5555555555555556,-0.14094997633979958,0.16494398520474665,-0.04167169882734638,True
2265,0.3968253968253968,0.5555555555555556,-0.14738186047342955,0.15616722961561103,-0.04298955265978988,True
2266,0.4126984126984127,0.5555555555555556,-0.15376254883629784,0.1465197690949679,-0.04429848996067938,True
2267,0.42857142857142855,0.5555555555555556,-0.16009191272917003,0.13594712082215762,-0.04556734163623706,True
2268,0.4444444444444444,0.5555555555555556,-0.16638980332337552,0.12443195156928069,-0.04676947283241965,True
2269,0.4603174603174603,0.5555555555555556,-0.172660488414522,0.11197115534124306,-0.04788358600884998,True
2270,0.47619047619047616,0.5555555555555556,-0.17883715174980497,0.09849336541171444,-0.048886969879321854,True
2271,0.49206349206349204,0.5555555555555556,-0.18497251830146924,0.08402936722418368,-0.04974420301447521,True
2272,0.5079365079365079,0.5555555555555556,-0.19101291458876635,0.06854564635000143,-0.05044545989663431,True
2273,0.5238095238095237,0.5555555555555556,-0.19693147370148537,0.05202203925279437,-0.05093505206281411,True
2274,0.5396825396825397,0.5555555555555556,-0.20272923835687093,0.034489657338712204,-0.051194574868512685,True
2275,0.5555555555555556,0.5555555555555556,-0.2082945171800733,0.015923333828677375,-0.05118977253407923,True
2276,0.5714285714285714,0.5555555555555556,-0.21359755454754378,-0.003664047192347826,-0.05090674179684777,True
2277,0.5873015873015872,0.5555555555555556,-0.2185935810706703,-0.0241520390436984,-0.050300354693084734,True
2278,0.6031746031746031,0.5555555555555556,-0.2232085539064662,-0.04555263822869252,-0.04936804252849497,True
2279,0.6190476190476191,0.5555555555555556,-0.22724059939442337,-0.06777852789556128,-0.048069594974358566,True
2280,0.6349206349206349,0.5555555555555556,-0.23068556502499996,-0.09063618389048765,-0.04641038709045178,True
2281,0.6507936507936507,0.5555555555555556,-0.23341447921558217,-0.11407756426622652,-0.04437853152983298,True
2282,0.6666666666666666,0.5555555555555556,-0.2351406592069397,-0.1378008230851496,-0.04197609931793343,True
2283,0.6825396825396826,0.5555555555555556,-0.23583744143776056,-0.16161666741836397,-0.03922187741224482,True
2284,0.6984126984126984,0.5555555555555556,-0.23515506656852814,-0.18513729379026742,-0.036142316719000415,True
2285,0.7142857142857142,0.5555555555555556,-0.23309230898720457,-0.2080853208939103,-0.0327766435143899,True
2286,0.7301587301587301,0.5555555555555556,-0.22936507087950533,-0.22994725772848573,-0.029192581516497586,True
2287,0.746031746031746,0.5555555555555556,-0.22381104933474935,-0.25026420990106013,-0.025450198126645392,True
2288,0.7619047619047619,0.5555555555555556,-0.21625128819453357,-0.2684534902359989,-0.02163225330122841,True
2289,0.7777777777777777,0.5555555555555556,-0.2066684552525884,-0.28392233081729906,-0.017852904798674855,True
2290,0.7936507936507936,0.5555555555555556,-0.1948340772746957,-0.2958218199296777,-0.014243839881690552,True
2291,0.8095238095238095,0.5555555555555556,-0.18092980627842623,-0.30371244563444155,-0.010885718378991839,True
2292,0.8253968253968254,0.5555555555555556,-0.16501052988750015,-0.30680538970610455,-0.007925068938368435,True
2293,0.8412698412698412,0.5555555555555556,-0.14738554332940076,-0.30469523794161435,-0.005441989551879159,True
2294,0.8571428571428571,0.5555555555555556,-0.12838736422215816,-0.2968371810051718,-0.0035515388134419444,True
2295,0.873015873015873,0.5555555555555556,-0.10853570784484749,-0.2830427100601517,-0.0023139515091021015,True
2296,0.8888888888888888,0.5555555555555556,-0.0884139343091978,-0.2632290134117507,-0.0017702293942373193,True
2297,0.9047619047619047,0.5555555555555556,-0.06873555083590525,-0.23763047694296777,-0.001923924860748182,True
2298,0.9206349206349206,0.5555555555555556,-0.05023701677747309,-0.20669208527011956,-0.002745004754875244,True
2299,0.9365079365079365,0.5555555555555556,-0.03362743659081375,-0.1709782365101965,-0.0041748941064840535,True
2300,0.9523809523809523,0.5555555555555556,-0.01970790037721635,-0.1315369643764214,-0.0061391563225480505,True
2301,0.9682539682539681,0.5555555555555556,-0.009079024014789487,-0.08914171169030427,-0.008546743805695513,True
2302,0.9841269841269841,0.5555555555555556,-0.0023600117824678227,-0.04500785365966809,-0.01130729090600856,True
2303,1.0,0.5555555555555556,3.5828560923376703e-07,-5.012769430829877e-05,-0.014108649806115682,True
2304,0.0,0.5714285714285714,-2.251800133010236e-08,-1.1083723799104904e-05,-0.02405826090024304,True
2305,0.015873015873015872,0.5714285714285714,-0.0006513748488032938,0.034032628810952946,-0.024828613812813764,True
2306,0.031746031746031744,0.5714285714285714,-0.002495137276545259,0.06440772056500316,-0.025582207062246284,True
2307,0.047619047619047616,0.5714285714285714,-0.005395485279283526,0.09123253822799196,-0.026258115887476976,True
2308,0.06349206349206349,0.5714285714285714,-0.009202779680019205,0.11469535034587729,-0.026866098562377733,True
2309,0.07936507936507936,0.5714285714285714,-0.013773630025040713,0.1350165988678203,-0.027422354760248988,True
2310,0.09523809523809523,0.5714285714285714,-0.018985167054134958,0.15232018368895944,-0.027945852857084983,True
2311,0.1111111111111111,0.5714285714285714,-0.024694569155258195,0.16693441457476602,-0.028451062673400394,True
2312,0.12698412698412698,0.5714285714285714,-0.030794083058768486,0.17904141228174864,-0.028957414730373204,True
2313,0.14285714285714285,0.5714285714285714,-0.03719462048934005,0.1888517403991105,-0.029482464877991936,True
2314,0.15873015873015872,0.5714285714285714,-0.04378288461957468,0.19663460077780173,-0.03003798320720116,True
2315,0.1746031746031746,0.5714285714285714,-0.05048589766823444,0.20260897251484347,-0.03063688396543159,True
2316,0.19047619047619047,0.5714285714285714,-0.05726059174944785,0.20689826297420025,-0.0312941111404887,True
2317,0.20634920634920634,0.5714285714285714,-0.06403320195776868,0.209713099806695,-0.03201635328719346,True
2318,0.2222222222222222,0.5714285714285714,-0.07080573436871894,0.2112087692934409,-0.03280938361149683,True
2319,0.23809523809523808,0.5714285714285714,-0.07751786541314237,0.2114837167888098,-0.033680344338173254,True
2320,0.25396825396825395,0.5714285714285714,-0.08412816953222112,0.2106736307699932,-0.03463242009172672,True
2321,0.2698412698412698,0.5714285714285714,-0.09065144804716116,0.20883170001475027,-0.0356661110341917,True
2322,0.2857142857142857,0.5714285714285714,-0.09711636697710134,0.20605690741409197,-0.03677568816980793,True
2323,0.30158730158730157,0.5714285714285714,-0.10347815971838029,0.20237503957194963,-0.03796217320930561,True
2324,0.31746031746031744,0.5714285714285714,-0.10976134998677071,0.19782045510860005,-0.0392161594055558,True
2325,0.3333333333333333,0.5714285714285714,-0.115938140880599,0.1924285991519552,-0.0405375777729763,True
2326,0.3492063492063492,0.5714285714285714,-0.12205963113982715,0.18616953436368683,-0.04190575614297025,True
2327,0.36507936507936506,0.5714285714285714,-0.12811839052057528,0.1791026283695963,-0.0433186941488184,True
2328,0.38095238095238093,0.5714285714285714,-0.13414080214194002,0.17117449510786095,-0.04475393494698885,True
2329,0.3968253968253968,0.5714285714285714,-0.14010547450285582,0.1623622011518939,-0.04619915197604062,True
2330,0.4126984126984127,0.5714285714285714,-0.14606787259600454,0.1526765869772366,-0.047630097525155506,True
2331,0.42857142857142855,0.5714285714285714,-0.15198684894257614,0.14206395280028655,-0.049031547659890325,True
2332,0.4444444444444444,0.5714285714285714,-0.15794702841056926,0.1305381938911288,-0.050370031267828005,True
2333,0.4603174603174603,0.5714285714285714,-0.16385342449202875,0.11803950586575743,-0.05163828253442678,True
2334,0.47619047619047616,0.5714285714285714,-0.16976785902938832,0.10453900235629467,-0.052789615583135725,True
2335,0.49206349206349204,0.5714285714285714,-0.17567830029199052,0.090028034955532,-0.053793983858231906,True
2336,0.5079365079365079,0.5714285714285714,-0.18153934406236574,0.07446144515288197,-0.05463179845135807,True
2337,0.5238095238095237,0.5714285714285714,-0.1873873136373073,0.05786715825480118,-0.05527343157952194,True
2338,0.5396825396825397,0.5714285714285714,-0.19314930714550554,0.04019388903615649,-0.05568003833102459,True
2339,0.5555555555555556,0.5714285714285714,-0.19877759040381443,0.021451687256539082,-0.055806438309196175,True
2340,0.5714285714285714,0.5714285714285714,-0.2042731129806473,0.0016374778757735514,-0.05564124770895049,True
2341,0.5873015873015872,0.5714285714285714,-0.2095371622513196,-0.019163113266902173,-0.055136668364053884,True
2342,0.6031746031746031,0.5714285714285714,-0.21450036028570177,-0.04100122910282649,-0.05427761665345965,True
2343,0.6190476190476191,0.5714285714285714,-0.21910560462524337,-0.06369168203541622,-0.05303794884627389,True
2344,0.6349206349206349,0.5714285714285714,-0.22312401206799148,-0.08719200564772044,-0.05139403699635947,True
2345,0.6507936507936507,0.5714285714285714,-0.2265867547200639,-0.11138699729789975,-0.049346061595327895,True
2346,0.6666666666666666,0.5714285714285714,-0.22921820382000793,-0.13605854318937388,-0.046884980461406565,True
2347,0.6825396825396826,0.5714285714285714,-0.230904153120255,-0.1609947240495694,-0.044023100535129776,True
2348,0.6984126984126984,0.5714285714285714,-0.23142238987765673,-0.1859079297424565,-0.04077597455196293,True
2349,0.7142857142857142,0.5714285714285714,-0.23056364555685407,-0.21035066000444871,-0.037204819717992096,True
2350,0.7301587301587301,0.5714285714285714,-0.22808002734018112,-0.23394010169107976,-0.03334167737685006,True
2351,0.746031746031746,0.5714285714285714,-0.22386075610889067,-0.2562288822166831,-0.02925518935922004,True
2352,0.7619047619047619,0.5714285714285714,-0.21755636915072216,-0.27639701760471264,-0.02507533613461759,True
2353,0.7777777777777777,0.5714285714285714,-0.20905883022391245,-0.2938796305475574,-0.02088244343575972,True
2354,0.7936507936507936,0.5714285714285714,-0.19847730011208126,-0.30824117194047185,-0.016759652021604364,True
2355,0.8095238095238095,0.5714285714285714,-0.18537890088946002,-0.3181272800717908,-0.012924367760277002,True
2356,0.8253968253968254,0.5714285714285714,-0.17023594733571268,-0.32339669722221803,-0.00942688389538591,True
2357,0.8412698412698412,0.5714285714285714,-0.15298836914086206,-0.3229386148062702,-0.0064511789183524905,True
2358,0.8571428571428571,0.5714285714285714,-0.13410254584473788,-0.31640429572896966,-0.0040811334586795195,True
2359,0.873015873015873,0.5714285714285714,-0.11405785096338768,-0.3033087523336111,-0.0024486248064781867,True
2360,0.8888888888888888,0.5714285714285714,-0.09344177743946831,-0.2835609106108196,-0.0015485045479483926,True
2361,0.9047619047619047,0.5714285714285714,-0.07305186105145749,-0.2572750828729487,-0.001453028678835791,True
2362,0.9206349206349206,0.5714285714285714,-0.05365385763455692,-0.2248248289348404,-0.0021173822022527433,True
2363,0.9365079365079365,0.5714285714285714,-0.036131772629125994,-0.186953945817234,-0.0034925346408581025,True
2364,0.9523809523809523,0.5714285714285714,-0.02124951414138273,-0.14435813779042378,-0.0054881396321423215,True
2365,0.9682539682539681,0.5714285714285714,-0.009850004382354805,-0.0983373532605876,-0.008011368626659732,True
2366,0.9841269841269841,0.5714285714285714,-0.0025719225299538806,-0.049809748397497876,-0.010965741998672429,True
2367,1.0,0.5714285714285714,-4.2303439085517217e-08,5.2241099166098134e-05,-0.014007784037949073,True
2368,0.0,0.5873015873015872,4.878344812070752e-09,1.2650004362148849e-05,-0.026579722098794688,True
2369,0.015873015873015872,0.5873015873015872,-0.0006417435857655716,0.03528350644551782,-0.027339176822141403,True
2370,0.031746031746031744,0.5873015873015872,-0.0024596110409029056,0.06676286230399286,-0.02808447411482264,True
2371,0.047619047619047616,0.5873015873015872,-0.005315313496789021,0.09458014419582235,-0.028752844731271206,True
2372,0.06349206349206349,0.5873015873015872,-0.009057433749881518,0.11889745452997756,-0.02935248975801083,True
2373,0.07936507936507936,0.5873015873015872,-0.01355447332899379,0.13984230903468228,-0.02990215490611057,True
2374,0.09523809523809523,0.5873015873015872,-0.018651974080156,0.15774149356408046,-0.03041587044693676,True
2375,0.1111111111111111,0.5873015873015872,-0.02422623914173904,0.1727743404044791,-0.030911396785394694,True
2376,0.12698412698412698,0.5873015873015872,-0.03016231126996286,0.1851831399461199,-0.031407736414693715,True
2377,0.14285714285714285,0.5873015873015872,-0.036333191446890345,0.19524308525341943,-0.031920045779886774,True
2378,0.15873015873015872,0.5873015873015872,-0.042675701269253186,0.2031852624766366,-0.03246445424600577,True
2379,0.1746031746031746,0.5873015873015872,-0.049103336934818546,0.209188332950926,-0.03305846063762812,True
2380,0.19047619047619047,0.5873015873015872,-0.05554419801175425,0.21351561694637455,-0.03371059098898906,True
2381,0.20634920634920634,0.5873015873015872,-0.0619743866078266,0.21630517718811643,-0.03443405927475274,True
2382,0.2222222222222222,0.5873015873015872,-0.06831508911200226,0.21773548505901957,-0.03523596089533019,True
2383,0.23809523809523808,0.5873015873015872,-0.07457810515509795,0.217929344946994,-0.036123323563831376,True
2384,0.25396825396825395,0.5873015873015872,-0.08074603305440366,0.21702104166565578,-0.03709809597127279,True
2385,0.2698412698412698,0.5873015873015872,-0.08681327651627817,0.21508965959500392,-0.038162440247088494,True
2386,0.2857142857142857,0.5873015873015872,-0.0927309327392338,0.2122017861482694,-0.03931749758685036,True
2387,0.30158730158730157,0.5873015873015872,-0.09855725694110988,0.2084211162939465,-0.04055742343851454,True
2388,0.31746031746031744,0.5873015873015872,-0.10427880550253743,0.2037860464549225,-0.04187895745090928,True
2389,0.3333333333333333,0.5873015873015872,-0.10990969807468144,0.1982881684681141,-0.04327151809902545,True
2390,0.3492063492063492,0.5873015873015872,-0.1154983517529724,0.19200925449321207,-0.04472667827765103,True
2391,0.36507936507936506,0.5873015873015872,-0.1210103852234441,0.1848533317006569,-0.046229436281891155,True
2392,0.38095238095238093,0.5873015873015872,-0.12648052999518522,0.17688250658264215,-0.04776941860864742,True
2393,0.3968253968253968,0.5873015873015872,-0.13191641387159594,0.16808169503239778,-0.04933515984169296,True
2394,0.4126984126984127,0.5873015873015872,-0.13733963184157338,0.1583720621168716,-0.050893354497726744,True
2395,0.42857142857142855,0.5873015873015872,-0.14280395653668926,0.14778977458832204,-0.052427900925017625,True
2396,0.4444444444444444,0.5873015873015872,-0.148274613289189,0.1362462935788447,-0.0539063193879751,True
2397,0.4603174603174603,0.5873015873015872,-0.15376865913162624,0.1237401293785773,-0.055310244590406184,True
2398,0.47619047619047616,0.5873015873015872,-0.15931423580655277,0.11027698421269597,-0.05661763277253839,True
2399,0.49206349206349204,0.5873015873015872,-0.16487309608589304,0.09577662081632189,-0.05779049892299185,True
2400,0.5079365079365079,0.5873015873015872,-0.1704657641890866,0.08020431673795479,-0.05878559087402709,True
2401,0.5238095238095237,0.5873015873015872,-0.17612303548062425,0.06358673930337841,-0.059574951290361805,True
2402,0.5396825396825397,0.5873015873015872,-0.18179200986495644,0.04587519236172237,-0.06012029547876117,True
2403,0.5555555555555556,0.5873015873015872,-0.1874043138950072,0.027037195284363463,-0.06038802297954191,True
2404,0.5714285714285714,0.5873015873015872,-0.1929680597647307,0.007099421784195341,-0.060339092230545274,True
2405,0.5873015873015872,0.5873015873015872,-0.19843986365164568,-0.013909851603814846,-0.05995556157688291,True
2406,0.6031746031746031,0.5873015873015872,-0.20368956983502798,-0.0360196028866253,-0.05918173536602234,True
2407,0.6190476190476191,0.5873015873015872,-0.20869752971946234,-0.05908930893643154,-0.05800444381026286,True
2408,0.6349206349206349,0.5873015873015872,-0.21336826016918395,-0.0831143029845056,-0.05640550464324134,True
2409,0.6507936507936507,0.5873015873015872,-0.21742830671110489,-0.1079188298047799,-0.0543469701371975,True
2410,0.6666666666666666,0.5873015873015872,-0.22103286835353161,-0.133451999324874,-0.05185063685849426,True
2411,0.6825396825396826,0.5873015873015872,-0.2236534433540614,-0.15933234889017267,-0.04890274621126397,True
2412,0.6984126984126984,0.5873015873015872,-0.22522220189985878,-0.18535692358859307,-0.045525522819845905,True
2413,0.7142857142857142,0.5873015873015872,-0.2256832086496338,-0.21129780430322667,-0.041746966275029385,True
2414,0.7301587301587301,0.5873015873015872,-0.22459595870295132,-0.2365988230223702,-0.037613513344715806,True
2415,0.746031746031746,0.5873015873015872,-0.2217420176926275,-0.2606711649994367,-0.03322734542352318,True
2416,0.7619047619047619,0.5873015873015872,-0.2169311783193382,-0.2830323627046348,-0.028639965243698735,True
2417,0.7777777777777777,0.5873015873015872,-0.2099219779170292,-0.30288760489839534,-0.023987273201452056,True
2418,0.7936507936507936,0.5873015873015872,-0.2004942517775381,-0.3193920341187381,-0.0193981111307361,True
2419,0.8095238095238095,0.5873015873015872,-0.1886658136679253,-0.3318028208505106,-0.015015036780782224,True
2420,0.8253968253968254,0.5873015873015872,-0.17444768800196092,-0.3393328922392097,-0.010961580268434534,True
2421,0.8412698412698412,0.5873015873015872,-0.1578438304294342,-0.34083340066330653,-0.007452245189153476,True
2422,0.8571428571428571,0.5873015873015872,-0.13932210564149725,-0.33594202109412874,-0.004565946569779716,True
2423,0.873015873015873,0.5873015873015872,-0.1192534444264179,-0.3239151573473494,-0.002432721625561408,True
2424,0.8888888888888888,0.5873015873015872,-0.09833602232950493,-0.30450405000847125,-0.0011691734645496435,True
2425,0.9047619047619047,0.5873015873015872,-0.07731639812894528,-0.27771518821646307,-0.0007664188822485773,True
2426,0.9206349206349206,0.5873015873015872,-0.057103238046772,-0.2438875256666615,-0.001229982518664966,True
2427,0.9365079365079365,0.5873015873015872,-0.03860081370815193,-0.20362585640763517,-0.002511976914644243,True
2428,0.9523809523809523,0.5873015873015872,-0.022853216162438246,-0.15810743101018157,-0.004522906240635671,True
2429,0.9682539682539681,0.5873015873015872,-0.010625451725768058,-0.10808946996990332,-0.007160051378280808,True
2430,0.9841269841269841,0.5873015873015872,-0.0027780623562206706,-0.05499468708215176,-0.010316339857541974,True
2431,1.0,0.5873015873015872,-5.161696871471739e-08,-6.211929567967575e-05,-0.013596487634828711,True
2432,0.0,0.6031746031746031,3.982600318234463e-08,-7.205822376777153e-06,-0.02918514963789359,True
2433,0.015873015873015872,0.6031746031746031,-0.0006369941703027268,0.03651857283349978,-0.029937905377317588,True
2434,0.031746031746031744,0.6031746031746031,-0.002435501110911081,0.06911189052011535,-0.030676734296786665,True
2435,0.047619047619047616,0.6031746031746031,-0.00525782825918553,0.0978698775646228,-0.03133819253553129,True
2436,0.06349206349206349,0.6031746031746031,-0.008958559912032718,0.12297498452480464,-0.03193282228908295,True
2437,0.07936507936507936,0.6031746031746031,-0.01337820311105459,0.14464512082059902,-0.03247166020228979,True
2438,0.09523809523809523,0.6031746031746031,-0.01837768407885617,0.16304703935330694,-0.03297152280379237,True
2439,0.1111111111111111,0.6031746031746031,-0.023817223918197683,0.17847005403600966,-0.03345044051621824,True
2440,0.12698412698412698,0.6031746031746031,-0.029567837587259872,0.1911816923118795,-0.03392562734404173,True
2441,0.14285714285714285,0.6031746031746031,-0.03553082538136725,0.2014063504816869,-0.03441781533284311,True
2442,0.15873015873015872,0.6031746031746031,-0.04160285482048121,0.2094300154675405,-0.034941752436337514,True
2443,0.1746031746031746,0.6031746031746031,-0.047716305074471436,0.21548083520750883,-0.03551567609669783,True
2444,0.19047619047619047,0.6031746031746031,-0.0538009443036238,0.21975968436563315,-0.03615282664119653,True
2445,0.20634920634920634,0.6031746031746031,-0.05979536533647033,0.22247984911619967,-0.03686410353086523,True
2446,0.2222222222222222,0.6031746031746031,-0.06571031619776044,0.22382071460299788,-0.03766141466247818,True
2447,0.23809523809523808,0.6031746031746031,-0.07148351071616031,0.22390031621482992,-0.03855124422334084,True
2448,0.25396825396825395,0.6031746031746031,-0.07711811535700401,0.22286388257784,-0.039538239174134605,True
2449,0.2698412698412698,0.6031746031746031,-0.08259187481090062,0.2207883616976415,-0.04062573876688513,True
2450,0.2857142857142857,0.6031746031746031,-0.0879665134996036,0.2177859887739944,-0.04181155337514481,True
2451,0.30158730158730157,0.6031746031746031,-0.09319445805300329,0.21389249756193127,-0.04309513300220896,True
2452,0.31746031746031744,0.6031746031746031,-0.09830305970984257,0.20915387594639387,-0.0444705579615208,True
2453,0.3333333333333333,0.6031746031746031,-0.10330902304601532,0.20358971613640894,-0.04593030055083257,True
2454,0.3492063492063492,0.6031746031746031,-0.10824425004415991,0.19721926851653312,-0.04746409447514526,True
2455,0.36507936507936506,0.6031746031746031,-0.11307895246748603,0.1900242201379902,-0.049063527398449894,True
2456,0.38095238095238093,0.6031746031746031,-0.11793577139211776,0.1820342103365333,-0.05070456366998692,True
2457,0.3968253968253968,0.6031746031746031,-0.12278434298229374,0.17320143862322918,-0.05237064773717823,True
2458,0.4126984126984127,0.6031746031746031,-0.12762120446543848,0.1635335173984605,-0.054053736640024504,True
2459,0.42857142857142855,0.6031746031746031,-0.1324939189545343,0.15296430617512052,-0.055716694665926714,True
2460,0.4444444444444444,0.6031746031746031,-0.13738929477567982,0.14146715022002776,-0.05734116531914795,True
2461,0.4603174603174603,0.6031746031746031,-0.14238343005168919,0.12903625039019692,-0.05889424641922863,True
2462,0.47619047619047616,0.6031746031746031,-0.147465031566371,0.11561046283474198,-0.06033840948459804,True
2463,0.49206349206349204,0.6031746031746031,-0.1526137260745539,0.10117862951481847,-0.061663443730655715,True
2464,0.5079365079365079,0.6031746031746031,-0.15788064368943633,0.08568650147641309,-0.06280672928950183,True
2465,0.5238095238095237,0.6031746031746031,-0.16324663018840124,0.06911502294321345,-0.06374954931014959,True
2466,0.5396825396825397,0.6031746031746031,-0.16866811752591057,0.051433100923049695,-0.06445088204750088,True
2467,0.5555555555555556,0.6031746031746031,-0.17417201255446443,0.03260725641617656,-0.0648624001042463,True
2468,0.5714285714285714,0.6031746031746031,-0.17972783490559427,0.012652808153597903,-0.06494913677291853,True
2469,0.5873015873015872,0.6031746031746031,-0.18524345356799518,-0.008468806376569916,-0.06466724963161434,True
2470,0.6031746031746031,0.6031746031746031,-0.19076988379824739,-0.030696354350329403,-0.06401304583010736,True
2471,0.6190476190476191,0.6031746031746031,-0.1960864112403478,-0.05402844028631617,-0.06290890110341468,True
2472,0.6349206349206349,0.6031746031746031,-0.20124182437859633,-0.07842693657003214,-0.06135547744305025,True
2473,0.6507936507936507,0.6031746031746031,-0.20602683743634145,-0.10372373974027008,-0.05932603645053143,True
2474,0.6666666666666666,0.6031746031746031,-0.21028198372150345,-0.12982811379862258,-0.05680152665059794,True
2475,0.6825396825396826,0.6031746031746031,-0.21395112938817376,-0.15661616645176818,-0.05378005456977871,True
2476,0.6984126984126984,0.6031746031746031,-0.21673362311328362,-0.18376472163145047,-0.0502772125551177,True
2477,0.7142857142857142,0.6031746031746031,-0.21837001445019577,-0.21094524949112192,-0.04631366917809013,True
2478,0.7301587301587301,0.6031746031746031,-0.2186339288041072,-0.23769997259962264,-0.041958102665831394,True
2479,0.746031746031746,0.6031746031746031,-0.21739827285071503,-0.26370853860979543,-0.037245636247871514,True
2480,0.7619047619047619,0.6031746031746031,-0.21407038081605487,-0.28804037180667674,-0.03228965531208967,True
2481,0.7777777777777777,0.6031746031746031,-0.20872681653554206,-0.310289740070249,-0.027173753350451333,True
2482,0.7936507936507936,0.6031746031746031,-0.20089972860711777,-0.3293235506159561,-0.02208307049975621,True
2483,0.8095238095238095,0.6031746031746031,-0.1904695802889909,-0.3442957074097529,-0.017138013860255243,True
2484,0.8253968253968254,0.6031746031746031,-0.17741309276865458,-0.35422012629169425,-0.012535645205080131,True
2485,0.8412698412698412,0.6031746031746031,-0.16175636591565706,-0.3580948537039849,-0.00841193216283206,True
2486,0.8571428571428571,0.6031746031746031,-0.14384410034396464,-0.3551396299618922,-0.004965589660575058,True
2487,0.873015873015873,0.6031746031746031,-0.12402170461900679,-0.3444910161826351,-0.002320952233294921,True
2488,0.8888888888888888,0.6031746031746031,-0.1029740375572465,-0.32580519948349174,-0.0005741889598886035,True
2489,0.9047619047619047,0.6031746031746031,-0.08148959536242524,-0.2988157672191268,0.0001910250844665071,True
2490,0.9206349206349206,0.6031746031746031,-0.06054551737110323,-0.26384106560272585,-2.8954333238326918e-05,True
2491,0.9365079365079365,0.6031746031746031,-0.04120895974313453,-0.22150343119492744,-0.0011797681638647866,True
2492,0.9523809523809523,0.6031746031746031,-0.024472421049070124,-0.17260482215924258,-0.003181139082714931,True
2493,0.9682539682539681,0.6031746031746031,-0.011435141947169868,-0.11856741394219486,-0.005917099365302017,True
2494,0.9841269841269841,0.6031746031746031,-0.003005424870534329,-0.0606290694655189,-0.009268708069526817,True
2495,1.0,0.6031746031746031,7.306245858364022e-08,6.506054116009183e-05,-0.012807988155018444,True
2496,0.0,0.6190476190476191,-1.906377438061837e-07,-5.446268665567471e-06,-0.031867035787425724,True
2497,0.015873015873015872,0.6190476190476191,-0.0006332474803800722,0.03775679884652428,-0.032618007627205396,True
2498,0.031746031746031744,0.6190476190476191,-0.0024288820014344518,0.0714429197937203,-0.03335765495643371,True
2499,0.047619047619047616,0.6190476190476191,-0.0052406309718337546,0.1011779776162515,-0.03401693123157739,True
2500,0.06349206349206349,0.6190476190476191,-0.008912196469253838,0.12706131657386274,-0.03460420588305056,True
2501,0.07936507936507936,0.6190476190476191,-0.01328505089691463,0.14934304690818692,-0.035130656611796714,True
2502,0.09523809523809523,0.6190476190476191,-0.018204609506734245,0.16821642872645437,-0.03561342288939453,True
2503,0.1111111111111111,0.6190476190476191,-0.02351230720810355,0.1840162417994512,-0.036065677169984954,True
2504,0.12698412698412698,0.6190476190476191,-0.02908720890960151,0.19695644782474087,-0.03651069285340017,True
2505,0.14285714285714285,0.6190476190476191,-0.034820861064867495,0.20731396879781097,-0.036969432955282815,True
2506,0.15873015873015872,0.6190476190476191,-0.04060863195745627,0.21537782756323473,-0.03745894343745202,True
2507,0.1746031746031746,0.6190476190476191,-0.04636309389090535,0.22138809979247087,-0.03799708638034848,True
2508,0.19047619047619047,0.6190476190476191,-0.052050257978040186,0.22560317356986057,-0.03860243249205849,True
2509,0.20634920634920634,0.6190476190476191,-0.0576127021131293,0.22820624351420327,-0.03928824183612009,True
2510,0.2222222222222222,0.6190476190476191,-0.06300638745036094,0.22939057905685573,-0.04006498632871833,True
2511,0.23809523809523808,0.6190476190476191,-0.06825712167120605,0.2293334022624912,-0.04094372962535501,True
2512,0.25396825396825395,0.6190476190476191,-0.07330032429708397,0.22810931582053917,-0.041928301845982424,True
2513,0.2698412698412698,0.6190476190476191,-0.07818430187195607,0.22591478164384518,-0.04302369977893618,True
2514,0.2857142857142857,0.6190476190476191,-0.08286241086750223,0.22272932447553148,-0.044230032154181656,True
2515,0.30158730158730157,0.6190476190476191,-0.08744174175012066,0.2187243029168381,-0.04554521071237791,True
2516,0.31746031746031744,0.6190476190476191,-0.09183669111599933,0.21384635521827394,-0.046964779259540096,True
2517,0.3333333333333333,0.6190476190476191,-0.09614780777800361,0.20821515301957735,-0.048482477042199455,True
2518,0.3492063492063492,0.6190476190476191,-0.1003860755256481,0.2017452831345192,-0.05008136846107812,True
2519,0.36507936507936506,0.6190476190476191,-0.1045082812545446,0.19452553626646973,-0.05176224812720599,True
2520,0.38095238095238093,0.6190476190476191,-0.10865824103590338,0.1865282083059259,-0.05349806856800788,True
2521,0.3968253968253968,0.6190476190476191,-0.11277818294370412,0.1777031139509627,-0.05527395747100934,True
2522,0.4126984126984127,0.6190476190476191,-0.11693645614756573,0.16803001613686916,-0.057064147822509806,True
2523,0.42857142857142855,0.6190476190476191,-0.12110770541822563,0.15751723799640763,-0.05885690594872804,True
2524,0.4444444444444444,0.6190476190476191,-0.12539560462683957,0.1461143172146372,-0.06061354338536053,True
2525,0.4603174603174603,0.6190476190476191,-0.1298138955550425,0.13378655843880638,-0.06230471329049081,True
2526,0.47619047619047616,0.6190476190476191,-0.13428922111505012,0.12046964213699254,-0.06390516496631823,True
2527,0.49206349206349204,0.6190476190476191,-0.1389805824638745,0.10615097610311164,-0.06536733704092305,True
2528,0.5079365079365079,0.6190476190476191,-0.14374905136522975,0.09080616104892489,-0.06668168429516957,True
2529,0.5238095238095237,0.6190476190476191,-0.14873999260039528,0.0743221352624255,-0.06775667765936223,True
2530,0.5396825396825397,0.6190476190476191,-0.15385332752504216,0.05678258553954008,-0.06861776989843561,True
2531,0.5555555555555556,0.6190476190476191,-0.15916092685921357,0.0380695086270021,-0.06917295400470232,True
2532,0.5714285714285714,0.6190476190476191,-0.16456923233377804,0.018170940763902004,-0.06939541931510702,True
2533,0.5873015873015872,0.6190476190476191,-0.1700957142353468,-0.0029093567785577956,-0.06924906742761129,True
2534,0.6031746031746031,0.6190476190476191,-0.17571962266632815,-0.025164807273128392,-0.06869141114491147,True
2535,0.6190476190476191,0.6190476190476191,-0.18130515036175113,-0.04861440794913711,-0.06767480456627736,True
2536,0.6349206349206349,0.6190476190476191,-0.186830539810451,-0.07319274247859577,-0.06618031950456901,True
2537,0.6507936507936507,0.6190476190476191,-0.19218807043234237,-0.09883109455491475,-0.06418257084181543,True
2538,0.6666666666666666,0.6190476190476191,-0.19721444877836425,-0.1254637539858821,-0.06164128694130275,True
2539,0.6825396825396826,0.6190476190476191,-0.20173119707449155,-0.15286996470508588,-0.05857109223777807,True
2540,0.6984126984126984,0.6190476190476191,-0.2055835373784029,-0.1808909759625583,-0.05496185613118606,True
2541,0.7142857142857142,0.6190476190476191,-0.20847461534797412,-0.20918473919104197,-0.050840759939248935,True
2542,0.7301587301587301,0.6190476190476191,-0.2102773114145734,-0.23745697264479193,-0.0462394093342987,True
2543,0.746031746031746,0.6190476190476191,-0.2105420928254931,-0.2650827592268104,-0.04124520646274605,True
2544,0.7619047619047619,0.6190476190476191,-0.2090333638619164,-0.29154619749742283,-0.03590554860345405,True
2545,0.7777777777777777,0.6190476190476191,-0.205357241429551,-0.3159819743708176,-0.03037169971504199,True
2546,0.7936507936507936,0.6190476190476191,-0.19926299391655863,-0.3375349315216604,-0.024777636811117488,True
2547,0.8095238095238095,0.6190476190476191,-0.19049268308207318,-0.35521681622397633,-0.019247452446662913,True
2548,0.8253968253968254,0.6190476190476191,-0.17900489063453054,-0.3680050851796362,-0.014021775774837706,True
2549,0.8412698412698412,0.6190476190476191,-0.1645741267276465,-0.37449497633094886,-0.009274479079867408,True
2550,0.8571428571428571,0.6190476190476191,-0.14752471635540837,-0.3738054002462664,-0.00519463938689298,True
2551,0.873015873015873,0.6190476190476191,-0.12824168207548298,-0.36503594331818484,-0.0019494272338795562,True
2552,0.8888888888888888,0.6190476190476191,-0.10726427508465046,-0.34727002272000207,0.00028095426840167044,True
2553,0.9047619047619047,0.6190476190476191,-0.085508380600559,-0.3204326498057728,0.0014686921356120717,True
2554,0.9206349206349206,0.6190476190476191,-0.0639543234314358,-0.28458017860693285,0.0015546183380544694,True
2555,0.9365079365079365,0.6190476190476191,-0.04376681106210445,-0.24013575622877595,0.0005741852447178207,True
2556,0.9523809523809523,0.6190476190476191,-0.026154388661823232,-0.18813366228454506,-0.0013844074412521826,True
2557,0.9682539682539681,0.6190476190476191,-0.012283782319177072,-0.12987703644134033,-0.004205711898520346,True
2558,0.9841269841269841,0.6190476190476191,-0.0032408881160807513,-0.06662544100568142,-0.0077514957036722495,True
2559,1.0,0.6190476190476191,-6.268845323012995e-08,-6.519802405353184e-05,-0.011556582138370245,True
2560,0.0,0.6349206349206349,1.3882892593973909e-07,1.0521392319060938e-05,-0.034624235778348535,True
2561,0.015873015873015872,0.6349206349206349,-0.000638591880760445,0.03899832661670586,-0.03538237565795072,True
2562,0.031746031746031744,0.6349206349206349,-0.0024490915880690414,0.07377441616296074,-0.036128488022173555,True
2563,0.047619047619047616,0.6349206349206349,-0.005276960461249593,0.10443083477672967,-0.036789602610139104,True
2564,0.06349206349206349,0.6349206349206349,-0.00895534728875827,0.13110423762618212,-0.03737144789458986,True
2565,0.07936507936507936,0.6349206349206349,-0.013302918288946248,0.15397474974395475,-0.03788221227929635,True
2566,0.09523809523809523,0.6349206349206349,-0.018160754734947538,0.17331733363004695,-0.038338190038752475,True
2567,0.1111111111111111,0.6349206349206349,-0.023361023616686974,0.18939787359747484,-0.03875636587575437,True
2568,0.12698412698412698,0.6349206349206349,-0.0287739642929786,0.20250109395108554,-0.039160582650397714,True
2569,0.14285714285714285,0.6349206349206349,-0.03426391592644346,0.2129380344693696,-0.03956833069997274,True
2570,0.15873015873015872,0.6349206349206349,-0.03974333066680332,0.22099729952609165,-0.04000442761571123,True
2571,0.1746031746031746,0.6349206349206349,-0.04514957411635574,0.226938025969071,-0.04049312299031243,True
2572,0.19047619047619047,0.6349206349206349,-0.050394740066821424,0.23098919829938347,-0.04104787968816991,True
2573,0.20634920634920634,0.6349206349206349,-0.05546169864223344,0.23344551817825118,-0.04168881749469343,True
2574,0.2222222222222222,0.6349206349206349,-0.06032443049488039,0.23442656049377686,-0.0424294250200219,True
2575,0.23809523809523808,0.6349206349206349,-0.0649221031327278,0.2341411272876033,-0.04327637761969334,True
2576,0.25396825396825395,0.6349206349206349,-0.06933960646580871,0.2327625048716064,-0.044243496680525636,True
2577,0.2698412698412698,0.6349206349206349,-0.07350248432353429,0.23031766478751334,-0.04533122009359179,True
2578,0.2857142857142857,0.6349206349206349,-0.07749434469516542,0.22699666089427045,-0.04654365919756169,True
2579,0.30158730158730157,0.6349206349206349,-0.0813255173194419,0.2228180275097037,-0.04787724038883802,True
2580,0.31746031746031744,0.6349206349206349,-0.0849479715798252,0.21782008693247862,-0.049329405381380496,True
2581,0.3333333333333333,0.6349206349206349,-0.08845315242783895,0.21206110213079085,-0.050892650565354795,True
2582,0.3492063492063492,0.6349206349206349,-0.09188954485719861,0.20555841879522027,-0.05255547026963756,True
2583,0.36507936507936506,0.6349206349206349,-0.09525680808672483,0.1982781712535078,-0.0543040586615477,True
2584,0.38095238095238093,0.6349206349206349,-0.0986138511780552,0.19022576038937744,-0.05611857430030964,True
2585,0.3968253968253968,0.6349206349206349,-0.10192326261183367,0.181436024888982,-0.057996113413350016,True
2586,0.4126984126984127,0.6349206349206349,-0.1052929641970586,0.17183447630446233,-0.05989959140973506,True
2587,0.42857142857142855,0.6349206349206349,-0.10881054999786663,0.16138690379287113,-0.06179621173521934,True
2588,0.4444444444444444,0.6349206349206349,-0.11232783501301388,0.15010216622559028,-0.06368784156701875,True
2589,0.4603174603174603,0.6349206349206349,-0.1160397343377671,0.13789219074202008,-0.06551297246214279,True
2590,0.47619047619047616,0.6349206349206349,-0.11984783168066698,0.1247391326443603,-0.06725842427673417,True
2591,0.49206349206349204,0.6349206349206349,-0.12397486245972839,0.11057478461829665,-0.06885545959621543,True
2592,0.5079365079365079,0.6349206349206349,-0.1281863738231243,0.09543869320280357,-0.07032504960006755,True
2593,0.5238095238095237,0.6349206349206349,-0.13270873428439756,0.07915128128237686,-0.07154985618411806,True
2594,0.5396825396825397,0.6349206349206349,-0.1374186991106799,0.06179794883638961,-0.07254916098319326,True
2595,0.5555555555555556,0.6349206349206349,-0.14238854802305562,0.04330387758835984,-0.07325977404338745,True
2596,0.5714285714285714,0.6349206349206349,-0.14757999713888953,0.02357279071261402,-0.07361150035944358,True
2597,0.5873015873015872,0.6349206349206349,-0.1530010116026278,0.002636626802901447,-0.07358707680832773,True
2598,0.6031746031746031,0.6349206349206349,-0.15858177703308524,-0.01953653180510424,-0.07312872653048293,True
2599,0.6190476190476191,0.6349206349206349,-0.16433539926788293,-0.04292265202516941,-0.07221867629616388,True
2600,0.6349206349206349,0.6349206349206349,-0.17017221323409404,-0.06753776964681717,-0.07079933860004631,True
2601,0.6507936507936507,0.6349206349206349,-0.1759598220481306,-0.0933478408419206,-0.06882861315852967,True
2602,0.6666666666666666,0.6349206349206349,-0.1815940421590868,-0.12026603452838579,-0.06628682052905703,True
2603,0.6825396825396826,0.6349206349206349,-0.1870121931626144,-0.14816875349114542,-0.06318574476268378,True
2604,0.6984126984126984,0.6349206349206349,-0.19189525405289007,-0.17688722811225124,-0.05948394332603286,True
2605,0.7142857142857142,0.6349206349206349,-0.19599952817375715,-0.2061075303890439,-0.055217217443716764,True
2606,0.7301587301587301,0.6349206349206349,-0.19924178571199236,-0.23560994305600003,-0.0504100898659441,True
2607,0.746031746031746,0.6349206349206349,-0.2011194621325297,-0.264788930016003,-0.045127873708357205,True
2608,0.7619047619047619,0.6349206349206349,-0.20136170093800337,-0.29309654208401076,-0.039452385837220084,True
2609,0.7777777777777777,0.6349206349206349,-0.1995933801883435,-0.31979922813269257,-0.033474787118751625,True
2610,0.7936507936507936,0.6349206349206349,-0.19554382206089285,-0.3440418746204077,-0.027340802215538192,True
2611,0.8095238095238095,0.6349206349206349,-0.1886681185754127,-0.3644908552030386,-0.02126882113241028,True
2612,0.8253968253968254,0.6349206349206349,-0.17879295016285005,-0.3799907828566788,-0.015424507674553242,True
2613,0.8412698412698412,0.6349206349206349,-0.16601867254210778,-0.3895698101920309,-0.009995183157908216,True
2614,0.8571428571428571,0.6349206349206349,-0.15020261779780258,-0.3916064958957474,-0.0052279357532340935,True
2615,0.873015873015873,0.6349206349206349,-0.13169344856312273,-0.38494307265372185,-0.0013660890956589675,True
2616,0.8888888888888888,0.6349206349206349,-0.11110704885024832,-0.3687575507477107,0.0014892649102791486,True
2617,0.9047619047619047,0.6349206349206349,-0.08927884953646843,-0.34247541328313147,0.0031459176367786895,True
2618,0.9206349206349206,0.6349206349206349,-0.06727609564769271,-0.30597295881988607,0.0035967495676138316,True
2619,0.9365079365079365,0.6349206349206349,-0.04634677865266079,-0.2596677957650532,0.002839928411975636,True
2620,0.9523809523809523,0.6349206349206349,-0.027872652889616673,-0.204557296283251,0.0009537161695515535,True
2621,0.9682539682539681,0.6349206349206349,-0.013153242070468939,-0.14180966351761168,-0.00192892847445437,True
2622,0.9841269841269841,0.6349206349206349,-0.003491145439011984,-0.07315532451485554,-0.0056669631871196285,True
2623,1.0,0.6349206349206349,1.629314095212392e-08,7.368337152345192e-05,-0.009754924619275069,True
2624,0.0,0.6507936507936507,-8.265543413614613e-09,-1.1519442457833919e-05,-0.037454455703183176,True
2625,0.015873015873015872,0.6507936507936507,-0.0006544272562546643,0.040242892814379864,-0.03823125638753742,True
2626,0.031746031746031744,0.6507936507936507,-0.002504989413370384,0.07614134509382509,-0.03899271426633626,True
2627,0.047619047619047616,0.6507936507936507,-0.005384319039594206,0.10773837753341114,-0.039660808167959374,True
2628,0.06349206349206349,0.6507936507936507,-0.009104017895305653,0.13515973023545025,-0.04023655115911711,True
2629,0.07936507936507936,0.6507936507936507,-0.013471292280098239,0.15861797813653827,-0.04072784992966806,True
2630,0.09523809523809523,0.6507936507936507,-0.018298315246485487,0.17835080457345032,-0.041149922689905714,True
2631,0.1111111111111111,0.6507936507936507,-0.02341072688769585,0.19467680858440065,-0.04152096008042344,True
2632,0.12698412698412698,0.6507936507936507,-0.02866002824181963,0.20789779791355426,-0.04186514923125482,True
2633,0.14285714285714285,0.6507936507936507,-0.033923141034313736,0.2183011676143437,-0.042207599402389086,True
2634,0.15873015873015872,0.6507936507936507,-0.03909686023847992,0.22627702390151458,-0.04257437279168298,True
2635,0.1746031746031746,0.6507936507936507,-0.04409506031424144,0.23206729527893954,-0.04298761064586148,True
2636,0.19047619047619047,0.6507936507936507,-0.04889123242579251,0.23591296248954088,-0.043474339740841625,True
2637,0.20634920634920634,0.6507936507936507,-0.053395668572263175,0.23811177573924178,-0.04404643244364168,True
2638,0.2222222222222222,0.6507936507936507,-0.057619159247777316,0.23884307145369918,-0.04472521853891539,True
2639,0.23809523809523808,0.6507936507936507,-0.0616260687665615,0.2383345456339678,-0.04552961204228209,True
2640,0.25396825396825395,0.6507936507936507,-0.06528894165199525,0.2366769589861655,-0.0464575278474572,True
2641,0.2698412698412698,0.6507936507936507,-0.0687175090859455,0.2340290430902082,-0.04752159650802484,True
2642,0.2857142857142857,0.6507936507936507,-0.07190914688948874,0.23048407092303133,-0.04872358285858015,True
2643,0.30158730158730157,0.6507936507936507,-0.07485631160760349,0.22610637913485326,-0.0500613564500215,True
2644,0.31746031746031744,0.6507936507936507,-0.07767689431948731,0.22098254547213644,-0.05153247547225808,True
2645,0.3333333333333333,0.6507936507936507,-0.08034665273843677,0.21508969048701249,-0.05312646246560019,True
2646,0.3492063492063492,0.6507936507936507,-0.08289086135601705,0.2085045060964004,-0.05483792484954003,True
2647,0.36507936507936506,0.6507936507936507,-0.08538031330973817,0.2011886889438276,-0.056648818250704724,True
2648,0.38095238095238093,0.6507936507936507,-0.08785173127682774,0.1931523943558236,-0.05854337535892733,True
2649,0.3968253968253968,0.6507936507936507,-0.09033168581166799,0.1843489184836632,-0.06049866036264926,True
2650,0.4126984126984127,0.6507936507936507,-0.09285086777277182,0.17483778207773018,-0.06250477420003375,True
2651,0.42857142857142855,0.6507936507936507,-0.0954725364934862,0.16449994219356848,-0.06452077697716135,True
2652,0.4444444444444444,0.6507936507936507,-0.09821285758886196,0.15333091327057655,-0.06652348090485934,True
2653,0.4603174603174603,0.6507936507936507,-0.10116060907893942,0.14128875400801374,-0.06847463172437789,True
2654,0.47619047619047616,0.6507936507936507,-0.1042790125959916,0.12834729552542457,-0.07035128817083293,True
2655,0.49206349206349204,0.6507936507936507,-0.10764461164073151,0.11442465259004951,-0.07210183770759238,True
2656,0.5079365079365079,0.6507936507936507,-0.11123785011379514,0.09948481297282862,-0.07369275690848441,True
2657,0.5238095238095237,0.6507936507936507,-0.11518268478901021,0.08354150445097576,-0.07508958611222268,True
2658,0.5396825396825397,0.6507936507936507,-0.11939663231592317,0.0664253350526489,-0.0762148535082819,True
2659,0.5555555555555556,0.6507936507936507,-0.1239535511047726,0.048174053345395776,-0.07704890286149302,True
2660,0.5714285714285714,0.6507936507936507,-0.12880433230456936,0.028772325128339524,-0.07755328630478178,True
2661,0.5873015873015872,0.6507936507936507,-0.13399127848933343,0.008079119016744404,-0.07764131556646324,True
2662,0.6031746031746031,0.6507936507936507,-0.13950541713684636,-0.01383582345379274,-0.07730941858553056,True
2663,0.6190476190476191,0.6507936507936507,-0.1452836516437061,-0.03706370738674568,-0.07647871346034685,True
2664,0.6349206349206349,0.6507936507936507,-0.15127289313853265,-0.06157994019995902,-0.07511805945289358,True
2665,0.6507936507936507,0.6507936507936507,-0.1573994273520762,-0.08737856974633991,-0.07318189936743837,True
2666,0.6666666666666666,0.6507936507936507,-0.16360865846908187,-0.11439605565281018,-0.07066895025896248,True
2667,0.6825396825396826,0.6507936507936507,-0.1696701984484338,-0.14256380114243664,-0.06751988897250369,True
2668,0.6984126984126984,0.6507936507936507,-0.17550352515008671,-0.17174650639057293,-0.06374423511388996,True
2669,0.7142857142857142,0.6507936507936507,-0.1809251136080551,-0.20175834896117142,-0.05934374155880572,True
2670,0.7301587301587301,0.6507936507936507,-0.18547256495436948,-0.23220684693811072,-0.054358426790384065,True
2671,0.746031746031746,0.6507936507936507,-0.18899601101498223,-0.2627620921489269,-0.04880104126734978,True
2672,0.7619047619047619,0.6507936507936507,-0.19111807674399867,-0.29284435943172393,-0.042774816132657774,True
2673,0.7777777777777777,0.6507936507936507,-0.19137749687056096,-0.32169453163457784,-0.03637504159548256,True
2674,0.7936507936507936,0.6507936507936507,-0.1892598202425387,-0.34825127697637737,-0.029768750920981104,True
2675,0.8095238095238095,0.6507936507936507,-0.18462688771308583,-0.3716894517770268,-0.023094367257646787,True
2676,0.8253968253968254,0.6507936507936507,-0.1768811955685212,-0.39041257132980484,-0.016573456433177397,True
2677,0.8412698412698412,0.6507936507936507,-0.1659413643460887,-0.40313137377273994,-0.01045425337337136,True
2678,0.8571428571428571,0.6507936507936507,-0.15165369905142254,-0.4081647358290197,-0.004993791784800329,True
2679,0.873015873015873,0.6507936507936507,-0.13428657255453613,-0.40415480974173745,-0.00040970220089854846,True
2680,0.8888888888888888,0.6507936507936507,-0.11438021160820944,-0.3899529190507163,0.003077000274717406,True
2681,0.9047619047619047,0.6507936507936507,-0.092729830604121,-0.3646663821241937,0.005318654737542454,True
2682,0.9206349206349206,0.6507936507936507,-0.07045062920566603,-0.3278996101756905,0.006187252630261349,True
2683,0.9365079365079365,0.6507936507936507,-0.04891766500880368,-0.2800336636482708,0.005700952802586086,True
2684,0.9523809523809523,0.6507936507936507,-0.02960365570821752,-0.22179868981033654,0.003938025516058844,True
2685,0.9682539682539681,0.6507936507936507,-0.01407017328486236,-0.15464305439465112,0.0010183200569563208,True
2686,0.9841269841269841,0.6507936507936507,-0.003761009076579422,-0.08018246655145367,-0.0029048110504449566,True
2687,1.0,0.6507936507936507,-1.3062743884857518e-08,-4.808662959683558e-05,-0.007290469998105139,True
2688,0.0,0.6666666666666666,-4.1039539589687904e-08,3.957883271384389e-06,-0.04035754895298514,True
2689,0.015873015873015872,0.6666666666666666,-0.0006837493799630713,0.04154823038009937,-0.04116829736368214,True
2690,0.031746031746031744,0.6666666666666666,-0.002607813127859333,0.07858461663494969,-0.04195678271211808,True
2691,0.047619047619047616,0.6666666666666666,-0.005584987071079173,0.11111397215876828,-0.04263863302307612,True
2692,0.06349206349206349,0.6666666666666666,-0.009399193483885602,0.1392812831556957,-0.04320933737519687,True
2693,0.07936507936507936,0.6666666666666666,-0.013836434674221264,0.16326045304659456,-0.0436770241065364,True
2694,0.09523809523809523,0.6666666666666666,-0.018675288693379963,0.18334123235170185,-0.04405394973795749,True
2695,0.1111111111111111,0.6666666666666666,-0.02372998697956844,0.1998357852310126,-0.04436237980803986,True
2696,0.12698412698412698,0.6666666666666666,-0.028835900024717604,0.21308001044219657,-0.04462788842516323,True
2697,0.14285714285714285,0.6666666666666666,-0.033863567994730774,0.22341658603077852,-0.044881550336897634,True
2698,0.15873015873015872,0.6666666666666666,-0.038705167963063246,0.2311896158057749,-0.04515203229511336,True
2699,0.1746031746031746,0.6666666666666666,-0.04328700441241372,0.2367154451861177,-0.04546849931931759,True
2700,0.19047619047619047,0.6666666666666666,-0.04755509818169583,0.2402955922307678,-0.045856738317240846,True
2701,0.20634920634920634,0.6666666666666666,-0.05148370753793053,0.24218188138841468,-0.04634092746672262,True
2702,0.2222222222222222,0.6666666666666666,-0.05506447234593015,0.24261067032965522,-0.04694076884349798,True
2703,0.23809523809523808,0.6666666666666666,-0.058292482645537845,0.24176847876235538,-0.047670932609249525,True
2704,0.25396825396825395,0.6666666666666666,-0.06119222095124268,0.2398243876384796,-0.04854348715407019,True
2705,0.2698412698412698,0.6666666666666666,-0.06377090003515146,0.23690015311221552,-0.049564697278805914,True
2706,0.2857142857142857,0.6666666666666666,-0.06611927183856525,0.23312351807905696,-0.05074050295148907,True
2707,0.30158730158730157,0.6666666666666666,-0.06817610069563924,0.22854731419774849,-0.0520668544187073,True
2708,0.31746031746031744,0.6666666666666666,-0.07005654122802656,0.22324430296078704,-0.05354261962679211,True
2709,0.3333333333333333,0.6666666666666666,-0.07177698304223225,0.21722267340108273,-0.05515769518336507,True
2710,0.3492063492063492,0.6666666666666666,-0.07336766921539421,0.2105419438775338,-0.056904375461864304,True
2711,0.36507936507936506,0.6666666666666666,-0.07491008882264669,0.2031851295744358,-0.058766129471234295,True
2712,0.38095238095238093,0.6666666666666666,-0.07640853840080396,0.19512803328880116,-0.06072452352576055,True
2713,0.3968253968253968,0.6666666666666666,-0.07795330682943223,0.18641754676977335,-0.06276460189604001,True
2714,0.4126984126984127,0.6666666666666666,-0.07955415247405118,0.17694853054158163,-0.06485364893574767,True
2715,0.42857142857142855,0.6666666666666666,-0.08127717749962787,0.16673798899889128,-0.0669696702998429,True
2716,0.4444444444444444,0.6666666666666666,-0.08314150954863457,0.15573807399164094,-0.06908236956503364,True
2717,0.4603174603174603,0.6666666666666666,-0.08521340048376395,0.1439018690078236,-0.07115549177813138,True
2718,0.47619047619047616,0.6666666666666666,-0.08753619003470593,0.131193605769687,-0.07315390125800403,True
2719,0.49206349206349204,0.6666666666666666,-0.09007698732312514,0.11754964348351084,-0.07503925114546213,True
2720,0.5079365079365079,0.6666666666666666,-0.09302967248078889,0.10291011845508452,-0.07675719476158394,True
2721,0.5238095238095237,0.6666666666666666,-0.09626608103790253,0.0872729143861997,-0.0782838388630875,True
2722,0.5396825396825397,0.6666666666666666,-0.09985772928041216,0.07056569718778094,-0.07956113243943032,True
2723,0.5555555555555556,0.6666666666666666,-0.10392145851546084,0.05263703882581781,-0.08051006307656876,True
2724,0.5714285714285714,0.6666666666666666,-0.10833653320072102,0.03362222994981493,-0.0811425731473112,True
2725,0.5873015873015872,0.6666666666666666,-0.11321708118751533,0.013312454604717678,-0.08135494399589645,True
2726,0.6031746031746031,0.6666666666666666,-0.11847985299178877,-0.008291504668580715,-0.08110229785922932,True
2727,0.6190476190476191,0.6666666666666666,-0.12416157399723783,-0.03118322592364505,-0.08035940919881106,True
2728,0.6349206349206349,0.6666666666666666,-0.13022425911744237,-0.05541818978405464,-0.07907404422900625,True
2729,0.6507936507936507,0.6666666666666666,-0.13659869865131985,-0.08101527125183827,-0.07718544047104321,True
2730,0.6666666666666666,0.6666666666666666,-0.14320095600040075,-0.10795934792476711,-0.0746730979794142,True
2731,0.6825396825396826,0.6666666666666666,-0.14993383640769772,-0.13619125861804615,-0.07150019560082047,True
2732,0.6984126984126984,0.6666666666666666,-0.1565899487386973,-0.16561936632329516,-0.06765001389638804,True
2733,0.7142857142857142,0.6666666666666666,-0.16304604818042628,-0.19608932310243665,-0.0631284226104258,True
2734,0.7301587301587301,0.6666666666666666,-0.16899443681312049,-0.22734206181395464,-0.05794781243787296,True
2735,0.746031746031746,0.6666666666666666,-0.17416235059341667,-0.2590401451496835,-0.05213907481881458,True
2736,0.7619047619047619,0.6666666666666666,-0.17807201187882762,-0.290593004067397,-0.045791506393808565,True
2737,0.7777777777777777,0.6666666666666666,-0.18040363982543212,-0.32139783627092594,-0.03897278987562985,True
2738,0.7936507936507936,0.6666666666666666,-0.18064501179568734,-0.35049313826107464,-0.031859174716085424,True
2739,0.8095238095238095,0.6666666666666666,-0.17826273378380825,-0.3766857386904247,-0.02459640894527489,True
2740,0.8253968253968254,0.6666666666666666,-0.17286946864820474,-0.39864486107588626,-0.017432079585021375,True
2741,0.8412698412698412,0.6666666666666666,-0.1640456794878063,-0.4146797829078234,-0.010604165625379861,True
2742,0.8571428571428571,0.6666666666666666,-0.15167992484652892,-0.423137523666525,-0.004370944103914069,True
2743,0.873015873015873,0.6666666666666666,-0.13586305252318137,-0.4223253625722168,0.000979616605072557,True
2744,0.8888888888888888,0.6666666666666666,-0.11696417812403596,-0.4105983447344757,0.005194559205956109,True
2745,0.9047619047619047,0.6666666666666666,-0.09576971885620178,-0.3867852683878258,0.00804025135195224,True
2746,0.9206349206349206,0.6666666666666666,-0.07343019757808252,-0.35025291067672965,0.009418966148840014,True
2747,0.9365079365079365,0.6666666666666666,-0.051398588194268215,-0.30103000030240734,0.009278686093046017,True
2748,0.9523809523809523,0.6666666666666666,-0.03133928610541423,-0.23988178669997057,0.007674976531019775,True
2749,0.9682539682539681,0.6666666666666666,-0.014976420985540029,-0.16814828229076437,0.004731801996785627,True
2750,0.9841269841269841,0.6666666666666666,-0.004023470012178054,-0.08762980040801427,0.0006325427130365385,True
2751,1.0,0.6666666666666666,2.507125438658355e-08,4.336040901694083e-05,-0.004045361109925957,True
2752,0.0,0.6825396825396826,-5.620714396274254e-08,1.997923443989187e-06,-0.04333733095614981,True
2753,0.015873015873015872,0.6825396825396826,-0.0007282663244521936,0.04291284759354266,-0.044200555759648125,True
2754,0.031746031746031744,0.6825396825396826,-0.002769995890621097,0.08113743963753185,-0.04503209579784739,True
2755,0.047619047619047616,0.6825396825396826,-0.005906500258152592,0.11463236774589888,-0.04573594215140519,True
2756,0.06349206349206349,0.6825396825396826,-0.009885809985657924,0.14351228643200692,-0.046303828185927605,True
2757,0.07936507936507936,0.6825396825396826,-0.014448054989314,0.16798284752126094,-0.04673960302843715,True
2758,0.09523809523809523,0.6825396825396826,-0.01935517311538915,0.18833191660765772,-0.047058445145468246,True
2759,0.1111111111111111,0.6825396825396826,-0.024390205021938543,0.2049054475138543,-0.047284541309804605,True
2760,0.12698412698412698,0.6825396825396826,-0.029375420421602624,0.21807391578601926,-0.047449013144300334,True
2761,0.14285714285714285,0.6825396825396826,-0.034169466487939726,0.22821824825013404,-0.04758666061602627,True
2762,0.15873015873015872,0.6825396825396826,-0.03866854783666164,0.23571535892416254,-0.04773393180128691,True
2763,0.1746031746031746,0.6825396825396826,-0.04279062801892374,0.24089990938894876,-0.04792161441592428,True
2764,0.19047619047619047,0.6825396825396826,-0.04650313998915289,0.24409787831258314,-0.048185506094463246,True
2765,0.20634920634920634,0.6825396825396826,-0.04978296566117213,0.2455940328862341,-0.04855198823947688,True
2766,0.2222222222222222,0.6825396825396826,-0.052642277434165406,0.2456354076283562,-0.04904621779641232,True
2767,0.23809523809523808,0.6825396825396826,-0.05505690025420592,0.24441591914663827,-0.04968054483016862,True
2768,0.25396825396825395,0.6825396825396826,-0.05709572469019243,0.24212249477070263,-0.050474509154117476,True
2769,0.2698412698412698,0.6825396825396826,-0.05876243128657924,0.23889284665057356,-0.05143363417966268,True
2770,0.2857142857142857,0.6825396825396826,-0.0601537513243451,0.2348347097180974,-0.05256478904042343,True
2771,0.30158730158730157,0.6825396825396826,-0.06122766157507042,0.23001901120589652,-0.05386368374008732,True
2772,0.31746031746031744,0.6825396825396826,-0.06210621750529935,0.22451896309177732,-0.05532907526917784,True
2773,0.3333333333333333,0.6825396825396826,-0.06280009537382507,0.218372185027596,-0.05695277640292338,True
2774,0.3492063492063492,0.6825396825396826,-0.0633950684164794,0.2115895409136658,-0.058721689633337286,True
2775,0.36507936507936506,0.6825396825396826,-0.06387175225056117,0.20419090121920533,-0.06062431424761174,True
2776,0.38095238095238093,0.6825396825396826,-0.06435333239852273,0.19615532491222729,-0.06263893941126167,True
2777,0.3968253968253968,0.6825396825396826,-0.06491048573529967,0.18745205048648667,-0.06473890399145912,True
2778,0.4126984126984127,0.6825396825396826,-0.06543418570347041,0.1781134391934534,-0.0669164981381041,True
2779,0.42857142857142855,0.6825396825396826,-0.06624134276396144,0.1680231117773107,-0.06911519189150393,True
2780,0.4444444444444444,0.6825396825396826,-0.06708820454365011,0.15723208529954844,-0.07133423638367624,True
2781,0.4603174603174603,0.6825396825396826,-0.06828958200163167,0.14562705528396552,-0.07351209750656566,True
2782,0.47619047619047616,0.6825396825396826,-0.06962965251697405,0.1331937829178804,-0.07562829977222213,True
2783,0.49206349206349204,0.6825396825396826,-0.07141233358178342,0.11987436494955776,-0.07763009668040716,True
2784,0.5079365079365079,0.6825396825396826,-0.07349337394814162,0.1056324627513499,-0.0794872549862302,True
2785,0.5238095238095237,0.6825396825396826,-0.07598340528792713,0.09032679256111455,-0.08111745366051043,True
2786,0.5396825396825397,0.6825396825396826,-0.07892816632977623,0.07404154832910952,-0.08251717490037778,True
2787,0.5555555555555556,0.6825396825396826,-0.08234119393116396,0.05662661214711664,-0.0836088930345218,True
2788,0.5714285714285714,0.6825396825396826,-0.0862336618045649,0.03799953603892513,-0.08432441501303313,True
2789,0.5873015873015872,0.6825396825396826,-0.0906721578854051,0.018179697870595053,-0.08464560783088519,True
2790,0.6031746031746031,0.6825396825396826,-0.09562076587285055,-0.0028931900162052974,-0.0845083370142718,True
2791,0.6190476190476191,0.6825396825396826,-0.1011157014676831,-0.02536447163339189,-0.08383534947639804,True
2792,0.6349206349206349,0.6825396825396826,-0.1070910190911095,-0.04919687474405042,-0.0825892633468663,True
2793,0.6507936507936507,0.6825396825396826,-0.11357555463253467,-0.07440948382514459,-0.0807462605706558,True
2794,0.6666666666666666,0.6825396825396826,-0.1204705745828126,-0.10106743938029414,-0.07823522406105615,True
2795,0.6825396825396826,0.6825396825396826,-0.12767375771645342,-0.1291457038804466,-0.075025220735405,True
2796,0.6984126984126984,0.6825396825396826,-0.1350837638933783,-0.1585822066928732,-0.07110549768519131,True
2797,0.7142857142857142,0.6825396825396826,-0.1424988570120924,-0.1892648352900281,-0.06646505128109874,True
2798,0.7301587301587301,0.6825396825396826,-0.14973030886883493,-0.2210278682700498,-0.061099315888584596,True
2799,0.746031746031746,0.6825396825396826,-0.15641929902829757,-0.25355133275153985,-0.055049161620951914,True
2800,0.7619047619047619,0.6825396825396826,-0.1621840051627612,-0.2863761443521941,-0.0483711032068327,True
2801,0.7777777777777777,0.6825396825396826,-0.16664953923811848,-0.31891805137249307,-0.04116330665968056,True
2802,0.7936507936507936,0.6825396825396826,-0.16921974641690632,-0.35024391645811886,-0.03354063845396208,True
2803,0.8095238095238095,0.6825396825396826,-0.16935086658054763,-0.379205918365687,-0.025712212545469727,True
2804,0.8253968253968254,0.6825396825396826,-0.16654410036769904,-0.40442157590757793,-0.017852313002402337,True
2805,0.8412698412698412,0.6825396825396826,-0.1602233558410163,-0.42405187510130815,-0.01027385858827356,True
2806,0.8571428571428571,0.6825396825396826,-0.15015822813655258,-0.43629196298075584,-0.003248270592757555,True
2807,0.873015873015873,0.6825396825396826,-0.13623318778300111,-0.4390414927198851,0.0029177734337832964,True
2808,0.8888888888888888,0.6825396825396826,-0.11871131947957073,-0.4303376549863847,0.007907722091225965,True
2809,0.9047619047619047,0.6825396825396826,-0.09830593380841676,-0.40860264180487055,0.011469792661512542,True
2810,0.9206349206349206,0.6825396825396826,-0.07615424620865983,-0.37277635562459427,0.013418747583150547,True
2811,0.9365079365079365,0.6825396825396826,-0.05380706147179765,-0.32267834240987303,0.01368333004812234,True
2812,0.9523809523809523,0.6825396825396826,-0.033077134811221924,-0.25879818705630414,0.012296337014074538,True
2813,0.9682539682539681,0.6825396825396826,-0.015925975118239986,-0.18248525961959033,0.009377805981883319,True
2814,0.9841269841269841,0.6825396825396826,-0.004302731107665904,-0.09560117159511818,0.0051069543330678055,True
2815,1.0,0.6825396825396826,8.948555034334715e-09,8.253503840139864e-06,0.00012415799718036685,True
2816,0.0,0.6984126984126984,6.697706209533416e-08,6.318295299340245e-06,-0.046402873637362625,True
2817,0.015873015873015872,0.6984126984126984,-0.0007963395299625598,0.044398815356707116,-0.04734419876884078,True
2818,0.031746031746031744,0.6984126984126984,-0.003009192769892625,0.08385506829408819,-0.04823717203382174,True
2819,0.047619047619047616,0.6984126984126984,-0.006384583095002095,0.1183536400667325,-0.04897345982982781,True
2820,0.06349206349206349,0.6984126984126984,-0.010604721013454478,0.14793590797788916,-0.04953770138187568,True
2821,0.07936507936507936,0.6984126984126984,-0.015377200799495722,0.17283956475456005,-0.04993270922279388,True
2822,0.09523809523809523,0.6984126984126984,-0.020412631376127803,0.19337040000873779,-0.05017766663547195,True
2823,0.1111111111111111,0.6984126984126984,-0.02547068829839554,0.20992769355436014,-0.050295929566265836,True
2824,0.12698412698412698,0.6984126984126984,-0.030356760310339827,0.22288852688382568,-0.05032679372416269,True
2825,0.14285714285714285,0.6984126984126984,-0.03492061144013222,0.23273353233307034,-0.05031940250832819,True
2826,0.15873015873015872,0.6984126984126984,-0.03904076940972021,0.23982153912331056,-0.050303726261305096,True
2827,0.1746031746031746,0.6984126984126984,-0.042673854187336234,0.2445388033022651,-0.05033163347007219,True
2828,0.19047619047619047,0.6984126984126984,-0.04579305453036394,0.24727292568319192,-0.05044279531317448,True
2829,0.20634920634920634,0.6984126984126984,-0.048359508719613344,0.24828192591351947,-0.050660503715326904,True
2830,0.2222222222222222,0.6984126984126984,-0.0503779841221864,0.24783620117858207,-0.051013315552150044,True
2831,0.23809523809523808,0.6984126984126984,-0.051948907384695125,0.24617833091875693,-0.05153311818032621,True
2832,0.25396825396825395,0.6984126984126984,-0.05302430413478329,0.24349198415515083,-0.052223231248291986,True
2833,0.2698412698412698,0.6984126984126984,-0.05370359206324294,0.23989184151200815,-0.05309983804760477,True
2834,0.2857142857142857,0.6984126984126984,-0.05401404557036368,0.2355243884299206,-0.054166070644214796,True
2835,0.30158730158730157,0.6984126984126984,-0.054029026877796,0.23045145685102802,-0.055422351291433705,True
2836,0.31746031746031744,0.6984126984126984,-0.05383881444484111,0.22475121452696958,-0.05686457385538757,True
2837,0.3333333333333333,0.6984126984126984,-0.05345508449675434,0.2184535693833297,-0.05848285551237987,True
2838,0.3492063492063492,0.6984126984126984,-0.05288773701998322,0.21156289676639028,-0.06026415703843716,True
2839,0.36507936507936506,0.6984126984126984,-0.052259773351415954,0.2040955409690713,-0.06219283675106751,True
2840,0.38095238095238093,0.6984126984126984,-0.05166894393368653,0.1960948329283003,-0.06425220732270753,True
2841,0.3968253968253968,0.6984126984126984,-0.051092417908813595,0.18746822695883586,-0.06641401330789695,True
2842,0.4126984126984127,0.6984126984126984,-0.05058769003630785,0.1782273453176006,-0.0686561667997822,True
2843,0.42857142857142855,0.6984126984126984,-0.050273554714734714,0.168333036556723,-0.0709442869381088,True
2844,0.4444444444444444,0.6984126984126984,-0.05017382589299859,0.15773381643256568,-0.07324514961063372,True
2845,0.4603174603174603,0.6984126984126984,-0.05027382113431354,0.1464022477324669,-0.07552616899067431,True
2846,0.47619047619047616,0.6984126984126984,-0.05073122546705508,0.13428828213121377,-0.07774330288693945,True
2847,0.49206349206349204,0.6984126984126984,-0.05154555743997018,0.12133332049849173,-0.07985650227434715,True
2848,0.5079365079365079,0.6984126984126984,-0.05271534142288214,0.10746005861746596,-0.08181089981068482,True
2849,0.5238095238095237,0.6984126984126984,-0.05441418769104936,0.09267248821054741,-0.08357516812554429,True
2850,0.5396825396825397,0.6984126984126984,-0.056575328211716666,0.07683040039358931,-0.08506923900635864,True
2851,0.5555555555555556,0.6984126984126984,-0.05928552072635114,0.05990358259769991,-0.08625368259482104,True
2852,0.5714285714285714,0.6984126984126984,-0.06257206671786812,0.04190696233879483,-0.08710099024403553,True
2853,0.5873015873015872,0.6984126984126984,-0.06645597858696371,0.0226396315710733,-0.08750116836889259,True
2854,0.6031746031746031,0.6984126984126984,-0.07097735061663416,0.0021042613666684457,-0.08742568223864595,True
2855,0.6190476190476191,0.6984126984126984,-0.07614409255869732,-0.019722070345536982,-0.0868304058063917,True
2856,0.6349206349206349,0.6984126984126984,-0.08195979785007293,-0.04298748549619819,-0.08563357838420968,True
2857,0.6507936507936507,0.6984126984126984,-0.08839963860175364,-0.06768331741525536,-0.08379410756997813,True
2858,0.6666666666666666,0.6984126984126984,-0.0954448703039334,-0.09386984632960849,-0.08127675139228244,True
2859,0.6825396825396826,0.6984126984126984,-0.10301414632699814,-0.12156160609197139,-0.07802326908571873,True
2860,0.6984126984126984,0.6984126984126984,-0.11103044786107721,-0.15075253585597012,-0.07403621193912785,True
2861,0.7142857142857142,0.6984126984126984,-0.11930015828315323,-0.18139904238487503,-0.0692466919784543,True
2862,0.7301587301587301,0.6984126984126984,-0.12762331179371453,-0.21334384513859075,-0.06370355285227759,True
2863,0.746031746031746,0.6984126984126984,-0.13579709963806968,-0.24640568393407303,-0.057414200591640506,True
2864,0.7619047619047619,0.6984126984126984,-0.14339600745360764,-0.28020475756504276,-0.050405581048051123,True
2865,0.7777777777777777,0.6984126984126984,-0.14993249790092542,-0.3141605462535132,-0.04278727681151743,True
2866,0.7936507936507936,0.6984126984126984,-0.1548797981552005,-0.34745310748876956,-0.03469831878600994,True
2867,0.8095238095238095,0.6984126984126984,-0.15773402905957484,-0.3790879113054269,-0.02625235400265394,True
2868,0.8253968253968254,0.6984126984126984,-0.15768902251066763,-0.40745560183705454,-0.017725000131900016,True
2869,0.8412698412698412,0.6984126984126984,-0.15424428417866753,-0.43088180234355294,-0.009365695174077506,True
2870,0.8571428571428571,0.6984126984126984,-0.146812640208168,-0.4471070227796733,-0.0015003497414816612,True
2871,0.873015873015873,0.6984126984126984,-0.13522608580034512,-0.4539404108356673,0.00552860823207809,True
2872,0.8888888888888888,0.6984126984126984,-0.11946387924674998,-0.44876298564183836,0.011371189077055602,True
2873,0.9047619047619047,0.6984126984126984,-0.10020832295096219,-0.4297057560964537,0.01571001671513586,True
2874,0.9206349206349206,0.6984126984126984,-0.07856183007234116,-0.39529539356461707,0.01832341096882375,True
2875,0.9365079365079365,0.6984126984126984,-0.05609261493932615,-0.3447672344880361,0.01907343104067642,True
2876,0.9523809523809523,0.6984126984126984,-0.03481385281527362,-0.2784305088484745,0.01797143261679897,True
2877,0.9682539682539681,0.6984126984126984,-0.01689370352711851,-0.197622039332433,0.015098443691588699,True
2878,0.9841269841269841,0.6984126984126984,-0.00459673966697244,-0.10403555846281594,0.010682060380801935,True
2879,1.0,0.6984126984126984,-1.1254205222136418e-07,-7.154790279135521e-05,0.005377947524961504,True
2880,0.0,0.7142857142857142,-2.221291782977925e-08,-1.3887656765456399e-05,-0.0495669312115571,True
2881,0.015873015873015872,0.7142857142857142,-0.0008874082807213742,0.0459920096199321,-0.050616648650060436,True
2882,0.031746031746031744,0.7142857142857142,-0.0033559396718005185,0.08686497685426997,-0.05159975944515889,True
2883,0.047619047619047616,0.7142857142857142,-0.007044726597129996,0.12235055240802249,-0.052377656730060417,True
2884,0.06349206349206349,0.7142857142857142,-0.011619330534932377,0.15265756935513186,-0.05293613749528077,True
2885,0.07936507936507936,0.7142857142857142,-0.016694374925738557,0.17791612751151156,-0.053278754140790335,True
2886,0.09523809523809523,0.7142857142857142,-0.021941124322950107,0.19852112252562548,-0.05341898066235841,True
2887,0.1111111111111111,0.7142857142857142,-0.02706149163206576,0.214934742568487,-0.053402785785586514,True
2888,0.12698412698412698,0.7142857142857142,-0.03186637446150873,0.2275792332055672,-0.05326936684570513,True
2889,0.14285714285714285,0.7142857142857142,-0.03617941095623242,0.23691423124129854,-0.05306451725690031,True
2890,0.15873015873015872,0.7142857142857142,-0.0399226127784061,0.24347202816496943,-0.052859197542056625,True
2891,0.1746031746031746,0.7142857142857142,-0.04300614171962654,0.24762549546072418,-0.05268629269100255,True
2892,0.19047619047619047,0.7142857142857142,-0.04542043972787834,0.24971748068409302,-0.05259590279739429,True
2893,0.20634920634920634,0.7142857142857142,-0.04719525705819213,0.2501581856618505,-0.05263263550209582,True
2894,0.2222222222222222,0.7142857142857142,-0.048331277304658006,0.24913175817286626,-0.0528211466158762,True
2895,0.23809523809523808,0.7142857142857142,-0.048927777548114657,0.24699086981034754,-0.05319552545779404,True
2896,0.25396825396825395,0.7142857142857142,-0.0489594917191137,0.24382640981240009,-0.053759109378126294,True
2897,0.2698412698412698,0.7142857142857142,-0.04859655834383032,0.23983808150514732,-0.05453759801734649,True
2898,0.2857142857142857,0.7142857142857142,-0.047794096879230745,0.2351102735186847,-0.055522269737910614,True
2899,0.30158730158730157,0.7142857142857142,-0.04665190997418279,0.2297631117200892,-0.05671869771294929,True
2900,0.31746031746031744,0.7142857142857142,-0.045231008180874534,0.22384101698280065,-0.05812210572344677,True
2901,0.3333333333333333,0.7142857142857142,-0.043633342268807815,0.2173703255167853,-0.05972196706695911,True
2902,0.3492063492063492,0.7142857142857142,-0.04189224762807971,0.21038269849006416,-0.06150444683879516,True
2903,0.36507936507936506,0.7142857142857142,-0.04012694209151621,0.20290642309874507,-0.06345365168115154,True
2904,0.38095238095238093,0.7142857142857142,-0.03836770281306964,0.1948803627120721,-0.0655423714240494,True
2905,0.3968253968253968,0.7142857142857142,-0.03654686403643384,0.18634450612196635,-0.06775605775069272,True
2906,0.4126984126984127,0.7142857142857142,-0.034972260383801905,0.17722527638592023,-0.07005345279182842,True
2907,0.42857142857142855,0.7142857142857142,-0.033477138175638604,0.16754351643746193,-0.07241853514345709,True
2908,0.4444444444444444,0.7142857142857142,-0.03228555240784876,0.1571713892813369,-0.07479603350796343,True
2909,0.4603174603174603,0.7142857142857142,-0.03132414157388004,0.14613998537106643,-0.07716468277093111,True
2910,0.47619047619047616,0.7142857142857142,-0.030726823981269795,0.13439174425789832,-0.07947805482627139,True
2911,0.49206349206349204,0.7142857142857142,-0.03053780259365447,0.1218143189256775,-0.08168085648123781,True
2912,0.5079365079365079,0.7142857142857142,-0.03077164311811459,0.1084462410458772,-0.08374868797166617,True
2913,0.5238095238095237,0.7142857142857142,-0.0315523794266194,0.09410716500230237,-0.08559388125188701,True
2914,0.5396825396825397,0.7142857142857142,-0.03284258690727798,0.07885822263974951,-0.08719619200258799,True
2915,0.5555555555555556,0.7142857142857142,-0.03476621710132197,0.06255229013666586,-0.08848042860923784,True
2916,0.5714285714285714,0.7142857142857142,-0.03735362791364958,0.04508800860067046,-0.08937794647552386,True
2917,0.5873015873015872,0.7142857142857142,-0.04056087778648635,0.02655348454463085,-0.08985984715249817,True
2918,0.6031746031746031,0.7142857142857142,-0.044580119209383776,0.006714573067286128,-0.08985758884099238,True
2919,0.6190476190476191,0.7142857142857142,-0.049318779203605126,-0.014425649503484227,-0.08929781575923204,True
2920,0.6349206349206349,0.7142857142857142,-0.05483886873426062,-0.03696931323195123,-0.08812638400251842,True
2921,0.6507936507936507,0.7142857142857142,-0.061135794732565904,-0.06097358616173008,-0.08628921620751405,True
2922,0.6666666666666666,0.7142857142857142,-0.06820291283079664,-0.08647065240305088,-0.08374809292499227,True
2923,0.6825396825396826,0.7142857142857142,-0.07599124042680507,-0.11358581834406625,-0.08043722967843313,True
2924,0.6984126984126984,0.7142857142857142,-0.08445288241512647,-0.14227458007265353,-0.07634133759565116,True
2925,0.7142857142857142,0.7142857142857142,-0.09342942247760157,-0.17261403848861517,-0.07141177963289747,True
2926,0.7301587301587301,0.7142857142857142,-0.10275924182841617,-0.20445393840557644,-0.06566377058159166,True
2927,0.746031746031746,0.7142857142857142,-0.11231547385344746,-0.2377025067825252,-0.059119996565686186,True
2928,0.7619047619047619,0.7142857142857142,-0.12153526592872597,-0.27206526202987885,-0.0517851093582886,True
2929,0.7777777777777777,0.7142857142857142,-0.13016795029551295,-0.30712832396678497,-0.04376659950252049,True
2930,0.7936507936507936,0.7142857142857142,-0.13766490313643664,-0.34218985356913517,-0.035136436362223515,True
2931,0.8095238095238095,0.7142857142857142,-0.14319958259385476,-0.3761259930655545,-0.026121494971524148,True
2932,0.8253968253968254,0.7142857142857142,-0.1461338000310503,-0.40755172918159244,-0.01689302644117388,True
2933,0.8412698412698412,0.7142857142857142,-0.14582270529939642,-0.43472753237240763,-0.007722174447621373,True
2934,0.8571428571428571,0.7142857142857142,-0.14144022518124041,-0.455217707519523,0.001009224670040657,True
2935,0.873015873015873,0.7142857142857142,-0.13255822439450507,-0.4664192164080785,0.008944745841735258,True
2936,0.8888888888888888,0.7142857142857142,-0.11904080758898943,-0.4654336178039652,0.015713075463027745,True
2937,0.9047619047619047,0.7142857142857142,-0.10137171190159455,-0.4497750957897914,0.020924087671461266,True
2938,0.9206349206349206,0.7142857142857142,-0.08058099416235207,-0.417510648014451,0.02428174779698684,True
2939,0.9365079365079365,0.7142857142857142,-0.058231597503488414,-0.3671266572819232,0.02561008018722295,True
2940,0.9523809523809523,0.7142857142857142,-0.03651806598734989,-0.2987513539293507,0.024853621133575213,True
2941,0.9682539682539681,0.7142857142857142,-0.0178882051747695,-0.21346325025400906,0.02209403197510523,True
2942,0.9841269841269841,0.7142857142857142,-0.004908617759662781,-0.11311872594759294,0.01753808879808438,True
2943,1.0,0.7142857142857142,2.4226915156989245e-07,8.549334819487508e-05,0.011897515242930076,True
2944,0.0,0.7301587301587301,3.2905150044754657e-09,1.2838968713716657e-05,-0.05285643216408802,True
2945,0.015873015873015872,0.7301587301587301,-0.0010232145506493574,0.04787489395114457,-0.05405974682977724,True
2946,0.031746031746031744,0.7301587301587301,-0.0038099524126517124,0.09017455630941239,-0.055153221563417294,True
2947,0.047619047619047616,0.7301587301587301,-0.007976865650593185,0.12681669061361428,-0.055990728612290666,True
2948,0.06349206349206349,0.7301587301587301,-0.01300002995434516,0.15775385468543626,-0.05654068884131829,True
2949,0.07936507936507936,0.7301587301587301,-0.018485655893012317,0.1833098726747467,-0.05680782633750865,True
2950,0.09523809523809523,0.7301587301587301,-0.02401457117225893,0.2038646210766042,-0.05682311456002886,True
2951,0.1111111111111111,0.7301587301587301,-0.029267066782942042,0.2199366925527125,-0.05662394404445138,True
2952,0.12698412698412698,0.7301587301587301,-0.03400124739905678,0.232089407980894,-0.0562753762754403,True
2953,0.14285714285714285,0.7301587301587301,-0.03806696980909058,0.2407916771370035,-0.05584026763442688,True
2954,0.15873015873015872,0.7301587301587301,-0.041347364021401205,0.24661384507739084,-0.05537997751440599,True
2955,0.1746031746031746,0.7301587301587301,-0.04382487954742827,0.25003397655585274,-0.05496431780987159,True
2956,0.19047619047619047,0.7301587301587301,-0.04549234212017895,0.2514203648554176,-0.054642228239809014,True
2957,0.20634920634920634,0.7301587301587301,-0.04637473327434662,0.2511449559912365,-0.054458993330698105,True
2958,0.2222222222222222,0.7301587301587301,-0.046507999536579164,0.24948774684067895,-0.054446572764624564,True
2959,0.23809523809523808,0.7301587301587301,-0.046041950593196,0.2467516569339351,-0.05464847830280008,True
2960,0.25396825396825395,0.7301587301587301,-0.04493046497504551,0.24306284750058535,-0.05506327774124918,True
2961,0.2698412698412698,0.7301587301587301,-0.04330474572140739,0.2386176416719374,-0.05571094768170949,True
2962,0.2857142857142857,0.7301587301587301,-0.041284615526749495,0.23351854294545205,-0.05660041884380721,True
2963,0.30158730158730157,0.7301587301587301,-0.038850581710554215,0.22783458321349986,-0.05772215749887902,True
2964,0.31746031746031744,0.7301587301587301,-0.0362253866023671,0.22169179533074915,-0.05907791021898286,True
2965,0.3333333333333333,0.7301587301587301,-0.033357993534204176,0.2150690986030536,-0.060649945834545464,True
2966,0.3492063492063492,0.7301587301587301,-0.030349931066262804,0.20799048630857767,-0.062424414078743364,True
2967,0.36507936507936506,0.7301587301587301,-0.02725889111524223,0.20046662709040156,-0.06438232490744346,True
2968,0.38095238095238093,0.7301587301587301,-0.024225421466267168,0.19248638911263308,-0.06649944931457481,True
2969,0.3968253968253968,0.7301587301587301,-0.021242700129159405,0.18404171100631592,-0.06875065405813562,True
2970,0.4126984126984127,0.7301587301587301,-0.018397591191836708,0.17508454100738952,-0.07110343888166222,True
2971,0.42857142857142855,0.7301587301587301,-0.015752197550647648,0.16559899011657236,-0.07352686764104549,True
2972,0.4444444444444444,0.7301587301587301,-0.013347752016137434,0.1555188968765518,-0.07597989581761168,True
2973,0.4603174603174603,0.7301587301587301,-0.011216565789409222,0.14482072982737526,-0.07842531482037815,True
2974,0.47619047619047616,0.7301587301587301,-0.009592178001707898,0.1334266516538431,-0.08081356125806241,True
2975,0.49206349206349204,0.7301587301587301,-0.008287199895113048,0.12134314439844332,-0.08311175112060448,True
2976,0.5079365079365079,0.7301587301587301,-0.0075270581488376806,0.10843720436499751,-0.08525490923725698,True
2977,0.5238095238095237,0.7301587301587301,-0.007284420285639974,0.09468593039217213,-0.08718827946183083,True
2978,0.5396825396825397,0.7301587301587301,-0.0077122402110524485,0.08001639233626259,-0.08886816830613566,True
2979,0.5555555555555556,0.7301587301587301,-0.008726891277653833,0.06438619661170858,-0.09022276956043708,True
2980,0.5714285714285714,0.7301587301587301,-0.010514759303374003,0.047648119709119606,-0.0911874500550026,True
2981,0.5873015873015872,0.7301587301587301,-0.013052767744208955,0.029849455441110014,-0.09173361489940833,True
2982,0.6031746031746031,0.7301587301587301,-0.016427524874708378,0.010792288076497016,-0.09175948552612669,True
2983,0.6190476190476191,0.7301587301587301,-0.020630090152439894,-0.00953238932112489,-0.09120916308007504,True
2984,0.6349206349206349,0.7301587301587301,-0.02573617539144238,-0.031220374610278462,-0.09003445981630392,True
2985,0.6507936507936507,0.7301587301587301,-0.031786962946224545,-0.054364733864496445,-0.08819396547849719,True
2986,0.6666666666666666,0.7301587301587301,-0.03874843529371005,-0.07905987694156758,-0.08559754605723345,True
2987,0.6825396825396826,0.7301587301587301,-0.046620498185175385,-0.10534727248950357,-0.08219511803021438,True
2988,0.6984126984126984,0.7301587301587301,-0.055384085389735764,-0.1332915691840629,-0.07796622460180261,True
2989,0.7142857142857142,0.7301587301587301,-0.0649497378628482,-0.16300207802283623,-0.07289039024679372,True
2990,0.7301587301587301,0.7301587301587301,-0.07516992184563444,-0.19444606517750873,-0.06693153269095482,True
2991,0.746031746031746,0.7301587301587301,-0.08583145666813435,-0.2275458137822657,-0.06008204150753009,True
2992,0.7619047619047619,0.7301587301587301,-0.09676186696027697,-0.26213962282895553,-0.05240627686435641,True
2993,0.7777777777777777,0.7301587301587301,-0.10727667824731982,-0.29785874781050764,-0.04395056248831899,True
2994,0.7936507936507936,0.7301587301587301,-0.11718676440545164,-0.3342031549400546,-0.03482332761188574,True
2995,0.8095238095238095,0.7301587301587301,-0.12560263778767874,-0.3702107832281506,-0.02516308647065025,True
2996,0.8253968253968254,0.7301587301587301,-0.13179274886788686,-0.40458320112578633,-0.015211876876591647,True
2997,0.8412698412698412,0.7301587301587301,-0.1347113737533901,-0.4352840651122592,-0.005254948770682739,True
2998,0.8571428571428571,0.7301587301587301,-0.1337126851650735,-0.4600898087140353,0.004419871392831548,True
2999,0.873015873015873,0.7301587301587301,-0.12802749030362948,-0.47605644178080925,0.01335131372574536,True
3000,0.8888888888888888,0.7301587301587301,-0.1173219322529966,-0.4800039926390161,0.021115651497120184,True
3001,0.9047619047619047,0.7301587301587301,-0.10173901066438422,-0.4686033695347826,0.02730489377534708,True
3002,0.9206349206349206,0.7301587301587301,-0.08212017778216245,-0.43902316929407853,0.031488135795917006,True
3003,0.9365079365079365,0.7301587301587301,-0.06018911263679108,-0.3896040748291601,0.03348208246784016,True
3004,0.9523809523809523,0.7301587301587301,-0.03819304152896688,-0.319633817091257,0.03315511335994257,True
3005,0.9682539682539681,0.7301587301587301,-0.01889578570353972,-0.2300641238386504,0.030552761389418818,True
3006,0.9841269841269841,0.7301587301587301,-0.005215370709886812,-0.12271581557334983,0.025860361857402023,True
3007,1.0,0.7301587301587301,-2.7110747169013416e-07,-5.905535312669647e-05,0.019896786974003884,True
3008,0.0,0.746031746031746,9.155524043052583e-10,-2.503546895984159e-06,-0.05630498668276711,True
3009,0.015873015873015872,0.746031746031746,-0.0011959944679487621,0.04997329643200483,-0.05770892071987294,True
3010,0.031746031746031744,0.746031746031746,-0.004442598315083595,0.09400536136984954,-0.05895831659003026,True
3011,0.047619047619047616,0.746031746031746,-0.009189822134644162,0.1317839048123417,-0.05986388225464318,True
3012,0.06349206349206349,0.746031746031746,-0.014854043410219021,0.16337479689580303,-0.06039817230718766,True
3013,0.07936507936507936,0.746031746031746,-0.020869204495671645,0.18909531994349923,-0.06056591243949604,True
3014,0.09523809523809523,0.746031746031746,-0.02677051946496007,0.209434046540867,-0.060405158886513745,True
3015,0.1111111111111111,0.746031746031746,-0.03218564884846846,0.2249955538771317,-0.05997637716406701,True
3016,0.12698412698412698,0.746031746031746,-0.03685653403107327,0.23640590264438033,-0.0593564398427815,True
3017,0.14285714285714285,0.746031746031746,-0.04061759546567748,0.24427608048688199,-0.05862472798804665,True
3018,0.15873015873015872,0.746031746031746,-0.04339531694207287,0.24921919244081817,-0.05786779739743117,True
3019,0.1746031746031746,0.746031746031746,-0.045163928947927846,0.2517055140895221,-0.05715421271571459,True
3020,0.19047619047619047,0.746031746031746,-0.04596704321052933,0.25222689219555267,-0.05655240959441083,True
3021,0.20634920634920634,0.746031746031746,-0.045816238088539574,0.2511096399909732,-0.05610375490478761,True
3022,0.2222222222222222,0.746031746031746,-0.044849136068189834,0.24872294455100133,-0.055862957951625686,True
3023,0.23809523809523808,0.746031746031746,-0.04314106952167915,0.2453047918695759,-0.05585609301477126,True
3024,0.25396825396825395,0.746031746031746,-0.040774418758578464,0.2410482411921882,-0.05610021889590323,True
3025,0.2698412698412698,0.746031746031746,-0.037858132377098404,0.2361151254198785,-0.056607724612747524,True
3026,0.2857142857142857,0.746031746031746,-0.03443257843629557,0.23059930368976936,-0.05737899040106973,True
3027,0.30158730158730157,0.746031746031746,-0.030713718139214786,0.22463482644758517,-0.05841960792546079,True
3028,0.31746031746031744,0.746031746031746,-0.02667550795414582,0.21823375524051872,-0.05971263958466212,True
3029,0.3333333333333333,0.746031746031746,-0.02243220659829436,0.21143454607653692,-0.06124711666501138,True
3030,0.3492063492063492,0.746031746031746,-0.018063911736197216,0.20425795542245279,-0.06300491560560528,True
3031,0.36507936507936506,0.746031746031746,-0.013658745654253046,0.1967323430414135,-0.06496552893505307,True
3032,0.38095238095238093,0.746031746031746,-0.009287979473485164,0.18880683781113813,-0.06710188349024729,True
3033,0.3968253968253968,0.746031746031746,-0.004925631832086442,0.18046331301042431,-0.06938573637986718,True
3034,0.4126984126984127,0.746031746031746,-0.00088792345817586,0.17168234861317505,-0.07178136854418579,True
3035,0.42857142857142855,0.746031746031746,0.003104510163716255,0.16244358094570938,-0.0742607924519949,True
3036,0.4444444444444444,0.746031746031746,0.006727600833333831,0.15265919784403598,-0.07677372578059592,True
3037,0.4603174603174603,0.746031746031746,0.00997838116339816,0.14233768663519733,-0.07928892213679847,True
3038,0.47619047619047616,0.746031746031746,0.012849311595710145,0.131395790364747,-0.08175450184617326,True
3039,0.49206349206349204,0.746031746031746,0.015254515128678075,0.11973877485747769,-0.08411038956544202,True
3040,0.5079365079365079,0.746031746031746,0.017098924650725926,0.10740187622351767,-0.08633101093886543,True
3041,0.5238095238095237,0.746031746031746,0.018375331523071314,0.09428097620127364,-0.08834224889382901,True
3042,0.5396825396825397,0.746031746031746,0.018932532798316262,0.08021060521262154,-0.09006353582172884,True
3043,0.5555555555555556,0.746031746031746,0.018858149255740628,0.06535160591862901,-0.09148745199623672,True
3044,0.5714285714285714,0.746031746031746,0.0179014694736692,0.04939304399101472,-0.09251179704800529,True
3045,0.5873015873015872,0.746031746031746,0.01619600077429331,0.03240338320349209,-0.09306466668491137,True
3046,0.6031746031746031,0.746031746031746,0.013527239948518965,0.014240030786159192,-0.09311379514482955,True
3047,0.6190476190476191,0.746031746031746,0.009935818239645216,-0.005126955855388237,-0.09257652173851469,True
3048,0.6349206349206349,0.746031746031746,0.0053222844978201515,-0.02588547323124861,-0.09137122201677923,True
3049,0.6507936507936507,0.746031746031746,-0.00033101015307763956,-0.04802881068984512,-0.08946434021063547,True
3050,0.6666666666666666,0.746031746031746,-0.007060986489056969,-0.0716871716659937,-0.08677827954179414,True
3051,0.6825396825396826,0.746031746031746,-0.014898545095058943,-0.09697354447483701,-0.08327684826501877,True
3052,0.6984126984126984,0.746031746031746,-0.023816164962787132,-0.12399404985509148,-0.07888423893221198,True
3053,0.7142857142857142,0.746031746031746,-0.033782539367022385,-0.15282784718229314,-0.07360957581718316,True
3054,0.7301587301587301,0.746031746031746,-0.044730591331216374,-0.1834877467494065,-0.06738801903695346,True
3055,0.746031746031746,0.746031746031746,-0.0564712697010052,-0.21607342725374168,-0.06023807221194414,True
3056,0.7619047619047619,0.746031746031746,-0.0687930692870449,-0.2504646362701746,-0.052183826767591146,True
3057,0.7777777777777777,0.746031746031746,-0.0812787883397091,-0.2864688202531071,-0.043280718355832165,True
3058,0.7936507936507936,0.746031746031746,-0.09344957981892975,-0.32363189057491115,-0.03359134634338126,True
3059,0.8095238095238095,0.746031746031746,-0.10471736044582444,-0.36124739858379146,-0.023293015468598778,True
3060,0.8253968253968254,0.746031746031746,-0.11407998854786806,-0.39802273485445683,-0.012582569980221513,True
3061,0.8412698412698412,0.746031746031746,-0.12073851140644405,-0.4322987509102179,-0.001720302091275648,True
3062,0.8571428571428571,0.746031746031746,-0.12348766979773546,-0.46149470586035246,0.008899794533543086,True
3063,0.873015873015873,0.746031746031746,-0.12147147626197134,-0.4825572086186849,0.018883525655743506,True
3064,0.8888888888888888,0.746031746031746,-0.11400895815419455,-0.49178692505794136,0.02774379093104931,True
3065,0.9047619047619047,0.746031746031746,-0.10101557982706098,-0.4853526398809282,0.034983832451764674,True
3066,0.9206349206349206,0.746031746031746,-0.08312506335732875,-0.4595953665117522,0.040154743843897764,True
3067,0.9365079365079365,0.746031746031746,-0.061930637188419804,-0.41192942819474393,0.04291922421044981,True
3068,0.9523809523809523,0.746031746031746,-0.039843592122490876,-0.3410383983738182,0.04310496809362719,True
3069,0.9682539682539681,0.746031746031746,-0.01993152856935339,-0.24741582410658935,0.04071967237312453,True
3070,0.9841269841269841,0.746031746031746,-0.005555513967366396,-0.13290491537192684,0.035941101228041075,True
3071,1.0,0.746031746031746,7.230647688469225e-08,6.510931887685999e-06,0.029625488710906093,True
3072,0.0,0.7619047619047619,2.415856167344158e-08,-1.760792363346172e-05,-0.0599669875699896,True
3073,0.015873015873015872,0.7619047619047619,-0.0014305567471458666,0.05246939987184888,-0.061639871485774336,True
3074,0.031746031746031744,0.7619047619047619,-0.005280587604777492,0.09845815077502122,-0.06308863739125148,True
3075,0.047619047619047616,0.7619047619047619,-0.010798981422121743,0.13748556222568153,-0.06407557711602409,True
3076,0.06349206349206349,0.7619047619047619,-0.017271627432857324,0.1696808104846334,-0.06457381002325151,True
3077,0.07936507936507936,0.7619047619047619,-0.023955772604733326,0.19541768096285975,-0.06460109676287581,True
3078,0.09523809523809523,0.7619047619047619,-0.030314237237174736,0.2153174707113683,-0.06421124816436206,True
3079,0.1111111111111111,0.7619047619047619,-0.03592802727810404,0.230079025272274,-0.06348090205273978,True
3080,0.12698412698412698,0.7619047619047619,-0.04050402493641754,0.24053238060927518,-0.06252215081905417,True
3081,0.14285714285714285,0.7619047619047619,-0.043893618290252956,0.24731583752311015,-0.061422911047736756,True
3082,0.15873015873015872,0.7619047619047619,-0.046059882037142064,0.2511184824207775,-0.060304694038085346,True
3083,0.1746031746031746,0.7619047619047619,-0.046982790528392375,0.25251887899948855,-0.05923108727930854,True
3084,0.19047619047619047,0.7619047619047619,-0.046737838030336994,0.25196784465487426,-0.05828973663281252,True
3085,0.20634920634920634,0.7619047619047619,-0.045464665382677794,0.2499554115891007,-0.057549291443599215,True
3086,0.2222222222222222,0.7619047619047619,-0.04318651433492021,0.24669184158500881,-0.057034387736855804,True
3087,0.23809523809523808,0.7619047619047619,-0.04015259167431985,0.24255862891721208,-0.05680214032303949,True
3088,0.25396825396825395,0.7619047619047619,-0.036358787963304696,0.23767579987919055,-0.05684879416723182,True
3089,0.2698412698412698,0.7619047619047619,-0.0319904892520236,0.23220898742918308,-0.05719811623820861,True
3090,0.2857142857142857,0.7619047619047619,-0.027121416644316734,0.22628997053800445,-0.05784380750008381,True
3091,0.30158730158730157,0.7619047619047619,-0.02188128556379071,0.21998486926359476,-0.058785112010988926,True
3092,0.31746031746031744,0.7619047619047619,-0.016372241238342945,0.2133380687876758,-0.06001001435433225,True
3093,0.3333333333333333,0.7619047619047619,-0.01064523766238756,0.20639564215656447,-0.06150010459263182,True
3094,0.3492063492063492,0.7619047619047619,-0.004832165997203394,0.19915521117724527,-0.06323652195390263,True
3095,0.36507936507936506,0.7619047619047619,0.0009681708028230022,0.19161082656485565,-0.06519361487793451,True
3096,0.38095238095238093,0.7619047619047619,0.006850511459159571,0.18374696299100562,-0.06734287881588369,True
3097,0.3968253968253968,0.7619047619047619,0.012479740139771864,0.17555953528523358,-0.06965383068087178,True
3098,0.4126984126984127,0.7619047619047619,0.017977222442460392,0.16698410035308825,-0.07208945502645418,True
3099,0.42857142857142855,0.7619047619047619,0.02326114620981398,0.1579957297841335,-0.07461182226056892,True
3100,0.4444444444444444,0.7619047619047619,0.028117402207913936,0.14857310957567152,-0.07718303776558542,True
3101,0.4603174603174603,0.7619047619047619,0.03266912750076802,0.1386384753020042,-0.07975371533547519,True
3102,0.47619047619047616,0.7619047619047619,0.036708701372032033,0.1281053528275062,-0.08226797013123385,True
3103,0.49206349206349204,0.7619047619047619,0.04034116315837114,0.11706625130901985,-0.08470193798858011,True
3104,0.5079365079365079,0.7619047619047619,0.0432927953036082,0.10526705764053472,-0.0869701971186741,True
3105,0.5238095238095237,0.7619047619047619,0.04565731612763202,0.09279205705547548,-0.08903209065334536,True
3106,0.5396825396825397,0.7619047619047619,0.04729568137382608,0.0794989065735366,-0.090811467201553,True
3107,0.5555555555555556,0.7619047619047619,0.04817128293753412,0.06534785150150423,-0.09225416977543634,True
3108,0.5714285714285714,0.7619047619047619,0.04814748427489401,0.050234370883181084,-0.09330161860122982,True
3109,0.5873015873015872,0.7619047619047619,0.04730834433284452,0.034199976248309734,-0.09387746423207292,True
3110,0.6031746031746031,0.7619047619047619,0.045398100380312216,0.016955007631738184,-0.09390960467024807,True
3111,0.6190476190476191,0.7619047619047619,0.04250380535931614,-0.0013940660342703342,-0.09333612559698218,True
3112,0.6349206349206349,0.7619047619047619,0.038494752669095064,-0.020993661223448087,-0.0920974724513478,True
3113,0.6507936507936507,0.7619047619047619,0.03331094726453056,-0.042022386096729876,-0.09010186894942472,True
3114,0.6666666666666666,0.7619047619047619,0.02690924979045829,-0.06449379042204365,-0.08730841157207567,True
3115,0.6825396825396826,0.7619047619047619,0.019244535145025103,-0.08862096734865986,-0.08363518800230565,True
3116,0.6984126984126984,0.7619047619047619,0.0102791125934696,-0.11444967641642237,-0.07908015336541535,True
3117,0.7142857142857142,0.7619047619047619,5.275132590959938e-05,-0.14216562201166075,-0.0735439888139693,True
3118,0.7301587301587301,0.7619047619047619,-0.011420508452206563,-0.1717949316867179,-0.06702225928048496,True
3119,0.746031746031746,0.7619047619047619,-0.024072577916645372,-0.20345496746151856,-0.059530277180976775,True
3120,0.7619047619047619,0.7619047619047619,-0.03766608522198881,-0.2372155179530938,-0.051019762083151995,True
3121,0.7777777777777777,0.7619047619047619,-0.051893781893361815,-0.2730001973143537,-0.04162151854091274,True
3122,0.7936507936507936,0.7619047619047619,-0.06631968193922924,-0.31051521727042214,-0.03136624664997742,True
3123,0.8095238095238095,0.7619047619047619,-0.08037319731522304,-0.3491996350633812,-0.020331003677134283,True
3124,0.8253968253968254,0.7619047619047619,-0.09311505069506339,-0.3880522534635011,-0.008839723832486155,True
3125,0.8412698412698412,0.7619047619047619,-0.10346740389543255,-0.4253749861801333,0.002942262604630852,True
3126,0.8571428571428571,0.7619047619047619,-0.11039537942007847,-0.45888716369483706,0.01463800305620447,True
3127,0.873015873015873,0.7619047619047619,-0.11246978637074788,-0.48513632220092184,0.025744466505337373,True
3128,0.8888888888888888,0.7619047619047619,-0.10890155071620083,-0.5003159927719398,0.03579223044358643,True
3129,0.9047619047619047,0.7619047619047619,-0.09912302307301733,-0.49969631703412476,0.04423345980220106,True
3130,0.9206349206349206,0.7619047619047619,-0.08343068879212841,-0.4785931918839972,0.05049295269365368,True
3131,0.9365079365079365,0.7619047619047619,-0.06342645048267256,-0.43380216366874097,0.05418718618293329,True
3132,0.9523809523809523,0.7619047619047619,-0.041476318901888916,-0.36276147942510034,0.054990922171097495,True
3133,0.9682539682539681,0.7619047619047619,-0.021034735445731256,-0.26553187307928133,0.05290536029247345,True
3134,0.9841269841269841,0.7619047619047619,-0.00593794733070105,-0.14369026434797444,0.048077901187654426,True
3135,1.0,0.7619047619047619,1.9188067005350672e-06,-3.2733701574645115e-06,0.041338845126991784,True
3136,0.0,0.7777777777777777,-6.165757987062581e-08,2.1672765504764587e-05,-0.06392288326855787,True
3137,0.015873015873015872,0.7777777777777777,-0.0017434893852406803,0.055502627591653676,-0.06595066948679165,True
3138,0.031746031746031744,0.7777777777777777,-0.006356820681367611,0.10368996421267483,-0.06764870864093049,True
3139,0.047619047619047616,0.7777777777777777,-0.012893197298893209,0.14411570876866267,-0.06872920300872341,True
3140,0.06349206349206349,0.7777777777777777,-0.020340942380773986,0.17682427123830574,-0.06917175347326147,True
3141,0.07936507936507936,0.7777777777777777,-0.027862468906315153,0.20238973406926006,-0.06899755178804129,True
3142,0.09523809523809523,0.7777777777777777,-0.034772035653012394,0.2215524058407834,-0.06829410158770607,True
3143,0.1111111111111111,0.7777777777777777,-0.0405718786216985,0.2352611406479822,-0.06717802110417831,True
3144,0.12698412698412698,0.7777777777777777,-0.04498995760553228,0.24438355477085938,-0.06577822125699408,True
3145,0.14285714285714285,0.7777777777777777,-0.047891436192866614,0.24977993721579336,-0.06423347923928345,True
3146,0.15873015873015872,0.7777777777777777,-0.0492580965358261,0.25220157446078834,-0.06265915105021864,True
3147,0.1746031746031746,0.7777777777777777,-0.04914848115458878,0.2522661563303565,-0.06116466167621484,True
3148,0.19047619047619047,0.7777777777777777,-0.047715712605991396,0.2505629875713308,-0.059843629398378236,True
3149,0.20634920634920634,0.7777777777777777,-0.04505650120184039,0.24745025812189195,-0.05875174637758687,True
3150,0.2222222222222222,0.7777777777777777,-0.04135881666529859,0.2432836130612575,-0.05794694277115617,True
3151,0.23809523809523808,0.7777777777777777,-0.03669478639245361,0.23830702250453342,-0.05744265719104896,True
3152,0.25396825396825395,0.7777777777777777,-0.031339623053167634,0.23276833653263337,-0.05727867575632915,True
3153,0.2698412698412698,0.7777777777777777,-0.025373982143870658,0.22677605567281314,-0.05745521250382645,True
3154,0.2857142857142857,0.7777777777777777,-0.01890267805500191,0.22041533992944157,-0.05796687192542324,True
3155,0.30158730158730157,0.7777777777777777,-0.011999924138951247,0.2137759388623395,-0.05880305682327913,True
3156,0.31746031746031744,0.7777777777777777,-0.004938036376913015,0.2069250361408021,-0.059956037547240944,True
3157,0.3333333333333333,0.7777777777777777,0.0023216495184626507,0.1998373753338927,-0.06140022248367266,True
3158,0.3492063492063492,0.7777777777777777,0.009706010790518568,0.19254974518600032,-0.06311065381311697,True
3159,0.36507936507936506,0.7777777777777777,0.017082102973847046,0.18503804202865287,-0.06506201924057285,True
3160,0.38095238095238093,0.7777777777777777,0.024319882280582565,0.17726204948573968,-0.06722088960916192,True
3161,0.3968253968253968,0.7777777777777777,0.03150693618022264,0.1692397021124266,-0.0695546795794334,True
3162,0.4126984126984127,0.7777777777777777,0.03838554519343106,0.16090952484347235,-0.07202384861559662,True
3163,0.42857142857142855,0.7777777777777777,0.044995761810620115,0.15224866722514369,-0.07458987309089364,True
3164,0.4444444444444444,0.7777777777777777,0.05119273648733779,0.14314981489225367,-0.07720101479575674,True
3165,0.4603174603174603,0.7777777777777777,0.057131158955877885,0.1336826284035046,-0.07982313196132522,True
3166,0.47619047619047616,0.7777777777777777,0.06239782519141942,0.12368530363828177,-0.08239606673551343,True
3167,0.49206349206349204,0.7777777777777777,0.06720403158630935,0.1131479524166523,-0.08486564633465492,True
3168,0.5079365079365079,0.7777777777777777,0.07133587864994666,0.10199477662002616,-0.08718212076788448,True
3169,0.5238095238095237,0.7777777777777777,0.07485786346169086,0.09025316219134882,-0.08928749058612916,True
3170,0.5396825396825397,0.7777777777777777,0.07753199516320258,0.07766158313169627,-0.09108263787539721,True
3171,0.5555555555555556,0.7777777777777777,0.07943644323167215,0.06436916473500098,-0.09255127143761405,True
3172,0.5714285714285714,0.7777777777777777,0.08044680669781937,0.050232808789307345,-0.09360766743496829,True
3173,0.5873015873015872,0.7777777777777777,0.08045968352019775,0.035104358836138286,-0.0941643252409381,True
3174,0.6031746031746031,0.7777777777777777,0.07943995330061833,0.01895868041659316,-0.09415256836521216,True
3175,0.6190476190476191,0.7777777777777777,0.07728426089518221,0.0017310600423829218,-0.09353207413967152,True
3176,0.6349206349206349,0.7777777777777777,0.07391042175400546,-0.01673518350458253,-0.09220892484983458,True
3177,0.6507936507936507,0.7777777777777777,0.06929310627219191,-0.036475109137115914,-0.09008542513774875,True
3178,0.6666666666666666,0.7777777777777777,0.06329664476551845,-0.0576888897885678,-0.0871501081201825,True
3179,0.6825396825396826,0.7777777777777777,0.055899170057554494,-0.08040511296098901,-0.08330835858104589,True
3180,0.6984126984126984,0.7777777777777777,0.04703255925177154,-0.10483486138812137,-0.07849494485118073,True
3181,0.7142857142857142,0.7777777777777777,0.036656447414717075,-0.1310882677030773,-0.07267803596800555,True
3182,0.7301587301587301,0.7777777777777777,0.024765089921025975,-0.15937328494724293,-0.06580524928802728,True
3183,0.746031746031746,0.7777777777777777,0.011409420347858775,-0.18982092663227412,-0.05791929163727287,True
3184,0.7619047619047619,0.7777777777777777,-0.0032352199231878167,-0.22260361225889463,-0.04895731287785699,True
3185,0.7777777777777777,0.7777777777777777,-0.019068736209922416,-0.257645229916702,-0.03898948620606244,True
3186,0.7936507936507936,0.7777777777777777,-0.035616704743458495,-0.2949347586345028,-0.028051128381471106,True
3187,0.8095238095238095,0.7777777777777777,-0.05237871822128635,-0.334118786924431,-0.0162801774575369,True
3188,0.8253968253968254,0.7777777777777777,-0.06843170756174173,-0.3744029718985596,-0.0038772523634442754,True
3189,0.8412698412698412,0.7777777777777777,-0.08273871627605654,-0.41437485699000504,0.00890333917251034,True
3190,0.8571428571428571,0.7777777777777777,-0.09407293963253655,-0.4519001880026703,0.021719176286263367,True
3191,0.873015873015873,0.7777777777777777,-0.10082796717821897,-0.4835206447223236,0.03410780157758232,True
3192,0.8888888888888888,0.7777777777777777,-0.10167097932053536,-0.5048919669329177,0.045478867187036455,True
3193,0.9047619047619047,0.7777777777777777,-0.09581676388797829,-0.5109393426375534,0.055285949069804996,True
3194,0.9206349206349206,0.7777777777777777,-0.08302214854822963,-0.49582064696832595,0.0628026226149965,True
3195,0.9365079365079365,0.7777777777777777,-0.06459098250384022,-0.4547611635315664,0.06754721340704785,True
3196,0.9523809523809523,0.7777777777777777,-0.04309734907815628,-0.384623915655043,0.06914115492182689,True
3197,0.9682539682539681,0.7777777777777777,-0.022208620726085586,-0.284282423910097,0.06745789930765811,True
3198,0.9841269841269841,0.7777777777777777,-0.0063356600602921375,-0.15514154455709403,0.06256282781691737,True
3199,1.0,0.7777777777777777,-1.2333831351239462e-06,8.92100135382675e-06,0.055426825487840774,True
3200,0.0,0.7936507936507936,-6.263143140417018e-08,1.0939908746897246e-05,-0.06828487187766125,True
3201,0.015873015873015872,0.7936507936507936,-0.002159614978585623,0.05920196544278532,-0.07078224279727535,True
3202,0.031746031746031744,0.7936507936507936,-0.007789230754226915,0.11004170895474054,-0.07278869367951195,True
3203,0.047619047619047616,0.7936507936507936,-0.015602775911360304,0.15191309279869383,-0.0739679717755822,True
3204,0.06349206349206349,0.7936507936507936,-0.02429235135583363,0.18501778444987807,-0.07429380568050019,True
3205,0.07936507936507936,0.7936507936507936,-0.0327856907655561,0.21007605020423384,-0.073833826891791,True
3206,0.09523809523809523,0.7936507936507936,-0.04026042876096707,0.22813924385826564,-0.0727070756410585,True
3207,0.1111111111111111,0.7936507936507936,-0.04618934073405043,0.2403456556521893,-0.07108375002551492,True
3208,0.12698412698412698,0.7936507936507936,-0.050305495177266395,0.24781469710682413,-0.06914285462263076,True
3209,0.14285714285714285,0.7936507936507936,-0.05250866548652281,0.25149726604432787,-0.06703589316231187,True
3210,0.15873015873015872,0.7936507936507936,-0.05286005217229413,0.25226356172296194,-0.06493168186792347,True
3211,0.1746031746031746,0.7936507936507936,-0.05147912633784181,0.2508130377381471,-0.06294229131729008,True
3212,0.19047619047619047,0.7936507936507936,-0.04853742979735814,0.24770089404445875,-0.06116997130518577,True
3213,0.20634920634920634,0.7936507936507936,-0.04429985683047837,0.24341804445849147,-0.05969521540693147,True
3214,0.2222222222222222,0.7936507936507936,-0.038902576056324877,0.2382546484264537,-0.05855261860014878,True
3215,0.23809523809523808,0.7936507936507936,-0.032484837152671815,0.23243099439845563,-0.057768529236222936,True
3216,0.25396825396825395,0.7936507936507936,-0.02534373860283574,0.2261864341452613,-0.05737745458117742,True
3217,0.2698412698412698,0.7936507936507936,-0.017570902503229867,0.21963543419348797,-0.05736858390522542,True
3218,0.2857142857142857,0.7936507936507936,-0.009326242034211667,0.2128665810635098,-0.057736847116588774,True
3219,0.30158730158730157,0.7936507936507936,-0.0007079969213155626,0.20593593241731545,-0.0584678763674849,True
3220,0.31746031746031744,0.7936507936507936,0.00810167168284813,0.1988639206726621,-0.05954584596275541,True
3221,0.3333333333333333,0.7936507936507936,0.01704056107354647,0.19168468646155018,-0.060941140888807935,True
3222,0.3492063492063492,0.7936507936507936,0.026090969819961583,0.1843628961893207,-0.06262666267200284,True
3223,0.36507936507936506,0.7936507936507936,0.03505692208523558,0.17690838516878304,-0.0645715021383669,True
3224,0.38095238095238093,0.7936507936507936,0.04382618120652076,0.16929346110431273,-0.0667391548778107,True
3225,0.3968253968253968,0.7936507936507936,0.05247152630914315,0.16149125822888039,-0.06909411017736553,True
3226,0.4126984126984127,0.7936507936507936,0.06084321889789595,0.15343191544903226,-0.07159341544857585,True
3227,0.42857142857142855,0.7936507936507936,0.06887692988174889,0.14510592181328674,-0.07419466892402816,True
3228,0.4444444444444444,0.7936507936507936,0.07649165917666793,0.13645272164667457,-0.07685050460851352,True
3229,0.4603174603174603,0.7936507936507936,0.08368498643217828,0.12743372261553979,-0.07951072976831322,True
3230,0.47619047619047616,0.7936507936507936,0.09025812751034001,0.11796303035192902,-0.08212047099781301,True
3231,0.49206349206349204,0.7936507936507936,0.09633475218731162,0.10807801367457329,-0.08463480413297053,True
3232,0.5079365079365079,0.7936507936507936,0.10166523039781054,0.09760632050062903,-0.08698521559322639,True
3233,0.5238095238095237,0.7936507936507936,0.10634652550236039,0.08655633220594411,-0.08909193451642519,True
3234,0.5396825396825397,0.7936507936507936,0.11010744517618744,0.07485385971841317,-0.09092806274741945,True
3235,0.5555555555555556,0.7936507936507936,0.11307082758340953,0.062441442104623116,-0.09239183550212997,True
3236,0.5714285714285714,0.7936507936507936,0.11507200811916227,0.04920437059296902,-0.09340301461902914,True
3237,0.5873015873015872,0.7936507936507936,0.1160088253079638,0.0351448402956218,-0.09393971602294499,True
3238,0.6031746031746031,0.7936507936507936,0.11585174068389002,0.020148942270045267,-0.09388811216198191,True
3239,0.6190476190476191,0.7936507936507936,0.11449152779573321,0.004078507980225874,-0.09315789108668476,True
3240,0.6349206349206349,0.7936507936507936,0.11183626905654975,-0.013096395019091892,-0.09170846303119348,True
3241,0.6507936507936507,0.7936507936507936,0.10780587904457069,-0.03146611020506974,-0.08947136616623894,True
3242,0.6666666666666666,0.7936507936507936,0.10231743318273163,-0.0511780810754962,-0.0863418232311681,True
3243,0.6825396825396826,0.7936507936507936,0.09526724532202484,-0.07241145439175645,-0.08226360042975214,True
3244,0.6984126984126984,0.7936507936507936,0.0865826667196482,-0.09525891748512431,-0.07717787546974542,True
3245,0.7142857142857142,0.7936507936507936,0.07619617573345076,-0.11992779826866834,-0.07102455663194478,True
3246,0.7301587301587301,0.7936507936507936,0.06403986956665049,-0.14654226895185507,-0.06379995675218642,True
3247,0.746031746031746,0.7936507936507936,0.05013007506548893,-0.17540275759298213,-0.05542215192411711,True
3248,0.7619047619047619,0.7936507936507936,0.03449837182904776,-0.206678546144854,-0.045935997157755516,True
3249,0.7777777777777777,0.7936507936507936,0.01729409715657164,-0.24052573247962,-0.03531906506667706,True
3250,0.7936507936507936,0.7936507936507936,-0.001195578055515754,-0.27703425287403494,-0.023657976551416694,True
3251,0.8095238095238095,0.7936507936507936,-0.020501151473437555,-0.3160706835100689,-0.011038689794892389,True
3252,0.8253968253968254,0.7936507936507936,-0.039856461988832956,-0.3571453483877526,0.002344282569360766,True
3253,0.8412698412698412,0.7936507936507936,-0.058210094117670357,-0.3991740382315772,0.01625619997834789,True
3254,0.8571428571428571,0.7936507936507936,-0.07415611331823917,-0.4401589126099477,0.0303556464057715,True
3255,0.873015873015873,0.7936507936507936,-0.08596756298039157,-0.47690180530310206,0.04412581771226284,True
3256,0.8888888888888888,0.7936507936507936,-0.09193527654300158,-0.5048376504450355,0.057015814390283734,True
3257,0.9047619047619047,0.7936507936507936,-0.09075332999913058,-0.5183310515286798,0.06834284011879212,True
3258,0.9206349206349206,0.7936507936507936,-0.08160892142934259,-0.5103140625211467,0.0773450693653374,True
3259,0.9365079365079365,0.7936507936507936,-0.06544992297798409,-0.4747019293468437,0.08337253281800093,True
3260,0.9523809523809523,0.7936507936507936,-0.04471669611851457,-0.4066282224364321,0.085906880082537,True
3261,0.9682539682539681,0.7936507936507936,-0.023461405093190595,-0.3038816264701945,0.08472054415595594,True
3262,0.9841269841269841,0.7936507936507936,-0.0067851822875721005,-0.16736403380321815,0.07984166493340959,True
3263,1.0,0.7936507936507936,-1.9735811769393522e-08,1.7334385992752108e-05,0.07227065970124805,True
3264,0.0,0.8095238095238095,3.959485457469023e-07,-2.3801641562846507e-05,-0.07322531731190798,True
3265,0.015873015873015872,0.8095238095238095,-0.0027104982517212823,0.06376569464722619,-0.07633987687324886,True
3266,0.031746031746031744,0.8095238095238095,-0.009658547329459425,0.1177375290137225,-0.07873312923123929,True
3267,0.047619047619047616,0.8095238095238095,-0.019062582793797862,0.16116162092108346,-0.07998735583339261,True
3268,0.06349206349206349,0.8095238095238095,-0.02923376089905859,0.19445208582751058,-0.08012171850437626,True
3269,0.07936507936507936,0.8095238095238095,-0.03882485283857823,0.21861004205463475,-0.07924005810946526,True
3270,0.09523809523809523,0.8095238095238095,-0.0468477096380837,0.23507445619203918,-0.07754000658093145,True
3271,0.1111111111111111,0.8095238095238095,-0.05275595249207972,0.24528640878429778,-0.0752524180730063,True
3272,0.12698412698412698,0.8095238095238095,-0.05629602188857733,0.2505532730492818,-0.07259949817345113,True
3273,0.14285714285714285,0.8095238095238095,-0.057540744443479064,0.25221205079298076,-0.06983995118685705,True
3274,0.15873015873015872,0.8095238095238095,-0.05647642502668999,0.2509614779983542,-0.0670776569182205,True
3275,0.1746031746031746,0.8095238095238095,-0.053521443382732015,0.24780898892021244,-0.06452439219840278,True
3276,0.19047619047619047,0.8095238095238095,-0.048770038849759424,0.24317349321559037,-0.06224486045703398,True
3277,0.20634920634920634,0.8095238095238095,-0.04256409288843686,0.2375626236324168,-0.06032994314703597,True
3278,0.2222222222222222,0.8095238095238095,-0.035173510627500834,0.231319754729037,-0.05882529254404137,True
3279,0.23809523809523808,0.8095238095238095,-0.026742797357269376,0.22462559325917736,-0.057743577056086265,True
3280,0.25396825396825395,0.8095238095238095,-0.01762469222615862,0.21771025250255016,-0.057115827861236576,True
3281,0.2698412698412698,0.8095238095238095,-0.007849557714244811,0.21062238555490467,-0.05691870886845208,True
3282,0.2857142857142857,0.8095238095238095,0.002343519422787777,0.20346767205850894,-0.05714198713993927,True
3283,0.30158730158730157,0.8095238095238095,0.012891908729317277,0.19626139317717722,-0.05776843032880336,True
3284,0.31746031746031744,0.8095238095238095,0.02350346601609128,0.18905294264336703,-0.05877405725490936,True
3285,0.3333333333333333,0.8095238095238095,0.0342544892878691,0.18181905049894503,-0.060123368383780774,True
3286,0.3492063492063492,0.8095238095238095,0.04496576083904246,0.174521274226357,-0.06178873454954553,True
3287,0.36507936507936506,0.8095238095238095,0.055577857479683114,0.16720128011599655,-0.0637273519481919,True
3288,0.38095238095238093,0.8095238095238095,0.06606723198652954,0.15977545091482706,-0.06590619449651933,True
3289,0.3968253968253968,0.8095238095238095,0.07616260014769272,0.15219120890382426,-0.0682789114845649,True
3290,0.4126984126984127,0.8095238095238095,0.08607697823352688,0.14449372354617146,-0.07080782297532123,True
3291,0.42857142857142855,0.8095238095238095,0.09552555937219637,0.13655846165335905,-0.07344155465968973,True
3292,0.4444444444444444,0.8095238095238095,0.10454485406013983,0.12836672425984355,-0.07613215318274495,True
3293,0.4603174603174603,0.8095238095238095,0.11307429492104955,0.11986907425716063,-0.07882594928756495,True
3294,0.47619047619047616,0.8095238095238095,0.12098270858182629,0.1110016741067384,-0.08146826415855912,True
3295,0.49206349206349204,0.8095238095238095,0.1282546551085319,0.10173952765763003,-0.08400483926828785,True
3296,0.5079365079365079,0.8095238095238095,0.1348545595271767,0.09203045444207111,-0.08637041598846984,True
3297,0.5238095238095237,0.8095238095238095,0.14055427609316185,0.0817338347650046,-0.08849948410809018,True
3298,0.5396825396825397,0.8095238095238095,0.1455009840837389,0.07092773549745933,-0.09032247839411708,True
3299,0.5555555555555556,0.8095238095238095,0.1494728969567708,0.059413467409167836,-0.0917589829970563,True
3300,0.5714285714285714,0.8095238095238095,0.15246562194172558,0.04724891302716556,-0.09275693234233386,True
3301,0.5873015873015872,0.8095238095238095,0.15434294313172103,0.03425500880102914,-0.09321889075392197,True
3302,0.6031746031746031,0.8095238095238095,0.15505602833898963,0.020398830351844616,-0.09306461772822065,True
3303,0.6190476190476191,0.8095238095238095,0.1545016094977937,0.005669289419717656,-0.09225049138264048,True
3304,0.6349206349206349,0.8095238095238095,0.15257802088759584,-0.010096028732580925,-0.09067344646798355,True
3305,0.6507936507936507,0.8095238095238095,0.14919957545502288,-0.027010146907197465,-0.08822624344880499,True
3306,0.6666666666666666,0.8095238095238095,0.1442277012095913,-0.045168325651535696,-0.08489870779184683,True
3307,0.6825396825396826,0.8095238095238095,0.13759053777487337,-0.06472402539487881,-0.08054922250034686,True
3308,0.6984126984126984,0.8095238095238095,0.1291703025554631,-0.08579164673145565,-0.0751524811064824,True
3309,0.7142857142857142,0.8095238095238095,0.11885527514764234,-0.10863104378730859,-0.0686481980368587,True
3310,0.7301587301587301,0.8095238095238095,0.10657307851791185,-0.1333827624014036,-0.060951052333100705,True
3311,0.746031746031746,0.8095238095238095,0.09225010777046272,-0.1603369251361413,-0.0520680189231994,True
3312,0.7619047619047619,0.8095238095238095,0.07585444819918562,-0.18970668772349836,-0.04195643984887092,True
3313,0.7777777777777777,0.8095238095238095,0.057458676464627684,-0.2218665209547376,-0.030640812551496272,True
3314,0.7936507936507936,0.8095238095238095,0.03723298843443619,-0.2569858097330384,-0.018169016703848708,True
3315,0.8095238095238095,0.8095238095238095,0.01554509808988416,-0.2951792336812972,-0.004610586024267076,True
3316,0.8253968253968254,0.8095238095238095,-0.0069730375872938555,-0.33625535546389884,0.009873222356872038,True
3317,0.8412698412698412,0.8095238095238095,-0.029366185551560505,-0.37951421989012646,0.025075108097737466,True
3318,0.8571428571428571,0.8095238095238095,-0.05011710607522711,-0.42334907963687657,0.040567979885129286,True
3319,0.873015873015873,0.8095238095238095,-0.06746150888692269,-0.4648583061029335,0.05596052917108902,True
3320,0.8888888888888888,0.8095238095238095,-0.07931352480299027,-0.4995525268754857,0.07062308369393065,True
3321,0.9047619047619047,0.8095238095238095,-0.08342356023311051,-0.5207372276222533,0.0836903182447455,True
3322,0.9206349206349206,0.8095238095238095,-0.07897988076071902,-0.5213634971264182,0.09447610761582753,True
3323,0.9365079365079365,0.8095238095238095,-0.06582293179163776,-0.49264629879967703,0.10206734141284152,True
3324,0.9523809523809523,0.8095238095238095,-0.046362106136515924,-0.4281427658977044,0.1058299333859482,True
3325,0.9682539682539681,0.8095238095238095,-0.024900857452907047,-0.3241192357619406,0.10529386623813164,True
3326,0.9841269841269841,0.8095238095238095,-0.007312096481074945,-0.18028616133602746,0.1004511621841268,True
3327,1.0,0.8095238095238095,-2.300893286480686e-07,-0.0001144898099986896,0.09235408258501651,True
3328,0.0,0.8253968253968254,1.3575255057683433e-07,4.444804680580884e-06,-0.07898415076380692,True
3329,0.015873015873015872,0.8253968253968254,-0.0034295900697223305,0.06951636068338705,-0.08290365896543918,True
3330,0.031746031746031744,0.8253968253968254,-0.012081362068162562,0.12717645667609415,-0.0857679622190114,True
3331,0.047619047619047616,0.8253968253968254,-0.023488458218783835,0.17219077272717742,-0.08706476731291546,True
3332,0.06349206349206349,0.8253968253968254,-0.035408455384899444,0.20526379360177044,-0.08686118928785276,True
3333,0.07936507936507936,0.8253968253968254,-0.046125425746691415,0.22794569028544268,-0.08536432737912555,True
3334,0.09523809523809523,0.8253968253968254,-0.054541760859798775,0.2421407513810777,-0.08287075790756747,True
3335,0.1111111111111111,0.8253968253968254,-0.06010330195795632,0.24970568863094283,-0.07970424348660168,True
3336,0.12698412698412698,0.8253968253968254,-0.06269378142812208,0.25236689007682134,-0.0761853376183995,True
3337,0.14285714285714285,0.8253968253968254,-0.06241136851190347,0.2514167473561209,-0.07257100122867555,True
3338,0.15873015873015872,0.8253968253968254,-0.05957460590858915,0.24798695109175664,-0.06907064580810399,True
3339,0.1746031746031746,0.8253968253968254,-0.05445667355919353,0.2428027520543709,-0.06584372500624927,True
3340,0.19047619047619047,0.8253968253968254,-0.04751087933877656,0.2365485835420386,-0.06300669100346787,True
3341,0.20634920634920634,0.8253968253968254,-0.038955198562197216,0.22956652032465094,-0.06061483079045583,True
3342,0.2222222222222222,0.8253968253968254,-0.029168503306871704,0.22220343112160382,-0.05871660295282686,True
3343,0.23809523809523808,0.8253968253968254,-0.018559575270103806,0.21470363487751232,-0.057347058174708344,True
3344,0.25396825396825395,0.8253968253968254,-0.007118462186939723,0.20711487549671206,-0.05646639340183476,True
3345,0.2698412698412698,0.8253968253968254,0.004843814548791737,0.19955904624799384,-0.05608199183710681,True
3346,0.2857142857142857,0.8253968253968254,0.017142952135337033,0.19206652794691684,-0.05617462851932211,True
3347,0.30158730158730157,0.8253968253968254,0.029671106674848083,0.1846839735445448,-0.056701050945673875,True
3348,0.31746031746031744,0.8253968253968254,0.04228869587837603,0.17738601385850009,-0.05764030848483898,True
3349,0.3333333333333333,0.8253968253968254,0.054894844766875235,0.17016281982818876,-0.05895259196584183,True
3350,0.3492063492063492,0.8253968253968254,0.06739792721441779,0.1629891420165624,-0.060600181978082035,True
3351,0.36507936507936506,0.8253968253968254,0.07971822571648043,0.15581331727501724,-0.06254140555654117,True
3352,0.38095238095238093,0.8253968253968254,0.09179304370597825,0.1486642395491516,-0.06473095865827004,True
3353,0.3968253968253968,0.8253968253968254,0.10353164129486733,0.1414231754381166,-0.06712810281567103,True
3354,0.4126984126984127,0.8253968253968254,0.11488708327206243,0.1340873682273933,-0.06968328755696482,True
3355,0.42857142857142855,0.8253968253968254,0.12579268121846496,0.12660664759158516,-0.07234799731615917,True
3356,0.4444444444444444,0.8253968253968254,0.13618080219090653,0.11892326599981817,-0.07506899960730803,True
3357,0.4603174603174603,0.8253968253968254,0.14601105794088345,0.1110240082959768,-0.07779627892980812,True
3358,0.47619047619047616,0.8253968253968254,0.15517616448047591,0.10275709068506683,-0.08045633827080773,True
3359,0.49206349206349204,0.8253968253968254,0.16369241269620416,0.09422367798965736,-0.08300921666440045,True
3360,0.5079365079365079,0.8253968253968254,0.17138217122845878,0.08527512369395991,-0.0853935578483643,True
3361,0.5238095238095237,0.8253968253968254,0.1782761271244769,0.07586060881495468,-0.08751563781834064,True
3362,0.5396825396825397,0.8253968253968254,0.18426172957170225,0.06591001034867382,-0.08930602054248153,True
3363,0.5555555555555556,0.8253968253968254,0.1892919898015483,0.05546817706351924,-0.09071331654457129,True
3364,0.5714285714285714,0.8253968253968254,0.19316443966174357,0.044286283949998395,-0.09166068227597693,True
3365,0.5873015873015872,0.8253968253968254,0.19602169265110198,0.03255217474288388,-0.09203877383167075,True
3366,0.6031746031746031,0.8253968253968254,0.19753629946697465,0.019921854821381917,-0.09179891669343833,True
3367,0.6190476190476191,0.8253968253968254,0.19776714830142308,0.00655191613565553,-0.09085748594393933,True
3368,0.6349206349206349,0.8253968253968254,0.1965487491575819,-0.007809683910829471,-0.08910647689511111,True
3369,0.6507936507936507,0.8253968253968254,0.19381190640571747,-0.023122480597269103,-0.08646078135511064,True
3370,0.6666666666666666,0.8253968253968254,0.18937562099446228,-0.039675791721165934,-0.08287362705302741,True
3371,0.6825396825396826,0.8253968253968254,0.18317844058278454,-0.0574117912762023,-0.07824453744300179,True
3372,0.6984126984126984,0.8253968253968254,0.17506976479998848,-0.0766008473959116,-0.07248549090051268,True
3373,0.7142857142857142,0.8253968253968254,0.16491723115206833,-0.09739761722714947,-0.06556400456394455,True
3374,0.7301587301587301,0.8253968253968254,0.15260174392839873,-0.12003106154217187,-0.057394541495147784,True
3375,0.746031746031746,0.8253968253968254,0.13800137323048647,-0.14475338682299743,-0.04794633452905655,True
3376,0.7619047619047619,0.8253968253968254,0.12103489235727521,-0.1719407320081589,-0.037173959046241566,True
3377,0.7777777777777777,0.8253968253968254,0.10166942435446104,-0.20191788450054943,-0.025080064387957034,True
3378,0.7936507936507936,0.8253968253968254,0.07993520294611586,-0.23502567429978355,-0.011690963720290862,True
3379,0.8095238095238095,0.8253968253968254,0.05606675382201668,-0.27163159530774955,0.00293963597577193,True
3380,0.8253968253968254,0.8253968253968254,0.030622645339301858,-0.3118780739409432,0.01864773751178834,True
3381,0.8412698412698412,0.8253968253968254,0.0043247149731022744,-0.35543564631856606,0.03525272903227846,True
3382,0.8571428571428571,0.8253968253968254,-0.021374345147471756,-0.4012003130762869,0.05244282191672812,True
3383,0.873015873015873,0.8253968253968254,-0.044543704257406294,-0.44674912628569846,0.06968058283403265,True
3384,0.8888888888888888,0.8253968253968254,-0.06285214810879429,-0.487858593922926,0.08635854030024269,True
3385,0.9047619047619047,0.8253968253968254,-0.07362588021903597,-0.5178736241663429,0.10164528861265203,True
3386,0.9206349206349206,0.8253968253968254,-0.07475064271961455,-0.527965857931488,0.11455390455265282,True
3387,0.9365079365079365,0.8253968253968254,-0.06565747627680213,-0.5082725528114904,0.12409230280474914,True
3388,0.9523809523809523,0.8253968253968254,-0.04804964554160855,-0.449334350472349,0.12935573913297999,True
3389,0.9682539682539681,0.8253968253968254,-0.026540170880971405,-0.3451629457357169,0.1297379861554142,True
3390,0.9841269841269841,0.8253968253968254,-0.007964483687451398,-0.19441602337397645,0.1250336168305155,True
3391,1.0,0.8253968253968254,-1.3786547318434065e-07,-2.9616290291581364e-05,0.11630613218940601,True
3392,0.0,0.8412698412698412,-1.0936866004005793e-06,-8.685615982270398e-06,-0.08593951726667752,True
3393,0.015873015873015872,0.8412698412698412,-0.004417862250569565,0.07684560754832691,-0.09094069631620365,True
3394,0.031746031746031744,0.8412698412698412,-0.015249880337103708,0.13883297594120028,-0.09434645635041225,True
3395,0.047619047619047616,0.8412698412698412,-0.02909101662928495,0.18533351913889684,-0.09558744090984611,True
3396,0.06349206349206349,0.8412698412698412,-0.04297790347529703,0.21760551085172025,-0.0948015697640313,True
3397,0.07936507936507936,0.8412698412698412,-0.054729257122360556,0.23794150075970985,-0.09238092553274146,True
3398,0.09523809523809523,0.8412698412698412,-0.06316512426960603,0.24901239250796336,-0.08879233686916396,True
3399,0.1111111111111111,0.8412698412698412,-0.06782673279783637,0.2531822980381773,-0.08446295539742844,True
3400,0.12698412698412698,0.8412698412698412,-0.06880939332183812,0.25259875862954245,-0.07985373895163415,True
3401,0.14285714285714285,0.8412698412698412,-0.06633845761473338,0.24865469750827668,-0.07520701760622331,True
3402,0.15873015873015872,0.8412698412698412,-0.06099287148467959,0.24266442297709043,-0.07084221813693281,True
3403,0.1746031746031746,0.8412698412698412,-0.05314836043703586,0.2353431459246604,-0.06684953602913925,True
3404,0.19047619047619047,0.8412698412698412,-0.04338235476952689,0.227335389723801,-0.06338796699280208,True
3405,0.20634920634920634,0.8412698412698412,-0.03211258122512138,0.2190314180339643,-0.060504950929542854,True
3406,0.2222222222222222,0.8412698412698412,-0.019664100346735616,0.21063769493791312,-0.058214703867322984,True
3407,0.23809523809523808,0.8412698412698412,-0.006306075254726073,0.20231350762171452,-0.056523262776093375,True
3408,0.25396825396825395,0.8412698412698412,0.00757714307941955,0.1941786901038964,-0.0554102317969438,True
3409,0.2698412698412698,0.8412698412698412,0.021917871960556997,0.18623862855027193,-0.05485783365374793,True
3410,0.2857142857142857,0.8412698412698412,0.03648803867729483,0.1785398817939258,-0.0548176658348048,True
3411,0.30158730158730157,0.8412698412698412,0.05113112263633983,0.17105552425881948,-0.055263245904336164,True
3412,0.31746031746031744,0.8412698412698412,0.06577330380281146,0.16377382695974954,-0.05614993516424209,True
3413,0.3333333333333333,0.8412698412698412,0.08031964229678147,0.1566516867116054,-0.05743763823507389,True
3414,0.3492063492063492,0.8412698412698412,0.09464186591611835,0.14967099328619357,-0.059077435742412865,True
3415,0.36507936507936506,0.8412698412698412,0.10870640023565545,0.1427916083469825,-0.06102521748769766,True
3416,0.38095238095238093,0.8412698412698412,0.12238173288891808,0.13595170022603237,-0.06323393890069494,True
3417,0.3968253968253968,0.8412698412698412,0.13563301135715683,0.12911880990244598,-0.06565508766357557,True
3418,0.4126984126984127,0.8412698412698412,0.1484553065388795,0.12221630849306372,-0.06823873863032708,True
3419,0.42857142857142855,0.8412698412698412,0.16075253008490745,0.11527642284622835,-0.07093409432297737,True
3420,0.4444444444444444,0.8412698412698412,0.17243019367991308,0.10816134055499843,-0.07368196188873982,True
3421,0.4603174603174603,0.8412698412698412,0.1834888015312704,0.10085764378267109,-0.07642901200796266,True
3422,0.47619047619047616,0.8412698412698412,0.19390604650380572,0.09337893431947376,-0.07911455435179635,True
3423,0.49206349206349204,0.8412698412698412,0.20346651276729183,0.08552415087355374,-0.08167373307290227,True
3424,0.5079365079365079,0.8412698412698412,0.21231493796471476,0.07742774801803956,-0.08404918755128159,True
3425,0.5238095238095237,0.8412698412698412,0.22019898484392061,0.06887994806298878,-0.08615417588063336,True
3426,0.5396825396825397,0.8412698412698412,0.22716886690796012,0.05990508050688599,-0.08791315191999709,True
3427,0.5555555555555556,0.8412698412698412,0.23309092430113518,0.05047746816710116,-0.08927868578819935,True
3428,0.5714285714285714,0.8412698412698412,0.237911168936912,0.04052235241461571,-0.0901557677872505,True
3429,0.5873015873015872,0.8412698412698412,0.24152183761421597,0.029891971119259935,-0.0904457802209092,True
3430,0.6031746031746031,0.8412698412698412,0.2438741905617126,0.01867681860857795,-0.09008084784247788,True
3431,0.6190476190476191,0.8412698412698412,0.24479087788773282,0.006632475697121094,-0.08899126253235327,True
3432,0.6349206349206349,0.8412698412698412,0.24424914277802803,-0.006169944509458061,-0.08705447164377199,True
3433,0.6507936507936507,0.8412698412698412,0.24208829913084295,-0.019883047672801243,-0.08419917425482257,True
3434,0.6666666666666666,0.8412698412698412,0.2381896270636069,-0.034600325304362675,-0.08035183297747231,True
3435,0.6825396825396826,0.8412698412698412,0.23242181084906066,-0.05049447008344052,-0.0753952625033885,True
3436,0.6984126984126984,0.8412698412698412,0.22464285229921133,-0.06762673624160684,-0.06928793480192659,True
3437,0.7142857142857142,0.8412698412698412,0.21470309622460018,-0.0862291458852261,-0.06190261935689679,True
3438,0.7301587301587301,0.8412698412698412,0.20243648528846656,-0.10655093998618298,-0.053221282243604395,True
3439,0.746031746031746,0.8412698412698412,0.18769150249676467,-0.12886892983947695,-0.04316565709662907,True
3440,0.7619047619047619,0.8412698412698412,0.17030974695386697,-0.15343586712502175,-0.03168273494617396,True
3441,0.7777777777777777,0.8412698412698412,0.150175020727261,-0.18081933855015508,-0.018744388535765766,True
3442,0.7936507936507936,0.8412698412698412,0.12722017333948474,-0.21137475998358898,-0.004345493078771823,True
3443,0.8095238095238095,0.8412698412698412,0.10158636958765148,-0.24576485254659128,0.0114196924442103,True
3444,0.8253968253968254,0.8412698412698412,0.07341736068364375,-0.2842253084843763,0.02851847459164836,True
3445,0.8412698412698412,0.8412698412698412,0.04348296338853741,-0.3269884316237635,0.04677114937968053,True
3446,0.8571428571428571,0.8412698412698412,0.012994988844144408,-0.37354690098620924,0.06580538761132826,True
3447,0.873015873015873,0.8412698412698412,-0.016340619077790167,-0.4221442766982381,0.0852533582948512,True
3448,0.8888888888888888,0.8412698412698412,-0.04192630053833984,-0.4691924487114932,0.1044495637438102,True
3449,0.9047619047619047,0.8412698412698412,-0.060113973886092166,-0.5078102073022246,0.12231735767794134,True
3450,0.9206349206349206,0.8412698412698412,-0.06843185742666404,-0.5290489221969376,0.13798714696880865,True
3451,0.9365079365079365,0.8412698412698412,-0.06466554459630501,-0.5203583227769414,0.15003818004846148,True
3452,0.9523809523809523,0.8412698412698412,-0.04974342181672114,-0.4691011067120846,0.15729893354779012,True
3453,0.9682539682539681,0.8412698412698412,-0.028530699711339366,-0.3668735866861167,0.15894255170143098,True
3454,0.9841269841269841,0.8412698412698412,-0.008794964369317902,-0.20954764432123119,0.15448998113223175,True
3455,1.0,0.8412698412698412,1.15275217075518e-06,7.665283570660186e-05,0.14496709611028324,True
3456,0.0,0.8571428571428571,3.878568887612003e-07,-5.0073184081868285e-05,-0.09465938051186501,True
3457,0.015873015873015872,0.8571428571428571,-0.005734104360178891,0.0861610005634366,-0.10109158706514794,True
3458,0.031746031746031744,0.8571428571428571,-0.019430264214357132,0.15329052547024333,-0.10510684408300044,True
3459,0.047619047619047616,0.8571428571428571,-0.03622513553147932,0.20095813706808752,-0.10605678866389362,True
3460,0.06349206349206349,0.8571428571428571,-0.0520962541182852,0.2314203866356972,-0.10431467841456185,True
3461,0.07936507936507936,0.8571428571428571,-0.06447686516048015,0.24814770477047934,-0.10050087528145743,True
3462,0.09523809523809523,0.8571428571428571,-0.0721770199948626,0.25493616996821844,-0.09536707827776528,True
3463,0.1111111111111111,0.8571428571428571,-0.0750541045767763,0.25492186680062334,-0.0895417234104245,True
3464,0.12698412698412698,0.8571428571428571,-0.07336982676999758,0.2503664406471477,-0.08350242490719033,True
3465,0.14285714285714285,0.8571428571428571,-0.06776280563252078,0.24306558802785566,-0.07764863230860108,True
3466,0.15873015873015872,0.8571428571428571,-0.059061214491164554,0.23432782785074996,-0.07225903139079282,True
3467,0.1746031746031746,0.8571428571428571,-0.04781131241904119,0.2248301003701749,-0.06744829362417153,True
3468,0.19047619047619047,0.8571428571428571,-0.03458253437610003,0.21510385966227807,-0.06332631456098614,True
3469,0.20634920634920634,0.8571428571428571,-0.02009275942244479,0.20553628757302977,-0.05992653450095074,True
3470,0.2222222222222222,0.8571428571428571,-0.004408230255374601,0.19618865829282578,-0.05723745643951698,True
3471,0.23809523809523808,0.8571428571428571,0.011718879957121084,0.18725845043937372,-0.05525420717044977,True
3472,0.25396825396825395,0.8571428571428571,0.028416478674813606,0.17869606805072308,-0.053922771905411816,True
3473,0.2698412698412698,0.8571428571428571,0.04527986391854719,0.17054158136809577,-0.053212800471123416,True
3474,0.2857142857142857,0.8571428571428571,0.06220961656205179,0.16275407494603708,-0.05307573090199393,True
3475,0.30158730158730157,0.8571428571428571,0.07914678453969798,0.15532269380570415,-0.05345359873206625,True
3476,0.31746031746031744,0.8571428571428571,0.09578121467111719,0.14818602355682858,-0.05430751779914839,True
3477,0.3333333333333333,0.8571428571428571,0.11219183035855022,0.14130887673200176,-0.05558195978795118,True
3478,0.3492063492063492,0.8571428571428571,0.12832556931248595,0.1346381030528499,-0.05722966586500426,True
3479,0.36507936507936506,0.8571428571428571,0.14405263194679832,0.1281194527293615,-0.059197810024902334,True
3480,0.38095238095238093,0.8571428571428571,0.15924158203888275,0.12171288185300748,-0.06143160645603614,True
3481,0.3968253968253968,0.8571428571428571,0.17393151142029945,0.11535633967739455,-0.06388302851381342,True
3482,0.4126984126984127,0.8571428571428571,0.18807467950316506,0.10902686131239495,-0.06649893020860247,True
3483,0.42857142857142855,0.8571428571428571,0.20159444079744382,0.10263682766337075,-0.06922228103631313,True
3484,0.4444444444444444,0.8571428571428571,0.21449439817892837,0.09619796121336141,-0.07199939226918456,True
3485,0.4603174603174603,0.8571428571428571,0.22666660112355336,0.08960014522122635,-0.07476726709651269,True
3486,0.47619047619047616,0.8571428571428571,0.23809699437838033,0.08282835145028639,-0.07746260489342716,True
3487,0.49206349206349204,0.8571428571428571,0.24870318309378417,0.07585059967830371,-0.08002684980745636,True
3488,0.5079365079365079,0.8571428571428571,0.2584616765001668,0.06857710310753869,-0.08238543332586797,True
3489,0.5238095238095237,0.8571428571428571,0.26723877262888573,0.060994541834593706,-0.08446977257539813,True
3490,0.5396825396825397,0.8571428571428571,0.2750262434194244,0.053049529777283076,-0.08619847045400283,True
3491,0.5555555555555556,0.8571428571428571,0.28173828405849666,0.04469744668728397,-0.08750211922700614,True
3492,0.5714285714285714,0.8571428571428571,0.28730615512077967,0.03588637784082139,-0.08828784613456056,True
3493,0.5873015873015872,0.8571428571428571,0.2916167276817145,0.02656136121504197,-0.08849387999092272,True
3494,0.6031746031746031,0.8571428571428571,0.29462408668707135,0.016694264199131524,-0.08799946445539059,True
3495,0.6190476190476191,0.8571428571428571,0.2961820066603175,0.006133150122628704,-0.08672735163705171,True
3496,0.6349206349206349,0.8571428571428571,0.2961976445455871,-0.00508974364928328,-0.08460359499042576,True
3497,0.6507936507936507,0.8571428571428571,0.2945446934302904,-0.01710127231288694,-0.0815407929260916,True
3498,0.6666666666666666,0.8571428571428571,0.29110377259814063,-0.030051242241052628,-0.07740760078421874,True
3499,0.6825396825396826,0.8571428571428571,0.28573857424390914,-0.04392570450294815,-0.07213829171736606,True
3500,0.6984126984126984,0.8571428571428571,0.27829122610814244,-0.05891078643653694,-0.06562074398442327,True
3501,0.7142857142857142,0.8571428571428571,0.26857331926569133,-0.07529163556485315,-0.057827769102783866,True
3502,0.7301587301587301,0.8571428571428571,0.25643291942676066,-0.09309951778793553,-0.04860131461567034,True
3503,0.746031746031746,0.8571428571428571,0.2416535131291711,-0.11274468794317404,-0.03790898802893571,True
3504,0.7619047619047619,0.8571428571428571,0.2240416439174815,-0.13456409326345245,-0.02567423979486818,True
3505,0.7777777777777777,0.8571428571428571,0.20338466109419198,-0.15894546734932943,-0.011854181961464094,True
3506,0.7936507936507936,0.8571428571428571,0.17951912482411025,-0.18644516474200537,0.0036024340580938213,True
3507,0.8095238095238095,0.8571428571428571,0.1523641664346213,-0.21780468945132403,0.020648146029725117,True
3508,0.8253968253968254,0.8571428571428571,0.12200688934281244,-0.25366200403386,0.039256003505981886,True
3509,0.8412698412698412,0.8571428571428571,0.08875067504001785,-0.2944827301509254,0.05932477293094827,True
3510,0.8571428571428571,0.8571428571428571,0.053621014953475064,-0.3404973146103321,0.08053486519717953,True
3511,0.873015873015873,0.8571428571428571,0.018167044931817755,-0.39073177951800636,0.10256148150624801,True
3512,0.8888888888888888,0.8571428571428571,-0.015013658902827503,-0.44249609743802426,0.12470280526782757,True
3513,0.9047619047619047,0.8571428571428571,-0.042065021259124306,-0.48978133052480444,0.1459411895485301,True
3514,0.9206349206349206,0.8571428571428571,-0.05907032683694463,-0.5229578628447957,0.16508747590849454,True
3515,0.9365079365079365,0.8571428571428571,-0.06224341763690157,-0.5273202157487229,0.18043983538735905,True
3516,0.9523809523809523,0.8571428571428571,-0.05143668985507039,-0.4873202412554349,0.19046806162115407,True
3517,0.9682539682539681,0.8571428571428571,-0.030949990824838063,-0.38935379524225294,0.19392300499161572,True
3518,0.9841269841269841,0.8571428571428571,-0.009840102661517608,-0.22632043407038288,0.18988783983370525,True
3519,1.0,0.8571428571428571,2.977406136883506e-06,-6.614634359730288e-06,0.17934636831288964,True
3520,0.0,0.873015873015873,1.441021837559681e-07,-4.293972510865045e-06,-0.10602184435619298,True
3521,0.015873015873015872,0.873015873015873,-0.007529870522766452,0.09820369115224063,-0.11437182796012979,True
3522,0.031746031746031744,0.873015873015873,-0.024960426439480567,0.17124817240804616,-0.11902540996802576,True
3523,0.047619047619047616,0.873015873015873,-0.04514940474379664,0.21924380296084253,-0.11924159484876964,True
3524,0.06349206349206349,0.873015873015873,-0.06275238266430716,0.24630382066919898,-0.11584838567139127,True
3525,0.07936507936507936,0.873015873015873,-0.07484923500366406,0.2578604977985664,-0.10995794436419708,True
3526,0.09523809523809523,0.873015873015873,-0.08051074300222981,0.2589755557537504,-0.10264123835193087,True
3527,0.1111111111111111,0.873015873015873,-0.0800445851941262,0.2536216588192132,-0.09478698372047914,True
3528,0.12698412698412698,0.873015873015873,-0.0742627800545934,0.24453505968895153,-0.08700713173757788,True
3529,0.14285714285714285,0.873015873015873,-0.0642582089441654,0.23361799374179126,-0.07971799387686988,True
3530,0.15873015873015872,0.873015873015873,-0.051099793309446695,0.22205258202322123,-0.07317626200861063,True
3531,0.1746031746031746,0.873015873015873,-0.035547993758234725,0.21047202274602358,-0.06749096167464738,True
3532,0.19047619047619047,0.873015873015873,-0.01833011258794567,0.19926219578554652,-0.06269336179203715,True
3533,0.20634920634920634,0.873015873015873,1.4362174167562592e-05,0.18861258590905478,-0.05878756510411627,True
3534,0.2222222222222222,0.873015873015873,0.019000730150032414,0.1786170179547614,-0.05573206988745118,True
3535,0.23809523809523808,0.873015873015873,0.03841993922812891,0.16925831200100083,-0.05347421169965662,True
3536,0.25396825396825395,0.873015873015873,0.05802349736919525,0.16051666264371423,-0.05196659656083597,True
3537,0.2698412698412698,0.873015873015873,0.0774785043432973,0.15235771519510094,-0.05113404382760669,True
3538,0.2857142857142857,0.873015873015873,0.09682330964762607,0.14471102747431683,-0.050922709429805646,True
3539,0.30158730158730157,0.873015873015873,0.11584919696486372,0.13750189628405446,-0.051272483025974556,True
3540,0.31746031746031744,0.873015873015873,0.13448074702672883,0.1306859980726447,-0.052116813456407084,True
3541,0.3333333333333333,0.873015873015873,0.1526399900442648,0.12419519363700857,-0.0534008008052472,True
3542,0.3492063492063492,0.873015873015873,0.17035985211031707,0.11797603356061709,-0.055071729231117535,True
3543,0.36507936507936506,0.873015873015873,0.18750206988970128,0.11194267613997991,-0.057070605358311044,True
3544,0.38095238095238093,0.873015873015873,0.2040984833988546,0.1060948588508222,-0.059343871859708734,True
3545,0.3968253968253968,0.873015873015873,0.22000148548891588,0.1003249974360051,-0.0618327575162762,True
3546,0.4126984126984127,0.873015873015873,0.2352792612512581,0.09463473256484328,-0.06448653521619059,True
3547,0.42857142857142855,0.873015873015873,0.24988263427758972,0.08889653861164078,-0.06724275270017457,True
3548,0.4444444444444444,0.873015873015873,0.26374141540040097,0.0831854767875104,-0.07004573013814802,True
3549,0.4603174603174603,0.873015873015873,0.2767681407883418,0.07734411008064512,-0.07283480752236712,True
3550,0.47619047619047616,0.873015873015873,0.2890462093148972,0.07141254306551018,-0.07553973207847932,True
3551,0.49206349206349204,0.873015873015873,0.3003904756045245,0.06527276242749096,-0.07810497296965893,True
3552,0.5079365079365079,0.873015873015873,0.31085459398197895,0.05895050975078047,-0.0804553228167622,True
3553,0.5238095238095237,0.873015873015873,0.320316829128141,0.05234447856254779,-0.08250781076942958,True
3554,0.5396825396825397,0.873015873015873,0.32874422723865176,0.045505844989907916,-0.08419132767061605,True
3555,0.5555555555555556,0.873015873015873,0.33602015421560366,0.03823207669696328,-0.08543629108751367,True
3556,0.5714285714285714,0.873015873015873,0.34215535449446416,0.030708911016974802,-0.08614098826710735,True
3557,0.5873015873015872,0.873015873015873,0.3469768590982421,0.02258403759899034,-0.08622564974798931,True
3558,0.6031746031746031,0.873015873015873,0.3504640333297756,0.014164018121284348,-0.08561465736980009,True
3559,0.6190476190476191,0.873015873015873,0.35246794380463403,0.005099757140865465,-0.08420368828303886,True
3560,0.6349206349206349,0.873015873015873,0.3529220447164295,-0.004503093878725386,-0.08187218038557859,True
3561,0.6507936507936507,0.873015873015873,0.3516618152673181,-0.01485293048008885,-0.07857553579087212,True
3562,0.6666666666666666,0.873015873015873,0.3486034833058619,-0.02582625878266266,-0.07416769471158248,True
3563,0.6825396825396826,0.873015873015873,0.3435668214386053,-0.0377054633062102,-0.06858887029370359,True
3564,0.6984126984126984,0.873015873015873,0.3364065798160147,-0.05053644463537899,-0.06171401409157312,True
3565,0.7142857142857142,0.873015873015873,0.3269444460514857,-0.06447184416386281,-0.05346423582685567,True
3566,0.7301587301587301,0.873015873015873,0.31497267677593604,-0.0797567262863294,-0.04370154280669157,True
3567,0.746031746031746,0.873015873015873,0.3002768827353251,-0.09659287087957774,-0.03239395843535464,True
3568,0.7619047619047619,0.873015873015873,0.2826058526778315,-0.1153574182271269,-0.01941413965099433,True
3569,0.7777777777777777,0.873015873015873,0.26169988560288865,-0.1364912524880105,-0.004696306829183564,True
3570,0.7936507936507936,0.873015873015873,0.23727966541717108,-0.16057174428107646,0.011830634594242613,True
3571,0.8095238095238095,0.873015873015873,0.20909545056044843,-0.1883061326797667,0.03023847305083181,True
3572,0.8253968253968254,0.873015873015873,0.1770137361386031,-0.22060798796739778,0.05045618422262502,True
3573,0.8412698412698412,0.873015873015873,0.1411001644799277,-0.2583827366644626,0.07248664981184216,True
3574,0.8571428571428571,0.873015873015873,0.10182800359129361,-0.30227854492217365,0.0961967513142405,True
3575,0.873015873015873,0.873015873015873,0.06043145426538464,-0.35240139163971906,0.1212265588981605,True
3576,0.8888888888888888,0.873015873015873,0.019363364946549055,-0.4071896254806495,0.14696603779927067,True
3577,0.9047619047619047,0.873015873015873,-0.017476895878591785,-0.4619599377333647,0.17241038682986046,True
3578,0.9206349206349206,0.873015873015873,-0.04489856842029404,-0.5072354350267974,0.1960475753449827,True
3579,0.9365079365079365,0.873015873015873,-0.05759983381863672,-0.5274612177593018,0.21599400355656795,True
3580,0.9523809523809523,0.873015873015873,-0.05293531893482242,-0.502500953305853,0.23009031407002675,True
3581,0.9682539682539681,0.873015873015873,-0.034005031715298985,-0.4123870835869982,0.23625140087182084,True
3582,0.9841269841269841,0.873015873015873,-0.01127220240166211,-0.24491713977406937,0.2330034041686878,True
3583,1.0,0.873015873015873,2.2581796588995296e-08,-6.671037186099422e-06,0.22117476981101922,True
3584,0.0,0.8888888888888888,-9.493017643801611e-07,-2.808613879876703e-05,-0.12142992943597677,True
3585,0.015873015873015872,0.8888888888888888,-0.01007852199416477,0.11403357574275319,-0.13245404555015083,True
3586,0.031746031746031744,0.8888888888888888,-0.03234190336384442,0.19351457898126828,-0.13754946498605805,True
3587,0.047619047619047616,0.8888888888888888,-0.05614903109444773,0.2400943003356802,-0.13614378329145416,True
3588,0.06349206349206349,0.8888888888888888,-0.07451280071983468,0.26129951239813215,-0.12993865689895906,True
3589,0.07936507936507936,0.8888888888888888,-0.08441006399471278,0.2652688054584844,-0.1208130645414064,True
3590,0.09523809523809523,0.8888888888888888,-0.08571493980366132,0.25903856222011296,-0.11042025880518046,True
3591,0.1111111111111111,0.8888888888888888,-0.07970621566354434,0.24749984572400455,-0.09995989736189059,True
3592,0.12698412698412698,0.8888888888888888,-0.06801005812878146,0.2336103898216786,-0.09008978498789277,True
3593,0.14285714285714285,0.8888888888888888,-0.05198492776850395,0.21904909563946479,-0.0811609625984046,True
3594,0.15873015873015872,0.8888888888888888,-0.03315476918497215,0.2048902454436829,-0.07338214929806847,True
3595,0.1746031746031746,0.8888888888888888,-0.01242089897512245,0.19154859573222768,-0.06678184602238584,True
3596,0.19047619047619047,0.8888888888888888,0.009476226470292625,0.17920796828665267,-0.06133945651013039,True
3597,0.20634920634920634,0.8888888888888888,0.0319636372118648,0.16791689094159687,-0.05696824774709248,True
3598,0.2222222222222222,0.8888888888888888,0.054711538776494706,0.1576134815185745,-0.053598001062776346,True
3599,0.23809523809523808,0.8888888888888888,0.07729010124091251,0.14821335285116086,-0.05114087456185884,True
3600,0.25396825396825395,0.8888888888888888,0.09968174146371171,0.1396313806126439,-0.04950097672373824,True
3601,0.2698412698412698,0.8888888888888888,0.12168143293092082,0.13175315206578125,-0.04860243922589488,True
3602,0.2857142857142857,0.8888888888888888,0.14314069146364902,0.1244961480279567,-0.04836282790903442,True
3603,0.30158730158730157,0.8888888888888888,0.16409243875917431,0.11774906458274767,-0.0487151087506676,True
3604,0.31746031746031744,0.8888888888888888,0.18440000607281623,0.11146552466837747,-0.049582736235284565,True
3605,0.3333333333333333,0.8888888888888888,0.20404151671067738,0.10553725549269388,-0.050904575663373496,True
3606,0.3492063492063492,0.8888888888888888,0.22306999205691275,0.09991102032582025,-0.05262232755190581,True
3607,0.36507936507936506,0.8888888888888888,0.24132740985098375,0.09454736636751745,-0.05466965426379865,True
3608,0.38095238095238093,0.8888888888888888,0.25887254855496517,0.08932247283491683,-0.056990252374113766,True
3609,0.3968253968253968,0.8888888888888888,0.2757658480056314,0.08428878573822945,-0.05953331716134574,True
3610,0.4126984126984127,0.8888888888888888,0.2917703549285529,0.07928550634222785,-0.06222742476160811,True
3611,0.42857142857142855,0.8888888888888888,0.3070333898711934,0.07435287789068996,-0.06502537966161295,True
3612,0.4444444444444444,0.8888888888888888,0.32153494719329034,0.06938498039343978,-0.06785819028141588,True
3613,0.4603174603174603,0.8888888888888888,0.3351687620954004,0.06443454981372816,-0.07066909281483022,True
3614,0.47619047619047616,0.8888888888888888,0.34788802184261464,0.05929899463885698,-0.07338378985534498,True
3615,0.49206349206349204,0.8888888888888888,0.35970298994634753,0.05414152576771001,-0.0759493855132217,True
3616,0.5079365079365079,0.8888888888888888,0.37054524277964646,0.04875694425649153,-0.07829074313853114,True
3617,0.5238095238095237,0.8888888888888888,0.3804028664206997,0.043229185305700635,-0.08030508513845296,True
3618,0.5396825396825397,0.8888888888888888,0.389123146273358,0.03742202598911447,-0.08195806592797257,True
3619,0.5555555555555556,0.8888888888888888,0.3967404387200857,0.03136726772354522,-0.08313269387796642,True
3620,0.5714285714285714,0.8888888888888888,0.4031404295512617,0.025017631534090045,-0.08375928453843762,True
3621,0.5873015873015872,0.8888888888888888,0.4082461239819933,0.018310680344339268,-0.0837511489324571,True
3622,0.6031746031746031,0.8888888888888888,0.41198180678734286,0.011225882869020303,-0.08300765708517753,True
3623,0.6190476190476191,0.8888888888888888,0.41424151650266816,0.0037218791013648523,-0.08144792597494672,True
3624,0.6349206349206349,0.8888888888888888,0.41493156750988885,-0.004311974537546519,-0.07894256926372648,True
3625,0.6507936507936507,0.8888888888888888,0.4139256972535123,-0.01282793314340003,-0.07543714654123296,True
3626,0.6666666666666666,0.8888888888888888,0.41110546080123295,-0.021931383108900453,-0.07078493060182423,True
3627,0.6825396825396826,0.8888888888888888,0.4063174204026119,-0.0317618798356481,-0.06491744447453743,True
3628,0.6984126984126984,0.8888888888888888,0.3994024223364168,-0.04240268218846359,-0.05770757460422226,True
3629,0.7142857142857142,0.8888888888888888,0.39018685170839257,-0.053918042049153306,-0.049030376571958405,True
3630,0.7301587301587301,0.8888888888888888,0.37844433498119984,-0.0666071238975495,-0.038794631880696,True
3631,0.746031746031746,0.8888888888888888,0.36396293712392036,-0.08052930771580823,-0.026892374214529738,True
3632,0.7619047619047619,0.8888888888888888,0.34644869629025576,-0.09613754720463454,-0.013220673062286628,True
3633,0.7777777777777777,0.8888888888888888,0.32558265029115124,-0.11386202539855003,0.0023611575806220934,True
3634,0.7936507936507936,0.8888888888888888,0.3010191470871326,-0.13418451628158326,0.019966913429650974,True
3635,0.8095238095238095,0.8888888888888888,0.27237417961368354,-0.1578233817220992,0.03968973531355252,True
3636,0.8253968253968254,0.8888888888888888,0.2392723169908061,-0.18578702959404497,0.06159524006146754,True
3637,0.8412698412698412,0.8888888888888888,0.2014503554463444,-0.21928417015324414,0.0857531007784689,True
3638,0.8571428571428571,0.8888888888888888,0.15888364446424957,-0.25943716376545356,0.11217786364246994,True
3639,0.873015873015873,0.8888888888888888,0.11234663535373356,-0.30737153488465757,0.14057743259985073,True
3640,0.8888888888888888,0.8888888888888888,0.06357808809060644,-0.3627905251181394,0.17063456534576396,True
3641,0.9047619047619047,0.8888888888888888,0.016265131244085154,-0.4229424461535108,0.20125140941905517,True
3642,0.9206349206349206,0.8888888888888888,-0.023798350570866957,-0.4799285492680268,0.23100489096395627,True
3643,0.9365079365079365,0.8888888888888888,-0.049143047811867284,-0.5179997327886937,0.2574521289895967,True
3644,0.9523809523809523,0.8888888888888888,-0.053611222878958774,-0.512606028160208,0.27756318471809444,True
3645,0.9682539682539681,0.8888888888888888,-0.03787140690700614,-0.4355701947619162,0.2880268588191308,True
3646,0.9841269841269841,0.8888888888888888,-0.013280839658461078,-0.26610938857226113,0.2862819786761325,True
3647,1.0,0.8888888888888888,3.9481856519550867e-07,4.371813864588509e-05,0.272684086618905,True
3648,0.0,0.9047619047619047,1.0507098172413623e-06,-0.00013008926061863616,-0.1433373308161334,True
3649,0.015873015873015872,0.9047619047619047,-0.013838114296921819,0.13512566183018676,-0.15813135483703203,True
3650,0.031746031746031744,0.9047619047619047,-0.04227726152738054,0.22078148183651086,-0.1629867294403187,True
3651,0.047619047619047616,0.9047619047619047,-0.06914617264450773,0.2624600512029036,-0.15803707786292617,True
3652,0.06349206349206349,0.9047619047619047,-0.08564424009966921,0.2737618751774045,-0.14691624170121187,True
3653,0.07936507936507936,0.9047619047619047,-0.08992359792810269,0.26751985949739077,-0.13291292826021694,True
3654,0.09523809523809523,0.9047619047619047,-0.08331387104210285,0.25244389505170334,-0.11830725615702449,True
3655,0.1111111111111111,0.9047619047619047,-0.06871836684434877,0.23419118692578056,-0.10450683161212009,True
3656,0.12698412698412698,0.9047619047619047,-0.04861948465212188,0.21557301739269336,-0.09218913257974284,True
3657,0.14285714285714285,0.9047619047619047,-0.025067657881174675,0.1979369312551121,-0.08150025421501075,True
3658,0.15873015873015872,0.9047619047619047,0.0005557961571750672,0.18185205809875107,-0.07250122500345454,True
3659,0.1746031746031746,0.9047619047619047,0.027169077437363652,0.16744816638119608,-0.06505159993766774,True
3660,0.19047619047619047,0.9047619047619047,0.05402966595067805,0.15465340682612838,-0.05905076698714477,True
3661,0.20634920634920634,0.9047619047619047,0.08069254240071397,0.14332614685894302,-0.05432412112416795,True
3662,0.2222222222222222,0.9047619047619047,0.10695650458700036,0.1332768690922123,-0.05073870725463687,True
3663,0.23809523809523808,0.9047619047619047,0.1325255285217574,0.1243083068056799,-0.04816381023898781,True
3664,0.25396825396825395,0.9047619047619047,0.1573410128786142,0.11627889910120953,-0.04647890997798266,True
3665,0.2698412698412698,0.9047619047619047,0.18133689992995045,0.10902401837101419,-0.04557895307362961,True
3666,0.2857142857142857,0.9047619047619047,0.20453585430647903,0.10247337349079103,-0.04537128358635205,True
3667,0.30158730158730157,0.9047619047619047,0.2268960427402137,0.09647182685735738,-0.04577610456102444,True
3668,0.31746031746031744,0.9047619047619047,0.24832910436617703,0.09092106001695262,-0.04670626059410266,True
3669,0.3333333333333333,0.9047619047619047,0.2689143234655964,0.08575035113708909,-0.04809822916835245,True
3670,0.3492063492063492,0.9047619047619047,0.28868184629457644,0.08090099570177071,-0.04988756448351114,True
3671,0.36507936507936506,0.9047619047619047,0.30751652905926535,0.07629956173263232,-0.05200432186298444,True
3672,0.38095238095238093,0.9047619047619047,0.3256132232549718,0.07188452545328673,-0.05439730615625861,True
3673,0.3968253968253968,0.9047619047619047,0.3428016248685625,0.06762995784478407,-0.05699996328650344,True
3674,0.4126984126984127,0.9047619047619047,0.35914270447661456,0.06344474443560728,-0.05975211637619963,True
3675,0.42857142857142855,0.9047619047619047,0.3746500091090613,0.05938053304342083,-0.06259981319346075,True
3676,0.4444444444444444,0.9047619047619047,0.3892539813814535,0.055241816410169065,-0.06546854664921702,True
3677,0.4603174603174603,0.9047619047619047,0.4029693495428198,0.051153974933455734,-0.06830812617763564,True
3678,0.47619047619047616,0.9047619047619047,0.4157570130627808,0.04700495612055165,-0.07104137757488041,True
3679,0.49206349206349204,0.9047619047619047,0.4275715185726459,0.04275953458917053,-0.07361388494580969,True
3680,0.5079365079365079,0.9047619047619047,0.43841435373070103,0.03839827578346461,-0.07594483996211282,True
3681,0.5238095238095237,0.9047619047619047,0.44822017479943127,0.03390458748373555,-0.07794464891116179,True
3682,0.5396825396825397,0.9047619047619047,0.4569102303534239,0.02922870307917488,-0.07956263147610149,True
3683,0.5555555555555556,0.9047619047619047,0.4644836215008195,0.024353791267255794,-0.08068857037895147,True
3684,0.5714285714285714,0.9047619047619047,0.4708461670762883,0.019237309187200326,-0.08123870084880146,True
3685,0.5873015873015872,0.9047619047619047,0.4759121149846792,0.013870419167310204,-0.0811623831623991,True
3686,0.6031746031746031,0.9047619047619047,0.4796302046786632,0.00819900126867475,-0.08031552349785955,True
3687,0.6190476190476191,0.9047619047619047,0.48190382154890093,0.002155478257342048,-0.07861088137002269,True
3688,0.6349206349206349,0.9047619047619047,0.4826163081824411,-0.004177824874636432,-0.07598946315099006,True
3689,0.6507936507936507,0.9047619047619047,0.4816805659961267,-0.010990518150602369,-0.07230559959194278,True
3690,0.6666666666666666,0.9047619047619047,0.4789626279831727,-0.018249069221827213,-0.06744285864735836,True
3691,0.6825396825396826,0.9047619047619047,0.47432885639424544,-0.026052292560501355,-0.061324679025977054,True
3692,0.6984126984126984,0.9047619047619047,0.46762040028785073,-0.03447808907936803,-0.0538150648632749,True
3693,0.7142857142857142,0.9047619047619047,0.4586595190888065,-0.04365362857040549,-0.044808350462961305,True
3694,0.7301587301587301,0.9047619047619047,0.44724460432641017,-0.05364934629213176,-0.034138461798388336,True
3695,0.746031746031746,0.9047619047619047,0.43312213004159317,-0.06476315801699303,-0.02173739690699454,True
3696,0.7619047619047619,0.9047619047619047,0.4160109407825735,-0.07720807727402344,-0.007436856028444231,True
3697,0.7777777777777777,0.9047619047619047,0.3955580771009374,-0.09137418384854565,0.008921685710546044,True
3698,0.7936507936507936,0.9047619047619047,0.3713567776552355,-0.1077423024326619,0.02750434173237125,True
3699,0.8095238095238095,0.9047619047619047,0.34291683841614395,-0.12701547937621457,0.04844984178386247,True
3700,0.8253968253968254,0.9047619047619047,0.3096851436520556,-0.15011660737318908,0.07198677096525913,True
3701,0.8412698412698412,0.9047619047619047,0.2710741685712139,-0.1783659224647167,0.0982493210374809,True
3702,0.8571428571428571,0.9047619047619047,0.226601966390293,-0.21328034100729137,0.12742808329301497,True
3703,0.873015873015873,0.9047619047619047,0.17617305579191814,-0.2565658831871949,0.15958564365906017,True
3704,0.8888888888888888,0.9047619047619047,0.12062881010382934,-0.3095273713266298,0.1945770127547899,True
3705,0.9047619047619047,0.9047619047619047,0.06281842732768553,-0.37168833305355653,0.2316066996801754,True
3706,0.9206349206349206,0.9047619047619047,0.008179563370259055,-0.43813385147923567,0.26950856457287675,True
3707,0.9365079365079365,0.9047619047619047,-0.03350223915542032,-0.49460219421448426,0.30510590812349975,True
3708,0.9523809523809523,0.9047619047619047,-0.05196585932451538,-0.5140654242950417,0.33446071070637656,True
3709,0.9682539682539681,0.9047619047619047,-0.042682690314156245,-0.45820189964563174,0.35236302018317234,True
3710,0.9841269841269841,0.9047619047619047,-0.016263005029831794,-0.2907761106779023,0.35374645881238603,True
3711,1.0,0.9047619047619047,-5.650264060195064e-08,4.173266717821808e-05,0.3375257564759643,True
3712,0.0,0.9206349206349206,1.8794311147857198e-06,-0.00011420481713656106,-0.17616022501792722,True
3713,0.015873015873015872,0.9206349206349206,-0.01957129945913802,0.1636943618310559,-0.19638549576926698,True
3714,0.031746031746031744,0.9206349206349206,-0.05555683278812352,0.2532578629713108,-0.19895281206037502,True
3715,0.047619047619047616,0.9206349206349206,-0.08286614443876322,0.28370475016690205,-0.186596975925093,True
3716,0.06349206349206349,0.9206349206349206,-0.09208297064571293,0.27966649350245343,-0.16683438744052803,True
3717,0.07936507936507936,0.9206349206349206,-0.08450903195446505,0.2599470241908039,-0.1453670589969791,True
3718,0.09523809523809523,0.9206349206349206,-0.0649229020250028,0.23528088163545854,-0.12518930478701432,True
3719,0.1111111111111111,0.9206349206349206,-0.038095984552173646,0.2108235681546045,-0.10744755594241506,True
3720,0.12698412698412698,0.9206349206349206,-0.007262953809163051,0.18857494233503,-0.09249287905711516,True
3721,0.14285714285714285,0.9206349206349206,0.025260560342987702,0.16910826488185168,-0.08011025746048242,True
3722,0.15873015873015872,0.9206349206349206,0.058177920009849164,0.1523621537332078,-0.07003669271442055,True
3723,0.1746031746031746,0.9206349206349206,0.09048695179584877,0.1380263578508193,-0.06195842457227453,True
3724,0.19047619047619047,0.9206349206349206,0.12184819697604597,0.12574587900675097,-0.05558566506889958,True
3725,0.20634920634920634,0.9206349206349206,0.15214605404512993,0.1151926706121406,-0.05068158013734695,True
3726,0.2222222222222222,0.9206349206349206,0.18121276476782727,0.10606883182368694,-0.04703894720749952,True
3727,0.23809523809523808,0.9206349206349206,0.20892467563222142,0.09810647726918939,-0.044477341816263415,True
3728,0.25396825396825395,0.9206349206349206,0.23527544506907414,0.09109704341266564,-0.042846792204726286,True
3729,0.2698412698412698,0.9206349206349206,0.2605123735590965,0.08490558957043906,-0.04204140092096808,True
3730,0.2857142857142857,0.9206349206349206,0.28440645155005584,0.07932407343826545,-0.041928198288742384,True
3731,0.30158730158730157,0.9206349206349206,0.3072391819539284,0.07429732432969505,-0.04243769489413623,True
3732,0.31746031746031744,0.9206349206349206,0.32902891628960584,0.06973317876386184,-0.043486947416056576,True
3733,0.3333333333333333,0.9206349206349206,0.3497235228301572,0.06550932095167367,-0.04498872306299833,True
3734,0.3492063492063492,0.9206349206349206,0.36947058416703665,0.0615678689566866,-0.04688222236638297,True
3735,0.36507936507936506,0.9206349206349206,0.38812664251042006,0.057895814341978026,-0.049100485597309264,True
3736,0.38095238095238093,0.9206349206349206,0.4059403404899117,0.05435030938380986,-0.05157884271357141,True
3737,0.3968253968253968,0.9206349206349206,0.42277100669998613,0.05099298577142973,-0.05426495541235613,True
3738,0.4126984126984127,0.9206349206349206,0.4387158786588071,0.04770483891652934,-0.05709054993744966,True
3739,0.42857142857142855,0.9206349206349206,0.4537936577340273,0.04448173917757218,-0.05999753608137541,True
3740,0.4444444444444444,0.9206349206349206,0.4678981418070132,0.041324411605592026,-0.06292292748498739,True
3741,0.4603174603174603,0.9206349206349206,0.48111746209835593,0.038115454370846506,-0.06580002151391719,True
3742,0.47619047619047616,0.9206349206349206,0.4933490503000668,0.03490932978710959,-0.06857086759621463,True
3743,0.49206349206349204,0.9206349206349206,0.5046627859120115,0.031636544881120214,-0.07116041840634917,True
3744,0.5079365079365079,0.9206349206349206,0.5150013075498512,0.028297815082322632,-0.07349281608366001,True
3745,0.5238095238095237,0.9206349206349206,0.5242809909961095,0.02485238210231007,-0.0754959670860957,True
3746,0.5396825396825397,0.9206349206349206,0.5324980879421027,0.021285362554298873,-0.0770912770448665,True
3747,0.5555555555555556,0.9206349206349206,0.5396063724626303,0.01756811189301521,-0.07819441883977606,True
3748,0.5714285714285714,0.9206349206349206,0.5455391542401361,0.013684745381061217,-0.07872467263583265,True
3749,0.5873015873015872,0.9206349206349206,0.5502484851247866,0.009597777111226346,-0.07856790923095282,True
3750,0.6031746031746031,0.9206349206349206,0.5536367207906961,0.005310665351983672,-0.07765704103030148,True
3751,0.6190476190476191,0.9206349206349206,0.5556435176973773,0.0007687624258746764,-0.07588452049155263,True
3752,0.6349206349206349,0.9206349206349206,0.5561706664748616,-0.0040423163772432555,-0.0731423864637859,True
3753,0.6507936507936507,0.9206349206349206,0.5551226992582642,-0.009143787034769585,-0.06933917923057137,True
3754,0.6666666666666666,0.9206349206349206,0.5523831282960292,-0.014635375474717712,-0.064329512476217,True
3755,0.6825396825396826,0.9206349206349206,0.5478312969574376,-0.02048635431949789,-0.05803883908489747,True
3756,0.6984126984126984,0.9206349206349206,0.5413187195213355,-0.026783035406790532,-0.050310916407592464,True
3757,0.7142857142857142,0.9206349206349206,0.532660212686942,-0.03373358350809917,-0.04104408618070553,True
3758,0.7301587301587301,0.9206349206349206,0.5217061350387552,-0.04118942206107725,-0.030086933978826263,True
3759,0.746031746031746,0.9206349206349206,0.5081710319357112,-0.049542565507986365,-0.017287229665723547,True
3760,0.7619047619047619,0.9206349206349206,0.49178535766165504,-0.05892518196105546,-0.0024697217101040765,True
3761,0.7777777777777777,0.9206349206349206,0.4722218959722536,-0.06955596016523839,0.01450833954618618,True
3762,0.7936507936507936,0.9206349206349206,0.4490073909024612,-0.08197113619693272,0.03389405411551261,True
3763,0.8095238095238095,0.9206349206349206,0.42157072618856123,-0.09681508826056635,0.055901217206135084,True
3764,0.8253968253968254,0.9206349206349206,0.38932084934352834,-0.1146216412055277,0.0808643456601123,True
3765,0.8412698412698412,0.9206349206349206,0.35131178620526243,-0.13697454424833902,0.10906552160261299,True
3766,0.8571428571428571,0.9206349206349206,0.30666767462251726,-0.16518494328184016,0.1409319996578855,True
3767,0.873015873015873,0.9206349206349206,0.2544776863729229,-0.2016717718324574,0.17683529432331435,True
3768,0.8888888888888888,0.9206349206349206,0.19434142239750413,-0.24863615863751456,0.21708969424471503,True
3769,0.9047619047619047,0.9206349206349206,0.12731510300459234,-0.30804234195852015,0.26168208723196285,True
3770,0.9206349206349206,0.9206349206349206,0.05768899962543724,-0.37893146311210574,0.30974106126932954,True
3771,0.9365079365079365,0.9206349206349206,-0.004781877128060198,-0.4520152771068842,0.3585221857544597,True
3772,0.9523809523809523,0.9206349206349206,-0.04460821480228682,-0.5011334320441437,0.4027436267310787,True
3773,0.9682539682539681,0.9206349206349206,-0.04805179858842976,-0.4770853129398408,0.4339382158043715,True
3774,0.9841269841269841,0.9206349206349206,-0.020820504170858744,-0.3205364724529567,0.44202865895463755,True
3775,1.0,0.9206349206349206,9.611692427715204e-07,3.7603069780270015e-05,0.4223915689750178,True
3776,0.0,0.9365079365079365,-1.1270032670056021e-05,0.00014247696442663303,-0.22897643704617038,True
3777,0.015873015873015872,0.9365079365079365,-0.028936927867203772,0.20313207670436695,-0.25700354887933763,True
3778,0.031746031746031744,0.9365079365079365,-0.072440058545922,0.28861295875696247,-0.2508776037124373,True
3779,0.047619047619047616,0.9365079365079365,-0.09177495174198945,0.2961235879105316,-0.2223316216337819,True
3780,0.06349206349206349,0.9365079365079365,-0.08258719691252885,0.27029106382238527,-0.18793374699596246,True
3781,0.07936507936507936,0.9365079365079365,-0.0540187111825638,0.23584840581913966,-0.15587210064805712,True
3782,0.09523809523809523,0.9365079365079365,-0.015587312011912475,0.2030258850035712,-0.12893271586252295,True
3783,0.1111111111111111,0.9365079365079365,0.026536449224285233,0.1748191931175834,-0.10716238120336288,True
3784,0.12698412698412698,0.9365079365079365,0.06910932001543159,0.1514827234334236,-0.08986351704945703,True
3785,0.14285714285714285,0.9365079365079365,0.11022102266405637,0.13242395596637968,-0.07620198375051174,True
3786,0.15873015873015872,0.9365079365079365,0.14940494854615619,0.11687751296411482,-0.06548432204298807,True
3787,0.1746031746031746,0.9365079365079365,0.18624198617563395,0.10409399608035008,-0.05713732742059879,True
3788,0.19047619047619047,0.9365079365079365,0.22059052922888564,0.09349334256280109,-0.05071258033629575,True
3789,0.20634920634920634,0.9365079365079365,0.2528458976197259,0.08467939586224707,-0.04588646449259551,True
3790,0.2222222222222222,0.9365079365079365,0.2830233796536374,0.0772157226954321,-0.04238914788596355,True
3791,0.23809523809523808,0.9365079365079365,0.3111613838774832,0.07079002815460002,-0.039994084754150415,True
3792,0.25396825396825395,0.9365079365079365,0.33762245176602845,0.06527550461566507,-0.03856143168788296,True
3793,0.2698412698412698,0.9365079365079365,0.3625256402665447,0.06043495082749524,-0.03794252787731485,True
3794,0.2857142857142857,0.9365079365079365,0.385845210157178,0.05617761114922762,-0.03802281591119776,True
3795,0.30158730158730157,0.9365079365079365,0.4078706777892224,0.05236082490861755,-0.038709510195807935,True
3796,0.31746031746031744,0.9365079365079365,0.42871278527703144,0.048922878158261,-0.039923242609808486,True
3797,0.3333333333333333,0.9365079365079365,0.4483502412239494,0.045778900469539294,-0.04158037909744009,True
3798,0.3492063492063492,0.9365079365079365,0.46692159003074385,0.04287958226044965,-0.0436168402213973,True
3799,0.36507936507936506,0.9365079365079365,0.4844323003304335,0.04016163741351106,-0.045962601616835484,True
3800,0.38095238095238093,0.9365079365079365,0.5009521046063533,0.037596836203342844,-0.0485604015976958,True
3801,0.3968253968253968,0.9365079365079365,0.5165452486819033,0.03515376484378727,-0.05135134180683236,True
3802,0.4126984126984127,0.9365079365079365,0.5312332975961335,0.03280428901663904,-0.05427363741899449,True
3803,0.42857142857142855,0.9365079365079365,0.5450235655619675,0.03047129037669286,-0.057261287597261096,True
3804,0.4444444444444444,0.9365079365079365,0.5578662821144347,0.028217689027457436,-0.06026027023322401,True
3805,0.4603174603174603,0.9365079365079365,0.5698879178267322,0.025933685352250258,-0.06319795381565588,True
3806,0.47619047619047616,0.9365079365079365,0.580920895950682,0.023655605847457302,-0.06602225463509963,True
3807,0.49206349206349204,0.9365079365079365,0.5910872533459668,0.021340082486707896,-0.06865303676582692,True
3808,0.5079365079365079,0.9365079365079365,0.600314481228916,0.018985836337756582,-0.07101911689130863,True
3809,0.5238095238095237,0.9365079365079365,0.6085691294318236,0.01654085761648706,-0.07304965713159359,True
3810,0.5396825396825397,0.9365079365079365,0.6157892845560161,0.014054318778820551,-0.07466203403933855,True
3811,0.5555555555555556,0.9365079365079365,0.622037721922391,0.011406115671667733,-0.07576272897698802,True
3812,0.5714285714285714,0.9365079365079365,0.6271234569849072,0.008718181582992438,-0.07629110446576633,True
3813,0.5873015873015872,0.9365079365079365,0.6311123102020959,0.005848417362208869,-0.07613436126723673,True
3814,0.6031746031746031,0.9365079365079365,0.6338635945271298,0.002875699029948081,-0.07518576805396465,True
3815,0.6190476190476191,0.9365079365079365,0.6353759386396189,-0.000312380587246066,-0.07340155011353446,True
3816,0.6349206349206349,0.9365079365079365,0.6355189613952823,-0.0036517841968512045,-0.07062859961292273,True
3817,0.6507936507936507,0.9365079365079365,0.6342218532254175,-0.007217175535493344,-0.06675333703598921,True
3818,0.6666666666666666,0.9365079365079365,0.6313866896692503,-0.010993788832993694,-0.06168430132065272,True
3819,0.6825396825396826,0.9365079365079365,0.6269088979503857,-0.015059400245464928,-0.05530827764842765,True
3820,0.6984126984126984,0.9365079365079365,0.6206490899401313,-0.01943396429450311,-0.04746601643550354,True
3821,0.7142857142857142,0.9365079365079365,0.6124677414434727,-0.024189864952387712,-0.03805733682606832,True
3822,0.7301587301587301,0.9365079365079365,0.6021850624072236,-0.029384757211743877,-0.026930009776698034,True
3823,0.746031746031746,0.9365079365079365,0.5895901987126974,-0.03513158310474762,-0.013894577391114127,True
3824,0.7619047619047619,0.9365079365079365,0.5743878614339845,-0.04164680055593498,0.0012252855310881986,True
3825,0.7777777777777777,0.9365079365079365,0.5562957130982256,-0.04904327286865799,0.018640600542752683,True
3826,0.7936507936507936,0.9365079365079365,0.5348546509454717,-0.0576750657704235,0.038573509226127116,True
3827,0.8095238095238095,0.9365079365079365,0.5095227771682633,-0.06798900121153133,0.06139161448307665,True
3828,0.8253968253968254,0.9365079365079365,0.4794901143877276,-0.0807450211038773,0.08741149546952576,True
3829,0.8412698412698412,0.9365079365079365,0.44384801549358777,-0.09684998909340009,0.11718713894328117,True
3830,0.8571428571428571,0.9365079365079365,0.4013140913385994,-0.11766423350154527,0.15127280015800715,True
3831,0.873015873015873,0.9365079365079365,0.3503355734490646,-0.14542180592424897,0.19054791948356556,True
3832,0.8888888888888888,0.9365079365079365,0.2892055195611636,-0.18300017384653727,0.2358882432702701,True
3833,0.9047619047619047,0.9365079365079365,0.2168737926445515,-0.2340280784256847,0.28824219827951497,True
3834,0.9206349206349206,0.9365079365079365,0.13428352733668264,-0.30141247046689,0.3482786849264114,True
3835,0.9365079365079365,0.9365079365079365,0.04828804352344462,-0.38380411805871767,0.4149774863121658,True
3836,0.9523809523809523,0.9365079365079365,-0.02287743938926487,-0.4633234765914195,0.4830038507374871,True
3837,0.9682539682539681,0.9365079365079365,-0.05190649359085389,-0.48615835676009156,0.5395428729174564,True
3838,0.9841269841269841,0.9365079365079365,-0.02817717910737256,-0.3569107362535927,0.56373869284595,True
3839,1.0,0.9365079365079365,3.2577027498156956e-06,0.00015368797895258648,0.5394236956000733,True
3840,0.0,0.9523809523809523,-3.4686634182981226e-06,-9.447518547660806e-05,-0.32345549567103665,True
3841,0.015873015873015872,0.9523809523809523,-0.04507402126769121,0.2577440100216763,-0.36144452066947336,True
3842,0.031746031746031744,0.9523809523809523,-0.08814666458323456,0.31651017700472417,-0.3258665887159322,True
3843,0.047619047619047616,0.9523809523809523,-0.07726339482662782,0.2836691492707982,-0.262410398922697,True
3844,0.06349206349206349,0.9523809523809523,-0.030526573718677147,0.23289412262828865,-0.20444978191422777,True
3845,0.07936507936507936,0.9523809523809523,0.02842217898965072,0.18808069412013387,-0.1596767044026675,True
3846,0.09523809523809523,0.9523809523809523,0.08897893161984677,0.15282609513241693,-0.12626377141402131,True
3847,0.1111111111111111,0.9523809523809523,0.14556960367979854,0.12595698148379647,-0.1015049145594466,True
3848,0.12698412698412698,0.9523809523809523,0.19717538690394507,0.10555772299597137,-0.08296090161673308,True
3849,0.14285714285714285,0.9523809523809523,0.24376494201029447,0.08991117737807147,-0.0689647041995283,True
3850,0.15873015873015872,0.9523809523809523,0.28557279444631584,0.0777522193553475,-0.058350785268602025,True
3851,0.1746031746031746,0.9523809523809523,0.3232098168482001,0.06807190311683729,-0.050286633771488176,True
3852,0.19047619047619047,0.9523809523809523,0.357381235872929,0.06035082805190088,-0.04425418332774048,True
3853,0.20634920634920634,0.9523809523809523,0.3884615950757454,0.053998637201826044,-0.03981646236546652,True
3854,0.2222222222222222,0.9523809523809523,0.41692131204818034,0.04878723586144095,-0.03670960413281475,True
3855,0.23809523809523808,0.9523809523809523,0.4431096495378484,0.04437469391829631,-0.0346848204848551,True
3856,0.25396825396825395,0.9523809523809523,0.4672823096430883,0.04064310229590005,-0.03359018117311603,True
3857,0.2698412698412698,0.9523809523809523,0.4897513605016161,0.03741162168665986,-0.03327752214833802,True
3858,0.2857142857142857,0.9523809523809523,0.5106001927524708,0.03460839524950585,-0.03364159305559203,True
3859,0.30158730158730157,0.9523809523809523,0.5300989602466433,0.03210403375792479,-0.0345781618966177,True
3860,0.31746031746031744,0.9523809523809523,0.5483548641912539,0.029867437396710037,-0.036014684927646236,True
3861,0.3333333333333333,0.9523809523809523,0.5654755707680766,0.027839119051335362,-0.03787597324524491,True
3862,0.3492063492063492,0.9523809523809523,0.5814376814574371,0.02599915935286862,-0.04009758116604272,True
3863,0.36507936507936506,0.9523809523809523,0.5965635588966935,0.02425977213930048,-0.042609514390840056,True
3864,0.38095238095238093,0.9523809523809523,0.6106738704773128,0.022654095499322492,-0.045361882343762865,True
3865,0.3968253968253968,0.9523809523809523,0.623916548528386,0.021099260424402348,-0.0482848402590159,True
3866,0.4126984126984127,0.9523809523809523,0.6363385913913423,0.01961132189295553,-0.05132743302635717,True
3867,0.42857142857142855,0.9523809523809523,0.6479094297661195,0.018180924278538173,-0.054430196469311624,True
3868,0.4444444444444444,0.9523809523809523,0.6587074548188191,0.016744774008802348,-0.05752553730053689,True
3869,0.4603174603174603,0.9523809523809523,0.6686336464074756,0.015334769653396037,-0.06056339136128338,True
3870,0.47619047619047616,0.9523809523809523,0.6777910410892606,0.013917075524572243,-0.06346611440604477,True
3871,0.49206349206349204,0.9523809523809523,0.6861407725510706,0.012485332851477713,-0.06616619737089834,True
3872,0.5079365079365079,0.9523809523809523,0.6936510452434628,0.011019599619503629,-0.06861527363192574,True
3873,0.5238095238095237,0.9523809523809523,0.7003155891541158,0.009518493074373953,-0.07070607701357476,True
3874,0.5396825396825397,0.9523809523809523,0.7061259141154639,0.007955532882444893,-0.07236266053457939,True
3875,0.5555555555555556,0.9523809523809523,0.7109801437312864,0.006363488575130338,-0.07353822743315748,True
3876,0.5714285714285714,0.9523809523809523,0.7149412583148763,0.004669271585711096,-0.07410403824314411,True
3877,0.5873015873015872,0.9523809523809523,0.717873901368838,0.0029272788797556543,-0.07399872822085157,True
3878,0.6031746031746031,0.9523809523809523,0.7197811616585161,0.001094356740689621,-0.07311120956986672,True
3879,0.6190476190476191,0.9523809523809523,0.7206125113313014,-0.0008766170993779602,-0.07134408013667008,True
3880,0.6349206349206349,0.9523809523809523,0.720253902761332,-0.00289772820923354,-0.06860497731021681,True
3881,0.6507936507936507,0.9523809523809523,0.7186855720400441,-0.005089645239392914,-0.06477234378656199,True
3882,0.6666666666666666,0.9523809523809523,0.7158041793693362,-0.007390892672541057,-0.059742263359142914,True
3883,0.6825396825396826,0.9523809523809523,0.711525027197972,-0.009867135016393306,-0.05339273356806775,True
3884,0.6984126984126984,0.9523809523809523,0.7057281663176027,-0.01254087960281848,-0.04556085528802895,True
3885,0.7142857142857142,0.9523809523809523,0.6983071660007674,-0.015431805727137446,-0.03615617048936444,True
3886,0.7301587301587301,0.9523809523809523,0.6891238614167331,-0.018575656383729072,-0.025007219235863076,True
3887,0.746031746031746,0.9523809523809523,0.6779746609995311,-0.022072448922713775,-0.011926215213617305,True
3888,0.7619047619047619,0.9523809523809523,0.6646295258876065,-0.026024904927810615,0.003281192452467867,True
3889,0.7777777777777777,0.9523809523809523,0.6488253178615124,-0.030521313913404513,0.02083432516299424,True
3890,0.7936507936507936,0.9523809523809523,0.6301525830646411,-0.035814972955265485,0.041031138849515876,True
3891,0.8095238095238095,0.9523809523809523,0.6081024922284873,-0.042182638070685875,0.06421943579170673,True
3892,0.8253968253968254,0.9523809523809523,0.5819892869013893,-0.0500689763295073,0.09085820580473261,True
3893,0.8412698412698412,0.9523809523809523,0.5508228404397987,-0.0601816698662149,0.12157779167017822,True
3894,0.8571428571428571,0.9523809523809523,0.51320302175442,-0.07350887306699339,0.15714290710904447,True
3895,0.873015873015873,0.9523809523809523,0.4672630477303375,-0.09177380007642061,0.1987774105746301,True
3896,0.8888888888888888,0.9523809523809523,0.4104117457215954,-0.11745112224985939,0.248088969760792,True
3897,0.9047619047619047,0.9523809523809523,0.3393721977234915,-0.15452263524795834,0.30731715799324805,True
3898,0.9206349206349206,0.9523809523809523,0.2510390280066115,-0.20874144152738197,0.3792181572420878,True
3899,0.9365079365079365,0.9523809523809523,0.14543405481333715,-0.2858435672869136,0.467066058028835,True
3900,0.9523809523809523,0.9523809523809523,0.034308229719387746,-0.3848663179199908,0.570306061813525,True
3901,0.9682539682539681,0.9523809523809523,-0.044326141795960367,-0.46707679030100097,0.6768921476159123,True
3902,0.9841269841269841,0.9523809523809523,-0.04031852105373928,-0.40061340243178106,0.7448595702173678,True
3903,1.0,0.9523809523809523,-9.302497928237366e-07,0.00014280773184115149,0.7169650304535264,True
3904,0.0,0.9682539682539681,7.594327961286643e-05,-0.0009723927553168527,-0.5261849571064624,True
3905,0.015873015873015872,0.9682539682539681,-0.07205565504452292,0.3256056549365219,-0.5601771699206595,True
3906,0.031746031746031744,0.9682539682539681,-0.0684741971125948,0.29989302895681574,-0.4198159570640336,True
3907,0.047619047619047616,0.9682539682539681,0.019090107989896344,0.2183500194727783,-0.28971726581709933,True
3908,0.06349206349206349,0.9682539682539681,0.11862116684304227,0.15664363279406507,-0.20425744142614477,True
3909,0.07936507936507936,0.9682539682539681,0.20691153552057892,0.11564760622331442,-0.1495593129898524,True
3910,0.09523809523809523,0.9682539682539681,0.2811096888899659,0.08845427696614575,-0.11339695507534422,True
3911,0.1111111111111111,0.9682539682539681,0.3425548806425948,0.06975415824685229,-0.08850455085549076,True
3912,0.12698412698412698,0.9682539682539681,0.394031958556868,0.056568030833033696,-0.07078638536709038,True
3913,0.14285714285714285,0.9682539682539681,0.43755711885397564,0.047032263117660136,-0.05788678442979278,True
3914,0.15873015873015872,0.9682539682539681,0.4750053194141668,0.0398851989467803,-0.04835484798987515,True
3915,0.1746031746031746,0.9682539682539681,0.5075257021972116,0.034427713251370964,-0.041301458338212374,True
3916,0.19047619047619047,0.9682539682539681,0.5362813737451849,0.030146399847886206,-0.03613870300908685,True
3917,0.20634920634920634,0.9682539682539681,0.5617566034392438,0.026733234285357826,-0.032468725362798115,True
3918,0.2222222222222222,0.9682539682539681,0.5847629565810134,0.02392887959356098,-0.030000462739767187,True
3919,0.23809523809523808,0.9682539682539681,0.6055233045973805,0.021651563650904298,-0.028551977065406877,True
3920,0.25396825396825395,0.9682539682539681,0.6245510976247971,0.01970182972115205,-0.02793569554070618,True
3921,0.2698412698412698,0.9682539682539681,0.642027558363353,0.018041143577806215,-0.028043563863656636,True
3922,0.2857142857142857,0.9682539682539681,0.6580489849459662,0.016622240531395712,-0.028777821758417383,True
3923,0.30158730158730157,0.9682539682539681,0.6729489436727717,0.015370026097113066,-0.03004371534212592,True
3924,0.31746031746031744,0.9682539682539681,0.6867700481167858,0.014236239572276842,-0.03176245868630794,True
3925,0.3333333333333333,0.9682539682539681,0.6996635855538104,0.013229334199413917,-0.03388103765857252,True
3926,0.3492063492063492,0.9682539682539681,0.7116612218014695,0.012303176738274602,-0.03632832142085617,True
3927,0.36507936507936506,0.9682539682539681,0.7228996522868215,0.01145631293396731,-0.039052072670370676,True
3928,0.38095238095238093,0.9682539682539681,0.733396560840556,0.010650542106287623,-0.04198803423857749,True
3929,0.3968253968253968,0.9682539682539681,0.7430688103605638,0.009901483947222253,-0.04508983029997195,True
3930,0.4126984126984127,0.9682539682539681,0.7522574812935929,0.009158668922824735,-0.04828794961631048,True
3931,0.42857142857142855,0.9682539682539681,0.7606580772922127,0.008453522841691164,-0.051540143228468484,True
3932,0.4444444444444444,0.9682539682539681,0.7683880047720313,0.007777734984167956,-0.05478135332460463,True
3933,0.4603174603174603,0.9682539682539681,0.7756753442366494,0.007063072463233323,-0.05794061468908027,True
3934,0.47619047619047616,0.9682539682539681,0.7821461607426085,0.006381717735901364,-0.06097495500527354,True
3935,0.49206349206349204,0.9682539682539681,0.788085418869592,0.005676480081214025,-0.06379830540766214,True
3936,0.5079365079365079,0.9682539682539681,0.7933473763910595,0.004963745094109405,-0.06635928280406345,True
3937,0.5238095238095237,0.9682539682539681,0.7979698199243102,0.0042248121679743,-0.06857257164907322,True
3938,0.5396825396825397,0.9682539682539681,0.8019083657637812,0.003467766611587243,-0.0703409347378982,True
3939,0.5555555555555556,0.9682539682539681,0.8051519976021309,0.0026817023674327264,-0.07163002340029964,True
3940,0.5714285714285714,0.9682539682539681,0.8076535246517774,0.0018676424750084214,-0.07232192621535088,True
3941,0.5873015873015872,0.9682539682539681,0.8093867782292657,0.0010297745413185549,-0.07232302296300774,True
3942,0.6031746031746031,0.9682539682539681,0.8103851261761804,9.976662130092108e-05,-0.07156070690797474,True
3943,0.6190476190476191,0.9682539682539681,0.8104811126927192,-0.0008072309524521103,-0.06993614495973298,True
3944,0.6349206349206349,0.9682539682539681,0.8097331657900073,-0.0018157090964277401,-0.06731137101842345,True
3945,0.6507936507936507,0.9682539682539681,0.8080429554044551,-0.002854873885634002,-0.06362579100643657,True
3946,0.6666666666666666,0.9682539682539681,0.8053613088148744,-0.003987099871545442,-0.05873611598302748,True
3947,0.6825396825396826,0.9682539682539681,0.8016303367806845,-0.005173939623249539,-0.05252854949151094,True
3948,0.6984126984126984,0.9682539682539681,0.7967502797866046,-0.006466647337471186,-0.04485573566164034,True
3949,0.7142857142857142,0.9682539682539681,0.7906601889105523,-0.00785122169278503,-0.03559781605868462,True
3950,0.7301587301587301,0.9682539682539681,0.7832323417864534,-0.009366018232048792,-0.02461287029487652,True
3951,0.746031746031746,0.9682539682539681,0.7743282253822688,-0.011056947091981646,-0.011680883504966879,True
3952,0.7619047619047619,0.9682539682539681,0.7638112656658385,-0.012949096390663039,0.003375397206511983,True
3953,0.7777777777777777,0.9682539682539681,0.751404490350121,-0.015125254960211843,0.02079590433592663,True
3954,0.7936507936507936,0.9682539682539681,0.7368440308478783,-0.01768439878377476,0.04086728893929333,True
3955,0.8095238095238095,0.9682539682539681,0.7197400352788248,-0.020770614987881953,0.06398057122650003,True
3956,0.8253968253968254,0.9682539682539681,0.6994439282936117,-0.024634634904466674,0.09060573638642672,True
3957,0.8412698412698412,0.9682539682539681,0.6752907379220981,-0.029596570948173577,0.12143864280198562,True
3958,0.8571428571428571,0.9682539682539681,0.6458566559546978,-0.03633454581522075,0.15738626958046667,True
3959,0.873015873015873,0.9682539682539681,0.6095821740236728,-0.04561094313654134,0.1998219192841727,True
3960,0.8888888888888888,0.9682539682539681,0.5636008027881882,-0.05916157754190914,0.25084159264307343,True
3961,0.9047619047619047,0.9682539682539681,0.5037952192056754,-0.07970189238314127,0.31370390486816874,True
3962,0.9206349206349206,0.9682539682539681,0.423972705095257,-0.11211293448202526,0.3937274584929738,True
3963,0.9365079365079365,0.9682539682539681,0.3160554834382881,-0.16506047571747098,0.4997363930074815,True
3964,0.9523809523809523,0.9682539682539681,0.17390094946912588,-0.2524892775169562,0.6447501344623608,True
3965,0.9682539682539681,0.9682539682539681,0.01492162830642084,-0.3798550520104162,0.8420938308905342,True
3966,0.9841269841269841,0.9682539682539681,-0.057005280486412395,-0.4388526220806278,1.0426202438729806,True
3967,1.0,0.9682539682539681,8.060563056611841e-05,0.0009665926479950854,1.0353682359016967,True
3968,0.0,0.9841269841269841,0.0006025614281698845,0.00023109937817518614,-1.1674896310975194,True
3969,0.015873015873015872,0.9841269841269841,-0.05766858852404649,0.31913799515468794,-0.92991480104462,True
3970,0.031746031746031744,0.9841269841269841,0.1589438052336384,0.16255329184749345,-0.46109795187239244,True
3971,0.047619047619047616,0.9841269841269841,0.3346924950255619,0.08927680357751948,-0.26353314413091944,True
3972,0.06349206349206349,0.9841269841269841,0.450900301097371,0.055423432834172705,-0.17016433370764958,True
3973,0.07936507936507936,0.9841269841269841,0.5308960474961149,0.037684791106351194,-0.11918596244045,True
3974,0.09523809523809523,0.9841269841269841,0.5890527940495647,0.02729977909579354,-0.08803836121678837,True
3975,0.1111111111111111,0.9841269841269841,0.6327694891231866,0.020745398463133745,-0.06753245457926249,True
3976,0.12698412698412698,0.9841269841269841,0.6671398731365722,0.01641526695256178,-0.053323820222167376,True
3977,0.14285714285714285,0.9841269841269841,0.6950056823212117,0.01336527328743512,-0.04313310064791101,True
3978,0.15873015873015872,0.9841269841269841,0.7181636932616331,0.011169411471215784,-0.035725090934390025,True
3979,0.1746031746031746,0.9841269841269841,0.7378022152174338,0.009537344194055079,-0.03034702187005835,True
3980,0.19047619047619047,0.9841269841269841,0.7547513109323053,0.0082785787740833,-0.026518859180322128,True
3981,0.20634920634920634,0.9841269841269841,0.76964855451022,0.007285611314451757,-0.02392271280340402,True
3982,0.2222222222222222,0.9841269841269841,0.7828590259947101,0.006498174258470908,-0.022347546496796936,True
3983,0.23809523809523808,0.9841269841269841,0.7946372094683828,0.005842194839867428,-0.021622167402784206,True
3984,0.25396825396825395,0.9841269841269841,0.8053814195011555,0.00529258971791852,-0.021623283440241687,True
3985,0.2698412698412698,0.9841269841269841,0.8150436608200285,0.004840111754291828,-0.02226312459343373,True
3986,0.2857142857142857,0.9841269841269841,0.8241815056606102,0.004422109639625628,-0.02342997791787698,True
3987,0.30158730158730157,0.9841269841269841,0.8322135857799112,0.004090641009477912,-0.02509877961844704,True
3988,0.31746031746031744,0.9841269841269841,0.8399070151632029,0.0037743457926947854,-0.027164025357131798,True
3989,0.3333333333333333,0.9841269841269841,0.8469530241307508,0.003496326421931125,-0.02958976658359117,True
3990,0.3492063492063492,0.9841269841269841,0.8534958264359619,0.003241369487868807,-0.03231559022149939,True
3991,0.36507936507936506,0.9841269841269841,0.8595190505160673,0.003015789557532489,-0.035294174406255305,True
3992,0.38095238095238093,0.9841269841269841,0.8651889971025543,0.00279080542143163,-0.03846339894998734,True
3993,0.3968253968253968,0.9841269841269841,0.870455757567362,0.002581307606179211,-0.041777915321504065,True
3994,0.4126984126984127,0.9841269841269841,0.87525659388412,0.0023865514417582,-0.045188582491550125,True
3995,0.42857142857142855,0.9841269841269841,0.8797816785785276,0.002189774688944711,-0.04863073553595216,True
3996,0.4444444444444444,0.9841269841269841,0.8838671664298522,0.002004633864475852,-0.05205635587194356,True
3997,0.4603174603174603,0.9841269841269841,0.8876159496398531,0.0018149517135947358,-0.05540202053237347,True
3998,0.47619047619047616,0.9841269841269841,0.8909915383844856,0.0016237291865233091,-0.058613797657312845,True
3999,0.49206349206349204,0.9841269841269841,0.8940575575944067,0.00142363408003984,-0.061619103878675544,True
4000,0.5079365079365079,0.9841269841269841,0.8966777106373953,0.0012337635766063672,-0.06435691818083629,True
4001,0.5238095238095237,0.9841269841269841,0.8989632276917296,0.0010305317211377184,-0.0667374883853288,True
4002,0.5396825396825397,0.9841269841269841,0.9008589811594434,0.0008197993502729519,-0.06871475319489233,True
4003,0.5555555555555556,0.9841269841269841,0.9023482103513596,0.0006042207815135893,-0.07018091024907434,True
4004,0.5714285714285714,0.9841269841269841,0.9034107834525378,0.0003810962707042,-0.07104976082877275,True
4005,0.5873015873015872,0.9841269841269841,0.9040568195970233,0.00014501821192728156,-0.07127851684798957,True
4006,0.6031746031746031,0.9841269841269841,0.9042385633913508,-0.00010145577825503515,-0.0707232080117842,True
4007,0.6190476190476191,0.9841269841269841,0.9039397864673239,-0.00035624461138638474,-0.0692951546717391,True
4008,0.6349206349206349,0.9841269841269841,0.9031367134913477,-0.0006381395457951966,-0.06691762287533953,True
4009,0.6507936507936507,0.9841269841269841,0.9018275649230454,-0.0009159160104884762,-0.06347165966347533,True
4010,0.6666666666666666,0.9841269841269841,0.8999216003656068,-0.001227897571868858,-0.05883918970894219,True
4011,0.6825396825396826,0.9841269841269841,0.8974341850247064,-0.0015537557149115405,-0.052907948164899625,True
4012,0.6984126984126984,0.9841269841269841,0.8943219820872326,-0.0018975164310686106,-0.045551706809593175,True
4013,0.7142857142857142,0.9841269841269841,0.8904766560724452,-0.0022821351141482206,-0.03660520502778454,True
4014,0.7301587301587301,0.9841269841269841,0.885923238492689,-0.0027032858230700077,-0.025913457463661718,True
4015,0.746031746031746,0.9841269841269841,0.8805029440616123,-0.003157227646663098,-0.013378330805731352,True
4016,0.7619047619047619,0.9841269841269841,0.8741701758608991,-0.003685503326505074,0.0012943512560930157,True
4017,0.7777777777777777,0.9841269841269841,0.8668442255607772,-0.004270015627321142,0.018255898530662222,True
4018,0.7936507936507936,0.9841269841269841,0.8581908521124223,-0.004968658671792253,0.03782430283555062,True
4019,0.8095238095238095,0.9841269841269841,0.8480427695577193,-0.005834125390235727,0.06037644273728307,True
4020,0.8253968253968254,0.9841269841269841,0.8362227546066913,-0.006898310378480291,0.0863596983363326,True
4021,0.8412698412698412,0.9841269841269841,0.8221063439176854,-0.008272812362169781,0.11639344531918172,True
4022,0.8571428571428571,0.9841269841269841,0.8049143321975868,-0.010171443720552868,0.1514200585001656,True
4023,0.873015873015873,0.9841269841269841,0.7835182200288447,-0.01281062737881449,0.19269742696921602,True
4024,0.8888888888888888,0.9841269841269841,0.7562210036639541,-0.016722567692999662,0.24235287516452172,True
4025,0.9047619047619047,0.9841269841269841,0.7195753287460904,-0.022913879548610384,0.30380742994010757,True
4026,0.9206349206349206,0.9841269841269841,0.6684909176674613,-0.03319493205727186,0.38319748635072143,True
4027,0.9365079365079365,0.9841269841269841,0.592948463452109,-0.05174001323519718,0.4925605528487542,True
4028,0.9523809523809523,0.9841269841269841,0.4735800433317898,-0.08866189069982476,0.6588487457099192,True
4029,0.9682539682539681,0.9841269841269841,0.2745635976782542,-0.17284060435613263,0.9511471420686979,True
4030,0.9841269841269841,0.9841269841269841,-0.011664765328727702,-0.36560033291286825,1.5458471753933438,True
4031,1.0,0.9841269841269841,0.0005505297209815131,-0.000314131398038085,1.8682906520481013,True
4032,0.0,1.0,0.0,0.0,-15.28030523081587,True
4033,0.015873015873015872,1.0,0.990989220624358,-0.0009399070289223199,-0.6068901158428744,True
4034,0.031746031746031744,1.0,1.0009592962847882,-0.00023929456265887048,-0.28689308415694,True
4035,0.047619047619047616,1.0,1.0005248043597608,-7.179196804354317e-05,-0.1598754409496159,True
4036,0.06349206349206349,1.0,0.999846287671336,-4.2735346426464666e-05,-0.10474169440440394,True
4037,0.07936507936507936,1.0,0.9998861655862619,-2.5743934042649714e-05,-0.07439887019071591,True
4038,0.09523809523809523,1.0,0.9998492373795201,-2.1453285516796172e-05,-0.055512605900634886,True
4039,0.1111111111111111,1.0,1.000052953275247,-1.6826050063822375e-05,-0.042784626584130056,True
4040,0.12698412698412698,1.0,0.999979982372254,-1.1886684383128546e-05,-0.033761268245027974,True
4041,0.14285714285714285,1.0,1.0000670305273156,-1.0406341096467191e-05,-0.027212746337516434,True
4042,0.15873015873015872,1.0,1.0001606737797017,-7.709074683296424e-06,-0.02243484374126871,True
4043,0.1746031746031746,1.0,0.9999754626284306,-6.808878043242275e-06,-0.019023332802686217,True
4044,0.19047619047619047,1.0,0.9999449840384877,-3.914517488218777e-06,-0.016703332797628492,True
4045,0.20634920634920634,1.0,1.000020371074058,-5.37654286714152e-06,-0.01529569628420048,True
4046,0.2222222222222222,1.0,1.0001011972649319,-4.99095119229741e-06,-0.014669022847946408,True
4047,0.23809523809523808,1.0,0.999948126232677,-3.909100929333918e-06,-0.014728587747862242,True
4048,0.25396825396825395,1.0,1.0000086449159515,-3.685157278856856e-06,-0.015376514585052417,True
4049,0.2698412698412698,1.0,1.0000070964940346,-1.7023176318401357e-06,-0.016564365969577416,True
4050,0.2857142857142857,1.0,1.0000451713914287,-3.0521533378369543e-06,-0.018212832858404585,True
4051,0.30158730158730157,1.0,0.9999504860419521,-3.5189780712107023e-06,-0.020276453687047696,True
4052,0.31746031746031744,1.0,0.999995085701929,-2.390537571190383e-06,-0.02271113245614616,True
4053,0.3333333333333333,1.0,0.9999841154937208,-2.180440491296233e-06,-0.02546205835385405,True
4054,0.3492063492063492,1.0,1.0000575434114465,-2.30458764233996e-06,-0.028483494915948128,True
4055,0.36507936507936506,1.0,0.9999547850744177,-2.331131806405418e-06,-0.0317290101391795,True
4056,0.38095238095238093,1.0,1.0000247263916906,-1.1886914217463005e-06,-0.0351547244845901,True
4057,0.3968253968253968,1.0,1.0000248492157857,-1.8567208436546708e-06,-0.03870880163849073,True
4058,0.4126984126984127,1.0,0.9999771824371366,-1.5212577662367026e-06,-0.04234325742053308,True
4059,0.42857142857142855,1.0,0.9999829977740844,-7.549108966919325e-07,-0.046010350902880734,True
4060,0.4444444444444444,1.0,1.0000365392277364,-1.8148085369678063e-06,-0.04964815725237549,True
4061,0.4603174603174603,1.0,0.9999654436617781,-1.3040854435369212e-06,-0.05321194225056881,True
4062,0.47619047619047616,1.0,1.0000106491672465,-7.541557475241532e-07,-0.05663633758384514,True
4063,0.49206349206349204,1.0,1.0000143847785694,-9.765741608166854e-07,-0.059851882467603694,True
4064,0.5079365079365079,1.0,0.9999882562593971,-7.532895631805168e-07,-0.06280652694136599,True
4065,0.5238095238095237,1.0,1.0000056010945109,-3.1050515943525313e-07,-0.06542034130537325,True
4066,0.5396825396825397,1.0,1.000000937950528,-7.551996947183226e-07,-0.06762208759331564,True
4067,0.5555555555555556,1.0,1.0000070943372026,-5.094948893084793e-07,-0.06932537557975506,True
4068,0.5714285714285714,1.0,1.0000023054540728,-2.3282282068267724e-07,-0.07044446468682251,True
4069,0.5873015873015872,1.0,1.0000001352142582,-2.4871400032642516e-08,-0.07091400096763227,True
4070,0.6031746031746031,1.0,1.0000033796839196,4.4983843666157906e-07,-0.07064631604506759,True
4071,0.6190476190476191,1.0,1.0000015970139065,-4.977020219933525e-08,-0.06951571632918128,True
4072,0.6349206349206349,1.0,0.9999894038637193,4.915478739504232e-07,-0.06742103642030742,True
4073,0.6507936507936507,1.0,1.000018041265181,7.777304879348389e-07,-0.06429935323834939,True
4074,0.6666666666666666,1.0,0.9999917494796703,8.419353337179488e-07,-0.06000429871018493,True
4075,0.6825396825396826,1.0,0.9999948751911575,1.0821004607283392e-06,-0.054428451924202904,True
4076,0.6984126984126984,1.0,0.9999932347358644,1.3237089753395016e-06,-0.04745535749797353,True
4077,0.7142857142857142,1.0,0.9999620240832979,1.7292012225329987e-06,-0.03892408510786034,True
4078,0.7301587301587301,1.0,1.0000200360370004,1.8694518923100598e-06,-0.028698753795833407,True
4079,0.746031746031746,1.0,1.0000010487155855,2.3059013956676605e-06,-0.01665898046467011,True
4080,0.7619047619047619,1.0,0.9999602866231406,2.6466450532577077e-06,-0.002557501637383802,True
4081,0.7777777777777777,1.0,1.000062966502175,3.386281134426316e-06,0.01375198161554894,True
4082,0.7936507936507936,1.0,1.0000042301233052,3.627006502575375e-06,0.032581223307690185,True
4083,0.8095238095238095,1.0,0.9999843587564213,2.208629177258209e-06,0.0542243911983848,True
4084,0.8253968253968254,1.0,0.999968349439341,4.320475409921911e-06,0.07905808680226155,True
4085,0.8412698412698412,1.0,0.9999501584908154,5.958718583126655e-06,0.10764596432652054,True
4086,0.8571428571428571,1.0,0.9999986255809551,6.299540818709237e-06,0.14066435481076317,True
4087,0.873015873015873,1.0,0.9999932556888075,9.27371688964841e-06,0.17923338548530618,True
4088,0.8888888888888888,1.0,0.9999952656184715,1.532693111276114e-05,0.22484683293848165,True
4089,0.9047619047619047,1.0,0.9999191662646684,1.6329924297156637e-05,0.2801500187572348,True
4090,0.9206349206349206,1.0,1.0000908450180876,2.852584387975933e-05,0.34946188158853525,True
4091,0.9365079365079365,1.0,1.0001228833058344,4.886064421136633e-05,0.44143125310447373,True
4092,0.9523809523809523,1.0,0.999678186590917,6.533840413747224e-05,0.5757278926680209,True
4093,0.9682539682539681,1.0,1.001357467553811,0.000252675918526775,0.8120996018331481,True
4094,0.9841269841269841,1.0,0.9875055933818664,0.0008533348185183821,1.3263818509903342,True
4095,1.0,1.0,0.0,0.0,17.093365660833157,True
