,x,y,u (m/s),v (m/s),p (Pa),mask
0,0.0,0.0,0.0,0.0,0.0,True
1,0.015873015873015872,0.0,-4.453321199780379e-07,3.70481398930165e-08,2.297143910083868e-05,True
2,0.031746031746031744,0.0,-2.799588773503842e-06,2.1922754092695754e-08,4.217853834966228e-05,True
3,0.047619047619047616,0.0,-1.4618706644167399e-07,-1.6553003305159958e-08,1.6241462308541546e-05,True
4,0.06349206349206349,0.0,5.660698048739645e-07,-2.986649260938083e-09,-5.96914826544684e-05,True
5,0.07936507936507936,0.0,1.2158531362542707e-06,4.2559419947624226e-08,-0.00017996841318578905,True
6,0.09523809523809523,0.0,-4.6762953522299065e-07,-1.5407385721206378e-09,-0.0003368354398249804,True
7,0.1111111111111111,0.0,4.815475999861242e-07,2.5133645422356222e-08,-0.0005228882882914753,True
8,0.12698412698412698,0.0,7.38954935729564e-08,-4.999775627788917e-09,-0.0007331741949780521,True
9,0.14285714285714285,0.0,-1.0096879022682862e-06,1.9745758396543354e-08,-0.0009648991316297369,True
10,0.15873015873015872,0.0,-3.864324182281156e-06,6.767046949770492e-08,-0.0012176128867025077,True
11,0.1746031746031746,0.0,1.617109688586134e-06,-3.006426000205426e-08,-0.0014928056207617365,True
12,0.19047619047619047,0.0,7.529227315477385e-06,-1.314279125915898e-07,-0.00179249808446153,True
13,0.20634920634920634,0.0,1.1529956352502237e-06,-5.112377868269635e-08,-0.002118659330478023,True
14,0.2222222222222222,0.0,-7.872554410608404e-06,2.1988483435089374e-07,-0.00247313431768033,True
15,0.23809523809523808,0.0,8.01674227461135e-06,-2.4578090512540394e-07,-0.0028558623284410008,True
16,0.25396825396825395,0.0,-1.8555306461560883e-06,-7.246624097042415e-09,-0.0032650835699889395,True
17,0.2698412698412698,0.0,1.0696231645637241e-05,-8.426677551136541e-08,-0.003698186391022675,True
18,0.2857142857142857,0.0,-3.5745775443181916e-06,4.995358510442055e-07,-0.004149081088135473,True
19,0.30158730158730157,0.0,1.9775525554920604e-05,-5.502252828651862e-07,-0.004610923716165365,True
20,0.31746031746031744,0.0,2.6439882270581405e-06,1.0831250852956063e-08,-0.0050728350542439725,True
21,0.3333333333333333,0.0,6.454881128500168e-06,-2.4472237073681992e-08,-0.005522693652974073,True
22,0.3492063492063492,0.0,-1.3858886321462609e-05,3.1045841086963437e-07,-0.005945826244217394,True
23,0.36507936507936506,0.0,5.90321819124133e-06,-6.532851632369925e-07,-0.006326097876008147,True
24,0.38095238095238093,0.0,-7.285376186646225e-06,1.4662826344710738e-07,-0.006644369832366625,True
25,0.3968253968253968,0.0,-3.9029391394562304e-05,-1.3053319877038628e-07,-0.006880994681932623,True
26,0.4126984126984127,0.0,5.713034622033e-05,2.3454625769795144e-07,-0.007022770084897391,True
27,0.42857142857142855,0.0,-5.154030101868568e-05,-2.219449568324714e-07,-0.007049858345403221,True
28,0.4444444444444444,0.0,4.792400863522522e-05,2.252183851428897e-07,-0.00695085724058927,True
29,0.4603174603174603,0.0,-3.723673478052101e-05,-1.9888158482862633e-07,-0.006718294105246987,True
30,0.47619047619047616,0.0,2.758604239112431e-05,2.2877664698004523e-07,-0.006350374972692058,True
31,0.49206349206349204,0.0,-1.3297271596809038e-05,8.043877566870341e-08,-0.005854200852083495,True
32,0.5079365079365079,0.0,9.033251295086276e-07,-4.438131531778242e-07,-0.005237683170520948,True
33,0.5238095238095237,0.0,-1.507420150122314e-05,8.473142785773486e-07,-0.004533532531849852,True
34,0.5396825396825397,0.0,2.443623214222625e-05,-1.0441560770478967e-06,-0.0037670521724079984,True
35,0.5555555555555556,0.0,-3.7090428450498386e-05,8.716764106396985e-07,-0.002975179068445167,True
36,0.5714285714285714,0.0,4.538726667542655e-05,-8.671284286009284e-07,-0.002202702216715667,True
37,0.5873015873015872,0.0,-3.164662075801528e-05,3.1201027675916333e-07,-0.0014940892741229282,True
38,0.6031746031746031,0.0,-1.3645834451008716e-05,2.274927990671232e-07,-0.0008884936738407977,True
39,0.6190476190476191,0.0,1.8023246985214874e-06,-2.9842857270901445e-07,-0.00043142945346788227,True
40,0.6349206349206349,0.0,4.177374182832568e-05,-4.661004648951924e-09,-0.00015583399726385808,True
41,0.6507936507936507,0.0,-6.721954603785345e-05,-6.557685109374219e-08,-7.36801530220141e-05,True
42,0.6666666666666666,0.0,2.432189544181684e-05,5.156381645406946e-08,-0.00019985764484189842,True
43,0.6825396825396826,0.0,1.3262585663947341e-05,5.131308256038864e-08,-0.0005261909412296504,True
44,0.6984126984126984,0.0,-3.464677733630275e-05,-1.97931045716957e-07,-0.001033844784406212,True
45,0.7142857142857142,0.0,5.154738839465946e-05,3.3871617332451896e-07,-0.0016916647292004928,True
46,0.7301587301587301,0.0,-2.235829806890947e-05,-9.652927017491853e-08,-0.002462874708404445,True
47,0.746031746031746,0.0,-3.1828160041510203e-06,-1.1063318038514044e-07,-0.003302380391021314,True
48,0.7619047619047619,0.0,-1.2342000501875883e-05,-2.8637806188428054e-07,-0.004169119394993378,True
49,0.7777777777777777,0.0,8.447550145551175e-06,1.5658484364253125e-07,-0.005022617438828864,True
50,0.7936507936507936,0.0,6.629876514226431e-07,4.739313367463607e-08,-0.005830383193997062,True
51,0.8095238095238095,0.0,2.588416135822821e-06,-5.007609763023215e-08,-0.006566499171833346,True
52,0.8253968253968254,0.0,-2.691985736447586e-07,1.2329708926268601e-08,-0.00721575841708332,True
53,0.8412698412698412,0.0,4.6847989845217623e-07,1.5261404025686028e-07,-0.007768782261181286,True
54,0.8571428571428571,0.0,7.972054090122871e-06,-3.328895527682879e-09,-0.008224181087639495,True
55,0.873015873015873,0.0,6.283080497604704e-07,-6.254187050058157e-09,-0.008586491804716172,True
56,0.8888888888888888,0.0,1.1346490639950732e-06,-1.561593176051925e-07,-0.008863107613019306,True
57,0.9047619047619047,0.0,-2.7779481584475067e-06,-9.090778331406182e-09,-0.009061728797668244,True
58,0.9206349206349206,0.0,4.169598572497441e-06,1.5845645626518546e-07,-0.009190845575976853,True
59,0.9365079365079365,0.0,-5.978497360847877e-06,-4.4529019867843e-08,-0.009256506586826857,True
60,0.9523809523809523,0.0,-1.1677394434245675e-06,1.197049460712835e-07,-0.009263710553653796,True
61,0.9682539682539681,0.0,-3.7265516203451497e-06,-1.0627691219120006e-07,-0.00922020645229663,True
62,0.9841269841269841,0.0,3.0130131479094855e-07,-1.59785104251996e-08,-0.009148396461711296,True
63,1.0,0.0,0.0,0.0,-0.0091146037032406,True
64,0.0,0.015873015873015872,5.1418127952338745e-08,-5.281352040176962e-07,-2.296245528335348e-05,True
65,0.015873015873015872,0.015873015873015872,0.0002158160446251602,-0.00021572209074407152,2.1433456569825173e-08,True
66,0.031746031746031744,0.015873015873015872,0.0007799194914735627,-0.00038348511149332063,4.650682189119604e-06,True
67,0.047619047619047616,0.015873015873015872,0.0015113542043839964,-0.0004285237290999625,-2.6269916143531957e-05,True
68,0.06349206349206349,0.015873015873015872,0.0022306542504037974,-0.0003847665915542799,-9.793367223002884e-05,True
69,0.07936507936507936,0.015873015873015872,0.002815941437245391,-0.0002870136545839057,-0.00020793745713763024,True
70,0.09523809523809523,0.015873015873015872,0.0031892619604234913,-0.00016380847691081242,-0.00035128205365301613,True
71,0.1111111111111111,0.015873015873015872,0.0033238523649909576,-3.369393780154778e-05,-0.0005225553109121032,True
72,0.12698412698412698,0.015873015873015872,0.0032053115855082597,9.589124190644547e-05,-0.0007176630931836947,True
73,0.14285714285714285,0.015873015873015872,0.002840312808021559,0.00021879545347388294,-0.0009346613271185848,True
74,0.15873015873015872,0.015873015873015872,0.0022379107508026432,0.0003387993324280017,-0.0011725802534904828,True
75,0.1746031746031746,0.015873015873015872,0.001394358737486246,0.000459134783884047,-0.0014328287023621222,True
76,0.19047619047619047,0.015873015873015872,0.00031235056346844343,0.0005834014143730803,-0.0017168277168820856,True
77,0.20634920634920634,0.015873015873015872,-0.00104380374637519,0.0007211211314691903,-0.002026546575275283,True
78,0.2222222222222222,0.015873015873015872,-0.0026742354064884654,0.0008697223974146169,-0.0023629210150609187,True
79,0.23809523809523808,0.015873015873015872,-0.004609582365893137,0.0010317239959314586,-0.002726272624858821,True
80,0.25396825396825395,0.015873015873015872,-0.006876468434129074,0.001206575020019433,-0.003115460982635014,True
81,0.2698412698412698,0.015873015873015872,-0.00948544192256574,0.0013904114960005944,-0.0035277135164375265,True
82,0.2857142857142857,0.015873015873015872,-0.01243347492325293,0.0015730313756157346,-0.003958053400779347,True
83,0.30158730158730157,0.015873015873015872,-0.015730290540698105,0.0017527792922752644,-0.004399843249579428,True
84,0.31746031746031744,0.015873015873015872,-0.019362958684151343,0.0019261755045800245,-0.004844042867265122,True
85,0.3333333333333333,0.015873015873015872,-0.023273684151081584,0.0020758889921215786,-0.005279074023434952,True
86,0.3492063492063492,0.015873015873015872,-0.02742935557554774,0.0021986340525900904,-0.0056909884665600945,True
87,0.36507936507936506,0.015873015873015872,-0.03173326825466778,0.0022718486395554467,-0.00606549417147674,True
88,0.38095238095238093,0.015873015873015872,-0.03600429215994868,0.0023041513173211064,-0.006383194714527281,True
89,0.3968253968253968,0.015873015873015872,-0.040417490102959745,0.002268919025497589,-0.006630388832079684,True
90,0.4126984126984127,0.015873015873015872,-0.04456453008131678,0.002171893327525535,-0.006786527211090093,True
91,0.42857142857142855,0.015873015873015872,-0.04841517618306771,0.002011535810130118,-0.006834590918753991,True
92,0.4444444444444444,0.015873015873015872,-0.051898139366682104,0.0017628190615714254,-0.006766405793912397,True
93,0.4603174603174603,0.015873015873015872,-0.05477434612902405,0.001448838117907185,-0.006573501597566032,True
94,0.47619047619047616,0.015873015873015872,-0.05696117416252166,0.0010761702235110456,-0.006249255917280723,True
95,0.49206349206349204,0.015873015873015872,-0.058387482407960004,0.0006136580322567949,-0.00580456450907438,True
96,0.5079365079365079,0.015873015873015872,-0.05890460480669985,0.0001210789038856261,-0.00524742958808314,True
97,0.5238095238095237,0.015873015873015872,-0.058494247144638696,-0.0004138296243533664,-0.004602132040100968,True
98,0.5396825396825397,0.015873015873015872,-0.05703816830555845,-0.0009666342970726617,-0.0038949219064914674,True
99,0.5555555555555556,0.015873015873015872,-0.054542001296040525,-0.0015233318406040089,-0.003162672743375111,True
100,0.5714285714285714,0.015873015873015872,-0.05112344138937735,-0.00204916254753557,-0.002445824193013961,True
101,0.5873015873015872,0.015873015873015872,-0.04683969962332868,-0.002522874601645106,-0.0017852217493777172,True
102,0.6031746031746031,0.015873015873015872,-0.04166894228515209,-0.002934662717600888,-0.0012229747517489438,True
103,0.6190476190476191,0.015873015873015872,-0.03594258694144825,-0.003245840248643559,-0.0007984291118191106,True
104,0.6349206349206349,0.015873015873015872,-0.029773975864433193,-0.0034523310781974558,-0.000541379833545956,True
105,0.6507936507936507,0.015873015873015872,-0.02315031299474065,-0.003536789249983416,-0.0004680277061473851,True
106,0.6666666666666666,0.015873015873015872,-0.016723170520771016,-0.003495737882253004,-0.0005897832726018666,True
107,0.6825396825396826,0.015873015873015872,-0.010342581977356578,-0.003328182555348868,-0.0008989086131585902,True
108,0.6984126984126984,0.015873015873015872,-0.004370599708371871,-0.0030468722175848147,-0.0013777483789776637,True
109,0.7142857142857142,0.015873015873015872,0.000941854781798923,-0.0026836175016212846,-0.001998098863849299,True
110,0.7301587301587301,0.015873015873015872,0.005703935838220312,-0.002218269968723372,-0.0027207916173616837,True
111,0.746031746031746,0.015873015873015872,0.009464322103947683,-0.0017414916082739156,-0.003510182833231042,True
112,0.7619047619047619,0.015873015873015872,0.012365000187558343,-0.001243886786140499,-0.004323340538847141,True
113,0.7777777777777777,0.015873015873015872,0.014401024459580247,-0.0007495480038370584,-0.005123740545938977,True
114,0.7936507936507936,0.015873015873015872,0.015544847781171345,-0.00029631389741079816,-0.00588112752555626,True
115,0.8095238095238095,0.015873015873015872,0.015891740685101588,0.00010287422777819763,-0.0065720950811388856,True
116,0.8253968253968254,0.015873015873015872,0.015567645280352444,0.00042792696689077065,-0.00718337336537886,True
117,0.8412698412698412,0.015873015873015872,0.014657482513363776,0.0006867359589549973,-0.007704993862852942,True
118,0.8571428571428571,0.015873015873015872,0.013316659204288142,0.0008727455394254922,-0.008137209121799306,True
119,0.873015873015873,0.015873015873015872,0.01167703204030335,0.0009911931182733783,-0.008483874278126996,True
120,0.8888888888888888,0.015873015873015872,0.0098297236942728,0.001055891172736707,-0.008750678107359789,True
121,0.9047619047619047,0.015873015873015872,0.007879185042249296,0.0010737236867196338,-0.008945735160107281,True
122,0.9206349206349206,0.015873015873015872,0.005925071254068048,0.0010461659467466895,-0.009076833668452411,True
123,0.9365079365079365,0.015873015873015872,0.004053307423213768,0.0009679722202220341,-0.009150786000303302,True
124,0.9523809523809523,0.015873015873015872,0.002382176099128383,0.0008215992968523993,-0.009174179156014359,True
125,0.9682539682539681,0.015873015873015872,0.0010542414878486192,0.0005790109355281556,-0.009156285052221342,True
126,0.9841269841269841,0.015873015873015872,0.00023481616744829313,0.00023300232927058994,-0.009114748775568237,True
127,1.0,0.015873015873015872,2.8148997086968014e-09,1.8663220347850066e-07,-0.009080693556803169,True
128,0.0,0.031746031746031744,-1.1480642408202064e-07,2.757181045704798e-06,-4.2609517285895235e-05,True
129,0.015873015873015872,0.031746031746031744,0.0003875437768145695,-0.0007834160085553117,-4.688102562536586e-06,True
130,0.031746031746031744,0.031746031746031744,0.0012531461339387938,-0.0012462637118497426,-4.7055010906409124e-07,True
131,0.047619047619047616,0.031746031746031744,0.0022820774021676416,-0.001347871418050092,-3.346794619166981e-05,True
132,0.06349206349206349,0.031746031746031744,0.003232420074895173,-0.001174119705220866,-0.0001033639421608615,True
133,0.07936507936507936,0.031746031746031744,0.003919839077539257,-0.0008192023206969282,-0.00020736925074160903,True
134,0.09523809523809523,0.031746031746031744,0.004237001587629644,-0.0003725959692354213,-0.0003410287086503739,True
135,0.1111111111111111,0.031746031746031744,0.004114082005540308,0.00011395617894260644,-0.0004999596518141169,True
136,0.12698412698412698,0.031746031746031744,0.0035276954195190783,0.0006048163157071215,-0.0006809107568393762,True
137,0.14285714285714285,0.031746031746031744,0.002471315324859747,0.001087740586640286,-0.0008822208304527874,True
138,0.15873015873015872,0.031746031746031744,0.0009373461146273988,0.0015653298270653455,-0.001104101151754713,True
139,0.1746031746031746,0.031746031746031744,-0.0010913679748955005,0.0020562519460578447,-0.0013469243515732315,True
140,0.19047619047619047,0.031746031746031744,-0.0036528740729111255,0.002577360209646795,-0.001613256346635879,True
141,0.20634920634920634,0.031746031746031744,-0.006683588875840999,0.00311366813083634,-0.0019047978640877009,True
142,0.2222222222222222,0.031746031746031744,-0.010310689042355563,0.003701900538574591,-0.002222931248266432,True
143,0.23809523809523808,0.031746031746031744,-0.014536795695813818,0.004330674354425984,-0.002568444963153694,True
144,0.25396825396825395,0.031746031746031744,-0.019372854867459963,0.004987715320604673,-0.002940483397503294,True
145,0.2698412698412698,0.031746031746031744,-0.02483962111326761,0.005662014766270881,-0.003337450262691462,True
146,0.2857142857142857,0.031746031746031744,-0.03086108467393921,0.00631669717524552,-0.0037551857992818927,True
147,0.30158730158730157,0.031746031746031744,-0.037523691707492604,0.006948574102497586,-0.004188006772799272,True
148,0.31746031746031744,0.031746031746031744,-0.04459676967329082,0.007500762935335888,-0.004628029368841216,True
149,0.3333333333333333,0.031746031746031744,-0.05207754345700767,0.007954097827680367,-0.005064581202912502,True
150,0.3492063492063492,0.031746031746031744,-0.059789012697313335,0.008274476945501244,-0.005484501817058435,True
151,0.36507936507936506,0.031746031746031744,-0.06765847569364113,0.008423163050062204,-0.00587352527968767,True
152,0.38095238095238093,0.031746031746031744,-0.07528974909823799,0.00838104887426215,-0.006212795483955201,True
153,0.3968253968253968,0.031746031746031744,-0.08278312978369122,0.008096370264742414,-0.00648792991065205,True
154,0.4126984126984127,0.031746031746031744,-0.08960475059229735,0.007622889521163832,-0.00667547335664693,True
155,0.42857142857142855,0.031746031746031744,-0.09590015362626614,0.006824063456345717,-0.006767398128090106,True
156,0.4444444444444444,0.031746031746031744,-0.1011201446594549,0.005870417802063944,-0.006740262539477625,True
157,0.4603174603174603,0.031746031746031744,-0.1053282577260383,0.004618405888358356,-0.006592829522874284,True
158,0.47619047619047616,0.031746031746031744,-0.10823282988069964,0.003191612115230704,-0.0063161300311676116,True
159,0.49206349206349204,0.031746031746031744,-0.10977194379485365,0.0015523775018307336,-0.005918242874693748,True
160,0.5079365079365079,0.031746031746031744,-0.10980235648296754,-0.00018555379211523238,-0.005403345149035864,True
161,0.5238095238095237,0.031746031746031744,-0.10817840232853694,-0.002067989838234385,-0.004797121921297809,True
162,0.5396825396825397,0.031746031746031744,-0.10510794617961872,-0.003919173021129114,-0.004127325049116862,True
163,0.5555555555555556,0.031746031746031744,-0.10049016247587798,-0.005743283965259467,-0.003425976496701982,True
164,0.5714285714285714,0.031746031746031744,-0.09435011825334388,-0.007494421740939866,-0.002734483791929196,True
165,0.5873015873015872,0.031746031746031744,-0.08696976805156538,-0.009019670240264666,-0.002093801925122367,True
166,0.6031746031746031,0.031746031746031744,-0.07832735047385125,-0.010362085223047521,-0.001547611790739113,True
167,0.6190476190476191,0.031746031746031744,-0.06877898077295416,-0.011381696229993972,-0.0011308248489519364,True
168,0.6349206349206349,0.031746031746031744,-0.05860077147229457,-0.01204822240874703,-0.0008749335079731572,True
169,0.6507936507936507,0.031746031746031744,-0.04795448655547128,-0.012338923114172902,-0.0008010556043854879,True
170,0.6666666666666666,0.031746031746031744,-0.03718918381822245,-0.012233546622834797,-0.0009145807426300829,True
171,0.6825396825396826,0.031746031746031744,-0.02663693904119633,-0.011734590143932805,-0.001212265791293301,True
172,0.6984126984126984,0.031746031746031744,-0.016602697385939662,-0.010874751410640492,-0.0016768701587873776,True
173,0.7142857142857142,0.031746031746031744,-0.007255458055196235,-0.009673967876356646,-0.0022772046307929,True
174,0.7301587301587301,0.031746031746031744,0.0009211094216531338,-0.008277410667064996,-0.002977829117881123,True
175,0.746031746031746,0.031746031746031744,0.008036947452170899,-0.006665909322671727,-0.0037387571039512037,True
176,0.7619047619047619,0.031746031746031744,0.013778256297599904,-0.004980475771305444,-0.00452062957080648,True
177,0.7777777777777777,0.031746031746031744,0.018058839359355684,-0.0033450809883535195,-0.005287402287234467,True
178,0.7936507936507936,0.031746031746031744,0.02105356506669578,-0.0017477590888529517,-0.0060094522699687,True
179,0.8095238095238095,0.031746031746031744,0.02262643004158185,-0.0003338951223023508,-0.006664052319231497,True
180,0.8253968253968254,0.031746031746031744,0.02307426512978475,0.000890671425563381,-0.007240308757272606,True
181,0.8412698412698412,0.031746031746031744,0.02242393598760577,0.0018783830059194366,-0.007729581058075641,True
182,0.8571428571428571,0.031746031746031744,0.02094185113687948,0.002639774678802904,-0.008133606377284639,True
183,0.873015873015873,0.031746031746031744,0.01877611209250182,0.0031700805107436766,-0.008456325444812604,True
184,0.8888888888888888,0.031746031746031744,0.016137438336633347,0.003495219083390971,-0.008705318965832336,True
185,0.9047619047619047,0.031746031746031744,0.013202169632369781,0.0036341738841122496,-0.008888780063294275,True
186,0.9206349206349206,0.031746031746031744,0.01015513481443113,0.0035962457069945216,-0.0090149153625795,True
187,0.9365079365079365,0.031746031746031744,0.00716092105342919,0.003365189977073381,-0.009090696214801991,True
188,0.9523809523809523,0.031746031746031744,0.004421135498052533,0.002896704178100383,-0.00912215684765253,True
189,0.9682539682539681,0.031746031746031744,0.002149617673287993,0.0021264304132310625,-0.0091147675652587,True
190,0.9841269841269841,0.031746031746031744,0.0005912666142526507,0.0010555013972145756,-0.00907419149913265,True
191,1.0,0.031746031746031744,1.4137623845113724e-07,9.366493783910921e-07,-0.009009693333923891,True
192,0.0,0.047619047619047616,-5.575018467964992e-09,9.353956908686373e-07,-1.6944250554152647e-05,True
193,0.015873015873015872,0.047619047619047616,0.00043921979666951196,-0.001522166864257288,2.6067527357602397e-05,True
194,0.031746031746031744,0.047619047619047616,0.0013696521720992993,-0.0022787790566459755,3.00155381680187e-05,True
195,0.047619047619047616,0.047619047619047616,0.002385539214849984,-0.002363592233658486,-5.392251619872105e-06,True
196,0.06349206349206349,0.047619047619047616,0.003202779332587158,-0.001943627965798005,-7.624322560057568e-05,True
197,0.07936507936507936,0.047619047619047616,0.00361933177176927,-0.0011893528227134912,-0.00017799009048421677,True
198,0.09523809523809523,0.047619047619047616,0.003500910423773867,-0.00023969444542291935,-0.00030576099630980877,True
199,0.1111111111111111,0.047619047619047616,0.0027744838224004866,0.0007932210478704717,-0.0004554891914307829,True
200,0.12698412698412698,0.047619047619047616,0.0013862520488600568,0.0018590941589729298,-0.0006243307585854589,True
201,0.14285714285714285,0.047619047619047616,-0.0006983798432217993,0.0029343986874164306,-0.0008113694584575167,True
202,0.15873015873015872,0.047619047619047616,-0.003477343754628462,0.004012872404432757,-0.0010173271743460506,True
203,0.1746031746031746,0.047619047619047616,-0.007004554749494154,0.00512554796840973,-0.0012440794141672967,True
204,0.19047619047619047,0.047619047619047616,-0.011271353923701518,0.0062805165877184215,-0.001494484468588081,True
205,0.20634920634920634,0.047619047619047616,-0.016387832273768096,0.007522191498172215,-0.0017701924348670062,True
206,0.2222222222222222,0.047619047619047616,-0.022307445784968866,0.008825679717970096,-0.002074896007384255,True
207,0.23809523809523808,0.047619047619047616,-0.02907317151907544,0.010185293735231787,-0.0024092621058528995,True
208,0.25396825396825395,0.047619047619047616,-0.03668406242264042,0.011577839382469349,-0.002774651680320046,True
209,0.2698412698412698,0.047619047619047616,-0.04509967646234505,0.012953606007840013,-0.003169642813151614,True
210,0.2857142857142857,0.047619047619047616,-0.05419945163858922,0.014253152266370084,-0.003591535901547049,True
211,0.30158730158730157,0.047619047619047616,-0.06404975427576996,0.015444342875249758,-0.0040361993503986405,True
212,0.31746031746031744,0.047619047619047616,-0.07428521354454531,0.01642216716935579,-0.004495553659650926,True
213,0.3333333333333333,0.047619047619047616,-0.08483750322987475,0.01714199364079867,-0.004959826476915615,True
214,0.3492063492063492,0.047619047619047616,-0.09549023603157238,0.017535450034736864,-0.005416575966880631,True
215,0.36507936507936506,0.047619047619047616,-0.10588766215106774,0.017556440202994524,-0.005846814599638165,True
216,0.38095238095238093,0.047619047619047616,-0.11599125436715017,0.017132698445761315,-0.006238076982049553,True
217,0.3968253968253968,0.047619047619047616,-0.12535862397366399,0.016292792028882,-0.006564780566989705,True
218,0.4126984126984127,0.047619047619047616,-0.13386404981260577,0.014923032405903255,-0.006813463159864121,True
219,0.42857142857142855,0.047619047619047616,-0.14118595965994582,0.01315855811470697,-0.006958663793830299,True
220,0.4444444444444444,0.047619047619047616,-0.1471772655022385,0.010928909805361913,-0.006989353049611598,True
221,0.4603174603174603,0.047619047619047616,-0.15169587869188667,0.00827322796022563,-0.006895182726461339,True
222,0.47619047619047616,0.047619047619047616,-0.15449070366645423,0.005319904332714949,-0.006664323939996072,True
223,0.49206349206349204,0.047619047619047616,-0.15558224544322072,0.002042360498487105,-0.00630589105175468,True
224,0.5079365079365079,0.047619047619047616,-0.15484532334325998,-0.0014455432016762932,-0.0058250275730104715,True
225,0.5238095238095237,0.047619047619047616,-0.15228589681916307,-0.004934881468289393,-0.00524213419273871,True
226,0.5396825396825397,0.047619047619047616,-0.147834730017084,-0.008595605651301382,-0.004588516240345708,True
227,0.5555555555555556,0.047619047619047616,-0.1417032899755469,-0.012009082580498449,-0.0038925952428306133,True
228,0.5714285714285714,0.047619047619047616,-0.1338277143800017,-0.01527657217205892,-0.003199842450294313,True
229,0.5873015873015872,0.047619047619047616,-0.12447892150918216,-0.018179258187671635,-0.002548858877550269,True
230,0.6031746031746031,0.047619047619047616,-0.11374742980379003,-0.020665525565364423,-0.0019857566432198034,True
231,0.6190476190476191,0.047619047619047616,-0.10191533094561014,-0.022587363242306622,-0.0015510398653758072,True
232,0.6349206349206349,0.047619047619047616,-0.08919976212476685,-0.02390779656859437,-0.0012717085446759236,True
233,0.6507936507936507,0.047619047619047616,-0.07593795683407872,-0.02453040767046315,-0.0011775332305991966,True
234,0.6666666666666666,0.047619047619047616,-0.06239207499190297,-0.024441167931862115,-0.0012682858146882481,True
235,0.6825396825396826,0.047619047619047616,-0.048932113948607484,-0.0236330361541294,-0.0015457697463836099,True
236,0.6984126984126984,0.047619047619047616,-0.03589164795024204,-0.022142404242112397,-0.001991835716195203,True
237,0.7142857142857142,0.047619047619047616,-0.02366002543344342,-0.02006950969367427,-0.0025765779305072837,True
238,0.7301587301587301,0.047619047619047616,-0.012368862608347915,-0.017470323404802087,-0.003261726320218172,True
239,0.746031746031746,0.047619047619047616,-0.0023847589768197335,-0.014518598079368575,-0.004006798764608877,True
240,0.7619047619047619,0.047619047619047616,0.006093200905183417,-0.011359573101649116,-0.004771486187736883,True
241,0.7777777777777777,0.047619047619047616,0.012955036470712345,-0.008147342284256079,-0.005518001509335303,True
242,0.7936507936507936,0.047619047619047616,0.01814503261414414,-0.005026015499523374,-0.006216172838548911,True
243,0.8095238095238095,0.047619047619047616,0.021665647137039674,-0.002144086438090119,-0.006844818813565401,True
244,0.8253968253968254,0.047619047619047616,0.02361081997717928,0.000408275478156402,-0.007390777939798529,True
245,0.8412698412698412,0.047619047619047616,0.024090105563204598,0.002539166526037847,-0.007849655731116678,True
246,0.8571428571428571,0.047619047619047616,0.023388197340669017,0.004270205945961022,-0.008223264661251263,True
247,0.873015873015873,0.047619047619047616,0.021623615129528363,0.005545481807900972,-0.008517665572026984,True
248,0.8888888888888888,0.047619047619047616,0.019073649739240316,0.006398973549468434,-0.008742409146636144,True
249,0.9047619047619047,0.047619047619047616,0.01596353942741674,0.006853486858150971,-0.008906880401059023,True
250,0.9206349206349206,0.047619047619047616,0.01254362598788836,0.006918386108576559,-0.009020522073890053,True
251,0.9365079365079365,0.047619047619047616,0.00905277946413745,0.006578144624491729,-0.009089880408264297,True
252,0.9523809523809523,0.047619047619047616,0.005744392199988583,0.005762730117712108,-0.009119877561184108,True
253,0.9682539682539681,0.047619047619047616,0.0029002348839909926,0.004389166979033957,-0.009111920997195534,True
254,0.9841269841269841,0.047619047619047616,0.0008358491628624225,0.002403754184420553,-0.009063186611254853,True
255,1.0,0.047619047619047616,2.1343785503496071e-07,3.5315806678798284e-06,-0.00897421363921584,True
256,0.0,0.06349206349206349,-3.884582225006228e-08,-1.677630750792323e-06,6.132657579070375e-05,True
257,0.015873015873015872,0.06349206349206349,0.0003986503300091662,-0.002259190216543796,9.95378795116846e-05,True
258,0.031746031746031744,0.06349206349206349,0.0011840676115306727,-0.003224311295370601,9.753848529672562e-05,True
259,0.047619047619047616,0.06349206349206349,0.0019211134434405426,-0.0031651972661482617,5.6392247465530874e-05,True
260,0.06349206349206349,0.06349206349206349,0.002308116371250214,-0.002359109564448872,-1.8421441143256468e-05,True
261,0.07936507936507936,0.06349206349206349,0.0021345862712551407,-0.001047769841749505,-0.00012106232188170778,True
262,0.09523809523809523,0.06349206349206349,0.0012692825390254708,0.0005620758231272212,-0.0002461127507916675,True
263,0.1111111111111111,0.06349206349206349,-0.00039086033207112107,0.002339010786347603,-0.00038938452122564625,True
264,0.12698412698412698,0.06349206349206349,-0.002887734870806766,0.0041777305271730875,-0.0005488192731111939,True
265,0.14285714285714285,0.06349206349206349,-0.0062712205810050835,0.006051854498733058,-0.0007242739967410584,True
266,0.15873015873015872,0.06349206349206349,-0.010587460146040598,0.007966914799526957,-0.0009175638512766359,True
267,0.1746031746031746,0.06349206349206349,-0.015910989808114426,0.0099637833476729,-0.0011316320876324896,True
268,0.19047619047619047,0.06349206349206349,-0.02223505655370874,0.012041325498828685,-0.0013710115639460972,True
269,0.20634920634920634,0.06349206349206349,-0.029573344556501586,0.014203852945329455,-0.0016391275300928236,True
270,0.2222222222222222,0.06349206349206349,-0.037966731526463106,0.016454971780213472,-0.0019408401606005772,True
271,0.23809523809523808,0.06349206349206349,-0.047415804985547656,0.018758991373903737,-0.0022781533461965764,True
272,0.25396825396825395,0.06349206349206349,-0.05783380705975307,0.021042608694187486,-0.002654387850320942,True
273,0.2698412698412698,0.06349206349206349,-0.06913843526214193,0.023228388455276895,-0.0030697890422082923,True
274,0.2857142857142857,0.06349206349206349,-0.08118353519784755,0.025218252048949844,-0.0035225770535881142,True
275,0.30158730158730157,0.06349206349206349,-0.09376287973441598,0.026905513942911838,-0.004008214275483516,True
276,0.31746031746031744,0.06349206349206349,-0.10671046082991757,0.02819373535147487,-0.004522581766312518,True
277,0.3333333333333333,0.06349206349206349,-0.1196929112054948,0.028978067772354777,-0.005050437518657882,True
278,0.3492063492063492,0.06349206349206349,-0.13245246569565952,0.02917709174590156,-0.005579663218629687,True
279,0.36507936507936506,0.06349206349206349,-0.1447000660843838,0.02874318756483411,-0.006090016449013716,True
280,0.38095238095238093,0.06349206349206349,-0.15624090557758896,0.02757020707936332,-0.006567749581334928,True
281,0.3968253968253968,0.06349206349206349,-0.16671937090506697,0.025770656131688403,-0.006977774214017187,True
282,0.4126984126984127,0.06349206349206349,-0.17598517996858445,0.023233274284434065,-0.00730939826842494,True
283,0.42857142857142855,0.06349206349206349,-0.1837203017092829,0.020032694768662013,-0.007534108090266246,True
284,0.4444444444444444,0.06349206349206349,-0.1899481636766661,0.016226572509762727,-0.007638523158047089,True
285,0.4603174603174603,0.06349206349206349,-0.1944073543313199,0.011906531241117558,-0.007604602792315135,True
286,0.47619047619047616,0.06349206349206349,-0.19704493613827634,0.007109667243792331,-0.007429652732411526,True
287,0.49206349206349204,0.06349206349206349,-0.1978217323159095,0.0019985542424635185,-0.007110982736529301,True
288,0.5079365079365079,0.06349206349206349,-0.1965774589034535,-0.0033704035990618116,-0.006656084892927195,True
289,0.5238095238095237,0.06349206349206349,-0.19350801030685716,-0.008804925588603763,-0.006089623908982197,True
290,0.5396825396825397,0.06349206349206349,-0.18849419300334197,-0.01426965146129794,-0.005434624345296125,True
291,0.5555555555555556,0.06349206349206349,-0.1815882066490273,-0.019467792097776947,-0.004728942518001147,True
292,0.5714285714285714,0.06349206349206349,-0.1729121645147852,-0.02440654476490162,-0.0040109062454911715,True
293,0.5873015873015872,0.06349206349206349,-0.16259011050645966,-0.02883845459557218,-0.003324169255976378,True
294,0.6031746031746031,0.06349206349206349,-0.15075064169506527,-0.032662601572277704,-0.002711983091182172,True
295,0.6190476190476191,0.06349206349206349,-0.13758973909685374,-0.035681460383350315,-0.0022239108324002615,True
296,0.6349206349206349,0.06349206349206349,-0.12331417452821178,-0.03783093343404594,-0.0018935463883296207,True
297,0.6507936507936507,0.06349206349206349,-0.10828267573260415,-0.03898384897050587,-0.001737193654088249,True
298,0.6666666666666666,0.06349206349206349,-0.09275309478942302,-0.039094423294800604,-0.0017744041330868402,True
299,0.6825396825396826,0.06349206349206349,-0.07707378955597372,-0.03813707778247812,-0.0020045457242063424,True
300,0.6984126984126984,0.06349206349206349,-0.061609711734156,-0.03615659344785757,-0.002408014866445277,True
301,0.7142857142857142,0.06349206349206349,-0.046680992557944445,-0.03323486501220135,-0.002955419264925102,True
302,0.7301587301587301,0.06349206349206349,-0.03273978443813352,-0.029518678393290296,-0.0036146259603970815,True
303,0.746031746031746,0.06349206349206349,-0.019990450172171177,-0.025168696419688535,-0.0043377695234020535,True
304,0.7619047619047619,0.06349206349206349,-0.008689523188692476,-0.020387592501325706,-0.005082849733307802,True
305,0.7777777777777777,0.06349206349206349,0.0007561919231844332,-0.01551533552576485,-0.005811906913264145,True
306,0.7936507936507936,0.06349206349206349,0.008551932598585336,-0.01058538239382453,-0.006490902657666157,True
307,0.8095238095238095,0.06349206349206349,0.014400881852863801,-0.0059535752044750125,-0.007097930935770717,True
308,0.8253968253968254,0.06349206349206349,0.01841804192068628,-0.0017296096786849654,-0.007618646635932788,True
309,0.8412698412698412,0.06349206349206349,0.020699443638695202,0.0019380562263169602,-0.008049770048640804,True
310,0.8571428571428571,0.06349206349206349,0.02140452733162545,0.004967861006874443,-0.00839407821697136,True
311,0.873015873015873,0.06349206349206349,0.02073365541160383,0.007317574030596464,-0.008659524821363621,True
312,0.8888888888888888,0.06349206349206349,0.01895664465017778,0.008997728504560319,-0.00885712165792101,True
313,0.9047619047619047,0.06349206349206349,0.016334675124870877,0.01002212909436738,-0.008998118250576509,True
314,0.9206349206349206,0.06349206349206349,0.013149556791063097,0.010392260849460298,-0.009093381338242532,True
315,0.9365079365079365,0.06349206349206349,0.009695712228539976,0.010083238551270827,-0.009150033753621629,True
316,0.9523809523809523,0.06349206349206349,0.006273278122868182,0.009010917401755244,-0.009172411532889375,True
317,0.9682539682539681,0.06349206349206349,0.0032207162009375576,0.007040999182260683,-0.00915941756777765,True
318,0.9841269841269841,0.06349206349206349,0.0009426479435155413,0.004056207601055927,-0.009104099260072182,True
319,1.0,0.06349206349206349,-2.975332097311006e-08,-2.0018320642087876e-06,-0.00900369761597092,True
320,0.0,0.07936507936507936,7.989331460406164e-09,1.008376050116032e-06,0.00019177290667311605,True
321,0.015873015873015872,0.07936507936507936,0.00028394438030985365,-0.0028432884111299584,0.00021669109306434725,True
322,0.031746031746031744,0.07936507936507936,0.0007488491715810648,-0.003851161817357281,0.00020274056037292577,True
323,0.047619047619047616,0.07936507936507936,0.0009719565553300731,-0.0034821122672865027,0.00015173899139631213,True
324,0.06349206349206349,0.07936507936507936,0.000661175819897215,-0.002120370736117167,6.985047955252508e-05,True
325,0.07936507936507936,0.07936507936507936,-0.0003716351235532124,-9.313521135658784e-05,-3.64269449346785e-05,True
326,0.09523809523809523,0.07936507936507936,-0.0022655069439289355,0.002349930582734304,-0.0001615419964598098,True
327,0.1111111111111111,0.07936507936507936,-0.005114821950377492,0.005029501648677755,-0.00030166879786688,True
328,0.12698412698412698,0.07936507936507936,-0.008997755244595017,0.007843826280288945,-0.00045537878484697755,True
329,0.14285714285714285,0.07936507936507936,-0.013964171425072846,0.010741114460412246,-0.0006238759605184007,True
330,0.15873015873015872,0.07936507936507936,-0.02010410618088376,0.013742815365839671,-0.0008105728148889198,True
331,0.1746031746031746,0.07936507936507936,-0.027365146437621397,0.016809448992752763,-0.0010203063732135444,True
332,0.19047619047619047,0.07936507936507936,-0.035904451226339736,0.020024861184250724,-0.0012596059712009007,True
333,0.20634920634920634,0.07936507936507936,-0.045633048758757074,0.023326133115803314,-0.0015341674662486089,True
334,0.2222222222222222,0.07936507936507936,-0.0565965833441431,0.02670542926547833,-0.00185128387324868,True
335,0.23809523809523808,0.07936507936507936,-0.06867102922304123,0.030056117051495388,-0.0022145088896283506,True
336,0.25396825396825395,0.07936507936507936,-0.08178162880290699,0.03329075821245552,-0.002630069074603734,True
337,0.2698412698412698,0.07936507936507936,-0.09570983194172442,0.036256208764820164,-0.003097921273392239,True
338,0.2857142857142857,0.07936507936507936,-0.11026821649760957,0.03882761711630791,-0.0036201082710495855,True
339,0.30158730158730157,0.07936507936507936,-0.1251950238726402,0.040848553518353536,-0.0041923719563720365,True
340,0.31746031746031744,0.07936507936507936,-0.14013570365684255,0.0421894894908288,-0.0048008706010526855,True
341,0.3333333333333333,0.07936507936507936,-0.1548542586478172,0.042743427926083516,-0.005436711429478189,True
342,0.3492063492063492,0.07936507936507936,-0.16903424102437037,0.0424333901685224,-0.006081413649410295,True
343,0.36507936507936506,0.07936507936507936,-0.18243170275697054,0.041158998820799306,-0.006719621287675036,True
344,0.38095238095238093,0.07936507936507936,-0.1947290670112979,0.03900310502507288,-0.007312367190305142,True
345,0.3968253968253968,0.07936507936507936,-0.20577248927047048,0.03590091454102281,-0.007845554315614565,True
346,0.4126984126984127,0.07936507936507936,-0.21535246020416476,0.03190748595278356,-0.00828952703982917,True
347,0.42857142857142855,0.07936507936507936,-0.2233569802479774,0.027131510342182866,-0.008617571424218358,True
348,0.4444444444444444,0.07936507936507936,-0.22974864144495644,0.021622912559813242,-0.008814232843952672,True
349,0.4603174603174603,0.07936507936507936,-0.23429366782724584,0.015480120910285486,-0.008859910487250204,True
350,0.47619047619047616,0.07936507936507936,-0.23696043585237772,0.008825418205456768,-0.008748130492631866,True
351,0.49206349206349204,0.07936507936507936,-0.2378672590131211,0.0017988969652914634,-0.008478183129864494,True
352,0.5079365079365079,0.07936507936507936,-0.23675794804504985,-0.005505047347956932,-0.008054598636400864,True
353,0.5238095238095237,0.07936507936507936,-0.23372381129675818,-0.012878894040603304,-0.00749918437884982,True
354,0.5396825396825397,0.07936507936507936,-0.22877511213328053,-0.020259798014247127,-0.006837189777101006,True
355,0.5555555555555556,0.07936507936507936,-0.22184258141514007,-0.027285033816606415,-0.006106345759924463,True
356,0.5714285714285714,0.07936507936507936,-0.2131037017523843,-0.03410616524716578,-0.005337397915896739,True
357,0.5873015873015872,0.07936507936507936,-0.20250671867708633,-0.0401389806219581,-0.004589874264512187,True
358,0.6031746031746031,0.07936507936507936,-0.19019831427404205,-0.04551863389924695,-0.0039016846008557353,True
359,0.6190476190476191,0.07936507936507936,-0.17637687650391548,-0.04986981445854092,-0.003316458480735886,True
360,0.6349206349206349,0.07936507936507936,-0.16119761654665463,-0.05308396159537565,-0.0028832992533934106,True
361,0.6507936507936507,0.07936507936507936,-0.1448655100111678,-0.055076100171576416,-0.0026191700286223624,True
362,0.6666666666666666,0.07936507936507936,-0.12776073498285206,-0.0556496257029061,-0.0025543826823991706,True
363,0.6825396825396826,0.07936507936507936,-0.11019989660593352,-0.054815441208546895,-0.002684289361467203,True
364,0.6984126984126984,0.07936507936507936,-0.09255157130929652,-0.05257192710705369,-0.00300018013822326,True
365,0.7142857142857142,0.07936507936507936,-0.07522044313197984,-0.0490102722840041,-0.0034747728330789683,True
366,0.7301587301587301,0.07936507936507936,-0.05861485172060653,-0.04429843771129644,-0.004071460828645203,True
367,0.746031746031746,0.07936507936507936,-0.04308981594326183,-0.03862545979248039,-0.004747165501249712,True
368,0.7619047619047619,0.07936507936507936,-0.028952714569966752,-0.0322609916848804,-0.005455557666078447,True
369,0.7777777777777777,0.07936507936507936,-0.016615968326139784,-0.025567745561033927,-0.006156607796783363,True
370,0.7936507936507936,0.07936507936507936,-0.006094861376011856,-0.018739646159530506,-0.00681142645446211,True
371,0.8095238095238095,0.07936507936507936,0.0024018623668212637,-0.012136224468605279,-0.007396839750691165,True
372,0.8253968253968254,0.07936507936507936,0.008843553475377476,-0.005998897013447931,-0.007895990669587995,True
373,0.8412698412698412,0.07936507936507936,0.013315772393091046,-0.0005156749290801769,-0.008303703602553418,True
374,0.8571428571428571,0.07936507936507936,0.015902500269662685,0.004137463048671873,-0.008622746062974222,True
375,0.873015873015873,0.07936507936507936,0.01682419490872974,0.007892990145414244,-0.008862039752893272,True
376,0.8888888888888888,0.07936507936507936,0.01632648493788684,0.01071524924508828,-0.009033961427591377,True
377,0.9047619047619047,0.07936507936507936,0.014670812843806365,0.012579609974026532,-0.009151622737391387,True
378,0.9206349206349206,0.07936507936507936,0.012199003471389273,0.013502750695269234,-0.009226677961453048,True
379,0.9365079365079365,0.07936507936507936,0.009213676296072266,0.013421570759314957,-0.009268381069822144,True
380,0.9523809523809523,0.07936507936507936,0.0060693790790851574,0.012235846915636565,-0.009280873454396257,True
381,0.9682539682539681,0.07936507936507936,0.003153456778159024,0.009769755763414831,-0.00926261296128304,True
382,0.9841269841269841,0.07936507936507936,0.0009275570302821067,0.00578223520250758,-0.009205518877355445,True
383,1.0,0.07936507936507936,3.5682330931228116e-08,-2.6420363296624444e-06,-0.00910592835432758,True
384,0.0,0.09523809523809523,1.6881828197859495e-08,9.668794824814837e-07,0.00037113015661928244,True
385,0.015873015873015872,0.09523809523809523,0.00010894762115362315,-0.003148615911858439,0.0003757548010827327,True
386,0.031746031746031744,0.09523809523809523,0.00010201513235064404,-0.0039702754092776574,0.00034439186908572124,True
387,0.047619047619047616,0.09523809523809523,-0.00039553013384019197,-0.003084785849680864,0.0002799766220950001,True
388,0.06349206349206349,0.09523809523809523,-0.0016308953038751018,-0.0009888583748344333,0.00018838959790933613,True
389,0.07936507936507936,0.09523809523809523,-0.0037684698190480225,0.0019318428885572048,7.605433960438505e-05,True
390,0.09523809523809523,0.09523809523809523,-0.0069169605431619536,0.0053644438158260655,-5.2192252424254165e-05,True
391,0.1111111111111111,0.09523809523809523,-0.011199157575870373,0.009131754241615763,-0.00019323358836652877,True
392,0.12698412698412698,0.09523809523809523,-0.01665760071052854,0.013083794874745897,-0.00034698291478874667,True
393,0.14285714285714285,0.09523809523809523,-0.02341530387406221,0.017205714359529396,-0.000516354849420188,True
394,0.15873015873015872,0.09523809523809523,-0.03149695951109485,0.021462226756025066,-0.000707018057513634,True
395,0.1746031746031746,0.09523809523809523,-0.04089044808556264,0.02582358347440237,-0.0009261116658667639,True
396,0.19047619047619047,0.09523809523809523,-0.05169195830223869,0.03032964706014092,-0.0011827709159563564,True
397,0.20634920634920634,0.09523809523809523,-0.06386152487025383,0.03492494797257288,-0.0014863390120152388,True
398,0.2222222222222222,0.09523809523809523,-0.07734387730846974,0.039526041460838324,-0.001847591724733354,True
399,0.23809523809523808,0.09523809523809523,-0.09185907390046688,0.043930235831989045,-0.0022698232133673527,True
400,0.25396825396825395,0.09523809523809523,-0.10736351050360661,0.04804626283548558,-0.0027644654546729545,True
401,0.2698412698412698,0.09523809523809523,-0.12350491936329407,0.05164752360526263,-0.0033294504479392827,True
402,0.2857142857142857,0.09523809523809523,-0.1400268117789519,0.05457967021756102,-0.003965063827213525,True
403,0.30158730158730157,0.09523809523809523,-0.15669443025612673,0.05665556648492291,-0.004675204223594504,True
404,0.31746031746031744,0.09523809523809523,-0.17305176328566363,0.05775333202230536,-0.00543046549043593,True
405,0.3333333333333333,0.09523809523809523,-0.18887405148807632,0.057758082142861364,-0.006226153766663063,True
406,0.3492063492063492,0.09523809523809523,-0.20389498214847263,0.05662497439964946,-0.00703608249153693,True
407,0.36507936507936506,0.09523809523809523,-0.21783759707171546,0.05431123452775981,-0.007837598484292295,True
408,0.38095238095238093,0.09523809523809523,-0.23060673047669505,0.050903744389264816,-0.008593045310205888,True
409,0.3968253968253968,0.09523809523809523,-0.24196197309709783,0.046391940221284574,-0.009281315515712941,True
410,0.4126984126984127,0.09523809523809523,-0.2518089915089627,0.04085191135459919,-0.00987200530942869,True
411,0.42857142857142855,0.09523809523809523,-0.2600409707006609,0.034463950455962254,-0.010330742220272422,True
412,0.4444444444444444,0.09523809523809523,-0.26668525484038774,0.02720057776013325,-0.010646880235193836,True
413,0.4603174603174603,0.09523809523809523,-0.27156879227522224,0.019285371050309447,-0.010793215734516118,True
414,0.47619047619047616,0.09523809523809523,-0.2746414585902994,0.01081865235952418,-0.010764253125140193,True
415,0.49206349206349204,0.09523809523809523,-0.27596551678621467,0.0018682960093076974,-0.010557619527555694,True
416,0.5079365079365079,0.09523809523809523,-0.27538843657774686,-0.007298228802954003,-0.010173314096993466,True
417,0.5238095238095237,0.09523809523809523,-0.2728741875074647,-0.01662806748619094,-0.009635190581224104,True
418,0.5396825396825397,0.09523809523809523,-0.26845140567837816,-0.025922126328909428,-0.008964594592612255,True
419,0.5555555555555556,0.09523809523809523,-0.2620790869230333,-0.03497111138410977,-0.008193433068150773,True
420,0.5714285714285714,0.09523809523809523,-0.25370761785879503,-0.043575637241721255,-0.007365693839601329,True
421,0.5873015873015872,0.09523809523809523,-0.24342283457217118,-0.051546214384932,-0.006522488788932391,True
422,0.6031746031746031,0.09523809523809523,-0.2312301504637299,-0.05861351544547199,-0.005718655642975034,True
423,0.6190476190476191,0.09523809523809523,-0.21723459325516095,-0.06458748568647214,-0.0049965841593820285,True
424,0.6349206349206349,0.09523809523809523,-0.2015941665847967,-0.06923071642641351,-0.0044024556048890525,True
425,0.6507936507936507,0.09523809523809523,-0.18448973187417939,-0.07234801928377789,-0.003970731542925515,True
426,0.6666666666666666,0.09523809523809523,-0.16619675844136225,-0.07377187409015044,-0.0037314145073771886,True
427,0.6825396825396826,0.09523809523809523,-0.14704728488609403,-0.0734026269178283,-0.0036952405771572645,True
428,0.6984126984126984,0.09523809523809523,-0.12746902011573868,-0.07121883594592547,-0.003860638873972031,True
429,0.7142857142857142,0.09523809523809523,-0.10773486021102147,-0.0672880476210343,-0.004190688018927125,True
430,0.7301587301587301,0.09523809523809523,-0.08859221591982205,-0.061796220540563405,-0.004677362734283656,True
431,0.746031746031746,0.09523809523809523,-0.07023193450044272,-0.05494143180361691,-0.005259032417872848,True
432,0.7619047619047619,0.09523809523809523,-0.0531735264844985,-0.047061753057464545,-0.005896262263741531,True
433,0.7777777777777777,0.09523809523809523,-0.03780227227936793,-0.03853183063802947,-0.0065440908512975895,True
434,0.7936507936507936,0.09523809523809523,-0.024306003187865615,-0.029693923456746697,-0.007160048703029528,True
435,0.8095238095238095,0.09523809523809523,-0.012975142058047647,-0.02098529838261425,-0.00771670422451038,True
436,0.8253968253968254,0.09523809523809523,-0.0038521348161454955,-0.01271528469106763,-0.008192735403795188,True
437,0.8412698412698412,0.09523809523809523,0.0030576906269614954,-0.005182505935732276,-0.008580148525877466,True
438,0.8571428571428571,0.09523809523809523,0.00785870372654594,0.0014030621856104069,-0.008878894224671046,True
439,0.873015873015873,0.09523809523809523,0.010692653602267479,0.006863636858442503,-0.009098550381747169,True
440,0.8888888888888888,0.09523809523809523,0.011818058928221844,0.011134820454018606,-0.00925030781899851,True
441,0.9047619047619047,0.09523809523809523,0.011468776696285595,0.014119690189391021,-0.009348959325993268,True
442,0.9206349206349206,0.09523809523809523,0.010051351827241612,0.015860366206981082,-0.009407399587124398,True
443,0.9365079365079365,0.09523809523809523,0.007865484870896514,0.01622895874787532,-0.009436103448680053,True
444,0.9523809523809523,0.09523809523809523,0.0052991564865217475,0.015113912520984384,-0.009440450338190381,True
445,0.9682539682539681,0.09523809523809523,0.0027891182653233494,0.012278843657450751,-0.009419654486567298,True
446,0.9841269841269841,0.09523809523809523,0.0008242867739254482,0.007393385143452845,-0.009366227226468569,True
447,1.0,0.09523809523809523,1.0477162011710112e-08,-4.676720478488059e-06,-0.009276944233925473,True
448,0.0,0.1111111111111111,1.7548456880525744e-08,-2.5496443567813246e-07,0.0005941672182916054,True
449,0.015873015873015872,0.1111111111111111,-0.00012279280528754513,-0.0030646278147829836,0.0005722326604273279,True
450,0.031746031746031744,0.1111111111111111,-0.0007500370111530281,-0.0033927011058602027,0.0005188092058036473,True
451,0.047619047619047616,0.1111111111111111,-0.0021378337600133804,-0.0017689211965765282,0.0004385115721695686,True
452,0.06349206349206349,0.1111111111111111,-0.004486951545310316,0.0012536593991675168,0.0003355023552344016,True
453,0.07936507936507936,0.1111111111111111,-0.00790311453998998,0.005210230986643188,0.00021458427884437845,True
454,0.09523809523809523,0.1111111111111111,-0.012525043464566933,0.009820844298119746,7.955217822565986e-05,True
455,0.1111111111111111,0.1111111111111111,-0.018376749565304114,0.014805432761833288,-6.808450824252318e-05,True
456,0.12698412698412698,0.1111111111111111,-0.025595250955448658,0.02008191472298309,-0.00023022911883568723,True
457,0.14285714285714285,0.1111111111111111,-0.03424513226937807,0.025577465104243028,-0.0004122376079887262,True
458,0.15873015873015872,0.1111111111111111,-0.04435238635812278,0.031243282303578014,-0.000622201118643318,True
459,0.1746031746031746,0.1111111111111111,-0.05596154312901011,0.03707037011537373,-0.0008712101121668837,True
460,0.19047619047619047,0.1111111111111111,-0.06901659939958911,0.042980845609695915,-0.001170876665733764,True
461,0.20634920634920634,0.1111111111111111,-0.0835090333238957,0.048916930582508025,-0.001536314156779123,True
462,0.2222222222222222,0.1111111111111111,-0.09917340045854768,0.054655902621429525,-0.001975768952403583,True
463,0.23809523809523808,0.1111111111111111,-0.11591426831188564,0.06006640678804631,-0.0025044454234274187,True
464,0.25396825396825395,0.1111111111111111,-0.13337373718523893,0.06488216235141299,-0.003126747039155783,True
465,0.2698412698412698,0.1111111111111111,-0.15125775451937185,0.0688898929199734,-0.003846197660288218,True
466,0.2857142857142857,0.1111111111111111,-0.16920420680571885,0.07189551207695828,-0.004651495265732582,True
467,0.30158730158730157,0.1111111111111111,-0.1869425147694382,0.07374111190852377,-0.005543761750148605,True
468,0.31746031746031744,0.1111111111111111,-0.20417716994528873,0.07428901096384956,-0.006507340902298926,True
469,0.3333333333333333,0.1111111111111111,-0.2206051666814319,0.0734957857549231,-0.007512667424225304,True
470,0.3492063492063492,0.1111111111111111,-0.23599998400596225,0.07131574821066791,-0.008539376571353185,True
471,0.36507936507936506,0.1111111111111111,-0.2502536473787908,0.06780780684503421,-0.0095501384840573,True
472,0.38095238095238093,0.1111111111111111,-0.263233101163268,0.06309128942399578,-0.010503796168499824,True
473,0.3968253968253968,0.1111111111111111,-0.27474770558915135,0.05709909108784549,-0.011389558427867272,True
474,0.4126984126984127,0.1111111111111111,-0.2847695802767815,0.050063565499317855,-0.012156617446446647,True
475,0.42857142857142855,0.1111111111111111,-0.29329514538670076,0.041999344737651594,-0.01278743714917692,True
476,0.4444444444444444,0.1111111111111111,-0.30022220243594266,0.03314358587744906,-0.013244996504403835,True
477,0.4603174603174603,0.1111111111111111,-0.3055023003987752,0.023521082213488677,-0.01352000350185648,True
478,0.47619047619047616,0.1111111111111111,-0.3090746200018596,0.01323087473082869,-0.013601583772126181,True
479,0.49206349206349204,0.1111111111111111,-0.3109498279256903,0.0025838778911655693,-0.013472682351343173,True
480,0.5079365079365079,0.1111111111111111,-0.311071563253725,-0.008498152089575287,-0.013148354712856738,True
481,0.5238095238095237,0.1111111111111111,-0.3093390906606787,-0.019628097671272444,-0.012635418476340332,True
482,0.5396825396825397,0.1111111111111111,-0.30581264632645344,-0.030965991478313908,-0.011959933861752862,True
483,0.5555555555555556,0.1111111111111111,-0.30020897514156136,-0.04185322559964336,-0.011153359816627007,True
484,0.5714285714285714,0.1111111111111111,-0.2927944587203481,-0.05254221386323575,-0.010242398609341891,True
485,0.5873015873015872,0.1111111111111111,-0.2832588562977638,-0.06245772468522439,-0.009287460929662972,True
486,0.6031746031746031,0.1111111111111111,-0.27171956507133277,-0.07150187495916016,-0.008327790519902229,True
487,0.6190476190476191,0.1111111111111111,-0.2581753963639518,-0.07933608893437152,-0.007417969707786709,True
488,0.6349206349206349,0.1111111111111111,-0.24263280461912293,-0.0857214790596755,-0.006610115492239276,True
489,0.6507936507936507,0.1111111111111111,-0.22534116483801472,-0.09035476910058947,-0.005942269042143004,True
490,0.6666666666666666,0.1111111111111111,-0.20639134423593536,-0.09303585559564581,-0.005453577004263457,True
491,0.6825396825396826,0.1111111111111111,-0.18613395530563878,-0.09357109153264206,-0.005167434629590805,True
492,0.6984126984126984,0.1111111111111111,-0.16494143142002257,-0.09187462104157434,-0.005090951547755731,True
493,0.7142857142857142,0.1111111111111111,-0.14320651478788404,-0.08797940468919506,-0.005204970594345013,True
494,0.7301587301587301,0.1111111111111111,-0.12151894891406365,-0.08199121982097067,-0.005496988602333944,True
495,0.746031746031746,0.1111111111111111,-0.10036830961603808,-0.07418255254349171,-0.005920290920170804,True
496,0.7619047619047619,0.1111111111111111,-0.08027421534506468,-0.06488807823810173,-0.0064315168561345296,True
497,0.7777777777777777,0.1111111111111111,-0.06175376503590008,-0.054583846306649975,-0.0069850558349814785,True
498,0.7936507936507936,0.1111111111111111,-0.04511379398892557,-0.043682003848038393,-0.007532944099095565,True
499,0.8095238095238095,0.1111111111111111,-0.03071576080591622,-0.03271955912640025,-0.008042886890442075,True
500,0.8253968253968254,0.1111111111111111,-0.018686992662878415,-0.022115824682200882,-0.008487067618319667,True
501,0.8412698412698412,0.1111111111111111,-0.00907393212695126,-0.01225516268077846,-0.008853207820871888,True
502,0.8571428571428571,0.1111111111111111,-0.0019066436065657464,-0.0035267186978568043,-0.009136420727722049,True
503,0.873015873015873,0.1111111111111111,0.0030894225712505483,0.003959034521622777,-0.009342870458101877,True
504,0.8888888888888888,0.1111111111111111,0.0060416113311645625,0.00995123444019931,-0.009482674614065845,True
505,0.9047619047619047,0.1111111111111111,0.007267347842815469,0.014385796540982035,-0.009570443433581825,True
506,0.9206349206349206,0.1111111111111111,0.0071046200275056105,0.01718174922374228,-0.009619481662027534,True
507,0.9365079365079365,0.1111111111111111,0.005932998430627578,0.018242683296192875,-0.009641226610775582,True
508,0.9523809523809523,0.1111111111111111,0.004164563886920787,0.017400724924057812,-0.00964226155605441,True
509,0.9682539682539681,0.1111111111111111,0.0022394468702143116,0.014372755409333636,-0.00962332861394589,True
510,0.9841269841269841,0.1111111111111111,0.0006670731118060794,0.008762301332639413,-0.009578446257641397,True
511,1.0,0.1111111111111111,1.0624520136722118e-08,-3.0982156549666205e-06,-0.009505667429416761,True
512,0.0,0.12698412698412698,-3.3241229577880866e-09,1.9394331294893556e-07,0.000852749727965824,True
513,0.015873015873015872,0.12698412698412698,-0.0004085104280523179,-0.0024919217471566064,0.0007984960857834778,True
514,0.031746031746031744,0.12698412698412698,-0.001769465745356795,-0.0019813261169255507,0.0007199227139340114,True
515,0.047619047619047616,0.12698412698412698,-0.004220936073067777,0.0006543608255081201,0.0006218214857910995,True
516,0.06349206349206349,0.12698412698412698,-0.007845876796314466,0.004791048707845488,0.0005057364785881367,True
517,0.07936507936507936,0.12698412698412698,-0.01270012735152898,0.00995363609102494,0.00037373732781535116,True
518,0.09523809523809523,0.12698412698412698,-0.0188742393750681,0.01583692575507235,0.00022713931734259421,True
519,0.1111111111111111,0.12698412698412698,-0.026453009851071733,0.02221841974372071,6.487974881799467e-05,True
520,0.12698412698412698,0.12698412698412698,-0.0355027047412323,0.028945003934252967,-0.00011735437744633503,True
521,0.14285714285714285,0.12698412698412698,-0.046080500318535535,0.035933070429044915,-0.00032776025367747445,True
522,0.15873015873015872,0.12698412698412698,-0.058265308399114854,0.04315596725258046,-0.0005795149522944592,True
523,0.1746031746031746,0.12698412698412698,-0.0719978085830459,0.050503579685366326,-0.000886009563926729,True
524,0.19047619047619047,0.12698412698412698,-0.08718944464198308,0.05785504571122719,-0.0012642244194986058,True
525,0.20634920634920634,0.12698412698412698,-0.1037326931353787,0.0650604942809473,-0.00173046855627421,True
526,0.2222222222222222,0.12698412698412698,-0.12135580183667674,0.07186995125166938,-0.002299489977694414,True
527,0.23809523809523808,0.12698412698412698,-0.13978440459792582,0.07803539125587279,-0.002980416082058024,True
528,0.25396825396825395,0.12698412698412698,-0.15869305586678667,0.08329669462884294,-0.003787534012088935,True
529,0.2698412698412698,0.12698412698412698,-0.17774711214626965,0.08741784768759675,-0.004716746787521963,True
530,0.2857142857142857,0.12698412698412698,-0.1965735945221265,0.0902013881320036,-0.0057567352028570495,True
531,0.30158730158730157,0.12698412698412698,-0.2149395014452014,0.09152437603834056,-0.00689783941306077,True
532,0.31746031746031744,0.12698412698412698,-0.23253442306247885,0.09131954259967645,-0.008110847154633387,True
533,0.3333333333333333,0.12698412698412698,-0.2491437259441773,0.0895343620610298,-0.009378227311884948,True
534,0.3492063492063492,0.12698412698412698,-0.2646519861463104,0.08622540011230176,-0.010661444896030565,True
535,0.36507936507936506,0.12698412698412698,-0.27888743449544745,0.08144890969196891,-0.01192477520061997,True
536,0.38095238095238093,0.12698412698412698,-0.2917661919487824,0.07529048968145534,-0.013132771714083212,True
537,0.3968253968253968,0.12698412698412698,-0.3032782871713286,0.0679243770158974,-0.014238679178370033,True
538,0.4126984126984127,0.12698412698412698,-0.31334181814548534,0.05934807781174458,-0.015227205958909518,True
539,0.42857142857142855,0.12698412698412698,-0.3219233127582879,0.04982856326825596,-0.016044677297363658,True
540,0.4444444444444444,0.12698412698412698,-0.32895800610067566,0.039311806601437016,-0.016688733096007588,True
541,0.4603174603174603,0.12698412698412698,-0.33452223154229543,0.02813984673215029,-0.017112061492426885,True
542,0.47619047619047616,0.12698412698412698,-0.3384608088283818,0.01622136845394854,-0.01732456394274299,True
543,0.49206349206349204,0.12698412698412698,-0.3408448127434647,0.003926872106246791,-0.01729817205675864,True
544,0.5079365079365079,0.12698412698412698,-0.3416687958137371,-0.008930831354941807,-0.017053745662716002,True
545,0.5238095238095237,0.12698412698412698,-0.3408342823903419,-0.02183789000684592,-0.01658037256637074,True
546,0.5396825396825397,0.12698412698412698,-0.33823665865887753,-0.03491956007322676,-0.015912289845484814,True
547,0.5555555555555556,0.12698412698412698,-0.33380058845026145,-0.047800484660061884,-0.015070632506743876,True
548,0.5714285714285714,0.12698412698412698,-0.3276404119857497,-0.060457018485715296,-0.014080252948017975,True
549,0.5873015873015872,0.12698412698412698,-0.3192609547523689,-0.07231215207889231,-0.013008278056245201,True
550,0.6031746031746031,0.12698412698412698,-0.30907019663592733,-0.083524075253217,-0.01186525578785074,True
551,0.6190476190476191,0.12698412698412698,-0.2966282939691906,-0.09345321896324894,-0.010732307661796255,True
552,0.6349206349206349,0.12698412698412698,-0.28191440794082595,-0.10177294156013154,-0.009672283372818126,True
553,0.6507936507936507,0.12698412698412698,-0.2652004682933502,-0.10838262328380364,-0.008697280890952274,True
554,0.6666666666666666,0.12698412698412698,-0.24643334016025523,-0.11279716198645476,-0.007878046799811581,True
555,0.6825396825396826,0.12698412698412698,-0.2257951290102191,-0.11474891401940007,-0.007253520695285056,True
556,0.6984126984126984,0.12698412698412698,-0.2036272135735328,-0.1141106888605995,-0.00682898120972291,True
557,0.7142857142857142,0.12698412698412698,-0.18040222361411906,-0.11072852658340376,-0.00663536918005402,True
558,0.7301587301587301,0.12698412698412698,-0.15656947200221621,-0.10474188608137447,-0.006632085535502732,True
559,0.746031746031746,0.12698412698412698,-0.13280654504429215,-0.09632333976380231,-0.00681049908805924,True
560,0.7619047619047619,0.12698412698412698,-0.10973597650728555,-0.08588300392817481,-0.007120116715204519,True
561,0.7777777777777777,0.12698412698412698,-0.08791321987133077,-0.07387516795736071,-0.00751391227542262,True
562,0.7936507936507936,0.12698412698412698,-0.06798779368080592,-0.060925735442953925,-0.007949870005220525,True
563,0.8095238095238095,0.12698412698412698,-0.050215022237731506,-0.047543139772729094,-0.008378582350691683,True
564,0.8253968253968254,0.12698412698412698,-0.03507476276240541,-0.0344414428513768,-0.008773894290822992,True
565,0.8412698412698412,0.12698412698412698,-0.022604826864910128,-0.022078147026197443,-0.009109740962986097,True
566,0.8571428571428571,0.12698412698412698,-0.012725279612210873,-0.010801029994996023,-0.009376903885268472,True
567,0.873015873015873,0.12698412698412698,-0.005419422877696393,-0.001037476671901716,-0.009574953268093702,True
568,0.8888888888888888,0.12698412698412698,-0.00045544971611839985,0.006994193242567118,-0.00971171227580899,True
569,0.9047619047619047,0.12698412698412698,0.002477794709151279,0.0131422095127517,-0.009798305616243844,True
570,0.9206349206349206,0.12698412698412698,0.003736227562238906,0.01729036827220181,-0.009847755485567692,True
571,0.9365079365079365,0.12698412698412698,0.0037137559691083734,0.019287058459980733,-0.009871240264836328,True
572,0.9523809523809523,0.12698412698412698,0.002843723093495658,0.018936621699618465,-0.009876149433493709,True
573,0.9682539682539681,0.12698412698412698,0.001610490935362849,0.015932733335914138,-0.009864565360354405,True
574,0.9841269841269841,0.12698412698412698,0.0004901307959193955,0.009818467505660181,-0.009832459990708899,True
575,1.0,0.12698412698412698,-5.123128125106176e-10,2.896077131282569e-07,-0.009778728824648501,True
576,0.0,0.14285714285714285,-7.865789611070271e-08,5.920431173692994e-06,0.0011347242953809963,True
577,0.015873015873015872,0.14285714285714285,-0.0007455227477541496,-0.0013364446078150067,0.0010429504108646593,True
578,0.031746031746031744,0.14285714285714285,-0.0029593649529903385,0.00043010666966713043,0.000936859772701303,True
579,0.047619047619047616,0.14285714285714285,-0.00659315993118983,0.004327674246805273,0.0008201408271107638,True
580,0.06349206349206349,0.14285714285714285,-0.011590615254366181,0.009734461528641984,0.0006897205510812251,True
581,0.07936507936507936,0.14285714285714285,-0.017982779890540247,0.016246386355149335,0.0005430516266265238,True
582,0.09523809523809523,0.14285714285714285,-0.025813984058167264,0.02354695262061043,0.00037808297780220565,True
583,0.1111111111111111,0.14285714285714285,-0.035134606533906834,0.03141081120925368,0.00019076184875494806,True
584,0.12698412698412698,0.14285714285714285,-0.04605522217722406,0.03971637115716705,-2.7668923386251677e-05,True
585,0.14285714285714285,0.14285714285714285,-0.05855301270464795,0.04829606006430007,-0.00028776519013695305,True
586,0.15873015873015872,0.14285714285714285,-0.07272197903706693,0.057126410769493804,-0.0006102318561472712,True
587,0.1746031746031746,0.14285714285714285,-0.08838882886142874,0.06597260055530807,-0.0010084259810130463,True
588,0.19047619047619047,0.14285714285714285,-0.10546751517868047,0.07469246348634029,-0.0015055405830006856,True
589,0.20634920634920634,0.14285714285714285,-0.12372812625258447,0.08303049693007211,-0.0021247984903614353,True
590,0.2222222222222222,0.14285714285714285,-0.14285803845634154,0.09068067234677678,-0.0028738195547563356,True
591,0.23809523809523808,0.14285714285714285,-0.16251175825769743,0.09734935286569242,-0.0037669602393902496,True
592,0.25396825396825395,0.14285714285714285,-0.1823669518570071,0.10276707364041579,-0.0048186908591702805,True
593,0.2698412698412698,0.14285714285714285,-0.2020635979161314,0.10671040188829108,-0.00601308779024935,True
594,0.2857142857142857,0.14285714285714285,-0.22126367898192173,0.10899101127125044,-0.007348310482405384,True
595,0.30158730158730157,0.14285714285714285,-0.23974091381438636,0.10955250208803144,-0.008792068970181486,True
596,0.31746031746031744,0.14285714285714285,-0.2573276561782571,0.1084256693335012,-0.010302950042522682,True
597,0.3333333333333333,0.14285714285714285,-0.2737453794751485,0.10551511345295207,-0.011878758842531895,True
598,0.3492063492063492,0.14285714285714285,-0.2889414678759712,0.10097036932459909,-0.013461165391633995,True
599,0.36507936507936506,0.14285714285714285,-0.3027841112027713,0.09481075731101925,-0.015027276727099234,True
600,0.38095238095238093,0.14285714285714285,-0.31535581277786073,0.08736575840133778,-0.016492378571268146,True
601,0.3968253968253968,0.14285714285714285,-0.3264446039363729,0.0785085464018947,-0.017870323714523986,True
602,0.4126984126984127,0.14285714285714285,-0.3361425163989411,0.06850554575670884,-0.019096262295952054,True
603,0.42857142857142855,0.14285714285714285,-0.34444593380902777,0.05753626251519549,-0.020131016256695396,True
604,0.4444444444444444,0.14285714285714285,-0.3512732379263771,0.0455468319689219,-0.020973806234905065,True
605,0.4603174603174603,0.14285714285714285,-0.35677942582782796,0.03295524832319782,-0.02156384545145529,True
606,0.47619047619047616,0.14285714285714285,-0.3608596264414754,0.019550754025540244,-0.021928049686491518,True
607,0.49206349206349204,0.14285714285714285,-0.3635790695009982,0.005695778928546632,-0.022027238479242046,True
608,0.5079365079365079,0.14285714285714285,-0.3649647334240234,-0.008550907896294363,-0.021868652920828204,True
609,0.5238095238095237,0.14285714285714285,-0.36490717515338805,-0.023122562264710628,-0.02145996431730362,True
610,0.5396825396825397,0.14285714285714285,-0.3633406317754647,-0.037790372325301684,-0.020813082083009023,True
611,0.5555555555555556,0.14285714285714285,-0.3602648435529298,-0.05245748207224301,-0.019949782233249905,True
612,0.5714285714285714,0.14285714285714285,-0.3554127834457091,-0.06680482243402959,-0.018903123675095473,True
613,0.5873015873015872,0.14285714285714285,-0.3488941888227813,-0.0807923681160381,-0.017701793348989973,True
614,0.6031746031746031,0.14285714285714285,-0.3404122239470118,-0.0939625286007968,-0.016394881075974168,True
615,0.6190476190476191,0.14285714285714285,-0.3298075517250595,-0.10608074844651422,-0.015029768760234957,True
616,0.6349206349206349,0.14285714285714285,-0.31687839692159275,-0.11673233440430542,-0.013665365875911842,True
617,0.6507936507936507,0.14285714285714285,-0.3016271419133386,-0.12555558399794323,-0.012352161704428221,True
618,0.6666666666666666,0.14285714285714285,-0.2840338542220817,-0.13215183708764477,-0.011143572278713779,True
619,0.6825396825396826,0.14285714285714285,-0.26405531893366174,-0.13609892273930135,-0.010097021210154974,True
620,0.6984126984126984,0.14285714285714285,-0.24191088008719805,-0.1370593547978334,-0.009256511663781273,True
621,0.7142857142857142,0.14285714285714285,-0.21799643159440193,-0.13496080682573158,-0.0086124848595273,True
622,0.7301587301587301,0.14285714285714285,-0.19278230155601897,-0.12956211461205314,-0.008224003108897374,True
623,0.746031746031746,0.14285714285714285,-0.1668867955934913,-0.12112266916899084,-0.008038986089866649,True
624,0.7619047619047619,0.14285714285714285,-0.14108752353473722,-0.10994184150436076,-0.00804803967927549,True
625,0.7777777777777777,0.14285714285714285,-0.11605014644948448,-0.09650329221570272,-0.008198164388245017,True
626,0.7936507936507936,0.14285714285714285,-0.09265442421364521,-0.08156182611427389,-0.008451629326177233,True
627,0.8095238095238095,0.14285714285714285,-0.07151216015880654,-0.06585785199448842,-0.008758352356646567,True
628,0.8253968253968254,0.14285714285714285,-0.05284347525348522,-0.04998277093470767,-0.009065827821508082,True
629,0.8412698412698412,0.14285714285714285,-0.037101932045213316,-0.03474261346598735,-0.009352249180017163,True
630,0.8571428571428571,0.14285714285714285,-0.02433371110758496,-0.020685866483123403,-0.009595470032546087,True
631,0.873015873015873,0.14285714285714285,-0.014501780578148165,-0.008318626585228308,-0.009786637440876498,True
632,0.8888888888888888,0.14285714285714285,-0.007319300925870636,0.002105008871876817,-0.009926084979271397,True
633,0.9047619047619047,0.14285714285714285,-0.002539281045392997,0.010304353841338064,-0.010021305335506632,True
634,0.9206349206349206,0.14285714285714285,0.00023411150324598276,0.016079518501626765,-0.01008141566526698,True
635,0.9365079365079365,0.14285714285714285,0.0014237036502826143,0.019255573465435327,-0.010116481445768015,True
636,0.9523809523809523,0.14285714285714285,0.0015165400529343579,0.019661626925449722,-0.010133556860313685,True
637,0.9682539682539681,0.14285714285714285,0.0009910217182632272,0.016908113173585544,-0.010135385607705744,True
638,0.9841269841269841,0.14285714285714285,0.00032327333281902587,0.010542005468278418,-0.01011912825670292,True
639,1.0,0.14285714285714285,-1.4533478835309178e-08,1.258704908278547e-06,-0.010084107515616312,True
640,0.0,0.15873015873015872,-2.436555012448299e-07,1.4836543572280083e-05,0.0014230184438315718,True
641,0.015873015873015872,0.15873015873015872,-0.0011237696090111776,0.00047923288330554157,0.001289576820688961,True
642,0.031746031746031744,0.15873015873015872,-0.004262263985951246,0.003890954747119237,0.0011547164652089346,True
643,0.047619047619047616,0.15873015873015872,-0.00916210719947339,0.009325156846954766,0.001018793208243796,True
644,0.06349206349206349,0.15873015873015872,-0.015629927676250502,0.016185295684441103,0.0008719316084129218,True
645,0.07936507936507936,0.15873015873015872,-0.023595352697735928,0.024152649706301182,0.0007057863411682646,True
646,0.09523809523809523,0.15873015873015872,-0.033115452169531094,0.03298971896924082,0.0005129211095023125,True
647,0.1111111111111111,0.15873015873015872,-0.04414685152570721,0.04239350756157843,0.0002875299244238167,True
648,0.12698412698412698,0.15873015873015872,-0.05687836775159078,0.05234386012920253,1.2413173895007333e-05,True
649,0.14285714285714285,0.15873015873015872,-0.0712179771570024,0.06257527092623918,-0.0003254186611416602,True
650,0.15873015873015872,0.15873015873015872,-0.08712038757381586,0.0729265740571921,-0.0007480869081318296,True
651,0.1746031746031746,0.15873015873015872,-0.10452510656049874,0.08323370218024911,-0.0012815831177320376,True
652,0.19047619047619047,0.15873015873015872,-0.12311322783482564,0.09314104978882945,-0.0019460434125211283,True
653,0.20634920634920634,0.15873015873015872,-0.14269709866097302,0.10239515677905117,-0.0027652567460563064,True
654,0.2222222222222222,0.15873015873015872,-0.1628568617984263,0.11061144186564989,-0.003754261572305046,True
655,0.23809523809523808,0.15873015873015872,-0.18328047199997968,0.11749696401728038,-0.004929579203311698,True
656,0.25396825396825395,0.15873015873015872,-0.20356844186697998,0.12277631126085936,-0.006275596284984525,True
657,0.2698412698412698,0.15873015873015872,-0.22339929870835967,0.12624599083121865,-0.007796903102980695,True
658,0.2857142857142857,0.15873015873015872,-0.24254523719399337,0.12783687997749205,-0.009459605707852658,True
659,0.30158730158730157,0.15873015873015872,-0.2607285297106013,0.12744568789331193,-0.011255166004268511,True
660,0.31746031746031744,0.15873015873015872,-0.27780236618683674,0.12516903982927283,-0.013121930422158881,True
661,0.3333333333333333,0.15873015873015872,-0.29363579033251846,0.12105294246575113,-0.015031507809609657,True
662,0.3492063492063492,0.15873015873015872,-0.3080351544520222,0.11509611040688285,-0.016963598479034392,True
663,0.36507936507936506,0.15873015873015872,-0.32122386432140054,0.1076985363391398,-0.018816475877942437,True
664,0.38095238095238093,0.15873015873015872,-0.3329029547290437,0.09875543820293856,-0.02059682133930159,True
665,0.3968253968253968,0.15873015873015872,-0.3430788478537599,0.0884760409301367,-0.022246424315861175,True
666,0.4126984126984127,0.15873015873015872,-0.35202930381864256,0.07712538178692739,-0.023715861174771126,True
667,0.42857142857142855,0.15873015873015872,-0.35959112541076277,0.06476337370106362,-0.024980508960241524,True
668,0.4444444444444444,0.15873015873015872,-0.3659129560352241,0.051524135900602806,-0.026015942616126123,True
669,0.4603174603174603,0.15873015873015872,-0.37104196392071076,0.03756818091427212,-0.026795700445544426,True
670,0.47619047619047616,0.15873015873015872,-0.3748650603318935,0.022904218350847137,-0.02731185209290582,True
671,0.49206349206349204,0.15873015873015872,-0.37773628831441114,0.007879540749820347,-0.02753392852534452,True
672,0.5079365079365079,0.15873015873015872,-0.3793245740226415,-0.0077092505797766615,-0.02748474201492857,True
673,0.5238095238095237,0.15873015873015872,-0.3798730504515181,-0.023508036094089177,-0.027146740951546962,True
674,0.5396825396825397,0.15873015873015872,-0.379284980290147,-0.03951714206165653,-0.02654240277913515,True
675,0.5555555555555556,0.15873015873015872,-0.3774458100195596,-0.05557842799268148,-0.025683598131932574,True
676,0.5714285714285714,0.15873015873015872,-0.37429803081824564,-0.07153419185766441,-0.02459580666270809,True
677,0.5873015873015872,0.15873015873015872,-0.36981074743562115,-0.08724755100488653,-0.023302241443865498,True
678,0.6031746031746031,0.15873015873015872,-0.3634920189192708,-0.10234952984117784,-0.02184662499881491,True
679,0.6190476190476191,0.15873015873015872,-0.35527919247789613,-0.11658241290960283,-0.020269680975571643,True
680,0.6349206349206349,0.15873015873015872,-0.344964995309038,-0.12962929824757063,-0.01861268855563834,True
681,0.6507936507936507,0.15873015873015872,-0.33206118212657043,-0.14084705767238848,-0.016958167478110322,True
682,0.6666666666666666,0.15873015873015872,-0.3167012040349673,-0.1500183174650145,-0.015331245198119839,True
683,0.6825396825396826,0.15873015873015872,-0.2985279378916519,-0.15644187326538747,-0.01382116684997834,True
684,0.6984126984126984,0.15873015873015872,-0.27772962968335113,-0.1598298780958635,-0.012455322087331975,True
685,0.7142857142857142,0.15873015873015872,-0.2542857042644945,-0.15958639100388552,-0.011318037019562622,True
686,0.7301587301587301,0.15873015873015872,-0.22878284496114587,-0.1557011682743282,-0.010399562611461091,True
687,0.746031746031746,0.15873015873015872,-0.20170757289722882,-0.14801285120071908,-0.009744571137834713,True
688,0.7619047619047619,0.15873015873015872,-0.17384151694046,-0.1367436473195171,-0.009345213590080824,True
689,0.7777777777777777,0.15873015873015872,-0.14601393983695105,-0.12244749056252512,-0.009138969364273811,True
690,0.7936507936507936,0.15873015873015872,-0.1192430060825058,-0.10579156911441984,-0.009118297836781555,True
691,0.8095238095238095,0.15873015873015872,-0.09435853281554667,-0.08766588932809753,-0.0092214426218063,True
692,0.8253968253968254,0.15873015873015872,-0.0720283838290877,-0.06898683332901934,-0.00939632960691258,True
693,0.8412698412698412,0.15873015873015872,-0.0527977141257095,-0.050709984652683934,-0.009601744186756533,True
694,0.8571428571428571,0.15873015873015872,-0.036748946272777944,-0.033473092943865086,-0.009803316329499049,True
695,0.873015873015873,0.15873015873015872,-0.02403716293187577,-0.018052386267073624,-0.009981239378206965,True
696,0.8888888888888888,0.15873015873015872,-0.014443604114447152,-0.0048826843533380775,-0.01012570957774419,True
697,0.9047619047619047,0.15873015873015872,-0.007652303956272784,0.005701143063219346,-0.010235775188737544,True
698,0.9206349206349206,0.15873015873015872,-0.0032585732338816955,0.013443112770273357,-0.010315909346363502,True
699,0.9365079365079365,0.15873015873015872,-0.0007755399413672319,0.018165570729105643,-0.010372339580749236,True
700,0.9523809523809523,0.15873015873015872,0.00028069084146102244,0.019555782744453208,-0.010409954008568784,True
701,0.9682539682539681,0.15873015873015872,0.000433118118869324,0.01732038444170926,-0.010430550900110615,True
702,0.9841269841269841,0.15873015873015872,0.00017989813840298138,0.010974604645988177,-0.010432098119833177,True
703,1.0,0.15873015873015872,-4.8808112115145347e-08,1.980944432053174e-06,-0.010414323277930057,True
704,0.0,0.1746031746031746,1.8425415213146706e-07,-5.2779788597884096e-06,0.0016954389230129554,True
705,0.015873015873015872,0.1746031746031746,-0.0015384121571031739,0.003036683683961733,0.0015167456391992928,True
706,0.031746031746031744,0.1746031746031746,-0.005668891691228977,0.008534406651153634,0.0013525757848734377,True
707,0.047619047619047616,0.1746031746031746,-0.011877193967892097,0.015715189134497078,0.0011972077902381367,True
708,0.06349206349206349,0.1746031746031746,-0.019817197121766373,0.024163939663891534,0.0010310757011128436,True
709,0.07936507936507936,0.1746031746031746,-0.029357607692338687,0.03367611993224149,0.0008387912440497736,True
710,0.09523809523809523,0.1746031746031746,-0.040483443027192346,0.04406364557290103,0.0006079366114529094,True
711,0.1111111111111111,0.1746031746031746,-0.05322122360274299,0.055140758089068126,0.0003242918463008861,True
712,0.12698412698412698,0.1746031746031746,-0.06759400722717114,0.06670395904932284,-2.9669338190657224e-05,True
713,0.14285714285714285,0.1746031746031746,-0.08357305579856783,0.07854485118843985,-0.0004770613508110365,True
714,0.15873015873015872,0.1746031746031746,-0.10102346844479418,0.09037802375819491,-0.0010398116426218696,True
715,0.1746031746031746,0.1746031746031746,-0.1197811872381056,0.10193874727649578,-0.00175232375937735,True
716,0.19047619047619047,0.1746031746031746,-0.13955351475540667,0.11284977784876239,-0.0026365689952537953,True
717,0.20634920634920634,0.1746031746031746,-0.15998296889689845,0.12272151620427663,-0.003714181397261825,True
718,0.2222222222222222,0.1746031746031746,-0.18073405367100612,0.1312143165544987,-0.00500150447258192,True
719,0.23809523809523808,0.1746031746031746,-0.20138821790557135,0.1379919111466632,-0.006493819464032455,True
720,0.25396825396825395,0.1746031746031746,-0.22165146158934196,0.14284124313891575,-0.008197976971483884,True
721,0.2698412698412698,0.1746031746031746,-0.24117094832752609,0.14557599149622288,-0.010097572496479797,True
722,0.2857142857142857,0.1746031746031746,-0.259820181289614,0.14626586050818222,-0.01212315675131334,True
723,0.30158730158730157,0.1746031746031746,-0.27720041713710397,0.14468220060362605,-0.014316561761182392,True
724,0.31746031746031744,0.1746031746031746,-0.2933739940161248,0.14115206942780903,-0.016552845481877836,True
725,0.3333333333333333,0.1746031746031746,-0.30813612381134614,0.13565440376141902,-0.018828712365947013,True
726,0.3492063492063492,0.1746031746031746,-0.3214095070195852,0.1283442152542453,-0.02108774924653908,True
727,0.36507936507936506,0.1746031746031746,-0.33325474680682426,0.11944223957534036,-0.02327277376546288,True
728,0.38095238095238093,0.1746031746031746,-0.343652448404982,0.1090883042471683,-0.02534464884656549,True
729,0.3968253968253968,0.1746031746031746,-0.35280222997201344,0.09753713241764371,-0.027252332500392887,True
730,0.4126984126984127,0.1746031746031746,-0.3605458555531472,0.08485575951766744,-0.028964277260366243,True
731,0.42857142857142855,0.1746031746031746,-0.36697603095270726,0.07118814200339592,-0.030450990978389218,True
732,0.4444444444444444,0.1746031746031746,-0.3724677868528185,0.05683061738124874,-0.031671593842920426,True
733,0.4603174603174603,0.1746031746031746,-0.3768875888444798,0.04176111235984848,-0.03262181195797494,True
734,0.47619047619047616,0.1746031746031746,-0.38045031467667406,0.026154965207036043,-0.033281810542076254,True
735,0.49206349206349204,0.1746031746031746,-0.3830043388698696,0.010060013890101766,-0.03363663722045972,True
736,0.5079365079365079,0.1746031746031746,-0.38477985236428086,-0.006419527611005308,-0.0336879315086917,True
737,0.5238095238095237,0.1746031746031746,-0.38576949391762566,-0.023217416368025795,-0.03343743576302541,True
738,0.5396825396825397,0.1746031746031746,-0.385839100882193,-0.04024460837675507,-0.032888324307816845,True
739,0.5555555555555556,0.1746031746031746,-0.3852388729768076,-0.05740731946227085,-0.03206097939474644,True
740,0.5714285714285714,0.1746031746031746,-0.3835661035007309,-0.07458135731998819,-0.030960842951377736,True
741,0.5873015873015872,0.1746031746031746,-0.3807302921547245,-0.0916070105468045,-0.029614826735520922,True
742,0.6031746031746031,0.1746031746031746,-0.37665606596420986,-0.10826039424507526,-0.028056982382675653,True
743,0.6190476190476191,0.1746031746031746,-0.37122300298795896,-0.12442483894887567,-0.02630900988135493,True
744,0.6349206349206349,0.1746031746031746,-0.3638649279375806,-0.13963250713321948,-0.0244174080351505,True
745,0.6507936507936507,0.1746031746031746,-0.3541511404446021,-0.15333868859458935,-0.02244982704655476,True
746,0.6666666666666666,0.1746031746031746,-0.34197365219294285,-0.1652576175162615,-0.020429815962514634,True
747,0.6825396825396826,0.1746031746031746,-0.3268338201949987,-0.17462902735669789,-0.018442514608508338,True
748,0.6984126984126984,0.1746031746031746,-0.30855159134034105,-0.18088009258753235,-0.016550119753141336,True
749,0.7142857142857142,0.1746031746031746,-0.287181778895214,-0.18349595305331887,-0.01481683054526497,True
750,0.7301587301587301,0.1746031746031746,-0.2627487838934897,-0.18193367952318923,-0.013307514766541545,True
751,0.746031746031746,0.1746031746031746,-0.23575342190062376,-0.17593939390408253,-0.012073681473842798,True
752,0.7619047619047619,0.1746031746031746,-0.20690123533697785,-0.165583067368083,-0.011121976795364523,True
753,0.7777777777777777,0.1746031746031746,-0.17711140843571294,-0.15118729269736317,-0.010453844802786988,True
754,0.7936507936507936,0.1746031746031746,-0.14746378264364404,-0.13342412533959566,-0.010046428024903284,True
755,0.8095238095238095,0.1746031746031746,-0.1191053651285291,-0.11327044117341155,-0.009857512113573613,True
756,0.8253968253968254,0.1746031746031746,-0.09292923592095947,-0.09178674530303862,-0.00982206265159204,True
757,0.8412698412698412,0.1746031746031746,-0.06983577555707983,-0.07020673128966289,-0.009895800935486108,True
758,0.8571428571428571,0.1746031746031746,-0.0502129489379566,-0.04951840408993725,-0.010024721782941757,True
759,0.873015873015873,0.1746031746031746,-0.03426560253952767,-0.03062680490875518,-0.010173719506573012,True
760,0.8888888888888888,0.1746031746031746,-0.021927627412370143,-0.014231707132250403,-0.010318791784885855,True
761,0.9047619047619047,0.1746031746031746,-0.012879783982327886,-0.0007877335120771577,-0.010447029986097502,True
762,0.9206349206349206,0.1746031746031746,-0.006713225473855954,0.009341390413467949,-0.010553607942369666,True
763,0.9365079365079365,0.1746031746031746,-0.0028812915173009627,0.01591684415402401,-0.010639219086623053,True
764,0.9523809523809523,0.1746031746031746,-0.0008450502977835878,0.01865498550829439,-0.010704445379987163,True
765,0.9682539682539681,0.1746031746031746,-4.4855318324922665e-05,0.0172056907873106,-0.010748948428583437,True
766,0.9841269841269841,0.1746031746031746,6.638198315397274e-05,0.011145938925256295,-0.010770114978316281,True
767,1.0,0.1746031746031746,8.743761528384647e-09,-4.177819831400243e-07,-0.010766717505897748,True
768,0.0,0.19047619047619047,-5.995718007236947e-08,1.7857044780359005e-05,0.0019232969865892048,True
769,0.015873015873015872,0.19047619047619047,-0.0019714877695250067,0.006364850788012627,0.0016985027213411265,True
770,0.031746031746031744,0.19047619047619047,-0.007141506978119034,0.014421027174696106,0.0015042277109296224,True
771,0.047619047619047616,0.19047619047619047,-0.014640636489491989,0.023528225593532678,0.0013287218104303682,True
772,0.06349206349206349,0.19047619047619047,-0.024025894991607753,0.03365106990768311,0.0011399667267649866,True
773,0.07936507936507936,0.19047619047619047,-0.03506672335196768,0.044760227362310924,0.0009125903963096109,True
774,0.09523809523809523,0.19047619047619047,-0.047759000697072104,0.056798283909235275,0.0006268019541854551,True
775,0.1111111111111111,0.19047619047619047,-0.06198641345905751,0.06945244604900196,0.00026843609608506605,True
776,0.12698412698412698,0.19047619047619047,-0.0778438625609209,0.08262112266465281,-0.0001923521713898971,True
777,0.14285714285714285,0.19047619047619047,-0.09519696908656479,0.09595100884301201,-0.0007797265895615691,True
778,0.15873015873015872,0.19047619047619047,-0.11386993025275094,0.10910458131693307,-0.001525428863245603,True
779,0.1746031746031746,0.19047619047619047,-0.13365919423869155,0.12173574261308279,-0.002467974989898124,True
780,0.19047619047619047,0.19047619047619047,-0.15414228506340497,0.13333326577608412,-0.003614541473086651,True
781,0.20634920634920634,0.19047619047619047,-0.17501350310505892,0.14354486663994023,-0.005008925426745509,True
782,0.2222222222222222,0.19047619047619047,-0.19585353865013103,0.15197739268051186,-0.006633794033486576,True
783,0.23809523809523808,0.19047619047619047,-0.21635022707074372,0.15837828007852142,-0.00850099673114687,True
784,0.25396825396825395,0.19047619047619047,-0.2361022240243233,0.16249237594906868,-0.01060572218643009,True
785,0.2698412698412698,0.19047619047619047,-0.25494245979641195,0.16431202130213027,-0.01289758713454043,True
786,0.2857142857142857,0.19047619047619047,-0.2724946470546039,0.16371240974284965,-0.01536048174667967,True
787,0.30158730158730157,0.19047619047619047,-0.28879047389525725,0.16089670853505436,-0.017927741361563186,True
788,0.31746031746031744,0.19047619047619047,-0.3035723122696363,0.1559020850893495,-0.020554222623879608,True
789,0.3333333333333333,0.19047619047619047,-0.3168433605192252,0.1489245091876729,-0.023186910078129185,True
790,0.3492063492063492,0.19047619047619047,-0.3285869827609565,0.1401631526879243,-0.025769196029071607,True
791,0.36507936507936506,0.19047619047619047,-0.33886596547859654,0.12980641924470737,-0.028260412484826445,True
792,0.38095238095238093,0.19047619047619047,-0.3476619360395289,0.11804523045885476,-0.03060292795033166,True
793,0.3968253968253968,0.19047619047619047,-0.3553130858097465,0.10521212229044974,-0.03274597242669961,True
794,0.4126984126984127,0.19047619047619047,-0.3616856426922554,0.09132557178687443,-0.03467127771930394,True
795,0.42857142857142855,0.19047619047619047,-0.36710753896216775,0.07666708679088247,-0.03633786428416016,True
796,0.4444444444444444,0.19047619047619047,-0.37151974440020347,0.061283384208037826,-0.0377319918822118,True
797,0.4603174603174603,0.19047619047619047,-0.37511849613011694,0.04534366385406842,-0.03882685631582512,True
798,0.47619047619047616,0.19047619047619047,-0.3780472290608889,0.02896285892099821,-0.03961016417629356,True
799,0.49206349206349204,0.19047619047619047,-0.3802621132817937,0.01211615533281747,-0.04008626163089134,True
800,0.5079365079365079,0.19047619047619047,-0.3820137784963361,-0.005005631662275954,-0.040239715684162354,True
801,0.5238095238095237,0.19047619047619047,-0.3832030684126203,-0.022466847460958228,-0.04007752192392856,True
802,0.5396825396825397,0.19047619047619047,-0.3838508365394666,-0.04016837312042115,-0.03959942432976127,True
803,0.5555555555555556,0.19047619047619047,-0.3839516761035562,-0.05805192177502912,-0.03881664982215839,True
804,0.5714285714285714,0.19047619047619047,-0.38356688438247266,-0.07605168016163859,-0.03774554464676881,True
805,0.5873015873015872,0.19047619047619047,-0.3824179816151491,-0.09405079454224463,-0.03639092959670103,True
806,0.6031746031746031,0.19047619047619047,-0.3803847791951089,-0.11193373099522816,-0.03477351767521138,True
807,0.6190476190476191,0.19047619047619047,-0.3770688614465473,-0.12941041473317041,-0.03292238730905599,True
808,0.6349206349206349,0.19047619047619047,-0.3727664913041983,-0.14645768989379726,-0.030860800839627684,True
809,0.6507936507936507,0.19047619047619047,-0.3663602331919454,-0.16237284908674618,-0.028645152381974452,True
810,0.6666666666666666,0.19047619047619047,-0.3579640892659351,-0.17696063603957154,-0.026301087358042173,True
811,0.6825396825396826,0.19047619047619047,-0.34672651011137173,-0.18939945330687807,-0.023901862685717652,True
812,0.6984126984126984,0.19047619047619047,-0.33211478858575977,-0.19890928334706542,-0.02151848422159176,True
813,0.7142857142857142,0.19047619047619047,-0.3141524894432298,-0.20501385662979676,-0.019187521646245678,True
814,0.7301587301587301,0.19047619047619047,-0.292385354369783,-0.20670069766711646,-0.017043270696642753,True
815,0.746031746031746,0.19047619047619047,-0.2670665694695979,-0.20349361987209247,-0.015150041866957236,True
816,0.7619047619047619,0.19047619047619047,-0.23876454892989704,-0.1952189282448543,-0.013541353835909818,True
817,0.7777777777777777,0.19047619047619047,-0.2082880879167875,-0.1818398388024954,-0.012290882902049206,True
818,0.7936507936507936,0.19047619047619047,-0.17675146798936356,-0.16395893643572837,-0.011364048713935511,True
819,0.8095238095238095,0.19047619047619047,-0.14542538119059323,-0.14240390717245474,-0.010763372541324706,True
820,0.8253968253968254,0.19047619047619047,-0.11563615347722604,-0.1184831460718187,-0.010419590894655623,True
821,0.8412698412698412,0.19047619047619047,-0.08861289766700797,-0.09364224651018153,-0.010291530023510503,True
822,0.8571428571428571,0.19047619047619047,-0.0650364587122688,-0.06916538890970578,-0.010297133767032536,True
823,0.873015873015873,0.19047619047619047,-0.04552149775627356,-0.046419663898828276,-0.010390270001173969,True
824,0.8888888888888888,0.19047619047619047,-0.03003681991035539,-0.02624898965216079,-0.010522745322934395,True
825,0.9047619047619047,0.19047619047619047,-0.018436861346741242,-0.009432880689831516,-0.010666318354454113,True
826,0.9206349206349206,0.19047619047619047,-0.010287686017927566,0.003547722123705021,-0.01080232586027614,True
827,0.9365079365079365,0.19047619047619047,-0.004935389524341745,0.012498919278573349,-0.010923738987566926,True
828,0.9523809523809523,0.19047619047619047,-0.0019060921851332705,0.016896680803904697,-0.011021345371605198,True
829,0.9682539682539681,0.19047619047619047,-0.0004532468173554769,0.01661057269731334,-0.011094345677498871,True
830,0.9841269841269841,0.19047619047619047,-1.9035689573434395e-05,0.011116540365903796,-0.011136367341177213,True
831,1.0,0.19047619047619047,1.96085360092245e-08,-5.340469858135314e-09,-0.01114524496273191,True
832,0.0,0.20634920634920634,1.3727731251538634e-07,-1.3529117373198104e-05,0.002075976108602473,True
833,0.015873015873015872,0.20634920634920634,-0.0024043553585049336,0.010460443379462442,0.0018043116445570669,True
834,0.031746031746031744,0.20634920634920634,-0.008558460029256601,0.021408530418522503,0.0015822180977169045,True
835,0.047619047619047616,0.20634920634920634,-0.017348607532155957,0.03269951198402272,0.0013844571133219874,True
836,0.06349206349206349,0.20634920634920634,-0.028118045382462462,0.04460212808697688,0.0011656606167156666,True
837,0.07936507936507936,0.20634920634920634,-0.04055627091297285,0.05732318866437889,0.0008934339899546674,True
838,0.09523809523809523,0.20634920634920634,-0.05458944223222148,0.07090636516657321,0.0005406173973975808,True
839,0.1111111111111111,0.20634920634920634,-0.07018598590518528,0.08518451833103645,8.023754507564587e-05,True
840,0.12698412698412698,0.20634920634920634,-0.0872744600435509,0.09984964653895527,-0.000516099019405011,True
841,0.14285714285714285,0.20634920634920634,-0.10572155507754098,0.11454258419519996,-0.0012849656350282627,True
842,0.15873015873015872,0.20634920634920634,-0.12529550174319884,0.12881213250925572,-0.002254725641834932,True
843,0.1746031746031746,0.20634920634920634,-0.14566145888337087,0.14217802134323648,-0.003456065746289656,True
844,0.19047619047619047,0.20634920634920634,-0.16648155883174395,0.15419807840741045,-0.004927069823855925,True
845,0.20634920634920634,0.20634920634920634,-0.18736911374644863,0.16443605883882884,-0.006658892443653289,True
846,0.2222222222222222,0.20634920634920634,-0.2079113920578417,0.17251758062498662,-0.008679043804177649,True
847,0.23809523809523808,0.20634920634920634,-0.22776998296241532,0.17820014883445923,-0.010963108810239566,True
848,0.25396825396825395,0.20634920634920634,-0.24665787758739638,0.18135502009180735,-0.013483172866736483,True
849,0.2698412698412698,0.20634920634920634,-0.2642620421695001,0.1818882233379543,-0.0162127718651196,True
850,0.2857142857142857,0.20634920634920634,-0.28061192189181383,0.18004132754849475,-0.019058452647627972,True
851,0.30158730158730157,0.20634920634920634,-0.29521546111970093,0.17562172167717827,-0.022035824716725,True
852,0.31746031746031744,0.20634920634920634,-0.308308536099816,0.16907254095428423,-0.02502872944671886,True
853,0.3333333333333333,0.20634920634920634,-0.3197708609900322,0.16051252894464724,-0.028000265364561062,True
854,0.3492063492063492,0.20634920634920634,-0.3297818168334424,0.15028005853998494,-0.03087763294839507,True
855,0.36507936507936506,0.20634920634920634,-0.3382980740123812,0.13849377410138333,-0.03363667545325559,True
856,0.38095238095238093,0.20634920634920634,-0.34558493503153287,0.1255171933633727,-0.03620148924742342,True
857,0.3968253968253968,0.20634920634920634,-0.351564068674085,0.11143374153183708,-0.038544913803038074,True
858,0.4126984126984127,0.20634920634920634,-0.3566239244343542,0.09655053022132794,-0.04064199016553415,True
859,0.42857142857142855,0.20634920634920634,-0.3607370275814815,0.08095528843702912,-0.042460751810058955,True
860,0.4444444444444444,0.20634920634920634,-0.3640313251538764,0.06479721178023004,-0.04397265197850232,True
861,0.4603174603174603,0.20634920634920634,-0.3667722924689601,0.048205207253580185,-0.04518637383707915,True
862,0.47619047619047616,0.20634920634920634,-0.368916714382291,0.03120869262210408,-0.04608153908870954,True
863,0.49206349206349204,0.20634920634920634,-0.3707551468713357,0.013955606837067877,-0.0466452552083865,True
864,0.5079365079365079,0.20634920634920634,-0.37217432223779007,-0.003624961229278186,-0.04688771932275648,True
865,0.5238095238095237,0.20634920634920634,-0.3734229087856902,-0.021435709661588944,-0.04680971379019473,True
866,0.5396825396825397,0.20634920634920634,-0.37444138224326257,-0.0394937486394332,-0.046413134688436976,True
867,0.5555555555555556,0.20634920634920634,-0.37517506555182534,-0.057765870618983826,-0.04569221401929091,True
868,0.5714285714285714,0.20634920634920634,-0.3756836430603144,-0.07622907767215482,-0.044667604392255075,True
869,0.5873015873015872,0.20634920634920634,-0.3758612332643414,-0.09483314143883524,-0.04334405778116556,True
870,0.6031746031746031,0.20634920634920634,-0.3755719991075658,-0.113498230196295,-0.04173214467181394,True
871,0.6190476190476191,0.20634920634920634,-0.3746302146308111,-0.13212147552181244,-0.03983636386458154,True
872,0.6349206349206349,0.20634920634920634,-0.3724429033448581,-0.15033886156677886,-0.037683837708435884,True
873,0.6507936507936507,0.20634920634920634,-0.36924274271692903,-0.16809905061494446,-0.03529976054874269,True
874,0.6666666666666666,0.20634920634920634,-0.3642199300069438,-0.18482756722141008,-0.03272371265999085,True
875,0.6825396825396826,0.20634920634920634,-0.35698161217448665,-0.2000409300803457,-0.03000145816786501,True
876,0.6984126984126984,0.20634920634920634,-0.3467748656219516,-0.2129226751148124,-0.027203541923608257,True
877,0.7142857142857142,0.20634920634920634,-0.3333708327527326,-0.22290918995497463,-0.02435802444358903,True
878,0.7301587301587301,0.20634920634920634,-0.31553987825988805,-0.22849601531520805,-0.02160521413515017,True
879,0.746031746031746,0.20634920634920634,-0.29355376765785707,-0.22914917699424717,-0.019016817957327868,True
880,0.7619047619047619,0.20634920634920634,-0.2674741020770375,-0.22410699895067468,-0.01671032203415128,True
881,0.7777777777777777,0.20634920634920634,-0.23791753474974864,-0.21314717939004957,-0.014741562409082658,True
882,0.7936507936507936,0.20634920634920634,-0.20583083447729197,-0.19633888312790415,-0.013186815541873936,True
883,0.8095238095238095,0.20634920634920634,-0.17263040121514067,-0.17449249898261698,-0.012039660331633891,True
884,0.8253968253968254,0.20634920634920634,-0.1398597670127806,-0.14882754098776005,-0.011282742853806045,True
885,0.8412698412698412,0.20634920634920634,-0.10908859158297637,-0.12101003635451567,-0.010854978962662576,True
886,0.8571428571428571,0.20634920634920634,-0.08156927095674509,-0.09279076685962329,-0.01067597310396706,True
887,0.873015873015873,0.20634920634920634,-0.058082720227823306,-0.06573378932070317,-0.010666495616693743,True
888,0.8888888888888888,0.20634920634920634,-0.039085788321751073,-0.04127782843230463,-0.010762844133831582,True
889,0.9047619047619047,0.20634920634920634,-0.024566425895601377,-0.020484718981984045,-0.010911560901284817,True
890,0.9206349206349206,0.20634920634920634,-0.014103531918880289,-0.003988634445450921,-0.011076363299730614,True
891,0.9365079365079365,0.20634920634920634,-0.007134225326401407,0.00772263220950396,-0.011233805953619285,True
892,0.9523809523809523,0.20634920634920634,-0.002940124068709589,0.014371171238676298,-0.01136991652377711,True
893,0.9682539682539681,0.20634920634920634,-0.0008333207133823027,0.015558446276916483,-0.011474241482060969,True
894,0.9841269841269841,0.20634920634920634,-9.120061641247005e-05,0.01090209434290134,-0.011538776048982529,True
895,1.0,0.20634920634920634,1.9389403224251832e-09,-1.344080353649347e-07,-0.011558563618727011,True
896,0.0,0.2222222222222222,9.205161299609385e-07,-3.5792541924503196e-05,0.0021170745668602563,True
897,0.015873015873015872,0.2222222222222222,-0.002823239860487812,0.015333195208337527,0.0018006023230209306,True
898,0.031746031746031744,0.2222222222222222,-0.009928167669253717,0.02957912957015559,0.001550498246384126,True
899,0.047619047619047616,0.2222222222222222,-0.01990979419838695,0.04318468863179702,0.0013274895548728756,True
900,0.06349206349206349,0.2222222222222222,-0.03192428270967616,0.056864755771128594,0.0010740001987823277,True
901,0.07936507936507936,0.2222222222222222,-0.04560976872105227,0.07120824266469292,0.0007424314402044872,True
902,0.09523809523809523,0.2222222222222222,-0.060830799420791073,0.08631920276848817,0.00030454282456780996,True
903,0.1111111111111111,0.2222222222222222,-0.07752308270635395,0.10207549302157978,-0.0002784933978278377,True
904,0.12698412698412698,0.2222222222222222,-0.09557713339032266,0.11810680241576312,-0.0010405122239242324,True
905,0.14285714285714285,0.2222222222222222,-0.11478782872690665,0.13393551541600102,-0.002017912810407406,True
906,0.15873015873015872,0.2222222222222222,-0.13487062080388398,0.14904880030167633,-0.0032506010656695953,True
907,0.1746031746031746,0.2222222222222222,-0.1554903042886527,0.1629199737009249,-0.0047690089436758275,True
908,0.19047619047619047,0.2222222222222222,-0.1762148383744599,0.17500992931492768,-0.006592599877204438,True
909,0.20634920634920634,0.2222222222222222,-0.19672922978598176,0.18495856031439045,-0.008709073505238469,True
910,0.2222222222222222,0.2222222222222222,-0.21655245111488272,0.19235613079007471,-0.011145655795529058,True
911,0.23809523809523808,0.2222222222222222,-0.23545226626979218,0.19708481891730747,-0.013850719044046153,True
912,0.25396825396825395,0.2222222222222222,-0.2530506833822416,0.19896892721277828,-0.01680629823327846,True
913,0.2698412698412698,0.2222222222222222,-0.26925141498416993,0.1981360025979877,-0.01993713195283208,True
914,0.2857142857142857,0.2222222222222222,-0.28373372889353743,0.19455652733378537,-0.02321279510212773,True
915,0.30158730158730157,0.2222222222222222,-0.29660773760876835,0.1885743001943582,-0.02654382832830573,True
916,0.31746031746031744,0.2222222222222222,-0.30780479293842,0.1803911313947656,-0.029865560360034533,True
917,0.3333333333333333,0.2222222222222222,-0.3175027992620279,0.17034555756461572,-0.03312242262131234,True
918,0.3492063492063492,0.2222222222222222,-0.32562584627432045,0.15860043305723934,-0.03626232433001176,True
919,0.36507936507936506,0.2222222222222222,-0.3324560956905151,0.1455375881206162,-0.039221579977409514,True
920,0.38095238095238093,0.2222222222222222,-0.3379542673914452,0.13127799532739187,-0.04197398646729973,True
921,0.3968253968253968,0.2222222222222222,-0.34253034281241035,0.11621712599154618,-0.04446615675062276,True
922,0.4126984126984127,0.2222222222222222,-0.34608739693045076,0.10039152227500556,-0.046681014481100847,True
923,0.42857142857142855,0.2222222222222222,-0.34889823916450136,0.08402793953205565,-0.048601773361445166,True
924,0.4444444444444444,0.2222222222222222,-0.35122221626536243,0.06730027000878917,-0.05021050578932118,True
925,0.4603174603174603,0.2222222222222222,-0.3529814936602876,0.0502080314949995,-0.05149332322918865,True
926,0.47619047619047616,0.2222222222222222,-0.35451380348193723,0.032897724207824636,-0.05245918867936043,True
927,0.49206349206349204,0.2222222222222222,-0.355819191466453,0.015363864962586737,-0.0530978512763765,True
928,0.5079365079365079,0.2222222222222222,-0.3569814783815526,-0.002376832970231864,-0.05341060578304432,True
929,0.5238095238095237,0.2222222222222222,-0.3581111581960021,-0.020316999850588196,-0.053396419812774945,True
930,0.5396825396825397,0.2222222222222222,-0.35922590829485895,-0.038471269105403515,-0.05307411312377603,True
931,0.5555555555555556,0.2222222222222222,-0.3603499909504313,-0.05683995164405449,-0.05242807880841073,True
932,0.5714285714285714,0.2222222222222222,-0.3615231468081886,-0.0754523104628764,-0.051476738693767475,True
933,0.5873015873015872,0.2222222222222222,-0.36265113086689094,-0.09429661725298703,-0.050214737555293015,True
934,0.6031746031746031,0.2222222222222222,-0.36355589301080865,-0.11333131500533991,-0.04863751185972615,True
935,0.6190476190476191,0.2222222222222222,-0.3643028714362023,-0.13254007503877194,-0.04676823317329823,True
936,0.6349206349206349,0.2222222222222222,-0.36453015366108527,-0.15176194284295036,-0.044606228531109425,True
937,0.6507936507936507,0.2222222222222222,-0.36378726310049364,-0.1707386179366247,-0.04215564445956672,True
938,0.6666666666666666,0.2222222222222222,-0.3617556765181209,-0.18914486652121953,-0.03945128368397246,True
939,0.6825396825396826,0.2222222222222222,-0.3580609525890783,-0.20660190687715507,-0.03651413871172096,True
940,0.6984126984126984,0.2222222222222222,-0.3521509796193388,-0.22250838290054548,-0.03339306138310314,True
941,0.7142857142857142,0.2222222222222222,-0.34317104925496394,-0.23594413888996577,-0.030164510305115626,True
942,0.7301587301587301,0.2222222222222222,-0.3304593362519322,-0.24593649617647373,-0.02689434900482442,True
943,0.746031746031746,0.2222222222222222,-0.3132000169416692,-0.2512226327789616,-0.023674169184379364,True
944,0.7619047619047619,0.2222222222222222,-0.29090164184029726,-0.2505250866665116,-0.020652281232408955,True
945,0.7777777777777777,0.2222222222222222,-0.2639482519420912,-0.24317713816291045,-0.017965545385210325,True
946,0.7936507936507936,0.2222222222222222,-0.23320998540867205,-0.2291662530306597,-0.015651033173137617,True
947,0.8095238095238095,0.2222222222222222,-0.19958093712846448,-0.20838304926478743,-0.013855078231581167,True
948,0.8253968253968254,0.2222222222222222,-0.16497158537129142,-0.1822256135171465,-0.0125316226152747,True
949,0.8412698412698412,0.2222222222222222,-0.1310997207660436,-0.15218237995521655,-0.011684544774272604,True
950,0.8571428571428571,0.2222222222222222,-0.09972724828977793,-0.12037332363475914,-0.01121999699800574,True
951,0.873015873015873,0.2222222222222222,-0.07221410942041293,-0.08890899912397442,-0.011045973896655606,True
952,0.8888888888888888,0.2222222222222222,-0.04945526194743968,-0.05978185936389996,-0.011069773702704486,True
953,0.9047619047619047,0.2222222222222222,-0.03154736000803189,-0.03425029777395181,-0.011203639312747203,True
954,0.9206349206349206,0.2222222222222222,-0.018512641896336775,-0.013702729405380034,-0.011389188456141603,True
955,0.9365079365079365,0.2222222222222222,-0.009598809947226396,0.0015048420500912703,-0.011583765225622746,True
956,0.9523809523809523,0.2222222222222222,-0.004110079698801306,0.010877896220660169,-0.011759610616164127,True
957,0.9682539682539681,0.2222222222222222,-0.0012524016965047547,0.014002209508133336,-0.011898123958998823,True
958,0.9841269841269841,0.2222222222222222,-0.00016707148628373732,0.01051941937293234,-0.011987764649338113,True
959,1.0,0.2222222222222222,2.1338325957812704e-08,3.011969218737378e-07,-0.012019452650371623,True
960,0.0,0.23809523809523808,-4.6437742752617667e-07,-6.283957058970553e-06,0.0020113181153907007,True
961,0.015873015873015872,0.23809523809523808,-0.0032095806005446757,0.0209420120256312,0.0016531541578036796,True
962,0.031746031746031744,0.23809523809523808,-0.011186160386717634,0.03883790601880852,0.0013769065958105027,True
963,0.047619047619047616,0.23809523809523808,-0.022211880843323345,0.054819021985106166,0.0011268696402998704,True
964,0.06349206349206349,0.23809523809523808,-0.035307632265071665,0.07027538382250433,0.000830824433613967,True
965,0.07936507936507936,0.23809523809523808,-0.050049083348957205,0.08617299442875036,0.00042955590170092744,True
966,0.09523809523809523,0.23809523809523808,-0.06624445867505098,0.10276613326605945,-0.00011635670413930715,True
967,0.1111111111111111,0.23809523809523808,-0.08378735196900355,0.11988323179687727,-0.0008453818495674242,True
968,0.12698412698412698,0.23809523809523808,-0.10250864474259529,0.1370879973354029,-0.0017980603223513366,True
969,0.14285714285714285,0.23809523809523808,-0.12215177628369238,0.1538233919982864,-0.0030174179213962498,True
970,0.15873015873015872,0.23809523809523808,-0.1423989626997625,0.16949831658012812,-0.004543079391120803,True
971,0.1746031746031746,0.23809523809523808,-0.162905738622577,0.18356169654887214,-0.0063975454497199515,True
972,0.19047619047619047,0.23809523809523808,-0.18321754762641596,0.19544891650689244,-0.008594625014411189,True
973,0.20634920634920634,0.23809523809523808,-0.20298771752315162,0.20479107886131512,-0.011127394130057068,True
974,0.2222222222222222,0.23809523809523808,-0.22175223734032798,0.21120927523634273,-0.013997450329063485,True
975,0.23809523809523808,0.23809523809523808,-0.23932393719217493,0.2146663157016481,-0.01713713873146074,True
976,0.25396825396825395,0.23809523809523808,-0.25539572509554087,0.2150840706465497,-0.020508724382644172,True
977,0.2698412698412698,0.23809523809523808,-0.2698088246917747,0.21257932317489728,-0.024034349033774795,True
978,0.2857142857142857,0.23809523809523808,-0.2824367495827218,0.2072948561772673,-0.027677055774181045,True
979,0.30158730158730157,0.23809523809523808,-0.2934941324429849,0.19969963573258395,-0.031322046371529154,True
980,0.31746031746031744,0.23809523809523808,-0.30275979583428486,0.18985578274167286,-0.03493244951508815,True
981,0.3333333333333333,0.23809523809523808,-0.3106060306771398,0.17829061071332075,-0.03843290036605323,True
982,0.3492063492063492,0.23809523809523808,-0.316994241594981,0.1651939564531214,-0.041758505169286725,True
983,0.36507936507936506,0.23809523809523808,-0.3220956745456615,0.15084998561135024,-0.04488597378023668,True
984,0.38095238095238093,0.23809523809523808,-0.3260844064060544,0.13555405219899222,-0.047752443916603826,True
985,0.3968253968253968,0.23809523809523808,-0.3291509048649426,0.11953248356653819,-0.050341582102587504,True
986,0.4126984126984127,0.23809523809523808,-0.33148911420460647,0.10298963872531741,-0.052631421356863634,True
987,0.42857142857142855,0.23809523809523808,-0.33323603639895716,0.08606098816884838,-0.054602106348322486,True
988,0.4444444444444444,0.23809523809523808,-0.33460230272086017,0.06888755937093878,-0.05625780789880808,True
989,0.4603174603174603,0.23809523809523808,-0.33574526478245864,0.05153992052463824,-0.05759678741049059,True
990,0.47619047619047616,0.23809523809523808,-0.33667196622618256,0.034036893947795424,-0.058599580814312935,True
991,0.49206349206349204,0.23809523809523808,-0.3375781363735261,0.016410493736068142,-0.05927919725617482,True
992,0.5079365079365079,0.23809523809523808,-0.3384740911905368,-0.001340354557738518,-0.0596470302994192,True
993,0.5238095238095237,0.23809523809523808,-0.33943793635743547,-0.019234199354280605,-0.05969360389239835,True
994,0.5396825396825397,0.23809523809523808,-0.340553713226953,-0.03731841643459467,-0.05942536845292249,True
995,0.5555555555555556,0.23809523809523808,-0.34180603392094266,-0.055576355677857354,-0.058857696261126004,True
996,0.5714285714285714,0.23809523809523808,-0.3432165217760727,-0.0741091898789838,-0.05796441460270746,True
997,0.5873015873015872,0.23809523809523808,-0.3448401692538881,-0.09288800796711273,-0.056782046677558505,True
998,0.6031746031746031,0.23809523809523808,-0.3465866977701102,-0.1119736969794373,-0.055287745342077366,True
999,0.6190476190476191,0.23809523809523808,-0.3483614372739487,-0.1313529880374345,-0.05347954237352255,True
1000,0.6349206349206349,0.23809523809523808,-0.35011182738851854,-0.15099778117289378,-0.051360971203768625,True
1001,0.6507936507936507,0.23809523809523808,-0.3514469218094722,-0.17076872490560288,-0.04893782716250323,True
1002,0.6666666666666666,0.23809523809523808,-0.35213715037331,-0.1904699811710549,-0.04620064521822185,True
1003,0.6825396825396826,0.23809523809523808,-0.3515675038985575,-0.2096847074255222,-0.04317563932328901,True
1004,0.6984126984126984,0.23809523809523808,-0.34916080346777983,-0.22787487218657657,-0.039880898191293646,True
1005,0.7142857142857142,0.23809523809523808,-0.34437928221140984,-0.24438105445474845,-0.036370637423855594,True
1006,0.7301587301587301,0.23809523809523808,-0.33642820294730535,-0.2582501173298823,-0.032715710092369434,True
1007,0.746031746031746,0.23809523809523808,-0.3244305747190752,-0.2682582854986714,-0.029011301576789068,True
1008,0.7619047619047619,0.23809523809523808,-0.30718539737564876,-0.27266690734034993,-0.02536386456974939,True
1009,0.7777777777777777,0.23809523809523808,-0.28478957099261754,-0.2705935308046296,-0.02189888162827769,True
1010,0.7936507936507936,0.23809523809523808,-0.2570358985154854,-0.2607160881281534,-0.018820549107686355,True
1011,0.8095238095238095,0.23809523809523808,-0.22479256636507092,-0.24276465847859044,-0.016256112705583612,True
1012,0.8253968253968254,0.23809523809523808,-0.18978682078714354,-0.2175478434845534,-0.014272260961596325,True
1013,0.8412698412698412,0.23809523809523808,-0.15395043612018328,-0.18653008720824976,-0.012874496029313991,True
1014,0.8571428571428571,0.23809523809523808,-0.11945299932019408,-0.1519434519346016,-0.012026671232788427,True
1015,0.873015873015873,0.23809523809523808,-0.08802586679908193,-0.11620009048789154,-0.01158983513977929,True
1016,0.8888888888888888,0.23809523809523808,-0.06124676591892901,-0.08198312284167317,-0.011479413847509602,True
1017,0.9047619047619047,0.23809523809523808,-0.039855005066564565,-0.051467361846076365,-0.011568000400759434,True
1018,0.9206349206349206,0.23809523809523808,-0.02369822212090001,-0.025854699796764465,-0.011760602592466862,True
1019,0.9365079365079365,0.23809523809523808,-0.012565250371298697,-0.006511239158247227,-0.011986844543720716,True
1020,0.9523809523809523,0.23809523809523808,-0.005523339097278764,0.006281180968529561,-0.012202488665644554,True
1021,0.9682539682539681,0.23809523809523808,-0.0017599360489464002,0.011889448979224958,-0.012378527039546552,True
1022,0.9841269841269841,0.23809523809523808,-0.0002642949995102311,0.009934281155631828,-0.012496374608290783,True
1023,1.0,0.23809523809523808,-4.552669781396973e-08,-1.0547983439013859e-06,-0.012542357392013702,True
1024,0.0,0.25396825396825395,5.058242426309964e-08,-2.9089247082592794e-06,0.0017216874246788181,True
1025,0.015873015873015872,0.25396825396825395,-0.0035425398188926546,0.027187758828358183,0.001328896032632444,True
1026,0.031746031746031744,0.25396825396825395,-0.012256388076666382,0.04898697706704746,0.0010278242747224305,True
1027,0.047619047619047616,0.25396825396825395,-0.024178907766023217,0.06746529328811772,0.000747689884560381,True
1028,0.06349206349206349,0.25396825396825395,-0.03817949536489229,0.08470617457562414,0.00039794778804035514,True
1029,0.07936507936507936,0.25396825396825395,-0.05374986327305098,0.1020725607751478,-8.658603666909429e-05,True
1030,0.09523809523809523,0.25396825396825395,-0.07066535518659368,0.11999117990851495,-0.0007527941767995587,True
1031,0.1111111111111111,0.25396825396825395,-0.08877076242243795,0.13830644644745912,-0.0016528125288861979,True
1032,0.12698412698412698,0.25396825396825395,-0.10785112906293914,0.1564724998899289,-0.00282445778347384,True
1033,0.14285714285714285,0.25396825396825395,-0.1276231422549548,0.17386592394884873,-0.004311269323463416,True
1034,0.15873015873015872,0.25396825396825395,-0.14773757693331832,0.18984304111752387,-0.006150639223337966,True
1035,0.1746031746031746,0.25396825396825395,-0.167763002117304,0.20375914521807903,-0.008367623841956502,True
1036,0.19047619047619047,0.25396825396825395,-0.1873258138746207,0.2151205020601639,-0.010957336170586628,True
1037,0.20634920634920634,0.25396825396825395,-0.20601621588279706,0.22352581928046433,-0.013912891539578266,True
1038,0.2222222222222222,0.25396825396825395,-0.22351573698447036,0.2287564033553281,-0.01719314416004969,True
1039,0.23809523809523808,0.25396825396825395,-0.23952962165332395,0.23071312401365338,-0.02074727631766303,True
1040,0.25396825396825395,0.25396825396825395,-0.2538534506228786,0.22944644995248042,-0.02450882564622716,True
1041,0.2698412698412698,0.25396825396825395,-0.26645583370381815,0.2252124575576266,-0.02839935496114546,True
1042,0.2857142857142857,0.25396825396825395,-0.27726400187049766,0.21823593415208448,-0.032345515323618665,True
1043,0.30158730158730157,0.25396825396825395,-0.2863373769424551,0.20885608102089553,-0.03627298057808229,True
1044,0.31746031746031744,0.25396825396825395,-0.29392236094934765,0.19754276022456016,-0.04010346788161413,True
1045,0.3333333333333333,0.25396825396825395,-0.2999791127736978,0.1844982297992809,-0.04378071263720667,True
1046,0.3492063492063492,0.25396825396825395,-0.30471169064760334,0.1700948166846666,-0.04725156853621622,True
1047,0.36507936507936506,0.25396825396825395,-0.3082402042531222,0.15460382914197265,-0.05046583552522888,True
1048,0.38095238095238093,0.25396825396825395,-0.31089278784475377,0.13839118182577945,-0.053406947093710196,True
1049,0.3968253968253968,0.25396825396825395,-0.3128479461455622,0.12166782307104305,-0.05604522967083279,True
1050,0.4126984126984127,0.25396825396825395,-0.3141523412784971,0.10453902843393648,-0.05835917763558561,True
1051,0.42857142857142855,0.25396825396825395,-0.3151930555646126,0.08726007545648808,-0.06036010796479829,True
1052,0.4444444444444444,0.25396825396825395,-0.3159408044560339,0.06983150619248725,-0.06203496297259025,True
1053,0.4603174603174603,0.25396825396825395,-0.3165808168311675,0.05233078352663937,-0.06336766259939602,True
1054,0.47619047619047616,0.25396825396825395,-0.31717563408278887,0.03478436634809448,-0.06440568924623322,True
1055,0.49206349206349204,0.25396825396825395,-0.3178059135475959,0.017183820282423306,-0.0651191025603237,True
1056,0.5079365079365079,0.25396825396825395,-0.31851781239018734,-0.0004951872455328171,-0.06549881715858769,True
1057,0.5238095238095237,0.25396825396825395,-0.3193582595317599,-0.01826182467742762,-0.06559946965890995,True
1058,0.5396825396825397,0.25396825396825395,-0.32037216500426696,-0.03616460248273784,-0.0653805776074653,True
1059,0.5555555555555556,0.25396825396825395,-0.3215951458507873,-0.054236770660286565,-0.06486616797841618,True
1060,0.5714285714285714,0.25396825396825395,-0.32306120556237744,-0.0725256540347254,-0.06405264617435526,True
1061,0.5873015873015872,0.25396825396825395,-0.32479732360399355,-0.0910866983300368,-0.06293838904898272,True
1062,0.6031746031746031,0.25396825396825395,-0.3268195506238611,-0.10996537831598373,-0.06152729102898312,True
1063,0.6190476190476191,0.25396825396825395,-0.32909839798357693,-0.12921997998231177,-0.05979650354017683,True
1064,0.6349206349206349,0.25396825396825395,-0.331622791293039,-0.14886376927804776,-0.05777814261353655,True
1065,0.6507936507936507,0.25396825396825395,-0.3341933256289029,-0.16889145332113215,-0.055419977535216054,True
1066,0.6666666666666666,0.25396825396825395,-0.33661296318541883,-0.18920445211028236,-0.052740019971389454,True
1067,0.6825396825396826,0.25396825396825395,-0.3384746244987869,-0.2095777763724205,-0.049728114328312825,True
1068,0.6984126984126984,0.25396825396825395,-0.3392247828740509,-0.22959979102083958,-0.04639166872566347,True
1069,0.7142857142857142,0.25396825396825395,-0.3381843707496272,-0.24866663302173683,-0.042744156706886666,True
1070,0.7301587301587301,0.25396825396825395,-0.3342990470764191,-0.26569557476531963,-0.03885113643442901,True
1071,0.746031746031746,0.25396825396825395,-0.32721456027267387,-0.2799440393081407,-0.03477592128082416,True
1072,0.7619047619047619,0.25396825396825395,-0.3157114907010409,-0.2898021174705551,-0.030643079611213375,True
1073,0.7777777777777777,0.25396825396825395,-0.2987016379251547,-0.2934567568207867,-0.026552825623198537,True
1074,0.7936507936507936,0.25396825396825395,-0.27538703386777597,-0.28893519439021015,-0.022741758742754675,True
1075,0.8095238095238095,0.25396825396825395,-0.24634147984659346,-0.275488856934118,-0.019390676952616228,True
1076,0.8253968253968254,0.25396825396825395,-0.2128301215732123,-0.2532350159205358,-0.01661198224282723,True
1077,0.8412698412698412,0.25396825396825395,-0.17650416350124135,-0.22288172821913957,-0.014534648083661816,True
1078,0.8571428571428571,0.25396825396825395,-0.13980346097917354,-0.18662190239846993,-0.013146778134786671,True
1079,0.873015873015873,0.25396825396825395,-0.10512574096560798,-0.14732301331227388,-0.012359934537658851,True
1080,0.8888888888888888,0.25396825396825395,-0.0744985705492289,-0.10812286343430677,-0.012038409217437034,True
1081,0.9047619047619047,0.25396825396825395,-0.049253767039694904,-0.07190943287829217,-0.012032877549162302,True
1082,0.9206349206349206,0.25396825396825395,-0.02983162890010698,-0.040815292235069814,-0.012206286998253971,True
1083,0.9365079365079365,0.25396825396825395,-0.016078956527193773,-0.016423797748969654,-0.0124566264891895,True
1084,0.9523809523809523,0.25396825396825395,-0.007265147999797458,0.00040326134466216635,-0.012712097007586092,True
1085,0.9682539682539681,0.25396825396825395,-0.002422593588994153,0.009043464265555901,-0.012927710824550865,True
1086,0.9841269841269841,0.25396825396825395,-0.0003958069327838699,0.009107006699795207,-0.01307721138230744,True
1087,1.0,0.25396825396825395,-1.7127362045998228e-08,-4.5119209770749575e-07,-0.013142279396850094,True
1088,0.0,0.2698412698412698,-1.236224924530834e-06,3.630753434963541e-05,0.0012209058518667945,True
1089,0.015873015873015872,0.2698412698412698,-0.003811402020220497,0.03397147365506235,0.0007976264793350997,True
1090,0.031746031746031744,0.2698412698412698,-0.013106414574171275,0.05990371012042079,0.0004747392141280091,True
1091,0.047619047619047616,0.2698412698412698,-0.025729267947714723,0.08092705846737978,0.00016022085959470621,True
1092,0.06349206349206349,0.2698412698412698,-0.04041705072838574,0.09989449619123965,-0.0002498373785713246,True
1093,0.07936507936507936,0.2698412698412698,-0.0565853391515303,0.11863021329579033,-0.0008294057215799143,True
1094,0.09523809523809523,0.2698412698412698,-0.07396658450421238,0.13774050527604065,-0.0016333074901845029,True
1095,0.1111111111111111,0.2698412698412698,-0.09235959345789184,0.157050115130559,-0.0027177552574236905,True
1096,0.12698412698412698,0.2698412698412698,-0.11152328986887651,0.17595630685407201,-0.0041219317185219794,True
1097,0.14285714285714285,0.2698412698412698,-0.13110680914053657,0.19374988043735913,-0.005903369157256262,True
1098,0.15873015873015872,0.2698412698412698,-0.15071016458052766,0.20967534575329094,-0.008087460281959233,True
1099,0.1746031746031746,0.2698412698412698,-0.17004444662970294,0.22320975533579948,-0.010656393733721124,True
1100,0.19047619047619047,0.2698412698412698,-0.1886012417603996,0.23377197154714766,-0.013639578583134061,True
1101,0.20634920634920634,0.2698412698412698,-0.2060098092166614,0.2410056718265353,-0.017004131860150196,True
1102,0.2222222222222222,0.2698412698412698,-0.22200055907639954,0.24476981304212847,-0.020679074838032094,True
1103,0.23809523809523808,0.2698412698412698,-0.2363170717403959,0.24504053632979408,-0.024615203016518507,True
1104,0.25396825396825395,0.2698412698412698,-0.24887232226864042,0.24201085189102234,-0.0287236021905363,True
1105,0.2698412698412698,0.2698412698412698,-0.2596379022266816,0.23597528669717763,-0.03292170658730381,True
1106,0.2857142857142857,0.2698412698412698,-0.2685983938710801,0.22722166904692487,-0.03713496957445947,True
1107,0.30158730158730157,0.2698412698412698,-0.2760895176116765,0.216356611679029,-0.04126732333383613,True
1108,0.31746031746031744,0.2698412698412698,-0.28192700297095413,0.2034718520333737,-0.04526319115693519,True
1109,0.3333333333333333,0.2698412698412698,-0.28645248499708065,0.18910817084408918,-0.049059523774688515,True
1110,0.3492063492063492,0.2698412698412698,-0.28965299293303426,0.1734587123260108,-0.05260472551939835,True
1111,0.36507936507936506,0.2698412698412698,-0.292084595796546,0.157125175169656,-0.055876643386786023,True
1112,0.38095238095238093,0.2698412698412698,-0.29367822687861833,0.14015717681155795,-0.05883891147601785,True
1113,0.3968253968253968,0.2698412698412698,-0.29478116545633687,0.12288188095566169,-0.06147063962150518,True
1114,0.4126984126984127,0.2698412698412698,-0.29552166739971447,0.10542634004717295,-0.06379414388038597,True
1115,0.42857142857142855,0.2698412698412698,-0.29606264392700626,0.08790546664591736,-0.0657853493747742,True
1116,0.4444444444444444,0.2698412698412698,-0.2964988952312017,0.07036593273178421,-0.06744749677037576,True
1117,0.4603174603174603,0.2698412698412698,-0.29690669307465023,0.05283719929572126,-0.06879637774632696,True
1118,0.47619047619047616,0.2698412698412698,-0.2973517029574675,0.035314213924906024,-0.06981727303173388,True
1119,0.49206349206349204,0.2698412698412698,-0.29786330726070226,0.01778862882439242,-0.070541686570615,True
1120,0.5079365079365079,0.2698412698412698,-0.29847828998389825,0.00023107818684288262,-0.07096558680437808,True
1121,0.5238095238095237,0.2698412698412698,-0.2992438745725398,-0.01738438520895444,-0.07107904185089822,True
1122,0.5396825396825397,0.2698412698412698,-0.30017153812514913,-0.03509215318780595,-0.07090082903219218,True
1123,0.5555555555555556,0.2698412698412698,-0.30130458738439614,-0.05295123186968518,-0.07043584416012696,True
1124,0.5714285714285714,0.2698412698412698,-0.302672140028596,-0.07096075432772174,-0.06968099568638692,True
1125,0.5873015873015872,0.2698412698412698,-0.3043306817652064,-0.08924639073444016,-0.06863313828188751,True
1126,0.6031746031746031,0.2698412698412698,-0.3062990528632518,-0.10778703837787729,-0.0673016612599301,True
1127,0.6190476190476191,0.2698412698412698,-0.3086255817876849,-0.12673363623784353,-0.0656707339781468,True
1128,0.6349206349206349,0.2698412698412698,-0.31132950732092746,-0.1461037772897854,-0.06372607623574081,True
1129,0.6507936507936507,0.2698412698412698,-0.314359931537422,-0.1659860839841566,-0.06147617558260822,True
1130,0.6666666666666666,0.2698412698412698,-0.3176196646693553,-0.18636627032009798,-0.0588965384201038,True
1131,0.6825396825396826,0.2698412698412698,-0.32091681366469454,-0.20721935263199154,-0.055974088100796134,True
1132,0.6984126984126984,0.2698412698412698,-0.3237398973890451,-0.2282707499056953,-0.05268452389871118,True
1133,0.7142857142857142,0.2698412698412698,-0.325610305452366,-0.24913363800657284,-0.049044052725259295,True
1134,0.7301587301587301,0.2698412698412698,-0.3257389406317091,-0.2690920007709697,-0.04506161700467483,True
1135,0.746031746031746,0.2698412698412698,-0.322797576339121,-0.28680758823037095,-0.04078256615832174,True
1136,0.7619047619047619,0.2698412698412698,-0.3160945798140446,-0.30112518080760414,-0.036313668884506586,True
1137,0.7777777777777777,0.2698412698412698,-0.3048234007039672,-0.3106175918630555,-0.03176388196882405,True
1138,0.7936507936507936,0.2698412698412698,-0.2871856274805187,-0.3125023006927921,-0.027317393143055105,True
1139,0.8095238095238095,0.2698412698412698,-0.26290892879658667,-0.30510507657005054,-0.023193477444983554,True
1140,0.8253968253968254,0.2698412698412698,-0.23264458045022327,-0.2876400479234833,-0.019595176811842002,True
1141,0.8412698412698412,0.2698412698412698,-0.19753934254265546,-0.25986773262324764,-0.016751540792469415,True
1142,0.8571428571428571,0.2698412698412698,-0.16008172844825846,-0.22363463192407518,-0.014720416554422433,True
1143,0.873015873015873,0.2698412698412698,-0.12300866721121269,-0.1818585482802767,-0.013428075162848429,True
1144,0.8888888888888888,0.2698412698412698,-0.0890167941917777,-0.13821299865569847,-0.012805979432028427,True
1145,0.9047619047619047,0.2698412698412698,-0.05983959553133538,-0.09598635401846002,-0.012631039069548704,True
1146,0.9206349206349206,0.2698412698412698,-0.0369974419112051,-0.058952038645775494,-0.012752377698138442,True
1147,0.9365079365079365,0.2698412698412698,-0.0203391590668536,-0.02878718613034928,-0.013010167914142208,True
1148,0.9523809523809523,0.2698412698412698,-0.009442574837675419,-0.00711086584642602,-0.013300245842179257,True
1149,0.9682539682539681,0.2698412698412698,-0.003270525224811951,0.005319921011062421,-0.013559024659311891,True
1150,0.9841269841269841,0.2698412698412698,-0.0005699231481537414,0.007955230585890058,-0.013745701692919252,True
1151,1.0,0.2698412698412698,-2.219712780349013e-07,-1.996867979321593e-06,-0.013834364787839356,True
1152,0.0,0.2857142857142857,4.218553940283986e-08,3.4824672205663004e-05,0.000481935062840478,True
1153,0.015873015873015872,0.2857142857142857,-0.003984922859781164,0.04103745362232504,4.191141960492581e-05,True
1154,0.031746031746031744,0.2857142857142857,-0.01370279670345112,0.07142934988120125,-0.00030379896638008845,True
1155,0.047619047619047616,0.2857142857142857,-0.026805903524730668,0.09497098477142074,-0.0006565753632460147,True
1156,0.06349206349206349,0.2857142857142857,-0.041940741045754196,0.11557255439116182,-0.0011344683741981785,True
1157,0.07936507936507936,0.2857142857142857,-0.05847704478786176,0.13558313871474229,-0.0018158786924858319,True
1158,0.09523809523809523,0.2857142857142857,-0.07606252087360821,0.15577078303018582,-0.002782431563019666,True
1159,0.1111111111111111,0.2857142857142857,-0.09448894844462445,0.17586226173162847,-0.004055959496864191,True
1160,0.12698412698412698,0.2857142857142857,-0.11344485572167617,0.19526448313582434,-0.005710716837135624,True
1161,0.14285714285714285,0.2857142857142857,-0.1325619642382609,0.21316617070385344,-0.007787519533752819,True
1162,0.15873015873015872,0.2857142857142857,-0.15150339775423854,0.22885061128727968,-0.010290463873351583,True
1163,0.1746031746031746,0.2857142857142857,-0.169814851201097,0.241661205166992,-0.01323935474832585,True
1164,0.19047619047619047,0.2857142857142857,-0.18713201101680757,0.2511427365257089,-0.016608959157246004,True
1165,0.20634920634920634,0.2857142857142857,-0.203112070720742,0.2569925359936159,-0.020347731035331152,True
1166,0.2222222222222222,0.2857142857142857,-0.21741357920674168,0.25903042209926586,-0.02440408829262702,True
1167,0.23809523809523808,0.2857142857142857,-0.2300135212286315,0.257517587534752,-0.028670745302480777,True
1168,0.25396825396825395,0.2857142857142857,-0.24094999399130504,0.2528113873028339,-0.03306403913356389,True
1169,0.2698412698412698,0.2857142857142857,-0.24998342990813655,0.24498844598270497,-0.037517179612983106,True
1170,0.2857142857142857,0.2857142857142857,-0.25742959149492417,0.23469680322418607,-0.04191956514097393,True
1171,0.30158730158730157,0.2857142857142857,-0.263221606214704,0.2221583654823024,-0.046208680362591466,True
1172,0.31746031746031744,0.2857142857142857,-0.2676243572865553,0.2079007836574694,-0.05031621574674618,True
1173,0.3333333333333333,0.2857142857142857,-0.27081427521266693,0.1923162803099695,-0.05417105772257295,True
1174,0.3492063492063492,0.2857142857142857,-0.2729947940355831,0.17576840287562426,-0.05775392777011558,True
1175,0.36507936507936506,0.2857142857142857,-0.27448354339225434,0.1586560088436142,-0.0610249641886333,True
1176,0.38095238095238093,0.2857142857142857,-0.27540735621053664,0.1411628787017719,-0.06396589722015297,True
1177,0.3968253968253968,0.2857142857142857,-0.27605742648107007,0.12356759916138256,-0.06660027593940349,True
1178,0.4126984126984127,0.2857142857142857,-0.2764931960456931,0.10591557607299203,-0.06888845257088837,True
1179,0.42857142857142855,0.2857142857142857,-0.2768487535978181,0.08829902824264638,-0.07085270163421156,True
1180,0.4444444444444444,0.2857142857142857,-0.2771944212258465,0.07074172264700579,-0.07250244834981609,True
1181,0.4603174603174603,0.2857142857142857,-0.2775595157702305,0.05323862592076053,-0.07383904343538018,True
1182,0.47619047619047616,0.2857142857142857,-0.277997665179378,0.03578088255422192,-0.07486570703344299,True
1183,0.49206349206349204,0.2857142857142857,-0.2785172330149772,0.01834775861613355,-0.07559070895510918,True
1184,0.5079365079365079,0.2857142857142857,-0.27914529227268087,0.0009129080843298234,-0.0760198197661525,True
1185,0.5238095238095237,0.2857142857142857,-0.2798843712431019,-0.016563313735496528,-0.07615806484103173,True
1186,0.5396825396825397,0.2857142857142857,-0.2807558611312455,-0.03410667257788067,-0.07601560327594406,True
1187,0.5555555555555556,0.2857142857142857,-0.2818010228067297,-0.05175317028744848,-0.07558485640927633,True
1188,0.5714285714285714,0.2857142857142857,-0.28303840225018206,-0.06953985633705874,-0.07487600351462571,True
1189,0.5873015873015872,0.2857142857142857,-0.2845177882496975,-0.08752287962294493,-0.07388616398400147,True
1190,0.6031746031746031,0.2857142857142857,-0.28628562459004653,-0.1057549000876298,-0.07261630977421055,True
1191,0.6190476190476191,0.2857142857142857,-0.28840416855144885,-0.124315246719244,-0.07105651952609082,True
1192,0.6349206349206349,0.2857142857142857,-0.2909097590888006,-0.14328293436155903,-0.06921382488301496,True
1193,0.6507936507936507,0.2857142857142857,-0.2938721897555276,-0.16278327689637495,-0.06705943877110049,True
1194,0.6666666666666666,0.2857142857142857,-0.29726428887123363,-0.18287379508467477,-0.0645901690973085,True
1195,0.6825396825396826,0.2857142857142857,-0.301013655657347,-0.20361760849149163,-0.061784363189900604,True
1196,0.6984126984126984,0.2857142857142857,-0.30497138182030686,-0.22501336719398154,-0.0586185326465309,True
1197,0.7142857142857142,0.2857142857142857,-0.3085586190523579,-0.24678128386370995,-0.05504963691597753,True
1198,0.7301587301587301,0.2857142857142857,-0.3113926421128313,-0.2685428220438717,-0.051121973252267576,True
1199,0.746031746031746,0.2857142857142857,-0.31220316528402586,-0.28923669785882067,-0.04680135559487249,True
1200,0.7619047619047619,0.2857142857142857,-0.31003082900682527,-0.30764676080989434,-0.04216109161358364,True
1201,0.7777777777777777,0.2857142857142857,-0.3036489811324145,-0.32206307940674145,-0.03729543259374134,True
1202,0.7936507936507936,0.2857142857142857,-0.2919448263162008,-0.3304951617577641,-0.03237808478878055,True
1203,0.8095238095238095,0.2857142857142857,-0.27348164771643946,-0.3301526293151474,-0.027598853814180143,True
1204,0.8253968253968254,0.2857142857142857,-0.24762563737539298,-0.31865360020919525,-0.023264693317093764,True
1205,0.8412698412698412,0.2857142857142857,-0.21562438787941787,-0.2957187721827281,-0.019575626215249893,True
1206,0.8571428571428571,0.2857142857142857,-0.1791041659529616,-0.2616458137929758,-0.016766060692065727,True
1207,0.873015873015873,0.2857142857142857,-0.14089859060287552,-0.21896771343145904,-0.014889248135743032,True
1208,0.8888888888888888,0.2857142857142857,-0.10414878550339354,-0.1716198587414875,-0.013824443553281754,True
1209,0.9047619047619047,0.2857142857142857,-0.0715974586712336,-0.1240346222169793,-0.013407475642246142,True
1210,0.9206349206349206,0.2857142857142857,-0.04508196667339292,-0.08037098725009792,-0.013422341337289133,True
1211,0.9365079365079365,0.2857142857142857,-0.025321032259397205,-0.043812022415516384,-0.0136618097949776,True
1212,0.9523809523809523,0.2857142857142857,-0.012001579825004055,-0.016312333935258345,-0.013981813866221188,True
1213,0.9682539682539681,0.2857142857142857,-0.004293733239834613,0.0006244403774722909,-0.014283352279607014,True
1214,0.9841269841269841,0.2857142857142857,-0.0008123544940445131,0.006289193551399911,-0.014510933734133513,True
1215,1.0,0.2857142857142857,3.512966741961903e-08,-4.908784619606888e-06,-0.014631681063783264,True
1216,0.0,0.30158730158730157,8.598315838986326e-08,-3.316720330911403e-05,-0.0005073034792578292,True
1217,0.015873015873015872,0.30158730158730157,-0.004078441018967648,0.04863781859771198,-0.0009578216415769201,True
1218,0.031746031746031744,0.30158730158730157,-0.014012307468027176,0.0832714823833904,-0.0013228646228562058,True
1219,0.047619047619047616,0.30158730158730157,-0.027378238523047924,0.10940995412419388,-0.0017167438395032618,True
1220,0.06349206349206349,0.30158730158730157,-0.042742242387555585,0.13164297976922898,-0.00227042912050245,True
1221,0.07936507936507936,0.30158730158730157,-0.05938331150426111,0.1527517663078293,-0.0030684688353075445,True
1222,0.09523809523809523,0.30158730158730157,-0.07694032073730687,0.17375693979710213,-0.004180199417070051,True
1223,0.1111111111111111,0.30158730158730157,-0.09511279068944699,0.19444323155909202,-0.005670200581508825,True
1224,0.12698412698412698,0.30158730158730157,-0.11362474883811031,0.21410542620564282,-0.007573528583314504,True
1225,0.14285714285714285,0.30158730158730157,-0.13206100407000293,0.2318840390652857,-0.009941394221422113,True
1226,0.15873015873015872,0.30158730158730157,-0.15006597771407024,0.2470436578853992,-0.012778374782704533,True
1227,0.1746031746031746,0.30158730158730157,-0.16720091791206418,0.2589099894061977,-0.016082331776352553,True
1228,0.19047619047619047,0.30158730158730157,-0.18319527446279626,0.2671499395470844,-0.019797323004431485,True
1229,0.20634920634920634,0.30158730158730157,-0.19763649953006834,0.2714143733689626,-0.02388119054046223,True
1230,0.2222222222222222,0.30158730158730157,-0.2103860398685749,0.27179052072411974,-0.028246451602767148,True
1231,0.23809523809523808,0.30158730158730157,-0.22141333385137624,0.2685609803208371,-0.032794972005371924,True
1232,0.25396825396825395,0.30158730158730157,-0.23063128026809188,0.2619708664910725,-0.037442378489665515,True
1233,0.2698412698412698,0.30158730158730157,-0.2381159128488005,0.25244471715096584,-0.042085832606469024,True
1234,0.2857142857142857,0.30158730158730157,-0.2440799565795787,0.24055042390353618,-0.04663961139460406,True
1235,0.30158730158730157,0.30158730158730157,-0.24855129837239492,0.2266071176681491,-0.05102380218256208,True
1236,0.31746031746031744,0.30158730158730157,-0.2517286079477252,0.21107927684047784,-0.05517605465304338,True
1237,0.3333333333333333,0.30158730158730157,-0.2539291904452054,0.19449872197346432,-0.05905747356674273,True
1238,0.3492063492063492,0.30158730158730157,-0.2553741923338666,0.1772286577973408,-0.06262532458873446,True
1239,0.36507936507936506,0.30158730158730157,-0.25629603617262847,0.15957907847737748,-0.0658804806227826,True
1240,0.38095238095238093,0.30158730158730157,-0.2569127469726095,0.141799588249574,-0.06879924171291402,True
1241,0.3968253968253968,0.30158730158730157,-0.2573508751733869,0.12400389235421902,-0.07138014259273812,True
1242,0.4126984126984127,0.30158730158730157,-0.25771623877791544,0.10627720276044396,-0.07364665345145265,True
1243,0.42857142857142855,0.30158730158730157,-0.25807247123694965,0.0886472577125859,-0.07559027910800532,True
1244,0.4444444444444444,0.30158730158730157,-0.2584797652683157,0.07112328383488337,-0.07721199882717764,True
1245,0.4603174603174603,0.30158730158730157,-0.2589498175587114,0.05368501375398361,-0.07852901061852488,True
1246,0.47619047619047616,0.30158730158730157,-0.2594834286963002,0.0363054588170895,-0.07955494108818242,True
1247,0.49206349206349204,0.30158730158730157,-0.2601023558783196,0.01895870896974603,-0.08027786495492874,True
1248,0.5079365079365079,0.30158730158730157,-0.2608007226152884,0.0016181964823163552,-0.08071553612513352,True
1249,0.5238095238095237,0.30158730158730157,-0.2615779023709861,-0.015750076836811778,-0.08087143827772461,True
1250,0.5396825396825397,0.30158730158730157,-0.26245622044250794,-0.03316795150694271,-0.08074538449479332,True
1251,0.5555555555555556,0.30158730158730157,-0.2634429738481392,-0.05066328106143543,-0.08034452465015104,True
1252,0.5714285714285714,0.30158730158730157,-0.26456604816123935,-0.06826805125734128,-0.07967069725227857,True
1253,0.5873015873015872,0.30158730158730157,-0.2658620312059886,-0.08601933142300311,-0.07872541145436748,True
1254,0.6031746031746031,0.30158730158730157,-0.2673799995215839,-0.10396781790540634,-0.07750796263527863,True
1255,0.6190476190476191,0.30158730158730157,-0.26918159425012395,-0.12218052033977944,-0.07601819538110885,True
1256,0.6349206349206349,0.30158730158730157,-0.27135450750268336,-0.14074641267531868,-0.07424282710784955,True
1257,0.6507936507936507,0.30158730158730157,-0.27393493199704805,-0.1597515198020628,-0.0721852297820271,True
1258,0.6666666666666666,0.30158730158730157,-0.27704324993507995,-0.1793629611057339,-0.06981897983812971,True
1259,0.6825396825396826,0.30158730158730157,-0.2806651993544153,-0.19968270205922592,-0.06713204024337371,True
1260,0.6984126984126984,0.30158730158730157,-0.28477908780124006,-0.22082347499729066,-0.06410017903071227,True
1261,0.7142857142857142,0.30158730158730157,-0.2892299111764949,-0.24283605271148287,-0.06068120194414448,True
1262,0.7301587301587301,0.30158730158730157,-0.2935400102237736,-0.2654510152044575,-0.056857018608174235,True
1263,0.746031746031746,0.30158730158730157,-0.2970115253057138,-0.2881352959470289,-0.05262406585801124,True
1264,0.7619047619047619,0.30158730158730157,-0.2983774487425398,-0.30965737660452786,-0.04797044528682221,True
1265,0.7777777777777777,0.30158730158730157,-0.2964306742196709,-0.32846048064039285,-0.0429723832166549,True
1266,0.7936507936507936,0.30158730158730157,-0.2898048764248744,-0.3424486579802684,-0.03774918062186958,True
1267,0.8095238095238095,0.30158730158730157,-0.27719035628141453,-0.349121635776928,-0.032510025841102845,True
1268,0.8253968253968254,0.30158730158730157,-0.2574074199543781,-0.34557965122602324,-0.027466604527106628,True
1269,0.8412698412698412,0.30158730158730157,-0.22972774077497946,-0.3289167702391549,-0.023006511985719947,True
1270,0.8571428571428571,0.30158730158730157,-0.1956067939004216,-0.2988686799299978,-0.01940758605940508,True
1271,0.873015873015873,0.30158730158730157,-0.15783519242985822,-0.25746748104369993,-0.01677816272650958,True
1272,0.8888888888888888,0.30158730158730157,-0.11946768565615597,-0.2079587089654362,-0.015173106650089366,True
1273,0.9047619047619047,0.30158730158730157,-0.08396310990494973,-0.1554798831374312,-0.014404584263791037,True
1274,0.9206349206349206,0.30158730158730157,-0.05395587616668534,-0.10520442640867123,-0.014242408859515871,True
1275,0.9365079365079365,0.30158730158730157,-0.03087343201914864,-0.0614848243058106,-0.014431668081742014,True
1276,0.9523809523809523,0.30158730158730157,-0.015039479892422523,-0.0277006684839576,-0.014769977967393516,True
1277,0.9682539682539681,0.30158730158730157,-0.0055364102195538945,-0.005350655314571906,-0.015114940980745424,True
1278,0.9841269841269841,0.30158730158730157,-0.0010873704365913263,0.004196741288063608,-0.015391485568312444,True
1279,1.0,0.30158730158730157,6.053859255347132e-08,1.0456213819274814e-05,-0.015546430516616876,True
1280,0.0,0.31746031746031744,-2.9808966839652976e-08,-1.1174468774276509e-05,-0.0017503575339270455,True
1281,0.015873015873015872,0.31746031746031744,-0.004073605111366615,0.05604736870810545,-0.002204315227683723,True
1282,0.031746031746031744,0.31746031746031744,-0.014026402101579549,0.09529686932167457,-0.0025854747543909143,True
1283,0.047619047619047616,0.31746031746031744,-0.02742264422747516,0.12397921967414671,-0.0030226215399019865,True
1284,0.06349206349206349,0.31746031746031744,-0.0427729355151744,0.14769222358060394,-0.003651776574705453,True
1285,0.07936507936507936,0.31746031746031744,-0.05929869730981427,0.16981981866479534,-0.004568024995205358,True
1286,0.09523809523809523,0.31746031746031744,-0.07657727395009638,0.19151293217020043,-0.005844206795172937,True
1287,0.1111111111111111,0.31746031746031744,-0.0942982498622219,0.21258350197897843,-0.007536908473048846,True
1288,0.12698412698412698,0.31746031746031744,-0.11211866656156207,0.23226767935769063,-0.009696081755115002,True
1289,0.14285714285714285,0.31746031746031744,-0.12970259922383645,0.2497266240138392,-0.012341936006316872,True
1290,0.15873015873015872,0.31746031746031744,-0.14660356945801858,0.26412173110514614,-0.015492376311727996,True
1291,0.1746031746031746,0.31746031746031744,-0.16249485190116253,0.27490424933877183,-0.01911230563055887,True
1292,0.19047619047619047,0.31746031746031744,-0.17698445006443728,0.28161976657283383,-0.023159455530542602,True
1293,0.20634920634920634,0.31746031746031744,-0.18991105176721365,0.2842408239315123,-0.027542196462072975,True
1294,0.2222222222222222,0.31746031746031744,-0.20112673602448033,0.2828808631315606,-0.03217467965924847,True
1295,0.23809523809523808,0.31746031746031744,-0.21059146752552554,0.27784043158833227,-0.03695650234380873,True
1296,0.25396825396825395,0.31746031746031744,-0.21839683197345533,0.2695975024822722,-0.04178601485742499,True
1297,0.2698412698412698,0.31746031746031744,-0.22457025800907288,0.25852652796235065,-0.046564902618003626,True
1298,0.2857142857142857,0.31746031746031744,-0.22921180486668055,0.2450761264702497,-0.05120339913087385,True
1299,0.30158730158730157,0.31746031746031744,-0.23257295301567965,0.22983542474958873,-0.05563210051108295,True
1300,0.31746031746031744,0.31746031746031744,-0.23490322372959047,0.21332557435265465,-0.05980138807716754,True
1301,0.3333333333333333,0.31746031746031744,-0.23643953188443148,0.19597992969822417,-0.06366564693261764,True
1302,0.3492063492063492,0.31746031746031744,-0.23743764730919795,0.17818696764961156,-0.06720760291476158,True
1303,0.36507936507936506,0.31746031746031744,-0.23811021146496572,0.16022757283806566,-0.070412307594571,True
1304,0.38095238095238093,0.31746031746031744,-0.23861486191026063,0.14226791908332082,-0.07329052434442203,True
1305,0.3968253968253968,0.31746031746031744,-0.23904876623691737,0.12440486634273007,-0.07584511251656785,True
1306,0.4126984126984127,0.31746031746031744,-0.23950118522710778,0.10668307794528044,-0.07806666696820184,True
1307,0.42857142857142855,0.31746031746031744,-0.23999552327066878,0.08909821060054351,-0.07997707069609396,True
1308,0.4444444444444444,0.31746031746031744,-0.240565107900015,0.07163823336892564,-0.08158211423455625,True
1309,0.4603174603174603,0.31746031746031744,-0.2411846402950539,0.05426435916991873,-0.08289398966756865,True
1310,0.47619047619047616,0.31746031746031744,-0.24189064569458632,0.036958287223165465,-0.08390550336144122,True
1311,0.49206349206349204,0.31746031746031744,-0.24265002372488761,0.019680528919389213,-0.0846324794355878,True
1312,0.5079365079365079,0.31746031746031744,-0.24346490312500946,0.0024054869601031507,-0.08507707676520286,True
1313,0.5238095238095237,0.31746031746031744,-0.2443292352806972,-0.014892878780543283,-0.08524226885422759,True
1314,0.5396825396825397,0.31746031746031744,-0.2452469118405817,-0.03223367505171034,-0.08513429103397105,True
1315,0.5555555555555556,0.31746031746031744,-0.24622302729507128,-0.0496362331676769,-0.08475520931670279,True
1316,0.5714285714285714,0.31746031746031744,-0.2472758151767945,-0.06712117819770531,-0.08410890026545628,True
1317,0.5873015873015872,0.31746031746031744,-0.2484327308745574,-0.08471528993032935,-0.0831961012321218,True
1318,0.6031746031746031,0.31746031746031744,-0.2497300194217596,-0.10245124044559267,-0.08202064400433186,True
1319,0.6190476190476191,0.31746031746031744,-0.25124568993407953,-0.12038908486184578,-0.08057104007042323,True
1320,0.6349206349206349,0.31746031746031744,-0.25301360970818426,-0.13858550829751973,-0.07886225372587856,True
1321,0.6507936507936507,0.31746031746031744,-0.25515908925682584,-0.15715844879549348,-0.07687252180946612,True
1322,0.6666666666666666,0.31746031746031744,-0.2577569096329657,-0.1762309355912183,-0.07460069724920618,True
1323,0.6825396825396826,0.31746031746031744,-0.2609304442972851,-0.19598809759443625,-0.07201954454087167,True
1324,0.6984126984126984,0.31746031746031744,-0.2647257409018018,-0.2166035492705647,-0.06910891555095602,True
1325,0.7142857142857142,0.31746031746031744,-0.2691022611689729,-0.23821428969757527,-0.06584865587262416,True
1326,0.7301587301587301,0.31746031746031744,-0.27391529210406024,-0.26089367815889886,-0.062191885335774945,True
1327,0.746031746031746,0.31746031746031744,-0.27869123681863767,-0.28440742984991624,-0.05809601162156446,True
1328,0.7619047619047619,0.31746031746031744,-0.28263838675341585,-0.3080927746500555,-0.05355887140864357,True
1329,0.7777777777777777,0.31746031746031744,-0.2842163593994095,-0.3303328640940267,-0.04857562309181973,True
1330,0.7936507936507936,0.31746031746031744,-0.2821884492919709,-0.3493347811120369,-0.04323491311898146,True
1331,0.8095238095238095,0.31746031746031744,-0.2748218919935705,-0.36230036261330617,-0.03768731168656816,True
1332,0.8253968253968254,0.31746031746031744,-0.260873035423808,-0.3664160153761725,-0.032177619015218976,True
1333,0.8412698412698412,0.31746031746031744,-0.23881902592632723,-0.3577377294787878,-0.027002898912007207,True
1334,0.8571428571428571,0.31746031746031744,-0.20880298238210604,-0.3340936457557465,-0.02257754190256752,True
1335,0.873015873015873,0.31746031746031744,-0.17285455316645174,-0.2959380436671625,-0.01917327384262315,True
1336,0.8888888888888888,0.31746031746031744,-0.13418433841801583,-0.24621281368900672,-0.016899154652189295,True
1337,0.9047619047619047,0.31746031746031744,-0.09657188475700924,-0.19002368673439432,-0.015674384217062066,True
1338,0.9206349206349206,0.31746031746031744,-0.06346738187944512,-0.133555053885833,-0.015255987010449354,True
1339,0.9365079365079365,0.31746031746031744,-0.03714648396953343,-0.08252162066946399,-0.015345459293954592,True
1340,0.9523809523809523,0.31746031746031744,-0.018462400563859505,-0.04132224104219567,-0.01567881184021317,True
1341,0.9682539682539681,0.31746031746031744,-0.0069947462695007945,-0.01280570356177123,-0.016065925245380232,True
1342,0.9841269841269841,0.31746031746031744,-0.0014308492370866174,0.0013918505402265833,-0.01639370145713375,True
1343,1.0,0.31746031746031744,-1.2967279011625207e-08,-1.3457187544920287e-06,-0.016592122858482727,True
1344,0.0,0.3333333333333333,-2.8529597716966808e-08,2.071111178986893e-05,-0.0032467607913959032,True
1345,0.015873015873015872,0.3333333333333333,-0.003973733859862912,0.06345955661145644,-0.003691035245646492,True
1346,0.031746031746031744,0.3333333333333333,-0.013744391932743813,0.10723482197847085,-0.00408688097637794,True
1347,0.047619047619047616,0.3333333333333333,-0.026942855007418314,0.13844737977598912,-0.004567056809443874,True
1348,0.06349206349206349,0.3333333333333333,-0.04205639025134793,0.1635977356673337,-0.0052741471410164865,True
1349,0.07936507936507936,0.3333333333333333,-0.05823812469696571,0.18659530468330157,-0.006310119543456751,True
1350,0.09523809523809523,0.3333333333333333,-0.07503037103154914,0.2087998431885658,-0.007745731330584646,True
1351,0.1111111111111111,0.3333333333333333,-0.09207630715774308,0.2300496990487033,-0.009643013516641806,True
1352,0.12698412698412698,0.3333333333333333,-0.109065307816873,0.24958119050199387,-0.012035281323524088,True
1353,0.14285714285714285,0.3333333333333333,-0.1255971782114567,0.2664671409053697,-0.014952719509095418,True
1354,0.15873015873015872,0.3333333333333333,-0.14132866473398017,0.27997899971168905,-0.01838167355362516,True
1355,0.1746031746031746,0.3333333333333333,-0.1558476568688518,0.289464266852976,-0.02229543733297472,True
1356,0.19047619047619047,0.3333333333333333,-0.16893061244191976,0.2946885450489273,-0.02661404078818374,True
1357,0.20634920634920634,0.3333333333333333,-0.18035020911000174,0.2955785434252109,-0.031255518611855396,True
1358,0.2222222222222222,0.3333333333333333,-0.1901401519155435,0.2925116808308653,-0.03610371049720034,True
1359,0.23809523809523808,0.3333333333333333,-0.19828209742011949,0.2858455177687911,-0.04106116754583573,True
1360,0.25396825396825395,0.3333333333333333,-0.20476229814455718,0.27592701263353253,-0.04602375345054343,True
1361,0.2698412698412698,0.3333333333333333,-0.2097220706812132,0.26329458758873,-0.05088544234525006,True
1362,0.2857142857142857,0.3333333333333333,-0.21340966105174006,0.24860496665416046,-0.05556973875416483,True
1363,0.30158730158730157,0.3333333333333333,-0.2159412285024271,0.2322713326300992,-0.06000936310238027,True
1364,0.31746031746031744,0.3333333333333333,-0.2176620407996045,0.21494541642177084,-0.06415101053563065,True
1365,0.3333333333333333,0.3333333333333333,-0.2188086297481002,0.1970508759766882,-0.06798168624436456,True
1366,0.3492063492063492,0.3333333333333333,-0.2195977583913124,0.17891181652780233,-0.07147060743266871,True
1367,0.36507936507936506,0.3333333333333333,-0.220213549142398,0.16078456560779864,-0.0746361588757529,True
1368,0.38095238095238093,0.3333333333333333,-0.22076395864116377,0.14276413470888863,-0.0774668012295808,True
1369,0.3968253968253968,0.3333333333333333,-0.22132710628061097,0.12491490224926237,-0.07997064132355905,True
1370,0.4126984126984127,0.3333333333333333,-0.2219407192071357,0.10723859166330874,-0.08217038831073233,True
1371,0.42857142857142855,0.3333333333333333,-0.22262728165623433,0.0897224396363839,-0.08405670371776379,True
1372,0.4444444444444444,0.3333333333333333,-0.2233959020475829,0.07233357340845226,-0.08564252328202593,True
1373,0.4603174603174603,0.3333333333333333,-0.22420972353159158,0.055025699318380215,-0.08694075406293642,True
1374,0.47619047619047616,0.3333333333333333,-0.2251074602792664,0.03777745030876011,-0.08795238105185334,True
1375,0.49206349206349204,0.3333333333333333,-0.22601283972857988,0.020542137490445873,-0.08868024472086376,True
1376,0.5079365079365079,0.3333333333333333,-0.22697679348547267,0.003307236410253604,-0.08913167347050907,True
1377,0.5238095238095237,0.3333333333333333,-0.22794160078911155,-0.013958715553776799,-0.08930564418456953,True
1378,0.5396825396825397,0.3333333333333333,-0.22893252193349264,-0.031264448021503986,-0.0892128644027831,True
1379,0.5555555555555556,0.3333333333333333,-0.22993617745610387,-0.04862509584707564,-0.08885264373380014,True
1380,0.5714285714285714,0.3333333333333333,-0.2309719706372534,-0.06604690842993681,-0.08822860348653994,True
1381,0.5873015873015872,0.3333333333333333,-0.23205714400628327,-0.08355508967513807,-0.08733648502306508,True
1382,0.6031746031746031,0.3333333333333333,-0.2332075957468442,-0.10116039455146478,-0.08619110822657806,True
1383,0.6190476190476191,0.3333333333333333,-0.23446832359318148,-0.11889785674656707,-0.08478960250811338,True
1384,0.6349206349206349,0.3333333333333333,-0.2359258531748973,-0.13682842099221576,-0.08311574409408048,True
1385,0.6507936507936507,0.3333333333333333,-0.2376532734377552,-0.15504073454940526,-0.08118125568047452,True
1386,0.6666666666666666,0.3333333333333333,-0.23975546288301475,-0.17365260973885424,-0.07897311839584868,True
1387,0.6825396825396826,0.3333333333333333,-0.2423230794181709,-0.1928073277355465,-0.07648682250057001,True
1388,0.6984126984126984,0.3333333333333333,-0.24552224176756784,-0.21275429821879083,-0.07369420869045504,True
1389,0.7142857142857142,0.3333333333333333,-0.24944983878129218,-0.23374385303368195,-0.07056101788243829,True
1390,0.7301587301587301,0.3333333333333333,-0.25405600686052304,-0.25594545286957515,-0.06705790411660528,True
1391,0.746031746031746,0.3333333333333333,-0.25917129802223965,-0.27943981003168594,-0.06315747859338441,True
1392,0.7619047619047619,0.3333333333333333,-0.2643271843171523,-0.3040125777276272,-0.058789520717437115,True
1393,0.7777777777777777,0.3333333333333333,-0.2683759001784236,-0.32859913847517286,-0.05393656119125776,True
1394,0.7936507936507936,0.3333333333333333,-0.2700747416430572,-0.3516571170643547,-0.04863961166253884,True
1395,0.8095238095238095,0.3333333333333333,-0.26723788933121784,-0.3700958515856993,-0.04297150358597832,True
1396,0.8253968253968254,0.3333333333333333,-0.25865623695030865,-0.38128330476208405,-0.03714468116596133,True
1397,0.8412698412698412,0.3333333333333333,-0.24255037399644044,-0.3811537178157295,-0.03144889755092733,True
1398,0.8571428571428571,0.3333333333333333,-0.2176985859729785,-0.36548084659510444,-0.026285816937509053,True
1399,0.873015873015873,0.3333333333333333,-0.18509033738089903,-0.3329096782718192,-0.022076646359234352,True
1400,0.8888888888888888,0.3333333333333333,-0.14751726522448333,-0.28517152233538545,-0.019062310534605015,True
1401,0.9047619047619047,0.3333333333333333,-0.10886340560571454,-0.22693639843620952,-0.017262262940917147,True
1402,0.9206349206349206,0.3333333333333333,-0.0732553956927231,-0.1650727729214026,-0.01649817757238018,True
1403,0.9365079365079365,0.3333333333333333,-0.043847664944303755,-0.10662571267134184,-0.01642709396166194,True
1404,0.9523809523809523,0.3333333333333333,-0.022289174449624055,-0.05754093950849454,-0.016728864454236426,True
1405,0.9682539682539681,0.3333333333333333,-0.008648202962924224,-0.021873531488440977,-0.017150137406738607,True
1406,0.9841269841269841,0.3333333333333333,-0.0018279704075146838,-0.002153257415531612,-0.017532046642181685,True
1407,1.0,0.3333333333333333,-1.2220514263437001e-07,-6.4597008769912864e-06,-0.017778920183733646,True
1408,0.0,0.3492063492063492,-2.7490109428418202e-08,-2.381150218401707e-05,-0.004974047736757616,True
1409,0.015873015873015872,0.3492063492063492,-0.003775054338606574,0.0707213836760558,-0.005399777121448927,True
1410,0.031746031746031744,0.3492063492063492,-0.013176412830044731,0.11885423428870233,-0.005806718756932632,True
1411,0.047619047619047616,0.3492063492063492,-0.02596216232421227,0.1525912129109708,-0.006327331630263249,True
1412,0.06349206349206349,0.3492063492063492,-0.04060076072206895,0.17913689575889458,-0.007119037906626711,True
1413,0.07936507936507936,0.3492063492063492,-0.056264274879810304,0.20286471533286188,-0.008265188435734537,True
1414,0.09523809523809523,0.3492063492063492,-0.07236116063623926,0.22541261239303712,-0.009860057403042927,True
1415,0.1111111111111111,0.3492063492063492,-0.08860916687770257,0.2466966353592174,-0.011938070599160511,True
1416,0.12698412698412698,0.3492063492063492,-0.10457952981601261,0.26588005906195605,-0.01455711357189956,True
1417,0.14285714285714285,0.3492063492063492,-0.11996121742882257,0.28206146907617824,-0.017719607211897494,True
1418,0.15873015873015872,0.3492063492063492,-0.13437564835505794,0.2944550140434517,-0.02140935584735856,True
1419,0.1746031746031746,0.3492063492063492,-0.1475794908747568,0.3026404582751215,-0.025564743715091227,True
1420,0.19047619047619047,0.3492063492063492,-0.15925626041385849,0.3062595620205281,-0.030113121052656754,True
1421,0.20634920634920634,0.3492063492063492,-0.16936779439859642,0.3055869537481733,-0.03494956512653466,True
1422,0.2222222222222222,0.3492063492063492,-0.17781888644268737,0.300834780691834,-0.039972960545027116,True
1423,0.23809523809523808,0.3492063492063492,-0.18469156844832985,0.2924802556067189,-0.04505639666163457,True
1424,0.25396825396825395,0.3492063492063492,-0.19012017222682256,0.2811246544424618,-0.0501016261740582,True
1425,0.2698412698412698,0.3492063492063492,-0.19410482919389926,0.26710098809578214,-0.05500126594068441,True
1426,0.2857142857142857,0.3492063492063492,-0.19701765972085203,0.25128811568335885,-0.059693304182398425,True
1427,0.30158730158730157,0.3492063492063492,-0.198999261257551,0.23411172016701587,-0.0641080466143998,True
1428,0.31746031746031744,0.3492063492063492,-0.2003514843389248,0.21617344418373247,-0.06821341337523794,True
1429,0.3333333333333333,0.3492063492063492,-0.20131688753976879,0.19791560547582623,-0.07199192084006269,True
1430,0.3492063492063492,0.3492063492063492,-0.20207526167180473,0.17960197074764325,-0.07543175268801611,True
1431,0.36507936507936506,0.3492063492063492,-0.20275132880345803,0.16139822479805235,-0.07854808563455283,True
1432,0.38095238095238093,0.3492063492063492,-0.20343836143210714,0.14338675367465561,-0.08133546283040671,True
1433,0.3968253968253968,0.3492063492063492,-0.20418408022698542,0.1255944625298559,-0.08380323570853584,True
1434,0.4126984126984127,0.3492063492063492,-0.20500595246865408,0.1079978766696416,-0.08596365500836109,True
1435,0.42857142857142855,0.3492063492063492,-0.20588896389283937,0.09055200134692581,-0.08783579052088486,True
1436,0.4444444444444444,0.3492063492063492,-0.20685155904936384,0.0732258285931047,-0.08941822033348955,True
1437,0.4603174603174603,0.3492063492063492,-0.20786763105324943,0.05597670099983068,-0.09069928674770251,True
1438,0.47619047619047616,0.3492063492063492,-0.20892297375629956,0.03876211012199628,-0.09171241772235583,True
1439,0.49206349206349204,0.3492063492063492,-0.20999757446394626,0.02155398881184041,-0.09244601741862112,True
1440,0.5079365079365079,0.3492063492063492,-0.21109058714781737,0.004331393666001922,-0.09289851991569907,True
1441,0.5238095238095237,0.3492063492063492,-0.21216373152029716,-0.01292822456428882,-0.09309331678736756,True
1442,0.5396825396825397,0.3492063492063492,-0.2132469633988576,-0.030230173199589715,-0.09301069700744201,True
1443,0.5555555555555556,0.3492063492063492,-0.2143166538351199,-0.047583606257244185,-0.09266064194587444,True
1444,0.5714285714285714,0.3492063492063492,-0.21538501790062106,-0.06499401219122412,-0.09205094701206507,True
1445,0.5873015873015872,0.3492063492063492,-0.21644498558848144,-0.08246583612258736,-0.09118730508644217,True
1446,0.6031746031746031,0.3492063492063492,-0.21753808936006405,-0.10001353331213361,-0.09005739903570004,True
1447,0.6190476190476191,0.3492063492063492,-0.2186836635467235,-0.1176547724250739,-0.08867155600971373,True
1448,0.6349206349206349,0.3492063492063492,-0.21989461263467266,-0.1354050229342452,-0.08704393354619411,True
1449,0.6507936507936507,0.3492063492063492,-0.22129699556214738,-0.15335471219803676,-0.08514766840500619,True
1450,0.6666666666666666,0.3492063492063492,-0.22294698253050071,-0.17158062922886477,-0.08299477104092941,True
1451,0.6825396825396826,0.3492063492063492,-0.224997736291202,-0.19025485256859875,-0.08056988203166295,True
1452,0.6984126984126984,0.3492063492063492,-0.22754194060859484,-0.2095407926449785,-0.07786647112741138,True
1453,0.7142857142857142,0.3492063492063492,-0.23078768210856926,-0.22976484907313843,-0.0748543419294147,True
1454,0.7301587301587301,0.3492063492063492,-0.23482103423631878,-0.25121837168725275,-0.07150817207275204,True
1455,0.746031746031746,0.3492063492063492,-0.23966920102604986,-0.27419722892143267,-0.0677676378765397,True
1456,0.7619047619047619,0.3492063492063492,-0.2450615335912071,-0.2987115368312258,-0.06361111391642242,True
1457,0.7777777777777777,0.3492063492063492,-0.25043803721904523,-0.32445774884054734,-0.058963611704646604,True
1458,0.7936507936507936,0.3492063492063492,-0.2545132602584394,-0.3500890941833036,-0.05379997834100347,True
1459,0.8095238095238095,0.3492063492063492,-0.25580369912730055,-0.37357460464399755,-0.04818258397446842,True
1460,0.8253968253968254,0.3492063492063492,-0.2517845762727942,-0.39088050596385776,-0.04221446824748758,True
1461,0.8412698412698412,0.3492063492063492,-0.24120392523024642,-0.39882926325777573,-0.0361753084048638,True
1462,0.8571428571428571,0.3492063492063492,-0.2219011202084386,-0.39188201485158064,-0.030440665307691742,True
1463,0.873015873015873,0.3492063492063492,-0.19388027649451114,-0.3669813629082322,-0.025464267658657842,True
1464,0.8888888888888888,0.3492063492063492,-0.1587455783730401,-0.3235173014166789,-0.02167265807013384,True
1465,0.9047619047619047,0.3492063492063492,-0.12027229864199451,-0.265322797316678,-0.01922455620680951,True
1466,0.9206349206349206,0.3492063492063492,-0.08292352658718748,-0.1992281175710342,-0.017999607360389885,True
1467,0.9365079365079365,0.3492063492063492,-0.05077137202544781,-0.13365922413668102,-0.017702769931332095,True
1468,0.9523809523809523,0.3492063492063492,-0.026352750653944844,-0.07618917565540843,-0.01793317468029915,True
1469,0.9682539682539681,0.3492063492063492,-0.01047252019078301,-0.03269320152847063,-0.018376540546768204,True
1470,0.9841269841269841,0.3492063492063492,-0.0022840095531627084,-0.006583471487975691,-0.018817428041027706,True
1471,1.0,0.3492063492063492,2.859665255831272e-07,-2.4672196879954473e-06,-0.019117595047298153,True
1472,0.0,0.36507936507936506,-1.4809887297495133e-07,1.1022876485979327e-06,-0.006906094508101066,True
1473,0.015873015873015872,0.36507936507936506,-0.0035022198629354124,0.07746931920807856,-0.007310093313906404,True
1474,0.031746031746031744,0.36507936507936506,-0.012345069821871802,0.1299486026500332,-0.007720799774046131,True
1475,0.047619047619047616,0.36507936507936506,-0.02450256972125081,0.16621481832036863,-0.00828134096938281,True
1476,0.06349206349206349,0.36507936507936506,-0.038523232665569715,0.19404385303880967,-0.009140446737194644,True
1477,0.07936507936507936,0.36507936507936506,-0.05339910957695895,0.21845513471346864,-0.010406707944901119,True
1478,0.09523809523809523,0.36507936507936506,-0.06869673980457561,0.24122530519040178,-0.012136279551323277,True
1479,0.1111111111111111,0.36507936507936506,-0.08391908768953654,0.26235061643972607,-0.014400268197354233,True
1480,0.12698412698412698,0.36507936507936506,-0.09882783553372332,0.2810638615756891,-0.017211733385018156,True
1481,0.14285714285714285,0.36507936507936506,-0.11299152851732261,0.296410422333567,-0.020588434343098063,True
1482,0.15873015873015872,0.36507936507936506,-0.12612292886238308,0.3076650368979163,-0.024492455028006576,True
1483,0.1746031746031746,0.36507936507936506,-0.13794317971073364,0.3143960320374943,-0.028860504188077916,True
1484,0.19047619047619047,0.36507936507936506,-0.14827296937573434,0.31645312201320747,-0.03359910884307274,True
1485,0.20634920634920634,0.36507936507936506,-0.15710087257965272,0.314151575558932,-0.038593341300433084,True
1486,0.2222222222222222,0.36507936507936506,-0.16447284549873764,0.3079466302558482,-0.04372609298314916,True
1487,0.23809523809523808,0.36507936507936506,-0.1703259957532129,0.2981595969853162,-0.048895308621583804,True
1488,0.25396825396825395,0.36507936507936506,-0.17478111194259816,0.28532526056555424,-0.053973558557576504,True
1489,0.2698412698412698,0.36507936507936506,-0.1780951068164249,0.27024711240484567,-0.058887907097913854,True
1490,0.2857142857142857,0.36507936507936506,-0.1804133998420905,0.2534375252877575,-0.06355247120242136,True
1491,0.30158730158730157,0.36507936507936506,-0.1820339609103538,0.2355913194724428,-0.06792618261620571,True
1492,0.31746031746031744,0.36507936507936506,-0.18320892759504512,0.21725053760681498,-0.0719816354292434,True
1493,0.3333333333333333,0.36507936507936506,-0.18413285428782467,0.1987524287283081,-0.07570116198402317,True
1494,0.3492063492063492,0.36507936507936506,-0.18495301606209794,0.18034437929839525,-0.07908772710926575,True
1495,0.36507936507936506,0.36507936507936506,-0.18575753997284966,0.16214432650401311,-0.08215366170218347,True
1496,0.38095238095238093,0.36507936507936506,-0.1866136565881568,0.14418964472953125,-0.08489798327440895,True
1497,0.3968253968253968,0.36507936507936506,-0.1875474492850818,0.12646817458911416,-0.08734502708129069,True
1498,0.4126984126984127,0.36507936507936506,-0.18855383734353087,0.1089444105351284,-0.08949071537290992,True
1499,0.42857142857142855,0.36507936507936506,-0.1896357618814221,0.09157563521066604,-0.09133703169380421,True
1500,0.4444444444444444,0.36507936507936506,-0.1907782024543022,0.0743066401357123,-0.09290476018813634,True
1501,0.4603174603174603,0.36507936507936506,-0.1919569094476376,0.057092214732348545,-0.09419849694078782,True
1502,0.47619047619047616,0.36507936507936506,-0.1931683886630562,0.03990298655607243,-0.0951975891504261,True
1503,0.49206349206349204,0.36507936507936506,-0.19437107247694874,0.022703391467706398,-0.09593291278133834,True
1504,0.5079365079365079,0.36507936507936506,-0.19557790339677245,0.0054750635486224795,-0.09641166784918294,True
1505,0.5238095238095237,0.36507936507936506,-0.19677196492477242,-0.011793943616196486,-0.09660617370913016,True
1506,0.5396825396825397,0.36507936507936506,-0.19794731452501169,-0.029112096308714898,-0.09653662291314048,True
1507,0.5555555555555556,0.36507936507936506,-0.199098334083377,-0.046482495936347644,-0.09620357862669074,True
1508,0.5714285714285714,0.36507936507936506,-0.200227663833374,-0.06390687649649114,-0.09560453781416589,True
1509,0.5873015873015872,0.36507936507936506,-0.20132839070288677,-0.08138472696810636,-0.09475380336469834,True
1510,0.6031746031746031,0.36507936507936506,-0.2024207118958876,-0.09892002544781377,-0.09364404962455905,True
1511,0.6190476190476191,0.36507936507936506,-0.2035149017973895,-0.11651737442123274,-0.09227552844676576,True
1512,0.6349206349206349,0.36507936507936506,-0.20463073113057886,-0.13419281951469467,-0.09066843669160982,True
1513,0.6507936507936507,0.36507936507936506,-0.2058286259640397,-0.15198444791159102,-0.08880264266910824,True
1514,0.6666666666666666,0.36507936507936506,-0.20717441794219932,-0.169957822630932,-0.08668669588991877,True
1515,0.6825396825396826,0.36507936507936506,-0.2087677233590614,-0.1882252942376746,-0.0843175964062887,True
1516,0.6984126984126984,0.36507936507936506,-0.210786269902958,-0.20699684316330033,-0.08167210596544171,True
1517,0.7142857142857142,0.36507936507936506,-0.2133475587146648,-0.22650510585105477,-0.07876150581823055,True
1518,0.7301587301587301,0.36507936507936506,-0.21664292489123446,-0.24709166290001403,-0.07554166818411812,True
1519,0.746031746031746,0.36507936507936506,-0.2208359189773344,-0.26918524996571896,-0.07197668187749945,True
1520,0.7619047619047619,0.36507936507936506,-0.2259434426115283,-0.29315532983175463,-0.06800112511366796,True
1521,0.7777777777777777,0.36507936507936506,-0.2316296854847195,-0.31897826582387173,-0.06358304104287668,True
1522,0.7936507936507936,0.36507936507936506,-0.23714723473977858,-0.3461037648548242,-0.05864701344169358,True
1523,0.8095238095238095,0.36507936507936506,-0.24084647211338672,-0.3725525794193082,-0.053162905692490735,True
1524,0.8253968253968254,0.36507936507936506,-0.24093937607161595,-0.39546842536202337,-0.04723952874355656,True
1525,0.8412698412698412,0.36507936507936506,-0.2350806973911793,-0.4104152767773194,-0.04102881005365982,True
1526,0.8571428571428571,0.36507936507936506,-0.221653249865469,-0.4129540895300221,-0.03488972749959156,True
1527,0.873015873015873,0.36507936507936506,-0.1988736718218032,-0.39705572277720175,-0.029264984814605596,True
1528,0.8888888888888888,0.36507936507936506,-0.16728667334773759,-0.35993532921192384,-0.024716525326660983,True
1529,0.9047619047619047,0.36507936507936506,-0.13017835412871076,-0.3039653904932703,-0.021570473148102634,True
1530,0.9206349206349206,0.36507936507936506,-0.09214256838437584,-0.23556919546436192,-0.01980772130575354,True
1531,0.9365079365079365,0.36507936507936506,-0.05774090822401002,-0.16348825060918587,-0.01919278412294052,True
1532,0.9523809523809523,0.36507936507936506,-0.030703076667845608,-0.09774328632179598,-0.019314815893045126,True
1533,0.9682539682539681,0.36507936507936506,-0.012475523633527115,-0.045502893279738416,-0.019761400860220962,True
1534,0.9841269841269841,0.36507936507936506,-0.002781664842579403,-0.011914984279837003,-0.02025394631104037,True
1535,1.0,0.36507936507936506,4.171259083692155e-07,3.7380368760673006e-06,-0.020613930799950504,True
1536,0.0,0.38095238095238093,3.0433984586463906e-07,2.9792748372627315e-05,-0.00901137878914698,True
1537,0.015873015873015872,0.38095238095238093,-0.0031571761405997335,0.08366093729058331,-0.009382556269234874,True
1538,0.031746031746031744,0.38095238095238093,-0.011261403912223676,0.14037850032601987,-0.009792494772307448,True
1539,0.047619047619047616,0.38095238095238093,-0.022611551054303847,0.17910699591741117,-0.010388189040994934,True
1540,0.06349206349206349,0.38095238095238093,-0.035776215372853803,0.20824425415747452,-0.011320106266430287,True
1541,0.07936507936507936,0.38095238095238093,-0.049822162391580584,0.23317640569887546,-0.012679362984442546,True
1542,0.09523809523809523,0.38095238095238093,-0.06411538166072969,0.25604793439877066,-0.014543368599697157,True
1543,0.1111111111111111,0.38095238095238093,-0.07830207454557957,0.2769244219634749,-0.016955763965527004,True
1544,0.12698412698412698,0.38095238095238093,-0.09196256736074279,0.2950039549098442,-0.019950799167358778,True
1545,0.14285714285714285,0.38095238095238093,-0.10485973147059982,0.3094281157264909,-0.02351034842893735,True
1546,0.15873015873015872,0.38095238095238093,-0.11671806453488798,0.3195450548547634,-0.027590828617721167,True
1547,0.1746031746031746,0.38095238095238093,-0.1272595618083106,0.32485052422007404,-0.03212040426623046,True
1548,0.19047619047619047,0.38095238095238093,-0.13640052610009906,0.32550875092161696,-0.03699657094006212,True
1549,0.20634920634920634,0.38095238095238093,-0.1441283576395725,0.3217927999887797,-0.042104305389104583,True
1550,0.2222222222222222,0.38095238095238093,-0.15041794386178664,0.3140518152467863,-0.04732172049114968,True
1551,0.23809523809523808,0.38095238095238093,-0.1553673041770692,0.3028643441892898,-0.05252734929550852,True
1552,0.25396825396825395,0.38095238095238093,-0.15911210718560356,0.28886851178569056,-0.057620674308683784,True
1553,0.2698412698412698,0.38095238095238093,-0.16183332704191647,0.27272818327884185,-0.06250653588399549,True
1554,0.2857142857142857,0.38095238095238093,-0.1637810531577584,0.2551821522437029,-0.06712943934867084,True
1555,0.30158730158730157,0.38095238095238093,-0.16521645240506627,0.23688118161230468,-0.07145641106735556,True
1556,0.31746031746031744,0.38095238095238093,-0.16633238652769047,0.21824853546410933,-0.07544863656929607,True
1557,0.3333333333333333,0.38095238095238093,-0.16730065465964855,0.19963938772724077,-0.07910909575964972,True
1558,0.3492063492063492,0.38095238095238093,-0.16822172377756697,0.1812067933189825,-0.08245878329876902,True
1559,0.36507936507936506,0.38095238095238093,-0.16918259660448806,0.1630483508916756,-0.08547946225048104,True
1560,0.38095238095238093,0.38095238095238093,-0.1702079159883761,0.14516501921079947,-0.08819064790499441,True
1561,0.3968253968253968,0.38095238095238093,-0.1713145122107273,0.1275279074701425,-0.09059982862935265,True
1562,0.4126984126984127,0.38095238095238093,-0.17249112378048298,0.11007726219852072,-0.09273160069348625,True
1563,0.42857142857142855,0.38095238095238093,-0.17373211670178512,0.09276572480654578,-0.09457650399281457,True
1564,0.4444444444444444,0.38095238095238093,-0.17502114430437082,0.07554121038083683,-0.09612808691700125,True
1565,0.4603174603174603,0.38095238095238093,-0.17631942677214046,0.058350814352726,-0.0974153903846835,True
1566,0.47619047619047616,0.38095238095238093,-0.17764386399904183,0.04116687760400809,-0.0984415125751552,True
1567,0.49206349206349204,0.38095238095238093,-0.1789622466468574,0.02396600042799132,-0.09918396286603513,True
1568,0.5079365079365079,0.38095238095238093,-0.18026937600598733,0.0067289203065087995,-0.09964644678597613,True
1569,0.5238095238095237,0.38095238095238093,-0.18156206121597082,-0.010559428187947634,-0.09985973118489597,True
1570,0.5396825396825397,0.38095238095238093,-0.1828336802863599,-0.027902198406229144,-0.09980561197658835,True
1571,0.5555555555555556,0.38095238095238093,-0.18407350350780954,-0.04529877132110527,-0.09947823151635532,True
1572,0.5714285714285714,0.38095238095238093,-0.1852884447410418,-0.06275314704798943,-0.09890085802466714,True
1573,0.5873015873015872,0.38095238095238093,-0.18646665835877285,-0.08025825512495018,-0.0980563541990646,True
1574,0.6031746031746031,0.38095238095238093,-0.18761580217944324,-0.09781525897589992,-0.09696064164453301,True
1575,0.6190476190476191,0.38095238095238093,-0.18873083905634583,-0.11541742435427524,-0.09561742944798517,True
1576,0.6349206349206349,0.38095238095238093,-0.1898392064286725,-0.13307344036068927,-0.0940086109225385,True
1577,0.6507936507936507,0.38095238095238093,-0.1909503627717358,-0.15079268022587042,-0.09217546929202691,True
1578,0.6666666666666666,0.38095238095238093,-0.192136380794251,-0.16862648820064066,-0.09007863899715869,True
1579,0.6825396825396826,0.38095238095238093,-0.19345076819037446,-0.1866426763819611,-0.0877507906165019,True
1580,0.6984126984126984,0.38095238095238093,-0.19504474769585267,-0.20500340019214028,-0.08515777662222222,True
1581,0.7142857142857142,0.38095238095238093,-0.19706323472766757,-0.2239381444271347,-0.08231355806188186,True
1582,0.7301587301587301,0.38095238095238093,-0.19968657404361867,-0.24375414695300726,-0.07918606918342486,True
1583,0.746031746031746,0.38095238095238093,-0.20315132939907304,-0.26493857261574694,-0.07575577002375314,True
1584,0.7619047619047619,0.38095238095238093,-0.20756646105521237,-0.2879182037814119,-0.07197116117357043,True
1585,0.7777777777777777,0.38095238095238093,-0.21295412534901828,-0.3131617023080971,-0.06775209485987015,True
1586,0.7936507936507936,0.38095238095238093,-0.21883927719059632,-0.34051110399968826,-0.06305622037891905,True
1587,0.8095238095238095,0.38095238095238093,-0.22429187938356163,-0.3690818571825755,-0.057833541989902384,True
1588,0.8253968253968254,0.38095238095238093,-0.22742558288520962,-0.39626719324453885,-0.05205166332229693,True
1589,0.8412698412698412,0.38095238095238093,-0.22558531275014954,-0.41735743981267076,-0.04584404456980789,True
1590,0.8571428571428571,0.38095238095238093,-0.21717539333072966,-0.42820903165783114,-0.039481987392484846,True
1591,0.873015873015873,0.38095238095238093,-0.1997393101595401,-0.4218461111329205,-0.03339990838819513,True
1592,0.8888888888888888,0.38095238095238093,-0.17270554043005548,-0.3931419005281133,-0.028166827334436328,True
1593,0.9047619047619047,0.38095238095238093,-0.13816599331605034,-0.34183571626247616,-0.02428100647102556,True
1594,0.9206349206349206,0.38095238095238093,-0.10039402087933384,-0.27296685289038775,-0.02192506737507452,True
1595,0.9365079365079365,0.38095238095238093,-0.06457078117100372,-0.19598824871363846,-0.020935784807888144,True
1596,0.9523809523809523,0.38095238095238093,-0.03511565537611886,-0.12181848930485499,-0.020881586726572487,True
1597,0.9682539682539681,0.38095238095238093,-0.01458077641836918,-0.06028613611911182,-0.021305476855247977,True
1598,0.9841269841269841,0.38095238095238093,-0.003311358927833596,-0.018226363287304224,-0.021846897131752405,True
1599,1.0,0.38095238095238093,-6.005623943102406e-07,-1.0424698779432752e-05,-0.022273541473171538,True
1600,0.0,0.3968253968253968,1.3729368147386617e-07,2.933491789606906e-05,-0.011245830671326453,True
1601,0.015873015873015872,0.3968253968253968,-0.0027349912677259018,0.08927956034548697,-0.011571271256018504,True
1602,0.031746031746031744,0.3968253968253968,-0.009987514752254819,0.1499233544116502,-0.011975872192596146,True
1603,0.047619047619047616,0.3968253968253968,-0.02034658633326154,0.19108294615695856,-0.0126047399804576,True
1604,0.06349206349206349,0.3968253968253968,-0.03251685849524298,0.2214508626582212,-0.013600663234601533,True
1605,0.07936507936507936,0.3968253968253968,-0.04551655589712961,0.24691353081603312,-0.01505133858923011,True
1606,0.09523809523809523,0.3968253968253968,-0.05873942017726474,0.2697977119379197,-0.017027202000869303,True
1607,0.1111111111111111,0.3968253968253968,-0.07173749767336571,0.29033173126019307,-0.019575211944121432,True
1608,0.12698412698412698,0.3968253968253968,-0.08421938317711224,0.30780200170138744,-0.022709064167067375,True
1609,0.14285714285714285,0.3968253968253968,-0.09583338432327877,0.3212471387018884,-0.026420898212481756,True
1610,0.15873015873015872,0.3968253968253968,-0.10636142864027912,0.3300483842992517,-0.030648834001099613,True
1611,0.1746031746031746,0.3968253968253968,-0.11572617589229896,0.3341396223393799,-0.035301755733118716,True
1612,0.19047619047619047,0.3968253968253968,-0.12376314332756126,0.333392135601421,-0.040275591576920476,True
1613,0.20634920634920634,0.3968253968253968,-0.13044449993176288,0.3282665805077087,-0.045458111630325836,True
1614,0.2222222222222222,0.3968253968253968,-0.13583352564173062,0.31916577792364004,-0.05071330954707918,True
1615,0.23809523809523808,0.3968253968253968,-0.14007257096119152,0.30681221019598587,-0.055928140882744413,True
1616,0.25396825396825395,0.3968253968253968,-0.14325180076276503,0.2917982416478497,-0.06100713076034994,True
1617,0.2698412698412698,0.3968253968253968,-0.14558496015060884,0.27486881177386396,-0.06585339072525438,True
1618,0.2857142857142857,0.3968253968253968,-0.14730731834268596,0.2567676047148721,-0.07042453814646166,True
1619,0.30158730158730157,0.3968253968253968,-0.14864190330801147,0.23809082396516257,-0.07468470314889412,True
1620,0.31746031746031744,0.3968253968253968,-0.1497678371451027,0.21928902762141736,-0.07862365437962723,True
1621,0.3333333333333333,0.3968253968253968,-0.15080855777133775,0.20061424948221643,-0.08224482848430915,True
1622,0.3492063492063492,0.3968253968253968,-0.15186335968065892,0.18221329068121647,-0.08552746690947388,True
1623,0.36507936507936506,0.3968253968253968,-0.15296284042005184,0.16410996985883491,-0.08852056325455594,True
1624,0.38095238095238093,0.3968253968253968,-0.15414052151326751,0.14630699548048426,-0.0912008807995312,True
1625,0.3968253968253968,0.3968253968253968,-0.1553885410474909,0.12874149450179667,-0.09359741648332263,True
1626,0.4126984126984127,0.3968253968253968,-0.15669096545137373,0.11135275303336621,-0.09570860645391627,True
1627,0.42857142857142855,0.3968253968253968,-0.15805234015580133,0.09408930866359183,-0.09753818785516268,True
1628,0.4444444444444444,0.3968253968253968,-0.15943173095161367,0.07688584773174148,-0.09910806105530337,True
1629,0.4603174603174603,0.3968253968253968,-0.16083310392152342,0.05971268979960616,-0.10039194570677785,True
1630,0.47619047619047616,0.3968253968253968,-0.16224049408323005,0.042532504294492644,-0.1014081928497706,True
1631,0.49206349206349204,0.3968253968253968,-0.1636444764620197,0.025323528422723677,-0.10215859013612193,True
1632,0.5079365079365079,0.3968253968253968,-0.16503610621194093,0.008071398875523238,-0.10264256323712907,True
1633,0.5238095238095237,0.3968253968253968,-0.16640898312751495,-0.0092340922845447,-0.10285817908316773,True
1634,0.5396825396825397,0.3968253968253968,-0.16777099684107885,-0.02660059180066867,-0.10280506806390938,True
1635,0.5555555555555556,0.3968253968253968,-0.16910473327868614,-0.04402519479577097,-0.10250549588104998,True
1636,0.5714285714285714,0.3968253968253968,-0.1704121911354166,-0.06150920316762876,-0.10193251704235541,True
1637,0.5873015873015872,0.3968253968253968,-0.1716881678163211,-0.0790496500631838,-0.10110394871256875,True
1638,0.6031746031746031,0.3968253968253968,-0.17292441639811526,-0.09663926314224583,-0.10001438673859218,True
1639,0.6190476190476191,0.3968253968253968,-0.17413120214380523,-0.11427734119298884,-0.09868030683416924,True
1640,0.6349206349206349,0.3968253968253968,-0.17529263895246877,-0.13195247249216785,-0.09709595037108049,True
1641,0.6507936507936507,0.3968253968253968,-0.1764280447697283,-0.14966962391291097,-0.09526546190456259,True
1642,0.6666666666666666,0.3968253968253968,-0.17755578197585095,-0.16744069907836096,-0.09320370294053948,True
1643,0.6825396825396826,0.3968253968253968,-0.17875308344077756,-0.18532773010242962,-0.09088644338217704,True
1644,0.6984126984126984,0.3968253968253968,-0.18007059899580644,-0.20340816217665866,-0.08834488309634268,True
1645,0.7142857142857142,0.3968253968253968,-0.18168403872116784,-0.2218894370671923,-0.08554378647973776,True
1646,0.7301587301587301,0.3968253968253968,-0.18374192390986147,-0.24104607844805148,-0.08250549791757726,True
1647,0.746031746031746,0.3968253968253968,-0.18653410653992805,-0.26136651151202545,-0.079176910091018,True
1648,0.7619047619047619,0.3968253968253968,-0.19022585014941057,-0.28333385023078994,-0.07554233192189916,True
1649,0.7777777777777777,0.3968253968253968,-0.19499010851588072,-0.30758025043318965,-0.0715348358673341,True
1650,0.7936507936507936,0.3968253968253968,-0.20070005585489403,-0.3344612936220339,-0.06708792602890218,True
1651,0.8095238095238095,0.3968253968253968,-0.20676190325468843,-0.36369507371242843,-0.06209844612983929,True
1652,0.8253968253968254,0.3968253968253968,-0.21176769687079414,-0.3935185596505085,-0.05655691316966797,True
1653,0.8412698412698412,0.3968253968253968,-0.21359016631992594,-0.42041332822685507,-0.05049390912628156,True
1654,0.8571428571428571,0.3968253968253968,-0.20920643923277185,-0.43815086158148925,-0.04407528263007776,True
1655,0.873015873015873,0.3968253968253968,-0.19711576716833903,-0.44164434782156925,-0.03769717735831261,True
1656,0.8888888888888888,0.3968253968253968,-0.17500444859839767,-0.4224805470269856,-0.031903487794345174,True
1657,0.9047619047619047,0.3968253968253968,-0.14394471116822607,-0.377969226915936,-0.027324984541095512,True
1658,0.9206349206349206,0.3968253968253968,-0.10740661976137128,-0.3107390708069614,-0.024340465785564973,True
1659,0.9365079365079365,0.3968253968253968,-0.07080320695616732,-0.22994185346465934,-0.022902604101875047,True
1660,0.9523809523809523,0.3968253968253968,-0.03938744587702218,-0.14797358427004798,-0.02263705794367717,True
1661,0.9682539682539681,0.3968253968253968,-0.016690531806906137,-0.07676821831909217,-0.023016317645692744,True
1662,0.9841269841269841,0.3968253968253968,-0.0038935735425846838,-0.0257424613844305,-0.02359946541890944,True
1663,1.0,0.3968253968253968,-2.386332793788132e-07,-3.38533880274004e-05,-0.02409585579960671,True
1664,0.0,0.4126984126984127,-3.527796994189834e-07,-3.877017773026086e-05,-0.013558034115290538,True
1665,0.015873015873015872,0.4126984126984127,-0.002262250875536597,0.09413237975695136,-0.013837584437399715,True
1666,0.031746031746031744,0.4126984126984127,-0.008534105352441878,0.1584261024240538,-0.014231695822285714,True
1667,0.047619047619047616,0.4126984126984127,-0.01774642170418245,0.20198081862847045,-0.014886310662520734,True
1668,0.06349206349206349,0.4126984126984127,-0.028798515070826505,0.23366381287868287,-0.015931615599445215,True
1669,0.07936507936507936,0.4126984126984127,-0.040665013083977165,0.259547037004935,-0.017461458441355767,True
1670,0.09523809523809523,0.4126984126984127,-0.052695824588264724,0.2823921385135204,-0.019534799157273734,True
1671,0.1111111111111111,0.4126984126984127,-0.06448534543618896,0.3025153267325061,-0.02219304633412918,True
1672,0.12698412698412698,0.4126984126984127,-0.07569238164994335,0.3192623194319411,-0.025447593199496188,True
1673,0.14285714285714285,0.4126984126984127,-0.08606654400734044,0.3317806491467875,-0.02927222638142255,True
1674,0.15873015873015872,0.4126984126984127,-0.09541579659158768,0.3395031870046902,-0.033602574952910094,True
1675,0.1746031746031746,0.4126984126984127,-0.10357963786419024,0.3422574317626462,-0.03834821642669895,True
1676,0.19047619047619047,0.4126984126984127,-0.11053556592708744,0.3401861042016966,-0.0433907679156327,True
1677,0.20634920634920634,0.4126984126984127,-0.11638395705247812,0.33390390249953716,-0.04861002765498788,True
1678,0.2222222222222222,0.4126984126984127,-0.12104589513679628,0.32367243461254874,-0.05387592308854632,True
1679,0.23809523809523808,0.4126984126984127,-0.12467126248340761,0.31026223535276476,-0.0590828567853898,True
1680,0.25396825396825395,0.4126984126984127,-0.1273949830738563,0.2943372977444975,-0.06411751190946235,True
1681,0.2698412698412698,0.4126984126984127,-0.12943884606314976,0.27674216891699804,-0.06891667456084734,True
1682,0.2857142857142857,0.4126984126984127,-0.13102182029689738,0.25821233137079985,-0.07342734570606672,True
1683,0.30158730158730157,0.4126984126984127,-0.13232802980407687,0.23930403094537128,-0.07762948491367087,True
1684,0.31746031746031744,0.4126984126984127,-0.13349646534661194,0.22039072181976896,-0.08151793955456502,True
1685,0.3333333333333333,0.4126984126984127,-0.1346373784014743,0.201704960641316,-0.08507719843442878,True
1686,0.3492063492063492,0.4126984126984127,-0.1357999841107024,0.1833381211316031,-0.08833344509085268,True
1687,0.36507936507936506,0.4126984126984127,-0.13702578619687064,0.16531087284759585,-0.09128119349065933,True
1688,0.38095238095238093,0.4126984126984127,-0.1383084987052696,0.14757085026717714,-0.09394410815002677,True
1689,0.3968253968253968,0.4126984126984127,-0.1396567052017538,0.13006656656816232,-0.09632475376354047,True
1690,0.4126984126984127,0.4126984126984127,-0.14105594008172406,0.11273056998720557,-0.09842493717436937,True
1691,0.42857142857142855,0.4126984126984127,-0.14248909890110273,0.09549738889493709,-0.10025580733914835,True
1692,0.4444444444444444,0.4126984126984127,-0.14394006833945924,0.078315401088466,-0.10181894145663961,True
1693,0.4603174603174603,0.4126984126984127,-0.14540430712435487,0.06114911761631564,-0.10310401878580348,True
1694,0.47619047619047616,0.4126984126984127,-0.14686941432409495,0.043967654335944885,-0.10412288198370356,True
1695,0.49206349206349204,0.4126984126984127,-0.14833057933716554,0.026752615605130658,-0.10488605533053937,True
1696,0.5079365079365079,0.4126984126984127,-0.14978438448217685,0.00949042279119374,-0.10538021506831725,True
1697,0.5238095238095237,0.4126984126984127,-0.15123235427648832,-0.007829396896540722,-0.10560126407831394,True
1698,0.5396825396825397,0.4126984126984127,-0.15266397088542438,-0.025209836497823247,-0.10555666347759864,True
1699,0.5555555555555556,0.4126984126984127,-0.15409339484488502,-0.042655311748222596,-0.10526666882983426,True
1700,0.5714285714285714,0.4126984126984127,-0.1555022114731164,-0.06016412485817279,-0.10470154883635949,True
1701,0.5873015873015872,0.4126984126984127,-0.15688863594041216,-0.07773495961934708,-0.10387774238814738,True
1702,0.6031746031746031,0.4126984126984127,-0.15824264236240174,-0.09536328017072193,-0.10281394479479819,True
1703,0.6190476190476191,0.4126984126984127,-0.15955441304012355,-0.11303855556360977,-0.10148430639414534,True
1704,0.6349206349206349,0.4126984126984127,-0.160826268884028,-0.13075595036524257,-0.09991232053885234,True
1705,0.6507936507936507,0.4126984126984127,-0.1620544830600564,-0.14850703486999262,-0.09809860800389715,True
1706,0.6666666666666666,0.4126984126984127,-0.16323900140868272,-0.16628768312634062,-0.09604667876016632,True
1707,0.6825396825396826,0.4126984126984127,-0.16441748975574116,-0.18412030063885543,-0.0937500755621507,True
1708,0.6984126984126984,0.4126984126984127,-0.1656421036122922,-0.20206671339304624,-0.0912357290401412,True
1709,0.7142857142857142,0.4126984126984127,-0.16701906446014758,-0.2202569687541565,-0.08847916269958502,True
1710,0.7301587301587301,0.4126984126984127,-0.16870337546714992,-0.238932750156858,-0.08549526224172685,True
1711,0.746031746031746,0.4126984126984127,-0.17090099406283832,-0.2584595823109662,-0.08226381955823171,True
1712,0.7619047619047619,0.4126984126984127,-0.17397121110652675,-0.2795293022997434,-0.0787358477362851,True
1713,0.7777777777777777,0.4126984126984127,-0.1779954527820095,-0.30262066450200975,-0.07490388552317923,True
1714,0.7936507936507936,0.4126984126984127,-0.18317825859131812,-0.3285468933537351,-0.07067829106057036,True
1715,0.8095238095238095,0.4126984126984127,-0.18923781843905937,-0.3575448539147601,-0.06596231835680386,True
1716,0.8253968253968254,0.4126984126984127,-0.1952764788380805,-0.38879595487227214,-0.06071707009016133,True
1717,0.8412698412698412,0.4126984126984127,-0.19939058481162378,-0.4194209642457733,-0.05485789458202228,True
1718,0.8571428571428571,0.4126984126984127,-0.19883684753668035,-0.44396048180272907,-0.048535789503675736,True
1719,0.873015873015873,0.4126984126984127,-0.19130248169575398,-0.4561642237283454,-0.042036527342333166,True
1720,0.8888888888888888,0.4126984126984127,-0.17430087715617112,-0.44749094545818946,-0.03585071207208047,True
1721,0.9047619047619047,0.4126984126984127,-0.14714870280946607,-0.41101886359336826,-0.030686763861316062,True
1722,0.9206349206349206,0.4126984126984127,-0.11287679780545151,-0.3479232039508128,-0.027056623771276617,True
1723,0.9365079365079365,0.4126984126984127,-0.07636268160271385,-0.265276881292664,-0.025125771329021728,True
1724,0.9523809523809523,0.4126984126984127,-0.04350979988280784,-0.17640961247748627,-0.024593342750505048,True
1725,0.9682539682539681,0.4126984126984127,-0.018896455216903703,-0.09569649654693187,-0.024890340596875324,True
1726,0.9841269841269841,0.4126984126984127,-0.004481372433770168,-0.03423976063737784,-0.02550607559292738,True
1727,1.0,0.4126984126984127,5.045754781803842e-07,4.064104758149574e-05,-0.026068785519580723,True
1728,0.0,0.42857142857142855,2.233345528766606e-07,1.851153695538532e-05,-0.0159038789444702,True
1729,0.015873015873015872,0.42857142857142855,-0.0017672469997081573,0.0980134169353742,-0.016131915537415616,True
1730,0.031746031746031744,0.42857142857142855,-0.006944296409749687,0.1657125544197172,-0.01650917684193772,True
1731,0.047619047619047616,0.42857142857142855,-0.014917632275307607,0.21170745347032222,-0.017179487361058416,True
1732,0.06349206349206349,0.42857142857142855,-0.024711107775797058,0.24465187365680865,-0.018269924118176052,True
1733,0.07936507936507936,0.42857142857142855,-0.03530760684826538,0.27098899331904897,-0.019865075416084867,True
1734,0.09523809523809523,0.42857142857142855,-0.0461348306123416,0.2937139173954885,-0.02201660651639799,True
1735,0.1111111111111111,0.42857142857142855,-0.056631491480869246,0.3133841450624982,-0.024763916930258433,True
1736,0.12698412698412698,0.42857142857142855,-0.06656642008925087,0.3294149358396822,-0.028108686695897726,True
1737,0.14285714285714285,0.42857142857142855,-0.07571403993565416,0.34106316364127753,-0.03201807889631017,True
1738,0.15873015873015872,0.42857142857142855,-0.08388431947696354,0.3477128559576153,-0.036421962426627534,True
1739,0.1746031746031746,0.42857142857142855,-0.09103193922396825,0.34935720856706054,-0.04122030905381145,True
1740,0.19047619047619047,0.42857142857142855,-0.09707435147280517,0.34622166025043355,-0.04629856990187233,True
1741,0.20634920634920634,0.42857142857142855,-0.10207610960260928,0.3387605158493004,-0.05153018930291519,True
1742,0.2222222222222222,0.42857142857142855,-0.10606730009991253,0.32746281338599403,-0.0567849543393304,True
1743,0.23809523809523808,0.42857142857142855,-0.10920125428965612,0.3131397570469931,-0.06195384242477336,True
1744,0.25396825396825395,0.42857142857142855,-0.1115938939382912,0.2965122176544955,-0.06694254154819532,True
1745,0.2698412698412698,0.42857142857142855,-0.11346080936564754,0.2784436511484356,-0.0716844762702241,True
1746,0.2857142857142857,0.42857142857142855,-0.11496933442447306,0.2596056569194921,-0.07614044939836054,True
1747,0.30158730158730157,0.42857142857142855,-0.116284136910838,0.24053158652536935,-0.08027525670437854,True
1748,0.31746031746031744,0.42857142857142855,-0.1175083869417249,0.22156524594425436,-0.08411320684912338,True
1749,0.3333333333333333,0.42857142857142855,-0.1187250349990904,0.20289089358462561,-0.08763483633223026,True
1750,0.3492063492063492,0.42857142857142855,-0.11997847939880638,0.18457365766753783,-0.09085302629296682,True
1751,0.36507936507936506,0.42857142857142855,-0.12128583108358552,0.16660225084162342,-0.0937812568459283,True
1752,0.38095238095238093,0.42857142857142855,-0.1226488725838333,0.14892496405125258,-0.096425640722006,True
1753,0.3968253968253968,0.42857142857142855,-0.12406278101500239,0.13147363167732434,-0.09878156672385484,True
1754,0.4126984126984127,0.42857142857142855,-0.1255128801264327,0.11417291510175706,-0.10088083096535531,True
1755,0.42857142857142855,0.42857142857142855,-0.126985424021198,0.09696067981887205,-0.1027115503362931,True
1756,0.4444444444444444,0.42857142857142855,-0.12847430485691483,0.07979329127777496,-0.10426534052873668,True
1757,0.4603174603174603,0.42857142857142855,-0.12997140184365832,0.06263171605796554,-0.10556031242825155,True
1758,0.47619047619047616,0.42857142857142855,-0.13147041610071805,0.04545086356070302,-0.10658952614368022,True
1759,0.49206349206349204,0.42857142857142855,-0.13297275486206214,0.028233840669502075,-0.10735244779867462,True
1760,0.5079365079365079,0.42857142857142855,-0.134477340467644,0.01096917404063266,-0.10785040456050367,True
1761,0.5238095238095237,0.42857142857142855,-0.1359825120542311,-0.006354536349076772,-0.10808357930937743,True
1762,0.5396825396825397,0.42857142857142855,-0.13749112270007127,-0.02374039118961582,-0.10805741586316352,True
1763,0.5555555555555556,0.42857142857142855,-0.13899881338413192,-0.041192736768761604,-0.10776096054080538,True
1764,0.5714285714285714,0.42857142857142855,-0.14050896981117345,-0.058713379726274856,-0.10720924219257073,True
1765,0.5873015873015872,0.42857142857142855,-0.14199486208049264,-0.0763019177764101,-0.10639749656011363,True
1766,0.6031746031746031,0.42857142857142855,-0.14348450041751595,-0.09395973872058434,-0.10534257463730219,True
1767,0.6190476190476191,0.42857142857142855,-0.14493961131068847,-0.11167549915219036,-0.10402274000607689,True
1768,0.6349206349206349,0.42857142857142855,-0.14635662832274535,-0.12944078149373808,-0.10245719101479876,True
1769,0.6507936507936507,0.42857142857142855,-0.14771397051220847,-0.1472415040526887,-0.10066369106880048,True
1770,0.6666666666666666,0.42857142857142855,-0.14902519457600635,-0.16506534806389195,-0.09861352567602066,True
1771,0.6825396825396826,0.42857142857142855,-0.15028209600793224,-0.18291341791403457,-0.09634823989489767,True
1772,0.6984126984126984,0.42857142857142855,-0.15152967723093483,-0.20081117305666524,-0.09384184148593777,True
1773,0.7142857142857142,0.42857142857142855,-0.15282356880952905,-0.218842160270559,-0.09112158468848962,True
1774,0.7301587301587301,0.42857142857142855,-0.15429934716353544,-0.2371874027923384,-0.08818307833093326,True
1775,0.746031746031746,0.42857142857142855,-0.1561340603923369,-0.2561646305546434,-0.08501785951758958,True
1776,0.7619047619047619,0.42857142857142855,-0.15859011653772334,-0.2762802249901557,-0.0816010957754699,True
1777,0.7777777777777777,0.42857142857142855,-0.16197100569699804,-0.2983106495069727,-0.07791065168942925,True
1778,0.7936507936507936,0.42857142857142855,-0.16651716736915323,-0.32308575586776944,-0.07387540427825917,True
1779,0.8095238095238095,0.42857142857142855,-0.17221145252780126,-0.35127222853731505,-0.06942063217046233,True
1780,0.8253968253968254,0.42857142857142855,-0.1785429937045017,-0.38279897440374255,-0.0644520840818856,True
1781,0.8412698412698412,0.42857142857142855,-0.18416671142732866,-0.4159163604156024,-0.058894375572882664,True
1782,0.8571428571428571,0.42857142857142855,-0.186584056553812,-0.4459668541588865,-0.052761802807915016,True
1783,0.873015873015873,0.42857142857142855,-0.18267888259365395,-0.46537935929313573,-0.04629132117247145,True
1784,0.8888888888888888,0.42857142857142855,-0.1706475999128072,-0.46735044587051056,-0.039897495709308686,True
1785,0.9047619047619047,0.42857142857142855,-0.14810094175602742,-0.44096790774604694,-0.034229755573362115,True
1786,0.9206349206349206,0.42857142857142855,-0.11653279558476595,-0.3833890558325008,-0.030046642645740244,True
1787,0.9365079365079365,0.42857142857142855,-0.08095508618665441,-0.3010910080721926,-0.027598089982578136,True
1788,0.9523809523809523,0.42857142857142855,-0.04729618422442139,-0.20660861066304279,-0.026741839434352762,True
1789,0.9682539682539681,0.42857142857142855,-0.02096136508820546,-0.11603484584100268,-0.02691742546694017,True
1790,0.9841269841269841,0.42857142857142855,-0.005098853090229556,-0.044098323542268614,-0.027550281033628082,True
1791,1.0,0.42857142857142855,-8.687390367631101e-07,4.824310482708368e-05,-0.028177228919486312,True
1792,0.0,0.4444444444444444,-6.170189529224939e-08,8.78647201320668e-07,-0.01823238624757738,True
1793,0.015873015873015872,0.4444444444444444,-0.0012421323387180607,0.10103316603840432,-0.018404207908199077,True
1794,0.031746031746031744,0.4444444444444444,-0.0052590711443092015,0.1718372292169285,-0.018760356602566114,True
1795,0.047619047619047616,0.4444444444444444,-0.011897738111477742,0.22006238703808398,-0.0194411216374144,True
1796,0.06349206349206349,0.4444444444444444,-0.020292726946846567,0.25433937006468477,-0.02056574062142906,True
1797,0.07936507936507936,0.4444444444444444,-0.02963241600794468,0.28110653673708824,-0.022208011167802792,True
1798,0.09523809523809523,0.4444444444444444,-0.03910051099758538,0.3037750772170614,-0.024422681321752533,True
1799,0.1111111111111111,0.4444444444444444,-0.04834287949842058,0.32307867883026253,-0.027234530951715866,True
1800,0.12698412698412698,0.4444444444444444,-0.05702915312438304,0.3384492511595021,-0.030643936214592493,True
1801,0.14285714285714285,0.4444444444444444,-0.06496331228642822,0.3491766908017306,-0.03461123103712585,True
1802,0.15873015873015872,0.4444444444444444,-0.07200794337353049,0.3548023386137814,-0.03905836556149159,True
1803,0.1746031746031746,0.4444444444444444,-0.0781066567475511,0.3554202518362034,-0.04388602127674391,True
1804,0.19047619047619047,0.4444444444444444,-0.08333626364052923,0.35134143289551845,-0.04897334114875862,True
1805,0.20634920634920634,0.4444444444444444,-0.08764765674738997,0.34293257120646436,-0.05419356742840212,True
1806,0.2222222222222222,0.4444444444444444,-0.09111560612708508,0.3308092586142806,-0.059420400474631055,True
1807,0.23809523809523808,0.4444444444444444,-0.09382585699299344,0.31571694639957615,-0.06454481664981232,True
1808,0.25396825396825395,0.4444444444444444,-0.0959681185322113,0.2985380561148709,-0.06947781435375401,True
1809,0.2698412698412698,0.4444444444444444,-0.09768476092574128,0.2800570367725604,-0.07416014845266346,True
1810,0.2857142857142857,0.4444444444444444,-0.09914848143462217,0.26097670792113364,-0.07854380022288836,True
1811,0.30158730158730157,0.4444444444444444,-0.10047132143643217,0.24180042062116483,-0.08264803439380786,True
1812,0.31746031746031744,0.4444444444444444,-0.10174445544625531,0.22280613373702718,-0.086429788234892,True
1813,0.3333333333333333,0.4444444444444444,-0.10302399091303745,0.20415260299065846,-0.08991223940611069,True
1814,0.3492063492063492,0.4444444444444444,-0.10433861087127694,0.18588209349417673,-0.0930999228393662,True
1815,0.36507936507936506,0.4444444444444444,-0.10569766619665187,0.1679634247139308,-0.09600394304828845,True
1816,0.38095238095238093,0.4444444444444444,-0.10710357507428733,0.15033841070949294,-0.09862420543025886,True
1817,0.3968253968253968,0.4444444444444444,-0.10854169452325814,0.132917320640485,-0.10098910457658326,True
1818,0.4126984126984127,0.4444444444444444,-0.11001034732355448,0.11564313718639693,-0.10307706422508157,True
1819,0.42857142857142855,0.4444444444444444,-0.11149660967279984,0.09845013071668256,-0.10490178371274618,True
1820,0.4444444444444444,0.4444444444444444,-0.11299617967605102,0.0812928796291113,-0.10645991211868278,True
1821,0.4603174603174603,0.4444444444444444,-0.1145058536851751,0.06413783037479837,-0.1077573750044425,True
1822,0.47619047619047616,0.4444444444444444,-0.1160242811585299,0.0469635249574414,-0.10879443123721452,True
1823,0.49206349206349204,0.4444444444444444,-0.11754956144259776,0.029751590368980348,-0.1095522897684565,True
1824,0.5079365079365079,0.4444444444444444,-0.11909199031514436,0.012495612779941424,-0.11005739967790712,True
1825,0.5238095238095237,0.4444444444444444,-0.12064326030631745,-0.004820257678421036,-0.11030214588340197,True
1826,0.5396825396825397,0.4444444444444444,-0.12221864622548351,-0.022195420648117834,-0.11028219058928213,True
1827,0.5555555555555556,0.4444444444444444,-0.1237970789022063,-0.039641769562789544,-0.10999116160444253,True
1828,0.5714285714285714,0.4444444444444444,-0.125407247365284,-0.0571577753026218,-0.10945624737727656,True
1829,0.5873015873015872,0.4444444444444444,-0.12701031024603457,-0.0747520869431736,-0.10865286548764695,True
1830,0.6031746031746031,0.4444444444444444,-0.12862986380292757,-0.09242058503494288,-0.10759604910652806,True
1831,0.6190476190476191,0.4444444444444444,-0.13022384240953852,-0.11016231050729544,-0.10629247728688804,True
1832,0.6349206349206349,0.4444444444444444,-0.13179739971092264,-0.12796821694351973,-0.10474692353861331,True
1833,0.6507936507936507,0.4444444444444444,-0.13332530694649986,-0.145819323765459,-0.1029456683866024,True
1834,0.6666666666666666,0.4444444444444444,-0.13480463586606922,-0.16370615226174406,-0.1009211473217212,True
1835,0.6825396825396826,0.4444444444444444,-0.1362151876648,-0.18160612248888972,-0.09866418150727994,True
1836,0.6984126984126984,0.4444444444444444,-0.13757612022002752,-0.1995204309664443,-0.09617836078262441,True
1837,0.7142857142857142,0.4444444444444444,-0.13892109602668437,-0.21749805210369055,-0.0934805611395358,True
1838,0.7301587301587301,0.4444444444444444,-0.14033205997606454,-0.2356415753637161,-0.09057735034752075,True
1839,0.746031746031746,0.4444444444444444,-0.14197436381456224,-0.25422152336344583,-0.08745864118994238,True
1840,0.7619047619047619,0.4444444444444444,-0.14405633174896162,-0.2736772400199044,-0.08413060706574188,True
1841,0.7777777777777777,0.4444444444444444,-0.14692814707903015,-0.2947739956041194,-0.08054311079051293,True
1842,0.7936507936507936,0.4444444444444444,-0.15079277796996302,-0.318252621038911,-0.07668733267358342,True
1843,0.8095238095238095,0.4444444444444444,-0.15594055538950047,-0.3452834483269711,-0.0724598606246643,True
1844,0.8253968253968254,0.4444444444444444,-0.1621376584014687,-0.3763197399334254,-0.0677711783448184,True
1845,0.8412698412698412,0.4444444444444444,-0.16849742654357505,-0.4106022274200809,-0.06252968792244892,True
1846,0.8571428571428571,0.4444444444444444,-0.17302475418492808,-0.4446846893268498,-0.05668336774114117,True
1847,0.873015873015873,0.4444444444444444,-0.1727190343837145,-0.4716241314128941,-0.05035227098757291,True
1848,0.8888888888888888,0.4444444444444444,-0.16441597972415006,-0.48184538218161055,-0.04390375757945714,True
1849,0.9047619047619047,0.4444444444444444,-0.1463825862899608,-0.4661140326340646,-0.037931408253443856,True
1850,0.9206349206349206,0.4444444444444444,-0.11849850505374959,-0.4167879185628983,-0.03319894268188839,True
1851,0.9365079365079365,0.4444444444444444,-0.08446957112629443,-0.3365452479024824,-0.03024764671249136,True
1852,0.9523809523809523,0.4444444444444444,-0.05054293413439548,-0.23775797159212161,-0.029041443345648704,True
1853,0.9682539682539681,0.4444444444444444,-0.02292698234968561,-0.13807918656302584,-0.02908230389797942,True
1854,0.9841269841269841,0.4444444444444444,-0.005698044675400809,-0.05494436633915231,-0.029715399123780944,True
1855,1.0,0.4444444444444444,2.0648440178853275e-08,-9.101413841748369e-05,-0.030404182155124537,True
1856,0.0,0.4603174603174603,-3.0446472247977735e-07,1.3017404757561127e-07,-0.02049693189638325,True
1857,0.015873015873015872,0.4603174603174603,-0.0007036610555343144,0.10317008981191114,-0.02061272290248009,True
1858,0.031746031746031744,0.4603174603174603,-0.003507209739717737,0.17663975588754266,-0.020941560378415436,True
1859,0.047619047619047616,0.4603174603174603,-0.008670867921690873,0.22709732205003522,-0.021623339962192074,True
1860,0.06349206349206349,0.4603174603174603,-0.015667342660147642,0.26262650462224835,-0.022769421638892968,True
1861,0.07936507936507936,0.4603174603174603,-0.023601083933618604,0.2900054883824576,-0.024450385811106153,True
1862,0.09523809523809523,0.4603174603174603,-0.03178823633621891,0.3126022837692079,-0.026707218817720726,True
1863,0.1111111111111111,0.4603174603174603,-0.03973086298118604,0.3314586396680154,-0.02956504466113515,True
1864,0.12698412698412698,0.4603174603174603,-0.047135047786641765,0.3461746193062938,-0.033016497096521324,True
1865,0.14285714285714285,0.4603174603174603,-0.053912743645337546,0.3560937196279401,-0.03701411802760344,True
1866,0.15873015873015872,0.4603174603174603,-0.05990152408226479,0.36087219885017163,-0.04147864289250184,True
1867,0.1746031746031746,0.4603174603174603,-0.06510777782513333,0.3606795802255538,-0.0463103770081846,True
1868,0.19047619047619047,0.4603174603174603,-0.06953356032934206,0.3557419335928259,-0.05138695291710564,True
1869,0.20634920634920634,0.4603174603174603,-0.07319498625709198,0.34651443679913707,-0.05658068470448338,True
1870,0.2222222222222222,0.4603174603174603,-0.07614997060747515,0.3336133026649728,-0.06176149873179264,True
1871,0.23809523809523808,0.4603174603174603,-0.07855443257180279,0.31797050165653445,-0.06683653749476534,True
1872,0.25396825396825395,0.4603174603174603,-0.08048430282159792,0.30034514633388393,-0.07171446638969267,True
1873,0.2698412698412698,0.4603174603174603,-0.082108865288621,0.2815899354722529,-0.07633381369039535,True
1874,0.2857142857142857,0.4603174603174603,-0.08353759644424585,0.26235067644761617,-0.0806715880438937,True
1875,0.30158730158730157,0.4603174603174603,-0.08487063287127788,0.24309597291016177,-0.08472127424596074,True
1876,0.31746031746031744,0.4603174603174603,-0.08617784761571114,0.22409476116672325,-0.08845577652696734,True
1877,0.3333333333333333,0.4603174603174603,-0.08748944106123845,0.20546339729448418,-0.09190841207161533,True
1878,0.3492063492063492,0.4603174603174603,-0.08883204058264219,0.1872304883404213,-0.09507177346956829,True
1879,0.36507936507936506,0.4603174603174603,-0.09021064278011653,0.16935399697753592,-0.09795450679409753,True
1880,0.38095238095238093,0.4603174603174603,-0.09162083441550017,0.15175957047829514,-0.10057106944361309,True
1881,0.3968253968253968,0.4603174603174603,-0.09305932588204259,0.13437099622219884,-0.10292064299851414,True
1882,0.4126984126984127,0.4603174603174603,-0.09451866157864308,0.11711745351450763,-0.10500625713940115,True
1883,0.42857142857142855,0.4603174603174603,-0.0959948982683805,0.0999391666371166,-0.10683211601488146,True
1884,0.4444444444444444,0.4603174603174603,-0.09748496868514944,0.08279448542465409,-0.10839130405413473,True
1885,0.4603174603174603,0.4603174603174603,-0.09898978876636227,0.0656505101309395,-0.10968318792496158,True
1886,0.47619047619047616,0.4603174603174603,-0.10051207290601485,0.04849087846048571,-0.11072625229803854,True
1887,0.49206349206349204,0.4603174603174603,-0.10205452067428018,0.0312973871938242,-0.11149713278539786,True
1888,0.5079365079365079,0.4603174603174603,-0.10362164981760716,0.01405963420320219,-0.11201037037979521,True
1889,0.5238095238095237,0.4603174603174603,-0.10521489279179085,-0.0032329508602230595,-0.11225499557838432,True
1890,0.5396825396825397,0.4603174603174603,-0.10684491774390621,-0.02058458264040281,-0.11223885733988188,True
1891,0.5555555555555556,0.4603174603174603,-0.10850183176832313,-0.03800597508328843,-0.1119631461586831,True
1892,0.5714285714285714,0.4603174603174603,-0.11019690233415413,-0.055501441915111666,-0.11142637917204141,True
1893,0.5873015873015872,0.4603174603174603,-0.11191051488208308,-0.07307998882802325,-0.11063565167310972,True
1894,0.6031746031746031,0.4603174603174603,-0.11365740755620465,-0.09074258686251525,-0.10958236177782933,True
1895,0.6190476190476191,0.4603174603174603,-0.11539639207585518,-0.1084941192505555,-0.10829207551760126,True
1896,0.6349206349206349,0.4603174603174603,-0.11714319033185999,-0.12632439003768425,-0.10675122938374854,True
1897,0.6507936507936507,0.4603174603174603,-0.11885081070092625,-0.1442177482885047,-0.10496027895631059,True
1898,0.6666666666666666,0.4603174603174603,-0.12052814562897603,-0.16216639214912099,-0.10295175981852743,True
1899,0.6825396825396826,0.4603174603174603,-0.12213768535817243,-0.18013011414818061,-0.10069705494935267,True
1900,0.6984126984126984,0.4603174603174603,-0.12367127091714235,-0.19809814269013346,-0.09822958799709279,True
1901,0.7142857142857142,0.4603174603174603,-0.12516458358863117,-0.21608677795584705,-0.09555686023546828,True
1902,0.7301587301587301,0.4603174603174603,-0.12665044825201568,-0.2341507206132488,-0.09267780885526657,True
1903,0.746031746031746,0.4603174603174603,-0.12823191345848634,-0.25248076013751336,-0.08961165208571545,True
1904,0.7619047619047619,0.4603174603174603,-0.13012068188553363,-0.2714298666746562,-0.08633903593065373,True
1905,0.7777777777777777,0.4603174603174603,-0.1325715037130681,-0.29161019116937315,-0.08285939941394178,True
1906,0.7936507936507936,0.4603174603174603,-0.13594384396907766,-0.31403169905133577,-0.0791345188091615,True
1907,0.8095238095238095,0.4603174603174603,-0.1405309072511567,-0.3397828495345236,-0.07509935140613701,True
1908,0.8253968253968254,0.4603174603174603,-0.1463375865671872,-0.36979014184577447,-0.0706879983450817,True
1909,0.8412698412698412,0.4603174603174603,-0.15291578381652443,-0.40424573750123033,-0.06573327189563553,True
1910,0.8571428571428571,0.4603174603174603,-0.1587504945371204,-0.4408487271024446,-0.06021842950591214,True
1911,0.873015873015873,0.4603174603174603,-0.1611252027668233,-0.4736460700189007,-0.054131865371286725,True
1912,0.8888888888888888,0.4603174603174603,-0.1566911099281883,-0.4928705834973784,-0.04774819773879794,True
1913,0.9047619047619047,0.4603174603174603,-0.14290452037871,-0.4876681719567894,-0.04160303350422448,True
1914,0.9206349206349206,0.4603174603174603,-0.11860873677541481,-0.4471250554395656,-0.03648371228384096,True
1915,0.9365079365079365,0.4603174603174603,-0.08681553694909369,-0.3712238548216075,-0.03305582025139178,True
1916,0.9523809523809523,0.4603174603174603,-0.05323712837304981,-0.26975550036573714,-0.03148290145896322,True
1917,0.9682539682539681,0.4603174603174603,-0.024722023902424485,-0.1618155183778075,-0.031351267628006066,True
1918,0.9841269841269841,0.4603174603174603,-0.0062721272222994295,-0.06686673512203867,-0.0319680080215078,True
1919,1.0,0.4603174603174603,2.4039885858601312e-06,0.00012992627901216606,-0.0327157979427259,True
1920,0.0,0.47619047619047616,5.156239340938928e-07,-4.649984849349494e-06,-0.022651776617364675,True
1921,0.015873015873015872,0.47619047619047616,-0.0001741012118727911,0.10430166810861598,-0.022713109765691398,True
1922,0.031746031746031744,0.47619047619047616,-0.0017718182872376355,0.17992202765179377,-0.02300981813674621,True
1923,0.047619047619047616,0.47619047619047616,-0.0054509553626174755,0.2324649886338749,-0.023683228508045173,True
1924,0.06349206349206349,0.47619047619047616,-0.01092776318877796,0.2695517864679345,-0.024843245718378884,True
1925,0.07936507936507936,0.47619047619047616,-0.01742479201655354,0.2974534407792416,-0.02654591120978175,True
1926,0.09523809523809523,0.47619047619047616,-0.02422370823638313,0.32006238543623416,-0.02883156937712851,True
1927,0.1111111111111111,0.47619047619047616,-0.030832500772630958,0.33847092345174856,-0.031714056200020095,True
1928,0.12698412698412698,0.47619047619047616,-0.03708669827867931,0.3526423730004066,-0.035183707193862476,True
1929,0.14285714285714285,0.47619047619047616,-0.04266981763831561,0.3619061666267935,-0.039192174590092485,True
1930,0.15873015873015872,0.47619047619047616,-0.04767233719276205,0.366037904423275,-0.0436575496359503,True
1931,0.1746031746031746,0.47619047619047616,-0.05199812880833176,0.36513823761881137,-0.04847680987803958,True
1932,0.19047619047619047,0.47619047619047616,-0.055706190054340805,0.35944473342610633,-0.053521212570688946,True
1933,0.20634920634920634,0.47619047619047616,-0.05878902933751892,0.3495595947995492,-0.05867377910042365,True
1934,0.2222222222222222,0.47619047619047616,-0.061338434714967326,0.33611977605944254,-0.06380674826876147,True
1935,0.23809523809523808,0.47619047619047616,-0.06343859751910048,0.3199899818549672,-0.06882259097474942,True
1936,0.25396825396825395,0.47619047619047616,-0.06519055264551189,0.30204143276091694,-0.07364796721171406,True
1937,0.2698412698412698,0.47619047619047616,-0.06671703573253511,0.28305555093940493,-0.07820544549744898,True
1938,0.2857142857142857,0.47619047619047616,-0.06811643520814788,0.26371375264756947,-0.08249600569924133,True
1939,0.30158730158730157,0.47619047619047616,-0.06944709149527503,0.2444119233278972,-0.08649472171649195,True
1940,0.31746031746031744,0.47619047619047616,-0.0707581109008146,0.22540034784912905,-0.09020622392684889,True
1941,0.3333333333333333,0.47619047619047616,-0.0720787224072694,0.20679116180624288,-0.0936258073343839,True
1942,0.3492063492063492,0.47619047619047616,-0.07342075251885047,0.1885883922134618,-0.09676737367542501,True
1943,0.36507936507936506,0.47619047619047616,-0.07478624368353594,0.17074229800305182,-0.09963336706376494,True
1944,0.38095238095238093,0.47619047619047616,-0.07617720957065009,0.15317334691355516,-0.1022421336420819,True
1945,0.3968253968253968,0.47619047619047616,-0.07758696181048501,0.13580666684800047,-0.10458553736989963,True
1946,0.4126984126984127,0.47619047619047616,-0.07901694114166259,0.1185700685048031,-0.10666362194135327,True
1947,0.42857142857142855,0.47619047619047616,-0.08046010770067584,0.10140966941837988,-0.10848651932051345,True
1948,0.4444444444444444,0.47619047619047616,-0.08192640544274217,0.0842820058109318,-0.11005309712784904,True
1949,0.4603174603174603,0.47619047619047616,-0.08341553813810824,0.06715910544085561,-0.11135916157296902,True
1950,0.47619047619047616,0.47619047619047616,-0.08493063753089444,0.05002318357364994,-0.11238905169469658,True
1951,0.49206349206349204,0.47619047619047616,-0.08648019443946392,0.03285772960198747,-0.11317776717762679,True
1952,0.5079365079365079,0.47619047619047616,-0.08806711467029989,0.01565391275014521,-0.11369206083694572,True
1953,0.5238095238095237,0.47619047619047616,-0.08969766584429203,-0.0015994610345167986,-0.1139429622895886,True
1954,0.5396825396825397,0.47619047619047616,-0.09137687228371627,-0.01891169453836754,-0.1139333588130643,True
1955,0.5555555555555556,0.47619047619047616,-0.0931062152783172,-0.0362896270375622,-0.11365841112749107,True
1956,0.5714285714285714,0.47619047619047616,-0.09488144039383539,-0.053748872134763724,-0.11312564558530051,True
1957,0.5873015873015872,0.47619047619047616,-0.09670971929409897,-0.07128964606335503,-0.11234144606957987,True
1958,0.6031746031746031,0.47619047619047616,-0.0985766009328868,-0.0889286017539073,-0.11130227899438236,True
1959,0.6190476190476191,0.47619047619047616,-0.10046382480528258,-0.10666601212219223,-0.11000924530891815,True
1960,0.6349206349206349,0.47619047619047616,-0.10238563063127301,-0.12450000687457681,-0.10847119862070226,True
1961,0.6507936507936507,0.47619047619047616,-0.10428884918348762,-0.14242438063748233,-0.10670310156845052,True
1962,0.6666666666666666,0.47619047619047616,-0.10616771968872857,-0.16041190192571325,-0.10468750144935801,True
1963,0.6825396825396826,0.47619047619047616,-0.10800778676202938,-0.17844814286782695,-0.10245835743271305,True
1964,0.6984126984126984,0.47619047619047616,-0.10976337458271054,-0.19648858699999144,-0.10000394947231639,True
1965,0.7142857142857142,0.47619047619047616,-0.11145927726456958,-0.21452503065046188,-0.09733949423017418,True
1966,0.7301587301587301,0.47619047619047616,-0.1130990627884886,-0.23258683690047308,-0.09449092717904778,True
1967,0.746031746031746,0.47619047619047616,-0.1147802434469587,-0.25077964761785787,-0.09145245187231507,True
1968,0.7619047619047619,0.47619047619047616,-0.1166327916786159,-0.2693906603099689,-0.0882327766085758,True
1969,0.7777777777777777,0.47619047619047616,-0.11889432796871093,-0.28899489717658017,-0.08482824418552486,True
1970,0.7936507936507936,0.47619047619047616,-0.12186555550174018,-0.3103513965991344,-0.08122431322681672,True
1971,0.8095238095238095,0.47619047619047616,-0.1259432474428939,-0.3347965689172115,-0.07736060769343764,True
1972,0.8253968253968254,0.47619047619047616,-0.1313559046229628,-0.36367321621283194,-0.07315460940682761,True
1973,0.8412698412698412,0.47619047619047616,-0.13782719562957096,-0.39752494612333306,-0.06854197798019493,True
1974,0.8571428571428571,0.47619047619047616,-0.14436542524939522,-0.4354239034054812,-0.0633389415143087,True
1975,0.873015873015873,0.47619047619047616,-0.1488129458172894,-0.47289628486556795,-0.057575674787053104,True
1976,0.8888888888888888,0.47619047619047616,-0.14741843070168234,-0.4995894826637491,-0.05136164547623358,True
1977,0.9047619047619047,0.47619047619047616,-0.1375431341216281,-0.5045550422476945,-0.04518930609900186,True
1978,0.9206349206349206,0.47619047619047616,-0.1172858929112339,-0.4747266323079112,-0.03977314102306301,True
1979,0.9365079365079365,0.47619047619047616,-0.08799661666209328,-0.40432915506428246,-0.03594120780249297,True
1980,0.9523809523809523,0.47619047619047616,-0.05529672296674923,-0.3019715906027372,-0.034010699475864124,True
1981,0.9682539682539681,0.47619047619047616,-0.026222504889674574,-0.18617634532420077,-0.03368615382334081,True
1982,0.9841269841269841,0.47619047619047616,-0.006776083012562218,-0.07969588801024803,-0.03427211477561656,True
1983,1.0,0.47619047619047616,-1.5744761275518464e-06,-1.9004665132176244e-05,-0.03507094043561008,True
1984,0.0,0.49206349206349204,-8.819222639599102e-07,2.4592361573038157e-05,-0.02466766799865653,True
1985,0.015873015873015872,0.49206349206349204,0.00034167211576598713,0.104407342407528,-0.024665302603865822,True
1986,0.031746031746031744,0.49206349206349204,9.67977757555886e-06,0.1818858990703496,-0.024929867746072667,True
1987,0.047619047619047616,0.49206349206349204,-0.002183977404515577,0.23643116385099322,-0.025590971467931985,True
1988,0.06349206349206349,0.49206349206349204,-0.006092229297560935,0.27494999521004193,-0.026750991274854242,True
1989,0.07936507936507936,0.49206349206349204,-0.011120730403746084,0.3035137780014785,-0.028462769938309283,True
1990,0.09523809523809523,0.49206349206349204,-0.016557961501667575,0.32612014334007644,-0.030757658079962412,True
1991,0.1111111111111111,0.49206349206349204,-0.021912551658712972,0.34438750480516506,-0.033652804538649266,True
1992,0.12698412698412698,0.49206349206349204,-0.02687464453508841,0.35805230963642803,-0.03712434572164542,True
1993,0.14285714285714285,0.49206349206349204,-0.03138308922127844,0.36668947206573255,-0.041120630362057084,True
1994,0.15873015873015872,0.49206349206349204,-0.0353985034039868,0.3702582589680289,-0.045568006721554435,True
1995,0.1746031746031746,0.49206349206349204,-0.03890583454259648,0.36874613202166506,-0.05035363515650949,True
1996,0.19047619047619047,0.49206349206349204,-0.041897160823909825,0.3624900587422896,-0.05535437973027463,True
1997,0.20634920634920634,0.49206349206349204,-0.04448058630544127,0.3521681263126931,-0.06046819142211246,True
1998,0.2222222222222222,0.49206349206349204,-0.04662736594273092,0.33823582638690564,-0.06553754183872489,True
1999,0.23809523809523808,0.49206349206349204,-0.048464828954644046,0.32178420122881524,-0.0704996202349631,True
2000,0.25396825396825395,0.49206349206349204,-0.05005885723132032,0.30359065566263044,-0.07526197497557877,True
2001,0.2698412698412698,0.49206349206349204,-0.05150366762579074,0.28447924913434747,-0.07978012219099931,True
2002,0.2857142857142857,0.49206349206349204,-0.05285734144757188,0.2650543409771262,-0.08402073912189936,True
2003,0.30158730158730157,0.49206349206349204,-0.05416640491204859,0.24571959785251032,-0.08798198195961732,True
2004,0.31746031746031744,0.49206349206349204,-0.0554604862511842,0.22670375684580962,-0.09166741627290408,True
2005,0.3333333333333333,0.49206349206349204,-0.0567635378978196,0.20811321976803007,-0.0950532119140177,True
2006,0.3492063492063492,0.49206349206349204,-0.05807513420463801,0.18992648440194498,-0.0981828018891946,True
2007,0.36507936507936506,0.49206349206349204,-0.05940339453858225,0.17209941210261667,-0.1010417812581531,True
2008,0.38095238095238093,0.49206349206349204,-0.060751495950326195,0.1545516096996592,-0.10363023591614244,True
2009,0.3968253968253968,0.49206349206349204,-0.06210630645141291,0.13720379002809907,-0.1059682001307677,True
2010,0.4126984126984127,0.49206349206349204,-0.06348857823815705,0.11998399971925378,-0.10805920933256898,True
2011,0.42857142857142855,0.49206349206349204,-0.06489033317827043,0.10284296260600426,-0.10988143635478285,True
2012,0.4444444444444444,0.49206349206349204,-0.06631890584446011,0.08573917109699025,-0.11144134254111994,True
2013,0.4603174603174603,0.49206349206349204,-0.06777764824107665,0.06865056505581175,-0.11274978371570357,True
2014,0.47619047619047616,0.49206349206349204,-0.06927970475752768,0.05155016137936606,-0.11380026270699149,True
2015,0.49206349206349204,0.49206349206349204,-0.07082742927356664,0.03442877468887324,-0.11458235093257536,True
2016,0.5079365079365079,0.49206349206349204,-0.07242837981714549,0.017274133866094953,-0.11510063576916889,True
2017,0.5238095238095237,0.49206349206349204,-0.07408983456029193,7.439492525440966e-05,-0.11535749281192058,True
2018,0.5396825396825397,0.49206349206349204,-0.07581653165993771,-0.01717870198595101,-0.1153458615893846,True
2019,0.5555555555555556,0.49206349206349204,-0.0776098270647645,-0.03449899468885532,-0.11507886584472374,True
2020,0.5714285714285714,0.49206349206349204,-0.07946818157279872,-0.05189914983317059,-0.11455465029847037,True
2021,0.5873015873015872,0.49206349206349204,-0.08139236960680177,-0.06938938823731153,-0.11376581791681464,True
2022,0.6031746031746031,0.49206349206349204,-0.08338824409449248,-0.0869784752562744,-0.11274102095004608,True
2023,0.6190476190476191,0.49206349206349204,-0.08543197645342776,-0.1046788833142387,-0.11144944939150214,True
2024,0.6349206349206349,0.49206349206349204,-0.08751717630094316,-0.12249379116354461,-0.10991578724646452,True
2025,0.6507936507936507,0.49206349206349204,-0.08961124623814659,-0.14042237234299457,-0.10815839717613406,True
2026,0.6666666666666666,0.49206349206349204,-0.0917076533367218,-0.15843794645015036,-0.10615012749996883,True
2027,0.6825396825396826,0.49206349206349204,-0.09377269132179279,-0.1765177425379055,-0.10392076262524365,True
2028,0.6984126984126984,0.49206349206349204,-0.09580556299935661,-0.19463591583694545,-0.10148375078357541,True
2029,0.7142857142857142,0.49206349206349204,-0.09774440376187113,-0.21273702143475845,-0.09883151758335768,True
2030,0.7301587301587301,0.49206349206349204,-0.09964404033156031,-0.23084189366725683,-0.09600339281018937,True
2031,0.746031746031746,0.49206349206349204,-0.10149328271864605,-0.24899017157532508,-0.092992433377209,True
2032,0.7619047619047619,0.49206349206349204,-0.10342594627007605,-0.2673923971185362,-0.08981493986244593,True
2033,0.7777777777777777,0.49206349206349204,-0.10564361316238834,-0.28646184259071195,-0.08647921073673062,True
2034,0.7936507936507936,0.49206349206349204,-0.10841673292251326,-0.30705163909253025,-0.0829660691978187,True
2035,0.8095238095238095,0.49206349206349204,-0.11211307266515308,-0.33030268315012173,-0.07924831240277179,True
2036,0.8253968253968254,0.49206349206349204,-0.11707701792370885,-0.35775218370277767,-0.07525673385829072,True
2037,0.8412698412698412,0.49206349206349204,-0.12333471254457477,-0.39071034693613016,-0.07088031162592552,True
2038,0.8571428571428571,0.49206349206349204,-0.13022898970595395,-0.4290130140175402,-0.06603839869697614,True
2039,0.873015873015873,0.49206349206349204,-0.13589791292608586,-0.46924175233491994,-0.0605827187983261,True
2040,0.8888888888888888,0.49206349206349204,-0.13743167779616,-0.5034245045244252,-0.05465498466960058,True
2041,0.9047619047619047,0.49206349206349204,-0.13099604524903463,-0.5177284505016321,-0.04857030251295942,True
2042,0.9206349206349206,0.49206349206349204,-0.11446171759281329,-0.4985910193519907,-0.04301422950852991,True
2043,0.9365079365079365,0.49206349206349204,-0.08805419588267188,-0.43550615687933225,-0.03884537448167341,True
2044,0.9523809523809523,0.49206349206349204,-0.05666714206089313,-0.3338089870963846,-0.0365795687414982,True
2045,0.9682539682539681,0.49206349206349204,-0.027491056093191066,-0.21165855813787038,-0.0360469996770514,True
2046,0.9841269841269841,0.49206349206349204,-0.0072344358569616405,-0.09331227670097232,-0.036585538693508154,True
2047,1.0,0.49206349206349204,-2.300761220787115e-07,-8.233882014177446e-05,-0.037427323780438684,True
2048,0.0,0.5079365079365079,1.038300483727187e-06,-3.260984444893037e-05,-0.026504051883541043,True
2049,0.015873015873015872,0.5079365079365079,0.0008331125230667629,0.10372307859000299,-0.026453550098390483,True
2050,0.031746031746031744,0.5079365079365079,0.0016746647833398016,0.18232085903445747,-0.026675165484005815,True
2051,0.047619047619047616,0.5079365079365079,0.0010848192916156829,0.23881421587563348,-0.027311812881239777,True
2052,0.06349206349206349,0.5079365079365079,-0.0012728187688573072,0.2786932324431198,-0.028458669966070778,True
2053,0.07936507936507936,0.5079365079365079,-0.004788419444838145,0.3081292601518014,-0.030170431330207383,True
2054,0.09523809523809523,0.5079365079365079,-0.008830672752820403,0.33098341718380925,-0.0324666818766012,True
2055,0.1111111111111111,0.5079365079365079,-0.012870801828811401,0.348954296293284,-0.03535128366874277,True
2056,0.12698412698412698,0.5079365079365079,-0.01669541130676692,0.36223514995683054,-0.03880646193261707,True
2057,0.14285714285714285,0.5079365079365079,-0.02015490019805,0.37051604813614064,-0.04278229163071949,True
2058,0.15873015873015872,0.5079365079365079,-0.023225249386681666,0.3735509363828709,-0.04719086118384361,True
2059,0.1746031746031746,0.5079365079365079,-0.025889255811873346,0.3716093401881309,-0.05192990342279617,True
2060,0.19047619047619047,0.5079365079365079,-0.028257384485264266,0.3650416592662495,-0.05689012689298464,True
2061,0.20634920634920634,0.5079365079365079,-0.03030609884627161,0.35423757977675663,-0.06193078704254993,True
2062,0.2222222222222222,0.5079365079365079,-0.032089126501703195,0.3400901299075949,-0.06695788612926945,True
2063,0.23809523809523808,0.5079365079365079,-0.033671014012297835,0.32338593209182936,-0.07185902562839977,True
2064,0.25396825396825395,0.5079365079365079,-0.035103696582373486,0.30503797052394616,-0.0765689771659353,True
2065,0.2698412698412698,0.5079365079365079,-0.036443364303420794,0.2858317687640681,-0.08104372663677029,True
2066,0.2857142857142857,0.5079365079365079,-0.03773418239688795,0.2663529754579815,-0.08524563578519777,True
2067,0.30158730158730157,0.5079365079365079,-0.038999840939045266,0.24699764521542902,-0.08917565940914855,True
2068,0.31746031746031744,0.5079365079365079,-0.04025724365915165,0.22798788623730679,-0.09281806777914796,True
2069,0.3333333333333333,0.5079365079365079,-0.041509492706343305,0.20939095308377603,-0.09620921948942149,True
2070,0.3492063492063492,0.5079365079365079,-0.04277361290636124,0.19122206289295401,-0.09931087130139121,True
2071,0.36507936507936506,0.5079365079365079,-0.04403732343162465,0.1734058448688912,-0.10216301673755956,True
2072,0.38095238095238093,0.5079365079365079,-0.045318786220442546,0.15587126961190415,-0.10475471472817434,True
2073,0.3968253968253968,0.5079365079365079,-0.046610407370833426,0.13853972677462256,-0.10709293454784141,True
2074,0.4126984126984127,0.5079365079365079,-0.047927399365117036,0.12134337290599721,-0.10917941090486732,True
2075,0.42857142857142855,0.5079365079365079,-0.04926830845316139,0.10423243458408997,-0.11100112080823508,True
2076,0.4444444444444444,0.5079365079365079,-0.050646735252021846,0.08716626278262689,-0.1125640201996173,True
2077,0.4603174603174603,0.5079365079365079,-0.052073054308063756,0.0701167507882108,-0.11388010995830569,True
2078,0.47619047619047616,0.5079365079365079,-0.05355268151627774,0.053067278787632566,-0.11493100027272937,True
2079,0.49206349206349204,0.5079365079365079,-0.05509348699502583,0.03600403380003977,-0.11571672586556722,True
2080,0.5079365079365079,0.5079365079365079,-0.05670377676355661,0.018914824296435883,-0.11623964390063844,True
2081,0.5238095238095237,0.5079365079365079,-0.05839144062487738,0.0017872382112475117,-0.11649360039032412,True
2082,0.5396825396825397,0.5079365079365079,-0.06016117356154815,-0.015392067251501046,-0.1164903091326254,True
2083,0.5555555555555556,0.5079365079365079,-0.062014596944393464,-0.032637606576909214,-0.11623140703889558,True
2084,0.5714285714285714,0.5079365079365079,-0.06395895412219924,-0.04995484466797862,-0.11570290164557424,True
2085,0.5873015873015872,0.5079365079365079,-0.0659844429531781,-0.06737204414251938,-0.1149225136257672,True
2086,0.6031746031746031,0.5079365079365079,-0.06809402018548688,-0.08489330547010096,-0.11388975850074957,True
2087,0.6190476190476191,0.5079365079365079,-0.07028551438612542,-0.10253480294839411,-0.11260578975898718,True
2088,0.6349206349206349,0.5079365079365079,-0.07253311147037636,-0.12030987155615548,-0.11108624096079366,True
2089,0.6507936507936507,0.5079365079365079,-0.07482407163311228,-0.13820862690071603,-0.1093081467077918,True
2090,0.6666666666666666,0.5079365079365079,-0.0771629022808417,-0.15622991467543318,-0.10731973527934113,True
2091,0.6825396825396826,0.5079365079365079,-0.07947589113464223,-0.1743426942189398,-0.10509993492795794,True
2092,0.6984126984126984,0.5079365079365079,-0.08176275174105828,-0.19250428730301594,-0.10265710064679927,True
2093,0.7142857142857142,0.5079365079365079,-0.08399154415130243,-0.2106827290392228,-0.10002620756599957,True
2094,0.7301587301587301,0.5079365079365079,-0.08615179558391384,-0.22884041128167004,-0.09720590767166612,True
2095,0.746031746031746,0.5079365079365079,-0.08828326933030889,-0.24700443338665112,-0.09422528578314322,True
2096,0.7619047619047619,0.5079365079365079,-0.09043769324284753,-0.26528582158479475,-0.09107736776534976,True
2097,0.7777777777777777,0.5079365079365079,-0.09273937782154605,-0.28407419088481617,-0.087788385952254,True
2098,0.7936507936507936,0.5079365079365079,-0.09545555432968542,-0.30396442655738065,-0.08436127548067716,True
2099,0.8095238095238095,0.5079365079365079,-0.0989494381965994,-0.3261729378184667,-0.08075819874631386,True
2100,0.8253968253968254,0.5079365079365079,-0.10354085157683367,-0.35223587669377904,-0.0769555414735215,True
2101,0.8412698412698412,0.5079365079365079,-0.10953511680227603,-0.38395350128077066,-0.07282953947282503,True
2102,0.8571428571428571,0.5079365079365079,-0.11654436774130639,-0.4220404093085058,-0.06826418646071618,True
2103,0.873015873015873,0.5079365079365079,-0.12321864555303615,-0.4644482976471013,-0.06319759440521511,True
2104,0.8888888888888888,0.5079365079365079,-0.12671886330312568,-0.5038550855447361,-0.05755954765651058,True
2105,0.9047619047619047,0.5079365079365079,-0.12336654803828652,-0.5269717011260783,-0.051651181521962186,True
2106,0.9206349206349206,0.5079365079365079,-0.11037423744234068,-0.5184639427608372,-0.04608132749140551,True
2107,0.9365079365079365,0.5079365079365079,-0.08711221421473274,-0.4643665437066227,-0.041670388260645265,True
2108,0.9523809523809523,0.5079365079365079,-0.05740354702014969,-0.36507479444304414,-0.03910549007488539,True
2109,0.9682539682539681,0.5079365079365079,-0.02844752921175942,-0.23749234159523164,-0.03837656686291851,True
2110,0.9841269841269841,0.5079365079365079,-0.007662525723675783,-0.10809700283239054,-0.03885471057268844,True
2111,1.0,0.5079365079365079,7.759449503023755e-07,0.00010066566346138669,-0.03973017744086706,True
2112,0.0,0.5238095238095237,-1.2456828935500557e-06,4.2079973650558014e-05,-0.02814156803791389,True
2113,0.015873015873015872,0.5238095238095237,0.0012923595445041487,0.10206861097391284,-0.02803669976129,True
2114,0.031746031746031744,0.5238095238095237,0.0033119021960306824,0.18129248690485983,-0.028210675216065864,True
2115,0.047619047619047616,0.5238095238095237,0.0041533828029865875,0.23942479243026726,-0.028822814514605766,True
2116,0.06349206349206349,0.5238095238095237,0.0034686512310722058,0.2809853000416239,-0.029951077412179256,True
2117,0.07936507936507936,0.5238095238095237,0.0014809799303638206,0.31128442035546516,-0.03164564582862731,True
2118,0.09523809523809523,0.5238095238095237,-0.0011535083092225368,0.33440262070377985,-0.03392501373403721,True
2119,0.1111111111111111,0.5238095238095237,-0.003964529022048738,0.35227348148877274,-0.036788583037120216,True
2120,0.12698412698412698,0.5238095238095237,-0.0065672714897136095,0.36531099899443753,-0.0402139700610326,True
2121,0.14285714285714285,0.5238095238095237,-0.008926793501440116,0.37322986144043935,-0.04414666597836622,True
2122,0.15873015873015872,0.5238095238095237,-0.01107710709783502,0.37599117600323634,-0.04850930405663788,True
2123,0.1746031746031746,0.5238095238095237,-0.013035759233494069,0.37382622349282363,-0.053202685806573606,True
2124,0.19047619047619047,0.5238095238095237,-0.014752107272852947,0.36692939599848906,-0.05809645951260209,True
2125,0.20634920634920634,0.5238095238095237,-0.01629028988369402,0.3559297463726793,-0.0630787235183691,True
2126,0.2222222222222222,0.5238095238095237,-0.01771108336234496,0.34161025647987797,-0.06804845840570813,True
2127,0.23809523809523808,0.5238095238095237,-0.019016789519341232,0.32476802581108477,-0.07289057561298792,True
2128,0.25396825396825395,0.5238095238095237,-0.020285452598328514,0.3063516820246241,-0.07755907339019379,True
2129,0.2698412698412698,0.5238095238095237,-0.021513704916156527,0.2870928534015689,-0.08198443088135755,True
2130,0.2857142857142857,0.5238095238095237,-0.02272584671681903,0.267591989718186,-0.08615458354496268,True
2131,0.30158730158730157,0.5238095238095237,-0.023920419235853176,0.2482268475967182,-0.09005984780795727,True
2132,0.31746031746031744,0.5238095238095237,-0.025114710607383645,0.22920644258297745,-0.09369558658942959,True
2133,0.3333333333333333,0.5238095238095237,-0.026303581363589724,0.2106172406729251,-0.09705757071370488,True
2134,0.3492063492063492,0.5238095238095237,-0.027487986502832573,0.19244386581454068,-0.10016545604802062,True
2135,0.36507936507936506,0.5238095238095237,-0.028677388259869808,0.17463712041232668,-0.10300810834955651,True
2136,0.38095238095238093,0.5238095238095237,-0.029878108544392126,0.15711469767167088,-0.1055937855194685,True
2137,0.3968253968253968,0.5238095238095237,-0.031087301252492414,0.13980202457096785,-0.10793395211552259,True
2138,0.4126984126984127,0.5238095238095237,-0.032321043947020026,0.12263468610726912,-0.110017455876988,True
2139,0.42857142857142855,0.5238095238095237,-0.03359492483070452,0.1055589072123639,-0.11184659503768786,True
2140,0.4444444444444444,0.5238095238095237,-0.034918300802741366,0.08853658393864927,-0.11342011541111365,True
2141,0.4603174603174603,0.5238095238095237,-0.03629748083724526,0.07154544322447719,-0.11473361569484286,True
2142,0.47619047619047616,0.5238095238095237,-0.037745372003113516,0.05456497384751635,-0.11578927314014213,True
2143,0.49206349206349204,0.5238095238095237,-0.03927221777671575,0.03757698996508675,-0.11657967262580933,True
2144,0.5079365079365079,0.5238095238095237,-0.04088650095175214,0.020572182131935367,-0.1171010968876356,True
2145,0.5238095238095237,0.5238095238095237,-0.04259414621920309,0.0035284945145909164,-0.11736148648220208,True
2146,0.5396825396825397,0.5238095238095237,-0.04440451843082791,-0.01355656193440251,-0.11736856318203055,True
2147,0.5555555555555556,0.5238095238095237,-0.046319031653236135,-0.030701076286791206,-0.11709881535951203,True
2148,0.5714285714285714,0.5238095238095237,-0.04834020474277739,-0.047923225453506246,-0.11657572454738119,True
2149,0.5873015873015872,0.5238095238095237,-0.05046556314528781,-0.06524424840872868,-0.11580206143988916,True
2150,0.6031746031746031,0.5238095238095237,-0.0527009723786993,-0.08267195858547834,-0.11476116862618323,True
2151,0.6190476190476191,0.5238095238095237,-0.05502941785653941,-0.10023539894333781,-0.1134826793919831,True
2152,0.6349206349206349,0.5238095238095237,-0.05745401054623965,-0.11793729118186287,-0.11195321380846544,True
2153,0.6507936507936507,0.5238095238095237,-0.05994585295007376,-0.13578801116849396,-0.11018419008019488,True
2154,0.6666666666666666,0.5238095238095237,-0.0624789785298639,-0.15378203889078976,-0.10819055535479051,True
2155,0.6825396825396826,0.5238095238095237,-0.0650637367624147,-0.17189614157360963,-0.1059758774661711,True
2156,0.6984126984126984,0.5238095238095237,-0.06763292815473555,-0.19009261929604335,-0.10354353489905634,True
2157,0.7142857142857142,0.5238095238095237,-0.07017425108949223,-0.20832585187547342,-0.10091592107362343,True
2158,0.7301587301587301,0.5238095238095237,-0.0726664779530812,-0.22654293293167796,-0.0981027254979851,True
2159,0.746031746031746,0.5238095238095237,-0.07512019655113696,-0.24473836964716125,-0.09513126326462425,True
2160,0.7619047619047619,0.5238095238095237,-0.07753387213607227,-0.2629779893225964,-0.0920187247593331,True
2161,0.7777777777777777,0.5238095238095237,-0.0800667662629251,-0.28151464276638455,-0.08877128303446043,True
2162,0.7936507936507936,0.5238095238095237,-0.082877250584082,-0.3009441571148981,-0.08540478632336271,True
2163,0.8095238095238095,0.5238095238095237,-0.08629353200998285,-0.32227812506879316,-0.0819070629221381,True
2164,0.8253968253968254,0.5238095238095237,-0.09070089520190479,-0.3471155313941579,-0.07824326935887188,True
2165,0.8412698412698412,0.5238095238095237,-0.09644629257979723,-0.37746671313705904,-0.07432890009022336,True
2166,0.8571428571428571,0.5238095238095237,-0.10341674970683847,-0.41471620095269457,-0.07006168600002355,True
2167,0.873015873015873,0.5238095238095237,-0.11061436865046674,-0.4580188987714603,-0.06532191063663778,True
2168,0.8888888888888888,0.5238095238095237,-0.11583272392685685,-0.5019996649715124,-0.06005124193408972,True
2169,0.9047619047619047,0.5238095238095237,-0.11518506906089154,-0.5332885087501149,-0.054384759968273355,True
2170,0.9206349206349206,0.5238095238095237,-0.10547801543051263,-0.5353116004336962,-0.04889362918510199,True
2171,0.9365079365079365,0.5238095238095237,-0.08531912562807081,-0.4906622365506052,-0.04434592470180567,True
2172,0.9523809523809523,0.5238095238095237,-0.057531555670402745,-0.39520796866186547,-0.041535712867927385,True
2173,0.9682539682539681,0.5238095238095237,-0.029114987285443376,-0.26356510382109544,-0.04061268359438318,True
2174,0.9841269841269841,0.5238095238095237,-0.007972878061462822,-0.12268196066728808,-0.041024278642788334,True
2175,1.0,0.5238095238095237,-2.214040079718749e-06,-4.997026664358314e-05,-0.04192534195325227,True
2176,0.0,0.5396825396825397,1.1295806713184008e-06,-2.1989975621699557e-05,-0.029560306763049934,True
2177,0.015873015873015872,0.5396825396825397,0.0017069511643951977,0.09952546169969301,-0.029400797029904398,True
2178,0.031746031746031744,0.5396825396825397,0.004815036367126525,0.17895209346076685,-0.02953558844754618,True
2179,0.047619047619047616,0.5396825396825397,0.007239782642590599,0.23863081046566811,-0.03010809506475301,True
2180,0.06349206349206349,0.5396825396825397,0.0081228197765635,0.2817057886205698,-0.031207441791126406,True
2181,0.07936507936507936,0.5396825396825397,0.007677352445467137,0.31299663305908926,-0.03287387495589113,True
2182,0.09523809523809523,0.5396825396825397,0.006429010205196025,0.3365125445623465,-0.03512385937370622,True
2183,0.1111111111111111,0.5396825396825397,0.004962868785521099,0.3544253652443114,-0.03795159863351832,True
2184,0.12698412698412698,0.5396825396825397,0.0034352921500323207,0.36729232950393587,-0.04133492791969402,True
2185,0.14285714285714285,0.5396825396825397,0.002035065313366549,0.375018782567915,-0.04521908822087193,True
2186,0.15873015873015872,0.5396825396825397,0.0008069702149488599,0.37758928664606956,-0.04952104780166978,True
2187,0.1746031746031746,0.5396825396825397,-0.0002922812329828975,0.37523655385299814,-0.054140209495985574,True
2188,0.19047619047619047,0.5396825396825397,-0.0013800208185864168,0.36825327316535983,-0.058969738817357856,True
2189,0.20634920634920634,0.5396825396825397,-0.0024429257686151306,0.35723984604898495,-0.06390450661117439,True
2190,0.2222222222222222,0.5396825396825397,-0.003482587740383225,0.34278692127311033,-0.068800839380052,True
2191,0.23809523809523808,0.5396825396825397,-0.00454506135120014,0.3259493121854189,-0.07360274908492478,True
2192,0.25396825396825395,0.5396825396825397,-0.0056076640387859,0.3075120598931568,-0.07822201706485628,True
2193,0.2698412698412698,0.5396825396825397,-0.0066947033264222085,0.2882504475603631,-0.08261290827690973,True
2194,0.2857142857142857,0.5396825396825397,-0.007803213177111277,0.2687503168699133,-0.0867582078938973,True
2195,0.30158730158730157,0.5396825396825397,-0.00891106286764023,0.24937893031732616,-0.09064581056189804,True
2196,0.31746031746031744,0.5396825396825397,-0.010018786465358432,0.23035332828114835,-0.09426758294372678,True
2197,0.3333333333333333,0.5396825396825397,-0.011117724166131502,0.21176011775449116,-0.0976156750318203,True
2198,0.3492063492063492,0.5396825396825397,-0.012211797225032375,0.19358279289602998,-0.10072286888326053,True
2199,0.36507936507936506,0.5396825396825397,-0.013299967911874442,0.17577866462322042,-0.1035630481188827,True
2200,0.38095238095238093,0.5396825396825397,-0.014394686598678225,0.1582697604344935,-0.10614980607487949,True
2201,0.3968253968253968,0.5396825396825397,-0.015517470369010593,0.14097756081562646,-0.10849448187456832,True
2202,0.4126984126984127,0.5396825396825397,-0.016662308376874203,0.12384504826527876,-0.11058537026817385,True
2203,0.42857142857142855,0.5396825396825397,-0.017858229421697017,0.1068163334089627,-0.11242337301791512,True
2204,0.4444444444444444,0.5396825396825397,-0.019109590683165523,0.08985826839188946,-0.11399816529201115,True
2205,0.4603174603174603,0.5396825396825397,-0.020435940543816512,0.07293707038162961,-0.11531426736648488,True
2206,0.47619047619047616,0.5396825396825397,-0.021847680583052434,0.05603717044574051,-0.11637703186339435,True
2207,0.49206349206349204,0.5396825396825397,-0.023354845550133292,0.039139895300319805,-0.11717144541185165,True
2208,0.5079365079365079,0.5396825396825397,-0.024966371420782577,0.02223428190068086,-0.1177013019919242,True
2209,0.5238095238095237,0.5396825396825397,-0.02669190661890772,0.005296613692119961,-0.11796318714748892,True
2210,0.5396825396825397,0.5396825396825397,-0.028535967790269574,-0.011678314462709598,-0.11795646155724537,True
2211,0.5555555555555556,0.5396825396825397,-0.030505543729326866,-0.028705885721280185,-0.11769805569488352,True
2212,0.5714285714285714,0.5396825396825397,-0.032603247315559004,-0.045809421746606356,-0.11717995404722735,True
2213,0.5873015873015872,0.5396825396825397,-0.03482973226645506,-0.0630081313222134,-0.11639392539353613,True
2214,0.6031746031746031,0.5396825396825397,-0.037183141788907845,-0.08032426009487437,-0.115358610686453,True
2215,0.6190476190476191,0.5396825396825397,-0.03966082578629048,-0.09777709174475584,-0.11406877133776863,True
2216,0.6349206349206349,0.5396825396825397,-0.042247469825222074,-0.11538713879368281,-0.11253652809754747,True
2217,0.6507936507936507,0.5396825396825397,-0.04493479199092451,-0.13316176796626092,-0.1107719664705883,True
2218,0.6666666666666666,0.5396825396825397,-0.047705962121408395,-0.15109749249070192,-0.10876980896471931,True
2219,0.6825396825396826,0.5396825396825397,-0.05053249267916694,-0.16917653039052621,-0.10654113998238794,True
2220,0.6984126984126984,0.5396825396825397,-0.05340419940378294,-0.18737578757444168,-0.10411770058731488,True
2221,0.7142857142857142,0.5396825396825397,-0.05627869841301989,-0.2056317863076666,-0.10148267295616202,True
2222,0.7301587301587301,0.5396825396825397,-0.059112602285294656,-0.2239015005910764,-0.09868247079032101,True
2223,0.746031746031746,0.5396825396825397,-0.06190363838335216,-0.24213878515318324,-0.09572397648852234,True
2224,0.7619047619047619,0.5396825396825397,-0.06469259792144359,-0.2603692102833743,-0.09262647655135925,True
2225,0.7777777777777777,0.5396825396825397,-0.0675233325507371,-0.2787740865079378,-0.08940807878222315,True
2226,0.7936507936507936,0.5396825396825397,-0.0705618439546137,-0.29782131625045877,-0.08609667497904583,True
2227,0.8095238095238095,0.5396825396825397,-0.07406973980087311,-0.31843543921527945,-0.08268142339835355,True
2228,0.8253968253968254,0.5396825396825397,-0.07843119997742251,-0.3421616298309227,-0.07913836480478015,True
2229,0.8412698412698412,0.5396825396825397,-0.08400823132987076,-0.37114078777440196,-0.07540891505191273,True
2230,0.8571428571428571,0.5396825396825397,-0.09089088359603509,-0.40721739692876074,-0.07141427335112298,True
2231,0.873015873015873,0.5396825396825397,-0.09850625742782566,-0.45089229118642715,-0.06701023859839049,True
2232,0.8888888888888888,0.5396825396825397,-0.10483759851972478,-0.4977709846449768,-0.062062742425614756,True
2233,0.9047619047619047,0.5396825396825397,-0.10668792870856415,-0.5368500732177782,-0.056729994450834285,True
2234,0.9206349206349206,0.5396825396825397,-0.10002347827160485,-0.5489082237546955,-0.0513779391116143,True
2235,0.9365079365079365,0.5396825396825397,-0.08278705137904155,-0.5142872134454115,-0.0467918001421665,True
2236,0.9523809523809523,0.5396825396825397,-0.057137871773871814,-0.42398927274458265,-0.043794529359702614,True
2237,0.9682539682539681,0.5396825396825397,-0.02951723722330532,-0.2895997581424078,-0.04269764768404434,True
2238,0.9841269841269841,0.5396825396825397,-0.008222902292031724,-0.13839699140155695,-0.043038649440634597,True
2239,1.0,0.5396825396825397,9.77465617072673e-07,5.847003297461219e-05,-0.04395769183718821,True
2240,0.0,0.5555555555555556,-1.0199003518635091e-07,-3.226608505713538e-05,-0.03074707442030005,True
2241,0.015873015873015872,0.5555555555555556,0.0020711271532240353,0.09635054926678378,-0.030550764126261745,True
2242,0.031746031746031744,0.5555555555555556,0.006171267229307569,0.17535983990321405,-0.0306410029677688,True
2243,0.047619047619047616,0.5555555555555556,0.010013580118406149,0.2361269694903905,-0.031166439438300393,True
2244,0.06349206349206349,0.5555555555555556,0.012501002389746722,0.2806779956839206,-0.03222080688471499,True
2245,0.07936507936507936,0.5555555555555556,0.01357632433995617,0.31310311068093993,-0.033849009689609806,True
2246,0.09523809523809523,0.5555555555555556,0.013817701826089915,0.3372876540916159,-0.03605756717626369,True
2247,0.1111111111111111,0.5555555555555556,0.01354919761624288,0.35532301665617927,-0.03883814814132099,True
2248,0.12698412698412698,0.5555555555555556,0.01322463054599245,0.36816217139933594,-0.042162481815315636,True
2249,0.14285714285714285,0.5555555555555556,0.01291081542310651,0.3758505979805531,-0.045980323685739295,True
2250,0.15873015873015872,0.5555555555555556,0.012543207791229362,0.3783173104302699,-0.050210288531877784,True
2251,0.1746031746031746,0.5555555555555556,0.012169747574750683,0.3760280669053216,-0.0547672276182561,True
2252,0.19047619047619047,0.5555555555555556,0.011731320618199956,0.3690579338462617,-0.05952578586836541,True
2253,0.20634920634920634,0.5555555555555556,0.011195403804790822,0.35803630715889356,-0.0643853159045956,True
2254,0.2222222222222222,0.5555555555555556,0.010548487366375361,0.3436587995686101,-0.06922688435289169,True
2255,0.23809523809523808,0.5555555555555556,0.009809140386501776,0.3268934310185822,-0.07397826576537375,True
2256,0.25396825396825395,0.5555555555555556,0.00894792364907303,0.3085029523874151,-0.07855987331936422,True
2257,0.2698412698412698,0.5555555555555556,0.00801561213916742,0.2892788957930593,-0.08292725976764045,True
2258,0.2857142857142857,0.5555555555555556,0.007049241514502373,0.26979930878572833,-0.08705028928094949,True
2259,0.30158730158730157,0.5555555555555556,0.006055539460352713,0.2504348490303699,-0.09091989609865385,True
2260,0.31746031746031744,0.5555555555555556,0.005059938538126273,0.23140612357203877,-0.0945289372980095,True
2261,0.3333333333333333,0.5555555555555556,0.0040640061404599425,0.21279724552574375,-0.09789152687641485,True
2262,0.3492063492063492,0.5555555555555556,0.003078037068377449,0.1946209848382805,-0.10098085314103152,True
2263,0.36507936507936506,0.5555555555555556,0.0021027034695928048,0.1768162799268586,-0.10382761142749715,True
2264,0.38095238095238093,0.5555555555555556,0.0011117663089077654,0.1593172925003158,-0.10643265711258994,True
2265,0.3968253968253968,0.5555555555555556,9.866952664454514e-05,0.14205350955251264,-0.10877243634373684,True
2266,0.4126984126984127,0.5555555555555556,-0.0009456601400079611,0.1249631798537698,-0.11087271984206368,True
2267,0.42857142857142855,0.5555555555555556,-0.002046111118526452,0.10799558804255202,-0.11271507176261245,True
2268,0.4444444444444444,0.5555555555555556,-0.0032217258926916324,0.09110803902816558,-0.11429914465846777,True
2269,0.4603174603174603,0.5555555555555556,-0.00448601190802079,0.07427451474343162,-0.11563076679584407,True
2270,0.47619047619047616,0.5555555555555556,-0.005850812387511623,0.057477107259561115,-0.11668834629081053,True
2271,0.49206349206349204,0.5555555555555556,-0.0073305488814114205,0.04068764847416624,-0.11748756272438339,True
2272,0.5079365079365079,0.5555555555555556,-0.008932721349624074,0.02390723694767691,-0.11802374469627895,True
2273,0.5238095238095237,0.5555555555555556,-0.010669313376596306,0.0070992073563408455,-0.11828674483409489,True
2274,0.5396825396825397,0.5555555555555556,-0.012546843057571231,-0.009744261522280053,-0.11829295972402817,True
2275,0.5555555555555556,0.5555555555555556,-0.014568193719448182,-0.026642494203241975,-0.11802576647768431,True
2276,0.5714285714285714,0.5555555555555556,-0.016745590722502108,-0.04359612333819224,-0.11749131978617663,True
2277,0.5873015873015872,0.5555555555555556,-0.019063395065919735,-0.06066565352198542,-0.11670880847085553,True
2278,0.6031746031746031,0.5555555555555556,-0.021538094256686357,-0.07784254756199867,-0.11567218041887745,True
2279,0.6190476190476191,0.5555555555555556,-0.024162400430301954,-0.09516156673091081,-0.1143670357297751,True
2280,0.6349206349206349,0.5555555555555556,-0.026914838417688547,-0.11265495709681991,-0.112833677664935,True
2281,0.6507936507936507,0.5555555555555556,-0.02980969014639966,-0.13031713414033327,-0.11105960896844973,True
2282,0.6666666666666666,0.5555555555555556,-0.032809425200924495,-0.14816424780410797,-0.10904651166926156,True
2283,0.6825396825396826,0.5555555555555556,-0.03590424248560546,-0.16618462934728312,-0.10682123580685124,True
2284,0.6984126984126984,0.5555555555555556,-0.03906051496535797,-0.18434279415379595,-0.10437417638327057,True
2285,0.7142857142857142,0.5555555555555556,-0.04226243476716181,-0.2025981281551436,-0.10174391195339487,True
2286,0.7301587301587301,0.5555555555555556,-0.04546277829580181,-0.2208910756392408,-0.09894255062183134,True
2287,0.746031746031746,0.5555555555555556,-0.048660682486639927,-0.23915502817691905,-0.0959835925001328,True
2288,0.7619047619047619,0.5555555555555556,-0.05186102027228657,-0.25737556798001154,-0.09288809445197978,True
2289,0.7777777777777777,0.5555555555555556,-0.05508226214894697,-0.2756965072569808,-0.08970564672521648,True
2290,0.7936507936507936,0.5555555555555556,-0.058438837471147025,-0.29447591038247917,-0.08642800288810397,True
2291,0.8095238095238095,0.5555555555555556,-0.062171788812848724,-0.3145133664495223,-0.08308100335681623,True
2292,0.8253968253968254,0.5555555555555556,-0.06660269822516258,-0.3372772920581517,-0.07964319808814303,True
2293,0.8412698412698412,0.5555555555555556,-0.07212865234341696,-0.3648494062149118,-0.07608327801032468,True
2294,0.8571428571428571,0.5555555555555556,-0.07900384403721204,-0.39972114422656746,-0.07230128675120172,True
2295,0.873015873015873,0.5555555555555556,-0.08686428374674228,-0.44308637898172176,-0.06818511249311429,True
2296,0.8888888888888888,0.5555555555555556,-0.09420751801520141,-0.492372738976767,-0.0636173974574135,True
2297,0.9047619047619047,0.5555555555555556,-0.09791773653719812,-0.5373323789129938,-0.05860067159634866,True
2298,0.9206349206349206,0.5555555555555556,-0.09392940386178855,-0.5586922651716801,-0.05346416772910113,True
2299,0.9365079365079365,0.5555555555555556,-0.07981331132388811,-0.5353218535987134,-0.04893332050609122,True
2300,0.9523809523809523,0.5555555555555556,-0.05632398256357637,-0.45145379041482897,-0.045811036907962524,True
2301,0.9682539682539681,0.5555555555555556,-0.029685035028711445,-0.3151771323152844,-0.044562610105823186,True
2302,0.9841269841269841,0.5555555555555556,-0.008409506195244793,-0.1540557284512935,-0.04483402633095924,True
2303,1.0,0.5555555555555556,1.731681859583119e-06,-0.00018602597885313587,-0.045759917094820066,True
2304,0.0,0.5714285714285714,-4.025024167985726e-08,5.0750615306046525e-05,-0.03171197653830558,True
2305,0.015873015873015872,0.5714285714285714,0.0023829113926071483,0.09248304420301255,-0.031476698805081554,True
2306,0.031746031746031744,0.5714285714285714,0.007410452694080912,0.17048777078227384,-0.03151554637752097,True
2307,0.047619047619047616,0.5714285714285714,0.012611042849297371,0.23206653210130204,-0.0319881906633096,True
2308,0.06349206349206349,0.5714285714285714,0.016666478262287218,0.278141440688695,-0.032993293929636,True
2309,0.07936507936507936,0.5714285714285714,0.01939610955681119,0.31189257847028423,-0.0345666297194538,True
2310,0.09523809523809523,0.5714285714285714,0.02095547748070431,0.33668109736002916,-0.0367208544162697,True
2311,0.1111111111111111,0.5714285714285714,0.022015892716751518,0.3550853270012135,-0.0394399606606927,True
2312,0.12698412698412698,0.5714285714285714,0.02281512567260859,0.36801916550803276,-0.04269435222983964,True
2313,0.14285714285714285,0.5714285714285714,0.023427383299895153,0.37566658591434665,-0.04643679712166967,True
2314,0.15873015873015872,0.5714285714285714,0.02398134979412975,0.3782517912073451,-0.05058745736847533,True
2315,0.1746031746031746,0.5714285714285714,0.02442460277743466,0.37607242901731985,-0.055058495392607563,True
2316,0.19047619047619047,0.5714285714285714,0.024630816908160717,0.3692418653294083,-0.0597406562430016,True
2317,0.20634920634920634,0.5714285714285714,0.024643990311091185,0.3583755364982991,-0.06452515520827537,True
2318,0.2222222222222222,0.5714285714285714,0.024406224682318296,0.3441962892172187,-0.06931914457235418,True
2319,0.23809523809523808,0.5714285714285714,0.02396930530641142,0.32753379205333455,-0.07401748092541635,True
2320,0.25396825396825395,0.5714285714285714,0.023385406778383876,0.30929075630507713,-0.07856631202133044,True
2321,0.2698412698412698,0.5714285714285714,0.02266284347196037,0.2901507848008498,-0.08290498949825885,True
2322,0.2857142857142857,0.5714285714285714,0.021846584719510745,0.2707146604930171,-0.08701762016909777,True
2323,0.30158730158730157,0.5714285714285714,0.020991066907103475,0.2513681278944976,-0.09088069899918673,True
2324,0.31746031746031744,0.5714285714285714,0.02011915728721813,0.23233953717430658,-0.09448860611607994,True
2325,0.3333333333333333,0.5714285714285714,0.01925859353529353,0.21372337676627515,-0.09785038650727167,True
2326,0.3492063492063492,0.5714285714285714,0.01839873040980227,0.19553862472438688,-0.1009474563439331,True
2327,0.36507936507936506,0.5714285714285714,0.017546583998702882,0.17773340711941946,-0.1038104129682594,True
2328,0.38095238095238093,0.5714285714285714,0.016681677716862298,0.16025097178436515,-0.10641965294797162,True
2329,0.3968253968253968,0.5714285714285714,0.01579305844589786,0.1430227150699844,-0.10877279638666083,True
2330,0.4126984126984127,0.5714285714285714,0.014854386584926781,0.1259830313898337,-0.11087997949191232,True
2331,0.42857142857142855,0.5714285714285714,0.013853214467192693,0.10908597217517288,-0.11272801722837789,True
2332,0.4444444444444444,0.5714285714285714,0.01276004539130077,0.09228279725249725,-0.11432782192701563,True
2333,0.4603174603174603,0.5714285714285714,0.011571579602141701,0.07555843303224996,-0.11566467610898935,True
2334,0.47619047619047616,0.5714285714285714,0.010260613564068247,0.05887518075659305,-0.11673514644634883,True
2335,0.49206349206349204,0.5714285714285714,0.008816269781753927,0.0422123828457004,-0.1175405394400832,True
2336,0.5079365079365079,0.5714285714285714,0.00722948750368202,0.025561212314958236,-0.1180725208428024,True
2337,0.5238095238095237,0.5714285714285714,0.005489126385226938,0.008903227207992855,-0.11834796280019498,True
2338,0.5396825396825397,0.5714285714285714,0.0035850588836828182,-0.007778224237875008,-0.11835101473029228,True
2339,0.5555555555555556,0.5714285714285714,0.0015144863508056298,-0.024515989346855414,-0.11808070883602753,True
2340,0.5714285714285714,0.5714285714285714,-0.0007345617047745264,-0.0413097244764279,-0.11754753586625745,True
2341,0.5873015873015872,0.5714285714285714,-0.0031481324293794223,-0.058215337610930916,-0.11675705534887641,True
2342,0.6031746031746031,0.5714285714285714,-0.005750248937659923,-0.07522129601574397,-0.11569715012862489,True
2343,0.6190476190476191,0.5714285714285714,-0.00851027896764222,-0.09239534372517122,-0.11440107727903044,True
2344,0.6349206349206349,0.5714285714285714,-0.011437394274206408,-0.10973501963548661,-0.11284225235283366,True
2345,0.6507936507936507,0.5714285714285714,-0.014527378449198873,-0.12726390309257773,-0.11105397686746422,True
2346,0.6666666666666666,0.5714285714285714,-0.017761289978411674,-0.14498980455037663,-0.10902860276542088,True
2347,0.6825396825396826,0.5714285714285714,-0.021125990968000056,-0.16290742727511684,-0.10678393250202917,True
2348,0.6984126984126984,0.5714285714285714,-0.024603370470019634,-0.18099009936691274,-0.10432642969658759,True
2349,0.7142857142857142,0.5714285714285714,-0.028138457034314553,-0.19920995304662442,-0.1016894191049481,True
2350,0.7301587301587301,0.5714285714285714,-0.03173049507213253,-0.2174814435813337,-0.0988707064147278,True
2351,0.746031746031746,0.5714285714285714,-0.03536199529256049,-0.2357474680709557,-0.09590611579697161,True
2352,0.7619047619047619,0.5714285714285714,-0.03897537704499764,-0.253971283818253,-0.09282108138260393,True
2353,0.7777777777777777,0.5714285714285714,-0.042630128227798526,-0.27222067185124454,-0.08963642757466002,True
2354,0.7936507936507936,0.5714285714285714,-0.04643507867282223,-0.2907897740669085,-0.08639748021783589,True
2355,0.8095238095238095,0.5714285714285714,-0.050509085384912195,-0.3103995206605412,-0.08308672630074132,True
2356,0.8253968253968254,0.5714285714285714,-0.05515679121313309,-0.33228735675428295,-0.07974973180350212,True
2357,0.8412698412698412,0.5714285714285714,-0.060787729735614464,-0.35868116280309836,-0.07631388124336787,True
2358,0.8571428571428571,0.5714285714285714,-0.06770452773275436,-0.3921721085629625,-0.0727320524136945,True
2359,0.873015873015873,0.5714285714285714,-0.07576133381459513,-0.4348747099114262,-0.06887871734228866,True
2360,0.8888888888888888,0.5714285714285714,-0.08386216292418985,-0.4855375695278768,-0.06465047630139045,True
2361,0.9047619047619047,0.5714285714285714,-0.08915923264818826,-0.5354248003342466,-0.05998030346629305,True
2362,0.9206349206349206,0.5714285714285714,-0.08771414831632716,-0.5661827460517559,-0.05511910421823593,True
2363,0.9365079365079365,0.5714285714285714,-0.07629166564770848,-0.5530554882314229,-0.050700657263551184,True
2364,0.9523809523809523,0.5714285714285714,-0.05514194088802319,-0.4769516139127325,-0.04752072570686089,True
2365,0.9682539682539681,0.5714285714285714,-0.029629604197171845,-0.3403947914286262,-0.04615362826906297,True
2366,0.9841269841269841,0.5714285714285714,-0.008554453976604762,-0.16997330019350465,-0.04634962657973105,True
2367,1.0,0.5714285714285714,-5.440660527921089e-07,0.00018224772584292964,-0.04728273922568851,True
2368,0.0,0.5873015873015872,1.0818587036359553e-07,-5.976060144140149e-05,-0.032446141734210315,True
2369,0.015873015873015872,0.5873015873015872,0.002637239687608721,0.088014652626409,-0.032176988371546145,True
2370,0.031746031746031744,0.5873015873015872,0.008446558236151522,0.16444555947887343,-0.03216918696115712,True
2371,0.047619047619047616,0.5873015873015872,0.014932216461119556,0.22653461067998454,-0.03258495543638259,True
2372,0.06349206349206349,0.5873015873015872,0.020553044441246376,0.2740735491705722,-0.033527816206587326,True
2373,0.07936507936507936,0.5873015873015872,0.024683213597340103,0.30901579506481947,-0.03504155391874182,True
2374,0.09523809523809523,0.5873015873015872,0.027772724208828526,0.33475496844362695,-0.03712271195403599,True
2375,0.1111111111111111,0.5873015873015872,0.03009332741307787,0.3535924764562105,-0.03976571467916082,True
2376,0.12698412698412698,0.5873015873015872,0.0319828509926252,0.36672040867330485,-0.042938840466208134,True
2377,0.14285714285714285,0.5873015873015872,0.03369837437371565,0.37456619388342055,-0.046584290759785346,True
2378,0.15873015873015872,0.5873015873015872,0.035143931840472514,0.37738521327074204,-0.050647566917646256,True
2379,0.1746031746031746,0.5873015873015872,0.03633086148808368,0.3753250373091371,-0.05502375424379143,True
2380,0.19047619047619047,0.5873015873015872,0.03724863439919209,0.3688247284165458,-0.059623623646971956,True
2381,0.20634920634920634,0.5873015873015872,0.03780206843400223,0.3582216515379924,-0.06433891073027098,True
2382,0.2222222222222222,0.5873015873015872,0.038065640401757424,0.3443258593110939,-0.06906686512107159,True
2383,0.23809523809523808,0.5873015873015872,0.03800933774201487,0.32790876941914576,-0.07371964616591799,True
2384,0.25396825396825395,0.5873015873015872,0.03770240246152327,0.309833755955526,-0.07823554085638015,True
2385,0.2698412698412698,0.5873015873015872,0.03720147793406028,0.2908181235098341,-0.08255896140719336,True
2386,0.2857142857142857,0.5873015873015872,0.03659541422226682,0.2714651828823493,-0.0866595197760008,True
2387,0.30158730158730157,0.5873015873015872,0.03591240775264302,0.25215526470900296,-0.09052155333372143,True
2388,0.31746031746031744,0.5873015873015872,0.03520083682932461,0.23313251355336892,-0.09413947213220927,True
2389,0.3333333333333333,0.5873015873015872,0.034481697212162946,0.21451653668418738,-0.09749717751683187,True
2390,0.3492063492063492,0.5873015873015872,0.0337626037851884,0.19631905759933063,-0.10062470160264006,True
2391,0.36507936507936506,0.5873015873015872,0.033043757671946276,0.1785224006086193,-0.10348436878256083,True
2392,0.38095238095238093,0.5873015873015872,0.032313717629318395,0.1610583948739393,-0.10610599611433948,True
2393,0.3968253968253968,0.5873015873015872,0.03155706899364352,0.14386791594392465,-0.10848831913630586,True
2394,0.4126984126984127,0.5873015873015872,0.030742875966372624,0.1268917662415632,-0.11060551268689908,True
2395,0.42857142857142855,0.5873015873015872,0.029848639044618916,0.11007352763216874,-0.1124782806835988,True
2396,0.4444444444444444,0.5873015873015872,0.028854762016663277,0.09337272825245747,-0.11408144907787791,True
2397,0.4603174603174603,0.5873015873015872,0.027743284389997028,0.07676121607605492,-0.11542243136160897,True
2398,0.47619047619047616,0.5873015873015872,0.02649781790549666,0.0602160537413337,-0.11651109341785046,True
2399,0.49206349206349204,0.5873015873015872,0.025101920204843427,0.043716640825270256,-0.11732539822216592,True
2400,0.5079365079365079,0.5873015873015872,0.023539063660476846,0.0272318255781765,-0.11786188747858854,True
2401,0.5238095238095237,0.5873015873015872,0.021799608639805203,0.010740053719640673,-0.11813804076294487,True
2402,0.5396825396825397,0.5873015873015872,0.019874327470259842,-0.005773765744278053,-0.11814300201359852,True
2403,0.5555555555555556,0.5873015873015872,0.01775616954100812,-0.0223215411366131,-0.11786881884202628,True
2404,0.5714285714285714,0.5873015873015872,0.015443564446727084,-0.038943467660475815,-0.11732894777760351,True
2405,0.5873015873015872,0.5873015873015872,0.012931754375283695,-0.055650696091671725,-0.11653143518190967,True
2406,0.6031746031746031,0.5873015873015872,0.010213581241613593,-0.07247370053333145,-0.11545696121311419,True
2407,0.6190476190476191,0.5873015873015872,0.007312368747739352,-0.08947001555730502,-0.11414187104343466,True
2408,0.6349206349206349,0.5873015873015872,0.0042021481934169,-0.10662492613096433,-0.11257442400924168,True
2409,0.6507936507936507,0.5873015873015872,0.0009167819946972845,-0.12399019607143721,-0.11075274436363565,True
2410,0.6666666666666666,0.5873015873015872,-0.0025718500416537097,-0.1415514376137642,-0.10871426200773067,True
2411,0.6825396825396826,0.5873015873015872,-0.006195319317935742,-0.15934113670272604,-0.10644703853185938,True
2412,0.6984126984126984,0.5873015873015872,-0.00996169442913023,-0.17731988638359605,-0.10396951333074428,True
2413,0.7142857142857142,0.5873015873015872,-0.013872311790303763,-0.19544637638034545,-0.10130863142518938,True
2414,0.7301587301587301,0.5873015873015872,-0.017878931322872167,-0.21365737069087737,-0.09846958658940959,True
2415,0.746031746031746,0.5873015873015872,-0.021924812830731905,-0.2318964662685203,-0.09549594664606201,True
2416,0.7619047619047619,0.5873015873015872,-0.026043319099216995,-0.2500857727013874,-0.09239910059604041,True
2417,0.7777777777777777,0.5873015873015872,-0.030212551660465842,-0.2682680079837542,-0.08922110794507562,True
2418,0.7936507936507936,0.5873015873015872,-0.03449575087660734,-0.28666420209425586,-0.08598179384485076,True
2419,0.8095238095238095,0.5873015873015872,-0.03901897547094721,-0.30588903069262924,-0.08272051058546155,True
2420,0.8253968253968254,0.5873015873015872,-0.04403368364459776,-0.32707472544434013,-0.07944516820161412,True
2421,0.8412698412698412,0.5873015873015872,-0.04988516746629656,-0.35240729055134956,-0.07611603861974958,True
2422,0.8571428571428571,0.5873015873015872,-0.056913038968613654,-0.38449641477233354,-0.07271196300830454,True
2423,0.873015873015873,0.5873015873015872,-0.06522041982771103,-0.4262276856705916,-0.06911098688850151,True
2424,0.8888888888888888,0.5873015873015872,-0.07391043619038948,-0.47762050072206236,-0.06518378120994128,True
2425,0.9047619047619047,0.5873015873015872,-0.08066077247513838,-0.5319112119967523,-0.06086630065456625,True
2426,0.9206349206349206,0.5873015873015872,-0.08149144510864763,-0.5710929565147467,-0.05628760189717405,True
2427,0.9365079365079365,0.5873015873015872,-0.07277243510300992,-0.5692722927910333,-0.05203897415699881,True
2428,0.9523809523809523,0.5873015873015872,-0.05371932824618638,-0.5007818017709594,-0.04885962987293285,True
2429,0.9682539682539681,0.5873015873015872,-0.029448280518354353,-0.3649648535817721,-0.04740459790572537,True
2430,0.9841269841269841,0.5873015873015872,-0.008608265877102141,-0.18595217179390142,-0.04754724415509633,True
2431,1.0,0.5873015873015872,2.5538393517981105e-07,-0.0002093672080497962,-0.04847168669305631,True
2432,0.0,0.6031746031746031,-1.9014190316023243e-07,3.722991357463263e-05,-0.03296091290214521,True
2433,0.015873015873015872,0.6031746031746031,0.0028415946629302045,0.08306445504801309,-0.0326634974295493,True
2434,0.031746031746031744,0.6031746031746031,0.009328288436012454,0.15744171633292423,-0.03261301302867458,True
2435,0.047619047619047616,0.6031746031746031,0.01692898510456903,0.21968962103799816,-0.03297241522886687,True
2436,0.06349206349206349,0.6031746031746031,0.023948330402636407,0.2683082078436398,-0.03384199405244039,True
2437,0.07936507936507936,0.6031746031746031,0.029743642938548302,0.30474373926640813,-0.03526958286694905,True
2438,0.09523809523809523,0.6031746031746031,0.03420708364566451,0.3314713060094552,-0.03727019602741084,True
2439,0.1111111111111111,0.6031746031746031,0.03780724427837136,0.3509089544992592,-0.039821634819409035,True
2440,0.12698412698412698,0.6031746031746031,0.040877469871206905,0.364445449471661,-0.042894596182023,True
2441,0.14285714285714285,0.6031746031746031,0.0435454763060906,0.37254686559665573,-0.04644145901830871,True
2442,0.15873015873015872,0.6031746031746031,0.045906216820671544,0.3756034064353627,-0.05039488752871939,True
2443,0.1746031746031746,0.6031746031746031,0.04791170154833822,0.37391141202442546,-0.05467289754866362,True
2444,0.19047619047619047,0.6031746031746031,0.04952384531370941,0.36772694072371365,-0.059176492417875155,True
2445,0.20634920634920634,0.6031746031746031,0.050734631856331994,0.3575502929013745,-0.06380649784825189,True
2446,0.2222222222222222,0.6031746031746031,0.051483552477795264,0.344008807239936,-0.06847508926932622,True
2447,0.23809523809523808,0.6031746031746031,0.05185195699580547,0.3279154425308272,-0.07308270810854431,True
2448,0.25396825396825395,0.6031746031746031,0.05189647615604342,0.31009830216504786,-0.07756789616265736,True
2449,0.2698412698412698,0.6031746031746031,0.05169510290872647,0.2912699549799217,-0.08187187027881519,True
2450,0.2857142857142857,0.6031746031746031,0.05130716687555446,0.2720173346613961,-0.08596990305232066,True
2451,0.30158730158730157,0.6031746031746031,0.050825961074942055,0.2527659662298862,-0.08983706749722895,True
2452,0.31746031746031744,0.6031746031746031,0.050295631115681014,0.23376678069076495,-0.09346512633538935,True
2453,0.3333333333333333,0.6031746031746031,0.04974655806785727,0.2151503406592126,-0.09684714067114378,True
2454,0.3492063492063492,0.6031746031746031,0.04919007229576048,0.19695556764285083,-0.09998366701934142,True
2455,0.36507936507936506,0.6031746031746031,0.04863612174936754,0.1791665377250079,-0.1028697855550145,True
2456,0.38095238095238093,0.6031746031746031,0.0480504435361141,0.16172830103650815,-0.10551395863031406,True
2457,0.3968253968253968,0.6031746031746031,0.04742377894865061,0.1445833100375428,-0.10790564508128704,True
2458,0.4126984126984127,0.6031746031746031,0.04674089332203154,0.1276767282865982,-0.11005372673323056,True
2459,0.42857142857142855,0.6031746031746031,0.045967725133356646,0.11095351681389622,-0.11193990422954003,True
2460,0.4444444444444444,0.6031746031746031,0.04508523527151528,0.09437755743336865,-0.11356126979456482,True
2461,0.4603174603174603,0.6031746031746031,0.044065040120864256,0.07790362770493943,-0.11492453232233157,True
2462,0.47619047619047616,0.6031746031746031,0.04288874403924414,0.06150418606387342,-0.11601698113762535,True
2463,0.49206349206349204,0.6031746031746031,0.04154606326035606,0.04517162443790499,-0.11684223656428004,True
2464,0.5079365079365079,0.6031746031746031,0.04001435006195768,0.028859142345098957,-0.11739149722870489,True
2465,0.5238095238095237,0.6031746031746031,0.038284102273496705,0.012561074958598064,-0.11766883260289973,True
2466,0.5396825396825397,0.6031746031746031,0.036345211220724066,-0.0037372272124640586,-0.11766852648385118,True
2467,0.5555555555555556,0.6031746031746031,0.03418949935513959,-0.020081408157197965,-0.11739279341459502,True
2468,0.5714285714285714,0.6031746031746031,0.031814982409463975,-0.036494853963551024,-0.11684979581953842,True
2469,0.5873015873015872,0.6031746031746031,0.029216576688965323,-0.05299888235742342,-0.11602816684785533,True
2470,0.6031746031746031,0.6031746031746031,0.026382940772399447,-0.06960561392542648,-0.11495525490275324,True
2471,0.6190476190476191,0.6031746031746031,0.023332393798377482,-0.08638199831802575,-0.11361037778977838,True
2472,0.6349206349206349,0.6031746031746031,0.020039228081173692,-0.10332014415732775,-0.11201327056334105,True
2473,0.6507936507936507,0.6031746031746031,0.016548419520721096,-0.12049097529771513,-0.11018122242064168,True
2474,0.6666666666666666,0.6031746031746031,0.012844837007440333,-0.13787934430995696,-0.10810692403497359,True
2475,0.6825396825396826,0.6031746031746031,0.008918793105870532,-0.15548001393358635,-0.1058080889306807,True
2476,0.6984126984126984,0.6031746031746031,0.004814437681726211,-0.17329926742928659,-0.10330268744590243,True
2477,0.7142857142857142,0.6031746031746031,0.0005451733903991559,-0.1912911633701863,-0.10060138525068313,True
2478,0.7301587301587301,0.6031746031746031,-0.0038481440231491484,-0.2094072995617832,-0.09774099169707584,True
2479,0.746031746031746,0.6031746031746031,-0.00838751793223647,-0.2275653266022575,-0.09474138184741536,True
2480,0.7619047619047619,0.6031746031746031,-0.01299979916811305,-0.24568265315332402,-0.09162067003277628,True
2481,0.7777777777777777,0.6031746031746031,-0.017741422606113902,-0.2637747374416853,-0.0884306548564492,True
2482,0.7936507936507936,0.6031746031746031,-0.022574653718124196,-0.28202056292823285,-0.085203569784363,True
2483,0.8095238095238095,0.6031746031746031,-0.027646196180215226,-0.3009136872959261,-0.08195994588615432,True
2484,0.8253968253968254,0.6031746031746031,-0.03310401193193355,-0.32154492468063073,-0.0787310536629568,True
2485,0.8412698412698412,0.6031746031746031,-0.03932355031196587,-0.3458646606321804,-0.07549180200941333,True
2486,0.8571428571428571,0.6031746031746031,-0.046595665038932775,-0.3766882972820745,-0.07222426403431245,True
2487,0.873015873015873,0.6031746031746031,-0.05514680167148273,-0.4172883459839109,-0.06882243546648963,True
2488,0.8888888888888888,0.6031746031746031,-0.06441346556429474,-0.46885696724629367,-0.06518922044457154,True
2489,0.9047619047619047,0.6031746031746031,-0.07237798535504004,-0.5264905632755291,-0.06120729286725345,True
2490,0.9206349206349206,0.6031746031746031,-0.07527845837158091,-0.5736462607398362,-0.05697288265726169,True
2491,0.9365079365079365,0.6031746031746031,-0.06891526092799985,-0.5815896690999889,-0.05289835709524466,True
2492,0.9523809523809523,0.6031746031746031,-0.052208377492585376,-0.5229876414557255,-0.049779673233273834,True
2493,0.9682539682539681,0.6031746031746031,-0.0291515337574981,-0.38882350525077786,-0.04826857604366924,True
2494,0.9841269841269841,0.6031746031746031,-0.008648388565126905,-0.20200483578416914,-0.04835798750991852,True
2495,1.0,0.6031746031746031,-1.7939707933589128e-07,0.0002016857876812383,-0.049276485113509044,True
2496,0.0,0.6190476190476191,8.794270803126053e-07,2.4822917289106862e-05,-0.03327800784485003,True
2497,0.015873015873015872,0.6190476190476191,0.002973409143272949,0.07778871422878643,-0.03296014346641428,True
2498,0.031746031746031744,0.6190476190476191,0.0100096637166108,0.14960189176848906,-0.03286355949907658,True
2499,0.047619047619047616,0.6190476190476191,0.01865892957670461,0.2115264000176625,-0.03315539757010169,True
2500,0.06349206349206349,0.6190476190476191,0.027025245029584276,0.26119420425789275,-0.03394410290083202,True
2501,0.07936507936507936,0.6190476190476191,0.03424862985019252,0.2989467637227046,-0.03528103711560658,True
2502,0.09523809523809523,0.6190476190476191,0.04011428670144235,0.3267483390098087,-0.03718228647322034,True
2503,0.1111111111111111,0.6190476190476191,0.04503891410069712,0.34702938030072106,-0.03962607106425776,True
2504,0.12698412698412698,0.6190476190476191,0.049265770709293846,0.36105568576447533,-0.04258171458412374,True
2505,0.14285714285714285,0.6190476190476191,0.052960013492622596,0.36954912602477574,-0.046008777064670624,True
2506,0.15873015873015872,0.6190476190476191,0.056235493131615584,0.37296741714263626,-0.04984135397795994,True
2507,0.1746031746031746,0.6190476190476191,0.05910710711630862,0.3716800037955686,-0.053996826503850355,True
2508,0.19047619047619047,0.6190476190476191,0.06147743835323068,0.36599578395250926,-0.05839823989002164,True
2509,0.20634920634920634,0.6190476190476191,0.06331554720258481,0.3562750900772195,-0.06294364488554259,True
2510,0.2222222222222222,0.6190476190476191,0.06465537710968848,0.3431985031835354,-0.06753687469605169,True
2511,0.23809523809523808,0.6190476190476191,0.06549110110522342,0.32751189964841915,-0.0721010383620486,True
2512,0.25396825396825395,0.6190476190476191,0.06593266620881376,0.3099971631929457,-0.07654754078455087,True
2513,0.2698412698412698,0.6190476190476191,0.06606654742226019,0.29142513052935753,-0.08085050912592881,True
2514,0.2857142857142857,0.6190476190476191,0.06597698756111581,0.272328828855304,-0.08493991581089248,True
2515,0.30158730158730157,0.6190476190476191,0.06573530450941509,0.2531663158259091,-0.08882457419149364,True
2516,0.31746031746031744,0.6190476190476191,0.06542492206122966,0.23421185291726074,-0.09246328319421661,True
2517,0.3333333333333333,0.6190476190476191,0.06507053659821657,0.21561015004516804,-0.09587833258989716,True
2518,0.3492063492063492,0.6190476190476191,0.0646889900620321,0.19742732693983764,-0.09902790789684335,True
2519,0.36507936507936506,0.6190476190476191,0.06430674999597324,0.17965171418135445,-0.10195015276324382,True
2520,0.38095238095238093,0.6190476190476191,0.06388245208494997,0.16224408782509853,-0.10462647490414843,True
2521,0.3968253968253968,0.6190476190476191,0.06341517330881373,0.14515686341396145,-0.10704706959507303,True
2522,0.4126984126984127,0.6190476190476191,0.0628708379462471,0.12833060388152726,-0.10920807264963393,True
2523,0.42857142857142855,0.6190476190476191,0.0622346442834219,0.11171968307643529,-0.1111192907974095,True
2524,0.4444444444444444,0.6190476190476191,0.06146600320947149,0.09527013084561942,-0.11276921047521905,True
2525,0.4603174603174603,0.6190476190476191,0.060544139189895756,0.07894509345135989,-0.11415561394354141,True
2526,0.47619047619047616,0.6190476190476191,0.05945599917847821,0.06273298841073463,-0.11526182246768976,True
2527,0.49206349206349204,0.6190476190476191,0.05817061413474237,0.04657158488080068,-0.11610044780364899,True
2528,0.5079365079365079,0.6190476190476191,0.05668517069099491,0.03048637939064772,-0.11666149733671956,True
2529,0.5238095238095237,0.6190476190476191,0.054970832512020736,0.014385298099281596,-0.11693352773220482,True
2530,0.5396825396825397,0.6190476190476191,0.05302726564590718,-0.0016806256368930561,-0.11693935205861704,True
2531,0.5555555555555556,0.6190476190476191,0.05084060325830347,-0.017798999158048463,-0.11666405062624889,True
2532,0.5714285714285714,0.6190476190476191,0.04840537376914871,-0.03396219956450913,-0.11610409890093247,True
2533,0.5873015873015872,0.6190476190476191,0.04571443783638021,-0.050208796034574024,-0.11527129612378036,True
2534,0.6031746031746031,0.6190476190476191,0.04277678749393421,-0.06659722406794792,-0.11417929652832114,True
2535,0.6190476190476191,0.6190476190476191,0.03957460346115829,-0.08312212160918986,-0.11280896616344661,True
2536,0.6349206349206349,0.6190476190476191,0.036119135916805274,-0.09983802663423089,-0.11118701372644434,True
2537,0.6507936507936507,0.6190476190476191,0.03241343596111695,-0.11676896011282421,-0.109321870449663,True
2538,0.6666666666666666,0.6190476190476191,0.028442802723325788,-0.13391441106754168,-0.1072048209107477,True
2539,0.6825396825396826,0.6190476190476191,0.024249531756763813,-0.15131400962728553,-0.1048703261560155,True
2540,0.6984126984126984,0.6190476190476191,0.019815234189628956,-0.16893234240240843,-0.10232209408225784,True
2541,0.7142857142857142,0.6190476190476191,0.01517535961136135,-0.18675024071399382,-0.09958304800702952,True
2542,0.7301587301587301,0.6190476190476191,0.010314558299835762,-0.20469559558599365,-0.09667724901857455,True
2543,0.746031746031746,0.6190476190476191,0.0053082780273777455,-0.22272307507141037,-0.09363953774503062,True
2544,0.7619047619047619,0.6190476190476191,0.00012916996562713947,-0.24072798078756247,-0.09049135273429797,True
2545,0.7777777777777777,0.6190476190476191,-0.005172372418865365,-0.2587078166037267,-0.08727759199903233,True
2546,0.7936507936507936,0.6190476190476191,-0.010616910816221943,-0.2767914532992013,-0.08403946456512322,True
2547,0.8095238095238095,0.6190476190476191,-0.016327065598084604,-0.2953895874073464,-0.08079529697054608,True
2548,0.8253968253968254,0.6190476190476191,-0.022367869984755567,-0.315499364715704,-0.07760339902548101,True
2549,0.8412698412698412,0.6190476190476191,-0.02904759972434274,-0.3389464129144085,-0.07443446006235202,True
2550,0.8571428571428571,0.6190476190476191,-0.036705627703513974,-0.36858998020880057,-0.07127621606261225,True
2551,0.873015873015873,0.6190476190476191,-0.04558467736746213,-0.40790111462485334,-0.06806583976228872,True
2552,0.8888888888888888,0.6190476190476191,-0.05535488205227242,-0.45933287161243075,-0.06465622761325014,True
2553,0.9047619047619047,0.6190476190476191,-0.06435864375467047,-0.5193565844382825,-0.060979545853284516,True
2554,0.9206349206349206,0.6190476190476191,-0.0691811209968227,-0.5736117486302639,-0.057072570474840385,True
2555,0.9365079365079365,0.6190476190476191,-0.06528548399319727,-0.5925111024163079,-0.053239873989675036,True
2556,0.9523809523809523,0.6190476190476191,-0.050586322506199065,-0.543413447847061,-0.05022074593513635,True
2557,0.9682539682539681,0.6190476190476191,-0.028794441881161214,-0.4120998331405655,-0.04869495510199135,True
2558,0.9841269841269841,0.6190476190476191,-0.008670359719235876,-0.21781932600726958,-0.04873829406600299,True
2559,1.0,0.6190476190476191,1.682690019952432e-07,-0.0001934632678759635,-0.04965261708150767,True
2560,0.0,0.6349206349206349,-6.807145226461109e-07,-5.1777779128961335e-05,-0.03340496649495691,True
2561,0.015873015873015872,0.6349206349206349,0.0030524923575355888,0.07222343042074839,-0.03307442452951011,True
2562,0.031746031746031744,0.6349206349206349,0.010490923702734668,0.14107277869177104,-0.03293932849717559,True
2563,0.047619047619047616,0.6349206349206349,0.019965139456748354,0.20221432971024686,-0.03316484865294884,True
2564,0.06349206349206349,0.6349206349206349,0.029592769447683052,0.2525855547379459,-0.03385912702143027,True
2565,0.07936507936507936,0.6349206349206349,0.03817550440072983,0.29163750024696866,-0.03509556669664645,True
2566,0.09523809523809523,0.6349206349206349,0.0455271687580259,0.32072934416663856,-0.03687334597383085,True
2567,0.1111111111111111,0.6349206349206349,0.051741049839253685,0.34186198553937547,-0.03918859062174526,True
2568,0.12698412698412698,0.6349206349206349,0.057072402380317626,0.3564876308232855,-0.04201650501509264,True
2569,0.14285714285714285,0.6349206349206349,0.061844694183498666,0.36552947219674564,-0.045300720571793816,True
2570,0.15873015873015872,0.6349206349206349,0.06608319212207155,0.3694569438463272,-0.04899414450764355,True
2571,0.1746031746031746,0.6349206349206349,0.06977631317312928,0.3686522090842917,-0.05302664767692985,True
2572,0.19047619047619047,0.6349206349206349,0.07294440048129547,0.36347377791739577,-0.05730329379479189,True
2573,0.20634920634920634,0.6349206349206349,0.07552217081431953,0.35437589314466666,-0.061751497911324955,True
2574,0.2222222222222222,0.6349206349206349,0.07746359906507824,0.3417933390619164,-0.06626601500123261,True
2575,0.23809523809523808,0.6349206349206349,0.0788951942098621,0.32662511610737877,-0.07076802983669989,True
2576,0.25396825396825395,0.6349206349206349,0.07981195017258566,0.3095382887429047,-0.07519675430914628,True
2577,0.2698412698412698,0.6349206349206349,0.08034758144039328,0.29124072841315407,-0.07946991786230853,True
2578,0.2857142857142857,0.6349206349206349,0.08059364565929482,0.2723561727408705,-0.08357584862507089,True
2579,0.30158730158730157,0.6349206349206349,0.08064115956131786,0.2533173235225066,-0.08746986107750546,True
2580,0.31746031746031744,0.6349206349206349,0.08059004318793615,0.23443322302543743,-0.09113959253773776,True
2581,0.3333333333333333,0.6349206349206349,0.08046884110322435,0.21587218526985358,-0.09457790602592712,True
2582,0.3492063492063492,0.6349206349206349,0.08029948275606137,0.1977077945763467,-0.09777932207181093,True
2583,0.36507936507936506,0.6349206349206349,0.08009723174215665,0.17996047615645913,-0.10072746580471985,True
2584,0.38095238095238093,0.6349206349206349,0.07985010447664335,0.16259850482806834,-0.10342431871122525,True
2585,0.3968253968253968,0.6349206349206349,0.07955619325428777,0.14557776327550348,-0.10588706665503184,True
2586,0.4126984126984127,0.6349206349206349,0.07917127849441104,0.12884752004714586,-0.10808887673044758,True
2587,0.42857142857142855,0.6349206349206349,0.07866035095078457,0.11234076156014454,-0.11002621260604026,True
2588,0.4444444444444444,0.6349206349206349,0.07802892991486558,0.09604694950360791,-0.11170780767351748,True
2589,0.4603174603174603,0.6349206349206349,0.07722002668724144,0.07989464625403507,-0.11311328922503126,True
2590,0.47619047619047616,0.6349206349206349,0.07622854601470322,0.06388085826014081,-0.11424195110329939,True
2591,0.49206349206349204,0.6349206349206349,0.07501094095416982,0.04791564942940696,-0.11509350970055576,True
2592,0.5079365079365079,0.6349206349206349,0.07357986281527026,0.03206242163059132,-0.1156711504864495,True
2593,0.5238095238095237,0.6349206349206349,0.07189178581802928,0.01620184783040192,-0.11595080730072878,True
2594,0.5396825396825397,0.6349206349206349,0.06995138949539798,0.0003774767866069659,-0.1159547715865595,True
2595,0.5555555555555556,0.6349206349206349,0.06774277156579785,-0.015469186431627915,-0.11567914019797665,True
2596,0.5714285714285714,0.6349206349206349,0.06525939401481796,-0.03138038578427322,-0.11510906816952064,True
2597,0.5873015873015872,0.6349206349206349,0.06249268386283559,-0.047368429949069035,-0.11426252814320814,True
2598,0.6031746031746031,0.6349206349206349,0.05944303375170537,-0.06347638889318877,-0.11313630878510796,True
2599,0.6190476190476191,0.6349206349206349,0.05609457111234123,-0.07971591800424298,-0.11174456986584382,True
2600,0.6349206349206349,0.6349206349206349,0.05246614377494626,-0.09616311065078118,-0.11009518054503008,True
2601,0.6507936507936507,0.6349206349206349,0.04854063900487713,-0.11281389832310472,-0.1081804586865975,True
2602,0.6666666666666666,0.6349206349206349,0.04432629607686565,-0.129699136091314,-0.10601950620375877,True
2603,0.6825396825396826,0.6349206349206349,0.039823785350305244,-0.14682947707600819,-0.10364079442633378,True
2604,0.6984126984126984,0.6349206349206349,0.035043976831455284,-0.1641972596069764,-0.101039292761782,True
2605,0.7142857142857142,0.6349206349206349,0.03001508168981844,-0.1817848029018319,-0.09824757759165792,True
2606,0.7301587301587301,0.6349206349206349,0.02470757821293694,-0.1995221242933696,-0.09529115625583058,True
2607,0.746031746031746,0.6349206349206349,0.019183207244098735,-0.21735078987038287,-0.09219909119089548,True
2608,0.7619047619047619,0.6349206349206349,0.013451031714472917,-0.2351944093237805,-0.08900940506488218,True
2609,0.7777777777777777,0.6349206349206349,0.007511150427449267,-0.25300560611355594,-0.08575616302923636,True
2610,0.7936507936507936,0.6349206349206349,0.0013498972550893237,-0.2708826313875325,-0.08248635950553608,True
2611,0.8095238095238095,0.6349206349206349,-0.004999728382574781,-0.28922541037143457,-0.07924496470662681,True
2612,0.8253968253968254,0.6349206349206349,-0.011705122375518425,-0.308916514205344,-0.07605080717501593,True
2613,0.8412698412698412,0.6349206349206349,-0.01898312365000036,-0.3315915105138055,-0.07293590714606965,True
2614,0.8571428571428571,0.6349206349206349,-0.027138048574050416,-0.36012051778529297,-0.06986525322716729,True
2615,0.873015873015873,0.6349206349206349,-0.03641844176336081,-0.39826266684928263,-0.06678992552598088,True
2616,0.8888888888888888,0.6349206349206349,-0.04675633184289295,-0.4491446310241629,-0.0636109565459114,True
2617,0.9047619047619047,0.6349206349206349,-0.0567348726941866,-0.5110708243467735,-0.060225168186402576,True
2618,0.9206349206349206,0.6349206349206349,-0.06319118916920498,-0.5712357058465113,-0.05661491716867677,True
2619,0.9365079365079365,0.6349206349206349,-0.06154572951411461,-0.6008192328201581,-0.053052364242107075,True
2620,0.9523809523809523,0.6349206349206349,-0.04901114943255207,-0.5619254583254676,-0.05015317323606997,True
2621,0.9682539682539681,0.6349206349206349,-0.02846457174635932,-0.43438238893541,-0.04863467684444283,True
2622,0.9841269841269841,0.6349206349206349,-0.00868629169308318,-0.2337429984362958,-0.048650732612324575,True
2623,1.0,0.6349206349206349,-2.2010330493665294e-07,0.0002011480550719648,-0.0495606476898242,True
2624,0.0,0.6507936507936507,1.5428238729172993e-07,5.7773925389324756e-05,-0.033367361954360276,True
2625,0.015873015873015872,0.6507936507936507,0.003078434336096757,0.06655230712405318,-0.033028188659736876,True
2626,0.031746031746031744,0.6507936507936507,0.010775615579842903,0.13198431549496673,-0.03285942655793517,True
2627,0.047619047619047616,0.6507936507936507,0.020929493677778667,0.1919274509179266,-0.03301709376061984,True
2628,0.06349206349206349,0.6507936507936507,0.03161957077821095,0.24272864412380007,-0.03361623256025802,True
2629,0.07936507936507936,0.6507936507936507,0.041588544484257986,0.28299715412841103,-0.03472588942106289,True
2630,0.09523809523809523,0.6507936507936507,0.05027719555230864,0.31337001084332233,-0.03637326073312754,True
2631,0.1111111111111111,0.6507936507936507,0.05777994177841393,0.3355417961607266,-0.03854440427837668,True
2632,0.12698412698412698,0.6507936507936507,0.06432845570958623,0.3509614575941952,-0.04121336484087778,True
2633,0.14285714285714285,0.6507936507936507,0.0701231512837856,0.36053618343433586,-0.044339415750742545,True
2634,0.15873015873015872,0.6507936507936507,0.07530005723063361,0.3650064244266687,-0.047878974058302194,True
2635,0.1746031746031746,0.6507936507936507,0.0799219221546737,0.36479514878969416,-0.0517572945228256,True
2636,0.19047619047619047,0.6507936507936507,0.08388775102791715,0.360176470112695,-0.055902568340216396,True
2637,0.20634920634920634,0.6507936507936507,0.08726939843326408,0.3517267164686721,-0.06022901594910904,True
2638,0.2222222222222222,0.6507936507936507,0.0899650664275642,0.33983800690775706,-0.06465322856042117,True
2639,0.23809523809523808,0.6507936507936507,0.091958326048713,0.32517164411432165,-0.06910094088821814,True
2640,0.25396825396825395,0.6507936507936507,0.09345221552532361,0.3085686366900373,-0.07348516768774226,True
2641,0.2698412698412698,0.6507936507936507,0.0944636019970635,0.2906505837600694,-0.07775311092693403,True
2642,0.2857142857142857,0.6507936507936507,0.09512061896428865,0.2720268657876053,-0.08186031280436755,True
2643,0.30158730158730157,0.6507936507936507,0.09554649492718496,0.25317251950968034,-0.08577569300723285,True
2644,0.31746031746031744,0.6507936507936507,0.09578884026502732,0.23439215306225686,-0.08948169901344995,True
2645,0.3333333333333333,0.6507936507936507,0.09592779305849218,0.21589500420608645,-0.09295007321135669,True
2646,0.3492063492063492,0.6507936507936507,0.0960064938942261,0.1977787191476028,-0.09619563352919516,True
2647,0.36507936507936506,0.6507936507936507,0.09602416378917965,0.18007380650369417,-0.09919271873353482,True
2648,0.38095238095238093,0.6507936507936507,0.09598112920683693,0.16276768295175542,-0.10194344732836715,True
2649,0.3968253968253968,0.6507936507936507,0.09586296838972565,0.14582578311552236,-0.10443295125811349,True
2650,0.4126984126984127,0.6507936507936507,0.09565005805127934,0.12919860214309303,-0.10668488860980792,True
2651,0.42857142857142855,0.6507936507936507,0.09530696700451216,0.11283753567087286,-0.10866317699694208,True
2652,0.4444444444444444,0.6507936507936507,0.09481018909777264,0.09670027190210698,-0.11037276001429137,True
2653,0.4603174603174603,0.6507936507936507,0.09412296847607483,0.08073388043975727,-0.11180905818675571,True
2654,0.47619047619047616,0.6507936507936507,0.09323267984256647,0.06491989943233743,-0.11297002434886669,True
2655,0.49206349206349204,0.6507936507936507,0.09210770023300117,0.049211010522275035,-0.11384259199710096,True
2656,0.5079365079365079,0.6507936507936507,0.090733065188112,0.0335941689549261,-0.11442203228149647,True
2657,0.5238095238095237,0.6507936507936507,0.08908792269018524,0.018013165132921866,-0.11473112268981933,True
2658,0.5396825396825397,0.6507936507936507,0.08715703917314135,0.0024549971661397573,-0.11472752145951194,True
2659,0.5555555555555556,0.6507936507936507,0.08493312068997552,-0.013120013964971549,-0.11444084030608158,True
2660,0.5714285714285714,0.6507936507936507,0.08240333834714927,-0.028710830698754478,-0.11386696579646215,True
2661,0.5873015873015872,0.6507936507936507,0.0795621534637492,-0.04440198068336892,-0.11299667820038707,True
2662,0.6031746031746031,0.6507936507936507,0.07640417556572937,-0.060200883164551224,-0.11185535593311667,True
2663,0.6190476190476191,0.6507936507936507,0.07292527662775318,-0.07615702717395711,-0.11043096838718243,True
2664,0.6349206349206349,0.6507936507936507,0.06911559039251834,-0.09228565227201392,-0.10873252831423759,True
2665,0.6507936507936507,0.6507936507936507,0.06496906377318376,-0.10861820520074292,-0.1067667973173533,True
2666,0.6666666666666666,0.6507936507936507,0.06050368188639572,-0.125205525792741,-0.10456683817522691,True
2667,0.6825396825396826,0.6507936507936507,0.05570880409625479,-0.14203859965848695,-0.10212189707702557,True
2668,0.6984126984126984,0.6507936507936507,0.05057547888232683,-0.1591067294930809,-0.09946085560988299,True
2669,0.7142857142857142,0.6507936507936507,0.04509954210921574,-0.17638260825954713,-0.09660465994037416,True
2670,0.7301587301587301,0.6507936507936507,0.03935663196787185,-0.19386785407252943,-0.0935885544354191,True
2671,0.746031746031746,0.6507936507936507,0.03328371851553515,-0.21143153853990554,-0.09042829995859514,True
2672,0.7619047619047619,0.6507936507936507,0.02693058433063367,-0.22903269763015532,-0.08717616395400148,True
2673,0.7777777777777777,0.6507936507936507,0.020317367413024968,-0.24662328673093528,-0.08387008506202154,True
2674,0.7936507936507936,0.6507936507936507,0.01348465703534289,-0.26428374005860944,-0.08055900773786379,True
2675,0.8095238095238095,0.6507936507936507,0.006349450781278464,-0.28233805504158827,-0.07729045346413989,True
2676,0.8253968253968254,0.6507936507936507,-0.0011295465315701932,-0.3015929180205114,-0.07409273301552351,True
2677,0.8412698412698412,0.6507936507936507,-0.009100291805369093,-0.3236214972410524,-0.07099886820789074,True
2678,0.8571428571428571,0.6507936507936507,-0.01782540570599142,-0.35117558491691336,-0.06799381114375407,True
2679,0.873015873015873,0.6507936507936507,-0.027636436059352322,-0.38813295549248444,-0.06503061358970585,True
2680,0.8888888888888888,0.6507936507936507,-0.03850963294016433,-0.43820997062664135,-0.062033129108821444,True
2681,0.9047619047619047,0.6507936507936507,-0.04945858813643454,-0.5015091062723884,-0.058901824447559,True
2682,0.9206349206349206,0.6507936507936507,-0.0574774755843869,-0.5669847873424056,-0.05557843929470752,True
2683,0.9365079365079365,0.6507936507936507,-0.05799125377308621,-0.6062550897367287,-0.05227067350798886,True
2684,0.9523809523809523,0.6507936507936507,-0.04753037643597603,-0.5787606863029574,-0.04954912087981861,True
2685,0.9682539682539681,0.6507936507936507,-0.028170560460908326,-0.4559562908372417,-0.04805476496471598,True
2686,0.9841269841269841,0.6507936507936507,-0.008727148832028181,-0.24960710034733738,-0.04805108401722822,True
2687,1.0,0.6507936507936507,1.2493705285129385e-07,-0.0001251933097001735,-0.04896454332251152,True
2688,0.0,0.6666666666666666,8.867206905609203e-08,-1.9252748356164775e-05,-0.033187094784933785,True
2689,0.015873015873015872,0.6666666666666666,0.0030514545693349463,0.06077389016358981,-0.032846035475406765,True
2690,0.031746031746031744,0.6666666666666666,0.010867248396793963,0.12253469444698457,-0.0326481334075607,True
2691,0.047619047619047616,0.6666666666666666,0.02150501935643045,0.18085448043382357,-0.03274010748011633,True
2692,0.06349206349206349,0.6666666666666666,0.03310601190354059,0.23170939006472555,-0.03323559601599907,True
2693,0.07936507936507936,0.6666666666666666,0.044266484775493886,0.2729548045965511,-0.034212951844433404,True
2694,0.09523809523809523,0.6666666666666666,0.05429725484347533,0.3046447189579266,-0.03570544807073259,True
2695,0.1111111111111111,0.6666666666666666,0.06309016213229775,0.3279481140543171,-0.03770850956556255,True
2696,0.12698412698412698,0.6666666666666666,0.07083241987406583,0.3442585300218692,-0.04019862076242692,True
2697,0.14285714285714285,0.6666666666666666,0.07771226625739046,0.3545919175789009,-0.0431448666860358,True
2698,0.15873015873015872,0.6666666666666666,0.08388200173392546,0.3596522885591225,-0.04649948419703871,True
2699,0.1746031746031746,0.6666666666666666,0.08940149343069806,0.3599935849180732,-0.050205341010629574,True
2700,0.19047619047619047,0.6666666666666666,0.09428778302166115,0.3561006449818981,-0.054194089968260216,True
2701,0.20634920634920634,0.6666666666666666,0.09847733410017837,0.3483088436072764,-0.05839022546082655,True
2702,0.2222222222222222,0.6666666666666666,0.1019371194185335,0.337103388011076,-0.06271412107023773,True
2703,0.23809523809523808,0.6666666666666666,0.10469441852675439,0.32311788209167336,-0.06708362660537659,True
2704,0.25396825396825395,0.6666666666666666,0.10681208310944605,0.30704873809429145,-0.07142690720141166,True
2705,0.2698412698412698,0.6666666666666666,0.10840029627294195,0.28957792343491395,-0.07567997537883804,True
2706,0.2857142857142857,0.6666666666666666,0.10953956236951158,0.27128251908967893,-0.07979479920578424,True
2707,0.30158730158730157,0.6666666666666666,0.11039251847428087,0.25266266652266556,-0.0837378857242026,True
2708,0.31746031746031744,0.6666666666666666,0.11100859587974017,0.23403620533162864,-0.08748044130510496,True
2709,0.3333333333333333,0.6666666666666666,0.11147205759822523,0.21564095779206977,-0.09099723171395481,True
2710,0.3492063492063492,0.6666666666666666,0.11183640366801488,0.19760166726165426,-0.09429232911895596,True
2711,0.36507936507936506,0.6666666666666666,0.11210577898099702,0.17996432788453562,-0.09734488043220632,True
2712,0.38095238095238093,0.6666666666666666,0.11229549648279218,0.16273825487609028,-0.1001447707715492,True
2713,0.3968253968253968,0.6666666666666666,0.11238452811159313,0.14588774989021244,-0.10270526457078205,True
2714,0.4126984126984127,0.6666666666666666,0.1123574226437494,0.12938310963215144,-0.10499344124981749,True
2715,0.42857142857142855,0.6666666666666666,0.11218457941710686,0.11317032923600996,-0.10701955016114639,True
2716,0.4444444444444444,0.6666666666666666,0.1118410479899638,0.09721046910403441,-0.10877349408018586,True
2717,0.4603174603174603,0.6666666666666666,0.11129419824504698,0.08145590508937038,-0.11024752056701499,True
2718,0.47619047619047616,0.6666666666666666,0.11051800029661203,0.06586578952692741,-0.11144022116613105,True
2719,0.49206349206349204,0.6666666666666666,0.10949421577695541,0.050427980196553764,-0.11233594659549793,True
2720,0.5079365079365079,0.6666666666666666,0.10818577666309548,0.03505642935740296,-0.11294093112756302,True
2721,0.5238095238095237,0.6666666666666666,0.10659159758501188,0.019774308034846814,-0.11325279708872484,True
2722,0.5396825396825397,0.6666666666666666,0.10468480941399302,0.004540837243738456,-0.11326320240544116,True
2723,0.5555555555555556,0.6666666666666666,0.102454264493049,-0.010740492248110847,-0.11296774418672285,True
2724,0.5714285714285714,0.6666666666666666,0.09988983869229019,-0.026005036418858592,-0.1123854226457297,True
2725,0.5873015873015872,0.6666666666666666,0.0969840679832481,-0.04137269978080232,-0.11150361046814228,True
2726,0.6031746031746031,0.6666666666666666,0.09372239686780755,-0.05683091612272433,-0.11031921714687327,True
2727,0.6190476190476191,0.6666666666666666,0.09010048599949293,-0.07242915377201505,-0.10885643980934516,True
2728,0.6349206349206349,0.6666666666666666,0.0861165493443594,-0.08821233677102025,-0.1071191635123091,True
2729,0.6507936507936507,0.6666666666666666,0.08175053790088396,-0.10419139156505487,-0.10510483077571639,True
2730,0.6666666666666666,0.6666666666666666,0.07701992090807816,-0.12042333301017424,-0.10283933233969744,True
2731,0.6825396825396826,0.6666666666666666,0.07189511171483631,-0.13688478356157066,-0.10032788524474882,True
2732,0.6984126984126984,0.6666666666666666,0.06640017199436617,-0.15360632896255136,-0.09759454556230417,True
2733,0.7142857142857142,0.6666666666666666,0.06051288111981114,-0.17054654302612807,-0.09466378292352311,True
2734,0.7301587301587301,0.6666666666666666,0.05425185755935823,-0.187673625062364,-0.09156416550196013,True
2735,0.746031746031746,0.6666666666666666,0.047608646965556174,-0.20491284755826486,-0.08832778492317112,True
2736,0.7619047619047619,0.6666666666666666,0.04063833250409191,-0.22221757523414556,-0.08500205637710266,True
2737,0.7777777777777777,0.6666666666666666,0.03331033669983399,-0.23951619257276424,-0.08162519517497432,True
2738,0.7936507936507936,0.6666666666666666,0.02568611341699617,-0.2569000079406584,-0.07825851712875849,True
2739,0.8095238095238095,0.6666666666666666,0.017738149946558254,-0.27464170371618224,-0.0749397963961796,True
2740,0.8253968253968254,0.6666666666666666,0.009454180954871383,-0.2935110603961064,-0.07172447853556146,True
2741,0.8412698412698412,0.6666666666666666,0.0007112207952074312,-0.31497161984460803,-0.06863191953875684,True
2742,0.8571428571428571,0.6666666666666666,-0.008732149605381788,-0.3416544861321323,-0.06566246062338821,True
2743,0.873015873015873,0.6666666666666666,-0.019146164039790567,-0.37741867662576156,-0.0627887615758951,True
2744,0.8888888888888888,0.6666666666666666,-0.030643766312546124,-0.42663381216785373,-0.05993430336838708,True
2745,0.9047619047619047,0.6666666666666666,-0.04243844459146804,-0.4906251931614643,-0.05700693549552191,True
2746,0.9206349206349206,0.6666666666666666,-0.05200110481095689,-0.5609018702983057,-0.053955547484320056,True
2747,0.9365079365079365,0.6666666666666666,-0.054641026039213995,-0.6100900395069231,-0.05090655482570032,True
2748,0.9523809523809523,0.6666666666666666,-0.04617039325244448,-0.5939434766287922,-0.04834365913482339,True
2749,0.9682539682539681,0.6666666666666666,-0.027992195106860105,-0.47718612218895273,-0.04692519506226604,True
2750,0.9841269841269841,0.6666666666666666,-0.008777770010921929,-0.26540252707052764,-0.04691892587448614,True
2751,1.0,0.6666666666666666,-7.462235196951118e-08,0.00010501614127970576,-0.047831945513692825,True
2752,0.0,0.6825396825396826,1.548462969139332e-07,-9.23236567223986e-06,-0.032886779682063216,True
2753,0.015873015873015872,0.6825396825396826,0.0029723148980620633,0.05509522117970402,-0.03255042519620145,True
2754,0.031746031746031744,0.6825396825396826,0.01076927740290606,0.11290646556958055,-0.032328512122047966,True
2755,0.047619047619047616,0.6825396825396826,0.021702261218099133,0.16917429725192126,-0.03235676635184514,True
2756,0.06349206349206349,0.6825396825396826,0.034003450388818184,0.21965293397395624,-0.03274605788040638,True
2757,0.07936507936507936,0.6825396825396826,0.046218621978705264,0.26169745170925457,-0.033580531836067254,True
2758,0.09523809523809523,0.6825396825396826,0.057492658080479035,0.2946031238383631,-0.034900182415658496,True
2759,0.1111111111111111,0.6825396825396826,0.06755095034309493,0.3190981090913655,-0.03671163635108007,True
2760,0.12698412698412698,0.6825396825396826,0.07647808988007673,0.3363844191526317,-0.03899984150510885,True
2761,0.14285714285714285,0.6825396825396826,0.08446289980603063,0.34753115181307004,-0.0417372111993745,True
2762,0.15873015873015872,0.6825396825396826,0.09165038600162308,0.35330199019437086,-0.04488622601473202,True
2763,0.1746031746031746,0.6825396825396826,0.09814793010029571,0.354323059658001,-0.048391910032662834,True
2764,0.19047619047619047,0.6825396825396826,0.1039522437137233,0.35109801081669795,-0.05220139172770096,True
2765,0.20634920634920634,0.6825396825396826,0.10904264417157873,0.3440431646106892,-0.05624431272647248,True
2766,0.2222222222222222,0.6825396825396826,0.11335434734417336,0.3335736717597386,-0.060447569119853654,True
2767,0.23809523809523808,0.6825396825396826,0.11693960284739692,0.32031579710872626,-0.06472893949978893,True
2768,0.25396825396825395,0.6825396825396826,0.11979972500203147,0.30487082130373017,-0.06901975393352665,True
2769,0.2698412698412698,0.6825396825396826,0.12206429919743929,0.2879320392238683,-0.073255076874327,True
2770,0.2857142857142857,0.6825396825396826,0.1237927014498046,0.27003392841771867,-0.07737649389787418,True
2771,0.30158730158730157,0.6825396825396826,0.12516126136664676,0.2517136075849766,-0.08134603954683932,True
2772,0.31746031746031744,0.6825396825396826,0.12622320270229292,0.23330034366445526,-0.08512963126983807,True
2773,0.3333333333333333,0.6825396825396826,0.12708022809626698,0.21505776441216837,-0.08870852158816063,True
2774,0.3492063492063492,0.6825396825396826,0.12777210551895132,0.19712966174482555,-0.09205951919345406,True
2775,0.36507936507936506,0.6825396825396826,0.12835201268432506,0.1795955837811838,-0.09518148754419618,True
2776,0.38095238095238093,0.6825396825396826,0.12880447525181635,0.1624704435043344,-0.09805235800444831,True
2777,0.3968253968253968,0.6825396825396826,0.12912332735677687,0.14573628243086878,-0.10066079019971444,True
2778,0.4126984126984127,0.6825396825396826,0.12932632849069814,0.12938196093319632,-0.10302258469066153,True
2779,0.42857142857142855,0.6825396825396826,0.1293312340586418,0.11332703998573147,-0.10509614770717139,True
2780,0.4444444444444444,0.6825396825396826,0.1291705591984307,0.09757554976283922,-0.1069071093090874,True
2781,0.4603174603174603,0.6825396825396826,0.1287661547054554,0.08203202460049852,-0.10842734411640643,True
2782,0.47619047619047616,0.6825396825396826,0.12813156255862393,0.06671797161452052,-0.10965367179292437,True
2783,0.49206349206349204,0.6825396825396826,0.12720612851168503,0.05152689117460034,-0.11058960362389954,True
2784,0.5079365079365079,0.6825396825396826,0.12599126561763863,0.03647737671605567,-0.11122449382992212,True
2785,0.5238095238095237,0.6825396825396826,0.1244515806267999,0.021504571118315215,-0.11153591313413665,True
2786,0.5396825396825397,0.6825396825396826,0.12257750485699699,0.0065825199250447415,-0.11156089224613787,True
2787,0.5555555555555556,0.6825396825396826,0.120351528481503,-0.008326053834153404,-0.11127284767407594,True
2788,0.5714285714285714,0.6825396825396826,0.11775772936106713,-0.023254676969880428,-0.1106641478158352,True
2789,0.5873015873015872,0.6825396825396826,0.11479070801584476,-0.038252207204860604,-0.1097646713820508,True
2790,0.6031746031746031,0.6825396825396826,0.11142844169049716,-0.05332070236171545,-0.10856054061014782,True
2791,0.6190476190476191,0.6825396825396826,0.10767716545093675,-0.06855783488562946,-0.10705773766392165,True
2792,0.6349206349206349,0.6825396825396826,0.10351284808040662,-0.08394465998097414,-0.10526112215863515,True
2793,0.6507936507936507,0.6825396825396826,0.09892755038252622,-0.09952848938471846,-0.1031941594742537,True
2794,0.6666666666666666,0.6825396825396826,0.09391591129031661,-0.11534239604159831,-0.10085735330022373,True
2795,0.6825396825396826,0.6825396825396826,0.08847189983363124,-0.13140131505513822,-0.09826893724293642,True
2796,0.6984126984126984,0.6825396825396826,0.08258547224321991,-0.14770375810556288,-0.0954539298242178,True
2797,0.7142857142857142,0.6825396825396826,0.0762583425132142,-0.16423664342286237,-0.0924368485359982,True
2798,0.7301587301587301,0.6825396825396826,0.06946613300738363,-0.18094379242756656,-0.08924321132803112,True
2799,0.746031746031746,0.6825396825396826,0.06223872118077044,-0.19778920756496524,-0.08591600574828585,True
2800,0.7619047619047619,0.6825396825396826,0.05458538349581949,-0.21470484522476227,-0.08249768439298541,True
2801,0.7777777777777777,0.6825396825396826,0.046519085806111554,-0.23165943834915873,-0.07904088055502545,True
2802,0.7936507936507936,0.6825396825396826,0.03806393409414942,-0.24869166056368447,-0.07559305101544249,True
2803,0.8095238095238095,0.6825396825396826,0.029266632455242525,-0.26610295896047276,-0.07221745963340905,True
2804,0.8253968253968254,0.6825396825396826,0.020061291042977242,-0.2845716688832351,-0.06895218094122849,True
2805,0.8412698412698412,0.6825396825396826,0.010441124802326526,-0.30551491724335167,-0.06583944765563708,True
2806,0.8571428571428571,0.6825396825396826,0.00021043913901378115,-0.3313891937542117,-0.0628861335727923,True
2807,0.873015873015873,0.6825396825396826,-0.010900258030185118,-0.3661002760575982,-0.06006528435489282,True
2808,0.8888888888888888,0.6825396825396826,-0.023049942448918923,-0.4143217949612942,-0.05731901621511065,True
2809,0.9047619047619047,0.6825396825396826,-0.03574228994304546,-0.47871569324727165,-0.05456395553065947,True
2810,0.9206349206349206,0.6825396825396826,-0.04671918148567308,-0.5529089564973488,-0.05173607295655934,True
2811,0.9365079365079365,0.6825396825396826,-0.05142889716872412,-0.6114496166961576,-0.04893861582932856,True
2812,0.9523809523809523,0.6825396825396826,-0.04503211184128604,-0.6074129687953903,-0.04655682274631497,True
2813,0.9682539682539681,0.6825396825396826,-0.02796015535965087,-0.4975696710604395,-0.04520618193664838,True
2814,0.9841269841269841,0.6825396825396826,-0.008889989284201583,-0.28128227205044204,-0.045209606167414,True
2815,1.0,0.6825396825396826,-2.9677839044822e-09,1.9018635509303144e-05,-0.04613214027414844,True
2816,0.0,0.6984126984126984,-2.0258116368306049e-07,-2.1264981884045324e-05,-0.032488908245067255,True
2817,0.015873015873015872,0.6984126984126984,0.002848419975374554,0.049505169041596984,-0.03216293112821109,True
2818,0.031746031746031744,0.6984126984126984,0.010498136939251225,0.10328479763796658,-0.0319236084220183,True
2819,0.047619047619047616,0.6984126984126984,0.021519900221716258,0.15709839303442227,-0.031892611845373904,True
2820,0.06349206349206349,0.6984126984126984,0.03430007790470107,0.20681852053306757,-0.03217641810400337,True
2821,0.07936507936507936,0.6984126984126984,0.047386996376300124,0.24931731539559238,-0.032856919090902,True
2822,0.09523809523809523,0.6984126984126984,0.05975848832895544,0.2832836699887014,-0.033991121721975624,True
2823,0.1111111111111111,0.6984126984126984,0.07104205577349398,0.30901482138622355,-0.03558626080829801,True
2824,0.12698412698412698,0.6984126984126984,0.08117037173493305,0.32735546078972183,-0.03763957242792437,True
2825,0.14285714285714285,0.6984126984126984,0.09026307153908503,0.33939417842186215,-0.040143952376655814,True
2826,0.15873015873015872,0.6984126984126984,0.09854531185583176,0.3459767918354348,-0.04304912016917324,True
2827,0.1746031746031746,0.6984126984126984,0.10602646867448323,0.34767292701757924,-0.04633072384986077,True
2828,0.19047619047619047,0.6984126984126984,0.11277728076287764,0.34513774723662977,-0.04994053710828085,True
2829,0.20634920634920634,0.6984126984126984,0.11882427745831702,0.33882867625955543,-0.05380504204883946,True
2830,0.2222222222222222,0.6984126984126984,0.12412382497150495,0.32918465716057643,-0.05785976888943111,True
2831,0.23809523809523808,0.6984126984126984,0.12856410964244389,0.31663125071134873,-0.062039515716100356,True
2832,0.25396825396825395,0.6984126984126984,0.13231206129786055,0.3019315858073806,-0.06626740444414995,True
2833,0.2698412698412698,0.6984126984126984,0.13534158832280777,0.2855687778485325,-0.07047160282039687,True
2834,0.2857142857142857,0.6984126984126984,0.13781180644689373,0.26819281253312705,-0.07460135852008813,True
2835,0.30158730158730157,0.6984126984126984,0.13979453335559372,0.2502424423138464,-0.0786013401576553,True
2836,0.31746031746031744,0.6984126984126984,0.14138902580574525,0.23210780122180122,-0.08243482486708796,True
2837,0.3333333333333333,0.6984126984126984,0.1427067041543278,0.21407101053613267,-0.08607535121817819,True
2838,0.3492063492063492,0.6984126984126984,0.1438263923570699,0.1963147652418664,-0.08950008441683914,True
2839,0.36507936507936506,0.6984126984126984,0.144759331291398,0.17892428000725005,-0.09268865425690695,True
2840,0.38095238095238093,0.6984126984126984,0.1455208505655215,0.16193171421408503,-0.0956441637333452,True
2841,0.3968253968253968,0.6984126984126984,0.14612581698245253,0.14535006498095257,-0.09833439460743279,True
2842,0.4126984126984127,0.6984126984126984,0.14656438723531065,0.12915558665908655,-0.10076154614510967,True
2843,0.42857142857142855,0.6984126984126984,0.1468007739001802,0.11330403933595314,-0.10291220788212119,True
2844,0.4444444444444444,0.6984126984126984,0.14681819354436804,0.0977547555477321,-0.10477707273808824,True
2845,0.4603174603174603,0.6984126984126984,0.14659976413788495,0.08248198751905911,-0.10635181210963912,True
2846,0.47619047619047616,0.6984126984126984,0.14609992625499924,0.06742001011859093,-0.10762977835094625,True
2847,0.49206349206349204,0.6984126984126984,0.14530246375822312,0.0525386938005692,-0.10860368024814218,True
2848,0.5079365079365079,0.6984126984126984,0.1441844144241615,0.03781847441409658,-0.10925531578929504,True
2849,0.5238095238095237,0.6984126984126984,0.14271632154884825,0.023178853367388886,-0.1096100600064464,True
2850,0.5396825396825397,0.6984126984126984,0.14088319824900702,0.008616278664982551,-0.1096330872483344,True
2851,0.5555555555555556,0.6984126984126984,0.1386682025693017,-0.005923482101142455,-0.10933866756718068,True
2852,0.5714285714285714,0.6984126984126984,0.13605711712264476,-0.020460632770744638,-0.10874172891020893,True
2853,0.5873015873015872,0.6984126984126984,0.1330312030908977,-0.03504903071468276,-0.10781202429522398,True
2854,0.6031746031746031,0.6984126984126984,0.1295799588124524,-0.04972519297764534,-0.10657176135137388,True
2855,0.6190476190476191,0.6984126984126984,0.12568559555283085,-0.0645089255760228,-0.10502899791302577,True
2856,0.6349206349206349,0.6984126984126984,0.12134478406167085,-0.07946991250239963,-0.10318295707430636,True
2857,0.6507936507936507,0.6984126984126984,0.11653044947127712,-0.09460525735251057,-0.10104420998388358,True
2858,0.6666666666666666,0.6984126984126984,0.11124302043070404,-0.1099683730787659,-0.09863466550196255,True
2859,0.6825396825396826,0.6984126984126984,0.10545399760043206,-0.12554968762890792,-0.09596054175007357,True
2860,0.6984126984126984,0.6984126984126984,0.09917155068076665,-0.14138263383690758,-0.09305854847565771,True
2861,0.7142857142857142,0.6984126984126984,0.09235881718734852,-0.15741679642146614,-0.08993398095682213,True
2862,0.7301587301587301,0.6984126984126984,0.08503928772791836,-0.17365101869716576,-0.08663951850506194,True
2863,0.746031746031746,0.6984126984126984,0.07718490729058367,-0.19001897076484794,-0.08320846346943672,True
2864,0.7619047619047619,0.6984126984126984,0.06880477613169442,-0.20646047579818444,-0.07968194379010901,True
2865,0.7777777777777777,0.6984126984126984,0.05995016030142394,-0.22297336494987355,-0.0761211670030792,True
2866,0.7936507936507936,0.6984126984126984,0.05065938241307242,-0.23962282279031363,-0.07258648654455212,True
2867,0.8095238095238095,0.6984126984126984,0.040899412725634195,-0.25662848048936276,-0.06912366492931393,True
2868,0.8253968253968254,0.6984126984126984,0.030757131230994723,-0.27470625362824524,-0.06579561066010867,True
2869,0.8412698412698412,0.6984126984126984,0.020174877360952585,-0.295151041625755,-0.06264006578394898,True
2870,0.8571428571428571,0.6984126984126984,0.00905720879797411,-0.3203581027838576,-0.059669928209394076,True
2871,0.873015873015873,0.6984126984126984,-0.0028243178728215254,-0.354064017981009,-0.05687456299037025,True
2872,0.8888888888888888,0.6984126984126984,-0.015695354711733153,-0.4013264350585023,-0.05419258452893816,True
2873,0.9047619047619047,0.6984126984126984,-0.029249277224810216,-0.46570629035845323,-0.0515609809779324,True
2874,0.9206349206349206,0.6984126984126984,-0.04164437281980817,-0.5432229876419555,-0.04892542236776128,True
2875,0.9365079365079365,0.6984126984126984,-0.04841612169169699,-0.6106857884958186,-0.04634207321030481,True
2876,0.9523809523809523,0.6984126984126984,-0.044035658412441225,-0.6187944319381253,-0.04412538462150871,True
2877,0.9682539682539681,0.6984126984126984,-0.028111334637435384,-0.5175453176723667,-0.04286780069643385,True
2878,0.9841269841269841,0.6984126984126984,-0.009081953542874176,-0.29720499109894466,-0.04288673119416302,True
2879,1.0,0.6984126984126984,-6.859491411881341e-08,-0.00015836342690076836,-0.04383215057183982,True
2880,0.0,0.7142857142857142,1.748673427427381e-07,3.8961772315761266e-05,-0.03201717773800349,True
2881,0.015873015873015872,0.7142857142857142,0.002695196002655078,0.04428262540474027,-0.03170498315383258,True
2882,0.031746031746031744,0.7142857142857142,0.01005902299331129,0.09371968060517295,-0.031454250836999785,True
2883,0.047619047619047616,0.7142857142857142,0.02097789356506907,0.14492375185625103,-0.031372946969191566,True
2884,0.06349206349206349,0.7142857142857142,0.034008745384073745,0.19342976896904696,-0.03154808698706267,True
2885,0.07936507936507936,0.7142857142857142,0.047731488486411275,0.2360161885640016,-0.032071346994368914,True
2886,0.09523809523809523,0.7142857142857142,0.061109559156668554,0.27091088485759524,-0.03299092570931972,True
2887,0.1111111111111111,0.7142857142857142,0.07349703336909665,0.2977776030039556,-0.03435336114862322,True
2888,0.12698412698412698,0.7142857142857142,0.0847729479885576,0.317218699468809,-0.036152420790526406,True
2889,0.14285714285714285,0.7142857142857142,0.09504008728741009,0.33020077231258865,-0.038373761933016365,True
2890,0.15873015873015872,0.7142857142857142,0.10435529074063395,0.33755510561802266,-0.0410223708036191,True
2891,0.1746031746031746,0.7142857142857142,0.11291415402182967,0.3400595372966546,-0.044045867071915275,True
2892,0.19047619047619047,0.7142857142857142,0.12070940278206795,0.3382326687318229,-0.04741221966183341,True
2893,0.20634920634920634,0.7142857142857142,0.1277847082512266,0.33270385006023134,-0.051075393502945994,True
2894,0.2222222222222222,0.7142857142857142,0.13405972948938602,0.32378431892494147,-0.05496577524022163,True
2895,0.23809523809523808,0.7142857142857142,0.13952994886999218,0.3120872355807104,-0.059026850587081105,True
2896,0.25396825396825395,0.7142857142857142,0.14423644896163693,0.29812265699587526,-0.06317256674071593,True
2897,0.2698412698412698,0.7142857142857142,0.1481230082198099,0.28239587976900526,-0.06734156697114767,True
2898,0.2857142857142857,0.7142857142857142,0.1513999616462761,0.2655705021510645,-0.07146408404836464,True
2899,0.30158730158730157,0.7142857142857142,0.15414093466119685,0.24810382627201202,-0.07549598780650552,True
2900,0.31746031746031744,0.7142857142857142,0.156428404141738,0.23035610831408376,-0.07938952791792037,True
2901,0.3333333333333333,0.7142857142857142,0.1583275213871075,0.21260797524312858,-0.08310003051230663,True
2902,0.3492063492063492,0.7142857142857142,0.15993812033967045,0.1950768383712097,-0.08660654234780672,True
2903,0.36507936507936506,0.7142857142857142,0.16128934287685784,0.17787374804182357,-0.08988995807935667,True
2904,0.38095238095238093,0.7142857142857142,0.1624197558388942,0.16106256930123433,-0.09291994638782103,True
2905,0.3968253968253968,0.7142857142857142,0.16337967539045886,0.14467908764139623,-0.0957087525729006,True
2906,0.4126984126984127,0.7142857142857142,0.1640883096378715,0.12867140358854406,-0.0982148354235191,True
2907,0.42857142857142855,0.7142857142857142,0.1645919934347109,0.11304895743410148,-0.10045445046773874,True
2908,0.4444444444444444,0.7142857142857142,0.16482919338118052,0.09774352399875458,-0.10238720816429116,True
2909,0.4603174603174603,0.7142857142857142,0.16480273980813492,0.08274206990520848,-0.10402749982927745,True
2910,0.47619047619047616,0.7142857142857142,0.16447320248662772,0.06798308654675986,-0.10536624903647865,True
2911,0.49206349206349204,0.7142857142857142,0.16381509557539004,0.0534265044928477,-0.10638045387152316,True
2912,0.5079365079365079,0.7142857142857142,0.162810443395337,0.03904923857652138,-0.10708576435737407,True
2913,0.5238095238095237,0.7142857142857142,0.16142396952130975,0.02477960986344434,-0.10745211309752326,True
2914,0.5396825396825397,0.7142857142857142,0.1596469357828558,0.010617332547499398,-0.10749956948417592,True
2915,0.5555555555555556,0.7142857142857142,0.1574523465580646,-0.0035100922862075154,-0.1072144363569983,True
2916,0.5714285714285714,0.7142857142857142,0.15482625188536908,-0.017646466105868095,-0.10659213338302356,True
2917,0.5873015873015872,0.7142857142857142,0.15174519516677315,-0.03176123658039639,-0.1056447880374457,True
2918,0.6031746031746031,0.7142857142857142,0.1482064234682364,-0.04599999852592891,-0.10438140518400699,True
2919,0.6190476190476191,0.7142857142857142,0.1441795085390369,-0.06032240656664464,-0.10279124600678585,True
2920,0.6349206349206349,0.7142857142857142,0.13965246764461792,-0.07479331565402764,-0.10088784641186509,True
2921,0.6507936507936507,0.7142857142857142,0.13460615256377342,-0.08943552250372468,-0.09868179358582868,True
2922,0.6666666666666666,0.7142857142857142,0.12902007971249987,-0.10426744918955132,-0.09619011474759946,True
2923,0.6825396825396826,0.7142857142857142,0.12288730040153359,-0.1193325047400981,-0.09342747322759122,True
2924,0.6984126984126984,0.7142857142857142,0.11617118598531063,-0.13460057606596423,-0.0904176718006399,True
2925,0.7142857142857142,0.7142857142857142,0.10887621140185941,-0.1500944811170454,-0.0871878494713874,True
2926,0.7301587301587301,0.7142857142857142,0.10097636249276203,-0.16575513119850205,-0.0837755180184651,True
2927,0.746031746031746,0.7142857142857142,0.0924491006510775,-0.1815477389253463,-0.08022345407466971,True
2928,0.7619047619047619,0.7142857142857142,0.08334932789697298,-0.197454797863918,-0.0765789997876136,True
2929,0.7777777777777777,0.7142857142857142,0.07366789292469567,-0.21345691607594947,-0.07290387841724603,True
2930,0.7936507936507936,0.7142857142857142,0.06341051345549188,-0.2295927497464812,-0.06924856034126449,True
2931,0.8095238095238095,0.7142857142857142,0.05271612570848968,-0.24618317031669915,-0.0656901998257803,True
2932,0.8253968253968254,0.7142857142857142,0.04156356377548786,-0.2638449969252936,-0.06227486230949388,True
2933,0.8412698412698412,0.7142857142857142,0.029951945283016843,-0.28384817556076614,-0.0590476949470197,True
2934,0.8571428571428571,0.7142857142857142,0.017885972474154067,-0.30845152536628173,-0.0560353808985966,True
2935,0.873015873015873,0.7142857142857142,0.005160058759254964,-0.3413276869282513,-0.05322535799889216,True
2936,0.8888888888888888,0.7142857142857142,-0.008482837448281376,-0.38758785326161593,-0.05057128827993684,True
2937,0.9047619047619047,0.7142857142857142,-0.022913634271897423,-0.4516619695907682,-0.04801324276463042,True
2938,0.9206349206349206,0.7142857142857142,-0.036670041456667364,-0.5317181691422885,-0.04551534234085362,True
2939,0.9365079365079365,0.7142857142857142,-0.04547911279862133,-0.6074169945890721,-0.043099097893620805,True
2940,0.9523809523809523,0.7142857142857142,-0.043303412648763695,-0.628824731286704,-0.04104591437957725,True
2941,0.9682539682539681,0.7142857142857142,-0.028482646875064768,-0.5368099202950097,-0.03986912489459268,True
2942,0.9841269841269841,0.7142857142857142,-0.009371222762829545,-0.31364508713577277,-0.039917511841639455,True
2943,1.0,0.7142857142857142,3.7667663928883405e-07,0.00018178741083162335,-0.04089626821796785,True
2944,0.0,0.7301587301587301,-1.114477144688526e-07,-3.143686652099937e-05,-0.031490202398423026,True
2945,0.015873015873015872,0.7301587301587301,0.0024929112678710296,0.03914444017778643,-0.031197656496696837,True
2946,0.031746031746031744,0.7301587301587301,0.009487635222133651,0.08462208349979705,-0.03094284455845766,True
2947,0.047619047619047616,0.7301587301587301,0.02008281699024836,0.13268770270684035,-0.030812548027879583,True
2948,0.06349206349206349,0.7301587301587301,0.03310771670642381,0.17969963963405905,-0.030890797324877754,True
2949,0.07936507936507936,0.7301587301587301,0.047236182157672495,0.22202534364595347,-0.031248396010727063,True
2950,0.09523809523809523,0.7301587301587301,0.06133700961644763,0.2574815475920691,-0.03195786107743852,True
2951,0.1111111111111111,0.7301587301587301,0.07474455570768714,0.28535424657084246,-0.03305063445904578,True
2952,0.12698412698412698,0.7301587301587301,0.08715943815244082,0.30592571353947445,-0.03455577054244185,True
2953,0.14285714285714285,0.7301587301587301,0.09851975433588252,0.3198365253265067,-0.03648166869385852,True
2954,0.15873015873015872,0.7301587301587301,0.10899763868991014,0.3280866103854846,-0.0388160122762325,True
2955,0.1746031746031746,0.7301587301587301,0.11864472524586267,0.3313579379602825,-0.04155125417282232,True
2956,0.19047619047619047,0.7301587301587301,0.12751320727065604,0.330275805263787,-0.04465594708440713,True
2957,0.20634920634920634,0.7301587301587301,0.13565635846312363,0.3254604040301328,-0.04808628449186972,True
2958,0.2222222222222222,0.7301587301587301,0.14305884811276248,0.3173878042390275,-0.05178501098178178,True
2959,0.23809523809523808,0.7301587301587301,0.14959791174344625,0.3064701219162826,-0.05570275378996991,True
2960,0.25396825396825395,0.7301587301587301,0.15537072249672307,0.2932906040146032,-0.05975250072320032,True
2961,0.2698412698412698,0.7301587301587301,0.160364067824433,0.2783711540731081,-0.06387265162212531,True
2962,0.2857142857142857,0.7301587301587301,0.16457551277319785,0.26216893113154427,-0.06799096718861673,True
2963,0.30158730158730157,0.7301587301587301,0.1681871747426925,0.24523311624556793,-0.07204639591480416,True
2964,0.31746031746031744,0.7301587301587301,0.1712218602432815,0.2279199744334319,-0.07599369930252747,True
2965,0.3333333333333333,0.7301587301587301,0.1738207902291877,0.21054922284593577,-0.07978566419420123,True
2966,0.3492063492063492,0.7301587301587301,0.17603498309339044,0.19332347442010497,-0.08338605382850448,True
2967,0.36507936507936506,0.7301587301587301,0.17793190821683338,0.17639312388891226,-0.086769955785147,True
2968,0.38095238095238093,0.7301587301587301,0.17952148723345907,0.15982183631779412,-0.08990908292833172,True
2969,0.3968253968253968,0.7301587301587301,0.18085427770083407,0.1436617376899387,-0.0927948030829256,True
2970,0.4126984126984127,0.7301587301587301,0.18191969334123986,0.12790525063675914,-0.09540399562054942,True
2971,0.42857142857142855,0.7301587301587301,0.1827143655117797,0.1125318964351505,-0.0977309596560269,True
2972,0.4444444444444444,0.7301587301587301,0.18322045951251917,0.09751698019428304,-0.09975471827191483,True
2973,0.4603174603174603,0.7301587301587301,0.18342393383684613,0.0828306788238835,-0.10147075344846163,True
2974,0.47619047619047616,0.7301587301587301,0.18327137853967287,0.0683778675451841,-0.10286958555981837,True
2975,0.49206349206349204,0.7301587301587301,0.18278327393294275,0.054193048388298096,-0.103951348059275,True
2976,0.5079365079365079,0.7301587301587301,0.18190169469062703,0.04018318100539701,-0.10469373497327153,True
2977,0.5238095238095237,0.7301587301587301,0.1806149447025023,0.026336332158376725,-0.10509539425060276,True
2978,0.5396825396825397,0.7301587301587301,0.17889922513423046,0.012567808923741425,-0.10516613970405084,True
2979,0.5555555555555556,0.7301587301587301,0.17673458433674308,-0.0010963209598320101,-0.10488589904449368,True
2980,0.5714285714285714,0.7301587301587301,0.1740969016768032,-0.014763586183731633,-0.1042594332573564,True
2981,0.5873015873015872,0.7301587301587301,0.17097473844485447,-0.028428932827943135,-0.10330347884478822,True
2982,0.6031746031746031,0.7301587301587301,0.16734080115106056,-0.04216062372628077,-0.10200092460626714,True
2983,0.6190476190476191,0.7301587301587301,0.16317213953882578,-0.05596020134378398,-0.10035953461261858,True
2984,0.6349206349206349,0.7301587301587301,0.1584522065533591,-0.0698854226810949,-0.09839476506986597,True
2985,0.6507936507936507,0.7301587301587301,0.15317070266006017,-0.08398648361415749,-0.09612511240354173,True
2986,0.6666666666666666,0.7301587301587301,0.14729142827255146,-0.09826212959509582,-0.09354909957701908,True
2987,0.6825396825396826,0.7301587301587301,0.14077518462572558,-0.11270747779674814,-0.09068456400892674,True
2988,0.6984126984126984,0.7301587301587301,0.13360689735761214,-0.1273415264840032,-0.0875623694283418,True
2989,0.7142857142857142,0.7301587301587301,0.1257943280969661,-0.14220063223260374,-0.08421996989867424,True
2990,0.7301587301587301,0.7301587301587301,0.11729649891076561,-0.15722589010193666,-0.08068402828818041,True
2991,0.746031746031746,0.7301587301587301,0.10809659746454332,-0.17237692138243904,-0.07699763177153796,True
2992,0.7619047619047619,0.7301587301587301,0.09818633768550933,-0.18763027735449347,-0.07321841367164449,True
2993,0.7777777777777777,0.7301587301587301,0.08766111861515861,-0.20303500694694004,-0.06941013465118419,True
2994,0.7936507936507936,0.7301587301587301,0.07647279953008278,-0.21862985338148333,-0.06562904905707,True
2995,0.8095238095238095,0.7301587301587301,0.06472945553722192,-0.23471027716676326,-0.06194357240771317,True
2996,0.8253968253968254,0.7301587301587301,0.05250829548411291,-0.25192448395990563,-0.05841777179327704,True
2997,0.8412698412698412,0.7301587301587301,0.03988748962736406,-0.27150110393692145,-0.05510088344646368,True
2998,0.8571428571428571,0.7301587301587301,0.02678668549346599,-0.29562020941121814,-0.05200630086925352,True
2999,0.873015873015873,0.7301587301587301,0.01313064329279644,-0.3278152505072262,-0.049140071172466146,True
3000,0.8888888888888888,0.7301587301587301,-0.0013324875914571541,-0.37302397901284945,-0.046470071229938195,True
3001,0.9047619047619047,0.7301587301587301,-0.016678690061171574,-0.43654633419251,-0.04393711102805053,True
3002,0.9206349206349206,0.7301587301587301,-0.03171757220411799,-0.5185044478161063,-0.0415042416217217,True
3003,0.9365079365079365,0.7301587301587301,-0.04260639438680895,-0.6018255119705217,-0.039207320073556776,True
3004,0.9523809523809523,0.7301587301587301,-0.04274704279652776,-0.6370043070364747,-0.037277803078482295,True
3005,0.9682539682539681,0.7301587301587301,-0.02913037721674467,-0.5560928014911781,-0.03617714973692056,True
3006,0.9841269841269841,0.7301587301587301,-0.009748360450412552,-0.3306352528632702,-0.03626516411379826,True
3007,1.0,0.7301587301587301,-5.041479107768201e-07,-0.00012363769483642346,-0.03728006570394989,True
3008,0.0,0.746031746031746,1.3099111032984986e-08,4.602088111692298e-06,-0.03092693545860723,True
3009,0.015873015873015872,0.746031746031746,0.0022781651527427125,0.034562041324149244,-0.030657205457655545,True
3010,0.031746031746031744,0.746031746031746,0.008771122613182854,0.07586334845124033,-0.030404389523568803,True
3011,0.047619047619047616,0.746031746031746,0.01887737482802198,0.12088180816232998,-0.030237524881602904,True
3012,0.06349206349206349,0.746031746031746,0.03162693585744006,0.1659065657654057,-0.03021806289004341,True
3013,0.07936507936507936,0.746031746031746,0.04586270160329132,0.20753058395244459,-0.030414116283837205,True
3014,0.09523809523809523,0.746031746031746,0.06049049789805815,0.24327006551195843,-0.030890169648783897,True
3015,0.1111111111111111,0.746031746031746,0.07472537199599134,0.2719499851670703,-0.031699889283383256,True
3016,0.12698412698412698,0.746031746031746,0.08814579205408549,0.29346462065782886,-0.0328843670288131,True
3017,0.14285714285714285,0.746031746031746,0.10064254528895711,0.308380849622704,-0.03446730391755059,True
3018,0.15873015873015872,0.746031746031746,0.11225060254254234,0.31749731099809,-0.036466121310683164,True
3019,0.1746031746031746,0.746031746031746,0.12302688602962755,0.3215169201008517,-0.03887578484187122,True
3020,0.19047619047619047,0.746031746031746,0.13303972161543062,0.32118092570621537,-0.041682551298904205,True
3021,0.20634920634920634,0.746031746031746,0.14235191537328526,0.3171043400923432,-0.04484558998176471,True
3022,0.2222222222222222,0.746031746031746,0.15090424893732787,0.3097941867221621,-0.04833166332270488,True
3023,0.23809523809523808,0.746031746031746,0.1586633582372837,0.2997162697225403,-0.05207846023927471,True
3024,0.25396825396825395,0.746031746031746,0.1656077950331892,0.28735477796554376,-0.05601600522529537,True
3025,0.2698412698412698,0.746031746031746,0.17172639984990742,0.273201389828715,-0.060072761870251644,True
3026,0.2857142857142857,0.746031746031746,0.17708502026077366,0.2577593664115409,-0.06417570975511709,True
3027,0.30158730158730157,0.746031746031746,0.18167638893647006,0.2414463051158179,-0.06826088333556557,True
3028,0.31746031746031744,0.746031746031746,0.18565434089358576,0.22468700600641794,-0.072265710303337,True
3029,0.3333333333333333,0.746031746031746,0.18907247294923718,0.20777363600097057,-0.07613765621243172,True
3030,0.3492063492063492,0.746031746031746,0.19201311188277032,0.19094365540126587,-0.07983566254787322,True
3031,0.36507936507936506,0.746031746031746,0.19454694462720343,0.1743571701294479,-0.08333476214626821,True
3032,0.38095238095238093,0.746031746031746,0.1966962675524693,0.1581003053571657,-0.08659379219154162,True
3033,0.3968253968253968,0.746031746031746,0.19852609440316304,0.14225170329386905,-0.0895951253091937,True
3034,0.4126984126984127,0.746031746031746,0.19997916025178392,0.12676823070062848,-0.09231386801503344,True
3035,0.42857142857142855,0.746031746031746,0.20115746318692065,0.11172283305747151,-0.09475233370618481,True
3036,0.4444444444444444,0.746031746031746,0.20196582350363224,0.097027580833423,-0.0968715157332903,True
3037,0.4603174603174603,0.746031746031746,0.20242361446720694,0.08265932906387946,-0.09868452911634555,True
3038,0.47619047619047616,0.746031746031746,0.20251232249746262,0.06859606233911075,-0.10016776537935214,True
3039,0.49206349206349204,0.746031746031746,0.20219756159222332,0.054793548607076206,-0.10129878578584574,True
3040,0.5079365079365079,0.746031746031746,0.2014693537780827,0.041195152426811786,-0.10210410059557855,True
3041,0.5238095238095237,0.746031746031746,0.20029866003215774,0.027782555203839075,-0.10255542721087656,True
3042,0.5396825396825397,0.746031746031746,0.1986510822370944,0.01446823084801093,-0.102636894742885,True
3043,0.5555555555555556,0.746031746031746,0.1965295699535562,0.0012899660311653026,-0.10238282105393375,True
3044,0.5714285714285714,0.746031746031746,0.19389394550858208,-0.011895763768973352,-0.101764898413527,True
3045,0.5873015873015872,0.746031746031746,0.190718898787302,-0.025020208200565455,-0.10077928143529052,True
3046,0.6031746031746031,0.746031746031746,0.18699545471824616,-0.03821073569999455,-0.09945107943291066,True
3047,0.6190476190476191,0.746031746031746,0.18268896712399393,-0.05144326287860983,-0.0977722165791497,True
3048,0.6349206349206349,0.746031746031746,0.17777781191468575,-0.0647953362626968,-0.09574717368130468,True
3049,0.6507936507936507,0.746031746031746,0.17223474883096979,-0.07826433050724034,-0.09339663229758612,True
3050,0.6666666666666666,0.746031746031746,0.16602476089534524,-0.09187640761624787,-0.09072834373404379,True
3051,0.6825396825396826,0.746031746031746,0.15913039684250394,-0.10566643400789572,-0.0877685209477728,True
3052,0.6984126984126984,0.746031746031746,0.1515076253045542,-0.11962140039460721,-0.08453288061505815,True
3053,0.7142857142857142,0.746031746031746,0.14315749417111476,-0.13376694032534134,-0.08106637972315103,True
3054,0.7301587301587301,0.746031746031746,0.13400590621746902,-0.14802560262410602,-0.07739146614860845,True
3055,0.746031746031746,0.746031746031746,0.12408938303256523,-0.16244340360954793,-0.0735666424301362,True
3056,0.7619047619047619,0.746031746031746,0.11339009325317029,-0.17698394908876605,-0.0696434366088741,True
3057,0.7777777777777777,0.746031746031746,0.10195704220918506,-0.19169637547964802,-0.06568734957978671,True
3058,0.7936507936507936,0.746031746031746,0.08980597665593024,-0.20666232689384625,-0.0617594680098061,True
3059,0.8095238095238095,0.746031746031746,0.07702387515694875,-0.22219604813103067,-0.05793148768263118,True
3060,0.8253968253968254,0.746031746031746,0.06373177706842371,-0.23894787015485167,-0.054269299110585895,True
3061,0.8412698412698412,0.746031746031746,0.049974719768076936,-0.25810497288022727,-0.05081954950770651,True
3062,0.8571428571428571,0.746031746031746,0.03584381501169095,-0.281760070509638,-0.0476160073307318,True
3063,0.873015873015873,0.746031746031746,0.021222946016416187,-0.3133110780309998,-0.044653452267286724,True
3064,0.8888888888888888,0.746031746031746,0.00588668121104523,-0.3576700030306433,-0.04190672319349435,True
3065,0.9047619047619047,0.746031746031746,-0.010346673632992635,-0.4204069966603894,-0.0393334235906857,True
3066,0.9206349206349206,0.746031746031746,-0.02671781656330722,-0.5036803771016439,-0.03689826431455067,True
3067,0.9365079365079365,0.746031746031746,-0.03971733826386309,-0.5939560944783111,-0.034646291076171586,True
3068,0.9523809523809523,0.746031746031746,-0.04233586820994184,-0.6431793146513997,-0.03278549934630396,True
3069,0.9682539682539681,0.746031746031746,-0.03003260711848389,-0.5750851427957786,-0.03173593285626754,True
3070,0.9841269841269841,0.746031746031746,-0.010283567065960461,-0.3482249540268904,-0.031851074308741366,True
3071,1.0,0.746031746031746,1.5198766206860288e-07,1.3278460643541944e-05,-0.03292111203827116,True
3072,0.0,0.7619047619047619,6.768807552912699e-08,2.2460857483125942e-05,-0.030343244322184822,True
3073,0.015873015873015872,0.7619047619047619,0.002036568777295266,0.03036357236142877,-0.03010002098149796,True
3074,0.031746031746031744,0.7619047619047619,0.007936925080846396,0.06774186637622885,-0.02985574694360175,True
3075,0.047619047619047616,0.7619047619047619,0.01736456229994037,0.10957215885822942,-0.02965891841543917,True
3076,0.06349206349206349,0.7619047619047619,0.02957306973895572,0.15234853749854593,-0.02954786089264358,True
3077,0.07936507936507936,0.7619047619047619,0.0436263032763008,0.19288818608679928,-0.02958111303167267,True
3078,0.09523809523809523,0.7619047619047619,0.05848710861508572,0.22849911305712997,-0.029819017459533834,True
3079,0.1111111111111111,0.7619047619047619,0.0733226074413539,0.257652457223953,-0.030321811278873224,True
3080,0.12698412698412698,0.7619047619047619,0.08763297596153827,0.2799916772449103,-0.03115828764141166,True
3081,0.14285714285714285,0.7619047619047619,0.10120329497422575,0.2958076348916051,-0.03236228379451686,True
3082,0.15873015873015872,0.7619047619047619,0.11390022844546349,0.30566322544575303,-0.033992831471949696,True
3083,0.1746031746031746,0.7619047619047619,0.1259075297201803,0.3105193132529988,-0.036033317625622494,True
3084,0.19047619047619047,0.7619047619047619,0.13714728997902031,0.31090178845636457,-0.038501740809039675,True
3085,0.20634920634920634,0.7619047619047619,0.14766550580548954,0.3075542661724872,-0.04138210472043813,True
3086,0.2222222222222222,0.7619047619047619,0.15748416763809178,0.3009864909096345,-0.04462021279214702,True
3087,0.23809523809523808,0.7619047619047619,0.16648961507716992,0.29169440638361155,-0.048183185378364274,True
3088,0.25396825396825395,0.7619047619047619,0.17474616084882158,0.28018941810961284,-0.05198712013055534,True
3089,0.2698412698412698,0.7619047619047619,0.18211208813941568,0.2668347201348229,-0.05596744968106782,True
3090,0.2857142857142857,0.7619047619047619,0.188698231324538,0.25218800764660676,-0.060046783401064306,True
3091,0.30158730158730157,0.7619047619047619,0.19447988537255165,0.2366150277757245,-0.06415175466063795,True
3092,0.31746031746031744,0.7619047619047619,0.19951342021421553,0.22048715897290158,-0.06821192684276234,True
3093,0.3333333333333333,0.7619047619047619,0.20392990627623322,0.20415704783783592,-0.07217596640537241,True
3094,0.3492063492063492,0.7619047619047619,0.20774349868444913,0.18782337932056267,-0.07598620054837596,True
3095,0.36507936507936506,0.7619047619047619,0.21101435389771225,0.17165922669791295,-0.07959800570502085,True
3096,0.38095238095238093,0.7619047619047619,0.2138778247853,0.1558303235308182,-0.08298983900019012,True
3097,0.3968253968253968,0.7619047619047619,0.21625583994442568,0.14032982091782842,-0.08612142125902988,True
3098,0.4126984126984127,0.7619047619047619,0.21823982710942522,0.12523479450030162,-0.0889718201727325,True
3099,0.42857142857142855,0.7619047619047619,0.2198337978593838,0.11054835062397307,-0.0915223894633003,True
3100,0.4444444444444444,0.7619047619047619,0.22101058336792584,0.09621074017072197,-0.09376554557947384,True
3101,0.4603174603174603,0.7619047619047619,0.22178904124806617,0.08224663688391093,-0.09567604338795768,True
3102,0.47619047619047616,0.7619047619047619,0.2221239027490117,0.0685761842308147,-0.09723505143541004,True
3103,0.49206349206349204,0.7619047619047619,0.22205145311548236,0.05522183421415174,-0.09847098233909604,True
3104,0.5079365079365079,0.7619047619047619,0.22148630588016036,0.04206452868358982,-0.09932735661385157,True
3105,0.5238095238095237,0.7619047619047619,0.22044948336754575,0.02912486673093545,-0.09982933972739577,True
3106,0.5396825396825397,0.7619047619047619,0.2188974878421362,0.016328967752418357,-0.09995645688657356,True
3107,0.5555555555555556,0.7619047619047619,0.21681609698401683,0.0036504286087834918,-0.09971090082447431,True
3108,0.5714285714285714,0.7619047619047619,0.2141844084471025,-0.008989851692928104,-0.09909905528679433,True
3109,0.5873015873015872,0.7619047619047619,0.21096839816902999,-0.021536598740273832,-0.09811205236350784,True
3110,0.6031746031746031,0.7619047619047619,0.20715271954201225,-0.034154073304212176,-0.09675457983566194,True
3111,0.6190476190476191,0.7619047619047619,0.202698198794134,-0.04676654967906041,-0.0950319506399717,True
3112,0.6349206349206349,0.7619047619047619,0.19758282214090936,-0.05944761025604997,-0.09295670191729984,True
3113,0.6507936507936507,0.7619047619047619,0.19177195382203394,-0.07224120383941005,-0.09053125724102468,True
3114,0.6666666666666666,0.7619047619047619,0.18522847007935941,-0.08513856163827344,-0.08777664170331115,True
3115,0.6825396825396826,0.7619047619047619,0.17792235579708357,-0.09818475942407617,-0.08470942970892482,True
3116,0.6984126984126984,0.7619047619047619,0.1698346587477589,-0.11138537258258586,-0.08136664559823384,True
3117,0.7142857142857142,0.7619047619047619,0.1609126185823752,-0.12472525764576552,-0.07776681007436081,True
3118,0.7301587301587301,0.7619047619047619,0.15111941060437753,-0.13817157169274502,-0.07395389548634136,True
3119,0.746031746031746,0.7619047619047619,0.14045929439074104,-0.15175126375592557,-0.06998069918356954,True
3120,0.7619047619047619,0.7619047619047619,0.1289148609773378,-0.16545422295427895,-0.06589700362778901,True
3121,0.7777777777777777,0.7619047619047619,0.11657666937927424,-0.17939877880989089,-0.06178145362865643,True
3122,0.7936507936507936,0.7619047619047619,0.10345942654141659,-0.19368056804345415,-0.05769348272837479,True
3123,0.8095238095238095,0.7619047619047619,0.0896033823128678,-0.20859376080688488,-0.05369529472103047,True
3124,0.8253968253968254,0.7619047619047619,0.0752305778558432,-0.2248549940941675,-0.04987051568528465,True
3125,0.8412698412698412,0.7619047619047619,0.06039447714491984,-0.2436210336145501,-0.046261877590356416,True
3126,0.8571428571428571,0.7619047619047619,0.04516498763593422,-0.2669028502494983,-0.04289525165971557,True
3127,0.873015873015873,0.7619047619047619,0.02956108923872892,-0.29794862226602914,-0.03978479419562243,True
3128,0.8888888888888888,0.7619047619047619,0.013323198605543088,-0.3414295812447612,-0.03690376723852585,True
3129,0.9047619047619047,0.7619047619047619,-0.0038325541142452185,-0.40328162471440315,-0.03421157437535855,True
3130,0.9206349206349206,0.7619047619047619,-0.02145524013246028,-0.487182581376681,-0.03168686473816748,True
3131,0.9365079365079365,0.7619047619047619,-0.03663658671281933,-0.5835195563610096,-0.029383561511533006,True
3132,0.9523809523809523,0.7619047619047619,-0.04191743286847629,-0.6466737371667274,-0.027512198200950272,True
3133,0.9682539682539681,0.7619047619047619,-0.031182093431445727,-0.593254571171909,-0.026465478079911293,True
3134,0.9841269841269841,0.7619047619047619,-0.011002617167568693,-0.36653718107500183,-0.026592753866577924,True
3135,1.0,0.7619047619047619,3.922771808247054e-06,-1.3517068450257835e-05,-0.02775216830607753,True
3136,0.0,0.7777777777777777,-7.004246048084491e-08,-2.1103766577332215e-05,-0.02975223492592912,True
3137,0.015873015873015872,0.7777777777777777,0.0017643650891773683,0.026594173028423478,-0.029539049335795146,True
3138,0.031746031746031744,0.7777777777777777,0.007009013339804227,0.060462098632009055,-0.029309637672718287,True
3139,0.047619047619047616,0.7777777777777777,0.015553955901722365,0.09902484204842382,-0.029090402854101388,True
3140,0.06349206349206349,0.7777777777777777,0.026985182642261223,0.13941879103799948,-0.028901341445929776,True
3141,0.07936507936507936,0.7777777777777777,0.040515679142322174,0.17841630833278802,-0.028772047887603215,True
3142,0.09523809523809523,0.7777777777777777,0.0552744204652889,0.21341995741670136,-0.02876042918487946,True
3143,0.1111111111111111,0.7777777777777777,0.07047010171248612,0.24274646281924595,-0.02894083388829594,True
3144,0.12698412698412698,0.7777777777777777,0.08549672975221484,0.2656213465459049,-0.029390715774488988,True
3145,0.14285714285714285,0.7777777777777777,0.10000088392131197,0.28209466347162726,-0.030191508089197554,True
3146,0.15873015873015872,0.7777777777777777,0.11388391302075992,0.292764356369633,-0.03139340738813265,True
3147,0.1746031746031746,0.7777777777777777,0.12708315350757068,0.29827519057474017,-0.033039738783312525,True
3148,0.19047619047619047,0.7777777777777777,0.13960608396133664,0.2993934363042416,-0.035148322238010475,True
3149,0.20634920634920634,0.7777777777777777,0.1514538789090556,0.29673682514508715,-0.03770462480999823,True
3150,0.2222222222222222,0.7777777777777777,0.16255885783525098,0.29086042503034887,-0.040688211030074556,True
3151,0.23809523809523808,0.7777777777777777,0.17301160233235527,0.28239205473522105,-0.04403121271279095,True
3152,0.25396825396825395,0.7777777777777777,0.18263246006261752,0.27170042140479533,-0.047689551786492604,True
3153,0.2698412698412698,0.7777777777777777,0.1913957841797429,0.25921608604273616,-0.051583468859568125,True
3154,0.2857142857142857,0.7777777777777777,0.1992933882696617,0.24536748662043487,-0.05562754056777291,True
3155,0.30158730158730157,0.7777777777777777,0.20640705244670604,0.23060824723548604,-0.05974926300924518,True
3156,0.31746031746031744,0.7777777777777777,0.21264967453975334,0.21521522951379704,-0.06386938285747497,True
3157,0.3333333333333333,0.7777777777777777,0.21814112689528586,0.19952285774877931,-0.06791725906510322,True
3158,0.3492063492063492,0.7777777777777777,0.22300013349253547,0.18380910799465797,-0.07184543049144543,True
3159,0.36507936507936506,0.7777777777777777,0.2272166567017706,0.16821044912459795,-0.07559557200965983,True
3160,0.38095238095238093,0.7777777777777777,0.23080014244566124,0.15283272829217473,-0.0791133791041025,True
3161,0.3968253968253968,0.7777777777777777,0.2339253581201127,0.13783271363541189,-0.08239248281191315,True
3162,0.4126984126984127,0.7777777777777777,0.23651256741274648,0.12317620829973111,-0.08538578783698127,True
3163,0.42857142857142855,0.7777777777777777,0.23862508106210503,0.10891602841161235,-0.08807931859506901,True
3164,0.4444444444444444,0.7777777777777777,0.24022791153514664,0.0950119412093401,-0.09043357875012621,True
3165,0.4603174603174603,0.7777777777777777,0.24141231927779974,0.08152995912459618,-0.0924687431997115,True
3166,0.47619047619047616,0.7777777777777777,0.24206626148445984,0.06830950108885354,-0.09414410424435483,True
3167,0.49206349206349204,0.7777777777777777,0.24223592807131158,0.05541725836326061,-0.09545353897736528,True
3168,0.5079365079365079,0.7777777777777777,0.24187956074702366,0.04275923147717346,-0.09639000254418835,True
3169,0.5238095238095237,0.7777777777777777,0.2410119000292484,0.030354871723184133,-0.09696019894199813,True
3170,0.5396825396825397,0.7777777777777777,0.2395529192904323,0.018076991186004907,-0.09712055194495545,True
3171,0.5555555555555556,0.7777777777777777,0.2375370444488818,0.005965371762381877,-0.09691216338786451,True
3172,0.5714285714285714,0.7777777777777777,0.23492035586395654,-0.0060436401805591825,-0.0963171553078794,True
3173,0.5873015873015872,0.7777777777777777,0.23166298200041152,-0.01800979974854606,-0.09532415639512883,True
3174,0.6031746031746031,0.7777777777777777,0.2277401424185015,-0.02994002439650559,-0.09394159613460636,True
3175,0.6190476190476191,0.7777777777777777,0.22314091477992914,-0.04188501577523922,-0.09218713271360734,True
3176,0.6349206349206349,0.7777777777777777,0.21782084748256153,-0.053885370804363654,-0.09006008417121908,True
3177,0.6507936507936507,0.7777777777777777,0.2117165984370617,-0.06590696980323206,-0.08756078837955067,True
3178,0.6666666666666666,0.7777777777777777,0.20484346515411278,-0.07805749891220631,-0.08472622540434296,True
3179,0.6825396825396826,0.7777777777777777,0.1971214502224406,-0.09027680411281087,-0.08156369926006807,True
3180,0.6984126984126984,0.7777777777777777,0.1885188484229482,-0.10260121970582876,-0.07809923055238695,True
3181,0.7142857142857142,0.7777777777777777,0.17900199060306235,-0.11502585098154298,-0.07436921881656708,True
3182,0.7301587301587301,0.7777777777777777,0.16854039957491987,-0.12756344458280017,-0.0704143502584768,True
3183,0.746031746031746,0.7777777777777777,0.15715966962259648,-0.14025690156184561,-0.06629273963708164,True
3184,0.7619047619047619,0.7777777777777777,0.14483642497444305,-0.15311504858421984,-0.06205607926437094,True
3185,0.7777777777777777,0.7777777777777777,0.13157433991200473,-0.16618332392841173,-0.0577637768406259,True
3186,0.7936507936507936,0.7777777777777777,0.11746250071794033,-0.17967258513291956,-0.053490648474586525,True
3187,0.8095238095238095,0.7777777777777777,0.10259628765536351,-0.19393691212174766,-0.049306068593402905,True
3188,0.8253968253968254,0.7777777777777777,0.08714381111376532,-0.20967926508154452,-0.045282683229724056,True
3189,0.8412698412698412,0.7777777777777777,0.07123130652552079,-0.22805090576759204,-0.04147085927999943,True
3190,0.8571428571428571,0.7777777777777777,0.054953798125781286,-0.25096324526297703,-0.037897605744270105,True
3191,0.873015873015873,0.7777777777777777,0.0383297578946809,-0.2815637822539733,-0.0345707469532415,True
3192,0.8888888888888888,0.7777777777777777,0.021170447365221796,-0.3243316378232056,-0.03147649755019913,True
3193,0.9047619047619047,0.7777777777777777,0.00308213367361927,-0.38518027920914455,-0.02856958658822939,True
3194,0.9206349206349206,0.7777777777777777,-0.01581728329657815,-0.4690604380555814,-0.02585656046926005,True
3195,0.9365079365079365,0.7777777777777777,-0.03307124300758337,-0.5701210508456592,-0.023385385583882774,True
3196,0.9523809523809523,0.7777777777777777,-0.041352194744157175,-0.6472015848698232,-0.021391330853853193,True
3197,0.9682539682539681,0.7777777777777777,-0.03258428930178709,-0.610875436827191,-0.020269434258556596,True
3198,0.9841269841269841,0.7777777777777777,-0.011880346198590306,-0.3862294431220271,-0.02040104845626583,True
3199,1.0,0.7777777777777777,-2.5826977632116874e-06,2.7156584915228017e-05,-0.02164449800372511,True
3200,0.0,0.7936507936507936,-2.8928501651876345e-08,-6.932091256044454e-06,-0.029163467852747014,True
3201,0.015873015873015872,0.7936507936507936,0.001468295802346579,0.023377317137519008,-0.0289843324420101,True
3202,0.031746031746031744,0.7936507936507936,0.005922041935650591,0.05393904657021037,-0.028775817897547313,True
3203,0.047619047619047616,0.7936507936507936,0.013425668854971385,0.08946147445164221,-0.02854137819817424,True
3204,0.06349206349206349,0.7936507936507936,0.02377773571476087,0.1272297546489076,-0.028272620719389522,True
3205,0.07936507936507936,0.7936507936507936,0.03647805803751555,0.1643864779916327,-0.027981403494187495,True
3206,0.09523809523809523,0.7936507936507936,0.05081923942691343,0.198376761168497,-0.027713080335235857,True
3207,0.1111111111111111,0.7936507936507936,0.06606258369880161,0.22737908401914433,-0.027551630763465857,True
3208,0.12698412698412698,0.7936507936507936,0.0815726085159628,0.2504359578787947,-0.02760149467562037,True
3209,0.14285714285714285,0.7936507936507936,0.09694785064372413,0.26741845246647383,-0.027952355436456796,True
3210,0.15873015873015872,0.7936507936507936,0.11189464068326191,0.27863468000004077,-0.02870978353717222,True
3211,0.1746031746031746,0.7936507936507936,0.12634717188731442,0.2847852329958647,-0.029924142203053866,True
3212,0.19047619047619047,0.7936507936507936,0.14021551758785022,0.2865135816511017,-0.031635838463611454,True
3213,0.20634920634920634,0.7936507936507936,0.15343821098188004,0.28450746865926757,-0.03385422733036867,True
3214,0.2222222222222222,0.7936507936507936,0.1660260755390111,0.2793880446751377,-0.036545836572776505,True
3215,0.23809523809523808,0.7936507936507936,0.1779380900611288,0.2716647371796333,-0.03966586675242956,True
3216,0.25396825396825395,0.7936507936507936,0.18900481207399222,0.2617464933166912,-0.0431658340814009,True
3217,0.2698412698412698,0.7936507936507936,0.19926450236749677,0.2501239334148497,-0.046958817274573635,True
3218,0.2857142857142857,0.7936507936507936,0.2086513769648132,0.23717008311289153,-0.05096280095569978,True
3219,0.30158730158730157,0.7936507936507936,0.21717802339690936,0.22326617771475307,-0.05509513570474473,True
3220,0.31746031746031744,0.7936507936507936,0.22476101509298022,0.20868026308935786,-0.05926787973489682,True
3221,0.3333333333333333,0.7936507936507936,0.2315404212381775,0.19377116475455386,-0.06341078704405302,True
3222,0.3492063492063492,0.7936507936507936,0.23754845849886208,0.1787622401162215,-0.06745369560127787,True
3223,0.36507936507936506,0.7936507936507936,0.24279978173635577,0.16381369058059156,-0.07133767201986273,True
3224,0.38095238095238093,0.7936507936507936,0.24734181050777915,0.1490504356757034,-0.07501175997425244,True
3225,0.3968253968253968,0.7936507936507936,0.25128929914300274,0.13460686485504297,-0.0784474786212936,True
3226,0.4126984126984127,0.7936507936507936,0.2545957254003735,0.12049777261773413,-0.08159158799380772,True
3227,0.42857142857142855,0.7936507936507936,0.2573298956284185,0.10676213261509282,-0.08443049954824917,True
3228,0.4444444444444444,0.7936507936507936,0.2594933207700145,0.09339408922992955,-0.08693682214177162,True
3229,0.4603174603174603,0.7936507936507936,0.261103505323606,0.08040288603412271,-0.08909306714003329,True
3230,0.47619047619047616,0.7936507936507936,0.2621321591525422,0.06771249338110588,-0.09087944389315761,True
3231,0.49206349206349204,0.7936507936507936,0.2626337584366012,0.055373791627956144,-0.09230407982742102,True
3232,0.5079365079365079,0.7936507936507936,0.2625272710997023,0.04327071693624366,-0.09332959816034764,True
3233,0.5238095238095237,0.7936507936507936,0.26182321288174787,0.03144223240649747,-0.09395193575437723,True
3234,0.5396825396825397,0.7936507936507936,0.26052159631757865,0.01975638222860103,-0.09419148060983287,True
3235,0.5555555555555556,0.7936507936507936,0.2585784648791758,0.008266726445830461,-0.09401766668891058,True
3236,0.5714285714285714,0.7936507936507936,0.25595752449378556,-0.0031038819046340627,-0.09342713673983717,True
3237,0.5873015873015872,0.7936507936507936,0.25267601772067816,-0.01440172895641763,-0.09244925658434688,True
3238,0.6031746031746031,0.7936507936507936,0.24867014521260464,-0.02563053923627644,-0.09106323813478362,True
3239,0.6190476190476191,0.7936507936507936,0.24389815514880406,-0.03683935520419836,-0.08926950754633675,True
3240,0.6349206349206349,0.7936507936507936,0.2383502290433452,-0.04805250845088166,-0.08709339564067199,True
3241,0.6507936507936507,0.7936507936507936,0.23198647212183626,-0.05928707414906368,-0.08454374883704092,True
3242,0.6666666666666666,0.7936507936507936,0.2247438502640001,-0.07055108214277231,-0.08162708231691296,True
3243,0.6825396825396826,0.7936507936507936,0.2165962051512388,-0.08188906802357498,-0.07836923497579702,True
3244,0.6984126984126984,0.7936507936507936,0.20749598670623048,-0.0932859335311346,-0.07479714243826098,True
3245,0.7142857142857142,0.7936507936507936,0.19740767567558815,-0.1047606896244481,-0.07094478072007161,True
3246,0.7301587301587301,0.7936507936507936,0.18631756734528862,-0.11632551205608478,-0.06685654236543322,True
3247,0.746031746031746,0.7936507936507936,0.1741894337442913,-0.128006718011176,-0.06257747490092894,True
3248,0.7619047619047619,0.7936507936507936,0.16105908505942895,-0.13987989712851645,-0.058170867581556276,True
3249,0.7777777777777777,0.7936507936507936,0.14693220143080135,-0.15202602084122413,-0.05369595459317651,True
3250,0.7936507936507936,0.7936507936507936,0.13190600205990868,-0.16469124698510307,-0.049226223534851114,True
3251,0.8095238095238095,0.7936507936507936,0.11608099284758876,-0.17826056041712754,-0.0448288770701317,True
3252,0.8253968253968254,0.7936507936507936,0.09962314918654,-0.19344712725365865,-0.040572252629817236,True
3253,0.8412698412698412,0.7936507936507936,0.0826860120983008,-0.2114106288500984,-0.036506633681307146,True
3254,0.8571428571428571,0.7936507936507936,0.06539870682813899,-0.2340433209134155,-0.03265992895190156,True
3255,0.873015873015873,0.7936507936507936,0.047801076626783755,-0.26423829095286705,-0.02904532185063358,True
3256,0.8888888888888888,0.7936507936507936,0.02970212596690728,-0.3063410137007539,-0.025640515765937122,True
3257,0.9047619047619047,0.7936507936507936,0.010677822852008276,-0.36601636511706936,-0.022418059176959788,True
3258,0.9206349206349206,0.7936507936507936,-0.009466122633763655,-0.44931466674456183,-0.01937805061427194,True
3259,0.9365079365079365,0.7936507936507936,-0.028958603242700554,-0.5541704711854731,-0.01659708674005638,True
3260,0.9523809523809523,0.7936507936507936,-0.040615487996433414,-0.6455761044376424,-0.01433882310556991,True
3261,0.9682539682539681,0.7936507936507936,-0.03420552810557857,-0.6285962305103182,-0.013039629062234723,True
3262,0.9841269841269841,0.7936507936507936,-0.012963286336481732,-0.4073938971130392,-0.013114082792688504,True
3263,1.0,0.7936507936507936,1.2459704841955235e-08,3.863985331005239e-05,-0.014451046744468043,True
3264,0.0,0.8095238095238095,-3.2108218631777863e-09,9.153130271081146e-06,-0.028583770114305435,True
3265,0.015873015873015872,0.8095238095238095,0.001137241054549904,0.020788334446535637,-0.028443937763173797,True
3266,0.031746031746031744,0.8095238095238095,0.004688301228437738,0.04852364474146271,-0.0282636162256342,True
3267,0.047619047619047616,0.8095238095238095,0.010931240884348672,0.0811474967612029,-0.02801963685112942,True
3268,0.06349206349206349,0.8095238095238095,0.019942267432221623,0.11624438965641708,-0.027676674103312496,True
3269,0.07936507936507936,0.8095238095238095,0.031466267691153356,0.15121307564244868,-0.02721938654829772,True
3270,0.09523809523809523,0.8095238095238095,0.04503944764911951,0.18370918043817352,-0.02668688593179076,True
3271,0.1111111111111111,0.8095238095238095,0.0600183842126061,0.21189575413365058,-0.02616627207021316,True
3272,0.12698412698412698,0.8095238095238095,0.07578160102537775,0.23467845291549,-0.025774992842921944,True
3273,0.14285714285714285,0.8095238095238095,0.0918006003950359,0.251755311148989,-0.02567623565310532,True
3274,0.15873015873015872,0.8095238095238095,0.10779860364653282,0.26332206280151155,-0.02594057081316182,True
3275,0.1746031746031746,0.8095238095238095,0.12347988096781666,0.2699486070623053,-0.026704033129877493,True
3276,0.19047619047619047,0.8095238095238095,0.13875132401987766,0.27223195997714966,-0.02799606501176538,True
3277,0.20634920634920634,0.8095238095238095,0.15347960286774068,0.2708247672168841,-0.02984637311040507,True
3278,0.2222222222222222,0.8095238095238095,0.16759563584678122,0.2663557755053851,-0.03223854293180224,True
3279,0.23809523809523808,0.8095238095238095,0.18107145071394787,0.25936502906968795,-0.035123212279196424,True
3280,0.25396825396825395,0.8095238095238095,0.1937114870537247,0.25025761619494635,-0.03845550004402737,True
3281,0.2698412698412698,0.8095238095238095,0.20555136545977332,0.239491412114608,-0.04214270362172072,True
3282,0.2857142857142857,0.8095238095238095,0.21652321227257504,0.2274541867326752,-0.04609816421727346,True
3283,0.30158730158730157,0.8095238095238095,0.22657818182147357,0.21445746478267588,-0.05023685812262404,True
3284,0.31746031746031744,0.8095238095238095,0.23563905733467488,0.20077819777416603,-0.05446380966346016,True
3285,0.3333333333333333,0.8095238095238095,0.24383985562714663,0.18675119420766792,-0.058699481475225475,True
3286,0.3492063492063492,0.8095238095238095,0.2510616732061426,0.17251251307505666,-0.06285672454793051,True
3287,0.36507936507936506,0.8095238095238095,0.2575428295934642,0.1583530305641512,-0.06688924616167878,True
3288,0.38095238095238093,0.8095238095238095,0.2631966441751969,0.14434510505631953,-0.07072553250825664,True
3289,0.3968253968253968,0.8095238095238095,0.2679993239137275,0.13052326213012608,-0.07430316082723255,True
3290,0.4126984126984127,0.8095238095238095,0.27221330588789766,0.11709883317296645,-0.07762598297111646,True
3291,0.42857142857142855,0.8095238095238095,0.2756720401304609,0.1039784907312107,-0.08062311215206137,True
3292,0.4444444444444444,0.8095238095238095,0.27847356441702625,0.09122505885566629,-0.08328290530580384,True
3293,0.4603174603174603,0.8095238095238095,0.28061687099872823,0.07883641232483372,-0.08557931998050886,True
3294,0.47619047619047616,0.8095238095238095,0.28211008668906823,0.06676553931219134,-0.08749779684031982,True
3295,0.49206349206349204,0.8095238095238095,0.28296605604847075,0.055015768828026536,-0.089029623410895,True
3296,0.5079365079365079,0.8095238095238095,0.28316643563742766,0.04357355388037012,-0.09015667662442943,True
3297,0.5238095238095237,0.8095238095238095,0.282686648233751,0.032314780412060824,-0.09086823929427627,True
3298,0.5396825396825397,0.8095238095238095,0.28155057468633027,0.021329744851522604,-0.09117082400273602,True
3299,0.5555555555555556,0.8095238095238095,0.2796933519077062,0.010495081475517039,-0.09104081584745785,True
3300,0.5714285714285714,0.8095238095238095,0.27712861030844005,-0.0001700465286738836,-0.09049793691937535,True
3301,0.5873015873015872,0.8095238095238095,0.2738068072170589,-0.010737582407127768,-0.08952584289811871,True
3302,0.6031746031746031,0.8095238095238095,0.2696933091732596,-0.02121105688641347,-0.08812950707937152,True
3303,0.6190476190476191,0.8095238095238095,0.2647881163143187,-0.03161131520509885,-0.08633019222725909,True
3304,0.6349206349206349,0.8095238095238095,0.25903416898421355,-0.04197736751730681,-0.08412346371689353,True
3305,0.6507936507936507,0.8095238095238095,0.2523627003231542,-0.05231333901160798,-0.08151317566128925,True
3306,0.6666666666666666,0.8095238095238095,0.24478911216338203,-0.06267726902948638,-0.07853518303278159,True
3307,0.6825396825396826,0.8095238095238095,0.23621659111833154,-0.07303957404500042,-0.07519265522044775,True
3308,0.6984126984126984,0.8095238095238095,0.2266343756506775,-0.08342615348470288,-0.07152245670293715,True
3309,0.7142857142857142,0.8095238095238095,0.21601389236697235,-0.09388541663923246,-0.06755846275220925,True
3310,0.7301587301587301,0.8095238095238095,0.2042927007261593,-0.1043851601067859,-0.06333500942361894,True
3311,0.746031746031746,0.8095238095238095,0.19150440660322776,-0.11502143433699571,-0.058909406706843505,True
3312,0.7619047619047619,0.8095238095238095,0.17763176418139578,-0.1258360809430585,-0.054330492900645656,True
3313,0.7777777777777777,0.8095238095238095,0.1627368531932032,-0.13701922343236303,-0.04966701797705326,True
3314,0.7936507936507936,0.8095238095238095,0.14690355309197825,-0.14881395545897902,-0.04498319846773221,True
3315,0.8095238095238095,0.8095238095238095,0.13023781432994264,-0.1616515797679564,-0.04034467344418074,True
3316,0.8253968253968254,0.8095238095238095,0.11290113875677889,-0.17626240077766225,-0.03581279916198928,True
3317,0.8412698412698412,0.8095238095238095,0.0950550180734453,-0.19382544178867736,-0.03143158537807832,True
3318,0.8571428571428571,0.8095238095238095,0.0768547072234397,-0.21611050471983617,-0.02724287877564134,True
3319,0.873015873015873,0.8095238095238095,0.0583170123491564,-0.24595619005434055,-0.02323728961604521,True
3320,0.8888888888888888,0.8095238095238095,0.0392703874186896,-0.2874001303985662,-0.019396768688323664,True
3321,0.9047619047619047,0.8095238095238095,0.019318673248478104,-0.3459818520622726,-0.01572826791721956,True
3322,0.9206349206349206,0.8095238095238095,-0.0020932043920839512,-0.4280089507675238,-0.012194671209919078,True
3323,0.9365079365079365,0.8095238095238095,-0.023793504834017234,-0.5351976196494883,-0.008915882038780363,True
3324,0.9523809523809523,0.8095238095238095,-0.03909876674108199,-0.6392906278301254,-0.0061868898488544035,True
3325,0.9682539682539681,0.8095238095238095,-0.03580122787197153,-0.6438999098158247,-0.004561576979266802,True
3326,0.9841269841269841,0.8095238095238095,-0.014268164078200207,-0.4299696418382394,-0.004512781938457022,True
3327,1.0,0.8095238095238095,-9.262333369850356e-07,-0.00025812140244671597,-0.0059668055046777115,True
3328,0.0,0.8253968253968254,-9.938125387301084e-08,-1.4074244967330365e-06,-0.028016624767371285,True
3329,0.015873015873015872,0.8253968253968254,0.000732787990050145,0.01886048021256991,-0.027924323158089164,True
3330,0.031746031746031744,0.8253968253968254,0.003201611258683509,0.04431625864003296,-0.027779899655123924,True
3331,0.047619047619047616,0.8253968253968254,0.007926547123652108,0.07431841777768478,-0.02753013763700453,True
3332,0.06349206349206349,0.8253968253968254,0.015277013774500341,0.10669695253857432,-0.027108207132311803,True
3333,0.07936507936507936,0.8253968253968254,0.02531686597537852,0.1392017373729785,-0.026477763974150866,True
3334,0.09523809523809523,0.8253968253968254,0.03778911407583977,0.16971679391131272,-0.025665466186233433,True
3335,0.1111111111111111,0.8253968253968254,0.05219835479376688,0.19652544718827247,-0.024765914827552103,True
3336,0.12698412698412698,0.8253968253968254,0.06796734087965706,0.2185579264050484,-0.02393143674849149,True
3337,0.14285714285714285,0.8253968253968254,0.08451905786653549,0.23530561756540322,-0.023326608417261155,True
3338,0.15873015873015872,0.8253968253968254,0.10144327636526718,0.2469374961919885,-0.023100404321161817,True
3339,0.1746031746031746,0.8253968253968254,0.11835992568618438,0.2537665966353263,-0.023381483828053683,True
3340,0.19047619047619047,0.8253968253968254,0.13505854205196516,0.25646634414675235,-0.024244619325058253,True
3341,0.20634920634920634,0.8253968253968254,0.15137957028376653,0.255598209119512,-0.02571623454280686,True
3342,0.2222222222222222,0.8253968253968254,0.16717397618446486,0.2517657921838469,-0.027794568307723033,True
3343,0.23809523809523808,0.8253968253968254,0.18221147637564689,0.24543391889778415,-0.030457487659471434,True
3344,0.25396825396825395,0.8253968253968254,0.1965984096643144,0.23716203526546312,-0.03360913242127201,True
3345,0.2698412698412698,0.8253968253968254,0.21013752647743103,0.22728844875062007,-0.03718762408590088,True
3346,0.2857142857142857,0.8253968253968254,0.22268681874715665,0.2161183208651453,-0.0411004201610289,True
3347,0.30158730158730157,0.8253968253968254,0.2343798027090693,0.2040992519493442,-0.045241516991861914,True
3348,0.31746031746031744,0.8253968253968254,0.24504436780496228,0.19140519429664984,-0.04952246626639547,True
3349,0.3333333333333333,0.8253968253968254,0.25471250037134413,0.1783112281393628,-0.05384800558950844,True
3350,0.3492063492063492,0.8253968253968254,0.2633929960119928,0.1650216308742272,-0.0581346575407338,True
3351,0.36507936507936506,0.8253968253968254,0.2710729799452298,0.15168837589456485,-0.06229968899516263,True
3352,0.38095238095238093,0.8253968253968254,0.2779644127785659,0.1385340382318916,-0.06630259910954,True
3353,0.3968253968253968,0.8253968253968254,0.28388608035777496,0.12554372939287964,-0.07005981086360512,True
3354,0.4126984126984127,0.8253968253968254,0.28900022039847195,0.11284421265035091,-0.07354295916675506,True
3355,0.42857142857142855,0.8253968253968254,0.29330970823727814,0.1004667072764339,-0.07671057249498071,True
3356,0.4444444444444444,0.8253968253968254,0.29683513542891793,0.08841966666435758,-0.0795307861462054,True
3357,0.4603174603174603,0.8253968253968254,0.2996354554734786,0.07673307383813155,-0.08198982170506773,True
3358,0.47619047619047616,0.8253968253968254,0.30161411350900214,0.06533508479265518,-0.08403401489883466,True
3359,0.49206349206349204,0.8253968253968254,0.3029314752428062,0.05430099188878035,-0.08569712558120401,True
3360,0.5079365079365079,0.8253968253968254,0.3035001736746107,0.043522832149386285,-0.0869421635512993,True
3361,0.5238095238095237,0.8253968253968254,0.30330033879511004,0.03301765874144359,-0.0877483418718355,True
3362,0.5396825396825397,0.8253968253968254,0.30232891907757425,0.022734498672569197,-0.08811348208899829,True
3363,0.5555555555555556,0.8253968253968254,0.300617317291821,0.012686572128286874,-0.08805462787020062,True
3364,0.5714285714285714,0.8253968253968254,0.2981102086681357,0.002725575661202426,-0.08755211470426114,True
3365,0.5873015873015872,0.8253968253968254,0.29477789212638283,-0.006978388381816165,-0.08661033244705812,True
3366,0.6031746031746031,0.8253968253968254,0.29060557331523296,-0.01665879921691344,-0.08523052498090139,True
3367,0.6190476190476191,0.8253968253968254,0.2855714442480687,-0.02619171838899371,-0.08342746427360416,True
3368,0.6349206349206349,0.8253968253968254,0.2796078063972361,-0.03567240595351693,-0.08119510103167883,True
3369,0.6507936507936507,0.8253968253968254,0.27267437012966805,-0.0450482218579282,-0.07854990951409377,True
3370,0.6666666666666666,0.8253968253968254,0.2647712359771331,-0.05444795127655607,-0.07551529284543937,True
3371,0.6825396825396826,0.8253968253968254,0.25582942212087423,-0.0637795516708662,-0.07210756853122417,True
3372,0.6984126984126984,0.8253968253968254,0.24580530672216538,-0.07310638753492968,-0.06835085153781645,True
3373,0.7142857142857142,0.8253968253968254,0.2346987400692548,-0.08246117095243702,-0.06428448799714948,True
3374,0.7301587301587301,0.8253968253968254,0.2224659927523987,-0.09186609756432926,-0.05994275322346042,True
3375,0.746031746031746,0.8253968253968254,0.20911479434842775,-0.10138869337808008,-0.05537312718457955,True
3376,0.7619047619047619,0.8253968253968254,0.19466038045664444,-0.11115035633923732,-0.05062982928080714,True
3377,0.7777777777777777,0.8253968253968254,0.17915623161490984,-0.12132580508504144,-0.04577070700498848,True
3378,0.7936507936507936,0.8253968253968254,0.16268068206506048,-0.13220085086049777,-0.04085199093015897,True
3379,0.8095238095238095,0.8253968253968254,0.14535226960696424,-0.14426239053972562,-0.03593600080347315,True
3380,0.8253968253968254,0.8253968253968254,0.1273395655235545,-0.1582804610920702,-0.0310846953284867,True
3381,0.8412698412698412,0.8253968253968254,0.10876520212436284,-0.1753652452679737,-0.026326301794386664,True
3382,0.8571428571428571,0.8253968253968254,0.08978134056367577,-0.19734478935749328,-0.02168757886032056,True
3383,0.873015873015873,0.8253968253968254,0.07040125027219574,-0.2267885154539274,-0.017177275973982515,True
3384,0.8888888888888888,0.8253968253968254,0.05044039462451628,-0.26749119934516163,-0.012768415471192346,True
3385,0.9047619047619047,0.8253968253968254,0.02944476060274935,-0.3247408371510098,-0.008442255330947354,True
3386,0.9206349206349206,0.8253968253968254,0.006757637249640008,-0.4051580518822559,-0.004217636659240379,True
3387,0.9365079365079365,0.8253968253968254,-0.017243028066765444,-0.5131784654750581,-0.00021136162525868963,True
3388,0.9523809523809523,0.8253968253968254,-0.03665254731617743,-0.6291979379903792,0.0032084809066007802,True
3389,0.9682539682539681,0.8253968253968254,-0.0373816208543436,-0.6584119441065996,0.0053902637937418224,True
3390,0.9841269841269841,0.8253968253968254,-0.01583261338556398,-0.45462755098918106,0.005681790143560348,True
3391,1.0,0.8253968253968254,-4.2979210797110353e-07,-6.887461817240686e-05,0.004105351694935489,True
3392,0.0,0.8412698412698412,-1.454152968541863e-07,-1.6785803696809738e-06,-0.02746345002869822,True
3393,0.015873015873015872,0.8412698412698412,0.0002053135470750081,0.01782963968311187,-0.02743357684045319,True
3394,0.031746031746031744,0.8412698412698412,0.00131525526941832,0.041627220674746446,-0.027333882366564942,True
3395,0.047619047619047616,0.8412698412698412,0.004196745831493505,0.06934021292547618,-0.027078204296402567,True
3396,0.06349206349206349,0.8412698412698412,0.009529295698880568,0.09893697557712669,-0.026567241510761442,True
3397,0.07936507936507936,0.8412698412698412,0.017756379159581996,0.12865836475606032,-0.02574448167138705,True
3398,0.09523809523809523,0.8412698412698412,0.028853769823079942,0.15672008300040435,-0.024633781061170434,True
3399,0.1111111111111111,0.8412698412698412,0.04243856455708036,0.1815739348317158,-0.023335615915555843,True
3400,0.12698412698412698,0.8412698412698412,0.05799680571204377,0.20225727259140766,-0.02204096751800477,True
3401,0.14285714285714285,0.8412698412698412,0.07492930574630416,0.21819839795652823,-0.020920204612458203,True
3402,0.15873015873015872,0.8412698412698412,0.09264551346894438,0.22939013840194292,-0.020201703332498835,True
3403,0.1746031746031746,0.8412698412698412,0.11081453992355675,0.23622697424405675,-0.01998675672281178,True
3404,0.19047619047619047,0.8412698412698412,0.12897986680945794,0.23912673246735713,-0.020412764674404678,True
3405,0.20634920634920634,0.8412698412698412,0.14691637198908217,0.23868998225676352,-0.021515898723378352,True
3406,0.2222222222222222,0.8412698412698412,0.1644069639684277,0.2354200813705345,-0.023292499447986968,True
3407,0.23809523809523808,0.8412698412698412,0.1812817031731911,0.22980891044599042,-0.02571138683562309,True
3408,0.25396825396825395,0.8412698412698412,0.19742209190452503,0.22233467816473304,-0.028696587608536113,True
3409,0.2698412698412698,0.8412698412698412,0.21265849536377326,0.21330324115936775,-0.032178100042255575,True
3410,0.2857142857142857,0.8412698412698412,0.2270360254073167,0.2031592563847879,-0.036039284106477554,True
3411,0.30158730158730157,0.8412698412698412,0.2403638872623654,0.19210255943223065,-0.04018900327988345,True
3412,0.31746031746031744,0.8412698412698412,0.2526698098073277,0.18043728918238805,-0.04452220735226314,True
3413,0.3333333333333333,0.8412698412698412,0.26387554719462464,0.1683549245631414,-0.048938540646005696,True
3414,0.3492063492063492,0.8412698412698412,0.2740470467005806,0.1560844304893052,-0.05334643491680426,True
3415,0.36507936507936506,0.8412698412698412,0.2832021041255907,0.14378961055282458,-0.057666613033463945,True
3416,0.38095238095238093,0.8412698412698412,0.29130565306786355,0.1315458719380425,-0.061822642761112774,True
3417,0.3968253968253968,0.8412698412698412,0.2984223887309582,0.11947573119326131,-0.06575569854104714,True
3418,0.4126984126984127,0.8412698412698412,0.30452884412749215,0.10763066305316307,-0.06940423967317595,True
3419,0.42857142857142855,0.8412698412698412,0.3098323615187531,0.09612853736826456,-0.07275655207865665,True
3420,0.4444444444444444,0.8412698412698412,0.31416739553653017,0.08489205180734002,-0.0757428349897215,True
3421,0.4603174603174603,0.8412698412698412,0.31763755580686687,0.07397848739865502,-0.07835025080261321,True
3422,0.47619047619047616,0.8412698412698412,0.3203177595054496,0.06344258286201233,-0.08056988225749598,True
3423,0.49206349206349204,0.8412698412698412,0.32208099291481684,0.053118343693150646,-0.08235093388600831,True
3424,0.5079365079365079,0.8412698412698412,0.32307844446699985,0.04317673466543839,-0.0837163430603082,True
3425,0.5238095238095237,0.8412698412698412,0.3231984351953959,0.033436362226264754,-0.08462525633188435,True
3426,0.5396825396825397,0.8412698412698412,0.32247003633002413,0.02395799513569927,-0.08508044557522226,True
3427,0.5555555555555556,0.8412698412698412,0.32093580014801704,0.014699903888522246,-0.08509643317945119,True
3428,0.5714285714285714,0.8412698412698412,0.3185431639531726,0.0056455323139897595,-0.08465833446495939,True
3429,0.5873015873015872,0.8412698412698412,0.315227478564317,-0.0032725238111651206,-0.08375252786447855,True
3430,0.6031746031746031,0.8412698412698412,0.3110191713914307,-0.011990516467866127,-0.08240218188097836,True
3431,0.6190476190476191,0.8412698412698412,0.3058853555316444,-0.0206464740639529,-0.08060669962329961,True
3432,0.6349206349206349,0.8412698412698412,0.29976150172641075,-0.02914194555316173,-0.07837060172253808,True
3433,0.6507936507936507,0.8412698412698412,0.29263108551867273,-0.037546801601706925,-0.07570871838374817,True
3434,0.6666666666666666,0.8412698412698412,0.2844760152301234,-0.04587568160373675,-0.07264142567728216,True
3435,0.6825396825396826,0.8412698412698412,0.27522892480237476,-0.054151222613917326,-0.0691813893216648,True
3436,0.6984126984126984,0.8412698412698412,0.2649005236735624,-0.062379857076115264,-0.06536194770435703,True
3437,0.7142857142857142,0.8412698412698412,0.2534283531732434,-0.07059136596005727,-0.0612068167374009,True
3438,0.7301587301587301,0.8412698412698412,0.24083441074947048,-0.07886894163589273,-0.056758688840144005,True
3439,0.746031746031746,0.8412698412698412,0.22712170756212083,-0.08728995242740734,-0.05205886657246501,True
3440,0.7619047619047619,0.8412698412698412,0.212306394081917,-0.09595042095339026,-0.0471491998240044,True
3441,0.7777777777777777,0.8412698412698412,0.19643883543048046,-0.10511127504387689,-0.042086522174859524,True
3442,0.7936507936507936,0.8412698412698412,0.17960790782932934,-0.11506681702932074,-0.03691568619182305,True
3443,0.8095238095238095,0.8412698412698412,0.161925679735709,-0.12637415999646576,-0.03170284368864195,True
3444,0.8253968253968254,0.8412698412698412,0.14348885855737098,-0.13971918992898533,-0.026465306029820557,True
3445,0.8412698412698412,0.8412698412698412,0.1244526461605155,-0.1563185810068316,-0.02124586939877076,True
3446,0.8571428571428571,0.8412698412698412,0.10488983960371433,-0.1778399377142331,-0.016064674283830224,True
3447,0.873015873015873,0.8412698412698412,0.08477700224684771,-0.2067682789210707,-0.01089030588306585,True
3448,0.8888888888888888,0.8412698412698412,0.06390079917657905,-0.24664482703837973,-0.005695410107532007,True
3449,0.9047619047619047,0.8412698412698412,0.04183685979064864,-0.3024448287544649,-0.0005193449148381556,True
3450,0.9206349206349206,0.8412698412698412,0.01770121157340961,-0.3806360899841993,0.004699790778860642,True
3451,0.9365079365079365,0.8412698412698412,-0.00867127993800326,-0.48795312129348073,0.009740035068326965,True
3452,0.9523809523809523,0.8412698412698412,-0.0324387560696207,-0.6132589358585463,0.014163378336017038,True
3453,0.9682539682539681,0.8412698412698412,-0.03843152287729373,-0.6687854527210658,0.01718445387750412,True
3454,0.9841269841269841,0.8412698412698412,-0.01762797939222122,-0.4806577599095484,0.017891305530047728,True
3455,1.0,0.8412698412698412,2.8519290160189833e-06,0.00017931604393012056,0.016186036574550266,True
3456,0.0,0.8571428571428571,2.366266552929121e-07,-6.969044362779227e-06,-0.02692696936531888,True
3457,0.015873015873015872,0.8571428571428571,-0.0005283829335508591,0.017977231398081803,-0.026983213409240637,True
3458,0.031746031746031744,0.8571428571428571,-0.001255115439273707,0.04085374791700857,-0.02693975204817531,True
3459,0.047619047619047616,0.8571428571428571,-0.0007387967627561314,0.06648147830502779,-0.026670754161603232,True
3460,0.06349206349206349,0.8571428571428571,0.002243396819347839,0.09329686225104128,-0.026050279007277164,True
3461,0.07936507936507936,0.8571428571428571,0.008369177753454094,0.1198680126347395,-0.025003718772640165,True
3462,0.09523809523809523,0.8571428571428571,0.01787378871037413,0.14491652959426873,-0.02356306182564211,True
3463,0.1111111111111111,0.8571428571428571,0.030493287385185235,0.1672432436518081,-0.021856627052620956,True
3464,0.12698412698412698,0.8571428571428571,0.04570596607764859,0.1859151282839126,-0.020073089564372957,True
3465,0.14285714285714285,0.8571428571428571,0.06289883767838042,0.20047741294719984,-0.018449661696644425,True
3466,0.15873015873015872,0.8571428571428571,0.08142374246416087,0.2108936814134711,-0.017220541318670117,True
3467,0.1746031746031746,0.8571428571428571,0.10075707267836935,0.21735831550781703,-0.016540111905824564,True
3468,0.19047619047619047,0.8571428571428571,0.12039919403803546,0.22023104189226186,-0.016547199670764397,True
3469,0.20634920634920634,0.8571428571428571,0.14000260783506646,0.22008369962290728,-0.017287740840532452,True
3470,0.2222222222222222,0.8571428571428571,0.15929864027182858,0.21729241189979512,-0.018774707722736778,True
3471,0.23809523809523808,0.8571428571428571,0.17797908284517902,0.21236265013959016,-0.02096990585809161,True
3472,0.25396825396825395,0.8571428571428571,0.19598198589335697,0.2056823305913581,-0.023800560786065614,True
3473,0.2698412698412698,0.8571428571428571,0.21309256335152213,0.19759636697459085,-0.027182807730417743,True
3474,0.2857142857142857,0.8571428571428571,0.22918829336719226,0.18838918331158108,-0.031012670029365787,True
3475,0.30158730158730157,0.8571428571428571,0.2443538013095807,0.17844140780813347,-0.0351736348244965,True
3476,0.31746031746031744,0.8571428571428571,0.2583056629633575,0.16783917273267762,-0.039560881097839125,True
3477,0.3333333333333333,0.8571428571428571,0.27116400502188087,0.1568800350328663,-0.04406886377853592,True
3478,0.3492063492063492,0.8571428571428571,0.2828779671864617,0.14572006119481387,-0.04860084565669658,True
3479,0.36507936507936506,0.8571428571428571,0.29342833305533933,0.13448622467575833,-0.05306315395470292,True
3480,0.38095238095238093,0.8571428571428571,0.3028795023830942,0.12330083830672035,-0.05737952069784069,True
3481,0.3968253968253968,0.8571428571428571,0.31120792549043974,0.11224650937564092,-0.06148021140077442,True
3482,0.4126984126984127,0.8571428571428571,0.31851494411681475,0.10142583565941814,-0.06531837862494336,True
3483,0.42857142857142855,0.8571428571428571,0.32475001767925654,0.09083545165548451,-0.06883209199841545,True
3484,0.4444444444444444,0.8571428571428571,0.33003741037086065,0.08057186104073198,-0.07200227395357083,True
3485,0.4603174603174603,0.8571428571428571,0.3343020976856694,0.07057549444537302,-0.07477642563888594,True
3486,0.47619047619047616,0.8571428571428571,0.3376104371621873,0.0608870907673187,-0.07713866072205373,True
3487,0.49206349206349204,0.8571428571428571,0.34000619249597885,0.051507377682532975,-0.0790761426770959,True
3488,0.5079365079365079,0.8571428571428571,0.3414250713887534,0.042402606858481906,-0.08055491543026816,True
3489,0.5238095238095237,0.8571428571428571,0.3419554515358561,0.03355361005328276,-0.08158478080755567,True
3490,0.5396825396825397,0.8571428571428571,0.3415557977801408,0.024953438444602564,-0.08214784268535645,True
3491,0.5555555555555556,0.8571428571428571,0.3402373702255492,0.016582759396955856,-0.08224478560498169,True
3492,0.5714285714285714,0.8571428571428571,0.3379720037646657,0.008427618739627562,-0.08186850861685507,True
3493,0.5873015873015872,0.8571428571428571,0.33478036361399965,0.00045026817029090603,-0.08102930606543182,True
3494,0.6031746031746031,0.8571428571428571,0.33059713987558836,-0.007321086942363756,-0.0797188287805992,True
3495,0.6190476190476191,0.8571428571428571,0.32540608634445584,-0.014969260484837928,-0.07794278441131244,True
3496,0.6349206349206349,0.8571428571428571,0.31922758201159523,-0.02245961316821488,-0.07572345885291207,True
3497,0.6507936507936507,0.8571428571428571,0.31202342391689525,-0.029838279575715845,-0.07306745127763044,True
3498,0.6666666666666666,0.8571428571428571,0.3037281996741905,-0.03712271163713105,-0.06998169435424327,True
3499,0.6825396825396826,0.8571428571428571,0.29436214807120176,-0.04429013949105244,-0.06649483166867316,True
3500,0.6984126984126984,0.8571428571428571,0.283888541586227,-0.05138612914650359,-0.06262544767151129,True
3501,0.7142857142857142,0.8571428571428571,0.2723177615410173,-0.0585233377878654,-0.05840871950354679,True
3502,0.7301587301587301,0.8571428571428571,0.2596299964142488,-0.06565885820475277,-0.05386843029867562,True
3503,0.746031746031746,0.8571428571428571,0.24585182050662677,-0.07296662760432204,-0.04904516812330511,True
3504,0.7619047619047619,0.8571428571428571,0.2310117305029042,-0.0805879054159677,-0.043978155247471055,True
3505,0.7777777777777777,0.8571428571428571,0.21515128747605508,-0.08873854261295108,-0.03870467172272467,True
3506,0.7936507936507936,0.8571428571428571,0.1983512829718851,-0.09777741091557363,-0.033263091719436665,True
3507,0.8095238095238095,0.8571428571428571,0.18066916639629216,-0.1082476400319417,-0.02769549238112225,True
3508,0.8253968253968254,0.8571428571428571,0.16220813149615035,-0.12091693622589456,-0.022025063290586056,True
3509,0.8412698412698412,0.8571428571428571,0.14301750894089388,-0.136867538144049,-0.016247108633374842,True
3510,0.8571428571428571,0.8571428571428571,0.12312271733877028,-0.15776133604017945,-0.01038100528331429,True
3511,0.873015873015873,0.8571428571428571,0.10245652284501139,-0.18598021296418318,-0.004370346259382732,True
3512,0.8888888888888888,0.8571428571428571,0.08072547109912204,-0.22477068448417695,0.0018158573150555788,True
3513,0.9047619047619047,0.8571428571428571,0.057427918724582735,-0.2787788012646813,0.008182972439466779,True
3514,0.9206349206349206,0.8571428571428571,0.03164786843587178,-0.3542448983559594,0.014728992927342435,True
3515,0.9365079365079365,0.8571428571428571,0.0027476939078335304,-0.45941635585057344,0.02118727214937219,True
3516,0.9523809523809523,0.8571428571428571,-0.0260567160006472,-0.591891611319593,0.02703538911495418,True
3517,0.9682539682539681,0.8571428571428571,-0.03867733555908937,-0.6755038404834433,0.03127871697509939,True
3518,0.9841269841269841,0.8571428571428571,-0.019619952580441646,-0.5094151985707176,0.03262209821923725,True
3519,1.0,0.8571428571428571,6.669813238989729e-06,-3.1400022375578106e-05,0.03080109940634708,True
3520,0.0,0.873015873015873,6.662676826672775e-08,-1.0090753289607703e-06,-0.02642026336467746,True
3521,0.015873015873015872,0.873015873015873,-0.001633503850195942,0.019793555977367747,-0.026602545137941365,True
3522,0.031746031746031744,0.873015873015873,-0.004942134293090525,0.04263080594654973,-0.026627260921977758,True
3523,0.047619047619047616,0.873015873015873,-0.007438508131819319,0.0663618653408427,-0.026326457419909743,True
3524,0.06349206349206349,0.873015873015873,-0.007260227865914939,0.09008296587353867,-0.02555826629704705,True
3525,0.07936507936507936,0.873015873015873,-0.003410575813922056,0.11306920267401599,-0.024250776548332048,True
3526,0.09523809523809523,0.873015873015873,0.004411825104803906,0.13448879807809203,-0.02244426841232979,True
3527,0.1111111111111111,0.873015873015873,0.01601610484834369,0.15355901805091154,-0.020292573066335723,True
3528,0.12698412698412698,0.873015873015873,0.030883116619332702,0.16959616893757903,-0.018024256297252503,True
3529,0.14285714285714285,0.873015873015873,0.0483403830117921,0.18222865600849528,-0.015904141785035013,True
3530,0.15873015873015872,0.873015873015873,0.06765514350692925,0.19137006237920004,-0.014187473827306589,True
3531,0.1746031746031746,0.873015873015873,0.08815975339655947,0.19711220716772526,-0.01307230101598914,True
3532,0.19047619047619047,0.873015873015873,0.10930053373504481,0.19977316318910118,-0.012684307277177898,True
3533,0.20634920634920634,0.873015873015873,0.13058626709796478,0.19971037898158786,-0.013100188949099117,True
3534,0.2222222222222222,0.873015873015873,0.15167803192597987,0.1973552886858452,-0.014319620696053026,True
3535,0.23809523809523808,0.873015873015873,0.17229512365392943,0.19306322689125302,-0.01631003175962227,True
3536,0.25396825396825395,0.873015873015873,0.1921625210467627,0.18716600356547552,-0.019012471087201124,True
3537,0.2698412698412698,0.873015873015873,0.21116953275896014,0.1800323897757364,-0.022311120338524344,True
3538,0.2857142857142857,0.873015873015873,0.22918138347920441,0.17191429259422086,-0.02611283826841266,True
3539,0.30158730158730157,0.873015873015873,0.2460204550540978,0.1630081921307511,-0.030298986063416678,True
3540,0.31746031746031744,0.873015873015873,0.26172868828869295,0.1535885421718265,-0.03474565255286987,True
3541,0.3333333333333333,0.873015873015873,0.2762304062549551,0.14380977518896051,-0.03934520461701577,True
3542,0.3492063492063492,0.873015873015873,0.2895157839518525,0.1338424060356896,-0.04399773214794043,True
3543,0.36507936507936506,0.873015873015873,0.30150448415043113,0.12375355275013664,-0.04859926738433061,True
3544,0.38095238095238093,0.873015873015873,0.3123556447461628,0.11376123248863869,-0.053077563603666486,True
3545,0.3968253968253968,0.873015873015873,0.3219654057794056,0.1038349990445245,-0.05734818344340866,True
3546,0.4126984126984127,0.873015873015873,0.33045405032994263,0.09413104429462964,-0.06136291104261612,True
3547,0.42857142857142855,0.873015873015873,0.3376754305016874,0.0845828307451451,-0.06504278098089064,True
3548,0.4444444444444444,0.873015873015873,0.343927815581577,0.07538367886723012,-0.0683852130873933,True
3549,0.4603174603174603,0.873015873015873,0.3490412955736892,0.06638558998648882,-0.0713271631907694,True
3550,0.47619047619047616,0.873015873015873,0.35310469209577783,0.0577253573692723,-0.07384995476936529,True
3551,0.49206349206349204,0.873015873015873,0.35612556963399333,0.049288428375341496,-0.07593087331719635,True
3552,0.5079365079365079,0.873015873015873,0.35811933136088203,0.04116584584167003,-0.0775523445500978,True
3553,0.5238095238095237,0.873015873015873,0.35908807491228173,0.03327437534256235,-0.07869784173123469,True
3554,0.5396825396825397,0.873015873015873,0.35909561945415425,0.025675261524609985,-0.07937553261097847,True
3555,0.5555555555555556,0.873015873015873,0.35807205505519674,0.018221309760862624,-0.07956290402950365,True
3556,0.5714285714285714,0.873015873015873,0.3560863789256923,0.011091550927997174,-0.07927626649777948,True
3557,0.5873015873015872,0.873015873015873,0.35303267886945483,0.004038195018588498,-0.07848992905677431,True
3558,0.6031746031746031,0.873015873015873,0.34904910164367275,-0.00270822474134016,-0.07724645452444652,True
3559,0.6190476190476191,0.873015873015873,0.34400540463726975,-0.00935802363496061,-0.07551973232014476,True
3560,0.6349206349206349,0.873015873015873,0.33792121534021385,-0.015803408908263965,-0.07332618082810757,True
3561,0.6507936507936507,0.873015873015873,0.3308031352194545,-0.022164880226458027,-0.07068524792574522,True
3562,0.6666666666666666,0.873015873015873,0.32265028959562425,-0.02833165924877242,-0.0676078195401345,True
3563,0.6825396825396826,0.873015873015873,0.3134356636939634,-0.03443874648959638,-0.06411241637471003,True
3564,0.6984126984126984,0.873015873015873,0.30316136242149383,-0.0404725783360013,-0.06021786092956973,True
3565,0.7142857142857142,0.873015873015873,0.29183642277321065,-0.046487829951567076,-0.055950530819110826,True
3566,0.7301587301587301,0.873015873015873,0.27945999034826446,-0.05257261780791848,-0.051332390375814496,True
3567,0.746031746031746,0.873015873015873,0.2660585500790967,-0.05882548382604592,-0.046397795988935196,True
3568,0.7619047619047619,0.873015873015873,0.2516576464258041,-0.06542310937333802,-0.04117172345751922,True
3569,0.7777777777777777,0.873015873015873,0.23629269047897122,-0.07261121395679636,-0.03568303705881819,True
3570,0.7936507936507936,0.873015873015873,0.22000040237564578,-0.08075157510385675,-0.02995289708725594,True
3571,0.8095238095238095,0.873015873015873,0.20284450054973152,-0.09037526303047558,-0.02399040264879308,True
3572,0.8253968253968254,0.873015873015873,0.1847709329825436,-0.10221343140469757,-0.017810361362968895,True
3573,0.8412698412698412,0.873015873015873,0.1658336610334285,-0.11738224423673896,-0.011389161599128875,True
3574,0.8571428571428571,0.873015873015873,0.1459530419039457,-0.13742458298189922,-0.004673456651432365,True
3575,0.873015873015873,0.873015873015873,0.12490810333311263,-0.16452708055427628,0.002387623349299751,True
3576,0.8888888888888888,0.873015873015873,0.10235617030637284,-0.20183181609580905,0.00986130379609304,True
3577,0.9047619047619047,0.873015873015873,0.07768441698397775,-0.25362722754900247,0.017790294562758005,True
3578,0.9206349206349206,0.873015873015873,0.0499419797133095,-0.32584501969465957,0.02609606417744643,True
3579,0.9365079365079365,0.873015873015873,0.018061484278679926,-0.4272252887687081,0.03452480215801881,True
3580,0.9523809523809523,0.873015873015873,-0.0163076333054302,-0.563199582670195,0.04240615694750124,True
3581,0.9682539682539681,0.873015873015873,-0.03737763245148383,-0.6752149957462283,0.048377231283160044,True
3582,0.9841269841269841,0.873015873015873,-0.02179038917867846,-0.5393609806809416,0.050697392298365916,True
3583,1.0,0.873015873015873,4.507850533309143e-08,-1.6884626850212528e-05,0.04881702264755514,True
3584,0.0,0.8888888888888888,-3.711013426022468e-07,-1.134816713746806e-05,-0.025986203545376327,True
3585,0.015873015873015872,0.8888888888888888,-0.003393246543282359,0.0241527308176351,-0.026362156603140303,True
3586,0.031746031746031744,0.8888888888888888,-0.010433097249831332,0.04785843908502587,-0.026460913712679814,True
3587,0.047619047619047616,0.8888888888888888,-0.016822954335652066,0.06954694723893676,-0.02608937465578532,True
3588,0.06349206349206349,0.8888888888888888,-0.01986513778117005,0.08960074804100072,-0.02511460884264,True
3589,0.07936507936507936,0.8888888888888888,-0.018411961037823277,0.10822440799819945,-0.023477751529272905,True
3590,0.09523809523809523,0.8888888888888888,-0.012157499070744612,0.12527723296377766,-0.021254175764823552,True
3591,0.1111111111111111,0.8888888888888888,-0.0013668775566219506,0.14044935725577648,-0.018638900627497765,True
3592,0.12698412698412698,0.8888888888888888,0.013326917940237711,0.15328087634567922,-0.015895109366847567,True
3593,0.14285714285714285,0.8888888888888888,0.031166795872831724,0.16341408717264827,-0.013305741184650619,True
3594,0.15873015873015872,0.8888888888888888,0.05133327920509412,0.1708119574905248,-0.011147438895682175,True
3595,0.1746031746031746,0.8888888888888888,0.07307581113562216,0.17550484549624065,-0.009629092460215611,True
3596,0.19047619047619047,0.8888888888888888,0.09569921173007896,0.17765813769764563,-0.008905314978052805,True
3597,0.20634920634920634,0.8888888888888888,0.11870848012991873,0.17757648878017507,-0.009029561744582346,True
3598,0.2222222222222222,0.8888888888888888,0.14162910767713924,0.17552801705142448,-0.010027667171290708,True
3599,0.23809523809523808,0.8888888888888888,0.16406832134252372,0.17181574104143663,-0.011859160526943066,True
3600,0.25396825396825395,0.8888888888888888,0.18586811968106823,0.16675803382276685,-0.014442452830166819,True
3601,0.2698412698412698,0.8888888888888888,0.2067422586432494,0.16058138508251138,-0.01768721511616994,True
3602,0.2857142857142857,0.8888888888888888,0.22658352621123104,0.15355026659038254,-0.021471500480189188,True
3603,0.30158730158730157,0.8888888888888888,0.2452053227894539,0.14581769070529688,-0.025685032388187534,True
3604,0.31746031746031744,0.8888888888888888,0.2626639014780241,0.13765138150843514,-0.030193600190860745,True
3605,0.3333333333333333,0.8888888888888888,0.2787978883878387,0.12912934696345182,-0.03488563502470337,True
3606,0.3492063492063492,0.8888888888888888,0.2935968239784576,0.1204102409793837,-0.03965383544692393,True
3607,0.36507936507936506,0.8888888888888888,0.30716295440632274,0.1116619450434205,-0.04439690200907369,True
3608,0.38095238095238093,0.8888888888888888,0.3193134387344426,0.10284699132935321,-0.049018202609220136,True
3609,0.3968253968253968,0.8888888888888888,0.33023697961720194,0.0942235327836615,-0.05345631942038599,True
3610,0.4126984126984127,0.8888888888888888,0.339873921391346,0.08566837531135593,-0.05763024882374362,True
3611,0.42857142857142855,0.8888888888888888,0.34830184198316166,0.07735648043072864,-0.06149734491641435,True
3612,0.4444444444444444,0.8888888888888888,0.35543421482227056,0.0692315923407999,-0.0649912529036483,True
3613,0.4603174603174603,0.8888888888888888,0.3614887562888888,0.061436974035663706,-0.06810293134574431,True
3614,0.47619047619047616,0.8888888888888888,0.3662987859816392,0.05376731452068579,-0.07076940165722163,True
3615,0.49206349206349204,0.8888888888888888,0.3701004324157577,0.046475974950607526,-0.07300810271439866,True
3616,0.5079365079365079,0.8888888888888888,0.3727313745341377,0.0393611275081716,-0.0747651580806904,True
3617,0.5238095238095237,0.8888888888888888,0.37428173681874755,0.0325564223045952,-0.0760333848771655,True
3618,0.5396825396825397,0.8888888888888888,0.3748148855357507,0.025919579023260392,-0.07682780515133072,True
3619,0.5555555555555556,0.8888888888888888,0.3742730791491175,0.019538309374479354,-0.07711837331031493,True
3620,0.5714285714285714,0.8888888888888888,0.3727072678542155,0.013373388334284917,-0.07691729140218401,True
3621,0.5873015873015872,0.8888888888888888,0.3701185758764758,0.007396263040858322,-0.07622336389985922,True
3622,0.6031746031746031,0.8888888888888888,0.366504987963464,0.001616531689096632,-0.07503812949592231,True
3623,0.6190476190476191,0.8888888888888888,0.36189619990445693,-0.0039854162865984675,-0.07337409616349891,True
3624,0.6349206349206349,0.8888888888888888,0.3562443348399916,-0.009449585129569699,-0.07122500130030021,True
3625,0.6507936507936507,0.8888888888888888,0.34962893098414005,-0.014741086350981189,-0.06862405063126169,True
3626,0.6666666666666666,0.8888888888888888,0.34201585499643544,-0.019896867898737465,-0.06556856448733556,True
3627,0.6825396825396826,0.8888888888888888,0.33339818275684463,-0.024976841224823448,-0.06208126774853834,True
3628,0.6984126984126984,0.8888888888888888,0.3237903052541381,-0.030003295802591184,-0.05817637498413388,True
3629,0.7142857142857142,0.8888888888888888,0.3132396752220344,-0.035002604075380105,-0.053872453330203456,True
3630,0.7301587301587301,0.8888888888888888,0.3017170401861971,-0.040108891457234605,-0.04919085587765764,True
3631,0.746031746031746,0.8888888888888888,0.28927872679145133,-0.045372957933321606,-0.04415080627767016,True
3632,0.7619047619047619,0.8888888888888888,0.27588462424922955,-0.051013825575338775,-0.03876994627065144,True
3633,0.7777777777777777,0.8888888888888888,0.2615889826608829,-0.057287821523005725,-0.03305790694843644,True
3634,0.7936507936507936,0.8888888888888888,0.24641423515447905,-0.06452993704273888,-0.027012100628408142,True
3635,0.8095238095238095,0.8888888888888888,0.23030587755064183,-0.07323047665719838,-0.020619443705958355,True
3636,0.8253968253968254,0.8888888888888888,0.21316155716640547,-0.08410994763920478,-0.013855671568631388,True
3637,0.8412698412698412,0.8888888888888888,0.1949280456493732,-0.09823323518974944,-0.006663015302288931,True
3638,0.8571428571428571,0.8888888888888888,0.17539235019428087,-0.11701081227030836,0.0010639302348368419,True
3639,0.873015873015873,0.8888888888888888,0.1542066188115475,-0.1425710650502225,0.009394140065956163,True
3640,0.8888888888888888,0.8888888888888888,0.13089590746441332,-0.17779756874349348,0.018513201972948604,True
3641,0.9047619047619047,0.8888888888888888,0.10462525982816327,-0.22661496282531568,0.028422154101229453,True
3642,0.9206349206349206,0.8888888888888888,0.07438706819387823,-0.29474811926214645,0.039148166577559276,True
3643,0.9365079365079365,0.8888888888888888,0.038827593276499,-0.39090374777922104,0.05029775908085581,True
3644,0.9523809523809523,0.8888888888888888,-0.0018675534169705693,-0.5265571029705461,0.06099160780815979,True
3645,0.9682539682539681,0.8888888888888888,-0.03349790170631552,-0.6650278488544938,0.06940627364367588,True
3646,0.9841269841269841,0.8888888888888888,-0.024092111242976492,-0.5704325477347725,0.07318794272892527,True
3647,1.0,0.8888888888888888,7.696566212080745e-07,0.00010676103093745842,0.07131043754329042,True
3648,0.0,0.9047619047619047,9.792689007511585e-07,-6.113910992206654e-05,-0.025747053255481635,True
3649,0.015873015873015872,0.9047619047619047,-0.006278648607091629,0.03247790667656798,-0.026423878762390843,True
3650,0.031746031746031744,0.9047619047619047,-0.01874087917117836,0.05783395613781477,-0.026584416412447912,True
3651,0.047619047619047616,0.9047619047619047,-0.030112759860000487,0.07666165277932216,-0.026060868516737657,True
3652,0.06349206349206349,0.9047619047619047,-0.036707252988379915,0.09189836687807955,-0.024774886141788733,True
3653,0.07936507936507936,0.9047619047619047,-0.037441117773273205,0.10520625050951446,-0.022725441242161085,True
3654,0.09523809523809523,0.9047619047619047,-0.03235285657395678,0.11708752247218834,-0.020025412453727336,True
3655,0.1111111111111111,0.9047619047619047,-0.02195966139672997,0.12762217255836503,-0.01691649043856483,True
3656,0.12698412698412698,0.9047619047619047,-0.007056518986954334,0.1366493407614892,-0.013701467404606133,True
3657,0.14285714285714285,0.9047619047619047,0.011440535679432089,0.14386340151235513,-0.010677477592799802,True
3658,0.15873015873015872,0.9047619047619047,0.03263664298403565,0.1491602419973228,-0.008138795993232225,True
3659,0.1746031746031746,0.9047619047619047,0.0557047240852555,0.15248720266856167,-0.006284061003415545,True
3660,0.19047619047619047,0.9047619047619047,0.07986192548053705,0.15394588719697982,-0.005280294301966608,True
3661,0.20634920634920634,0.9047619047619047,0.10454541438196864,0.15368475619218241,-0.005179412458309751,True
3662,0.2222222222222222,0.9047619047619047,0.12924924298523002,0.15187914386259105,-0.006002177991015843,True
3663,0.23809523809523808,0.9047619047619047,0.15354016391689,0.14873917373783385,-0.0077079517342600904,True
3664,0.25396825396825395,0.9047619047619047,0.17714802047819675,0.1444792669061142,-0.010215273388124292,True
3665,0.2698412698412698,0.9047619047619047,0.19980528826535662,0.1392764170452421,-0.013423156890695467,True
3666,0.2857142857142857,0.9047619047619047,0.2214714753327513,0.13339484046680358,-0.017208704096432277,True
3667,0.30158730158730157,0.9047619047619047,0.2418787223869355,0.1269269218422467,-0.021457393553543053,True
3668,0.31746031746031744,0.9047619047619047,0.2609942584617627,0.12003786983459615,-0.026028991701836115,True
3669,0.3333333333333333,0.9047619047619047,0.27874539409714305,0.11285233963167027,-0.03081071022791984,True
3670,0.3492063492063492,0.9047619047619047,0.2951165033137348,0.10550289034173568,-0.03568942340045018,True
3671,0.36507936507936506,0.9047619047619047,0.31014185303369113,0.09809012768750792,-0.04055822750244548,True
3672,0.38095238095238093,0.9047619047619047,0.32369490588788075,0.09065028422741987,-0.04532494794402159,True
3673,0.3968253968253968,0.9047619047619047,0.33594058947472605,0.083316790132584,-0.049912240661400396,True
3674,0.4126984126984127,0.9047619047619047,0.3467913008865331,0.0760613168753669,-0.054241563818470076,True
3675,0.42857142857142855,0.9047619047619047,0.35638775740976425,0.06905871724439437,-0.05826701443102904,True
3676,0.4444444444444444,0.9047619047619047,0.3646026517832863,0.062119867954969064,-0.06191788633905318,True
3677,0.4603174603174603,0.9047619047619047,0.3716580361258985,0.055488113978182416,-0.06517950848230408,True
3678,0.47619047619047616,0.9047619047619047,0.3774891904301672,0.049062823649346714,-0.06800383243275675,True
3679,0.49206349206349204,0.9047619047619047,0.3821598583142262,0.0428477541974053,-0.07038025074937722,True
3680,0.5079365079365079,0.9047619047619047,0.3856683935846258,0.03686045023429054,-0.07227091289386696,True
3681,0.5238095238095237,0.9047619047619047,0.3880772123201668,0.0311075343831417,-0.07366636060549323,True
3682,0.5396825396825397,0.9047619047619047,0.38942123082478886,0.025557531836684466,-0.07457904858504649,True
3683,0.5555555555555556,0.9047619047619047,0.38968953517891186,0.02021872690566264,-0.07497532496474292,True
3684,0.5714285714285714,0.9047619047619047,0.3889353659464805,0.015067725162484195,-0.07486249534883854,True
3685,0.5873015873015872,0.9047619047619047,0.3871795192270436,0.010112639320476506,-0.07426479535263063,True
3686,0.6031746031746031,0.9047619047619047,0.3844398115671525,0.00532618918126492,-0.07315487354063839,True
3687,0.6190476190476191,0.9047619047619047,0.38071338998985843,0.0006797424341842186,-0.07154593817404951,True
3688,0.6349206349206349,0.9047619047619047,0.37608103903512735,-0.0037647017043912637,-0.06947014690751674,True
3689,0.6507936507936507,0.9047619047619047,0.3704718992794542,-0.00811078987572788,-0.0669114217340479,True
3690,0.6666666666666666,0.9047619047619047,0.3639976038241727,-0.012331310881231454,-0.06388635886702865,True
3691,0.6825396825396826,0.9047619047619047,0.356602723601635,-0.016468071395905653,-0.06041651245667082,True
3692,0.6984126984126984,0.9047619047619047,0.34833148122756696,-0.020558483911841098,-0.05650994643036562,True
3693,0.7142857142857142,0.9047619047619047,0.3391633060701435,-0.02466225476976005,-0.05218330173124564,True
3694,0.7301587301587301,0.9047619047619047,0.3292357501778123,-0.028844501842679802,-0.04744043968135289,True
3695,0.746031746031746,0.9047619047619047,0.31835253372342676,-0.03323626502954202,-0.04230149636826264,True
3696,0.7619047619047619,0.9047619047619047,0.3066170135500261,-0.037991116779558395,-0.03676281246999937,True
3697,0.7777777777777777,0.9047619047619047,0.29401365050997025,-0.04335384314133109,-0.030814721860486387,True
3698,0.7936507936507936,0.9047619047619047,0.2805185050942031,-0.049653102699376686,-0.02443216656751107,True
3699,0.8095238095238095,0.9047619047619047,0.26595842772347716,-0.057339330209570286,-0.017578626047968907,True
3700,0.8253968253968254,0.9047619047619047,0.2502789556507471,-0.06709389862724625,-0.010167625972641798,True
3701,0.8412698412698412,0.9047619047619047,0.23317767280314614,-0.07985718738720057,-0.002106897484936768,True
3702,0.8571428571428571,0.9047619047619047,0.21434607844740985,-0.0969637979488428,0.006770024087631244,True
3703,0.873015873015873,0.9047619047619047,0.19326984572973033,-0.12030122532879375,0.016659102969683804,True
3704,0.8888888888888888,0.9047619047619047,0.16920131817115386,-0.15253532916790713,0.02778947304682945,True
3705,0.9047619047619047,0.9047619047619047,0.1411241257361626,-0.19740324843810736,0.04025691939132611,True
3706,0.9206349206349206,0.9047619047619047,0.10772832619101311,-0.2602086109821457,0.05420970606748711,True
3707,0.9365079365079365,0.9047619047619047,0.0675345858653995,-0.3496091296974239,0.06902548240256601,True
3708,0.9523809523809523,0.9047619047619047,0.01943923500706759,-0.48044353235048937,0.08364285455977828,True
3709,0.9682539682539681,0.9047619047619047,-0.0257978280707214,-0.642312331165344,0.09568734286842707,True
3710,0.9841269841269841,0.9047619047619047,-0.026422224348887094,-0.6003589587973494,0.10169551206938542,True
3711,1.0,0.9047619047619047,-1.1397756663988257e-07,9.62338884157053e-05,0.09986488432588136,True
3712,0.0,0.9206349206349206,1.5638519325628088e-06,-6.565956433571807e-05,-0.02600729333282169,True
3713,0.015873015873015872,0.9206349206349206,-0.011005211079032136,0.04695995175811724,-0.02714831037654472,True
3714,0.031746031746031744,0.9206349206349206,-0.031229750840805686,0.07417669983764344,-0.02730793851135183,True
3715,0.047619047619047616,0.9206349206349206,-0.04851082325031482,0.0883645804918268,-0.02648036149105389,True
3716,0.06349206349206349,0.9206349206349206,-0.058553570974402995,0.09692058829815034,-0.024716063076644475,True
3717,0.07936507936507936,0.9206349206349206,-0.06086971234716046,0.10347411263340793,-0.022106095841553392,True
3718,0.09523809523809523,0.9206349206349206,-0.0561392945621379,0.10928186329871949,-0.018843187356364182,True
3719,0.1111111111111111,0.9206349206349206,-0.04540916683750421,0.11456351051221941,-0.015204385791715368,True
3720,0.12698412698412698,0.9206349206349206,-0.029696889734963268,0.11931704341318748,-0.011523952626625126,True
3721,0.14285714285714285,0.9206349206349206,-0.010098872687860317,0.12325168608222183,-0.008110593314837884,True
3722,0.15873015873015872,0.9206349206349206,0.01241617175472663,0.12618035357694132,-0.0052454778271442,True
3723,0.1746031746031746,0.9206349206349206,0.036909182570920754,0.1279983886845932,-0.0031361457856512592,True
3724,0.19047619047619047,0.9206349206349206,0.06263612829558965,0.12863232353371393,-0.0019161442790666112,True
3725,0.20634920634920634,0.9206349206349206,0.0889725384784551,0.12808855253073892,-0.0016610904764154328,True
3726,0.2222222222222222,0.9206349206349206,0.11537807609799251,0.12645054187533766,-0.002374033319845724,True
3727,0.23809523809523808,0.9206349206349206,0.14142514543409895,0.12384547522423317,-0.004001735451427035,True
3728,0.25396825396825395,0.9206349206349206,0.16679449865893559,0.12040571757762093,-0.006456771183466847,True
3729,0.2698412698412698,0.9206349206349206,0.1912675259907197,0.11624571294533523,-0.009657887663975224,True
3730,0.2857142857142857,0.9206349206349206,0.2146021489041696,0.11150454565517638,-0.013449731352948425,True
3731,0.30158730158730157,0.9206349206349206,0.23672144741586698,0.10630071015701122,-0.017733290909900886,True
3732,0.31746031746031744,0.9206349206349206,0.2575292466939694,0.10076713624097344,-0.022376426361924717,True
3733,0.3333333333333333,0.9206349206349206,0.2769359005629353,0.09498308826383389,-0.02724239404243587,True
3734,0.3492063492063492,0.9206349206349206,0.29489065926301383,0.08901947053644552,-0.03222171968032012,True
3735,0.36507936507936506,0.9206349206349206,0.31150663205897344,0.08306516711261347,-0.037207423713241636,True
3736,0.38095238095238093,0.9206349206349206,0.32657349933907276,0.07700205724469801,-0.04209779790022894,True
3737,0.3968253968253968,0.9206349206349206,0.34032758984405403,0.07106902718468605,-0.04682168497275199,True
3738,0.4126984126984127,0.9206349206349206,0.3526384133533164,0.06518382772929399,-0.05129434709709517,True
3739,0.42857142857142855,0.9206349206349206,0.3635974507557815,0.059419335194673246,-0.05545240255586696,True
3740,0.4444444444444444,0.9206349206349206,0.37331169090887323,0.05386572220042021,-0.05925466041492267,True
3741,0.4603174603174603,0.9206349206349206,0.3816686663743049,0.04841632643409674,-0.06264899789837806,True
3742,0.47619047619047616,0.9206349206349206,0.3888496562731195,0.043195238096162346,-0.06562175221514231,True
3743,0.49206349206349204,0.9206349206349206,0.3948189466345661,0.03813847521700404,-0.0681227821859421,True
3744,0.5079365079365079,0.9206349206349206,0.3996840449109549,0.033278834151353,-0.07012800793689676,True
3745,0.5238095238095237,0.9206349206349206,0.40343769556744846,0.028608666997339875,-0.07164851442774797,True
3746,0.5396825396825397,0.9206349206349206,0.4061250204944522,0.024120405232327814,-0.07266442615444661,True
3747,0.5555555555555556,0.9206349206349206,0.4077986165663563,0.019798647051275885,-0.07316564247301105,True
3748,0.5714285714285714,0.9206349206349206,0.40847400216362206,0.01564802471809215,-0.07315822136694249,True
3749,0.5873015873015872,0.9206349206349206,0.4082276571375254,0.011645249703567307,-0.07262724054016757,True
3750,0.6031746031746031,0.9206349206349206,0.4070450294568788,0.007810517867314357,-0.07159730527381679,True
3751,0.6190476190476191,0.9206349206349206,0.4049506146315322,0.004107926923993658,-0.07006515797461495,True
3752,0.6349206349206349,0.9206349206349206,0.401984367632841,0.0005375965402179771,-0.06803785746437054,True
3753,0.6507936507936507,0.9206349206349206,0.3981474631315917,-0.0029077986930902354,-0.06553086286042444,True
3754,0.6666666666666666,0.9206349206349206,0.39350461223824706,-0.006285456347951839,-0.06253996178920068,True
3755,0.6825396825396826,0.9206349206349206,0.38801966445813607,-0.009569653310665567,-0.05909289373773433,True
3756,0.6984126984126984,0.9206349206349206,0.3817901779144082,-0.012819769329612816,-0.05518700163734074,True
3757,0.7142857142857142,0.9206349206349206,0.3746422233053575,-0.016125753781965187,-0.05083692815167468,True
3758,0.7301587301587301,0.9206349206349206,0.3668036679229912,-0.019463816241731807,-0.046043902894731266,True
3759,0.746031746031746,0.9206349206349206,0.3581111183172047,-0.023029351224430082,-0.040802998556913744,True
3760,0.7619047619047619,0.9206349206349206,0.3486497255617582,-0.02694409885935285,-0.035098726587168165,True
3761,0.7777777777777777,0.9206349206349206,0.33819639156376147,-0.031367321050782423,-0.02890934968715469,True
3762,0.7936507936507936,0.9206349206349206,0.3267945748418494,-0.03665157025443852,-0.022177200351629255,True
3763,0.8095238095238095,0.9206349206349206,0.3142164609648788,-0.04321617949806725,-0.01483291713629596,True
3764,0.8253968253968254,0.9206349206349206,0.30029907340554335,-0.05154253627945799,-0.00672408674517542,True
3765,0.8412698412698412,0.9206349206349206,0.2846543223435797,-0.0625931426280258,0.002290819617944976,True
3766,0.8571428571428571,0.9206349206349206,0.2667641482083219,-0.07741100776240466,0.012480077514905184,True
3767,0.873015873015873,0.9206349206349206,0.24599303929811273,-0.09780399102348923,0.02414154909925344,True
3768,0.8888888888888888,0.9206349206349206,0.22123142898070447,-0.12602499073850323,0.03763504972751321,True
3769,0.9047619047619047,0.9206349206349206,0.19115781687983444,-0.1655316673133075,0.053308062467502686,True
3770,0.9206349206349206,0.9206349206349206,0.1540667506978421,-0.2214116954913503,0.07131214770877031,True
3771,0.9365079365079365,0.9206349206349206,0.10792568418307502,-0.30190617589224344,0.09118517785073676,True
3772,0.9523809523809523,0.9206349206349206,0.050666798195583694,-0.4234849893003817,0.11149891939987591,True
3773,0.9682539682539681,0.9206349206349206,-0.011324497292807108,-0.6003176646303747,0.12901617728688589,True
3774,0.9841269841269841,0.9206349206349206,-0.028687715084935773,-0.6279339970667915,0.1385414417569235,True
3775,1.0,0.9206349206349206,1.5375913850961506e-06,8.053958871210635e-05,0.1370402839354218,True
3776,0.0,0.9365079365079365,-8.2269093010406e-06,9.46011034246133e-05,-0.027494134833530578,True
3777,0.015873015873015872,0.9365079365079365,-0.018928870030640588,0.07106587248541082,-0.029342577223991705,True
3778,0.031746031746031744,0.9365079365079365,-0.049717153567410306,0.09839998793850115,-0.029275880068554885,True
3779,0.047619047619047616,0.9365079365079365,-0.07274036067394195,0.10416103753208707,-0.027790104134561067,True
3780,0.06349206349206349,0.9365079365079365,-0.08453554676101073,0.10349972485179994,-0.025243161532423695,True
3781,0.07936507936507936,0.9365079365079365,-0.0864548314447752,0.10179224352509858,-0.021845973453693723,True
3782,0.09523809523809523,0.9365079365079365,-0.08035242692384018,0.10068178492839004,-0.01787882087127782,True
3783,0.1111111111111111,0.9365079365079365,-0.0678946373212226,0.10037344158462609,-0.013657093840342905,True
3784,0.12698412698412698,0.9365079365079365,-0.05036820055818141,0.1006685889284832,-0.009513660928174754,True
3785,0.14285714285714285,0.9365079365079365,-0.029074387238430557,0.10123273858139356,-0.005745557715720408,True
3786,0.15873015873015872,0.9365079365079365,-0.004842615355929547,0.10173097980772854,-0.0026181917403018725,True
3787,0.1746031746031746,0.9365079365079365,0.02135611911071844,0.10193651872974713,-0.00032113377617391526,True
3788,0.19047619047619047,0.9365079365079365,0.048697241512142525,0.10167675546800685,0.0010361849293892458,True
3789,0.20634920634920634,0.9365079365079365,0.0767442647771056,0.1008087715629525,0.0013855808029665639,True
3790,0.2222222222222222,0.9365079365079365,0.10488177036148184,0.09931812015298087,0.0007339559525932738,True
3791,0.23809523809523808,0.9365079365079365,0.13259094748757888,0.09722998634671025,-0.0008468581340504584,True
3792,0.25396825396825395,0.9365079365079365,0.15975072816714322,0.09457766633318619,-0.0032979901779975475,True
3793,0.2698412698412698,0.9365079365079365,0.18599343967248613,0.09140736688292266,-0.0065034072801230846,True
3794,0.2857142857142857,0.9365079365079365,0.21114457506826148,0.08785774717528136,-0.010324408294393912,True
3795,0.30158730158730157,0.9365079365079365,0.23507603381465442,0.08394243625222166,-0.014649784650733763,True
3796,0.31746031746031744,0.9365079365079365,0.25775232295344885,0.07974777301104154,-0.019350695304643385,True
3797,0.3333333333333333,0.9365079365079365,0.27902738491940166,0.07536897265484946,-0.02429009459084647,True
3798,0.3492063492063492,0.9365079365079365,0.29891827136277954,0.07085864939552801,-0.029354962431553593,True
3799,0.36507936507936506,0.9365079365079365,0.3173400047714557,0.06628276187846302,-0.03443318695161368,True
3800,0.38095238095238093,0.9365079365079365,0.33434213301454796,0.061695236168855694,-0.03943190846198939,True
3801,0.3968253968253968,0.9365079365079365,0.3499820837526757,0.05713188518771832,-0.044262427723599194,True
3802,0.4126984126984127,0.9365079365079365,0.3642953729567065,0.05263266154871771,-0.04884694913509017,True
3803,0.42857142857142855,0.9365079365079365,0.37713380152485465,0.04818928826454036,-0.05312477622046422,True
3804,0.4444444444444444,0.9365079365079365,0.38884240941201476,0.043911031853552926,-0.05704346036075354,True
3805,0.4603174603174603,0.9365079365079365,0.39922364716198316,0.03970019062499171,-0.06054898829824073,True
3806,0.47619047619047616,0.9365079365079365,0.40834052064913207,0.03567542310761428,-0.0636373743467695,True
3807,0.49206349206349204,0.9365079365079365,0.4163624555067688,0.0317664177448839,-0.0662476081313604,True
3808,0.5079365079365079,0.9365079365079365,0.42337171612282587,0.028004046396131296,-0.06835908164846542,True
3809,0.5238095238095237,0.9365079365079365,0.42914928102637734,0.024378174504340756,-0.06998279774529666,True
3810,0.5396825396825397,0.9365079365079365,0.4339842745443171,0.020929259431438304,-0.0710956252192152,True
3811,0.5555555555555556,0.9365079365079365,0.4377954015025681,0.017551531771175043,-0.07167337932731253,True
3812,0.5714285714285714,0.9365079365079365,0.4406825092828609,0.01438693728875668,-0.07175149531406032,True
3813,0.5873015873015872,0.9365079365079365,0.44258646530296314,0.011304064558204418,-0.07130193714468132,True
3814,0.6031746031746031,0.9365079365079365,0.44377991821553336,0.008369809139893295,-0.07033017578874998,True
3815,0.6190476190476191,0.9365079365079365,0.4437884485596819,0.0055313455124891674,-0.06886799702621256,True
3816,0.6349206349206349,0.9365079365079365,0.44309309990781315,0.00281460865743636,-0.06689732761836285,True
3817,0.6507936507936507,0.9365079365079365,0.44164296992652496,0.00017522570411390343,-0.06442471646048842,True
3818,0.6666666666666666,0.9365079365079365,0.4393852681269016,-0.002372199292240585,-0.061470726916257136,True
3819,0.6825396825396826,0.9365079365079365,0.4362455332266417,-0.0048698946432508975,-0.05804213781776027,True
3820,0.6984126984126984,0.9365079365079365,0.4324324767372628,-0.007347210006961915,-0.054134734684130284,True
3821,0.7142857142857142,0.9365079365079365,0.42774434620466534,-0.009840252253538587,-0.04976161314176827,True
3822,0.7301587301587301,0.9365079365079365,0.42221321218308083,-0.012402801780745435,-0.044915803063799484,True
3823,0.746031746031746,0.9365079365079365,0.4159455847036124,-0.015130764940024565,-0.039575041574367836,True
3824,0.7619047619047619,0.9365079365079365,0.4088112544387296,-0.01816486766950669,-0.03371385128412875,True
3825,0.7777777777777777,0.9365079365079365,0.40075380969595115,-0.021637156341515456,-0.02727768643903737,True
3826,0.7936507936507936,0.9365079365079365,0.39149263549345725,-0.025790534628940386,-0.020197847154686286,True
3827,0.8095238095238095,0.9365079365079365,0.3810511126472726,-0.030982821976170444,-0.012328442396607778,True
3828,0.8253968253968254,0.9365079365079365,0.36891633494150605,-0.0377032527861817,-0.003524288590191135,True
3829,0.8412698412698412,0.9365079365079365,0.3548341495976875,-0.046622732226726284,0.006504501689016173,True
3830,0.8571428571428571,0.9365079365079365,0.33794783474555046,-0.0586365914438238,0.018066778073010478,True
3831,0.873015873015873,0.9365079365079365,0.31757978570974926,-0.07521018983611334,0.03167035627016552,True
3832,0.8888888888888888,0.9365079365079365,0.29227267708025817,-0.09831146868062277,0.04783180038532056,True
3833,0.9047619047619047,0.9365079365079365,0.26030130645711697,-0.13097355706389563,0.06715568549319266,True
3834,0.9206349206349206,0.9365079365079365,0.21920668902756552,-0.17762651974004792,0.09014772682257571,True
3835,0.9365079365079365,0.9365079365079365,0.16607582276068916,-0.2461764786193762,0.11672143206768247,True
3836,0.9523809523809523,0.9365079365079365,0.09755402435344747,-0.3534404652232905,0.14532477109982,True
3837,0.9682539682539681,0.9365079365079365,0.014359583854422984,-0.5335834367187386,0.17168694686340544,True
3838,0.9841269841269841,0.9365079365079365,-0.030381353900745797,-0.6462951835085611,0.18754827480461553,True
3839,1.0,0.9365079365079365,4.923271719281088e-06,0.0002894916431615893,0.18676662657727355,True
3840,0.0,0.9523809523809523,-2.5044894539901566e-06,-6.540791299011278e-05,-0.031955359847511224,True
3841,0.015873015873015872,0.9523809523809523,-0.032642414564342935,0.10983577796864706,-0.03485108224914514,True
3842,0.031746031746031744,0.9523809523809523,-0.07518386839076839,0.13015063144279676,-0.03371786467089037,True
3843,0.047619047619047616,0.9523809523809523,-0.09868342997205702,0.12082788695042519,-0.030689780595495906,True
3844,0.06349206349206349,0.9523809523809523,-0.10545357004300396,0.1076930216950283,-0.026732113215576492,True
3845,0.07936507936507936,0.9523809523809523,-0.10121125155424063,0.09684361877397774,-0.022205081675534498,True
3846,0.09523809523809523,0.9523809523809523,-0.08900477708022325,0.088733347843642,-0.017349611455150585,True
3847,0.1111111111111111,0.9523809523809523,-0.07149744815671018,0.08315210214757468,-0.012476986787726376,True
3848,0.12698412698412698,0.9523809523809523,-0.04987638790431783,0.07939154983421637,-0.007860471329794385,True
3849,0.14285714285714285,0.9523809523809523,-0.025118138511672994,0.07692210976480024,-0.0037748944740420365,True
3850,0.15873015873015872,0.9523809523809523,0.0018606079117342393,0.07527367269187618,-0.0004359717890721951,True
3851,0.1746031746031746,0.9523809523809523,0.02998598534847158,0.07406472917926848,0.002007021314416691,True
3852,0.19047619047619047,0.9523809523809523,0.05934248277400328,0.07297830519299732,0.003440798779348221,True
3853,0.20634920634920634,0.9523809523809523,0.08894724206415963,0.0718367539184159,0.0038457854497289156,True
3854,0.2222222222222222,0.9523809523809523,0.11875680033633168,0.07049416797782058,0.0032264950172184925,True
3855,0.23809523809523808,0.9523809523809523,0.1481260959290207,0.06888481693656465,0.0016502522173674314,True
3856,0.25396825396825395,0.9523809523809523,0.17696483954339348,0.06698509937874886,-0.0008031742735720106,True
3857,0.2698412698412698,0.9523809523809523,0.20496583808057786,0.06478261224621568,-0.004017631289112798,True
3858,0.2857142857142857,0.9523809523809523,0.23204704361168557,0.06233357826820651,-0.007869040020833985,True
3859,0.30158730158730157,0.9523809523809523,0.2578292745324015,0.05964381129125627,-0.012226246557464291,True
3860,0.31746031746031744,0.9523809523809523,0.2824872043510266,0.0567612593625816,-0.016964753442149868,True
3861,0.3333333333333333,0.9523809523809523,0.30586536389943114,0.053729750604185805,-0.0219556487697859,True
3862,0.3492063492063492,0.9523809523809523,0.3278699196994888,0.050638054592214404,-0.027079331285511408,True
3863,0.36507936507936506,0.9523809523809523,0.348557080113858,0.047426283976425745,-0.032226376172847813,True
3864,0.38095238095238093,0.9523809523809523,0.36805849741016333,0.04422798660052922,-0.03729805626340051,True
3865,0.3968253968253968,0.9523809523809523,0.38582453122527677,0.04102518617843679,-0.04221044509821055,True
3866,0.4126984126984127,0.9523809523809523,0.40246240615888346,0.03784537183335194,-0.04688062126561557,True
3867,0.42857142857142855,0.9523809523809523,0.41797634104541836,0.034733741155899375,-0.05124305659187627,True
3868,0.4444444444444444,0.9523809523809523,0.43194985369217764,0.03167131084968943,-0.055250456738973004,True
3869,0.4603174603174603,0.9523809523809523,0.4446737961815239,0.028724858751353995,-0.058860816021710706,True
3870,0.47619047619047616,0.9523809523809523,0.45625168147921535,0.02585693770539804,-0.062026248593521544,True
3871,0.49206349206349204,0.9523809523809523,0.4668561574039956,0.023080582707155337,-0.06471131232600112,True
3872,0.5079365079365079,0.9523809523809523,0.4760305986388211,0.020419714691785558,-0.06692678978077565,True
3873,0.5238095238095237,0.9523809523809523,0.4842334579950592,0.01786207413188466,-0.06862470381939667,True
3874,0.5396825396825397,0.9523809523809523,0.49146639137781106,0.01539115981822613,-0.06979479846758206,True
3875,0.5555555555555556,0.9523809523809523,0.4974757598024221,0.013068949539342255,-0.07046680963189754,True
3876,0.5714285714285714,0.9523809523809523,0.5026030722652175,0.010806091172993384,-0.07059891020113075,True
3877,0.5873015873015872,0.9523809523809523,0.5067774668266338,0.008675103027009886,-0.07021482809860942,True
3878,0.6031746031746031,0.9523809523809523,0.5100379257793963,0.006630313549669097,-0.06930765456407449,True
3879,0.6190476190476191,0.9523809523809523,0.5123585333655764,0.004643678451532114,-0.06788541934360394,True
3880,0.6349206349206349,0.9523809523809523,0.513875902766546,0.002786086620299953,-0.06595778124115236,True
3881,0.6507936507936507,0.9523809523809523,0.5144864975365981,0.0009664042474490355,-0.06352708385036761,True
3882,0.6666666666666666,0.9523809523809523,0.5142861965371747,-0.0007715882902247636,-0.06060412895878093,True
3883,0.6825396825396826,0.9523809523809523,0.5132233006415093,-0.0024736542821061232,-0.05719320445452348,True
3884,0.6984126984126984,0.9523809523809523,0.5115067278591648,-0.004163140586168822,-0.053284526671426156,True
3885,0.7142857142857142,0.9523809523809523,0.5088597873139331,-0.005857674374098943,-0.04889181684015921,True
3886,0.7301587301587301,0.9523809523809523,0.5053862182197998,-0.007600756016998246,-0.043994476853051606,True
3887,0.746031746031746,0.9523809523809523,0.5011035746250219,-0.009472124547604828,-0.038563155564117914,True
3888,0.7619047619047619,0.9523809523809523,0.4959312809194379,-0.011564267041792088,-0.032554528306437215,True
3889,0.7777777777777777,0.9523809523809523,0.489710014073826,-0.013981789435016533,-0.025898580386986635,True
3890,0.7936507936507936,0.9523809523809523,0.48235102794532003,-0.016924222838150323,-0.01848196393926673,True
3891,0.8095238095238095,0.9523809523809523,0.4735893947503726,-0.02063256921974575,-0.010142594851200155,True
3892,0.8253968253968254,0.9523809523809523,0.463081446546046,-0.02545503031261264,-0.0006423478741731175,True
3893,0.8412698412698412,0.9523809523809523,0.4503585194511981,-0.03190045253236035,0.01036252086415995,True
3894,0.8571428571428571,0.9523809523809523,0.43450942564482775,-0.040639792081351135,0.02329306694281767,True
3895,0.873015873015873,0.9523809523809523,0.4146425317887998,-0.05272736826276783,0.038811368481059726,True
3896,0.8888888888888888,0.9523809523809523,0.3891335726496037,-0.06961047677534289,0.057711853118492314,True
3897,0.9047619047619047,0.9523809523809523,0.3557720246652273,-0.09361914118998464,0.08096268313086785,True
3898,0.9206349206349206,0.9523809523809523,0.3114432869950207,-0.12867729795437702,0.10952675717437226,True
3899,0.9365079365079365,0.9523809523809523,0.25177845351365225,-0.18147656860174036,0.14428925111676297,True
3900,0.9523809523809523,0.9523809523809523,0.1709672258726447,-0.26789938182770345,0.18443363053302994,True
3901,0.9682539682539681,0.9523809523809523,0.06266707485394561,-0.4322246665882836,0.22585743179009454,True
3902,0.9841269841269841,0.9523809523809523,-0.029222878275268743,-0.6422936085369294,0.25534757658862167,True
3903,1.0,0.9523809523809523,1.643266305577773e-06,0.00027846678487685773,0.2568993375913999,True
3904,0.0,0.9682539682539681,4.5541851518287586e-05,-0.0007202013366740435,-0.044236475270623056,True
3905,0.015873015873015872,0.9682539682539681,-0.05890822294804247,0.16867392567479816,-0.0480195975430234,True
3906,0.031746031746031744,0.9682539682539681,-0.09967145332189668,0.15787006427355357,-0.04187445732603921,True
3907,0.047619047619047616,0.9682539682539681,-0.09841244271652509,0.12427221333772362,-0.035046361536666584,True
3908,0.06349206349206349,0.9682539682539681,-0.07961704009294372,0.09813343839093032,-0.028785830663062312,True
3909,0.07936507936507936,0.9682539682539681,-0.053772245159796804,0.07988362558368499,-0.02279971275467726,True
3910,0.09523809523809523,0.9682539682539681,-0.024676728633374445,0.06726418389995778,-0.017006026664557132,True
3911,0.1111111111111111,0.9682539682539681,0.005067777468791921,0.058637486990772154,-0.011525104372302426,True
3912,0.12698412698412698,0.9682539682539681,0.03538970801581232,0.05275232223743634,-0.006527354486024759,True
3913,0.14285714285714285,0.9682539682539681,0.06591963617611783,0.0487661363746226,-0.0022063158088051317,True
3914,0.15873015873015872,0.9682539682539681,0.0966833351458843,0.04606232579837529,0.0012685707400255514,True
3915,0.1746031746031746,0.9682539682539681,0.12723268592560905,0.044168738587479266,0.00378085699892348,True
3916,0.19047619047619047,0.9682539682539681,0.15806926479263098,0.04276344313278647,0.005249636184557615,True
3917,0.20634920634920634,0.9682539682539681,0.18829286412110263,0.041597343248920456,0.005673330978132434,True
3918,0.2222222222222222,0.9682539682539681,0.21828076788018663,0.04051217067202433,0.005068416373156434,True
3919,0.23809523809523808,0.9682539682539681,0.2480358758403615,0.039415568473169044,0.0034894896841599324,True
3920,0.25396825396825395,0.9682539682539681,0.2769748907528289,0.03821724349202519,0.0010403179305030306,True
3921,0.2698412698412698,0.9682539682539681,0.305214847193753,0.036899605258370466,-0.002177218894316416,True
3922,0.2857142857142857,0.9682539682539681,0.33251192106608884,0.035469107794947365,-0.0060364922143782964,True
3923,0.30158730158730157,0.9682539682539681,0.3588502501852104,0.033907973595368804,-0.010411624174272303,True
3924,0.31746031746031744,0.9682539682539681,0.3836829786566849,0.03223703553886152,-0.015164352369009993,True
3925,0.3333333333333333,0.9682539682539681,0.4076908784922495,0.030482770511816117,-0.020182766576027255,True
3926,0.3492063492063492,0.9682539682539681,0.4302276795519647,0.028669964493576904,-0.025339428821690366,True
3927,0.36507936507936506,0.9682539682539681,0.45181045789285595,0.02681168495595662,-0.030527452942319035,True
3928,0.38095238095238093,0.9682539682539681,0.47186824909340586,0.02493221376386273,-0.035646667322288224,True
3929,0.3968253968253968,0.9682539682539681,0.4904799591903313,0.02308659565834421,-0.04060934024851511,True
3930,0.4126984126984127,0.9682539682539681,0.5080061310231603,0.02120327323821001,-0.045335218427714874,True
3931,0.42857142857142855,0.9682539682539681,0.5240730070466074,0.019392165153031927,-0.049763148589432,True
3932,0.4444444444444444,0.9682539682539681,0.5390560286275149,0.017646038875384903,-0.05382879752352276,True
3933,0.4603174603174603,0.9682539682539681,0.5526982467348345,0.01587708890840113,-0.057492981754057766,True
3934,0.47619047619047616,0.9682539682539681,0.5649547349616082,0.014241007624158156,-0.060725395008891285,True
3935,0.49206349206349204,0.9682539682539681,0.5762002365087232,0.01263069282793755,-0.06347947468994648,True
3936,0.5079365079365079,0.9682539682539681,0.5862433009601395,0.011099640957388966,-0.06574789958249522,True
3937,0.5238095238095237,0.9682539682539681,0.5950050259028803,0.009630535959044046,-0.0675152164457877,True
3938,0.5396825396825397,0.9682539682539681,0.603009639929476,0.00823306665559922,-0.06874081107004418,True
3939,0.5555555555555556,0.9682539682539681,0.6096659600024861,0.006905323056713767,-0.06946887126419884,True
3940,0.5714285714285714,0.9682539682539681,0.6154184874368549,0.005651317354935355,-0.06966224153707264,True
3941,0.5873015873015872,0.9682539682539681,0.6203398631534772,0.00447287064054108,-0.06931999354591294,True
3942,0.6031746031746031,0.9682539682539681,0.6241880471041543,0.0033017070033751054,-0.06846763800333072,True
3943,0.6190476190476191,0.9682539682539681,0.6271739662715932,0.0022603155653939163,-0.06709659106382156,True
3944,0.6349206349206349,0.9682539682539681,0.6294247355969227,0.0012237975553410522,-0.0652020014147439,True
3945,0.6507936507936507,0.9682539682539681,0.6307488811396249,0.00025658306693076356,-0.06281139011110677,True
3946,0.6666666666666666,0.9682539682539681,0.6312921073081305,-0.0006914462806020775,-0.059916709341244316,True
3947,0.6825396825396826,0.9682539682539681,0.6310793424287059,-0.0015962431608360626,-0.05652245020190904,True
3948,0.6984126984126984,0.9682539682539681,0.6301784369835669,-0.0024980176768096014,-0.05262243758770469,True
3949,0.7142857142857142,0.9682539682539681,0.6284933042401126,-0.003399170680313264,-0.048214166875803995,True
3950,0.7301587301587301,0.9682539682539681,0.625966747674815,-0.004339487156324367,-0.043282998007106895,True
3951,0.746031746031746,0.9682539682539681,0.6227417086539077,-0.005359847986400751,-0.03777920231274083,True
3952,0.7619047619047619,0.9682539682539681,0.6186686775160398,-0.006507123793808608,-0.03165083325886733,True
3953,0.7777777777777777,0.9682539682539681,0.6136182487475863,-0.007869088620322429,-0.024809510951822482,True
3954,0.7936507936507936,0.9682539682539681,0.6074148966184599,-0.009550105432555819,-0.017121939114399663,True
3955,0.8095238095238095,0.9682539682539681,0.5998762419973463,-0.011697713473470074,-0.008380729233856205,True
3956,0.8253968253968254,0.9682539682539681,0.5905554457298305,-0.014537180612417782,0.0016839702565885613,True
3957,0.8412698412698412,0.9682539682539681,0.5790330062242023,-0.01833646925858486,0.013502235806175059,True
3958,0.8571428571428571,0.9682539682539681,0.5644206977269633,-0.023579016108184914,0.027594235004171568,True
3959,0.873015873015873,0.9682539682539681,0.5456096946213986,-0.030769414576809977,0.04475410339719406,True
3960,0.8888888888888888,0.9682539682539681,0.5209986344057039,-0.04088537969536018,0.06600668068428935,True
3961,0.9047619047619047,0.9682539682539681,0.48816126552618,-0.05532773399414355,0.09271481607275436,True
3962,0.9206349206349206,0.9682539682539681,0.4434650756335583,-0.07657037917227247,0.1266315638684062,True
3963,0.9365079365079365,0.9682539682539681,0.38137915514949566,-0.10959645271259921,0.16991465771711672,True
3964,0.9523809523809523,0.9682539682539681,0.2925266540965611,-0.1672500105821543,0.2244504214173003,True
3965,0.9682539682539681,0.9682539682539681,0.15981345324828877,-0.28989238043497717,0.29070922937139926,True
3966,0.9841269841269841,0.9682539682539681,-0.01051999593927354,-0.5747895714610308,0.3540218236202651,True
3967,1.0,0.9682539682539681,9.210066464186147e-05,0.0012298585385691477,0.36621001882128285,True
3968,0.0,0.9841269841269841,0.000847277676907358,0.00019395870924680434,-0.08657100548787755,True
3969,0.015873015873015872,0.9841269841269841,-0.09456117794940447,0.2168379458889023,-0.07637777644556987,True
3970,0.031746031746031744,0.9841269841269841,-0.012944132398835302,0.1257441543146349,-0.048256120044047356,True
3971,0.047619047619047616,0.9841269841269841,0.08305194564569841,0.077138278330812,-0.03540111407576513,True
3972,0.06349206349206349,0.9841269841269841,0.15959949039587548,0.052032868901824576,-0.02742813913760295,True
3973,0.07936507936507936,0.9841269841269841,0.2205691697144729,0.03774871761987223,-0.02095034585077816,True
3974,0.09523809523809523,0.9841269841269841,0.2700469172413288,0.02901342898424671,-0.015063576405954513,True
3975,0.1111111111111111,0.9841269841269841,0.3101494423987159,0.023484266352671614,-0.00963198977319457,True
3976,0.12698412698412698,0.9841269841269841,0.3450027395360328,0.019912828317968655,-0.004730320426151545,True
3977,0.14285714285714285,0.9841269841269841,0.3756913642014213,0.017552568122805267,-0.0005102978664823671,True
3978,0.15873015873015872,0.9841269841269841,0.40396866930771624,0.015996194886310443,0.0028729740938583936,True
3979,0.1746031746031746,0.9841269841269841,0.43044743442606753,0.014945903468725503,0.0053077493336373596,True
3980,0.19047619047619047,0.9841269841269841,0.4555437840069067,0.014202642208722869,0.006727689614299392,True
3981,0.20634920634920634,0.9841269841269841,0.47976217944665317,0.013631002442439505,0.007112747342228387,True
3982,0.2222222222222222,0.9841269841269841,0.5033499195651794,0.013162384321746424,0.00647902659277996,True
3983,0.23809523809523808,0.9841269841269841,0.5257827100494573,0.012700790425984593,0.0049018138263956885,True
3984,0.25396825396825395,0.9841269841269841,0.547803259267669,0.012240314621029215,0.0024493853860310037,True
3985,0.2698412698412698,0.9841269841269841,0.5689169481518362,0.011768279622612477,-0.0007671352226208229,True
3986,0.2857142857142857,0.9841269841269841,0.589627841934123,0.011223676866376675,-0.004621799639208959,True
3987,0.30158730158730157,0.9841269841269841,0.6088636670244151,0.010692723627111798,-0.008998647239821076,True
3988,0.31746031746031744,0.9841269841269841,0.6276577411225291,0.010092158160273462,-0.013763354179569517,True
3989,0.3333333333333333,0.9841269841269841,0.6453131229512309,0.00947819399954155,-0.018793915782652944,True
3990,0.3492063492063492,0.9841269841269841,0.6619229618716834,0.00884358550768881,-0.023971238348405643,True
3991,0.36507936507936506,0.9841269841269841,0.6774873628494816,0.008219814839092393,-0.029186055087459587,True
3992,0.38095238095238093,0.9841269841269841,0.6919846816830562,0.0075635903279952935,-0.03433993617609193,True
3993,0.3968253968253968,0.9841269841269841,0.7054892876403914,0.006920124670182434,-0.03934095325644296,True
3994,0.4126984126984127,0.9841269841269841,0.717763374642529,0.006306497607974417,-0.044113113095659996,True
3995,0.42857142857142855,0.9841269841269841,0.7292111990404484,0.005685200458538152,-0.04858498776394569,True
3996,0.4444444444444444,0.9841269841269841,0.7394949191259624,0.005108036825058671,-0.05270117931757357,True
3997,0.4603174603174603,0.9841269841269841,0.7487789815718842,0.0045399667524194,-0.05641750702718724,True
3998,0.47619047619047616,0.9841269841269841,0.7570067121875065,0.003994457379903956,-0.059705421719273975,True
3999,0.49206349206349204,0.9841269841269841,0.764421701215504,0.003459496611319712,-0.06252585216596893,True
4000,0.5079365079365079,0.9841269841269841,0.7708629806351028,0.002986002532282362,-0.06484479570407037,True
4001,0.5238095238095237,0.9841269841269841,0.7765278923363328,0.0025211271490444467,-0.06665196611939672,True
4002,0.5396825396825397,0.9841269841269841,0.781287639972296,0.0020772152332753564,-0.06795872553568164,True
4003,0.5555555555555556,0.9841269841269841,0.785342391730509,0.0016681933856291411,-0.0687271296067218,True
4004,0.5714285714285714,0.9841269841269841,0.7887057116376878,0.0012898055392143435,-0.06895836909743773,True
4005,0.5873015873015872,0.9841269841269841,0.7912845867757652,0.0009223156827229994,-0.06868597740523597,True
4006,0.6031746031746031,0.9841269841269841,0.7932804073189489,0.0005838559938239736,-0.0678746162413718,True
4007,0.6190476190476191,0.9841269841269841,0.7946882433670844,0.00027437182491576935,-0.06653513473994711,True
4008,0.6349206349206349,0.9841269841269841,0.7954965985611558,-3.615806822743461e-05,-0.06469246387840916,True
4009,0.6507936507936507,0.9841269841269841,0.7957267904997718,-0.00030768149753680654,-0.06233488344803398,True
4010,0.6666666666666666,0.9841269841269841,0.7954565297229269,-0.0005843562593712533,-0.05947321106163895,True
4011,0.6825396825396826,0.9841269841269841,0.7946659974263174,-0.0008464816628820096,-0.05610596240481061,True
4012,0.6984126984126984,0.9841269841269841,0.7933753176256491,-0.001102307878224724,-0.05223029181928404,True
4013,0.7142857142857142,0.9841269841269841,0.7916328018852512,-0.0013707863659466646,-0.0478276679545986,True
4014,0.7301587301587301,0.9841269841269841,0.7894682189047287,-0.0016530286877850004,-0.042871346604657946,True
4015,0.746031746031746,0.9841269841269841,0.7866136986012877,-0.001966599415111097,-0.037345022720690034,True
4016,0.7619047619047619,0.9841269841269841,0.7832973307713953,-0.0023385536044589683,-0.031150224548930974,True
4017,0.7777777777777777,0.9841269841269841,0.7792341392730909,-0.0027815927129347983,-0.024208575514066653,True
4018,0.7936507936507936,0.9841269841269841,0.7742685920480856,-0.003355405913084733,-0.01636486754314228,True
4019,0.8095238095238095,0.9841269841269841,0.7682761816327046,-0.004119815950992398,-0.00739105622661398,True
4020,0.8253968253968254,0.9841269841269841,0.760957541826497,-0.005125275043054298,0.003031148692335372,True
4021,0.8412698412698412,0.9841269841269841,0.7517417849615656,-0.0064902865749610385,0.015329048116666973,True
4022,0.8571428571428571,0.9841269841269841,0.7400329886821588,-0.008388801688999737,0.030140422267258108,True
4023,0.873015873015873,0.9841269841269841,0.7247264193286057,-0.010997087771829837,0.04828332983704504,True
4024,0.8888888888888888,0.9841269841269841,0.7046501016584118,-0.014633861816060145,0.07098200831281394,True
4025,0.9047619047619047,0.9841269841269841,0.6775309825655685,-0.019871290212772813,0.09982845112549021,True
4026,0.9206349206349206,0.9841269841269841,0.6404277190992226,-0.027570721538321113,0.13718389191904606,True
4027,0.9365079365079365,0.9841269841269841,0.5880670574259298,-0.03978346600477634,0.18653062386039376,True
4028,0.9523809523809523,0.9841269841269841,0.5101515258347139,-0.062096103584425674,0.25378876441214004,True
4029,0.9682539682539681,0.9841269841269841,0.3809626537928457,-0.11678494670594684,0.3504768079665412,True
4030,0.9841269841269841,0.9841269841269841,0.11603991757964927,-0.34027969612605974,0.4997894975894267,True
4031,1.0,0.9841269841269841,0.00039855886096993974,-0.0002773811514105544,0.5866191336201387,True
4032,0.0,1.0,0.0,0.0,-1.1203639791537985,True
4033,0.015873015873015872,1.0,0.9917388466882782,-0.0006828279665935374,-0.03271216530139822,True
4034,0.031746031746031744,1.0,1.0009279119302652,-0.00020964646397850453,-0.029073933135144205,True
4035,0.047619047619047616,1.0,1.0006607238128875,-4.9309168005414056e-05,-0.023769197451696755,True
4036,0.06349206349206349,1.0,0.9997813851802333,-3.312328550967288e-05,-0.019912495490080916,True
4037,0.07936507936507936,1.0,0.9998327741375129,-1.792358137381242e-05,-0.01571516230435933,True
4038,0.09523809523809523,1.0,0.9997665111275104,-1.6943966278955447e-05,-0.011203622627013934,True
4039,0.1111111111111111,1.0,1.0000466070323641,-1.2692174629669144e-05,-0.006639182852816905,True
4040,0.12698412698412698,1.0,0.9999485708345403,-8.691874500396397e-06,-0.0023084951519274878,True
4041,0.14285714285714285,1.0,1.000088041550042,-7.578827389470101e-06,0.0015254890505505044,True
4042,0.15873015873015872,1.0,1.000262046324615,-3.840236334378001e-06,0.004654074164942085,True
4043,0.1746031746031746,1.0,0.9999414278813894,-5.5809502666364794e-06,0.006917414680240115,True
4044,0.19047619047619047,1.0,0.9998838509442989,-1.946716294105712e-06,0.008227502012362973,True
4045,0.20634920634920634,1.0,1.0000373087055248,-4.614328562968711e-06,0.008531835340036691,True
4046,0.2222222222222222,1.0,1.0002319410637628,-3.990172422203098e-06,0.007850678483631779,True
4047,0.23809523809523808,1.0,0.9998724007636305,-3.767510686458469e-06,0.006220113393571875,True
4048,0.25396825396825395,1.0,1.0000259467142678,-3.4006056610488905e-06,0.0037398899113279646,True
4049,0.2698412698412698,1.0,1.0000266612707203,1.421269255269809e-06,0.0004879619000166907,True
4050,0.2857142857142857,1.0,1.000138284077505,-2.766259441043172e-06,-0.003403167384489695,True
4051,0.30158730158730157,1.0,0.9998629663625789,-5.046450212480574e-06,-0.007811504517717097,True
4052,0.31746031746031744,1.0,0.9999950896888952,-1.981870301062631e-06,-0.01261835549825558,True
4053,0.3333333333333333,1.0,0.9999634183656256,-1.751248070453919e-06,-0.01769438543866852,True
4054,0.3492063492063492,1.0,1.0001810801524522,-2.3084595628531575e-06,-0.02292147855339038,True
4055,0.36507936507936506,1.0,0.9998833116961306,-2.90977139713172e-06,-0.028188767581937,True
4056,0.38095238095238093,1.0,1.0000796227614628,4.263832141871867e-07,-0.03339797665819252,True
4057,0.3968253968253968,1.0,1.0000798393798167,-1.9424194700440533e-06,-0.038452456786036454,True
4058,0.4126984126984127,1.0,0.9999494352477865,-1.2111612094928823e-06,-0.043279240983648264,True
4059,0.42857142857142855,1.0,0.9999645957065378,7.55263826980868e-07,-0.04781826303531817,True
4060,0.4444444444444444,1.0,1.0001026483841289,-2.5343739449007113e-06,-0.05199430969545939,True
4061,0.4603174603174603,1.0,0.999928303388822,-1.3103712439421316e-06,-0.05577350074252273,True
4062,0.47619047619047616,1.0,1.0000315823746047,-7.088516123861153e-08,-0.059117231158926226,True
4063,0.49206349206349204,1.0,1.000036076957059,-8.617855559506499e-07,-0.061976583639049065,True
4064,0.5079365079365079,1.0,0.9999811853523211,-7.271994254943722e-07,-0.06435508813241345,True
4065,0.5238095238095237,1.0,1.0000132065101115,2.8490156220194707e-07,-0.06622317270924581,True
4066,0.5396825396825397,1.0,1.0000047796514837,-1.2818707501308591e-06,-0.06757348245838445,True
4067,0.5555555555555556,1.0,1.0000149219049073,-6.803811730814668e-07,-0.06838695556707398,True
4068,0.5714285714285714,1.0,1.0000034118497554,-3.897013027863985e-07,-0.06866381776057805,True
4069,0.5873015873015872,1.0,0.9999981921715237,-3.789024509440409e-07,-0.06842285027754574,True
4070,0.6031746031746031,1.0,0.9999974710847163,1.2268602008451918e-07,-0.06766193292111007,True
4071,0.6190476190476191,1.0,1.0000010035216118,-5.637979872370263e-07,-0.06636881331870033,True
4072,0.6349206349206349,1.0,0.9999815691125524,-6.844365777582518e-08,-0.06454934360524091,True
4073,0.6507936507936507,1.0,1.0000123427274987,-4.7314968976229976e-08,-0.062230837644299014,True
4074,0.6666666666666666,1.0,0.9999831142097937,3.0604370944721767e-09,-0.05939847443982965,True
4075,0.6825396825396826,1.0,0.9999854252885633,7.468126784887728e-08,-0.05605783127195774,True
4076,0.6984126984126984,1.0,0.9999808673960427,1.539196195528311e-07,-0.05220735575672652,True
4077,0.7142857142857142,1.0,0.9999508762113908,3.521194693145215e-07,-0.04782557011362366,True
4078,0.7301587301587301,1.0,1.0000049035662788,2.962297597861156e-07,-0.042891739735559486,True
4079,0.746031746031746,1.0,0.9999853998953825,4.778217245601453e-07,-0.037377195502385,True
4080,0.7619047619047619,1.0,0.9999464127008848,6.280383397043956e-07,-0.031193811556471874,True
4081,0.7777777777777777,1.0,1.0000382938258743,9.736256659529397e-07,-0.024260361710229345,True
4082,0.7936507936507936,1.0,0.9999828261401649,9.60450906110837e-07,-0.016405800361629707,True
4083,0.8095238095238095,1.0,0.9999770684512429,-6.150026987768301e-07,-0.00741537388122986,True
4084,0.8253968253968254,1.0,0.9999437071547702,7.989302067436493e-07,0.0030191871480429217,True
4085,0.8412698412698412,1.0,0.9999118768716628,1.8896050295315274e-06,0.015356212854253818,True
4086,0.8571428571428571,1.0,0.9999726895000807,1.609657025157579e-06,0.030188524163395177,True
4087,0.873015873015873,1.0,0.9999461522935074,3.859431275489182e-06,0.04842334673743362,True
4088,0.8888888888888888,1.0,0.99991867998057,8.780199286304914e-06,0.07119833243625485,True
4089,0.9047619047619047,1.0,0.9998218936099419,7.537653956869224e-06,0.10023837850725656,True
4090,0.9206349206349206,1.0,0.9999984375120917,1.52804308337896e-05,0.13791386690712884,True
4091,0.9365079365079365,1.0,0.9999692234965344,2.5872512673094538e-05,0.1880553124319561,True
4092,0.9523809523809523,1.0,0.9995080104359908,2.8000477674610054e-05,0.25774986844714276,True
4093,0.9682539682539681,1.0,1.0006610010550128,0.00010883273563492823,0.36409631281470956,True
4094,0.9841269841269841,1.0,0.988872100059359,0.00034603309783736255,0.5693436059630795,True
4095,1.0,1.0,0.0,0.0,2.746181691760345,True
